phase,request_index,query_name,latency_ms,rows_returned,ok,error
warmup,0,q1_user_by_id,1.323,1,True,
warmup,1,q2_all_users,15.2498,200,True,
warmup,2,q3_user_by_login,1.2988999999999999,1,True,
warmup,3,q4_sellers_rating,147.7884,100,True,
warmup,4,q5_orders_offset,47.8309,50,True,
warmup,5,q6_products_by_seller,0.36880000000000002,1,True,
warmup,6,q7_products_join_sellers,1.3447,1,True,
warmup,7,q8_order_items_join_products,1.2986,2,True,
warmup,8,q9_orders_items_products_by_user,0.48520000000000002,0,True,
warmup,9,q10_top_sellers_qty,151.4563,20,True,
warmup,10,q11_top_categories,0.3266,0,True,
warmup,11,q1_user_by_id,0.33779999999999999,1,True,
warmup,12,q2_all_users,10.0144,200,True,
warmup,13,q3_user_by_login,0.31059999999999999,1,True,
warmup,14,q4_sellers_rating,49.881500000000003,100,True,
warmup,15,q5_orders_offset,38.405500000000004,50,True,
warmup,16,q6_products_by_seller,0.38540000000000002,1,True,
warmup,17,q7_products_join_sellers,0.4093,0,True,
warmup,18,q8_order_items_join_products,0.85619999999999996,5,True,
warmup,19,q9_orders_items_products_by_user,0.20810000000000001,0,True,
warmup,20,q10_top_sellers_qty,143.40199999999999,20,True,
warmup,21,q11_top_categories,0.33750000000000002,0,True,
warmup,22,q1_user_by_id,0.32519999999999999,1,True,
warmup,23,q2_all_users,10.989100000000001,200,True,
warmup,24,q3_user_by_login,0.41299999999999998,1,True,
warmup,25,q4_sellers_rating,45.033099999999997,100,True,
warmup,26,q5_orders_offset,17.1919,50,True,
warmup,27,q6_products_by_seller,0.3634,1,True,
warmup,28,q7_products_join_sellers,0.34489999999999998,0,True,
warmup,29,q8_order_items_join_products,0.5595,1,True,
warmup,30,q9_orders_items_products_by_user,0.96440000000000003,5,True,
warmup,31,q10_top_sellers_qty,110.7711,20,True,
warmup,32,q11_top_categories,0.24249999999999999,0,True,
warmup,33,q1_user_by_id,0.22869999999999999,1,True,
warmup,34,q2_all_users,6.3262,200,True,
warmup,35,q3_user_by_login,0.30780000000000002,1,True,
warmup,36,q4_sellers_rating,45.818199999999997,100,True,
warmup,37,q5_orders_offset,17.237400000000001,50,True,
warmup,38,q6_products_by_seller,0.26240000000000002,3,True,
warmup,39,q7_products_join_sellers,0.36919999999999997,1,True,
warmup,40,q8_order_items_join_products,0.42080000000000001,1,True,
warmup,41,q9_orders_items_products_by_user,0.075800000000000006,0,True,
warmup,42,q10_top_sellers_qty,106.2572,20,True,
warmup,43,q11_top_categories,0.23000000000000001,0,True,
warmup,44,q1_user_by_id,0.30769999999999997,1,True,
warmup,45,q2_all_users,7.0083000000000002,200,True,
warmup,46,q3_user_by_login,0.2387,1,True,
warmup,47,q4_sellers_rating,43.0077,100,True,
warmup,48,q5_orders_offset,19.2378,50,True,
warmup,49,q6_products_by_seller,0.24210000000000001,1,True,
warmup,50,q7_products_join_sellers,0.91149999999999998,2,True,
warmup,51,q8_order_items_join_products,0.47299999999999998,1,True,
warmup,52,q9_orders_items_products_by_user,0.091899999999999996,0,True,
warmup,53,q10_top_sellers_qty,123.1842,20,True,
warmup,54,q11_top_categories,0.2099,0,True,
warmup,55,q1_user_by_id,0.23119999999999999,1,True,
warmup,56,q2_all_users,8.9093,200,True,
warmup,57,q3_user_by_login,0.26019999999999999,1,True,
warmup,58,q4_sellers_rating,46.839700000000001,100,True,
warmup,59,q5_orders_offset,16.787600000000001,50,True,
warmup,60,q6_products_by_seller,0.25490000000000002,1,True,
warmup,61,q7_products_join_sellers,0.36799999999999999,3,True,
warmup,62,q8_order_items_join_products,0.40660000000000002,1,True,
warmup,63,q9_orders_items_products_by_user,0.55510000000000004,4,True,
warmup,64,q10_top_sellers_qty,106.2127,20,True,
warmup,65,q11_top_categories,0.23519999999999999,0,True,
warmup,66,q1_user_by_id,0.252,1,True,
warmup,67,q2_all_users,6.4090999999999996,200,True,
warmup,68,q3_user_by_login,0.2923,1,True,
warmup,69,q4_sellers_rating,50.668700000000001,100,True,
warmup,70,q5_orders_offset,16.6112,50,True,
warmup,71,q6_products_by_seller,0.1641,0,True,
warmup,72,q7_products_join_sellers,0.38600000000000001,2,True,
warmup,73,q8_order_items_join_products,0.44750000000000001,4,True,
warmup,74,q9_orders_items_products_by_user,0.091899999999999996,0,True,
warmup,75,q10_top_sellers_qty,129.63730000000001,20,True,
warmup,76,q11_top_categories,0.2838,0,True,
warmup,77,q1_user_by_id,0.44550000000000001,1,True,
warmup,78,q2_all_users,5.6262999999999996,200,True,
warmup,79,q3_user_by_login,0.2424,1,True,
warmup,80,q4_sellers_rating,47.903700000000001,100,True,
warmup,81,q5_orders_offset,15.856,50,True,
warmup,82,q6_products_by_seller,0.2452,2,True,
warmup,83,q7_products_join_sellers,0.36580000000000001,4,True,
warmup,84,q8_order_items_join_products,0.41799999999999998,4,True,
warmup,85,q9_orders_items_products_by_user,0.085300000000000001,0,True,
warmup,86,q10_top_sellers_qty,114.8566,20,True,
warmup,87,q11_top_categories,0.2135,0,True,
warmup,88,q1_user_by_id,0.2266,1,True,
warmup,89,q2_all_users,6.1550000000000002,200,True,
warmup,90,q3_user_by_login,0.28110000000000002,1,True,
warmup,91,q4_sellers_rating,49.685499999999998,100,True,
warmup,92,q5_orders_offset,15.9107,50,True,
warmup,93,q6_products_by_seller,0.22439999999999999,1,True,
warmup,94,q7_products_join_sellers,0.35489999999999999,2,True,
warmup,95,q8_order_items_join_products,0.39140000000000003,3,True,
warmup,96,q9_orders_items_products_by_user,0.080000000000000002,0,True,
warmup,97,q10_top_sellers_qty,109.2693,20,True,
warmup,98,q11_top_categories,0.2019,0,True,
warmup,99,q1_user_by_id,0.28160000000000002,1,True,
warmup,100,q2_all_users,12.3264,200,True,
warmup,101,q3_user_by_login,0.34200000000000003,1,True,
warmup,102,q4_sellers_rating,52.984999999999999,100,True,
warmup,103,q5_orders_offset,15.8925,50,True,
warmup,104,q6_products_by_seller,0.1376,0,True,
warmup,105,q7_products_join_sellers,0.41930000000000001,1,True,
warmup,106,q8_order_items_join_products,0.41710000000000003,5,True,
warmup,107,q9_orders_items_products_by_user,0.085199999999999998,0,True,
warmup,108,q10_top_sellers_qty,105.08,20,True,
warmup,109,q11_top_categories,0.16669999999999999,0,True,
warmup,110,q1_user_by_id,0.24909999999999999,1,True,
warmup,111,q2_all_users,5.5579000000000001,200,True,
warmup,112,q3_user_by_login,0.2069,1,True,
warmup,113,q4_sellers_rating,43.706000000000003,100,True,
warmup,114,q5_orders_offset,15.807499999999999,50,True,
warmup,115,q6_products_by_seller,0.24149999999999999,0,True,
warmup,116,q7_products_join_sellers,0.38369999999999999,1,True,
warmup,117,q8_order_items_join_products,0.40629999999999999,4,True,
warmup,118,q9_orders_items_products_by_user,0.090499999999999997,0,True,
warmup,119,q10_top_sellers_qty,117.7132,20,True,
warmup,120,q11_top_categories,0.22850000000000001,0,True,
warmup,121,q1_user_by_id,0.21490000000000001,1,True,
warmup,122,q2_all_users,5.5873999999999997,200,True,
warmup,123,q3_user_by_login,0.22439999999999999,1,True,
warmup,124,q4_sellers_rating,47.432299999999998,100,True,
warmup,125,q5_orders_offset,19.435700000000001,50,True,
warmup,126,q6_products_by_seller,0.2676,1,True,
warmup,127,q7_products_join_sellers,0.4083,1,True,
warmup,128,q8_order_items_join_products,0.44090000000000001,3,True,
warmup,129,q9_orders_items_products_by_user,0.83309999999999995,3,True,
warmup,130,q10_top_sellers_qty,112.3882,20,True,
warmup,131,q11_top_categories,0.1943,0,True,
warmup,132,q1_user_by_id,0.2135,1,True,
warmup,133,q2_all_users,9.2849000000000004,200,True,
warmup,134,q3_user_by_login,0.217,1,True,
warmup,135,q4_sellers_rating,45.4407,100,True,
warmup,136,q5_orders_offset,15.819599999999999,50,True,
warmup,137,q6_products_by_seller,0.13439999999999999,0,True,
warmup,138,q7_products_join_sellers,0.37719999999999998,3,True,
warmup,139,q8_order_items_join_products,0.41870000000000002,2,True,
warmup,140,q9_orders_items_products_by_user,0.085199999999999998,0,True,
warmup,141,q10_top_sellers_qty,109.08150000000001,20,True,
warmup,142,q11_top_categories,0.2167,0,True,
warmup,143,q1_user_by_id,0.24970000000000001,1,True,
warmup,144,q2_all_users,6.1237000000000004,200,True,
warmup,145,q3_user_by_login,0.24929999999999999,1,True,
warmup,146,q4_sellers_rating,44.648899999999998,100,True,
warmup,147,q5_orders_offset,15.736800000000001,50,True,
warmup,148,q6_products_by_seller,0.14330000000000001,0,True,
warmup,149,q7_products_join_sellers,0.3422,1,True,
warmup,150,q8_order_items_join_products,0.72819999999999996,2,True,
warmup,151,q9_orders_items_products_by_user,0.28079999999999999,0,True,
warmup,152,q10_top_sellers_qty,122.9122,20,True,
warmup,153,q11_top_categories,0.2056,0,True,
warmup,154,q1_user_by_id,0.2863,1,True,
warmup,155,q2_all_users,6.0382999999999996,200,True,
warmup,156,q3_user_by_login,0.29999999999999999,1,True,
warmup,157,q4_sellers_rating,48.702100000000002,100,True,
warmup,158,q5_orders_offset,15.7774,50,True,
warmup,159,q6_products_by_seller,0.23139999999999999,1,True,
warmup,160,q7_products_join_sellers,0.34570000000000001,1,True,
warmup,161,q8_order_items_join_products,0.40039999999999998,3,True,
warmup,162,q9_orders_items_products_by_user,0.49130000000000001,2,True,
warmup,163,q10_top_sellers_qty,117.3682,20,True,
warmup,164,q11_top_categories,0.19489999999999999,0,True,
warmup,165,q1_user_by_id,0.3256,1,True,
warmup,166,q2_all_users,5.8657000000000004,200,True,
warmup,167,q3_user_by_login,0.31219999999999998,1,True,
warmup,168,q4_sellers_rating,49.766199999999998,100,True,
warmup,169,q5_orders_offset,19.077500000000001,50,True,
warmup,170,q6_products_by_seller,0.155,0,True,
warmup,171,q7_products_join_sellers,0.1983,0,True,
warmup,172,q8_order_items_join_products,0.51649999999999996,1,True,
warmup,173,q9_orders_items_products_by_user,0.51749999999999996,3,True,
warmup,174,q10_top_sellers_qty,104.8625,20,True,
warmup,175,q11_top_categories,0.2485,0,True,
warmup,176,q1_user_by_id,0.218,1,True,
warmup,177,q2_all_users,8.9548000000000005,200,True,
warmup,178,q3_user_by_login,0.31769999999999998,1,True,
warmup,179,q4_sellers_rating,44.634500000000003,100,True,
warmup,180,q5_orders_offset,15.9665,50,True,
warmup,181,q6_products_by_seller,0.23949999999999999,2,True,
warmup,182,q7_products_join_sellers,0.3795,2,True,
warmup,183,q8_order_items_join_products,0.45129999999999998,1,True,
warmup,184,q9_orders_items_products_by_user,0.62819999999999998,3,True,
warmup,185,q10_top_sellers_qty,108.95999999999999,20,True,
warmup,186,q11_top_categories,0.20660000000000001,0,True,
warmup,187,q1_user_by_id,0.20200000000000001,1,True,
warmup,188,q2_all_users,8.6524999999999999,200,True,
warmup,189,q3_user_by_login,0.26340000000000002,1,True,
warmup,190,q4_sellers_rating,44.8125,100,True,
warmup,191,q5_orders_offset,16.2987,50,True,
warmup,192,q6_products_by_seller,0.26100000000000001,2,True,
warmup,193,q7_products_join_sellers,0.44729999999999998,1,True,
warmup,194,q8_order_items_join_products,0.51459999999999995,4,True,
warmup,195,q9_orders_items_products_by_user,0.26590000000000003,0,True,
warmup,196,q10_top_sellers_qty,107.07550000000001,20,True,
warmup,197,q11_top_categories,0.20100000000000001,0,True,
warmup,198,q1_user_by_id,0.25840000000000002,1,True,
warmup,199,q2_all_users,5.4889000000000001,200,True,
benchmark,1,q1_user_by_id,0.55969999999999998,1,True,
benchmark,2,q1_user_by_id,0.24149999999999999,1,True,
benchmark,3,q1_user_by_id,0.20860000000000001,1,True,
benchmark,4,q1_user_by_id,0.19489999999999999,1,True,
benchmark,5,q1_user_by_id,0.21240000000000001,1,True,
benchmark,6,q1_user_by_id,0.2137,1,True,
benchmark,7,q1_user_by_id,0.18379999999999999,1,True,
benchmark,8,q1_user_by_id,0.17610000000000001,1,True,
benchmark,9,q1_user_by_id,0.20380000000000001,1,True,
benchmark,10,q1_user_by_id,0.19,1,True,
benchmark,11,q1_user_by_id,0.183,1,True,
benchmark,12,q1_user_by_id,0.19969999999999999,1,True,
benchmark,13,q1_user_by_id,0.2031,1,True,
benchmark,14,q1_user_by_id,0.17580000000000001,1,True,
benchmark,15,q1_user_by_id,0.3392,1,True,
benchmark,16,q1_user_by_id,0.2576,1,True,
benchmark,17,q1_user_by_id,0.2157,1,True,
benchmark,18,q1_user_by_id,0.20830000000000001,1,True,
benchmark,19,q1_user_by_id,0.2545,1,True,
benchmark,20,q1_user_by_id,0.27910000000000001,1,True,
benchmark,21,q1_user_by_id,0.247,1,True,
benchmark,22,q1_user_by_id,0.3831,1,True,
benchmark,23,q1_user_by_id,0.23880000000000001,1,True,
benchmark,24,q1_user_by_id,0.1837,1,True,
benchmark,25,q1_user_by_id,0.18010000000000001,1,True,
benchmark,26,q1_user_by_id,0.18690000000000001,1,True,
benchmark,27,q1_user_by_id,0.1842,1,True,
benchmark,28,q1_user_by_id,0.18229999999999999,1,True,
benchmark,29,q1_user_by_id,0.17549999999999999,1,True,
benchmark,30,q1_user_by_id,0.1797,1,True,
benchmark,31,q1_user_by_id,0.1963,1,True,
benchmark,32,q1_user_by_id,0.18090000000000001,1,True,
benchmark,33,q1_user_by_id,0.182,1,True,
benchmark,34,q1_user_by_id,0.1741,1,True,
benchmark,35,q1_user_by_id,0.18140000000000001,1,True,
benchmark,36,q1_user_by_id,0.19220000000000001,1,True,
benchmark,37,q1_user_by_id,0.17860000000000001,1,True,
benchmark,38,q1_user_by_id,0.1777,1,True,
benchmark,39,q1_user_by_id,0.19400000000000001,1,True,
benchmark,40,q1_user_by_id,0.18149999999999999,1,True,
benchmark,41,q1_user_by_id,0.19040000000000001,1,True,
benchmark,42,q1_user_by_id,0.16439999999999999,1,True,
benchmark,43,q1_user_by_id,0.18140000000000001,1,True,
benchmark,44,q1_user_by_id,0.17910000000000001,1,True,
benchmark,45,q1_user_by_id,0.17269999999999999,1,True,
benchmark,46,q1_user_by_id,0.19600000000000001,1,True,
benchmark,47,q1_user_by_id,0.19819999999999999,1,True,
benchmark,48,q1_user_by_id,0.1794,1,True,
benchmark,49,q1_user_by_id,0.17100000000000001,1,True,
benchmark,50,q1_user_by_id,0.21970000000000001,1,True,
benchmark,51,q1_user_by_id,0.26079999999999998,1,True,
benchmark,52,q1_user_by_id,0.23530000000000001,1,True,
benchmark,53,q1_user_by_id,0.25309999999999999,1,True,
benchmark,54,q1_user_by_id,0.184,1,True,
benchmark,55,q1_user_by_id,0.17879999999999999,1,True,
benchmark,56,q1_user_by_id,0.1741,1,True,
benchmark,57,q1_user_by_id,0.17649999999999999,1,True,
benchmark,58,q1_user_by_id,0.23089999999999999,1,True,
benchmark,59,q1_user_by_id,0.311,1,True,
benchmark,60,q1_user_by_id,0.1956,1,True,
benchmark,61,q1_user_by_id,0.30020000000000002,1,True,
benchmark,62,q1_user_by_id,0.20000000000000001,1,True,
benchmark,63,q1_user_by_id,0.2238,1,True,
benchmark,64,q1_user_by_id,0.2283,1,True,
benchmark,65,q1_user_by_id,0.1822,1,True,
benchmark,66,q1_user_by_id,0.18360000000000001,1,True,
benchmark,67,q1_user_by_id,0.20369999999999999,1,True,
benchmark,68,q1_user_by_id,0.17369999999999999,1,True,
benchmark,69,q1_user_by_id,0.16700000000000001,1,True,
benchmark,70,q1_user_by_id,0.17169999999999999,1,True,
benchmark,71,q1_user_by_id,0.184,1,True,
benchmark,72,q1_user_by_id,0.16880000000000001,1,True,
benchmark,73,q1_user_by_id,0.16650000000000001,1,True,
benchmark,74,q1_user_by_id,0.17069999999999999,1,True,
benchmark,75,q1_user_by_id,0.1686,1,True,
benchmark,76,q1_user_by_id,0.16750000000000001,1,True,
benchmark,77,q1_user_by_id,0.1787,1,True,
benchmark,78,q1_user_by_id,0.18859999999999999,1,True,
benchmark,79,q1_user_by_id,0.18190000000000001,1,True,
benchmark,80,q1_user_by_id,0.17199999999999999,1,True,
benchmark,81,q1_user_by_id,0.1653,1,True,
benchmark,82,q1_user_by_id,0.1661,1,True,
benchmark,83,q1_user_by_id,0.21149999999999999,1,True,
benchmark,84,q1_user_by_id,0.1686,1,True,
benchmark,85,q1_user_by_id,0.16339999999999999,1,True,
benchmark,86,q1_user_by_id,0.16869999999999999,1,True,
benchmark,87,q1_user_by_id,0.17000000000000001,1,True,
benchmark,88,q1_user_by_id,0.1653,1,True,
benchmark,89,q1_user_by_id,0.1741,1,True,
benchmark,90,q1_user_by_id,0.17699999999999999,1,True,
benchmark,91,q1_user_by_id,0.17799999999999999,1,True,
benchmark,92,q1_user_by_id,0.17949999999999999,1,True,
benchmark,93,q1_user_by_id,0.19539999999999999,1,True,
benchmark,94,q1_user_by_id,0.17780000000000001,1,True,
benchmark,95,q1_user_by_id,0.20530000000000001,1,True,
benchmark,96,q1_user_by_id,0.1769,1,True,
benchmark,97,q1_user_by_id,0.1983,1,True,
benchmark,98,q1_user_by_id,0.26340000000000002,1,True,
benchmark,99,q1_user_by_id,0.38,1,True,
benchmark,100,q1_user_by_id,0.28220000000000001,1,True,
benchmark,101,q1_user_by_id,0.64880000000000004,1,True,
benchmark,102,q1_user_by_id,0.22409999999999999,1,True,
benchmark,103,q1_user_by_id,0.19470000000000001,1,True,
benchmark,104,q1_user_by_id,0.18390000000000001,1,True,
benchmark,105,q1_user_by_id,0.19400000000000001,1,True,
benchmark,106,q1_user_by_id,0.191,1,True,
benchmark,107,q1_user_by_id,0.2082,1,True,
benchmark,108,q1_user_by_id,0.28360000000000002,1,True,
benchmark,109,q1_user_by_id,0.1943,1,True,
benchmark,110,q1_user_by_id,0.1913,1,True,
benchmark,111,q1_user_by_id,0.1777,1,True,
benchmark,112,q1_user_by_id,0.17710000000000001,1,True,
benchmark,113,q1_user_by_id,0.1714,1,True,
benchmark,114,q1_user_by_id,0.17560000000000001,1,True,
benchmark,115,q1_user_by_id,0.18099999999999999,1,True,
benchmark,116,q1_user_by_id,0.185,1,True,
benchmark,117,q1_user_by_id,0.17760000000000001,1,True,
benchmark,118,q1_user_by_id,0.1759,1,True,
benchmark,119,q1_user_by_id,0.16930000000000001,1,True,
benchmark,120,q1_user_by_id,0.1787,1,True,
benchmark,121,q1_user_by_id,0.18099999999999999,1,True,
benchmark,122,q1_user_by_id,0.17860000000000001,1,True,
benchmark,123,q1_user_by_id,0.17899999999999999,1,True,
benchmark,124,q1_user_by_id,0.1903,1,True,
benchmark,125,q1_user_by_id,0.1779,1,True,
benchmark,126,q1_user_by_id,0.18090000000000001,1,True,
benchmark,127,q1_user_by_id,0.17169999999999999,1,True,
benchmark,128,q1_user_by_id,0.1787,1,True,
benchmark,129,q1_user_by_id,0.18090000000000001,1,True,
benchmark,130,q1_user_by_id,0.17449999999999999,1,True,
benchmark,131,q1_user_by_id,0.17630000000000001,1,True,
benchmark,132,q1_user_by_id,0.17449999999999999,1,True,
benchmark,133,q1_user_by_id,0.17519999999999999,1,True,
benchmark,134,q1_user_by_id,0.1734,1,True,
benchmark,135,q1_user_by_id,0.17829999999999999,1,True,
benchmark,136,q1_user_by_id,0.17480000000000001,1,True,
benchmark,137,q1_user_by_id,0.16719999999999999,1,True,
benchmark,138,q1_user_by_id,0.1802,1,True,
benchmark,139,q1_user_by_id,0.18110000000000001,1,True,
benchmark,140,q1_user_by_id,0.1822,1,True,
benchmark,141,q1_user_by_id,0.19070000000000001,1,True,
benchmark,142,q1_user_by_id,0.17050000000000001,1,True,
benchmark,143,q1_user_by_id,0.16650000000000001,1,True,
benchmark,144,q1_user_by_id,0.17910000000000001,1,True,
benchmark,145,q1_user_by_id,0.17219999999999999,1,True,
benchmark,146,q1_user_by_id,0.1802,1,True,
benchmark,147,q1_user_by_id,0.29820000000000002,1,True,
benchmark,148,q1_user_by_id,0.18779999999999999,1,True,
benchmark,149,q1_user_by_id,0.17269999999999999,1,True,
benchmark,150,q1_user_by_id,0.2077,1,True,
benchmark,151,q1_user_by_id,0.26150000000000001,1,True,
benchmark,152,q1_user_by_id,0.2046,1,True,
benchmark,153,q1_user_by_id,0.19139999999999999,1,True,
benchmark,154,q1_user_by_id,0.18190000000000001,1,True,
benchmark,155,q1_user_by_id,0.2399,1,True,
benchmark,156,q1_user_by_id,0.2137,1,True,
benchmark,157,q1_user_by_id,0.2069,1,True,
benchmark,158,q1_user_by_id,0.1754,1,True,
benchmark,159,q1_user_by_id,0.17030000000000001,1,True,
benchmark,160,q1_user_by_id,0.17100000000000001,1,True,
benchmark,161,q1_user_by_id,0.182,1,True,
benchmark,162,q1_user_by_id,0.19869999999999999,1,True,
benchmark,163,q1_user_by_id,0.1799,1,True,
benchmark,164,q1_user_by_id,0.17399999999999999,1,True,
benchmark,165,q1_user_by_id,0.17399999999999999,1,True,
benchmark,166,q1_user_by_id,0.18160000000000001,1,True,
benchmark,167,q1_user_by_id,0.16600000000000001,1,True,
benchmark,168,q1_user_by_id,0.18049999999999999,1,True,
benchmark,169,q1_user_by_id,0.1759,1,True,
benchmark,170,q1_user_by_id,0.17730000000000001,1,True,
benchmark,171,q1_user_by_id,0.17549999999999999,1,True,
benchmark,172,q1_user_by_id,0.1802,1,True,
benchmark,173,q1_user_by_id,0.17899999999999999,1,True,
benchmark,174,q1_user_by_id,0.18609999999999999,1,True,
benchmark,175,q1_user_by_id,0.17460000000000001,1,True,
benchmark,176,q1_user_by_id,0.17760000000000001,1,True,
benchmark,177,q1_user_by_id,0.1782,1,True,
benchmark,178,q1_user_by_id,0.17419999999999999,1,True,
benchmark,179,q1_user_by_id,0.17499999999999999,1,True,
benchmark,180,q1_user_by_id,0.1651,1,True,
benchmark,181,q1_user_by_id,0.17610000000000001,1,True,
benchmark,182,q1_user_by_id,0.17949999999999999,1,True,
benchmark,183,q1_user_by_id,0.17199999999999999,1,True,
benchmark,184,q1_user_by_id,0.17169999999999999,1,True,
benchmark,185,q1_user_by_id,0.17199999999999999,1,True,
benchmark,186,q1_user_by_id,0.17849999999999999,1,True,
benchmark,187,q1_user_by_id,0.20730000000000001,1,True,
benchmark,188,q1_user_by_id,0.1716,1,True,
benchmark,189,q1_user_by_id,0.16400000000000001,1,True,
benchmark,190,q1_user_by_id,0.1845,1,True,
benchmark,191,q1_user_by_id,0.1804,1,True,
benchmark,192,q1_user_by_id,0.16400000000000001,1,True,
benchmark,193,q1_user_by_id,0.16750000000000001,1,True,
benchmark,194,q1_user_by_id,0.1855,1,True,
benchmark,195,q1_user_by_id,0.1794,1,True,
benchmark,196,q1_user_by_id,0.18179999999999999,1,True,
benchmark,197,q1_user_by_id,0.2109,1,True,
benchmark,198,q1_user_by_id,0.18049999999999999,1,True,
benchmark,199,q1_user_by_id,0.19309999999999999,1,True,
benchmark,200,q1_user_by_id,0.24690000000000001,1,True,
benchmark,201,q1_user_by_id,0.60699999999999998,1,True,
benchmark,202,q1_user_by_id,0.24560000000000001,1,True,
benchmark,203,q1_user_by_id,0.21279999999999999,1,True,
benchmark,204,q1_user_by_id,0.2361,1,True,
benchmark,205,q1_user_by_id,0.1918,1,True,
benchmark,206,q1_user_by_id,0.18229999999999999,1,True,
benchmark,207,q1_user_by_id,0.19220000000000001,1,True,
benchmark,208,q1_user_by_id,0.20069999999999999,1,True,
benchmark,209,q1_user_by_id,0.1852,1,True,
benchmark,210,q1_user_by_id,0.22059999999999999,1,True,
benchmark,211,q1_user_by_id,0.19040000000000001,1,True,
benchmark,212,q1_user_by_id,0.18360000000000001,1,True,
benchmark,213,q1_user_by_id,0.1948,1,True,
benchmark,214,q1_user_by_id,0.25990000000000002,1,True,
benchmark,215,q1_user_by_id,0.19719999999999999,1,True,
benchmark,216,q1_user_by_id,0.20649999999999999,1,True,
benchmark,217,q1_user_by_id,0.2366,1,True,
benchmark,218,q1_user_by_id,0.20999999999999999,1,True,
benchmark,219,q1_user_by_id,0.18859999999999999,1,True,
benchmark,220,q1_user_by_id,0.18529999999999999,1,True,
benchmark,221,q1_user_by_id,0.17399999999999999,1,True,
benchmark,222,q1_user_by_id,0.17899999999999999,1,True,
benchmark,223,q1_user_by_id,0.1792,1,True,
benchmark,224,q1_user_by_id,0.19020000000000001,1,True,
benchmark,225,q1_user_by_id,0.1784,1,True,
benchmark,226,q1_user_by_id,0.17699999999999999,1,True,
benchmark,227,q1_user_by_id,0.1875,1,True,
benchmark,228,q1_user_by_id,0.1827,1,True,
benchmark,229,q1_user_by_id,0.17660000000000001,1,True,
benchmark,230,q1_user_by_id,0.17649999999999999,1,True,
benchmark,231,q1_user_by_id,0.16700000000000001,1,True,
benchmark,232,q1_user_by_id,0.1736,1,True,
benchmark,233,q1_user_by_id,0.17680000000000001,1,True,
benchmark,234,q1_user_by_id,0.18740000000000001,1,True,
benchmark,235,q1_user_by_id,0.17530000000000001,1,True,
benchmark,236,q1_user_by_id,0.17810000000000001,1,True,
benchmark,237,q1_user_by_id,0.1754,1,True,
benchmark,238,q1_user_by_id,0.1792,1,True,
benchmark,239,q1_user_by_id,0.1865,1,True,
benchmark,240,q1_user_by_id,0.1777,1,True,
benchmark,241,q1_user_by_id,0.16719999999999999,1,True,
benchmark,242,q1_user_by_id,0.1764,1,True,
benchmark,243,q1_user_by_id,0.1802,1,True,
benchmark,244,q1_user_by_id,0.1777,1,True,
benchmark,245,q1_user_by_id,0.17730000000000001,1,True,
benchmark,246,q1_user_by_id,0.1686,1,True,
benchmark,247,q1_user_by_id,0.17910000000000001,1,True,
benchmark,248,q1_user_by_id,0.17929999999999999,1,True,
benchmark,249,q1_user_by_id,0.17180000000000001,1,True,
benchmark,250,q1_user_by_id,0.17230000000000001,1,True,
benchmark,251,q1_user_by_id,0.2417,1,True,
benchmark,252,q1_user_by_id,0.19020000000000001,1,True,
benchmark,253,q1_user_by_id,0.1668,1,True,
benchmark,254,q1_user_by_id,0.16900000000000001,1,True,
benchmark,255,q1_user_by_id,0.19389999999999999,1,True,
benchmark,256,q1_user_by_id,0.185,1,True,
benchmark,257,q1_user_by_id,0.18490000000000001,1,True,
benchmark,258,q1_user_by_id,0.22750000000000001,1,True,
benchmark,259,q1_user_by_id,0.17519999999999999,1,True,
benchmark,260,q1_user_by_id,0.18890000000000001,1,True,
benchmark,261,q1_user_by_id,0.18679999999999999,1,True,
benchmark,262,q1_user_by_id,0.2117,1,True,
benchmark,263,q1_user_by_id,0.1678,1,True,
benchmark,264,q1_user_by_id,0.23280000000000001,1,True,
benchmark,265,q1_user_by_id,0.1757,1,True,
benchmark,266,q1_user_by_id,0.18260000000000001,1,True,
benchmark,267,q1_user_by_id,0.17299999999999999,1,True,
benchmark,268,q1_user_by_id,0.1928,1,True,
benchmark,269,q1_user_by_id,0.1734,1,True,
benchmark,270,q1_user_by_id,0.18260000000000001,1,True,
benchmark,271,q1_user_by_id,0.17449999999999999,1,True,
benchmark,272,q1_user_by_id,0.1757,1,True,
benchmark,273,q1_user_by_id,0.17849999999999999,1,True,
benchmark,274,q1_user_by_id,0.17449999999999999,1,True,
benchmark,275,q1_user_by_id,0.18090000000000001,1,True,
benchmark,276,q1_user_by_id,0.1855,1,True,
benchmark,277,q1_user_by_id,0.17269999999999999,1,True,
benchmark,278,q1_user_by_id,0.16930000000000001,1,True,
benchmark,279,q1_user_by_id,0.1835,1,True,
benchmark,280,q1_user_by_id,0.17849999999999999,1,True,
benchmark,281,q1_user_by_id,0.1694,1,True,
benchmark,282,q1_user_by_id,0.188,1,True,
benchmark,283,q1_user_by_id,0.17100000000000001,1,True,
benchmark,284,q1_user_by_id,0.1593,1,True,
benchmark,285,q1_user_by_id,0.17630000000000001,1,True,
benchmark,286,q1_user_by_id,0.17380000000000001,1,True,
benchmark,287,q1_user_by_id,0.17749999999999999,1,True,
benchmark,288,q1_user_by_id,0.1759,1,True,
benchmark,289,q1_user_by_id,0.17560000000000001,1,True,
benchmark,290,q1_user_by_id,0.1764,1,True,
benchmark,291,q1_user_by_id,0.1734,1,True,
benchmark,292,q1_user_by_id,0.17399999999999999,1,True,
benchmark,293,q1_user_by_id,0.17949999999999999,1,True,
benchmark,294,q1_user_by_id,0.17319999999999999,1,True,
benchmark,295,q1_user_by_id,0.1772,1,True,
benchmark,296,q1_user_by_id,0.1646,1,True,
benchmark,297,q1_user_by_id,0.17530000000000001,1,True,
benchmark,298,q1_user_by_id,0.17760000000000001,1,True,
benchmark,299,q1_user_by_id,0.1769,1,True,
benchmark,300,q1_user_by_id,0.23300000000000001,1,True,
benchmark,301,q1_user_by_id,0.63839999999999997,1,True,
benchmark,302,q1_user_by_id,0.22270000000000001,1,True,
benchmark,303,q1_user_by_id,0.19939999999999999,1,True,
benchmark,304,q1_user_by_id,0.19800000000000001,1,True,
benchmark,305,q1_user_by_id,0.21560000000000001,1,True,
benchmark,306,q1_user_by_id,0.21210000000000001,1,True,
benchmark,307,q1_user_by_id,0.18629999999999999,1,True,
benchmark,308,q1_user_by_id,0.18859999999999999,1,True,
benchmark,309,q1_user_by_id,0.18770000000000001,1,True,
benchmark,310,q1_user_by_id,0.1865,1,True,
benchmark,311,q1_user_by_id,0.18509999999999999,1,True,
benchmark,312,q1_user_by_id,0.1744,1,True,
benchmark,313,q1_user_by_id,0.17280000000000001,1,True,
benchmark,314,q1_user_by_id,0.18229999999999999,1,True,
benchmark,315,q1_user_by_id,0.1802,1,True,
benchmark,316,q1_user_by_id,0.1867,1,True,
benchmark,317,q1_user_by_id,0.23369999999999999,1,True,
benchmark,318,q1_user_by_id,0.18579999999999999,1,True,
benchmark,319,q1_user_by_id,0.1978,1,True,
benchmark,320,q1_user_by_id,0.1865,1,True,
benchmark,321,q1_user_by_id,0.1938,1,True,
benchmark,322,q1_user_by_id,0.25950000000000001,1,True,
benchmark,323,q1_user_by_id,0.188,1,True,
benchmark,324,q1_user_by_id,0.1976,1,True,
benchmark,325,q1_user_by_id,0.193,1,True,
benchmark,326,q1_user_by_id,0.1925,1,True,
benchmark,327,q1_user_by_id,0.21299999999999999,1,True,
benchmark,328,q1_user_by_id,0.21199999999999999,1,True,
benchmark,329,q1_user_by_id,0.17510000000000001,1,True,
benchmark,330,q1_user_by_id,0.19009999999999999,1,True,
benchmark,331,q1_user_by_id,0.17050000000000001,1,True,
benchmark,332,q1_user_by_id,0.1817,1,True,
benchmark,333,q1_user_by_id,0.19850000000000001,1,True,
benchmark,334,q1_user_by_id,0.20619999999999999,1,True,
benchmark,335,q1_user_by_id,0.18360000000000001,1,True,
benchmark,336,q1_user_by_id,0.17349999999999999,1,True,
benchmark,337,q1_user_by_id,0.17050000000000001,1,True,
benchmark,338,q1_user_by_id,0.18310000000000001,1,True,
benchmark,339,q1_user_by_id,0.1784,1,True,
benchmark,340,q1_user_by_id,0.18149999999999999,1,True,
benchmark,341,q1_user_by_id,0.18870000000000001,1,True,
benchmark,342,q1_user_by_id,0.18479999999999999,1,True,
benchmark,343,q1_user_by_id,0.1731,1,True,
benchmark,344,q1_user_by_id,0.19159999999999999,1,True,
benchmark,345,q1_user_by_id,0.18529999999999999,1,True,
benchmark,346,q1_user_by_id,0.18160000000000001,1,True,
benchmark,347,q1_user_by_id,0.16880000000000001,1,True,
benchmark,348,q1_user_by_id,0.17280000000000001,1,True,
benchmark,349,q1_user_by_id,0.17799999999999999,1,True,
benchmark,350,q1_user_by_id,0.1769,1,True,
benchmark,351,q1_user_by_id,0.23899999999999999,1,True,
benchmark,352,q1_user_by_id,0.1729,1,True,
benchmark,353,q1_user_by_id,0.19839999999999999,1,True,
benchmark,354,q1_user_by_id,0.17480000000000001,1,True,
benchmark,355,q1_user_by_id,0.18010000000000001,1,True,
benchmark,356,q1_user_by_id,0.1749,1,True,
benchmark,357,q1_user_by_id,0.1797,1,True,
benchmark,358,q1_user_by_id,0.18099999999999999,1,True,
benchmark,359,q1_user_by_id,0.17829999999999999,1,True,
benchmark,360,q1_user_by_id,0.17599999999999999,1,True,
benchmark,361,q1_user_by_id,0.1754,1,True,
benchmark,362,q1_user_by_id,0.17699999999999999,1,True,
benchmark,363,q1_user_by_id,0.18590000000000001,1,True,
benchmark,364,q1_user_by_id,0.18140000000000001,1,True,
benchmark,365,q1_user_by_id,0.2833,1,True,
benchmark,366,q1_user_by_id,0.191,1,True,
benchmark,367,q1_user_by_id,0.1757,1,True,
benchmark,368,q1_user_by_id,0.1774,1,True,
benchmark,369,q1_user_by_id,0.1794,1,True,
benchmark,370,q1_user_by_id,0.2077,1,True,
benchmark,371,q1_user_by_id,0.19020000000000001,1,True,
benchmark,372,q1_user_by_id,0.1827,1,True,
benchmark,373,q1_user_by_id,0.2026,1,True,
benchmark,374,q1_user_by_id,0.1986,1,True,
benchmark,375,q1_user_by_id,0.19009999999999999,1,True,
benchmark,376,q1_user_by_id,0.17499999999999999,1,True,
benchmark,377,q1_user_by_id,0.17699999999999999,1,True,
benchmark,378,q1_user_by_id,0.1832,1,True,
benchmark,379,q1_user_by_id,0.17319999999999999,1,True,
benchmark,380,q1_user_by_id,0.17999999999999999,1,True,
benchmark,381,q1_user_by_id,0.1797,1,True,
benchmark,382,q1_user_by_id,0.17480000000000001,1,True,
benchmark,383,q1_user_by_id,0.18099999999999999,1,True,
benchmark,384,q1_user_by_id,0.1729,1,True,
benchmark,385,q1_user_by_id,0.17299999999999999,1,True,
benchmark,386,q1_user_by_id,0.1855,1,True,
benchmark,387,q1_user_by_id,0.17560000000000001,1,True,
benchmark,388,q1_user_by_id,0.1767,1,True,
benchmark,389,q1_user_by_id,0.1726,1,True,
benchmark,390,q1_user_by_id,0.18099999999999999,1,True,
benchmark,391,q1_user_by_id,0.1759,1,True,
benchmark,392,q1_user_by_id,0.17119999999999999,1,True,
benchmark,393,q1_user_by_id,0.1787,1,True,
benchmark,394,q1_user_by_id,0.17760000000000001,1,True,
benchmark,395,q1_user_by_id,0.1792,1,True,
benchmark,396,q1_user_by_id,0.17960000000000001,1,True,
benchmark,397,q1_user_by_id,0.16589999999999999,1,True,
benchmark,398,q1_user_by_id,0.1754,1,True,
benchmark,399,q1_user_by_id,0.1767,1,True,
benchmark,400,q1_user_by_id,0.1739,1,True,
benchmark,401,q1_user_by_id,0.64929999999999999,1,True,
benchmark,402,q1_user_by_id,0.2455,1,True,
benchmark,403,q1_user_by_id,0.23769999999999999,1,True,
benchmark,404,q1_user_by_id,0.19750000000000001,1,True,
benchmark,405,q1_user_by_id,0.18629999999999999,1,True,
benchmark,406,q1_user_by_id,0.19889999999999999,1,True,
benchmark,407,q1_user_by_id,0.185,1,True,
benchmark,408,q1_user_by_id,0.1769,1,True,
benchmark,409,q1_user_by_id,0.1847,1,True,
benchmark,410,q1_user_by_id,0.1789,1,True,
benchmark,411,q1_user_by_id,0.17380000000000001,1,True,
benchmark,412,q1_user_by_id,0.17119999999999999,1,True,
benchmark,413,q1_user_by_id,0.17599999999999999,1,True,
benchmark,414,q1_user_by_id,0.1802,1,True,
benchmark,415,q1_user_by_id,0.1784,1,True,
benchmark,416,q1_user_by_id,0.1704,1,True,
benchmark,417,q1_user_by_id,0.17199999999999999,1,True,
benchmark,418,q1_user_by_id,0.17960000000000001,1,True,
benchmark,419,q1_user_by_id,0.182,1,True,
benchmark,420,q1_user_by_id,0.1769,1,True,
benchmark,421,q1_user_by_id,0.16289999999999999,1,True,
benchmark,422,q1_user_by_id,0.18340000000000001,1,True,
benchmark,423,q1_user_by_id,0.1862,1,True,
benchmark,424,q1_user_by_id,0.18920000000000001,1,True,
benchmark,425,q1_user_by_id,0.17549999999999999,1,True,
benchmark,426,q1_user_by_id,0.1812,1,True,
benchmark,427,q1_user_by_id,0.18440000000000001,1,True,
benchmark,428,q1_user_by_id,0.18990000000000001,1,True,
benchmark,429,q1_user_by_id,0.2021,1,True,
benchmark,430,q1_user_by_id,0.17849999999999999,1,True,
benchmark,431,q1_user_by_id,0.20349999999999999,1,True,
benchmark,432,q1_user_by_id,0.19059999999999999,1,True,
benchmark,433,q1_user_by_id,0.1822,1,True,
benchmark,434,q1_user_by_id,0.1807,1,True,
benchmark,435,q1_user_by_id,0.24340000000000001,1,True,
benchmark,436,q1_user_by_id,0.19750000000000001,1,True,
benchmark,437,q1_user_by_id,0.19969999999999999,1,True,
benchmark,438,q1_user_by_id,0.20269999999999999,1,True,
benchmark,439,q1_user_by_id,0.2266,1,True,
benchmark,440,q1_user_by_id,0.20569999999999999,1,True,
benchmark,441,q1_user_by_id,0.28120000000000001,1,True,
benchmark,442,q1_user_by_id,0.22070000000000001,1,True,
benchmark,443,q1_user_by_id,0.2006,1,True,
benchmark,444,q1_user_by_id,0.17860000000000001,1,True,
benchmark,445,q1_user_by_id,0.16719999999999999,1,True,
benchmark,446,q1_user_by_id,0.1772,1,True,
benchmark,447,q1_user_by_id,0.1648,1,True,
benchmark,448,q1_user_by_id,0.17069999999999999,1,True,
benchmark,449,q1_user_by_id,0.17810000000000001,1,True,
benchmark,450,q1_user_by_id,0.17599999999999999,1,True,
benchmark,451,q1_user_by_id,0.23419999999999999,1,True,
benchmark,452,q1_user_by_id,0.17810000000000001,1,True,
benchmark,453,q1_user_by_id,0.18179999999999999,1,True,
benchmark,454,q1_user_by_id,0.1802,1,True,
benchmark,455,q1_user_by_id,0.17519999999999999,1,True,
benchmark,456,q1_user_by_id,0.16919999999999999,1,True,
benchmark,457,q1_user_by_id,0.17069999999999999,1,True,
benchmark,458,q1_user_by_id,0.1741,1,True,
benchmark,459,q1_user_by_id,0.1767,1,True,
benchmark,460,q1_user_by_id,0.17549999999999999,1,True,
benchmark,461,q1_user_by_id,0.18429999999999999,1,True,
benchmark,462,q1_user_by_id,0.16619999999999999,1,True,
benchmark,463,q1_user_by_id,0.184,1,True,
benchmark,464,q1_user_by_id,0.1797,1,True,
benchmark,465,q1_user_by_id,0.158,1,True,
benchmark,466,q1_user_by_id,0.17469999999999999,1,True,
benchmark,467,q1_user_by_id,0.18720000000000001,1,True,
benchmark,468,q1_user_by_id,0.17519999999999999,1,True,
benchmark,469,q1_user_by_id,0.17249999999999999,1,True,
benchmark,470,q1_user_by_id,0.18210000000000001,1,True,
benchmark,471,q1_user_by_id,0.1782,1,True,
benchmark,472,q1_user_by_id,0.17319999999999999,1,True,
benchmark,473,q1_user_by_id,0.17330000000000001,1,True,
benchmark,474,q1_user_by_id,0.17649999999999999,1,True,
benchmark,475,q1_user_by_id,0.184,1,True,
benchmark,476,q1_user_by_id,0.1835,1,True,
benchmark,477,q1_user_by_id,0.1757,1,True,
benchmark,478,q1_user_by_id,0.17399999999999999,1,True,
benchmark,479,q1_user_by_id,0.1678,1,True,
benchmark,480,q1_user_by_id,0.1648,1,True,
benchmark,481,q1_user_by_id,0.16950000000000001,1,True,
benchmark,482,q1_user_by_id,0.16769999999999999,1,True,
benchmark,483,q1_user_by_id,0.1691,1,True,
benchmark,484,q1_user_by_id,0.1976,1,True,
benchmark,485,q1_user_by_id,0.2316,1,True,
benchmark,486,q1_user_by_id,0.184,1,True,
benchmark,487,q1_user_by_id,0.19239999999999999,1,True,
benchmark,488,q1_user_by_id,0.2026,1,True,
benchmark,489,q1_user_by_id,0.2281,1,True,
benchmark,490,q1_user_by_id,0.21790000000000001,1,True,
benchmark,491,q1_user_by_id,0.16869999999999999,1,True,
benchmark,492,q1_user_by_id,0.18429999999999999,1,True,
benchmark,493,q1_user_by_id,0.17380000000000001,1,True,
benchmark,494,q1_user_by_id,0.1719,1,True,
benchmark,495,q1_user_by_id,0.1709,1,True,
benchmark,496,q1_user_by_id,0.1789,1,True,
benchmark,497,q1_user_by_id,0.1799,1,True,
benchmark,498,q1_user_by_id,0.18340000000000001,1,True,
benchmark,499,q1_user_by_id,0.18490000000000001,1,True,
benchmark,500,q1_user_by_id,0.1762,1,True,
benchmark,501,q1_user_by_id,0.64359999999999995,1,True,
benchmark,502,q1_user_by_id,0.2384,1,True,
benchmark,503,q1_user_by_id,0.1948,1,True,
benchmark,504,q1_user_by_id,0.1956,1,True,
benchmark,505,q1_user_by_id,0.18629999999999999,1,True,
benchmark,506,q1_user_by_id,0.255,1,True,
benchmark,507,q1_user_by_id,0.192,1,True,
benchmark,508,q1_user_by_id,0.1779,1,True,
benchmark,509,q1_user_by_id,0.1867,1,True,
benchmark,510,q1_user_by_id,0.1797,1,True,
benchmark,511,q1_user_by_id,0.19600000000000001,1,True,
benchmark,512,q1_user_by_id,0.1769,1,True,
benchmark,513,q1_user_by_id,0.1764,1,True,
benchmark,514,q1_user_by_id,0.19600000000000001,1,True,
benchmark,515,q1_user_by_id,0.2031,1,True,
benchmark,516,q1_user_by_id,0.18629999999999999,1,True,
benchmark,517,q1_user_by_id,0.19020000000000001,1,True,
benchmark,518,q1_user_by_id,0.1721,1,True,
benchmark,519,q1_user_by_id,0.1794,1,True,
benchmark,520,q1_user_by_id,0.16600000000000001,1,True,
benchmark,521,q1_user_by_id,0.23719999999999999,1,True,
benchmark,522,q1_user_by_id,0.1948,1,True,
benchmark,523,q1_user_by_id,0.2044,1,True,
benchmark,524,q1_user_by_id,0.2041,1,True,
benchmark,525,q1_user_by_id,0.21279999999999999,1,True,
benchmark,526,q1_user_by_id,0.20430000000000001,1,True,
benchmark,527,q1_user_by_id,0.20399999999999999,1,True,
benchmark,528,q1_user_by_id,0.17660000000000001,1,True,
benchmark,529,q1_user_by_id,0.1958,1,True,
benchmark,530,q1_user_by_id,0.1862,1,True,
benchmark,531,q1_user_by_id,0.18029999999999999,1,True,
benchmark,532,q1_user_by_id,0.17699999999999999,1,True,
benchmark,533,q1_user_by_id,0.17730000000000001,1,True,
benchmark,534,q1_user_by_id,0.16800000000000001,1,True,
benchmark,535,q1_user_by_id,0.1653,1,True,
benchmark,536,q1_user_by_id,0.18010000000000001,1,True,
benchmark,537,q1_user_by_id,0.1777,1,True,
benchmark,538,q1_user_by_id,0.1754,1,True,
benchmark,539,q1_user_by_id,0.17469999999999999,1,True,
benchmark,540,q1_user_by_id,0.1812,1,True,
benchmark,541,q1_user_by_id,0.17929999999999999,1,True,
benchmark,542,q1_user_by_id,0.18959999999999999,1,True,
benchmark,543,q1_user_by_id,0.16350000000000001,1,True,
benchmark,544,q1_user_by_id,0.18110000000000001,1,True,
benchmark,545,q1_user_by_id,0.1704,1,True,
benchmark,546,q1_user_by_id,0.17199999999999999,1,True,
benchmark,547,q1_user_by_id,0.17519999999999999,1,True,
benchmark,548,q1_user_by_id,0.1782,1,True,
benchmark,549,q1_user_by_id,0.1832,1,True,
benchmark,550,q1_user_by_id,0.1804,1,True,
benchmark,551,q1_user_by_id,0.2417,1,True,
benchmark,552,q1_user_by_id,0.1777,1,True,
benchmark,553,q1_user_by_id,0.17780000000000001,1,True,
benchmark,554,q1_user_by_id,0.17780000000000001,1,True,
benchmark,555,q1_user_by_id,0.18149999999999999,1,True,
benchmark,556,q1_user_by_id,0.2034,1,True,
benchmark,557,q1_user_by_id,0.21809999999999999,1,True,
benchmark,558,q1_user_by_id,0.17349999999999999,1,True,
benchmark,559,q1_user_by_id,0.17810000000000001,1,True,
benchmark,560,q1_user_by_id,0.17519999999999999,1,True,
benchmark,561,q1_user_by_id,0.2397,1,True,
benchmark,562,q1_user_by_id,0.26929999999999998,1,True,
benchmark,563,q1_user_by_id,0.25769999999999998,1,True,
benchmark,564,q1_user_by_id,0.19,1,True,
benchmark,565,q1_user_by_id,0.21970000000000001,1,True,
benchmark,566,q1_user_by_id,0.21099999999999999,1,True,
benchmark,567,q1_user_by_id,0.17560000000000001,1,True,
benchmark,568,q1_user_by_id,0.22620000000000001,1,True,
benchmark,569,q1_user_by_id,0.1903,1,True,
benchmark,570,q1_user_by_id,0.19420000000000001,1,True,
benchmark,571,q1_user_by_id,0.17699999999999999,1,True,
benchmark,572,q1_user_by_id,0.18079999999999999,1,True,
benchmark,573,q1_user_by_id,0.17430000000000001,1,True,
benchmark,574,q1_user_by_id,0.1782,1,True,
benchmark,575,q1_user_by_id,0.17349999999999999,1,True,
benchmark,576,q1_user_by_id,0.17849999999999999,1,True,
benchmark,577,q1_user_by_id,0.18390000000000001,1,True,
benchmark,578,q1_user_by_id,0.17730000000000001,1,True,
benchmark,579,q1_user_by_id,0.19120000000000001,1,True,
benchmark,580,q1_user_by_id,0.16400000000000001,1,True,
benchmark,581,q1_user_by_id,0.1797,1,True,
benchmark,582,q1_user_by_id,0.17799999999999999,1,True,
benchmark,583,q1_user_by_id,0.1784,1,True,
benchmark,584,q1_user_by_id,0.17330000000000001,1,True,
benchmark,585,q1_user_by_id,0.18640000000000001,1,True,
benchmark,586,q1_user_by_id,0.18099999999999999,1,True,
benchmark,587,q1_user_by_id,0.16839999999999999,1,True,
benchmark,588,q1_user_by_id,0.17430000000000001,1,True,
benchmark,589,q1_user_by_id,0.1701,1,True,
benchmark,590,q1_user_by_id,0.17960000000000001,1,True,
benchmark,591,q1_user_by_id,0.18590000000000001,1,True,
benchmark,592,q1_user_by_id,0.18279999999999999,1,True,
benchmark,593,q1_user_by_id,0.19409999999999999,1,True,
benchmark,594,q1_user_by_id,0.1777,1,True,
benchmark,595,q1_user_by_id,0.1729,1,True,
benchmark,596,q1_user_by_id,0.17499999999999999,1,True,
benchmark,597,q1_user_by_id,0.1759,1,True,
benchmark,598,q1_user_by_id,0.16320000000000001,1,True,
benchmark,599,q1_user_by_id,0.17180000000000001,1,True,
benchmark,600,q1_user_by_id,0.16919999999999999,1,True,
benchmark,601,q1_user_by_id,0.63090000000000002,1,True,
benchmark,602,q1_user_by_id,0.25190000000000001,1,True,
benchmark,603,q1_user_by_id,0.19220000000000001,1,True,
benchmark,604,q1_user_by_id,0.217,1,True,
benchmark,605,q1_user_by_id,0.19750000000000001,1,True,
benchmark,606,q1_user_by_id,0.1956,1,True,
benchmark,607,q1_user_by_id,0.18260000000000001,1,True,
benchmark,608,q1_user_by_id,0.1797,1,True,
benchmark,609,q1_user_by_id,0.18659999999999999,1,True,
benchmark,610,q1_user_by_id,0.19009999999999999,1,True,
benchmark,611,q1_user_by_id,0.20080000000000001,1,True,
benchmark,612,q1_user_by_id,0.19470000000000001,1,True,
benchmark,613,q1_user_by_id,0.1847,1,True,
benchmark,614,q1_user_by_id,0.1822,1,True,
benchmark,615,q1_user_by_id,0.18509999999999999,1,True,
benchmark,616,q1_user_by_id,0.1825,1,True,
benchmark,617,q1_user_by_id,0.1729,1,True,
benchmark,618,q1_user_by_id,0.18129999999999999,1,True,
benchmark,619,q1_user_by_id,0.185,1,True,
benchmark,620,q1_user_by_id,0.19270000000000001,1,True,
benchmark,621,q1_user_by_id,0.19139999999999999,1,True,
benchmark,622,q1_user_by_id,0.2009,1,True,
benchmark,623,q1_user_by_id,0.17019999999999999,1,True,
benchmark,624,q1_user_by_id,0.1681,1,True,
benchmark,625,q1_user_by_id,0.17799999999999999,1,True,
benchmark,626,q1_user_by_id,0.17219999999999999,1,True,
benchmark,627,q1_user_by_id,0.1845,1,True,
benchmark,628,q1_user_by_id,0.17960000000000001,1,True,
benchmark,629,q1_user_by_id,0.1656,1,True,
benchmark,630,q1_user_by_id,0.1762,1,True,
benchmark,631,q1_user_by_id,0.1744,1,True,
benchmark,632,q1_user_by_id,0.38990000000000002,1,True,
benchmark,633,q1_user_by_id,0.24579999999999999,1,True,
benchmark,634,q1_user_by_id,0.21240000000000001,1,True,
benchmark,635,q1_user_by_id,0.24429999999999999,1,True,
benchmark,636,q1_user_by_id,0.19919999999999999,1,True,
benchmark,637,q1_user_by_id,0.20910000000000001,1,True,
benchmark,638,q1_user_by_id,0.23330000000000001,1,True,
benchmark,639,q1_user_by_id,0.192,1,True,
benchmark,640,q1_user_by_id,0.17150000000000001,1,True,
benchmark,641,q1_user_by_id,0.18340000000000001,1,True,
benchmark,642,q1_user_by_id,0.1976,1,True,
benchmark,643,q1_user_by_id,0.1822,1,True,
benchmark,644,q1_user_by_id,0.19170000000000001,1,True,
benchmark,645,q1_user_by_id,0.1585,1,True,
benchmark,646,q1_user_by_id,0.17879999999999999,1,True,
benchmark,647,q1_user_by_id,0.17460000000000001,1,True,
benchmark,648,q1_user_by_id,0.16819999999999999,1,True,
benchmark,649,q1_user_by_id,0.18140000000000001,1,True,
benchmark,650,q1_user_by_id,0.17780000000000001,1,True,
benchmark,651,q1_user_by_id,0.2681,1,True,
benchmark,652,q1_user_by_id,0.18290000000000001,1,True,
benchmark,653,q1_user_by_id,0.16039999999999999,1,True,
benchmark,654,q1_user_by_id,0.1648,1,True,
benchmark,655,q1_user_by_id,0.1792,1,True,
benchmark,656,q1_user_by_id,0.1633,1,True,
benchmark,657,q1_user_by_id,0.17399999999999999,1,True,
benchmark,658,q1_user_by_id,0.1812,1,True,
benchmark,659,q1_user_by_id,0.18149999999999999,1,True,
benchmark,660,q1_user_by_id,0.1724,1,True,
benchmark,661,q1_user_by_id,0.1845,1,True,
benchmark,662,q1_user_by_id,0.16389999999999999,1,True,
benchmark,663,q1_user_by_id,0.18360000000000001,1,True,
benchmark,664,q1_user_by_id,0.17050000000000001,1,True,
benchmark,665,q1_user_by_id,0.17380000000000001,1,True,
benchmark,666,q1_user_by_id,0.16869999999999999,1,True,
benchmark,667,q1_user_by_id,0.17580000000000001,1,True,
benchmark,668,q1_user_by_id,0.16869999999999999,1,True,
benchmark,669,q1_user_by_id,0.17999999999999999,1,True,
benchmark,670,q1_user_by_id,0.1762,1,True,
benchmark,671,q1_user_by_id,0.17480000000000001,1,True,
benchmark,672,q1_user_by_id,0.18110000000000001,1,True,
benchmark,673,q1_user_by_id,0.17660000000000001,1,True,
benchmark,674,q1_user_by_id,0.17219999999999999,1,True,
benchmark,675,q1_user_by_id,0.16869999999999999,1,True,
benchmark,676,q1_user_by_id,0.16930000000000001,1,True,
benchmark,677,q1_user_by_id,0.17660000000000001,1,True,
benchmark,678,q1_user_by_id,0.17580000000000001,1,True,
benchmark,679,q1_user_by_id,0.17480000000000001,1,True,
benchmark,680,q1_user_by_id,0.215,1,True,
benchmark,681,q1_user_by_id,0.18440000000000001,1,True,
benchmark,682,q1_user_by_id,0.16489999999999999,1,True,
benchmark,683,q1_user_by_id,0.19769999999999999,1,True,
benchmark,684,q1_user_by_id,0.24079999999999999,1,True,
benchmark,685,q1_user_by_id,0.25619999999999998,1,True,
benchmark,686,q1_user_by_id,0.18160000000000001,1,True,
benchmark,687,q1_user_by_id,0.1762,1,True,
benchmark,688,q1_user_by_id,0.20000000000000001,1,True,
benchmark,689,q1_user_by_id,0.16869999999999999,1,True,
benchmark,690,q1_user_by_id,0.1691,1,True,
benchmark,691,q1_user_by_id,0.1666,1,True,
benchmark,692,q1_user_by_id,0.17399999999999999,1,True,
benchmark,693,q1_user_by_id,0.16470000000000001,1,True,
benchmark,694,q1_user_by_id,0.17469999999999999,1,True,
benchmark,695,q1_user_by_id,0.1784,1,True,
benchmark,696,q1_user_by_id,0.17599999999999999,1,True,
benchmark,697,q1_user_by_id,0.18010000000000001,1,True,
benchmark,698,q1_user_by_id,0.18870000000000001,1,True,
benchmark,699,q1_user_by_id,0.16619999999999999,1,True,
benchmark,700,q1_user_by_id,0.18440000000000001,1,True,
benchmark,701,q1_user_by_id,0.61770000000000003,1,True,
benchmark,702,q1_user_by_id,0.2409,1,True,
benchmark,703,q1_user_by_id,0.23669999999999999,1,True,
benchmark,704,q1_user_by_id,0.19719999999999999,1,True,
benchmark,705,q1_user_by_id,0.24410000000000001,1,True,
benchmark,706,q1_user_by_id,0.31840000000000002,1,True,
benchmark,707,q1_user_by_id,0.25609999999999999,1,True,
benchmark,708,q1_user_by_id,0.26869999999999999,1,True,
benchmark,709,q1_user_by_id,0.30120000000000002,1,True,
benchmark,710,q1_user_by_id,0.1978,1,True,
benchmark,711,q1_user_by_id,0.22140000000000001,1,True,
benchmark,712,q1_user_by_id,0.219,1,True,
benchmark,713,q1_user_by_id,0.19450000000000001,1,True,
benchmark,714,q1_user_by_id,0.18690000000000001,1,True,
benchmark,715,q1_user_by_id,0.18149999999999999,1,True,
benchmark,716,q1_user_by_id,0.16969999999999999,1,True,
benchmark,717,q1_user_by_id,0.1908,1,True,
benchmark,718,q1_user_by_id,0.17630000000000001,1,True,
benchmark,719,q1_user_by_id,0.23769999999999999,1,True,
benchmark,720,q1_user_by_id,0.18090000000000001,1,True,
benchmark,721,q1_user_by_id,0.19919999999999999,1,True,
benchmark,722,q1_user_by_id,0.1729,1,True,
benchmark,723,q1_user_by_id,0.1852,1,True,
benchmark,724,q1_user_by_id,0.16800000000000001,1,True,
benchmark,725,q1_user_by_id,0.17449999999999999,1,True,
benchmark,726,q1_user_by_id,0.21510000000000001,1,True,
benchmark,727,q1_user_by_id,0.18140000000000001,1,True,
benchmark,728,q1_user_by_id,0.1731,1,True,
benchmark,729,q1_user_by_id,0.1797,1,True,
benchmark,730,q1_user_by_id,0.1726,1,True,
benchmark,731,q1_user_by_id,0.17879999999999999,1,True,
benchmark,732,q1_user_by_id,0.1719,1,True,
benchmark,733,q1_user_by_id,0.17549999999999999,1,True,
benchmark,734,q1_user_by_id,0.18479999999999999,1,True,
benchmark,735,q1_user_by_id,0.17219999999999999,1,True,
benchmark,736,q1_user_by_id,0.183,1,True,
benchmark,737,q1_user_by_id,0.1787,1,True,
benchmark,738,q1_user_by_id,0.1782,1,True,
benchmark,739,q1_user_by_id,0.17949999999999999,1,True,
benchmark,740,q1_user_by_id,0.1739,1,True,
benchmark,741,q1_user_by_id,0.17299999999999999,1,True,
benchmark,742,q1_user_by_id,0.1739,1,True,
benchmark,743,q1_user_by_id,0.18129999999999999,1,True,
benchmark,744,q1_user_by_id,0.17610000000000001,1,True,
benchmark,745,q1_user_by_id,0.223,1,True,
benchmark,746,q1_user_by_id,0.1706,1,True,
benchmark,747,q1_user_by_id,0.18740000000000001,1,True,
benchmark,748,q1_user_by_id,0.18160000000000001,1,True,
benchmark,749,q1_user_by_id,0.1832,1,True,
benchmark,750,q1_user_by_id,0.1777,1,True,
benchmark,751,q1_user_by_id,0.26419999999999999,1,True,
benchmark,752,q1_user_by_id,0.19320000000000001,1,True,
benchmark,753,q1_user_by_id,0.2084,1,True,
benchmark,754,q1_user_by_id,0.21229999999999999,1,True,
benchmark,755,q1_user_by_id,0.22,1,True,
benchmark,756,q1_user_by_id,0.1757,1,True,
benchmark,757,q1_user_by_id,0.27460000000000001,1,True,
benchmark,758,q1_user_by_id,0.16950000000000001,1,True,
benchmark,759,q1_user_by_id,0.18329999999999999,1,True,
benchmark,760,q1_user_by_id,0.19739999999999999,1,True,
benchmark,761,q1_user_by_id,0.1794,1,True,
benchmark,762,q1_user_by_id,0.17799999999999999,1,True,
benchmark,763,q1_user_by_id,0.17549999999999999,1,True,
benchmark,764,q1_user_by_id,0.1623,1,True,
benchmark,765,q1_user_by_id,0.17849999999999999,1,True,
benchmark,766,q1_user_by_id,0.1787,1,True,
benchmark,767,q1_user_by_id,0.1706,1,True,
benchmark,768,q1_user_by_id,0.17949999999999999,1,True,
benchmark,769,q1_user_by_id,0.1822,1,True,
benchmark,770,q1_user_by_id,0.17760000000000001,1,True,
benchmark,771,q1_user_by_id,0.17860000000000001,1,True,
benchmark,772,q1_user_by_id,0.17269999999999999,1,True,
benchmark,773,q1_user_by_id,0.17810000000000001,1,True,
benchmark,774,q1_user_by_id,0.17899999999999999,1,True,
benchmark,775,q1_user_by_id,0.17199999999999999,1,True,
benchmark,776,q1_user_by_id,0.18029999999999999,1,True,
benchmark,777,q1_user_by_id,0.17929999999999999,1,True,
benchmark,778,q1_user_by_id,0.18579999999999999,1,True,
benchmark,779,q1_user_by_id,0.17480000000000001,1,True,
benchmark,780,q1_user_by_id,0.1716,1,True,
benchmark,781,q1_user_by_id,0.18340000000000001,1,True,
benchmark,782,q1_user_by_id,0.18129999999999999,1,True,
benchmark,783,q1_user_by_id,0.16750000000000001,1,True,
benchmark,784,q1_user_by_id,0.17299999999999999,1,True,
benchmark,785,q1_user_by_id,0.1817,1,True,
benchmark,786,q1_user_by_id,0.18540000000000001,1,True,
benchmark,787,q1_user_by_id,0.1694,1,True,
benchmark,788,q1_user_by_id,0.1643,1,True,
benchmark,789,q1_user_by_id,0.19359999999999999,1,True,
benchmark,790,q1_user_by_id,0.17960000000000001,1,True,
benchmark,791,q1_user_by_id,0.18029999999999999,1,True,
benchmark,792,q1_user_by_id,0.16569999999999999,1,True,
benchmark,793,q1_user_by_id,0.27560000000000001,1,True,
benchmark,794,q1_user_by_id,0.20699999999999999,1,True,
benchmark,795,q1_user_by_id,0.18920000000000001,1,True,
benchmark,796,q1_user_by_id,0.1923,1,True,
benchmark,797,q1_user_by_id,0.19689999999999999,1,True,
benchmark,798,q1_user_by_id,0.1928,1,True,
benchmark,799,q1_user_by_id,0.219,1,True,
benchmark,800,q1_user_by_id,0.19639999999999999,1,True,
benchmark,801,q1_user_by_id,0.53090000000000004,1,True,
benchmark,802,q1_user_by_id,0.24690000000000001,1,True,
benchmark,803,q1_user_by_id,0.2263,1,True,
benchmark,804,q1_user_by_id,0.20549999999999999,1,True,
benchmark,805,q1_user_by_id,0.20749999999999999,1,True,
benchmark,806,q1_user_by_id,0.1804,1,True,
benchmark,807,q1_user_by_id,0.1938,1,True,
benchmark,808,q1_user_by_id,0.1812,1,True,
benchmark,809,q1_user_by_id,0.186,1,True,
benchmark,810,q1_user_by_id,0.1908,1,True,
benchmark,811,q1_user_by_id,0.1865,1,True,
benchmark,812,q1_user_by_id,0.1681,1,True,
benchmark,813,q1_user_by_id,0.20200000000000001,1,True,
benchmark,814,q1_user_by_id,0.17530000000000001,1,True,
benchmark,815,q1_user_by_id,0.17449999999999999,1,True,
benchmark,816,q1_user_by_id,2.2892000000000001,1,True,
benchmark,817,q1_user_by_id,0.22650000000000001,1,True,
benchmark,818,q1_user_by_id,0.21510000000000001,1,True,
benchmark,819,q1_user_by_id,0.1787,1,True,
benchmark,820,q1_user_by_id,0.1903,1,True,
benchmark,821,q1_user_by_id,0.18759999999999999,1,True,
benchmark,822,q1_user_by_id,0.17949999999999999,1,True,
benchmark,823,q1_user_by_id,0.1714,1,True,
benchmark,824,q1_user_by_id,0.16350000000000001,1,True,
benchmark,825,q1_user_by_id,0.1792,1,True,
benchmark,826,q1_user_by_id,0.1749,1,True,
benchmark,827,q1_user_by_id,0.17999999999999999,1,True,
benchmark,828,q1_user_by_id,0.1767,1,True,
benchmark,829,q1_user_by_id,0.17469999999999999,1,True,
benchmark,830,q1_user_by_id,0.1711,1,True,
benchmark,831,q1_user_by_id,0.17699999999999999,1,True,
benchmark,832,q1_user_by_id,0.16930000000000001,1,True,
benchmark,833,q1_user_by_id,0.17849999999999999,1,True,
benchmark,834,q1_user_by_id,0.1769,1,True,
benchmark,835,q1_user_by_id,0.1767,1,True,
benchmark,836,q1_user_by_id,0.17280000000000001,1,True,
benchmark,837,q1_user_by_id,0.17419999999999999,1,True,
benchmark,838,q1_user_by_id,0.17180000000000001,1,True,
benchmark,839,q1_user_by_id,0.18770000000000001,1,True,
benchmark,840,q1_user_by_id,0.1676,1,True,
benchmark,841,q1_user_by_id,0.17860000000000001,1,True,
benchmark,842,q1_user_by_id,0.17399999999999999,1,True,
benchmark,843,q1_user_by_id,0.17849999999999999,1,True,
benchmark,844,q1_user_by_id,0.17879999999999999,1,True,
benchmark,845,q1_user_by_id,0.19359999999999999,1,True,
benchmark,846,q1_user_by_id,0.26500000000000001,1,True,
benchmark,847,q1_user_by_id,0.19170000000000001,1,True,
benchmark,848,q1_user_by_id,0.17829999999999999,1,True,
benchmark,849,q1_user_by_id,0.17000000000000001,1,True,
benchmark,850,q1_user_by_id,0.184,1,True,
benchmark,851,q1_user_by_id,0.30420000000000003,1,True,
benchmark,852,q1_user_by_id,0.193,1,True,
benchmark,853,q1_user_by_id,0.31230000000000002,1,True,
benchmark,854,q1_user_by_id,0.2132,1,True,
benchmark,855,q1_user_by_id,0.217,1,True,
benchmark,856,q1_user_by_id,0.1827,1,True,
benchmark,857,q1_user_by_id,0.17469999999999999,1,True,
benchmark,858,q1_user_by_id,0.1769,1,True,
benchmark,859,q1_user_by_id,0.17560000000000001,1,True,
benchmark,860,q1_user_by_id,0.1729,1,True,
benchmark,861,q1_user_by_id,0.19980000000000001,1,True,
benchmark,862,q1_user_by_id,0.1754,1,True,
benchmark,863,q1_user_by_id,0.18909999999999999,1,True,
benchmark,864,q1_user_by_id,0.1784,1,True,
benchmark,865,q1_user_by_id,0.18509999999999999,1,True,
benchmark,866,q1_user_by_id,0.18179999999999999,1,True,
benchmark,867,q1_user_by_id,0.17599999999999999,1,True,
benchmark,868,q1_user_by_id,0.1704,1,True,
benchmark,869,q1_user_by_id,0.17319999999999999,1,True,
benchmark,870,q1_user_by_id,0.17549999999999999,1,True,
benchmark,871,q1_user_by_id,0.17849999999999999,1,True,
benchmark,872,q1_user_by_id,0.16889999999999999,1,True,
benchmark,873,q1_user_by_id,0.17369999999999999,1,True,
benchmark,874,q1_user_by_id,0.1757,1,True,
benchmark,875,q1_user_by_id,0.18729999999999999,1,True,
benchmark,876,q1_user_by_id,0.17280000000000001,1,True,
benchmark,877,q1_user_by_id,0.17000000000000001,1,True,
benchmark,878,q1_user_by_id,0.17530000000000001,1,True,
benchmark,879,q1_user_by_id,0.1797,1,True,
benchmark,880,q1_user_by_id,0.16900000000000001,1,True,
benchmark,881,q1_user_by_id,0.1729,1,True,
benchmark,882,q1_user_by_id,0.16689999999999999,1,True,
benchmark,883,q1_user_by_id,0.17399999999999999,1,True,
benchmark,884,q1_user_by_id,0.18579999999999999,1,True,
benchmark,885,q1_user_by_id,0.19750000000000001,1,True,
benchmark,886,q1_user_by_id,0.17249999999999999,1,True,
benchmark,887,q1_user_by_id,0.17030000000000001,1,True,
benchmark,888,q1_user_by_id,0.185,1,True,
benchmark,889,q1_user_by_id,0.19819999999999999,1,True,
benchmark,890,q1_user_by_id,0.1988,1,True,
benchmark,891,q1_user_by_id,0.20580000000000001,1,True,
benchmark,892,q1_user_by_id,0.16700000000000001,1,True,
benchmark,893,q1_user_by_id,0.17219999999999999,1,True,
benchmark,894,q1_user_by_id,0.1699,1,True,
benchmark,895,q1_user_by_id,0.1658,1,True,
benchmark,896,q1_user_by_id,0.20000000000000001,1,True,
benchmark,897,q1_user_by_id,0.215,1,True,
benchmark,898,q1_user_by_id,0.1817,1,True,
benchmark,899,q1_user_by_id,0.1769,1,True,
benchmark,900,q1_user_by_id,0.1807,1,True,
benchmark,901,q1_user_by_id,0.6038,1,True,
benchmark,902,q1_user_by_id,0.26400000000000001,1,True,
benchmark,903,q1_user_by_id,0.19980000000000001,1,True,
benchmark,904,q1_user_by_id,0.19620000000000001,1,True,
benchmark,905,q1_user_by_id,0.19389999999999999,1,True,
benchmark,906,q1_user_by_id,0.18870000000000001,1,True,
benchmark,907,q1_user_by_id,0.1855,1,True,
benchmark,908,q1_user_by_id,0.17749999999999999,1,True,
benchmark,909,q1_user_by_id,0.17660000000000001,1,True,
benchmark,910,q1_user_by_id,0.1804,1,True,
benchmark,911,q1_user_by_id,0.18149999999999999,1,True,
benchmark,912,q1_user_by_id,0.251,1,True,
benchmark,913,q1_user_by_id,0.18459999999999999,1,True,
benchmark,914,q1_user_by_id,0.2079,1,True,
benchmark,915,q1_user_by_id,0.187,1,True,
benchmark,916,q1_user_by_id,0.19059999999999999,1,True,
benchmark,917,q1_user_by_id,0.20780000000000001,1,True,
benchmark,918,q1_user_by_id,0.20979999999999999,1,True,
benchmark,919,q1_user_by_id,0.19020000000000001,1,True,
benchmark,920,q1_user_by_id,0.2072,1,True,
benchmark,921,q1_user_by_id,0.23069999999999999,1,True,
benchmark,922,q1_user_by_id,0.184,1,True,
benchmark,923,q1_user_by_id,0.1696,1,True,
benchmark,924,q1_user_by_id,0.1908,1,True,
benchmark,925,q1_user_by_id,0.17399999999999999,1,True,
benchmark,926,q1_user_by_id,0.18099999999999999,1,True,
benchmark,927,q1_user_by_id,0.1822,1,True,
benchmark,928,q1_user_by_id,0.18060000000000001,1,True,
benchmark,929,q1_user_by_id,0.17100000000000001,1,True,
benchmark,930,q1_user_by_id,0.16980000000000001,1,True,
benchmark,931,q1_user_by_id,0.1789,1,True,
benchmark,932,q1_user_by_id,0.18329999999999999,1,True,
benchmark,933,q1_user_by_id,0.16170000000000001,1,True,
benchmark,934,q1_user_by_id,0.17449999999999999,1,True,
benchmark,935,q1_user_by_id,0.17380000000000001,1,True,
benchmark,936,q1_user_by_id,0.17849999999999999,1,True,
benchmark,937,q1_user_by_id,0.18179999999999999,1,True,
benchmark,938,q1_user_by_id,0.18559999999999999,1,True,
benchmark,939,q1_user_by_id,0.18490000000000001,1,True,
benchmark,940,q1_user_by_id,0.16220000000000001,1,True,
benchmark,941,q1_user_by_id,0.186,1,True,
benchmark,942,q1_user_by_id,0.17510000000000001,1,True,
benchmark,943,q1_user_by_id,0.17330000000000001,1,True,
benchmark,944,q1_user_by_id,0.19539999999999999,1,True,
benchmark,945,q1_user_by_id,0.20949999999999999,1,True,
benchmark,946,q1_user_by_id,0.1646,1,True,
benchmark,947,q1_user_by_id,0.17230000000000001,1,True,
benchmark,948,q1_user_by_id,0.17780000000000001,1,True,
benchmark,949,q1_user_by_id,0.25419999999999998,1,True,
benchmark,950,q1_user_by_id,0.1802,1,True,
benchmark,951,q1_user_by_id,0.2417,1,True,
benchmark,952,q1_user_by_id,0.2051,1,True,
benchmark,953,q1_user_by_id,0.16569999999999999,1,True,
benchmark,954,q1_user_by_id,0.20150000000000001,1,True,
benchmark,955,q1_user_by_id,0.17630000000000001,1,True,
benchmark,956,q1_user_by_id,0.1673,1,True,
benchmark,957,q1_user_by_id,0.16270000000000001,1,True,
benchmark,958,q1_user_by_id,0.18890000000000001,1,True,
benchmark,959,q1_user_by_id,0.1792,1,True,
benchmark,960,q1_user_by_id,0.17560000000000001,1,True,
benchmark,961,q1_user_by_id,0.17599999999999999,1,True,
benchmark,962,q1_user_by_id,0.16250000000000001,1,True,
benchmark,963,q1_user_by_id,0.17449999999999999,1,True,
benchmark,964,q1_user_by_id,0.20449999999999999,1,True,
benchmark,965,q1_user_by_id,0.16900000000000001,1,True,
benchmark,966,q1_user_by_id,0.23719999999999999,1,True,
benchmark,967,q1_user_by_id,0.16669999999999999,1,True,
benchmark,968,q1_user_by_id,0.1623,1,True,
benchmark,969,q1_user_by_id,0.17599999999999999,1,True,
benchmark,970,q1_user_by_id,0.19850000000000001,1,True,
benchmark,971,q1_user_by_id,0.1802,1,True,
benchmark,972,q1_user_by_id,0.1847,1,True,
benchmark,973,q1_user_by_id,0.1845,1,True,
benchmark,974,q1_user_by_id,0.18340000000000001,1,True,
benchmark,975,q1_user_by_id,0.1762,1,True,
benchmark,976,q1_user_by_id,0.1704,1,True,
benchmark,977,q1_user_by_id,0.17349999999999999,1,True,
benchmark,978,q1_user_by_id,0.18149999999999999,1,True,
benchmark,979,q1_user_by_id,0.17219999999999999,1,True,
benchmark,980,q1_user_by_id,0.18229999999999999,1,True,
benchmark,981,q1_user_by_id,0.1799,1,True,
benchmark,982,q1_user_by_id,0.18779999999999999,1,True,
benchmark,983,q1_user_by_id,0.1777,1,True,
benchmark,984,q1_user_by_id,0.18640000000000001,1,True,
benchmark,985,q1_user_by_id,0.18110000000000001,1,True,
benchmark,986,q1_user_by_id,0.1736,1,True,
benchmark,987,q1_user_by_id,0.17699999999999999,1,True,
benchmark,988,q1_user_by_id,0.1704,1,True,
benchmark,989,q1_user_by_id,0.17799999999999999,1,True,
benchmark,990,q1_user_by_id,0.1827,1,True,
benchmark,991,q1_user_by_id,0.1661,1,True,
benchmark,992,q1_user_by_id,0.18229999999999999,1,True,
benchmark,993,q1_user_by_id,0.1653,1,True,
benchmark,994,q1_user_by_id,0.17910000000000001,1,True,
benchmark,995,q1_user_by_id,0.17660000000000001,1,True,
benchmark,996,q1_user_by_id,0.18110000000000001,1,True,
benchmark,997,q1_user_by_id,0.16739999999999999,1,True,
benchmark,998,q1_user_by_id,0.16059999999999999,1,True,
benchmark,999,q1_user_by_id,0.1646,1,True,
benchmark,1000,q1_user_by_id,0.17580000000000001,1,True,
benchmark,1,q2_all_users,6.1317000000000004,200,True,
benchmark,2,q2_all_users,6.2967000000000004,200,True,
benchmark,3,q2_all_users,20.137699999999999,200,True,
benchmark,4,q2_all_users,5.9729000000000001,200,True,
benchmark,5,q2_all_users,7.4618000000000002,200,True,
benchmark,6,q2_all_users,6.5286,200,True,
benchmark,7,q2_all_users,13.4442,200,True,
benchmark,8,q2_all_users,7.2739000000000003,200,True,
benchmark,9,q2_all_users,7.6112000000000002,200,True,
benchmark,10,q2_all_users,5.8164999999999996,200,True,
benchmark,11,q2_all_users,14.487500000000001,200,True,
benchmark,12,q2_all_users,8.4223999999999997,200,True,
benchmark,13,q2_all_users,6.6260000000000003,200,True,
benchmark,14,q2_all_users,6.4709000000000003,200,True,
benchmark,15,q2_all_users,11.976000000000001,200,True,
benchmark,16,q2_all_users,8.4626999999999999,200,True,
benchmark,17,q2_all_users,5.3521999999999998,200,True,
benchmark,18,q2_all_users,6.7055999999999996,200,True,
benchmark,19,q2_all_users,12.673999999999999,200,True,
benchmark,20,q2_all_users,8.4297000000000004,200,True,
benchmark,21,q2_all_users,5.0526999999999997,200,True,
benchmark,22,q2_all_users,5.2035999999999998,200,True,
benchmark,23,q2_all_users,12.470800000000001,200,True,
benchmark,24,q2_all_users,6.9302999999999999,200,True,
benchmark,25,q2_all_users,5.7126999999999999,200,True,
benchmark,26,q2_all_users,5.8032000000000004,200,True,
benchmark,27,q2_all_users,12.934699999999999,200,True,
benchmark,28,q2_all_users,7.7675999999999998,200,True,
benchmark,29,q2_all_users,6.9717000000000002,200,True,
benchmark,30,q2_all_users,6.9645999999999999,200,True,
benchmark,31,q2_all_users,13.662000000000001,200,True,
benchmark,32,q2_all_users,8.8338999999999999,200,True,
benchmark,33,q2_all_users,6.9885000000000002,200,True,
benchmark,34,q2_all_users,5.4835000000000003,200,True,
benchmark,35,q2_all_users,13.6739,200,True,
benchmark,36,q2_all_users,6.9622000000000002,200,True,
benchmark,37,q2_all_users,7.4772999999999996,200,True,
benchmark,38,q2_all_users,6.9955999999999996,200,True,
benchmark,39,q2_all_users,12.663500000000001,200,True,
benchmark,40,q2_all_users,5.5917000000000003,200,True,
benchmark,41,q2_all_users,8.3366000000000007,200,True,
benchmark,42,q2_all_users,5.5488999999999997,200,True,
benchmark,43,q2_all_users,13.502700000000001,200,True,
benchmark,44,q2_all_users,7.1936999999999998,200,True,
benchmark,45,q2_all_users,7.4260000000000002,200,True,
benchmark,46,q2_all_users,5.5495999999999999,200,True,
benchmark,47,q2_all_users,13.2974,200,True,
benchmark,48,q2_all_users,6.0052000000000003,200,True,
benchmark,49,q2_all_users,8.3770000000000007,200,True,
benchmark,50,q2_all_users,6.0034999999999998,200,True,
benchmark,51,q2_all_users,13.3306,200,True,
benchmark,52,q2_all_users,6.9812000000000003,200,True,
benchmark,53,q2_all_users,9.1205999999999996,200,True,
benchmark,54,q2_all_users,6.6288999999999998,200,True,
benchmark,55,q2_all_users,12.0389,200,True,
benchmark,56,q2_all_users,7.0770999999999997,200,True,
benchmark,57,q2_all_users,9.5229999999999997,200,True,
benchmark,58,q2_all_users,7.6604000000000001,200,True,
benchmark,59,q2_all_users,12.2287,200,True,
benchmark,60,q2_all_users,6.9229000000000003,200,True,
benchmark,61,q2_all_users,5.8198999999999996,200,True,
benchmark,62,q2_all_users,9.1631999999999998,200,True,
benchmark,63,q2_all_users,12.750999999999999,200,True,
benchmark,64,q2_all_users,6.7191999999999998,200,True,
benchmark,65,q2_all_users,5.4465000000000003,200,True,
benchmark,66,q2_all_users,9.3977000000000004,200,True,
benchmark,67,q2_all_users,13.0227,200,True,
benchmark,68,q2_all_users,6.4813000000000001,200,True,
benchmark,69,q2_all_users,5.2468000000000004,200,True,
benchmark,70,q2_all_users,8.4331999999999994,200,True,
benchmark,71,q2_all_users,12.607200000000001,200,True,
benchmark,72,q2_all_users,5.7797999999999998,200,True,
benchmark,73,q2_all_users,5.508,200,True,
benchmark,74,q2_all_users,8.6068999999999996,200,True,
benchmark,75,q2_all_users,13.3421,200,True,
benchmark,76,q2_all_users,6.8075000000000001,200,True,
benchmark,77,q2_all_users,5.7220000000000004,200,True,
benchmark,78,q2_all_users,9.2858000000000001,200,True,
benchmark,79,q2_all_users,11.9032,200,True,
benchmark,80,q2_all_users,6.6845999999999997,200,True,
benchmark,81,q2_all_users,5.6031000000000004,200,True,
benchmark,82,q2_all_users,10.091699999999999,200,True,
benchmark,83,q2_all_users,11.7349,200,True,
benchmark,84,q2_all_users,6.9048999999999996,200,True,
benchmark,85,q2_all_users,6.8041,200,True,
benchmark,86,q2_all_users,10.1412,200,True,
benchmark,87,q2_all_users,13.054399999999999,200,True,
benchmark,88,q2_all_users,5.6634000000000002,200,True,
benchmark,89,q2_all_users,7.0434999999999999,200,True,
benchmark,90,q2_all_users,6.3936999999999999,200,True,
benchmark,91,q2_all_users,14.466100000000001,200,True,
benchmark,92,q2_all_users,6.9493,200,True,
benchmark,93,q2_all_users,7.5709999999999997,200,True,
benchmark,94,q2_all_users,5.2653999999999996,200,True,
benchmark,95,q2_all_users,15.0456,200,True,
benchmark,96,q2_all_users,6.3799999999999999,200,True,
benchmark,97,q2_all_users,6.8789999999999996,200,True,
benchmark,98,q2_all_users,6.9349999999999996,200,True,
benchmark,99,q2_all_users,15.3583,200,True,
benchmark,100,q2_all_users,5.8547000000000002,200,True,
benchmark,101,q2_all_users,5.7766999999999999,200,True,
benchmark,102,q2_all_users,5.1612,200,True,
benchmark,103,q2_all_users,15.154500000000001,200,True,
benchmark,104,q2_all_users,5.8013000000000003,200,True,
benchmark,105,q2_all_users,5.5063000000000004,200,True,
benchmark,106,q2_all_users,5.9645000000000001,200,True,
benchmark,107,q2_all_users,13.999499999999999,200,True,
benchmark,108,q2_all_users,6.5206999999999997,200,True,
benchmark,109,q2_all_users,5.7796000000000003,200,True,
benchmark,110,q2_all_users,6.9269999999999996,200,True,
benchmark,111,q2_all_users,13.759600000000001,200,True,
benchmark,112,q2_all_users,5.5739999999999998,200,True,
benchmark,113,q2_all_users,7.4672000000000001,200,True,
benchmark,114,q2_all_users,6.2077,200,True,
benchmark,115,q2_all_users,13.8757,200,True,
benchmark,116,q2_all_users,7.9786999999999999,200,True,
benchmark,117,q2_all_users,7.0688000000000004,200,True,
benchmark,118,q2_all_users,5.5679999999999996,200,True,
benchmark,119,q2_all_users,13.6235,200,True,
benchmark,120,q2_all_users,8.5272000000000006,200,True,
benchmark,121,q2_all_users,7.0564999999999998,200,True,
benchmark,122,q2_all_users,7.5225,200,True,
benchmark,123,q2_all_users,12.806699999999999,200,True,
benchmark,124,q2_all_users,7.7553999999999998,200,True,
benchmark,125,q2_all_users,6.9493999999999998,200,True,
benchmark,126,q2_all_users,6.6550000000000002,200,True,
benchmark,127,q2_all_users,13.492000000000001,200,True,
benchmark,128,q2_all_users,8.2591999999999999,200,True,
benchmark,129,q2_all_users,5.3417000000000003,200,True,
benchmark,130,q2_all_users,5.4790000000000001,200,True,
benchmark,131,q2_all_users,12.8233,200,True,
benchmark,132,q2_all_users,8.3032000000000004,200,True,
benchmark,133,q2_all_users,5.6821999999999999,200,True,
benchmark,134,q2_all_users,6.96,200,True,
benchmark,135,q2_all_users,13.428000000000001,200,True,
benchmark,136,q2_all_users,8.6024999999999991,200,True,
benchmark,137,q2_all_users,6.2656999999999998,200,True,
benchmark,138,q2_all_users,6.3795000000000002,200,True,
benchmark,139,q2_all_users,14.0776,200,True,
benchmark,140,q2_all_users,7.5990000000000002,200,True,
benchmark,141,q2_all_users,5.8621999999999996,200,True,
benchmark,142,q2_all_users,7.3735999999999997,200,True,
benchmark,143,q2_all_users,13.8325,200,True,
benchmark,144,q2_all_users,6.5965999999999996,200,True,
benchmark,145,q2_all_users,7.6992000000000003,200,True,
benchmark,146,q2_all_users,6.8177000000000003,200,True,
benchmark,147,q2_all_users,13.893000000000001,200,True,
benchmark,148,q2_all_users,6.1260000000000003,200,True,
benchmark,149,q2_all_users,7.2621000000000002,200,True,
benchmark,150,q2_all_users,6.0964,200,True,
benchmark,151,q2_all_users,15.2562,200,True,
benchmark,152,q2_all_users,7.1315999999999997,200,True,
benchmark,153,q2_all_users,8.4016999999999999,200,True,
benchmark,154,q2_all_users,6.9012000000000002,200,True,
benchmark,155,q2_all_users,13.57,200,True,
benchmark,156,q2_all_users,6.9241000000000001,200,True,
benchmark,157,q2_all_users,9.1504999999999992,200,True,
benchmark,158,q2_all_users,5.2706,200,True,
benchmark,159,q2_all_users,13.7705,200,True,
benchmark,160,q2_all_users,6.3487999999999998,200,True,
benchmark,161,q2_all_users,8.0549999999999997,200,True,
benchmark,162,q2_all_users,6.5614999999999997,200,True,
benchmark,163,q2_all_users,11.8581,200,True,
benchmark,164,q2_all_users,5.8392999999999997,200,True,
benchmark,165,q2_all_users,8.3859999999999992,200,True,
benchmark,166,q2_all_users,6.6398999999999999,200,True,
benchmark,167,q2_all_users,13.3775,200,True,
benchmark,168,q2_all_users,5.5411999999999999,200,True,
benchmark,169,q2_all_users,9.7074999999999996,200,True,
benchmark,170,q2_all_users,5.6344000000000003,200,True,
benchmark,171,q2_all_users,11.360300000000001,200,True,
benchmark,172,q2_all_users,5.899,200,True,
benchmark,173,q2_all_users,7.0186000000000002,200,True,
benchmark,174,q2_all_users,8.0640999999999998,200,True,
benchmark,175,q2_all_users,12.704599999999999,200,True,
benchmark,176,q2_all_users,5.6858000000000004,200,True,
benchmark,177,q2_all_users,6.6204999999999998,200,True,
benchmark,178,q2_all_users,8.3156999999999996,200,True,
benchmark,179,q2_all_users,13.263400000000001,200,True,
benchmark,180,q2_all_users,6.7625000000000002,200,True,
benchmark,181,q2_all_users,5.5986000000000002,200,True,
benchmark,182,q2_all_users,10.9489,200,True,
benchmark,183,q2_all_users,5.6512000000000002,200,True,
benchmark,184,q2_all_users,5.7051999999999996,200,True,
benchmark,185,q2_all_users,6.9733999999999998,200,True,
benchmark,186,q2_all_users,14.5556,200,True,
benchmark,187,q2_all_users,6.8914999999999997,200,True,
benchmark,188,q2_all_users,6.8232999999999997,200,True,
benchmark,189,q2_all_users,6.9817,200,True,
benchmark,190,q2_all_users,15.2875,200,True,
benchmark,191,q2_all_users,6.9184000000000001,200,True,
benchmark,192,q2_all_users,6.1878000000000002,200,True,
benchmark,193,q2_all_users,6.9260999999999999,200,True,
benchmark,194,q2_all_users,15.0944,200,True,
benchmark,195,q2_all_users,6.6193999999999997,200,True,
benchmark,196,q2_all_users,6.4480000000000004,200,True,
benchmark,197,q2_all_users,5.6513999999999998,200,True,
benchmark,198,q2_all_users,13.5372,200,True,
benchmark,199,q2_all_users,7.2441000000000004,200,True,
benchmark,200,q2_all_users,5.6736000000000004,200,True,
benchmark,201,q2_all_users,6.3628,200,True,
benchmark,202,q2_all_users,13.295299999999999,200,True,
benchmark,203,q2_all_users,7.0373000000000001,200,True,
benchmark,204,q2_all_users,6.1574999999999998,200,True,
benchmark,205,q2_all_users,7.3414999999999999,200,True,
benchmark,206,q2_all_users,14.952500000000001,200,True,
benchmark,207,q2_all_users,8.2409999999999997,200,True,
benchmark,208,q2_all_users,5.7175000000000002,200,True,
benchmark,209,q2_all_users,6.9374000000000002,200,True,
benchmark,210,q2_all_users,14.0573,200,True,
benchmark,211,q2_all_users,8.6273999999999997,200,True,
benchmark,212,q2_all_users,6.1144999999999996,200,True,
benchmark,213,q2_all_users,6.2995000000000001,200,True,
benchmark,214,q2_all_users,12.258599999999999,200,True,
benchmark,215,q2_all_users,8.2851999999999997,200,True,
benchmark,216,q2_all_users,5.6803999999999997,200,True,
benchmark,217,q2_all_users,6.6626000000000003,200,True,
benchmark,218,q2_all_users,12.176600000000001,200,True,
benchmark,219,q2_all_users,7.4461000000000004,200,True,
benchmark,220,q2_all_users,7.0884,200,True,
benchmark,221,q2_all_users,5.3038999999999996,200,True,
benchmark,222,q2_all_users,12.631399999999999,200,True,
benchmark,223,q2_all_users,7.8085000000000004,200,True,
benchmark,224,q2_all_users,5.1852,200,True,
benchmark,225,q2_all_users,6.4814999999999996,200,True,
benchmark,226,q2_all_users,13.6838,200,True,
benchmark,227,q2_all_users,5.5814000000000004,200,True,
benchmark,228,q2_all_users,7.6547000000000001,200,True,
benchmark,229,q2_all_users,6.7241999999999997,200,True,
benchmark,230,q2_all_users,13.3047,200,True,
benchmark,231,q2_all_users,6.6007999999999996,200,True,
benchmark,232,q2_all_users,7.7591999999999999,200,True,
benchmark,233,q2_all_users,6.8757999999999999,200,True,
benchmark,234,q2_all_users,12.139799999999999,200,True,
benchmark,235,q2_all_users,6.3903999999999996,200,True,
benchmark,236,q2_all_users,7.3913000000000002,200,True,
benchmark,237,q2_all_users,5.8792,200,True,
benchmark,238,q2_all_users,13.503299999999999,200,True,
benchmark,239,q2_all_users,6.8798000000000004,200,True,
benchmark,240,q2_all_users,9.1072000000000006,200,True,
benchmark,241,q2_all_users,6.9733000000000001,200,True,
benchmark,242,q2_all_users,12.155200000000001,200,True,
benchmark,243,q2_all_users,6.9336000000000002,200,True,
benchmark,244,q2_all_users,8.9116,200,True,
benchmark,245,q2_all_users,5.3403999999999998,200,True,
benchmark,246,q2_all_users,11.671900000000001,200,True,
benchmark,247,q2_all_users,6.6821999999999999,200,True,
benchmark,248,q2_all_users,8.0733999999999995,200,True,
benchmark,249,q2_all_users,6.7657999999999996,200,True,
benchmark,250,q2_all_users,13.278700000000001,200,True,
benchmark,251,q2_all_users,6.5627000000000004,200,True,
benchmark,252,q2_all_users,8.9992000000000001,200,True,
benchmark,253,q2_all_users,7.085,200,True,
benchmark,254,q2_all_users,13.5997,200,True,
benchmark,255,q2_all_users,5.7496,200,True,
benchmark,256,q2_all_users,5.7675999999999998,200,True,
benchmark,257,q2_all_users,7.9196999999999997,200,True,
benchmark,258,q2_all_users,12.0848,200,True,
benchmark,259,q2_all_users,6.7041000000000004,200,True,
benchmark,260,q2_all_users,6.9534000000000002,200,True,
benchmark,261,q2_all_users,8.2219999999999995,200,True,
benchmark,262,q2_all_users,12.9651,200,True,
benchmark,263,q2_all_users,6.7960000000000003,200,True,
benchmark,264,q2_all_users,6.8438999999999997,200,True,
benchmark,265,q2_all_users,9.8579000000000008,200,True,
benchmark,266,q2_all_users,13.231999999999999,200,True,
benchmark,267,q2_all_users,6.6775000000000002,200,True,
benchmark,268,q2_all_users,5.7441000000000004,200,True,
benchmark,269,q2_all_users,9.1289999999999996,200,True,
benchmark,270,q2_all_users,11.896100000000001,200,True,
benchmark,271,q2_all_users,7.0743999999999998,200,True,
benchmark,272,q2_all_users,4.9771000000000001,200,True,
benchmark,273,q2_all_users,8.9105000000000008,200,True,
benchmark,274,q2_all_users,13.1989,200,True,
benchmark,275,q2_all_users,6.7645,200,True,
benchmark,276,q2_all_users,6.5167000000000002,200,True,
benchmark,277,q2_all_users,8.6585000000000001,200,True,
benchmark,278,q2_all_users,11.5,200,True,
benchmark,279,q2_all_users,6.2445000000000004,200,True,
benchmark,280,q2_all_users,5.4973999999999998,200,True,
benchmark,281,q2_all_users,6.9800000000000004,200,True,
benchmark,282,q2_all_users,13.982900000000001,200,True,
benchmark,283,q2_all_users,5.8014999999999999,200,True,
benchmark,284,q2_all_users,6.6406000000000001,200,True,
benchmark,285,q2_all_users,6.2282999999999999,200,True,
benchmark,286,q2_all_users,14.9536,200,True,
benchmark,287,q2_all_users,6.8132999999999999,200,True,
benchmark,288,q2_all_users,6.6174999999999997,200,True,
benchmark,289,q2_all_users,6.0022000000000002,200,True,
benchmark,290,q2_all_users,15.009499999999999,200,True,
benchmark,291,q2_all_users,7.0232000000000001,200,True,
benchmark,292,q2_all_users,5.319,200,True,
benchmark,293,q2_all_users,5.4850000000000003,200,True,
benchmark,294,q2_all_users,14.407299999999999,200,True,
benchmark,295,q2_all_users,6.9775,200,True,
benchmark,296,q2_all_users,6.3853,200,True,
benchmark,297,q2_all_users,5.3273000000000001,200,True,
benchmark,298,q2_all_users,13.2525,200,True,
benchmark,299,q2_all_users,5.5712999999999999,200,True,
benchmark,300,q2_all_users,6.9146000000000001,200,True,
benchmark,301,q2_all_users,6.1113,200,True,
benchmark,302,q2_all_users,14.892799999999999,200,True,
benchmark,303,q2_all_users,5.7984,200,True,
benchmark,304,q2_all_users,7.4595000000000002,200,True,
benchmark,305,q2_all_users,5.6616,200,True,
benchmark,306,q2_all_users,14.280200000000001,200,True,
benchmark,307,q2_all_users,6.9029999999999996,200,True,
benchmark,308,q2_all_users,7.0982000000000003,200,True,
benchmark,309,q2_all_users,5.5058999999999996,200,True,
benchmark,310,q2_all_users,14.231400000000001,200,True,
benchmark,311,q2_all_users,7.7321,200,True,
benchmark,312,q2_all_users,6.5975000000000001,200,True,
benchmark,313,q2_all_users,6.8601999999999999,200,True,
benchmark,314,q2_all_users,13.651300000000001,200,True,
benchmark,315,q2_all_users,8.4345999999999997,200,True,
benchmark,316,q2_all_users,5.6017999999999999,200,True,
benchmark,317,q2_all_users,6.8246000000000002,200,True,
benchmark,318,q2_all_users,14.0624,200,True,
benchmark,319,q2_all_users,7.7899000000000003,200,True,
benchmark,320,q2_all_users,5.5358000000000001,200,True,
benchmark,321,q2_all_users,7.2388000000000003,200,True,
benchmark,322,q2_all_users,12.6982,200,True,
benchmark,323,q2_all_users,7.8497000000000003,200,True,
benchmark,324,q2_all_users,6.6379999999999999,200,True,
benchmark,325,q2_all_users,5.7060000000000004,200,True,
benchmark,326,q2_all_users,12.4147,200,True,
benchmark,327,q2_all_users,8.5995000000000008,200,True,
benchmark,328,q2_all_users,5.3163999999999998,200,True,
benchmark,329,q2_all_users,5.6199000000000003,200,True,
benchmark,330,q2_all_users,13.4678,200,True,
benchmark,331,q2_all_users,8.3280999999999992,200,True,
benchmark,332,q2_all_users,6.4573999999999998,200,True,
benchmark,333,q2_all_users,6.1105999999999998,200,True,
benchmark,334,q2_all_users,13.0505,200,True,
benchmark,335,q2_all_users,9.1654999999999998,200,True,
benchmark,336,q2_all_users,6.8981000000000003,200,True,
benchmark,337,q2_all_users,6.5460000000000003,200,True,
benchmark,338,q2_all_users,5.4345999999999997,200,True,
benchmark,339,q2_all_users,12.413500000000001,200,True,
benchmark,340,q2_all_users,7.0437000000000003,200,True,
benchmark,341,q2_all_users,6.8116000000000003,200,True,
benchmark,342,q2_all_users,6.8685,200,True,
benchmark,343,q2_all_users,11.9282,200,True,
benchmark,344,q2_all_users,7.1082000000000001,200,True,
benchmark,345,q2_all_users,6.9776999999999996,200,True,
benchmark,346,q2_all_users,7.0434999999999999,200,True,
benchmark,347,q2_all_users,13.7066,200,True,
benchmark,348,q2_all_users,8.0808,200,True,
benchmark,349,q2_all_users,7.0781999999999998,200,True,
benchmark,350,q2_all_users,6.1818,200,True,
benchmark,351,q2_all_users,13.604200000000001,200,True,
benchmark,352,q2_all_users,7.8334999999999999,200,True,
benchmark,353,q2_all_users,6.3855000000000004,200,True,
benchmark,354,q2_all_users,5.1677999999999997,200,True,
benchmark,355,q2_all_users,14.5707,200,True,
benchmark,356,q2_all_users,7.9909999999999997,200,True,
benchmark,357,q2_all_users,6.6910999999999996,200,True,
benchmark,358,q2_all_users,5.8250000000000002,200,True,
benchmark,359,q2_all_users,13.466900000000001,200,True,
benchmark,360,q2_all_users,8.1157000000000004,200,True,
benchmark,361,q2_all_users,6.1479999999999997,200,True,
benchmark,362,q2_all_users,10.946300000000001,200,True,
benchmark,363,q2_all_users,13.2654,200,True,
benchmark,364,q2_all_users,8.0312999999999999,200,True,
benchmark,365,q2_all_users,5.7901999999999996,200,True,
benchmark,366,q2_all_users,6.1582999999999997,200,True,
benchmark,367,q2_all_users,14.320399999999999,200,True,
benchmark,368,q2_all_users,6.0631000000000004,200,True,
benchmark,369,q2_all_users,7.9943,200,True,
benchmark,370,q2_all_users,6.4619999999999997,200,True,
benchmark,371,q2_all_users,12.180999999999999,200,True,
benchmark,372,q2_all_users,6.8672000000000004,200,True,
benchmark,373,q2_all_users,8.1925000000000008,200,True,
benchmark,374,q2_all_users,5.6844999999999999,200,True,
benchmark,375,q2_all_users,12.5101,200,True,
benchmark,376,q2_all_users,6.9687000000000001,200,True,
benchmark,377,q2_all_users,8.7335999999999991,200,True,
benchmark,378,q2_all_users,5.5709,200,True,
benchmark,379,q2_all_users,13.2897,200,True,
benchmark,380,q2_all_users,6.5928000000000004,200,True,
benchmark,381,q2_all_users,7.5486000000000004,200,True,
benchmark,382,q2_all_users,6.7521000000000004,200,True,
benchmark,383,q2_all_users,12.167400000000001,200,True,
benchmark,384,q2_all_users,6.4711999999999996,200,True,
benchmark,385,q2_all_users,8.0637000000000008,200,True,
benchmark,386,q2_all_users,6.8550000000000004,200,True,
benchmark,387,q2_all_users,13.423400000000001,200,True,
benchmark,388,q2_all_users,6.5438999999999998,200,True,
benchmark,389,q2_all_users,9.3829999999999991,200,True,
benchmark,390,q2_all_users,6.8803000000000001,200,True,
benchmark,391,q2_all_users,11.9992,200,True,
benchmark,392,q2_all_users,5.0255000000000001,200,True,
benchmark,393,q2_all_users,8.3249999999999993,200,True,
benchmark,394,q2_all_users,7.4901999999999997,200,True,
benchmark,395,q2_all_users,11.489000000000001,200,True,
benchmark,396,q2_all_users,5.5677000000000003,200,True,
benchmark,397,q2_all_users,5.7291999999999996,200,True,
benchmark,398,q2_all_users,9.5305999999999997,200,True,
benchmark,399,q2_all_users,12.1007,200,True,
benchmark,400,q2_all_users,6.0826000000000002,200,True,
benchmark,401,q2_all_users,6.8171999999999997,200,True,
benchmark,402,q2_all_users,9.3460999999999999,200,True,
benchmark,403,q2_all_users,12.2203,200,True,
benchmark,404,q2_all_users,5.8879000000000001,200,True,
benchmark,405,q2_all_users,6.5922000000000001,200,True,
benchmark,406,q2_all_users,9.8641000000000005,200,True,
benchmark,407,q2_all_users,11.9186,200,True,
benchmark,408,q2_all_users,6.8947000000000003,200,True,
benchmark,409,q2_all_users,5.7401999999999997,200,True,
benchmark,410,q2_all_users,8.6090999999999998,200,True,
benchmark,411,q2_all_users,12.398199999999999,200,True,
benchmark,412,q2_all_users,7.4303999999999997,200,True,
benchmark,413,q2_all_users,5.3830999999999998,200,True,
benchmark,414,q2_all_users,9.8027999999999995,200,True,
benchmark,415,q2_all_users,13.0387,200,True,
benchmark,416,q2_all_users,6.6825999999999999,200,True,
benchmark,417,q2_all_users,6.5015000000000001,200,True,
benchmark,418,q2_all_users,8.9034999999999993,200,True,
benchmark,419,q2_all_users,12.9399,200,True,
benchmark,420,q2_all_users,5.5900999999999996,200,True,
benchmark,421,q2_all_users,6.8421000000000003,200,True,
benchmark,422,q2_all_users,10.228400000000001,200,True,
benchmark,423,q2_all_users,13.107200000000001,200,True,
benchmark,424,q2_all_users,6.8596000000000004,200,True,
benchmark,425,q2_all_users,6.9302999999999999,200,True,
benchmark,426,q2_all_users,5.9157000000000002,200,True,
benchmark,427,q2_all_users,13.992800000000001,200,True,
benchmark,428,q2_all_users,6.5693999999999999,200,True,
benchmark,429,q2_all_users,6.7663000000000002,200,True,
benchmark,430,q2_all_users,6.0891999999999999,200,True,
benchmark,431,q2_all_users,15.950699999999999,200,True,
benchmark,432,q2_all_users,6.8411999999999997,200,True,
benchmark,433,q2_all_users,6.0762,200,True,
benchmark,434,q2_all_users,6.8540000000000001,200,True,
benchmark,435,q2_all_users,13.4551,200,True,
benchmark,436,q2_all_users,7.2404999999999999,200,True,
benchmark,437,q2_all_users,6.2080000000000002,200,True,
benchmark,438,q2_all_users,5.8179999999999996,200,True,
benchmark,439,q2_all_users,15.0349,200,True,
benchmark,440,q2_all_users,6.2575000000000003,200,True,
benchmark,441,q2_all_users,5.4414999999999996,200,True,
benchmark,442,q2_all_users,6.4146999999999998,200,True,
benchmark,443,q2_all_users,13.8283,200,True,
benchmark,444,q2_all_users,6.9903000000000004,200,True,
benchmark,445,q2_all_users,5.7058999999999997,200,True,
benchmark,446,q2_all_users,5.6584000000000003,200,True,
benchmark,447,q2_all_users,14.6286,200,True,
benchmark,448,q2_all_users,5.6616999999999997,200,True,
benchmark,449,q2_all_users,6.7274000000000003,200,True,
benchmark,450,q2_all_users,5.4568000000000003,200,True,
benchmark,451,q2_all_users,13.995799999999999,200,True,
benchmark,452,q2_all_users,7.0387000000000004,200,True,
benchmark,453,q2_all_users,7.3192000000000004,200,True,
benchmark,454,q2_all_users,5.7771999999999997,200,True,
benchmark,455,q2_all_users,11.946300000000001,200,True,
benchmark,456,q2_all_users,6.7077999999999998,200,True,
benchmark,457,q2_all_users,6.0956999999999999,200,True,
benchmark,458,q2_all_users,4.9706999999999999,200,True,
benchmark,459,q2_all_users,12.191700000000001,200,True,
benchmark,460,q2_all_users,8.1705000000000005,200,True,
benchmark,461,q2_all_users,6.8429000000000002,200,True,
benchmark,462,q2_all_users,6.9980000000000002,200,True,
benchmark,463,q2_all_users,13.3207,200,True,
benchmark,464,q2_all_users,7.1131000000000002,200,True,
benchmark,465,q2_all_users,6.7975000000000003,200,True,
benchmark,466,q2_all_users,6.1086,200,True,
benchmark,467,q2_all_users,13.308999999999999,200,True,
benchmark,468,q2_all_users,8.3269000000000002,200,True,
benchmark,469,q2_all_users,6.9847999999999999,200,True,
benchmark,470,q2_all_users,6.4292999999999996,200,True,
benchmark,471,q2_all_users,13.3362,200,True,
benchmark,472,q2_all_users,9.0642999999999994,200,True,
benchmark,473,q2_all_users,6.7271000000000001,200,True,
benchmark,474,q2_all_users,6.5053999999999998,200,True,
benchmark,475,q2_all_users,8.2832000000000008,200,True,
benchmark,476,q2_all_users,14.286300000000001,200,True,
benchmark,477,q2_all_users,6.9062000000000001,200,True,
benchmark,478,q2_all_users,7.4790999999999999,200,True,
benchmark,479,q2_all_users,6.8144999999999998,200,True,
benchmark,480,q2_all_users,12.537000000000001,200,True,
benchmark,481,q2_all_users,8.3138000000000005,200,True,
benchmark,482,q2_all_users,6.9161999999999999,200,True,
benchmark,483,q2_all_users,6.9790999999999999,200,True,
benchmark,484,q2_all_users,13.7209,200,True,
benchmark,485,q2_all_users,7.1809000000000003,200,True,
benchmark,486,q2_all_users,5.6539000000000001,200,True,
benchmark,487,q2_all_users,6.7131999999999996,200,True,
benchmark,488,q2_all_users,13.510999999999999,200,True,
benchmark,489,q2_all_users,7.4862000000000002,200,True,
benchmark,490,q2_all_users,5.7733999999999996,200,True,
benchmark,491,q2_all_users,5.1817000000000002,200,True,
benchmark,492,q2_all_users,13.065300000000001,200,True,
benchmark,493,q2_all_users,8.6510999999999996,200,True,
benchmark,494,q2_all_users,5.3662000000000001,200,True,
benchmark,495,q2_all_users,5.3531000000000004,200,True,
benchmark,496,q2_all_users,12.269299999999999,200,True,
benchmark,497,q2_all_users,7.1875,200,True,
benchmark,498,q2_all_users,5.7293000000000003,200,True,
benchmark,499,q2_all_users,6.7714999999999996,200,True,
benchmark,500,q2_all_users,12.4627,200,True,
benchmark,501,q2_all_users,8.4362999999999992,200,True,
benchmark,502,q2_all_users,6.1185,200,True,
benchmark,503,q2_all_users,6.4927999999999999,200,True,
benchmark,504,q2_all_users,12.5832,200,True,
benchmark,505,q2_all_users,7.7275999999999998,200,True,
benchmark,506,q2_all_users,7.1555,200,True,
benchmark,507,q2_all_users,6.9725999999999999,200,True,
benchmark,508,q2_all_users,13.256500000000001,200,True,
benchmark,509,q2_all_users,5.4637000000000002,200,True,
benchmark,510,q2_all_users,8.7889999999999997,200,True,
benchmark,511,q2_all_users,6.4120999999999997,200,True,
benchmark,512,q2_all_users,12.5496,200,True,
benchmark,513,q2_all_users,5.7098000000000004,200,True,
benchmark,514,q2_all_users,9.0014000000000003,200,True,
benchmark,515,q2_all_users,6.2727000000000004,200,True,
benchmark,516,q2_all_users,13.005800000000001,200,True,
benchmark,517,q2_all_users,5.6867000000000001,200,True,
benchmark,518,q2_all_users,9.1481999999999992,200,True,
benchmark,519,q2_all_users,5.2489999999999997,200,True,
benchmark,520,q2_all_users,12.3376,200,True,
benchmark,521,q2_all_users,5.6607000000000003,200,True,
benchmark,522,q2_all_users,9.0978999999999992,200,True,
benchmark,523,q2_all_users,5.6494999999999997,200,True,
benchmark,524,q2_all_users,13.083600000000001,200,True,
benchmark,525,q2_all_users,6.1098999999999997,200,True,
benchmark,526,q2_all_users,8.9792000000000005,200,True,
benchmark,527,q2_all_users,6.7815000000000003,200,True,
benchmark,528,q2_all_users,14.164099999999999,200,True,
benchmark,529,q2_all_users,7.0926,200,True,
benchmark,530,q2_all_users,8.9015000000000004,200,True,
benchmark,531,q2_all_users,7.2800000000000002,200,True,
benchmark,532,q2_all_users,11.846,200,True,
benchmark,533,q2_all_users,5.4116999999999997,200,True,
benchmark,534,q2_all_users,5.5605000000000002,200,True,
benchmark,535,q2_all_users,8.3000000000000007,200,True,
benchmark,536,q2_all_users,12.0304,200,True,
benchmark,537,q2_all_users,4.9485000000000001,200,True,
benchmark,538,q2_all_users,5.0930999999999997,200,True,
benchmark,539,q2_all_users,7.5340999999999996,200,True,
benchmark,540,q2_all_users,12.1587,200,True,
benchmark,541,q2_all_users,6.1307,200,True,
benchmark,542,q2_all_users,7.0197000000000003,200,True,
benchmark,543,q2_all_users,10.2342,200,True,
benchmark,544,q2_all_users,13.402100000000001,200,True,
benchmark,545,q2_all_users,7.5900999999999996,200,True,
benchmark,546,q2_all_users,5.7081,200,True,
benchmark,547,q2_all_users,8.5140999999999991,200,True,
benchmark,548,q2_all_users,13.2843,200,True,
benchmark,549,q2_all_users,5.7744,200,True,
benchmark,550,q2_all_users,7.0583,200,True,
benchmark,551,q2_all_users,10.254099999999999,200,True,
benchmark,552,q2_all_users,12.4247,200,True,
benchmark,553,q2_all_users,5.7668999999999997,200,True,
benchmark,554,q2_all_users,6.9941000000000004,200,True,
benchmark,555,q2_all_users,10.3828,200,True,
benchmark,556,q2_all_users,13.369300000000001,200,True,
benchmark,557,q2_all_users,6.9013,200,True,
benchmark,558,q2_all_users,5.6662999999999997,200,True,
benchmark,559,q2_all_users,10.2845,200,True,
benchmark,560,q2_all_users,12.1785,200,True,
benchmark,561,q2_all_users,6.6132999999999997,200,True,
benchmark,562,q2_all_users,5.6406999999999998,200,True,
benchmark,563,q2_all_users,7.0892999999999997,200,True,
benchmark,564,q2_all_users,15.774900000000001,200,True,
benchmark,565,q2_all_users,6.3068999999999997,200,True,
benchmark,566,q2_all_users,6.7511999999999999,200,True,
benchmark,567,q2_all_users,6.9131999999999998,200,True,
benchmark,568,q2_all_users,13.726800000000001,200,True,
benchmark,569,q2_all_users,6.0433000000000003,200,True,
benchmark,570,q2_all_users,6.4245999999999999,200,True,
benchmark,571,q2_all_users,7.1380999999999997,200,True,
benchmark,572,q2_all_users,13.339399999999999,200,True,
benchmark,573,q2_all_users,6.5342000000000002,200,True,
benchmark,574,q2_all_users,6.8346,200,True,
benchmark,575,q2_all_users,6.5427999999999997,200,True,
benchmark,576,q2_all_users,13.718999999999999,200,True,
benchmark,577,q2_all_users,7.0140000000000002,200,True,
benchmark,578,q2_all_users,5.5968,200,True,
benchmark,579,q2_all_users,6.8613,200,True,
benchmark,580,q2_all_users,13.325200000000001,200,True,
benchmark,581,q2_all_users,6.9214000000000002,200,True,
benchmark,582,q2_all_users,5.6978999999999997,200,True,
benchmark,583,q2_all_users,6.0522,200,True,
benchmark,584,q2_all_users,14.4,200,True,
benchmark,585,q2_all_users,6.9825999999999997,200,True,
benchmark,586,q2_all_users,6.7723000000000004,200,True,
benchmark,587,q2_all_users,5.9386000000000001,200,True,
benchmark,588,q2_all_users,12.8962,200,True,
benchmark,589,q2_all_users,6.6349,200,True,
benchmark,590,q2_all_users,5.6254,200,True,
benchmark,591,q2_all_users,5.5811999999999999,200,True,
benchmark,592,q2_all_users,12.311999999999999,200,True,
benchmark,593,q2_all_users,7.0350999999999999,200,True,
benchmark,594,q2_all_users,5.5857000000000001,200,True,
benchmark,595,q2_all_users,7.1201999999999996,200,True,
benchmark,596,q2_all_users,13.653700000000001,200,True,
benchmark,597,q2_all_users,6.9743000000000004,200,True,
benchmark,598,q2_all_users,5.7507000000000001,200,True,
benchmark,599,q2_all_users,6.5332999999999997,200,True,
benchmark,600,q2_all_users,13.214600000000001,200,True,
benchmark,601,q2_all_users,8.5382999999999996,200,True,
benchmark,602,q2_all_users,5.6637000000000004,200,True,
benchmark,603,q2_all_users,5.8063000000000002,200,True,
benchmark,604,q2_all_users,12.372299999999999,200,True,
benchmark,605,q2_all_users,7.2320000000000002,200,True,
benchmark,606,q2_all_users,7.0972999999999997,200,True,
benchmark,607,q2_all_users,5.7032999999999996,200,True,
benchmark,608,q2_all_users,12.5136,200,True,
benchmark,609,q2_all_users,7.5464000000000002,200,True,
benchmark,610,q2_all_users,6.7652000000000001,200,True,
benchmark,611,q2_all_users,6.4897999999999998,200,True,
benchmark,612,q2_all_users,13.038399999999999,200,True,
benchmark,613,q2_all_users,7.2817999999999996,200,True,
benchmark,614,q2_all_users,5.7407000000000004,200,True,
benchmark,615,q2_all_users,6.9980000000000002,200,True,
benchmark,616,q2_all_users,13.1044,200,True,
benchmark,617,q2_all_users,5.6044,200,True,
benchmark,618,q2_all_users,8.7095000000000002,200,True,
benchmark,619,q2_all_users,6.3811,200,True,
benchmark,620,q2_all_users,13.2462,200,True,
benchmark,621,q2_all_users,6.1307,200,True,
benchmark,622,q2_all_users,8.8579000000000008,200,True,
benchmark,623,q2_all_users,5.4652000000000003,200,True,
benchmark,624,q2_all_users,12.527900000000001,200,True,
benchmark,625,q2_all_users,5.6981999999999999,200,True,
benchmark,626,q2_all_users,8.8267000000000007,200,True,
benchmark,627,q2_all_users,5.6791999999999998,200,True,
benchmark,628,q2_all_users,13.012499999999999,200,True,
benchmark,629,q2_all_users,5.5587,200,True,
benchmark,630,q2_all_users,10.349500000000001,200,True,
benchmark,631,q2_all_users,6.5000999999999998,200,True,
benchmark,632,q2_all_users,6.9184000000000001,200,True,
benchmark,633,q2_all_users,7.0308000000000002,200,True,
benchmark,634,q2_all_users,15.0479,200,True,
benchmark,635,q2_all_users,6.9306999999999999,200,True,
benchmark,636,q2_all_users,6.7115,200,True,
benchmark,637,q2_all_users,5.7972000000000001,200,True,
benchmark,638,q2_all_users,14.552,200,True,
benchmark,639,q2_all_users,6.2484999999999999,200,True,
benchmark,640,q2_all_users,6.9686000000000003,200,True,
benchmark,641,q2_all_users,5.6944999999999997,200,True,
benchmark,642,q2_all_users,13.427099999999999,200,True,
benchmark,643,q2_all_users,6.9166999999999996,200,True,
benchmark,644,q2_all_users,6.8986999999999998,200,True,
benchmark,645,q2_all_users,6.7766999999999999,200,True,
benchmark,646,q2_all_users,13.9991,200,True,
benchmark,647,q2_all_users,8.1097999999999999,200,True,
benchmark,648,q2_all_users,5.7614999999999998,200,True,
benchmark,649,q2_all_users,7.3365,200,True,
benchmark,650,q2_all_users,13.7674,200,True,
benchmark,651,q2_all_users,8.0127000000000006,200,True,
benchmark,652,q2_all_users,5.0827999999999998,200,True,
benchmark,653,q2_all_users,5.6592000000000002,200,True,
benchmark,654,q2_all_users,14.041,200,True,
benchmark,655,q2_all_users,8.4833999999999996,200,True,
benchmark,656,q2_all_users,6.2144000000000004,200,True,
benchmark,657,q2_all_users,6.8026999999999997,200,True,
benchmark,658,q2_all_users,13.825100000000001,200,True,
benchmark,659,q2_all_users,8.8695000000000004,200,True,
benchmark,660,q2_all_users,6.0270999999999999,200,True,
benchmark,661,q2_all_users,5.5991999999999997,200,True,
benchmark,662,q2_all_users,13.5321,200,True,
benchmark,663,q2_all_users,8.7227999999999994,200,True,
benchmark,664,q2_all_users,5.7123999999999997,200,True,
benchmark,665,q2_all_users,6.8673999999999999,200,True,
benchmark,666,q2_all_users,12.472,200,True,
benchmark,667,q2_all_users,7.5533000000000001,200,True,
benchmark,668,q2_all_users,6.9664999999999999,200,True,
benchmark,669,q2_all_users,6.8722000000000003,200,True,
benchmark,670,q2_all_users,14.0785,200,True,
benchmark,671,q2_all_users,6.9081999999999999,200,True,
benchmark,672,q2_all_users,7.3475000000000001,200,True,
benchmark,673,q2_all_users,5.5736999999999997,200,True,
benchmark,674,q2_all_users,13.571099999999999,200,True,
benchmark,675,q2_all_users,5.2904999999999998,200,True,
benchmark,676,q2_all_users,7.6768999999999998,200,True,
benchmark,677,q2_all_users,7.2960000000000003,200,True,
benchmark,678,q2_all_users,13.4025,200,True,
benchmark,679,q2_all_users,6.9146000000000001,200,True,
benchmark,680,q2_all_users,8.6561000000000003,200,True,
benchmark,681,q2_all_users,6.7842000000000002,200,True,
benchmark,682,q2_all_users,12.129200000000001,200,True,
benchmark,683,q2_all_users,6.0361000000000002,200,True,
benchmark,684,q2_all_users,8.1159999999999997,200,True,
benchmark,685,q2_all_users,6.8582999999999998,200,True,
benchmark,686,q2_all_users,6.0742000000000003,200,True,
benchmark,687,q2_all_users,11.3492,200,True,
benchmark,688,q2_all_users,7.3654999999999999,200,True,
benchmark,689,q2_all_users,6.9313000000000002,200,True,
benchmark,690,q2_all_users,6.5917000000000003,200,True,
benchmark,691,q2_all_users,13.039400000000001,200,True,
benchmark,692,q2_all_users,7.3669000000000002,200,True,
benchmark,693,q2_all_users,5.5327999999999999,200,True,
benchmark,694,q2_all_users,7.1791999999999998,200,True,
benchmark,695,q2_all_users,11.782,200,True,
benchmark,696,q2_all_users,8.1389999999999993,200,True,
benchmark,697,q2_all_users,7.1048999999999998,200,True,
benchmark,698,q2_all_users,6.7686000000000002,200,True,
benchmark,699,q2_all_users,12.9427,200,True,
benchmark,700,q2_all_users,5.6767000000000003,200,True,
benchmark,701,q2_all_users,8.9837000000000007,200,True,
benchmark,702,q2_all_users,6.0709999999999997,200,True,
benchmark,703,q2_all_users,12.883599999999999,200,True,
benchmark,704,q2_all_users,5.9085000000000001,200,True,
benchmark,705,q2_all_users,8.7236999999999991,200,True,
benchmark,706,q2_all_users,5.7758000000000003,200,True,
benchmark,707,q2_all_users,11.9702,200,True,
benchmark,708,q2_all_users,7.0831,200,True,
benchmark,709,q2_all_users,9.0493000000000006,200,True,
benchmark,710,q2_all_users,5.7655000000000003,200,True,
benchmark,711,q2_all_users,12.4435,200,True,
benchmark,712,q2_all_users,6.3575999999999997,200,True,
benchmark,713,q2_all_users,8.0888000000000009,200,True,
benchmark,714,q2_all_users,6.2401,200,True,
benchmark,715,q2_all_users,12.9,200,True,
benchmark,716,q2_all_users,7.0025000000000004,200,True,
benchmark,717,q2_all_users,8.6207999999999991,200,True,
benchmark,718,q2_all_users,6.9356999999999998,200,True,
benchmark,719,q2_all_users,12.9625,200,True,
benchmark,720,q2_all_users,5.3293999999999997,200,True,
benchmark,721,q2_all_users,8.1394000000000002,200,True,
benchmark,722,q2_all_users,7.3007,200,True,
benchmark,723,q2_all_users,11.822699999999999,200,True,
benchmark,724,q2_all_users,5.6125999999999996,200,True,
benchmark,725,q2_all_users,9.8736999999999995,200,True,
benchmark,726,q2_all_users,6.9863999999999997,200,True,
benchmark,727,q2_all_users,13.359500000000001,200,True,
benchmark,728,q2_all_users,5.7093999999999996,200,True,
benchmark,729,q2_all_users,5.4612999999999996,200,True,
benchmark,730,q2_all_users,8.1278000000000006,200,True,
benchmark,731,q2_all_users,12.819000000000001,200,True,
benchmark,732,q2_all_users,5.7885,200,True,
benchmark,733,q2_all_users,6.6454000000000004,200,True,
benchmark,734,q2_all_users,8.6684000000000001,200,True,
benchmark,735,q2_all_users,12.9467,200,True,
benchmark,736,q2_all_users,5.5122999999999998,200,True,
benchmark,737,q2_all_users,5.7367999999999997,200,True,
benchmark,738,q2_all_users,9.6181000000000001,200,True,
benchmark,739,q2_all_users,12.6158,200,True,
benchmark,740,q2_all_users,5.8022999999999998,200,True,
benchmark,741,q2_all_users,6.6958000000000002,200,True,
benchmark,742,q2_all_users,8.7197999999999993,200,True,
benchmark,743,q2_all_users,13.241899999999999,200,True,
benchmark,744,q2_all_users,7.0545,200,True,
benchmark,745,q2_all_users,5.7732000000000001,200,True,
benchmark,746,q2_all_users,10.273,200,True,
benchmark,747,q2_all_users,13.1839,200,True,
benchmark,748,q2_all_users,6.0453000000000001,200,True,
benchmark,749,q2_all_users,6.5715000000000003,200,True,
benchmark,750,q2_all_users,8.8265999999999991,200,True,
benchmark,751,q2_all_users,14.0787,200,True,
benchmark,752,q2_all_users,5.8422999999999998,200,True,
benchmark,753,q2_all_users,5.5557999999999996,200,True,
benchmark,754,q2_all_users,6.6818,200,True,
benchmark,755,q2_all_users,16.863199999999999,200,True,
benchmark,756,q2_all_users,6.6566000000000001,200,True,
benchmark,757,q2_all_users,5.6426999999999996,200,True,
benchmark,758,q2_all_users,6.9920999999999998,200,True,
benchmark,759,q2_all_users,10.551500000000001,200,True,
benchmark,760,q2_all_users,6.9282000000000004,200,True,
benchmark,761,q2_all_users,5.4321999999999999,200,True,
benchmark,762,q2_all_users,7.1113,200,True,
benchmark,763,q2_all_users,11.0168,200,True,
benchmark,764,q2_all_users,7.0541999999999998,200,True,
benchmark,765,q2_all_users,14.5671,200,True,
benchmark,766,q2_all_users,6.6508000000000003,200,True,
benchmark,767,q2_all_users,9.0497999999999994,200,True,
benchmark,768,q2_all_users,6.4881000000000002,200,True,
benchmark,769,q2_all_users,6.9378000000000002,200,True,
benchmark,770,q2_all_users,6.8373999999999997,200,True,
benchmark,771,q2_all_users,15.3849,200,True,
benchmark,772,q2_all_users,6.0640999999999998,200,True,
benchmark,773,q2_all_users,6.6677999999999997,200,True,
benchmark,774,q2_all_users,5.6768000000000001,200,True,
benchmark,775,q2_all_users,14.178900000000001,200,True,
benchmark,776,q2_all_users,6.9291999999999998,200,True,
benchmark,777,q2_all_users,6.8198999999999996,200,True,
benchmark,778,q2_all_users,5.5321999999999996,200,True,
benchmark,779,q2_all_users,15.5457,200,True,
benchmark,780,q2_all_users,6.9637000000000002,200,True,
benchmark,781,q2_all_users,7.1821000000000002,200,True,
benchmark,782,q2_all_users,6.9359999999999999,200,True,
benchmark,783,q2_all_users,12.513,200,True,
benchmark,784,q2_all_users,7.7188999999999997,200,True,
benchmark,785,q2_all_users,5.7826000000000004,200,True,
benchmark,786,q2_all_users,7.0202,200,True,
benchmark,787,q2_all_users,6.8653000000000004,200,True,
benchmark,788,q2_all_users,13.833,200,True,
benchmark,789,q2_all_users,6.0993000000000004,200,True,
benchmark,790,q2_all_users,7.0622999999999996,200,True,
benchmark,791,q2_all_users,5.7080000000000002,200,True,
benchmark,792,q2_all_users,12.9435,200,True,
benchmark,793,q2_all_users,7.2744,200,True,
benchmark,794,q2_all_users,6.8102999999999998,200,True,
benchmark,795,q2_all_users,7.0395000000000003,200,True,
benchmark,796,q2_all_users,13.7043,200,True,
benchmark,797,q2_all_users,5.6703999999999999,200,True,
benchmark,798,q2_all_users,6.9776999999999996,200,True,
benchmark,799,q2_all_users,7.0385,200,True,
benchmark,800,q2_all_users,14.358499999999999,200,True,
benchmark,801,q2_all_users,6.1257999999999999,200,True,
benchmark,802,q2_all_users,5.8212000000000002,200,True,
benchmark,803,q2_all_users,5.6985000000000001,200,True,
benchmark,804,q2_all_users,9.8996999999999993,200,True,
benchmark,805,q2_all_users,10.7537,200,True,
benchmark,806,q2_all_users,6.6208999999999998,200,True,
benchmark,807,q2_all_users,6.9695,200,True,
benchmark,808,q2_all_users,12.4879,200,True,
benchmark,809,q2_all_users,8.2738999999999994,200,True,
benchmark,810,q2_all_users,6.1219999999999999,200,True,
benchmark,811,q2_all_users,5.6308999999999996,200,True,
benchmark,812,q2_all_users,13.457000000000001,200,True,
benchmark,813,q2_all_users,6.7568000000000001,200,True,
benchmark,814,q2_all_users,5.9287000000000001,200,True,
benchmark,815,q2_all_users,5.9096000000000002,200,True,
benchmark,816,q2_all_users,13.568099999999999,200,True,
benchmark,817,q2_all_users,7.4180999999999999,200,True,
benchmark,818,q2_all_users,5.8350999999999997,200,True,
benchmark,819,q2_all_users,5.8895,200,True,
benchmark,820,q2_all_users,12.9023,200,True,
benchmark,821,q2_all_users,7.9306999999999999,200,True,
benchmark,822,q2_all_users,7.0514999999999999,200,True,
benchmark,823,q2_all_users,6.1196999999999999,200,True,
benchmark,824,q2_all_users,13.875999999999999,200,True,
benchmark,825,q2_all_users,8.3178000000000001,200,True,
benchmark,826,q2_all_users,6.4817999999999998,200,True,
benchmark,827,q2_all_users,6.2511000000000001,200,True,
benchmark,828,q2_all_users,13.9153,200,True,
benchmark,829,q2_all_users,7.6816000000000004,200,True,
benchmark,830,q2_all_users,6.9523000000000001,200,True,
benchmark,831,q2_all_users,6.8257000000000003,200,True,
benchmark,832,q2_all_users,13.436400000000001,200,True,
benchmark,833,q2_all_users,7.6013000000000002,200,True,
benchmark,834,q2_all_users,6.5838000000000001,200,True,
benchmark,835,q2_all_users,5.7213000000000003,200,True,
benchmark,836,q2_all_users,13.3895,200,True,
benchmark,837,q2_all_users,5.4835000000000003,200,True,
benchmark,838,q2_all_users,8.6868999999999996,200,True,
benchmark,839,q2_all_users,7.0004999999999997,200,True,
benchmark,840,q2_all_users,12.2094,200,True,
benchmark,841,q2_all_users,7.0667,200,True,
benchmark,842,q2_all_users,7.7552000000000003,200,True,
benchmark,843,q2_all_users,7.1147999999999998,200,True,
benchmark,844,q2_all_users,12.4054,200,True,
benchmark,845,q2_all_users,6.9447000000000001,200,True,
benchmark,846,q2_all_users,9.0411999999999999,200,True,
benchmark,847,q2_all_users,6.8909000000000002,200,True,
benchmark,848,q2_all_users,12.2995,200,True,
benchmark,849,q2_all_users,6.5198,200,True,
benchmark,850,q2_all_users,8.4314999999999998,200,True,
benchmark,851,q2_all_users,6.0880000000000001,200,True,
benchmark,852,q2_all_users,7.0148000000000001,200,True,
benchmark,853,q2_all_users,8.8985000000000003,200,True,
benchmark,854,q2_all_users,8.0252999999999997,200,True,
benchmark,855,q2_all_users,5.2267999999999999,200,True,
benchmark,856,q2_all_users,5.7621000000000002,200,True,
benchmark,857,q2_all_users,12.686,200,True,
benchmark,858,q2_all_users,8.8908000000000005,200,True,
benchmark,859,q2_all_users,6.8657000000000004,200,True,
benchmark,860,q2_all_users,6.6517999999999997,200,True,
benchmark,861,q2_all_users,11.2369,200,True,
benchmark,862,q2_all_users,5.5888,200,True,
benchmark,863,q2_all_users,7.3665000000000003,200,True,
benchmark,864,q2_all_users,7.0232999999999999,200,True,
benchmark,865,q2_all_users,11.607799999999999,200,True,
benchmark,866,q2_all_users,6.4283000000000001,200,True,
benchmark,867,q2_all_users,8.8003999999999998,200,True,
benchmark,868,q2_all_users,6.7313999999999998,200,True,
benchmark,869,q2_all_users,12.5177,200,True,
benchmark,870,q2_all_users,6.8667999999999996,200,True,
benchmark,871,q2_all_users,7.7515000000000001,200,True,
benchmark,872,q2_all_users,6.5603999999999996,200,True,
benchmark,873,q2_all_users,11.6098,200,True,
benchmark,874,q2_all_users,5.3552,200,True,
benchmark,875,q2_all_users,8.5311000000000003,200,True,
benchmark,876,q2_all_users,5.9446000000000003,200,True,
benchmark,877,q2_all_users,13.936400000000001,200,True,
benchmark,878,q2_all_users,6.8525,200,True,
benchmark,879,q2_all_users,9.3411000000000008,200,True,
benchmark,880,q2_all_users,6.8147000000000002,200,True,
benchmark,881,q2_all_users,5.8559999999999999,200,True,
benchmark,882,q2_all_users,8.4016999999999999,200,True,
benchmark,883,q2_all_users,9.3226999999999993,200,True,
benchmark,884,q2_all_users,6.9558999999999997,200,True,
benchmark,885,q2_all_users,13.059200000000001,200,True,
benchmark,886,q2_all_users,6.7872000000000003,200,True,
benchmark,887,q2_all_users,8.2322000000000006,200,True,
benchmark,888,q2_all_users,7.1242999999999999,200,True,
benchmark,889,q2_all_users,12.232699999999999,200,True,
benchmark,890,q2_all_users,6.9672999999999998,200,True,
benchmark,891,q2_all_users,6.5514000000000001,200,True,
benchmark,892,q2_all_users,8.3960000000000008,200,True,
benchmark,893,q2_all_users,11.4659,200,True,
benchmark,894,q2_all_users,5.7392000000000003,200,True,
benchmark,895,q2_all_users,5.5297000000000001,200,True,
benchmark,896,q2_all_users,8.5869999999999997,200,True,
benchmark,897,q2_all_users,12.8886,200,True,
benchmark,898,q2_all_users,6.3917000000000002,200,True,
benchmark,899,q2_all_users,5.758,200,True,
benchmark,900,q2_all_users,8.4171999999999993,200,True,
benchmark,901,q2_all_users,14.4275,200,True,
benchmark,902,q2_all_users,6.1139999999999999,200,True,
benchmark,903,q2_all_users,6.8468999999999998,200,True,
benchmark,904,q2_all_users,8.6362000000000005,200,True,
benchmark,905,q2_all_users,11.5901,200,True,
benchmark,906,q2_all_users,6.2190000000000003,200,True,
benchmark,907,q2_all_users,7.2836999999999996,200,True,
benchmark,908,q2_all_users,8.3373000000000008,200,True,
benchmark,909,q2_all_users,6.4969000000000001,200,True,
benchmark,910,q2_all_users,13.2064,200,True,
benchmark,911,q2_all_users,7.0480999999999998,200,True,
benchmark,912,q2_all_users,9.9868000000000006,200,True,
benchmark,913,q2_all_users,6.5411999999999999,200,True,
benchmark,914,q2_all_users,5.6417999999999999,200,True,
benchmark,915,q2_all_users,6.8037000000000001,200,True,
benchmark,916,q2_all_users,14.9549,200,True,
benchmark,917,q2_all_users,6.5265000000000004,200,True,
benchmark,918,q2_all_users,5.5659999999999998,200,True,
benchmark,919,q2_all_users,6.9817,200,True,
benchmark,920,q2_all_users,13.9497,200,True,
benchmark,921,q2_all_users,8.0306999999999995,200,True,
benchmark,922,q2_all_users,5.5664999999999996,200,True,
benchmark,923,q2_all_users,5.7412000000000001,200,True,
benchmark,924,q2_all_users,13.7158,200,True,
benchmark,925,q2_all_users,7.5629,200,True,
benchmark,926,q2_all_users,6.3052000000000001,200,True,
benchmark,927,q2_all_users,5.9278000000000004,200,True,
benchmark,928,q2_all_users,13.839700000000001,200,True,
benchmark,929,q2_all_users,8.3152000000000008,200,True,
benchmark,930,q2_all_users,6.8380000000000001,200,True,
benchmark,931,q2_all_users,6.9062000000000001,200,True,
benchmark,932,q2_all_users,12.965199999999999,200,True,
benchmark,933,q2_all_users,8.5755999999999997,200,True,
benchmark,934,q2_all_users,6.8372000000000002,200,True,
benchmark,935,q2_all_users,5.6501999999999999,200,True,
benchmark,936,q2_all_users,12.367100000000001,200,True,
benchmark,937,q2_all_users,7.1289999999999996,200,True,
benchmark,938,q2_all_users,6.8353999999999999,200,True,
benchmark,939,q2_all_users,7.0092999999999996,200,True,
benchmark,940,q2_all_users,12.125999999999999,200,True,
benchmark,941,q2_all_users,8.5266000000000002,200,True,
benchmark,942,q2_all_users,5.9661,200,True,
benchmark,943,q2_all_users,7.0217000000000001,200,True,
benchmark,944,q2_all_users,12.126099999999999,200,True,
benchmark,945,q2_all_users,6.9405999999999999,200,True,
benchmark,946,q2_all_users,7.3502999999999998,200,True,
benchmark,947,q2_all_users,6.7907000000000002,200,True,
benchmark,948,q2_all_users,11.6807,200,True,
benchmark,949,q2_all_users,5.3768000000000002,200,True,
benchmark,950,q2_all_users,8.8390000000000004,200,True,
benchmark,951,q2_all_users,7.0316000000000001,200,True,
benchmark,952,q2_all_users,13.1142,200,True,
benchmark,953,q2_all_users,7.1097999999999999,200,True,
benchmark,954,q2_all_users,9.0154999999999994,200,True,
benchmark,955,q2_all_users,6.9080000000000004,200,True,
benchmark,956,q2_all_users,13.4918,200,True,
benchmark,957,q2_all_users,6.7552000000000003,200,True,
benchmark,958,q2_all_users,9.2600999999999996,200,True,
benchmark,959,q2_all_users,6.0780000000000003,200,True,
benchmark,960,q2_all_users,12.8531,200,True,
benchmark,961,q2_all_users,5.6875,200,True,
benchmark,962,q2_all_users,8.7375000000000007,200,True,
benchmark,963,q2_all_users,5.6405000000000003,200,True,
benchmark,964,q2_all_users,6.8023999999999996,200,True,
benchmark,965,q2_all_users,12.848000000000001,200,True,
benchmark,966,q2_all_users,8.7250999999999994,200,True,
benchmark,967,q2_all_users,5.782,200,True,
benchmark,968,q2_all_users,5.7835000000000001,200,True,
benchmark,969,q2_all_users,11.6511,200,True,
benchmark,970,q2_all_users,8.7992000000000008,200,True,
benchmark,971,q2_all_users,6.3483000000000001,200,True,
benchmark,972,q2_all_users,6.9482999999999997,200,True,
benchmark,973,q2_all_users,11.577999999999999,200,True,
benchmark,974,q2_all_users,6.9344999999999999,200,True,
benchmark,975,q2_all_users,8.6145999999999994,200,True,
benchmark,976,q2_all_users,6.8666999999999998,200,True,
benchmark,977,q2_all_users,12.912699999999999,200,True,
benchmark,978,q2_all_users,6.9690000000000003,200,True,
benchmark,979,q2_all_users,8.1754999999999995,200,True,
benchmark,980,q2_all_users,7.0505000000000004,200,True,
benchmark,981,q2_all_users,12.529500000000001,200,True,
benchmark,982,q2_all_users,5.7633999999999999,200,True,
benchmark,983,q2_all_users,8.4999000000000002,200,True,
benchmark,984,q2_all_users,7.0072999999999999,200,True,
benchmark,985,q2_all_users,11.7159,200,True,
benchmark,986,q2_all_users,6.7988999999999997,200,True,
benchmark,987,q2_all_users,7.9786999999999999,200,True,
benchmark,988,q2_all_users,6.7248000000000001,200,True,
benchmark,989,q2_all_users,12.7255,200,True,
benchmark,990,q2_all_users,6.5781999999999998,200,True,
benchmark,991,q2_all_users,7.6517999999999997,200,True,
benchmark,992,q2_all_users,5.7167000000000003,200,True,
benchmark,993,q2_all_users,12.6509,200,True,
benchmark,994,q2_all_users,5.7568000000000001,200,True,
benchmark,995,q2_all_users,8.8499999999999996,200,True,
benchmark,996,q2_all_users,7.0232000000000001,200,True,
benchmark,997,q2_all_users,12.8505,200,True,
benchmark,998,q2_all_users,6.2009999999999996,200,True,
benchmark,999,q2_all_users,8.2599,200,True,
benchmark,1000,q2_all_users,6.8906999999999998,200,True,
benchmark,1,q3_user_by_login,0.53110000000000002,1,True,
benchmark,2,q3_user_by_login,0.30830000000000002,1,True,
benchmark,3,q3_user_by_login,0.20150000000000001,1,True,
benchmark,4,q3_user_by_login,0.21940000000000001,1,True,
benchmark,5,q3_user_by_login,0.2084,1,True,
benchmark,6,q3_user_by_login,0.19,1,True,
benchmark,7,q3_user_by_login,0.191,1,True,
benchmark,8,q3_user_by_login,0.1789,1,True,
benchmark,9,q3_user_by_login,0.18049999999999999,1,True,
benchmark,10,q3_user_by_login,0.17949999999999999,1,True,
benchmark,11,q3_user_by_login,0.183,1,True,
benchmark,12,q3_user_by_login,0.1883,1,True,
benchmark,13,q3_user_by_login,0.18579999999999999,1,True,
benchmark,14,q3_user_by_login,0.1774,1,True,
benchmark,15,q3_user_by_login,0.19209999999999999,1,True,
benchmark,16,q3_user_by_login,0.18029999999999999,1,True,
benchmark,17,q3_user_by_login,0.1794,1,True,
benchmark,18,q3_user_by_login,0.18160000000000001,1,True,
benchmark,19,q3_user_by_login,0.18310000000000001,1,True,
benchmark,20,q3_user_by_login,0.1812,1,True,
benchmark,21,q3_user_by_login,0.1807,1,True,
benchmark,22,q3_user_by_login,0.19689999999999999,1,True,
benchmark,23,q3_user_by_login,0.22339999999999999,1,True,
benchmark,24,q3_user_by_login,0.18210000000000001,1,True,
benchmark,25,q3_user_by_login,0.19689999999999999,1,True,
benchmark,26,q3_user_by_login,0.16819999999999999,1,True,
benchmark,27,q3_user_by_login,0.1817,1,True,
benchmark,28,q3_user_by_login,0.18310000000000001,1,True,
benchmark,29,q3_user_by_login,0.17849999999999999,1,True,
benchmark,30,q3_user_by_login,0.1792,1,True,
benchmark,31,q3_user_by_login,0.1847,1,True,
benchmark,32,q3_user_by_login,0.18429999999999999,1,True,
benchmark,33,q3_user_by_login,0.17699999999999999,1,True,
benchmark,34,q3_user_by_login,0.1714,1,True,
benchmark,35,q3_user_by_login,0.18049999999999999,1,True,
benchmark,36,q3_user_by_login,0.17780000000000001,1,True,
benchmark,37,q3_user_by_login,0.1804,1,True,
benchmark,38,q3_user_by_login,0.1779,1,True,
benchmark,39,q3_user_by_login,0.1789,1,True,
benchmark,40,q3_user_by_login,0.17949999999999999,1,True,
benchmark,41,q3_user_by_login,0.1762,1,True,
benchmark,42,q3_user_by_login,0.1832,1,True,
benchmark,43,q3_user_by_login,0.17680000000000001,1,True,
benchmark,44,q3_user_by_login,0.18360000000000001,1,True,
benchmark,45,q3_user_by_login,0.17349999999999999,1,True,
benchmark,46,q3_user_by_login,0.18010000000000001,1,True,
benchmark,47,q3_user_by_login,0.1961,1,True,
benchmark,48,q3_user_by_login,0.18329999999999999,1,True,
benchmark,49,q3_user_by_login,0.18099999999999999,1,True,
benchmark,50,q3_user_by_login,0.17849999999999999,1,True,
benchmark,51,q3_user_by_login,0.21249999999999999,1,True,
benchmark,52,q3_user_by_login,0.17499999999999999,1,True,
benchmark,53,q3_user_by_login,0.1893,1,True,
benchmark,54,q3_user_by_login,0.16750000000000001,1,True,
benchmark,55,q3_user_by_login,0.18959999999999999,1,True,
benchmark,56,q3_user_by_login,0.18629999999999999,1,True,
benchmark,57,q3_user_by_login,0.2011,1,True,
benchmark,58,q3_user_by_login,0.1691,1,True,
benchmark,59,q3_user_by_login,0.1739,1,True,
benchmark,60,q3_user_by_login,0.18770000000000001,1,True,
benchmark,61,q3_user_by_login,0.17999999999999999,1,True,
benchmark,62,q3_user_by_login,0.186,1,True,
benchmark,63,q3_user_by_login,0.17219999999999999,1,True,
benchmark,64,q3_user_by_login,0.1762,1,True,
benchmark,65,q3_user_by_login,0.16550000000000001,1,True,
benchmark,66,q3_user_by_login,0.18390000000000001,1,True,
benchmark,67,q3_user_by_login,0.17530000000000001,1,True,
benchmark,68,q3_user_by_login,0.1898,1,True,
benchmark,69,q3_user_by_login,0.17449999999999999,1,True,
benchmark,70,q3_user_by_login,0.28760000000000002,1,True,
benchmark,71,q3_user_by_login,0.28649999999999998,1,True,
benchmark,72,q3_user_by_login,0.21199999999999999,1,True,
benchmark,73,q3_user_by_login,0.17849999999999999,1,True,
benchmark,74,q3_user_by_login,0.18709999999999999,1,True,
benchmark,75,q3_user_by_login,0.1741,1,True,
benchmark,76,q3_user_by_login,0.1867,1,True,
benchmark,77,q3_user_by_login,0.22070000000000001,1,True,
benchmark,78,q3_user_by_login,0.22969999999999999,1,True,
benchmark,79,q3_user_by_login,0.25740000000000002,1,True,
benchmark,80,q3_user_by_login,0.20999999999999999,1,True,
benchmark,81,q3_user_by_login,0.17999999999999999,1,True,
benchmark,82,q3_user_by_login,0.17249999999999999,1,True,
benchmark,83,q3_user_by_login,0.1757,1,True,
benchmark,84,q3_user_by_login,0.18360000000000001,1,True,
benchmark,85,q3_user_by_login,0.18179999999999999,1,True,
benchmark,86,q3_user_by_login,0.1817,1,True,
benchmark,87,q3_user_by_login,0.17119999999999999,1,True,
benchmark,88,q3_user_by_login,0.1867,1,True,
benchmark,89,q3_user_by_login,0.17949999999999999,1,True,
benchmark,90,q3_user_by_login,0.21229999999999999,1,True,
benchmark,91,q3_user_by_login,0.1857,1,True,
benchmark,92,q3_user_by_login,0.18090000000000001,1,True,
benchmark,93,q3_user_by_login,0.17050000000000001,1,True,
benchmark,94,q3_user_by_login,0.18410000000000001,1,True,
benchmark,95,q3_user_by_login,0.18490000000000001,1,True,
benchmark,96,q3_user_by_login,0.1739,1,True,
benchmark,97,q3_user_by_login,0.18260000000000001,1,True,
benchmark,98,q3_user_by_login,0.1681,1,True,
benchmark,99,q3_user_by_login,0.1787,1,True,
benchmark,100,q3_user_by_login,0.1835,1,True,
benchmark,101,q3_user_by_login,0.6593,1,True,
benchmark,102,q3_user_by_login,0.28670000000000001,1,True,
benchmark,103,q3_user_by_login,0.2155,1,True,
benchmark,104,q3_user_by_login,0.22059999999999999,1,True,
benchmark,105,q3_user_by_login,0.20530000000000001,1,True,
benchmark,106,q3_user_by_login,0.185,1,True,
benchmark,107,q3_user_by_login,0.17119999999999999,1,True,
benchmark,108,q3_user_by_login,0.18540000000000001,1,True,
benchmark,109,q3_user_by_login,0.19489999999999999,1,True,
benchmark,110,q3_user_by_login,0.1832,1,True,
benchmark,111,q3_user_by_login,0.18210000000000001,1,True,
benchmark,112,q3_user_by_login,0.19420000000000001,1,True,
benchmark,113,q3_user_by_login,0.18099999999999999,1,True,
benchmark,114,q3_user_by_login,0.1865,1,True,
benchmark,115,q3_user_by_login,0.17799999999999999,1,True,
benchmark,116,q3_user_by_login,0.17949999999999999,1,True,
benchmark,117,q3_user_by_login,0.1852,1,True,
benchmark,118,q3_user_by_login,0.18540000000000001,1,True,
benchmark,119,q3_user_by_login,0.183,1,True,
benchmark,120,q3_user_by_login,0.18720000000000001,1,True,
benchmark,121,q3_user_by_login,0.19489999999999999,1,True,
benchmark,122,q3_user_by_login,0.184,1,True,
benchmark,123,q3_user_by_login,0.1769,1,True,
benchmark,124,q3_user_by_login,0.1842,1,True,
benchmark,125,q3_user_by_login,0.18140000000000001,1,True,
benchmark,126,q3_user_by_login,0.18310000000000001,1,True,
benchmark,127,q3_user_by_login,0.17499999999999999,1,True,
benchmark,128,q3_user_by_login,0.18479999999999999,1,True,
benchmark,129,q3_user_by_login,0.17999999999999999,1,True,
benchmark,130,q3_user_by_login,0.186,1,True,
benchmark,131,q3_user_by_login,0.18679999999999999,1,True,
benchmark,132,q3_user_by_login,0.18679999999999999,1,True,
benchmark,133,q3_user_by_login,0.1852,1,True,
benchmark,134,q3_user_by_login,0.1865,1,True,
benchmark,135,q3_user_by_login,0.17949999999999999,1,True,
benchmark,136,q3_user_by_login,0.1812,1,True,
benchmark,137,q3_user_by_login,0.18440000000000001,1,True,
benchmark,138,q3_user_by_login,0.16839999999999999,1,True,
benchmark,139,q3_user_by_login,0.18149999999999999,1,True,
benchmark,140,q3_user_by_login,0.17999999999999999,1,True,
benchmark,141,q3_user_by_login,0.17100000000000001,1,True,
benchmark,142,q3_user_by_login,0.1842,1,True,
benchmark,143,q3_user_by_login,0.185,1,True,
benchmark,144,q3_user_by_login,0.17460000000000001,1,True,
benchmark,145,q3_user_by_login,0.32150000000000001,1,True,
benchmark,146,q3_user_by_login,0.28760000000000002,1,True,
benchmark,147,q3_user_by_login,0.21970000000000001,1,True,
benchmark,148,q3_user_by_login,0.1893,1,True,
benchmark,149,q3_user_by_login,0.19320000000000001,1,True,
benchmark,150,q3_user_by_login,0.18390000000000001,1,True,
benchmark,151,q3_user_by_login,0.36720000000000003,1,True,
benchmark,152,q3_user_by_login,0.21290000000000001,1,True,
benchmark,153,q3_user_by_login,0.1825,1,True,
benchmark,154,q3_user_by_login,0.17899999999999999,1,True,
benchmark,155,q3_user_by_login,0.18310000000000001,1,True,
benchmark,156,q3_user_by_login,0.18390000000000001,1,True,
benchmark,157,q3_user_by_login,0.18129999999999999,1,True,
benchmark,158,q3_user_by_login,0.1817,1,True,
benchmark,159,q3_user_by_login,0.1797,1,True,
benchmark,160,q3_user_by_login,0.16800000000000001,1,True,
benchmark,161,q3_user_by_login,0.1827,1,True,
benchmark,162,q3_user_by_login,0.18110000000000001,1,True,
benchmark,163,q3_user_by_login,0.16439999999999999,1,True,
benchmark,164,q3_user_by_login,0.1754,1,True,
benchmark,165,q3_user_by_login,0.1802,1,True,
benchmark,166,q3_user_by_login,0.1779,1,True,
benchmark,167,q3_user_by_login,0.17660000000000001,1,True,
benchmark,168,q3_user_by_login,0.17599999999999999,1,True,
benchmark,169,q3_user_by_login,0.1767,1,True,
benchmark,170,q3_user_by_login,0.18010000000000001,1,True,
benchmark,171,q3_user_by_login,0.18110000000000001,1,True,
benchmark,172,q3_user_by_login,0.1757,1,True,
benchmark,173,q3_user_by_login,0.18049999999999999,1,True,
benchmark,174,q3_user_by_login,0.1762,1,True,
benchmark,175,q3_user_by_login,0.17549999999999999,1,True,
benchmark,176,q3_user_by_login,0.17730000000000001,1,True,
benchmark,177,q3_user_by_login,0.17349999999999999,1,True,
benchmark,178,q3_user_by_login,0.1855,1,True,
benchmark,179,q3_user_by_login,0.17519999999999999,1,True,
benchmark,180,q3_user_by_login,0.184,1,True,
benchmark,181,q3_user_by_login,0.1789,1,True,
benchmark,182,q3_user_by_login,0.1736,1,True,
benchmark,183,q3_user_by_login,0.17019999999999999,1,True,
benchmark,184,q3_user_by_login,0.16800000000000001,1,True,
benchmark,185,q3_user_by_login,0.1784,1,True,
benchmark,186,q3_user_by_login,0.19059999999999999,1,True,
benchmark,187,q3_user_by_login,0.1918,1,True,
benchmark,188,q3_user_by_login,0.1691,1,True,
benchmark,189,q3_user_by_login,0.1908,1,True,
benchmark,190,q3_user_by_login,0.1757,1,True,
benchmark,191,q3_user_by_login,0.1918,1,True,
benchmark,192,q3_user_by_login,0.19550000000000001,1,True,
benchmark,193,q3_user_by_login,0.19020000000000001,1,True,
benchmark,194,q3_user_by_login,0.19520000000000001,1,True,
benchmark,195,q3_user_by_login,0.1961,1,True,
benchmark,196,q3_user_by_login,0.18149999999999999,1,True,
benchmark,197,q3_user_by_login,0.21690000000000001,1,True,
benchmark,198,q3_user_by_login,0.19120000000000001,1,True,
benchmark,199,q3_user_by_login,0.1862,1,True,
benchmark,200,q3_user_by_login,0.186,1,True,
benchmark,201,q3_user_by_login,0.64219999999999999,1,True,
benchmark,202,q3_user_by_login,0.24340000000000001,1,True,
benchmark,203,q3_user_by_login,0.20860000000000001,1,True,
benchmark,204,q3_user_by_login,0.1971,1,True,
benchmark,205,q3_user_by_login,0.19589999999999999,1,True,
benchmark,206,q3_user_by_login,0.19650000000000001,1,True,
benchmark,207,q3_user_by_login,0.2298,1,True,
benchmark,208,q3_user_by_login,0.28660000000000002,1,True,
benchmark,209,q3_user_by_login,0.2412,1,True,
benchmark,210,q3_user_by_login,0.21790000000000001,1,True,
benchmark,211,q3_user_by_login,0.25559999999999999,1,True,
benchmark,212,q3_user_by_login,0.23000000000000001,1,True,
benchmark,213,q3_user_by_login,0.2576,1,True,
benchmark,214,q3_user_by_login,0.21840000000000001,1,True,
benchmark,215,q3_user_by_login,0.1958,1,True,
benchmark,216,q3_user_by_login,0.17849999999999999,1,True,
benchmark,217,q3_user_by_login,0.18759999999999999,1,True,
benchmark,218,q3_user_by_login,0.21529999999999999,1,True,
benchmark,219,q3_user_by_login,0.18240000000000001,1,True,
benchmark,220,q3_user_by_login,0.17749999999999999,1,True,
benchmark,221,q3_user_by_login,0.1842,1,True,
benchmark,222,q3_user_by_login,0.186,1,True,
benchmark,223,q3_user_by_login,0.18659999999999999,1,True,
benchmark,224,q3_user_by_login,0.18490000000000001,1,True,
benchmark,225,q3_user_by_login,0.18140000000000001,1,True,
benchmark,226,q3_user_by_login,0.1777,1,True,
benchmark,227,q3_user_by_login,0.21110000000000001,1,True,
benchmark,228,q3_user_by_login,0.17580000000000001,1,True,
benchmark,229,q3_user_by_login,0.17749999999999999,1,True,
benchmark,230,q3_user_by_login,0.17730000000000001,1,True,
benchmark,231,q3_user_by_login,0.1792,1,True,
benchmark,232,q3_user_by_login,0.18709999999999999,1,True,
benchmark,233,q3_user_by_login,0.17760000000000001,1,True,
benchmark,234,q3_user_by_login,0.1754,1,True,
benchmark,235,q3_user_by_login,0.18410000000000001,1,True,
benchmark,236,q3_user_by_login,0.1822,1,True,
benchmark,237,q3_user_by_login,0.17910000000000001,1,True,
benchmark,238,q3_user_by_login,0.17349999999999999,1,True,
benchmark,239,q3_user_by_login,0.18160000000000001,1,True,
benchmark,240,q3_user_by_login,0.2046,1,True,
benchmark,241,q3_user_by_login,0.18509999999999999,1,True,
benchmark,242,q3_user_by_login,0.18779999999999999,1,True,
benchmark,243,q3_user_by_login,0.18410000000000001,1,True,
benchmark,244,q3_user_by_login,0.18229999999999999,1,True,
benchmark,245,q3_user_by_login,0.17150000000000001,1,True,
benchmark,246,q3_user_by_login,0.17560000000000001,1,True,
benchmark,247,q3_user_by_login,0.23730000000000001,1,True,
benchmark,248,q3_user_by_login,0.1772,1,True,
benchmark,249,q3_user_by_login,0.19389999999999999,1,True,
benchmark,250,q3_user_by_login,0.1885,1,True,
benchmark,251,q3_user_by_login,0.2472,1,True,
benchmark,252,q3_user_by_login,0.17330000000000001,1,True,
benchmark,253,q3_user_by_login,0.2019,1,True,
benchmark,254,q3_user_by_login,0.16739999999999999,1,True,
benchmark,255,q3_user_by_login,0.20319999999999999,1,True,
benchmark,256,q3_user_by_login,0.18820000000000001,1,True,
benchmark,257,q3_user_by_login,0.2031,1,True,
benchmark,258,q3_user_by_login,0.21540000000000001,1,True,
benchmark,259,q3_user_by_login,0.1837,1,True,
benchmark,260,q3_user_by_login,0.16550000000000001,1,True,
benchmark,261,q3_user_by_login,0.18229999999999999,1,True,
benchmark,262,q3_user_by_login,0.1825,1,True,
benchmark,263,q3_user_by_login,0.19750000000000001,1,True,
benchmark,264,q3_user_by_login,0.1865,1,True,
benchmark,265,q3_user_by_login,0.182,1,True,
benchmark,266,q3_user_by_login,0.1794,1,True,
benchmark,267,q3_user_by_login,0.17519999999999999,1,True,
benchmark,268,q3_user_by_login,0.16850000000000001,1,True,
benchmark,269,q3_user_by_login,0.17899999999999999,1,True,
benchmark,270,q3_user_by_login,0.1832,1,True,
benchmark,271,q3_user_by_login,0.1704,1,True,
benchmark,272,q3_user_by_login,0.19409999999999999,1,True,
benchmark,273,q3_user_by_login,0.189,1,True,
benchmark,274,q3_user_by_login,0.18010000000000001,1,True,
benchmark,275,q3_user_by_login,0.1787,1,True,
benchmark,276,q3_user_by_login,0.1759,1,True,
benchmark,277,q3_user_by_login,0.18410000000000001,1,True,
benchmark,278,q3_user_by_login,0.1784,1,True,
benchmark,279,q3_user_by_login,0.17469999999999999,1,True,
benchmark,280,q3_user_by_login,0.17510000000000001,1,True,
benchmark,281,q3_user_by_login,0.1903,1,True,
benchmark,282,q3_user_by_login,0.222,1,True,
benchmark,283,q3_user_by_login,0.1842,1,True,
benchmark,284,q3_user_by_login,0.17699999999999999,1,True,
benchmark,285,q3_user_by_login,0.17299999999999999,1,True,
benchmark,286,q3_user_by_login,0.1613,1,True,
benchmark,287,q3_user_by_login,0.1726,1,True,
benchmark,288,q3_user_by_login,0.18160000000000001,1,True,
benchmark,289,q3_user_by_login,0.17280000000000001,1,True,
benchmark,290,q3_user_by_login,0.1794,1,True,
benchmark,291,q3_user_by_login,0.16880000000000001,1,True,
benchmark,292,q3_user_by_login,0.1782,1,True,
benchmark,293,q3_user_by_login,0.1757,1,True,
benchmark,294,q3_user_by_login,0.30830000000000002,1,True,
benchmark,295,q3_user_by_login,0.2009,1,True,
benchmark,296,q3_user_by_login,0.19139999999999999,1,True,
benchmark,297,q3_user_by_login,0.20100000000000001,1,True,
benchmark,298,q3_user_by_login,0.19120000000000001,1,True,
benchmark,299,q3_user_by_login,0.17000000000000001,1,True,
benchmark,300,q3_user_by_login,0.20780000000000001,1,True,
benchmark,301,q3_user_by_login,0.53749999999999998,1,True,
benchmark,302,q3_user_by_login,0.21759999999999999,1,True,
benchmark,303,q3_user_by_login,0.23549999999999999,1,True,
benchmark,304,q3_user_by_login,0.1812,1,True,
benchmark,305,q3_user_by_login,0.16969999999999999,1,True,
benchmark,306,q3_user_by_login,0.16819999999999999,1,True,
benchmark,307,q3_user_by_login,0.17380000000000001,1,True,
benchmark,308,q3_user_by_login,0.18640000000000001,1,True,
benchmark,309,q3_user_by_login,0.20960000000000001,1,True,
benchmark,310,q3_user_by_login,0.17660000000000001,1,True,
benchmark,311,q3_user_by_login,0.1888,1,True,
benchmark,312,q3_user_by_login,0.1719,1,True,
benchmark,313,q3_user_by_login,0.19869999999999999,1,True,
benchmark,314,q3_user_by_login,0.18279999999999999,1,True,
benchmark,315,q3_user_by_login,0.18379999999999999,1,True,
benchmark,316,q3_user_by_login,0.17549999999999999,1,True,
benchmark,317,q3_user_by_login,0.17430000000000001,1,True,
benchmark,318,q3_user_by_login,0.1704,1,True,
benchmark,319,q3_user_by_login,0.1883,1,True,
benchmark,320,q3_user_by_login,0.183,1,True,
benchmark,321,q3_user_by_login,0.18429999999999999,1,True,
benchmark,322,q3_user_by_login,0.17660000000000001,1,True,
benchmark,323,q3_user_by_login,0.18509999999999999,1,True,
benchmark,324,q3_user_by_login,0.18440000000000001,1,True,
benchmark,325,q3_user_by_login,0.18540000000000001,1,True,
benchmark,326,q3_user_by_login,0.1888,1,True,
benchmark,327,q3_user_by_login,0.17949999999999999,1,True,
benchmark,328,q3_user_by_login,0.18140000000000001,1,True,
benchmark,329,q3_user_by_login,0.17680000000000001,1,True,
benchmark,330,q3_user_by_login,0.1789,1,True,
benchmark,331,q3_user_by_login,0.16589999999999999,1,True,
benchmark,332,q3_user_by_login,0.17960000000000001,1,True,
benchmark,333,q3_user_by_login,0.1812,1,True,
benchmark,334,q3_user_by_login,0.18490000000000001,1,True,
benchmark,335,q3_user_by_login,0.18129999999999999,1,True,
benchmark,336,q3_user_by_login,0.16900000000000001,1,True,
benchmark,337,q3_user_by_login,0.18029999999999999,1,True,
benchmark,338,q3_user_by_login,0.17799999999999999,1,True,
benchmark,339,q3_user_by_login,0.18210000000000001,1,True,
benchmark,340,q3_user_by_login,0.17299999999999999,1,True,
benchmark,341,q3_user_by_login,0.18609999999999999,1,True,
benchmark,342,q3_user_by_login,0.1807,1,True,
benchmark,343,q3_user_by_login,0.22270000000000001,1,True,
benchmark,344,q3_user_by_login,0.19139999999999999,1,True,
benchmark,345,q3_user_by_login,0.1799,1,True,
benchmark,346,q3_user_by_login,0.17319999999999999,1,True,
benchmark,347,q3_user_by_login,0.18110000000000001,1,True,
benchmark,348,q3_user_by_login,0.2954,1,True,
benchmark,349,q3_user_by_login,0.2157,1,True,
benchmark,350,q3_user_by_login,0.1852,1,True,
benchmark,351,q3_user_by_login,0.26050000000000001,1,True,
benchmark,352,q3_user_by_login,0.22289999999999999,1,True,
benchmark,353,q3_user_by_login,0.21820000000000001,1,True,
benchmark,354,q3_user_by_login,0.22539999999999999,1,True,
benchmark,355,q3_user_by_login,0.20050000000000001,1,True,
benchmark,356,q3_user_by_login,0.253,1,True,
benchmark,357,q3_user_by_login,0.19420000000000001,1,True,
benchmark,358,q3_user_by_login,0.2145,1,True,
benchmark,359,q3_user_by_login,0.1784,1,True,
benchmark,360,q3_user_by_login,0.18809999999999999,1,True,
benchmark,361,q3_user_by_login,0.1905,1,True,
benchmark,362,q3_user_by_login,0.1832,1,True,
benchmark,363,q3_user_by_login,0.1817,1,True,
benchmark,364,q3_user_by_login,0.1789,1,True,
benchmark,365,q3_user_by_login,0.16819999999999999,1,True,
benchmark,366,q3_user_by_login,0.1847,1,True,
benchmark,367,q3_user_by_login,0.17949999999999999,1,True,
benchmark,368,q3_user_by_login,0.18149999999999999,1,True,
benchmark,369,q3_user_by_login,0.17780000000000001,1,True,
benchmark,370,q3_user_by_login,0.1744,1,True,
benchmark,371,q3_user_by_login,0.18010000000000001,1,True,
benchmark,372,q3_user_by_login,0.1704,1,True,
benchmark,373,q3_user_by_login,0.17469999999999999,1,True,
benchmark,374,q3_user_by_login,0.19339999999999999,1,True,
benchmark,375,q3_user_by_login,0.18110000000000001,1,True,
benchmark,376,q3_user_by_login,0.16950000000000001,1,True,
benchmark,377,q3_user_by_login,0.17829999999999999,1,True,
benchmark,378,q3_user_by_login,0.16589999999999999,1,True,
benchmark,379,q3_user_by_login,0.17699999999999999,1,True,
benchmark,380,q3_user_by_login,0.17649999999999999,1,True,
benchmark,381,q3_user_by_login,0.1845,1,True,
benchmark,382,q3_user_by_login,0.1835,1,True,
benchmark,383,q3_user_by_login,0.1794,1,True,
benchmark,384,q3_user_by_login,0.17610000000000001,1,True,
benchmark,385,q3_user_by_login,0.18529999999999999,1,True,
benchmark,386,q3_user_by_login,0.16769999999999999,1,True,
benchmark,387,q3_user_by_login,0.21879999999999999,1,True,
benchmark,388,q3_user_by_login,0.18690000000000001,1,True,
benchmark,389,q3_user_by_login,0.17369999999999999,1,True,
benchmark,390,q3_user_by_login,0.17419999999999999,1,True,
benchmark,391,q3_user_by_login,0.1875,1,True,
benchmark,392,q3_user_by_login,0.18240000000000001,1,True,
benchmark,393,q3_user_by_login,0.17949999999999999,1,True,
benchmark,394,q3_user_by_login,0.1903,1,True,
benchmark,395,q3_user_by_login,0.17299999999999999,1,True,
benchmark,396,q3_user_by_login,0.18679999999999999,1,True,
benchmark,397,q3_user_by_login,0.19089999999999999,1,True,
benchmark,398,q3_user_by_login,0.22070000000000001,1,True,
benchmark,399,q3_user_by_login,0.20119999999999999,1,True,
benchmark,400,q3_user_by_login,0.20669999999999999,1,True,
benchmark,401,q3_user_by_login,0.64229999999999998,1,True,
benchmark,402,q3_user_by_login,0.21540000000000001,1,True,
benchmark,403,q3_user_by_login,0.2034,1,True,
benchmark,404,q3_user_by_login,0.2104,1,True,
benchmark,405,q3_user_by_login,0.20619999999999999,1,True,
benchmark,406,q3_user_by_login,0.192,1,True,
benchmark,407,q3_user_by_login,0.1915,1,True,
benchmark,408,q3_user_by_login,0.1966,1,True,
benchmark,409,q3_user_by_login,0.187,1,True,
benchmark,410,q3_user_by_login,0.18559999999999999,1,True,
benchmark,411,q3_user_by_login,0.17519999999999999,1,True,
benchmark,412,q3_user_by_login,0.1832,1,True,
benchmark,413,q3_user_by_login,0.182,1,True,
benchmark,414,q3_user_by_login,0.1762,1,True,
benchmark,415,q3_user_by_login,0.18379999999999999,1,True,
benchmark,416,q3_user_by_login,0.1764,1,True,
benchmark,417,q3_user_by_login,0.27089999999999997,1,True,
benchmark,418,q3_user_by_login,0.18340000000000001,1,True,
benchmark,419,q3_user_by_login,0.19869999999999999,1,True,
benchmark,420,q3_user_by_login,0.20369999999999999,1,True,
benchmark,421,q3_user_by_login,0.2417,1,True,
benchmark,422,q3_user_by_login,0.1883,1,True,
benchmark,423,q3_user_by_login,0.1956,1,True,
benchmark,424,q3_user_by_login,0.2397,1,True,
benchmark,425,q3_user_by_login,0.30809999999999998,1,True,
benchmark,426,q3_user_by_login,0.1812,1,True,
benchmark,427,q3_user_by_login,0.18049999999999999,1,True,
benchmark,428,q3_user_by_login,0.18720000000000001,1,True,
benchmark,429,q3_user_by_login,3.4878999999999998,1,True,
benchmark,430,q3_user_by_login,0.188,1,True,
benchmark,431,q3_user_by_login,0.1898,1,True,
benchmark,432,q3_user_by_login,0.1711,1,True,
benchmark,433,q3_user_by_login,0.1804,1,True,
benchmark,434,q3_user_by_login,0.1759,1,True,
benchmark,435,q3_user_by_login,0.1948,1,True,
benchmark,436,q3_user_by_login,0.1772,1,True,
benchmark,437,q3_user_by_login,0.17829999999999999,1,True,
benchmark,438,q3_user_by_login,0.2331,1,True,
benchmark,439,q3_user_by_login,0.18029999999999999,1,True,
benchmark,440,q3_user_by_login,0.1925,1,True,
benchmark,441,q3_user_by_login,0.18740000000000001,1,True,
benchmark,442,q3_user_by_login,0.2162,1,True,
benchmark,443,q3_user_by_login,0.20899999999999999,1,True,
benchmark,444,q3_user_by_login,0.17630000000000001,1,True,
benchmark,445,q3_user_by_login,0.1769,1,True,
benchmark,446,q3_user_by_login,0.22589999999999999,1,True,
benchmark,447,q3_user_by_login,0.17449999999999999,1,True,
benchmark,448,q3_user_by_login,0.20200000000000001,1,True,
benchmark,449,q3_user_by_login,0.26219999999999999,1,True,
benchmark,450,q3_user_by_login,0.21249999999999999,1,True,
benchmark,451,q3_user_by_login,0.31909999999999999,1,True,
benchmark,452,q3_user_by_login,0.20119999999999999,1,True,
benchmark,453,q3_user_by_login,0.2167,1,True,
benchmark,454,q3_user_by_login,0.21970000000000001,1,True,
benchmark,455,q3_user_by_login,0.2185,1,True,
benchmark,456,q3_user_by_login,0.18920000000000001,1,True,
benchmark,457,q3_user_by_login,0.19819999999999999,1,True,
benchmark,458,q3_user_by_login,0.72599999999999998,1,True,
benchmark,459,q3_user_by_login,0.1938,1,True,
benchmark,460,q3_user_by_login,0.18659999999999999,1,True,
benchmark,461,q3_user_by_login,0.1918,1,True,
benchmark,462,q3_user_by_login,0.16969999999999999,1,True,
benchmark,463,q3_user_by_login,0.1787,1,True,
benchmark,464,q3_user_by_login,0.16980000000000001,1,True,
benchmark,465,q3_user_by_login,0.18410000000000001,1,True,
benchmark,466,q3_user_by_login,0.1825,1,True,
benchmark,467,q3_user_by_login,0.1792,1,True,
benchmark,468,q3_user_by_login,0.1787,1,True,
benchmark,469,q3_user_by_login,0.2026,1,True,
benchmark,470,q3_user_by_login,0.17899999999999999,1,True,
benchmark,471,q3_user_by_login,0.18260000000000001,1,True,
benchmark,472,q3_user_by_login,0.17730000000000001,1,True,
benchmark,473,q3_user_by_login,0.18010000000000001,1,True,
benchmark,474,q3_user_by_login,0.18110000000000001,1,True,
benchmark,475,q3_user_by_login,0.1797,1,True,
benchmark,476,q3_user_by_login,0.17549999999999999,1,True,
benchmark,477,q3_user_by_login,0.2117,1,True,
benchmark,478,q3_user_by_login,0.18160000000000001,1,True,
benchmark,479,q3_user_by_login,0.1862,1,True,
benchmark,480,q3_user_by_login,0.17829999999999999,1,True,
benchmark,481,q3_user_by_login,0.2717,1,True,
benchmark,482,q3_user_by_login,0.2455,1,True,
benchmark,483,q3_user_by_login,0.22209999999999999,1,True,
benchmark,484,q3_user_by_login,0.22420000000000001,1,True,
benchmark,485,q3_user_by_login,0.1827,1,True,
benchmark,486,q3_user_by_login,0.18559999999999999,1,True,
benchmark,487,q3_user_by_login,0.1767,1,True,
benchmark,488,q3_user_by_login,0.18090000000000001,1,True,
benchmark,489,q3_user_by_login,0.18290000000000001,1,True,
benchmark,490,q3_user_by_login,0.18079999999999999,1,True,
benchmark,491,q3_user_by_login,0.1787,1,True,
benchmark,492,q3_user_by_login,0.18310000000000001,1,True,
benchmark,493,q3_user_by_login,0.17630000000000001,1,True,
benchmark,494,q3_user_by_login,0.1767,1,True,
benchmark,495,q3_user_by_login,0.1668,1,True,
benchmark,496,q3_user_by_login,0.1777,1,True,
benchmark,497,q3_user_by_login,0.18579999999999999,1,True,
benchmark,498,q3_user_by_login,0.18229999999999999,1,True,
benchmark,499,q3_user_by_login,0.17849999999999999,1,True,
benchmark,500,q3_user_by_login,0.18160000000000001,1,True,
benchmark,501,q3_user_by_login,0.50039999999999996,1,True,
benchmark,502,q3_user_by_login,0.29859999999999998,1,True,
benchmark,503,q3_user_by_login,0.214,1,True,
benchmark,504,q3_user_by_login,0.19769999999999999,1,True,
benchmark,505,q3_user_by_login,0.18559999999999999,1,True,
benchmark,506,q3_user_by_login,0.183,1,True,
benchmark,507,q3_user_by_login,0.193,1,True,
benchmark,508,q3_user_by_login,0.1915,1,True,
benchmark,509,q3_user_by_login,0.187,1,True,
benchmark,510,q3_user_by_login,0.18049999999999999,1,True,
benchmark,511,q3_user_by_login,0.16919999999999999,1,True,
benchmark,512,q3_user_by_login,0.18179999999999999,1,True,
benchmark,513,q3_user_by_login,0.19350000000000001,1,True,
benchmark,514,q3_user_by_login,0.185,1,True,
benchmark,515,q3_user_by_login,0.16850000000000001,1,True,
benchmark,516,q3_user_by_login,0.18740000000000001,1,True,
benchmark,517,q3_user_by_login,0.1799,1,True,
benchmark,518,q3_user_by_login,0.1784,1,True,
benchmark,519,q3_user_by_login,0.17899999999999999,1,True,
benchmark,520,q3_user_by_login,0.1915,1,True,
benchmark,521,q3_user_by_login,0.17810000000000001,1,True,
benchmark,522,q3_user_by_login,0.17249999999999999,1,True,
benchmark,523,q3_user_by_login,0.1827,1,True,
benchmark,524,q3_user_by_login,0.18379999999999999,1,True,
benchmark,525,q3_user_by_login,0.17829999999999999,1,True,
benchmark,526,q3_user_by_login,0.185,1,True,
benchmark,527,q3_user_by_login,0.1812,1,True,
benchmark,528,q3_user_by_login,0.1777,1,True,
benchmark,529,q3_user_by_login,0.18010000000000001,1,True,
benchmark,530,q3_user_by_login,0.1784,1,True,
benchmark,531,q3_user_by_login,0.21160000000000001,1,True,
benchmark,532,q3_user_by_login,0.16819999999999999,1,True,
benchmark,533,q3_user_by_login,0.17549999999999999,1,True,
benchmark,534,q3_user_by_login,0.17680000000000001,1,True,
benchmark,535,q3_user_by_login,0.17050000000000001,1,True,
benchmark,536,q3_user_by_login,0.1847,1,True,
benchmark,537,q3_user_by_login,0.1764,1,True,
benchmark,538,q3_user_by_login,0.18079999999999999,1,True,
benchmark,539,q3_user_by_login,0.17599999999999999,1,True,
benchmark,540,q3_user_by_login,0.18099999999999999,1,True,
benchmark,541,q3_user_by_login,0.18049999999999999,1,True,
benchmark,542,q3_user_by_login,0.17519999999999999,1,True,
benchmark,543,q3_user_by_login,0.18679999999999999,1,True,
benchmark,544,q3_user_by_login,0.17460000000000001,1,True,
benchmark,545,q3_user_by_login,0.1784,1,True,
benchmark,546,q3_user_by_login,0.1883,1,True,
benchmark,547,q3_user_by_login,0.20100000000000001,1,True,
benchmark,548,q3_user_by_login,0.16669999999999999,1,True,
benchmark,549,q3_user_by_login,0.1797,1,True,
benchmark,550,q3_user_by_login,0.18140000000000001,1,True,
benchmark,551,q3_user_by_login,0.27829999999999999,1,True,
benchmark,552,q3_user_by_login,0.1835,1,True,
benchmark,553,q3_user_by_login,0.19270000000000001,1,True,
benchmark,554,q3_user_by_login,0.17699999999999999,1,True,
benchmark,555,q3_user_by_login,0.1835,1,True,
benchmark,556,q3_user_by_login,0.1971,1,True,
benchmark,557,q3_user_by_login,0.17319999999999999,1,True,
benchmark,558,q3_user_by_login,0.17150000000000001,1,True,
benchmark,559,q3_user_by_login,0.16309999999999999,1,True,
benchmark,560,q3_user_by_login,0.24610000000000001,1,True,
benchmark,561,q3_user_by_login,0.16700000000000001,1,True,
benchmark,562,q3_user_by_login,0.1817,1,True,
benchmark,563,q3_user_by_login,0.1656,1,True,
benchmark,564,q3_user_by_login,0.29720000000000002,1,True,
benchmark,565,q3_user_by_login,0.21049999999999999,1,True,
benchmark,566,q3_user_by_login,0.20799999999999999,1,True,
benchmark,567,q3_user_by_login,0.1855,1,True,
benchmark,568,q3_user_by_login,0.18310000000000001,1,True,
benchmark,569,q3_user_by_login,0.18179999999999999,1,True,
benchmark,570,q3_user_by_login,0.17280000000000001,1,True,
benchmark,571,q3_user_by_login,0.19120000000000001,1,True,
benchmark,572,q3_user_by_login,0.17599999999999999,1,True,
benchmark,573,q3_user_by_login,0.1827,1,True,
benchmark,574,q3_user_by_login,0.1862,1,True,
benchmark,575,q3_user_by_login,0.17780000000000001,1,True,
benchmark,576,q3_user_by_login,0.1762,1,True,
benchmark,577,q3_user_by_login,0.1772,1,True,
benchmark,578,q3_user_by_login,0.18490000000000001,1,True,
benchmark,579,q3_user_by_login,0.18790000000000001,1,True,
benchmark,580,q3_user_by_login,0.18240000000000001,1,True,
benchmark,581,q3_user_by_login,0.1835,1,True,
benchmark,582,q3_user_by_login,0.1726,1,True,
benchmark,583,q3_user_by_login,0.17519999999999999,1,True,
benchmark,584,q3_user_by_login,0.1757,1,True,
benchmark,585,q3_user_by_login,0.18479999999999999,1,True,
benchmark,586,q3_user_by_login,0.1573,1,True,
benchmark,587,q3_user_by_login,0.18279999999999999,1,True,
benchmark,588,q3_user_by_login,0.1817,1,True,
benchmark,589,q3_user_by_login,0.1817,1,True,
benchmark,590,q3_user_by_login,0.19209999999999999,1,True,
benchmark,591,q3_user_by_login,0.1744,1,True,
benchmark,592,q3_user_by_login,0.18060000000000001,1,True,
benchmark,593,q3_user_by_login,0.1857,1,True,
benchmark,594,q3_user_by_login,0.17879999999999999,1,True,
benchmark,595,q3_user_by_login,0.1835,1,True,
benchmark,596,q3_user_by_login,0.1721,1,True,
benchmark,597,q3_user_by_login,0.184,1,True,
benchmark,598,q3_user_by_login,0.1852,1,True,
benchmark,599,q3_user_by_login,0.19040000000000001,1,True,
benchmark,600,q3_user_by_login,0.17000000000000001,1,True,
benchmark,601,q3_user_by_login,0.66139999999999999,1,True,
benchmark,602,q3_user_by_login,0.24709999999999999,1,True,
benchmark,603,q3_user_by_login,0.2112,1,True,
benchmark,604,q3_user_by_login,0.18920000000000001,1,True,
benchmark,605,q3_user_by_login,0.19800000000000001,1,True,
benchmark,606,q3_user_by_login,0.18559999999999999,1,True,
benchmark,607,q3_user_by_login,0.1885,1,True,
benchmark,608,q3_user_by_login,0.20419999999999999,1,True,
benchmark,609,q3_user_by_login,0.1857,1,True,
benchmark,610,q3_user_by_login,0.17599999999999999,1,True,
benchmark,611,q3_user_by_login,0.18559999999999999,1,True,
benchmark,612,q3_user_by_login,0.1739,1,True,
benchmark,613,q3_user_by_login,0.1724,1,True,
benchmark,614,q3_user_by_login,0.16750000000000001,1,True,
benchmark,615,q3_user_by_login,0.17560000000000001,1,True,
benchmark,616,q3_user_by_login,0.17899999999999999,1,True,
benchmark,617,q3_user_by_login,0.18079999999999999,1,True,
benchmark,618,q3_user_by_login,0.17899999999999999,1,True,
benchmark,619,q3_user_by_login,0.19520000000000001,1,True,
benchmark,620,q3_user_by_login,0.27529999999999999,1,True,
benchmark,621,q3_user_by_login,0.18940000000000001,1,True,
benchmark,622,q3_user_by_login,0.19259999999999999,1,True,
benchmark,623,q3_user_by_login,0.20019999999999999,1,True,
benchmark,624,q3_user_by_login,0.21790000000000001,1,True,
benchmark,625,q3_user_by_login,0.2135,1,True,
benchmark,626,q3_user_by_login,0.22950000000000001,1,True,
benchmark,627,q3_user_by_login,0.23080000000000001,1,True,
benchmark,628,q3_user_by_login,0.17849999999999999,1,True,
benchmark,629,q3_user_by_login,0.18920000000000001,1,True,
benchmark,630,q3_user_by_login,0.1943,1,True,
benchmark,631,q3_user_by_login,0.18459999999999999,1,True,
benchmark,632,q3_user_by_login,0.1794,1,True,
benchmark,633,q3_user_by_login,0.17749999999999999,1,True,
benchmark,634,q3_user_by_login,0.1817,1,True,
benchmark,635,q3_user_by_login,0.1777,1,True,
benchmark,636,q3_user_by_login,0.1802,1,True,
benchmark,637,q3_user_by_login,0.16930000000000001,1,True,
benchmark,638,q3_user_by_login,0.18340000000000001,1,True,
benchmark,639,q3_user_by_login,0.1787,1,True,
benchmark,640,q3_user_by_login,0.1724,1,True,
benchmark,641,q3_user_by_login,0.17349999999999999,1,True,
benchmark,642,q3_user_by_login,0.17710000000000001,1,True,
benchmark,643,q3_user_by_login,0.1832,1,True,
benchmark,644,q3_user_by_login,0.18390000000000001,1,True,
benchmark,645,q3_user_by_login,0.1754,1,True,
benchmark,646,q3_user_by_login,0.18190000000000001,1,True,
benchmark,647,q3_user_by_login,0.1797,1,True,
benchmark,648,q3_user_by_login,0.1769,1,True,
benchmark,649,q3_user_by_login,0.1774,1,True,
benchmark,650,q3_user_by_login,0.1757,1,True,
benchmark,651,q3_user_by_login,0.2407,1,True,
benchmark,652,q3_user_by_login,0.17249999999999999,1,True,
benchmark,653,q3_user_by_login,0.1837,1,True,
benchmark,654,q3_user_by_login,0.1762,1,True,
benchmark,655,q3_user_by_login,0.16320000000000001,1,True,
benchmark,656,q3_user_by_login,0.17419999999999999,1,True,
benchmark,657,q3_user_by_login,0.17849999999999999,1,True,
benchmark,658,q3_user_by_login,0.17979999999999999,1,True,
benchmark,659,q3_user_by_login,0.1774,1,True,
benchmark,660,q3_user_by_login,0.1842,1,True,
benchmark,661,q3_user_by_login,0.1656,1,True,
benchmark,662,q3_user_by_login,0.2087,1,True,
benchmark,663,q3_user_by_login,0.19040000000000001,1,True,
benchmark,664,q3_user_by_login,0.17249999999999999,1,True,
benchmark,665,q3_user_by_login,0.2054,1,True,
benchmark,666,q3_user_by_login,0.18990000000000001,1,True,
benchmark,667,q3_user_by_login,0.18840000000000001,1,True,
benchmark,668,q3_user_by_login,0.1789,1,True,
benchmark,669,q3_user_by_login,0.20630000000000001,1,True,
benchmark,670,q3_user_by_login,0.1837,1,True,
benchmark,671,q3_user_by_login,0.18870000000000001,1,True,
benchmark,672,q3_user_by_login,0.18160000000000001,1,True,
benchmark,673,q3_user_by_login,0.19470000000000001,1,True,
benchmark,674,q3_user_by_login,0.224,1,True,
benchmark,675,q3_user_by_login,0.18490000000000001,1,True,
benchmark,676,q3_user_by_login,0.1711,1,True,
benchmark,677,q3_user_by_login,0.18010000000000001,1,True,
benchmark,678,q3_user_by_login,0.1948,1,True,
benchmark,679,q3_user_by_login,0.17419999999999999,1,True,
benchmark,680,q3_user_by_login,0.1739,1,True,
benchmark,681,q3_user_by_login,0.19819999999999999,1,True,
benchmark,682,q3_user_by_login,0.17910000000000001,1,True,
benchmark,683,q3_user_by_login,0.2014,1,True,
benchmark,684,q3_user_by_login,0.17760000000000001,1,True,
benchmark,685,q3_user_by_login,0.18179999999999999,1,True,
benchmark,686,q3_user_by_login,0.19109999999999999,1,True,
benchmark,687,q3_user_by_login,0.1787,1,True,
benchmark,688,q3_user_by_login,0.18440000000000001,1,True,
benchmark,689,q3_user_by_login,0.18490000000000001,1,True,
benchmark,690,q3_user_by_login,0.1817,1,True,
benchmark,691,q3_user_by_login,0.1792,1,True,
benchmark,692,q3_user_by_login,0.19270000000000001,1,True,
benchmark,693,q3_user_by_login,0.1946,1,True,
benchmark,694,q3_user_by_login,0.17910000000000001,1,True,
benchmark,695,q3_user_by_login,0.183,1,True,
benchmark,696,q3_user_by_login,0.16719999999999999,1,True,
benchmark,697,q3_user_by_login,0.18290000000000001,1,True,
benchmark,698,q3_user_by_login,0.17480000000000001,1,True,
benchmark,699,q3_user_by_login,0.18260000000000001,1,True,
benchmark,700,q3_user_by_login,0.18049999999999999,1,True,
benchmark,701,q3_user_by_login,0.64590000000000003,1,True,
benchmark,702,q3_user_by_login,0.23710000000000001,1,True,
benchmark,703,q3_user_by_login,0.2072,1,True,
benchmark,704,q3_user_by_login,0.20369999999999999,1,True,
benchmark,705,q3_user_by_login,0.19070000000000001,1,True,
benchmark,706,q3_user_by_login,0.19750000000000001,1,True,
benchmark,707,q3_user_by_login,0.18179999999999999,1,True,
benchmark,708,q3_user_by_login,0.1807,1,True,
benchmark,709,q3_user_by_login,0.17899999999999999,1,True,
benchmark,710,q3_user_by_login,0.17929999999999999,1,True,
benchmark,711,q3_user_by_login,0.17530000000000001,1,True,
benchmark,712,q3_user_by_login,0.17499999999999999,1,True,
benchmark,713,q3_user_by_login,0.18429999999999999,1,True,
benchmark,714,q3_user_by_login,0.18190000000000001,1,True,
benchmark,715,q3_user_by_login,0.18099999999999999,1,True,
benchmark,716,q3_user_by_login,0.17380000000000001,1,True,
benchmark,717,q3_user_by_login,0.17580000000000001,1,True,
benchmark,718,q3_user_by_login,0.17899999999999999,1,True,
benchmark,719,q3_user_by_login,0.17660000000000001,1,True,
benchmark,720,q3_user_by_login,0.2266,1,True,
benchmark,721,q3_user_by_login,0.19400000000000001,1,True,
benchmark,722,q3_user_by_login,0.1764,1,True,
benchmark,723,q3_user_by_login,0.1837,1,True,
benchmark,724,q3_user_by_login,0.16700000000000001,1,True,
benchmark,725,q3_user_by_login,0.16320000000000001,1,True,
benchmark,726,q3_user_by_login,0.16950000000000001,1,True,
benchmark,727,q3_user_by_login,0.1794,1,True,
benchmark,728,q3_user_by_login,0.17799999999999999,1,True,
benchmark,729,q3_user_by_login,0.16470000000000001,1,True,
benchmark,730,q3_user_by_login,0.17879999999999999,1,True,
benchmark,731,q3_user_by_login,0.18790000000000001,1,True,
benchmark,732,q3_user_by_login,0.182,1,True,
benchmark,733,q3_user_by_login,0.17419999999999999,1,True,
benchmark,734,q3_user_by_login,0.19089999999999999,1,True,
benchmark,735,q3_user_by_login,0.1827,1,True,
benchmark,736,q3_user_by_login,0.1729,1,True,
benchmark,737,q3_user_by_login,0.18970000000000001,1,True,
benchmark,738,q3_user_by_login,0.1757,1,True,
benchmark,739,q3_user_by_login,0.1656,1,True,
benchmark,740,q3_user_by_login,0.19020000000000001,1,True,
benchmark,741,q3_user_by_login,0.1903,1,True,
benchmark,742,q3_user_by_login,0.1976,1,True,
benchmark,743,q3_user_by_login,0.183,1,True,
benchmark,744,q3_user_by_login,0.18920000000000001,1,True,
benchmark,745,q3_user_by_login,0.17860000000000001,1,True,
benchmark,746,q3_user_by_login,0.23499999999999999,1,True,
benchmark,747,q3_user_by_login,0.17710000000000001,1,True,
benchmark,748,q3_user_by_login,0.18290000000000001,1,True,
benchmark,749,q3_user_by_login,0.16769999999999999,1,True,
benchmark,750,q3_user_by_login,0.17050000000000001,1,True,
benchmark,751,q3_user_by_login,0.25559999999999999,1,True,
benchmark,752,q3_user_by_login,0.19220000000000001,1,True,
benchmark,753,q3_user_by_login,0.35249999999999998,1,True,
benchmark,754,q3_user_by_login,0.30669999999999997,1,True,
benchmark,755,q3_user_by_login,0.2319,1,True,
benchmark,756,q3_user_by_login,0.20799999999999999,1,True,
benchmark,757,q3_user_by_login,0.2472,1,True,
benchmark,758,q3_user_by_login,0.21510000000000001,1,True,
benchmark,759,q3_user_by_login,0.25530000000000003,1,True,
benchmark,760,q3_user_by_login,0.2329,1,True,
benchmark,761,q3_user_by_login,0.2472,1,True,
benchmark,762,q3_user_by_login,0.21579999999999999,1,True,
benchmark,763,q3_user_by_login,0.19009999999999999,1,True,
benchmark,764,q3_user_by_login,0.2351,1,True,
benchmark,765,q3_user_by_login,0.1946,1,True,
benchmark,766,q3_user_by_login,0.21299999999999999,1,True,
benchmark,767,q3_user_by_login,0.22539999999999999,1,True,
benchmark,768,q3_user_by_login,0.20319999999999999,1,True,
benchmark,769,q3_user_by_login,0.20300000000000001,1,True,
benchmark,770,q3_user_by_login,0.43090000000000001,1,True,
benchmark,771,q3_user_by_login,0.32019999999999998,1,True,
benchmark,772,q3_user_by_login,0.28570000000000001,1,True,
benchmark,773,q3_user_by_login,0.27729999999999999,1,True,
benchmark,774,q3_user_by_login,0.30819999999999997,1,True,
benchmark,775,q3_user_by_login,0.33329999999999999,1,True,
benchmark,776,q3_user_by_login,0.2707,1,True,
benchmark,777,q3_user_by_login,0.29909999999999998,1,True,
benchmark,778,q3_user_by_login,0.34549999999999997,1,True,
benchmark,779,q3_user_by_login,0.23069999999999999,1,True,
benchmark,780,q3_user_by_login,0.33750000000000002,1,True,
benchmark,781,q3_user_by_login,0.28610000000000002,1,True,
benchmark,782,q3_user_by_login,0.3725,1,True,
benchmark,783,q3_user_by_login,0.29360000000000003,1,True,
benchmark,784,q3_user_by_login,0.31269999999999998,1,True,
benchmark,785,q3_user_by_login,0.27129999999999999,1,True,
benchmark,786,q3_user_by_login,0.2175,1,True,
benchmark,787,q3_user_by_login,13.1447,1,True,
benchmark,788,q3_user_by_login,0.41660000000000003,1,True,
benchmark,789,q3_user_by_login,0.2384,1,True,
benchmark,790,q3_user_by_login,0.25629999999999997,1,True,
benchmark,791,q3_user_by_login,0.27650000000000002,1,True,
benchmark,792,q3_user_by_login,0.18190000000000001,1,True,
benchmark,793,q3_user_by_login,0.18729999999999999,1,True,
benchmark,794,q3_user_by_login,0.21260000000000001,1,True,
benchmark,795,q3_user_by_login,0.19539999999999999,1,True,
benchmark,796,q3_user_by_login,0.18840000000000001,1,True,
benchmark,797,q3_user_by_login,0.17860000000000001,1,True,
benchmark,798,q3_user_by_login,0.185,1,True,
benchmark,799,q3_user_by_login,0.17000000000000001,1,True,
benchmark,800,q3_user_by_login,0.17510000000000001,1,True,
benchmark,801,q3_user_by_login,0.49440000000000001,1,True,
benchmark,802,q3_user_by_login,0.24079999999999999,1,True,
benchmark,803,q3_user_by_login,0.21920000000000001,1,True,
benchmark,804,q3_user_by_login,0.20080000000000001,1,True,
benchmark,805,q3_user_by_login,0.19639999999999999,1,True,
benchmark,806,q3_user_by_login,0.22090000000000001,1,True,
benchmark,807,q3_user_by_login,0.20399999999999999,1,True,
benchmark,808,q3_user_by_login,0.20119999999999999,1,True,
benchmark,809,q3_user_by_login,0.17879999999999999,1,True,
benchmark,810,q3_user_by_login,0.18429999999999999,1,True,
benchmark,811,q3_user_by_login,0.19500000000000001,1,True,
benchmark,812,q3_user_by_login,0.17799999999999999,1,True,
benchmark,813,q3_user_by_login,0.1908,1,True,
benchmark,814,q3_user_by_login,0.1724,1,True,
benchmark,815,q3_user_by_login,0.2422,1,True,
benchmark,816,q3_user_by_login,0.1749,1,True,
benchmark,817,q3_user_by_login,0.19839999999999999,1,True,
benchmark,818,q3_user_by_login,0.18240000000000001,1,True,
benchmark,819,q3_user_by_login,0.1797,1,True,
benchmark,820,q3_user_by_login,0.22259999999999999,1,True,
benchmark,821,q3_user_by_login,0.1827,1,True,
benchmark,822,q3_user_by_login,0.17530000000000001,1,True,
benchmark,823,q3_user_by_login,0.18090000000000001,1,True,
benchmark,824,q3_user_by_login,0.22839999999999999,1,True,
benchmark,825,q3_user_by_login,0.1832,1,True,
benchmark,826,q3_user_by_login,0.18690000000000001,1,True,
benchmark,827,q3_user_by_login,0.18279999999999999,1,True,
benchmark,828,q3_user_by_login,0.1741,1,True,
benchmark,829,q3_user_by_login,0.17749999999999999,1,True,
benchmark,830,q3_user_by_login,0.1772,1,True,
benchmark,831,q3_user_by_login,0.16919999999999999,1,True,
benchmark,832,q3_user_by_login,0.1706,1,True,
benchmark,833,q3_user_by_login,0.17799999999999999,1,True,
benchmark,834,q3_user_by_login,0.17199999999999999,1,True,
benchmark,835,q3_user_by_login,0.18010000000000001,1,True,
benchmark,836,q3_user_by_login,0.1711,1,True,
benchmark,837,q3_user_by_login,0.1779,1,True,
benchmark,838,q3_user_by_login,0.1754,1,True,
benchmark,839,q3_user_by_login,0.1782,1,True,
benchmark,840,q3_user_by_login,0.1757,1,True,
benchmark,841,q3_user_by_login,0.17780000000000001,1,True,
benchmark,842,q3_user_by_login,0.17780000000000001,1,True,
benchmark,843,q3_user_by_login,0.17879999999999999,1,True,
benchmark,844,q3_user_by_login,0.24399999999999999,1,True,
benchmark,845,q3_user_by_login,0.17299999999999999,1,True,
benchmark,846,q3_user_by_login,0.1857,1,True,
benchmark,847,q3_user_by_login,0.186,1,True,
benchmark,848,q3_user_by_login,0.1822,1,True,
benchmark,849,q3_user_by_login,0.1993,1,True,
benchmark,850,q3_user_by_login,0.1804,1,True,
benchmark,851,q3_user_by_login,0.2482,1,True,
benchmark,852,q3_user_by_login,0.17560000000000001,1,True,
benchmark,853,q3_user_by_login,0.31019999999999998,1,True,
benchmark,854,q3_user_by_login,0.1837,1,True,
benchmark,855,q3_user_by_login,0.1925,1,True,
benchmark,856,q3_user_by_login,0.19900000000000001,1,True,
benchmark,857,q3_user_by_login,0.19550000000000001,1,True,
benchmark,858,q3_user_by_login,0.21510000000000001,1,True,
benchmark,859,q3_user_by_login,0.2485,1,True,
benchmark,860,q3_user_by_login,0.19409999999999999,1,True,
benchmark,861,q3_user_by_login,0.3029,1,True,
benchmark,862,q3_user_by_login,0.2102,1,True,
benchmark,863,q3_user_by_login,0.1855,1,True,
benchmark,864,q3_user_by_login,0.18279999999999999,1,True,
benchmark,865,q3_user_by_login,0.1757,1,True,
benchmark,866,q3_user_by_login,0.1794,1,True,
benchmark,867,q3_user_by_login,0.17829999999999999,1,True,
benchmark,868,q3_user_by_login,0.17560000000000001,1,True,
benchmark,869,q3_user_by_login,0.1754,1,True,
benchmark,870,q3_user_by_login,0.19869999999999999,1,True,
benchmark,871,q3_user_by_login,0.18579999999999999,1,True,
benchmark,872,q3_user_by_login,0.1757,1,True,
benchmark,873,q3_user_by_login,0.17469999999999999,1,True,
benchmark,874,q3_user_by_login,0.19,1,True,
benchmark,875,q3_user_by_login,0.18190000000000001,1,True,
benchmark,876,q3_user_by_login,0.17219999999999999,1,True,
benchmark,877,q3_user_by_login,0.19359999999999999,1,True,
benchmark,878,q3_user_by_login,0.20899999999999999,1,True,
benchmark,879,q3_user_by_login,0.2162,1,True,
benchmark,880,q3_user_by_login,0.29249999999999998,1,True,
benchmark,881,q3_user_by_login,0.2056,1,True,
benchmark,882,q3_user_by_login,0.19700000000000001,1,True,
benchmark,883,q3_user_by_login,0.17449999999999999,1,True,
benchmark,884,q3_user_by_login,0.18790000000000001,1,True,
benchmark,885,q3_user_by_login,0.18970000000000001,1,True,
benchmark,886,q3_user_by_login,0.20039999999999999,1,True,
benchmark,887,q3_user_by_login,0.2235,1,True,
benchmark,888,q3_user_by_login,0.19400000000000001,1,True,
benchmark,889,q3_user_by_login,0.21329999999999999,1,True,
benchmark,890,q3_user_by_login,0.2349,1,True,
benchmark,891,q3_user_by_login,0.1767,1,True,
benchmark,892,q3_user_by_login,0.19969999999999999,1,True,
benchmark,893,q3_user_by_login,0.19439999999999999,1,True,
benchmark,894,q3_user_by_login,0.23680000000000001,1,True,
benchmark,895,q3_user_by_login,0.2384,1,True,
benchmark,896,q3_user_by_login,0.19570000000000001,1,True,
benchmark,897,q3_user_by_login,0.18920000000000001,1,True,
benchmark,898,q3_user_by_login,0.1837,1,True,
benchmark,899,q3_user_by_login,0.23730000000000001,1,True,
benchmark,900,q3_user_by_login,0.2636,1,True,
benchmark,901,q3_user_by_login,0.66959999999999997,1,True,
benchmark,902,q3_user_by_login,0.2591,1,True,
benchmark,903,q3_user_by_login,0.214,1,True,
benchmark,904,q3_user_by_login,0.18809999999999999,1,True,
benchmark,905,q3_user_by_login,0.25979999999999998,1,True,
benchmark,906,q3_user_by_login,0.1895,1,True,
benchmark,907,q3_user_by_login,0.17560000000000001,1,True,
benchmark,908,q3_user_by_login,0.18160000000000001,1,True,
benchmark,909,q3_user_by_login,0.17760000000000001,1,True,
benchmark,910,q3_user_by_login,0.17460000000000001,1,True,
benchmark,911,q3_user_by_login,0.16789999999999999,1,True,
benchmark,912,q3_user_by_login,0.1799,1,True,
benchmark,913,q3_user_by_login,0.18290000000000001,1,True,
benchmark,914,q3_user_by_login,0.17549999999999999,1,True,
benchmark,915,q3_user_by_login,0.18790000000000001,1,True,
benchmark,916,q3_user_by_login,0.1822,1,True,
benchmark,917,q3_user_by_login,0.2404,1,True,
benchmark,918,q3_user_by_login,0.19800000000000001,1,True,
benchmark,919,q3_user_by_login,0.2051,1,True,
benchmark,920,q3_user_by_login,0.19900000000000001,1,True,
benchmark,921,q3_user_by_login,0.25019999999999998,1,True,
benchmark,922,q3_user_by_login,0.2127,1,True,
benchmark,923,q3_user_by_login,0.21490000000000001,1,True,
benchmark,924,q3_user_by_login,0.23699999999999999,1,True,
benchmark,925,q3_user_by_login,0.20860000000000001,1,True,
benchmark,926,q3_user_by_login,0.19819999999999999,1,True,
benchmark,927,q3_user_by_login,0.187,1,True,
benchmark,928,q3_user_by_login,0.17560000000000001,1,True,
benchmark,929,q3_user_by_login,0.1832,1,True,
benchmark,930,q3_user_by_login,0.18509999999999999,1,True,
benchmark,931,q3_user_by_login,0.20380000000000001,1,True,
benchmark,932,q3_user_by_login,0.19980000000000001,1,True,
benchmark,933,q3_user_by_login,0.20250000000000001,1,True,
benchmark,934,q3_user_by_login,0.18729999999999999,1,True,
benchmark,935,q3_user_by_login,0.17480000000000001,1,True,
benchmark,936,q3_user_by_login,0.1812,1,True,
benchmark,937,q3_user_by_login,0.1835,1,True,
benchmark,938,q3_user_by_login,0.1883,1,True,
benchmark,939,q3_user_by_login,0.18160000000000001,1,True,
benchmark,940,q3_user_by_login,0.1694,1,True,
benchmark,941,q3_user_by_login,0.1885,1,True,
benchmark,942,q3_user_by_login,0.1875,1,True,
benchmark,943,q3_user_by_login,0.1709,1,True,
benchmark,944,q3_user_by_login,0.1729,1,True,
benchmark,945,q3_user_by_login,0.19009999999999999,1,True,
benchmark,946,q3_user_by_login,0.1867,1,True,
benchmark,947,q3_user_by_login,0.18029999999999999,1,True,
benchmark,948,q3_user_by_login,0.1767,1,True,
benchmark,949,q3_user_by_login,0.1817,1,True,
benchmark,950,q3_user_by_login,0.1804,1,True,
benchmark,951,q3_user_by_login,0.26190000000000002,1,True,
benchmark,952,q3_user_by_login,0.17510000000000001,1,True,
benchmark,953,q3_user_by_login,0.1862,1,True,
benchmark,954,q3_user_by_login,0.16569999999999999,1,True,
benchmark,955,q3_user_by_login,0.19850000000000001,1,True,
benchmark,956,q3_user_by_login,0.1799,1,True,
benchmark,957,q3_user_by_login,0.1915,1,True,
benchmark,958,q3_user_by_login,0.1704,1,True,
benchmark,959,q3_user_by_login,0.18379999999999999,1,True,
benchmark,960,q3_user_by_login,0.16669999999999999,1,True,
benchmark,961,q3_user_by_login,0.184,1,True,
benchmark,962,q3_user_by_login,0.18609999999999999,1,True,
benchmark,963,q3_user_by_login,0.1903,1,True,
benchmark,964,q3_user_by_login,0.1797,1,True,
benchmark,965,q3_user_by_login,0.184,1,True,
benchmark,966,q3_user_by_login,0.22670000000000001,1,True,
benchmark,967,q3_user_by_login,0.2455,1,True,
benchmark,968,q3_user_by_login,0.22389999999999999,1,True,
benchmark,969,q3_user_by_login,0.18909999999999999,1,True,
benchmark,970,q3_user_by_login,0.1764,1,True,
benchmark,971,q3_user_by_login,0.18529999999999999,1,True,
benchmark,972,q3_user_by_login,0.1671,1,True,
benchmark,973,q3_user_by_login,0.1797,1,True,
benchmark,974,q3_user_by_login,0.17999999999999999,1,True,
benchmark,975,q3_user_by_login,0.1865,1,True,
benchmark,976,q3_user_by_login,0.1784,1,True,
benchmark,977,q3_user_by_login,0.1741,1,True,
benchmark,978,q3_user_by_login,0.16669999999999999,1,True,
benchmark,979,q3_user_by_login,0.1757,1,True,
benchmark,980,q3_user_by_login,0.17960000000000001,1,True,
benchmark,981,q3_user_by_login,0.1855,1,True,
benchmark,982,q3_user_by_login,0.18629999999999999,1,True,
benchmark,983,q3_user_by_login,0.17660000000000001,1,True,
benchmark,984,q3_user_by_login,0.18049999999999999,1,True,
benchmark,985,q3_user_by_login,0.1701,1,True,
benchmark,986,q3_user_by_login,0.1651,1,True,
benchmark,987,q3_user_by_login,0.17910000000000001,1,True,
benchmark,988,q3_user_by_login,0.1762,1,True,
benchmark,989,q3_user_by_login,0.1772,1,True,
benchmark,990,q3_user_by_login,0.17369999999999999,1,True,
benchmark,991,q3_user_by_login,0.1855,1,True,
benchmark,992,q3_user_by_login,0.17680000000000001,1,True,
benchmark,993,q3_user_by_login,0.1802,1,True,
benchmark,994,q3_user_by_login,1.4222999999999999,1,True,
benchmark,995,q3_user_by_login,0.1789,1,True,
benchmark,996,q3_user_by_login,0.18210000000000001,1,True,
benchmark,997,q3_user_by_login,0.1845,1,True,
benchmark,998,q3_user_by_login,0.22889999999999999,1,True,
benchmark,999,q3_user_by_login,0.19420000000000001,1,True,
benchmark,1000,q3_user_by_login,0.17180000000000001,1,True,
benchmark,1,q4_sellers_rating,45.952399999999997,100,True,
benchmark,2,q4_sellers_rating,27.182099999999998,100,True,
benchmark,3,q4_sellers_rating,30.307099999999998,100,True,
benchmark,4,q4_sellers_rating,28.7621,100,True,
benchmark,5,q4_sellers_rating,29.878900000000002,100,True,
benchmark,6,q4_sellers_rating,27.614100000000001,100,True,
benchmark,7,q4_sellers_rating,27.4512,100,True,
benchmark,8,q4_sellers_rating,28.6478,100,True,
benchmark,9,q4_sellers_rating,26.184999999999999,100,True,
benchmark,10,q4_sellers_rating,25.2273,100,True,
benchmark,11,q4_sellers_rating,24.7318,100,True,
benchmark,12,q4_sellers_rating,26.191500000000001,100,True,
benchmark,13,q4_sellers_rating,25.1403,100,True,
benchmark,14,q4_sellers_rating,26.830200000000001,100,True,
benchmark,15,q4_sellers_rating,29.056000000000001,100,True,
benchmark,16,q4_sellers_rating,30.950099999999999,100,True,
benchmark,17,q4_sellers_rating,28.392900000000001,100,True,
benchmark,18,q4_sellers_rating,27.6951,100,True,
benchmark,19,q4_sellers_rating,26.601299999999998,100,True,
benchmark,20,q4_sellers_rating,28.023,100,True,
benchmark,21,q4_sellers_rating,27.890000000000001,100,True,
benchmark,22,q4_sellers_rating,27.238399999999999,100,True,
benchmark,23,q4_sellers_rating,27.991299999999999,100,True,
benchmark,24,q4_sellers_rating,28.142800000000001,100,True,
benchmark,25,q4_sellers_rating,24.628299999999999,100,True,
benchmark,26,q4_sellers_rating,22.741299999999999,100,True,
benchmark,27,q4_sellers_rating,26.005099999999999,100,True,
benchmark,28,q4_sellers_rating,24.734300000000001,100,True,
benchmark,29,q4_sellers_rating,26.469899999999999,100,True,
benchmark,30,q4_sellers_rating,28.512899999999998,100,True,
benchmark,31,q4_sellers_rating,29.206499999999998,100,True,
benchmark,32,q4_sellers_rating,28.1861,100,True,
benchmark,33,q4_sellers_rating,27.030000000000001,100,True,
benchmark,34,q4_sellers_rating,28.321200000000001,100,True,
benchmark,35,q4_sellers_rating,28.038699999999999,100,True,
benchmark,36,q4_sellers_rating,28.328700000000001,100,True,
benchmark,37,q4_sellers_rating,28.3612,100,True,
benchmark,38,q4_sellers_rating,29.399999999999999,100,True,
benchmark,39,q4_sellers_rating,25.026900000000001,100,True,
benchmark,40,q4_sellers_rating,23.599399999999999,100,True,
benchmark,41,q4_sellers_rating,24.182200000000002,100,True,
benchmark,42,q4_sellers_rating,27.434999999999999,100,True,
benchmark,43,q4_sellers_rating,28.5808,100,True,
benchmark,44,q4_sellers_rating,28.094899999999999,100,True,
benchmark,45,q4_sellers_rating,25.5791,100,True,
benchmark,46,q4_sellers_rating,26.4373,100,True,
benchmark,47,q4_sellers_rating,25.640499999999999,100,True,
benchmark,48,q4_sellers_rating,27.930199999999999,100,True,
benchmark,49,q4_sellers_rating,27.151299999999999,100,True,
benchmark,50,q4_sellers_rating,27.824200000000001,100,True,
benchmark,51,q4_sellers_rating,28.670000000000002,100,True,
benchmark,52,q4_sellers_rating,29.441199999999998,100,True,
benchmark,53,q4_sellers_rating,30.192900000000002,100,True,
benchmark,54,q4_sellers_rating,26.413399999999999,100,True,
benchmark,55,q4_sellers_rating,27.1554,100,True,
benchmark,56,q4_sellers_rating,28.766200000000001,100,True,
benchmark,57,q4_sellers_rating,26.862300000000001,100,True,
benchmark,58,q4_sellers_rating,26.569299999999998,100,True,
benchmark,59,q4_sellers_rating,25.660299999999999,100,True,
benchmark,60,q4_sellers_rating,27.353400000000001,100,True,
benchmark,61,q4_sellers_rating,28.341200000000001,100,True,
benchmark,62,q4_sellers_rating,29.095700000000001,100,True,
benchmark,63,q4_sellers_rating,28.556899999999999,100,True,
benchmark,64,q4_sellers_rating,29.142499999999998,100,True,
benchmark,65,q4_sellers_rating,28.552,100,True,
benchmark,66,q4_sellers_rating,29.0001,100,True,
benchmark,67,q4_sellers_rating,33.794400000000003,100,True,
benchmark,68,q4_sellers_rating,25.584700000000002,100,True,
benchmark,69,q4_sellers_rating,25.202200000000001,100,True,
benchmark,70,q4_sellers_rating,28.638500000000001,100,True,
benchmark,71,q4_sellers_rating,27.538699999999999,100,True,
benchmark,72,q4_sellers_rating,26.032900000000001,100,True,
benchmark,73,q4_sellers_rating,26.1221,100,True,
benchmark,74,q4_sellers_rating,28.5167,100,True,
benchmark,75,q4_sellers_rating,27.063800000000001,100,True,
benchmark,76,q4_sellers_rating,28.5901,100,True,
benchmark,77,q4_sellers_rating,28.9209,100,True,
benchmark,78,q4_sellers_rating,29.923200000000001,100,True,
benchmark,79,q4_sellers_rating,27.875800000000002,100,True,
benchmark,80,q4_sellers_rating,28.214400000000001,100,True,
benchmark,81,q4_sellers_rating,28.670100000000001,100,True,
benchmark,82,q4_sellers_rating,29.633299999999998,100,True,
benchmark,83,q4_sellers_rating,28.800699999999999,100,True,
benchmark,84,q4_sellers_rating,28.149799999999999,100,True,
benchmark,85,q4_sellers_rating,27.478200000000001,100,True,
benchmark,86,q4_sellers_rating,28.488499999999998,100,True,
benchmark,87,q4_sellers_rating,27.571000000000002,100,True,
benchmark,88,q4_sellers_rating,27.3733,100,True,
benchmark,89,q4_sellers_rating,23.543700000000001,100,True,
benchmark,90,q4_sellers_rating,24.4406,100,True,
benchmark,91,q4_sellers_rating,23.439900000000002,100,True,
benchmark,92,q4_sellers_rating,28.486000000000001,100,True,
benchmark,93,q4_sellers_rating,25.6981,100,True,
benchmark,94,q4_sellers_rating,28.913799999999998,100,True,
benchmark,95,q4_sellers_rating,27.8552,100,True,
benchmark,96,q4_sellers_rating,27.497,100,True,
benchmark,97,q4_sellers_rating,27.4604,100,True,
benchmark,98,q4_sellers_rating,29.155000000000001,100,True,
benchmark,99,q4_sellers_rating,28.055700000000002,100,True,
benchmark,100,q4_sellers_rating,27.537800000000001,100,True,
benchmark,101,q4_sellers_rating,28.215299999999999,100,True,
benchmark,102,q4_sellers_rating,25.493300000000001,100,True,
benchmark,103,q4_sellers_rating,26.7073,100,True,
benchmark,104,q4_sellers_rating,25.308199999999999,100,True,
benchmark,105,q4_sellers_rating,28.697299999999998,100,True,
benchmark,106,q4_sellers_rating,28.382899999999999,100,True,
benchmark,107,q4_sellers_rating,28.808299999999999,100,True,
benchmark,108,q4_sellers_rating,29.125699999999998,100,True,
benchmark,109,q4_sellers_rating,27.505700000000001,100,True,
benchmark,110,q4_sellers_rating,27.135200000000001,100,True,
benchmark,111,q4_sellers_rating,26.955100000000002,100,True,
benchmark,112,q4_sellers_rating,26.452000000000002,100,True,
benchmark,113,q4_sellers_rating,25.133900000000001,100,True,
benchmark,114,q4_sellers_rating,27.210599999999999,100,True,
benchmark,115,q4_sellers_rating,24.995699999999999,100,True,
benchmark,116,q4_sellers_rating,28.245000000000001,100,True,
benchmark,117,q4_sellers_rating,29.2042,100,True,
benchmark,118,q4_sellers_rating,28.106999999999999,100,True,
benchmark,119,q4_sellers_rating,28.4314,100,True,
benchmark,120,q4_sellers_rating,28.474399999999999,100,True,
benchmark,121,q4_sellers_rating,28.591699999999999,100,True,
benchmark,122,q4_sellers_rating,28.040199999999999,100,True,
benchmark,123,q4_sellers_rating,28.9499,100,True,
benchmark,124,q4_sellers_rating,28.5078,100,True,
benchmark,125,q4_sellers_rating,27.229299999999999,100,True,
benchmark,126,q4_sellers_rating,27.228899999999999,100,True,
benchmark,127,q4_sellers_rating,23.264700000000001,100,True,
benchmark,128,q4_sellers_rating,24.250499999999999,100,True,
benchmark,129,q4_sellers_rating,27.002700000000001,100,True,
benchmark,130,q4_sellers_rating,27.6953,100,True,
benchmark,131,q4_sellers_rating,27.494700000000002,100,True,
benchmark,132,q4_sellers_rating,27.876899999999999,100,True,
benchmark,133,q4_sellers_rating,28.057300000000001,100,True,
benchmark,134,q4_sellers_rating,28.2285,100,True,
benchmark,135,q4_sellers_rating,28.210899999999999,100,True,
benchmark,136,q4_sellers_rating,28.242999999999999,100,True,
benchmark,137,q4_sellers_rating,27.7193,100,True,
benchmark,138,q4_sellers_rating,34.625399999999999,100,True,
benchmark,139,q4_sellers_rating,25.8645,100,True,
benchmark,140,q4_sellers_rating,25.5627,100,True,
benchmark,141,q4_sellers_rating,24.064599999999999,100,True,
benchmark,142,q4_sellers_rating,26.8916,100,True,
benchmark,143,q4_sellers_rating,26.7425,100,True,
benchmark,144,q4_sellers_rating,24.819500000000001,100,True,
benchmark,145,q4_sellers_rating,24.031500000000001,100,True,
benchmark,146,q4_sellers_rating,27.616199999999999,100,True,
benchmark,147,q4_sellers_rating,28.700700000000001,100,True,
benchmark,148,q4_sellers_rating,28.509699999999999,100,True,
benchmark,149,q4_sellers_rating,27.617699999999999,100,True,
benchmark,150,q4_sellers_rating,27.995799999999999,100,True,
benchmark,151,q4_sellers_rating,27.275700000000001,100,True,
benchmark,152,q4_sellers_rating,30.011099999999999,100,True,
benchmark,153,q4_sellers_rating,26.817499999999999,100,True,
benchmark,154,q4_sellers_rating,25.341100000000001,100,True,
benchmark,155,q4_sellers_rating,22.869700000000002,100,True,
benchmark,156,q4_sellers_rating,27.098600000000001,100,True,
benchmark,157,q4_sellers_rating,28.214700000000001,100,True,
benchmark,158,q4_sellers_rating,28.622699999999998,100,True,
benchmark,159,q4_sellers_rating,28.189299999999999,100,True,
benchmark,160,q4_sellers_rating,28.118200000000002,100,True,
benchmark,161,q4_sellers_rating,27.822399999999998,100,True,
benchmark,162,q4_sellers_rating,24.6572,100,True,
benchmark,163,q4_sellers_rating,25.200500000000002,100,True,
benchmark,164,q4_sellers_rating,26.225300000000001,100,True,
benchmark,165,q4_sellers_rating,27.9298,100,True,
benchmark,166,q4_sellers_rating,27.897400000000001,100,True,
benchmark,167,q4_sellers_rating,28.792999999999999,100,True,
benchmark,168,q4_sellers_rating,27.877400000000002,100,True,
benchmark,169,q4_sellers_rating,28.461099999999998,100,True,
benchmark,170,q4_sellers_rating,28.513999999999999,100,True,
benchmark,171,q4_sellers_rating,25.200500000000002,100,True,
benchmark,172,q4_sellers_rating,24.0151,100,True,
benchmark,173,q4_sellers_rating,24.573699999999999,100,True,
benchmark,174,q4_sellers_rating,27.9682,100,True,
benchmark,175,q4_sellers_rating,27.4802,100,True,
benchmark,176,q4_sellers_rating,28.522600000000001,100,True,
benchmark,177,q4_sellers_rating,27.313500000000001,100,True,
benchmark,178,q4_sellers_rating,28.1295,100,True,
benchmark,179,q4_sellers_rating,28.190200000000001,100,True,
benchmark,180,q4_sellers_rating,28.444900000000001,100,True,
benchmark,181,q4_sellers_rating,25.7256,100,True,
benchmark,182,q4_sellers_rating,24.573499999999999,100,True,
benchmark,183,q4_sellers_rating,25.9162,100,True,
benchmark,184,q4_sellers_rating,29.044699999999999,100,True,
benchmark,185,q4_sellers_rating,28.623699999999999,100,True,
benchmark,186,q4_sellers_rating,26.1387,100,True,
benchmark,187,q4_sellers_rating,26.3279,100,True,
benchmark,188,q4_sellers_rating,22.777699999999999,100,True,
benchmark,189,q4_sellers_rating,24.3705,100,True,
benchmark,190,q4_sellers_rating,24.203299999999999,100,True,
benchmark,191,q4_sellers_rating,27.127099999999999,100,True,
benchmark,192,q4_sellers_rating,25.170000000000002,100,True,
benchmark,193,q4_sellers_rating,25.841699999999999,100,True,
benchmark,194,q4_sellers_rating,27.426500000000001,100,True,
benchmark,195,q4_sellers_rating,28.150200000000002,100,True,
benchmark,196,q4_sellers_rating,27.3581,100,True,
benchmark,197,q4_sellers_rating,28.721699999999998,100,True,
benchmark,198,q4_sellers_rating,27.181999999999999,100,True,
benchmark,199,q4_sellers_rating,26.256699999999999,100,True,
benchmark,200,q4_sellers_rating,29.239100000000001,100,True,
benchmark,201,q4_sellers_rating,28.425599999999999,100,True,
benchmark,202,q4_sellers_rating,25.7789,100,True,
benchmark,203,q4_sellers_rating,30.3627,100,True,
benchmark,204,q4_sellers_rating,29.0137,100,True,
benchmark,205,q4_sellers_rating,27.894500000000001,100,True,
benchmark,206,q4_sellers_rating,28.436,100,True,
benchmark,207,q4_sellers_rating,28.313800000000001,100,True,
benchmark,208,q4_sellers_rating,27.848800000000001,100,True,
benchmark,209,q4_sellers_rating,28.1295,100,True,
benchmark,210,q4_sellers_rating,27.652000000000001,100,True,
benchmark,211,q4_sellers_rating,33.2102,100,True,
benchmark,212,q4_sellers_rating,28.015000000000001,100,True,
benchmark,213,q4_sellers_rating,38.210000000000001,100,True,
benchmark,214,q4_sellers_rating,25.878900000000002,100,True,
benchmark,215,q4_sellers_rating,29.1555,100,True,
benchmark,216,q4_sellers_rating,29.296299999999999,100,True,
benchmark,217,q4_sellers_rating,27.407599999999999,100,True,
benchmark,218,q4_sellers_rating,28.084900000000001,100,True,
benchmark,219,q4_sellers_rating,26.408899999999999,100,True,
benchmark,220,q4_sellers_rating,27.991800000000001,100,True,
benchmark,221,q4_sellers_rating,28.222999999999999,100,True,
benchmark,222,q4_sellers_rating,27.947099999999999,100,True,
benchmark,223,q4_sellers_rating,28.6494,100,True,
benchmark,224,q4_sellers_rating,27.616800000000001,100,True,
benchmark,225,q4_sellers_rating,28.682500000000001,100,True,
benchmark,226,q4_sellers_rating,27.820900000000002,100,True,
benchmark,227,q4_sellers_rating,23.8553,100,True,
benchmark,228,q4_sellers_rating,28.081499999999998,100,True,
benchmark,229,q4_sellers_rating,28.488399999999999,100,True,
benchmark,230,q4_sellers_rating,29.0596,100,True,
benchmark,231,q4_sellers_rating,29.159300000000002,100,True,
benchmark,232,q4_sellers_rating,28.305900000000001,100,True,
benchmark,233,q4_sellers_rating,28.840499999999999,100,True,
benchmark,234,q4_sellers_rating,27.9087,100,True,
benchmark,235,q4_sellers_rating,26.436900000000001,100,True,
benchmark,236,q4_sellers_rating,25.216100000000001,100,True,
benchmark,237,q4_sellers_rating,26.502700000000001,100,True,
benchmark,238,q4_sellers_rating,31.335999999999999,100,True,
benchmark,239,q4_sellers_rating,29.8431,100,True,
benchmark,240,q4_sellers_rating,27.863700000000001,100,True,
benchmark,241,q4_sellers_rating,25.8338,100,True,
benchmark,242,q4_sellers_rating,27.3079,100,True,
benchmark,243,q4_sellers_rating,28.8428,100,True,
benchmark,244,q4_sellers_rating,27.3979,100,True,
benchmark,245,q4_sellers_rating,28.187000000000001,100,True,
benchmark,246,q4_sellers_rating,29.594000000000001,100,True,
benchmark,247,q4_sellers_rating,27.845400000000001,100,True,
benchmark,248,q4_sellers_rating,27.697500000000002,100,True,
benchmark,249,q4_sellers_rating,27.630800000000001,100,True,
benchmark,250,q4_sellers_rating,28.206499999999998,100,True,
benchmark,251,q4_sellers_rating,27.319099999999999,100,True,
benchmark,252,q4_sellers_rating,26.701000000000001,100,True,
benchmark,253,q4_sellers_rating,26.120200000000001,100,True,
benchmark,254,q4_sellers_rating,26.6477,100,True,
benchmark,255,q4_sellers_rating,28.5852,100,True,
benchmark,256,q4_sellers_rating,28.034099999999999,100,True,
benchmark,257,q4_sellers_rating,28.105,100,True,
benchmark,258,q4_sellers_rating,27.209,100,True,
benchmark,259,q4_sellers_rating,28.8429,100,True,
benchmark,260,q4_sellers_rating,28.495799999999999,100,True,
benchmark,261,q4_sellers_rating,28.7014,100,True,
benchmark,262,q4_sellers_rating,28.090199999999999,100,True,
benchmark,263,q4_sellers_rating,28.388500000000001,100,True,
benchmark,264,q4_sellers_rating,27.298400000000001,100,True,
benchmark,265,q4_sellers_rating,28.214400000000001,100,True,
benchmark,266,q4_sellers_rating,28.618600000000001,100,True,
benchmark,267,q4_sellers_rating,26.523700000000002,100,True,
benchmark,268,q4_sellers_rating,27.6755,100,True,
benchmark,269,q4_sellers_rating,28.3156,100,True,
benchmark,270,q4_sellers_rating,28.464400000000001,100,True,
benchmark,271,q4_sellers_rating,27.395900000000001,100,True,
benchmark,272,q4_sellers_rating,28.341000000000001,100,True,
benchmark,273,q4_sellers_rating,27.545100000000001,100,True,
benchmark,274,q4_sellers_rating,28.776199999999999,100,True,
benchmark,275,q4_sellers_rating,27.205200000000001,100,True,
benchmark,276,q4_sellers_rating,28.4102,100,True,
benchmark,277,q4_sellers_rating,28.918800000000001,100,True,
benchmark,278,q4_sellers_rating,27.2256,100,True,
benchmark,279,q4_sellers_rating,27.866399999999999,100,True,
benchmark,280,q4_sellers_rating,27.796399999999998,100,True,
benchmark,281,q4_sellers_rating,27.890799999999999,100,True,
benchmark,282,q4_sellers_rating,28.611999999999998,100,True,
benchmark,283,q4_sellers_rating,32.218699999999998,100,True,
benchmark,284,q4_sellers_rating,23.101500000000001,100,True,
benchmark,285,q4_sellers_rating,28.045200000000001,100,True,
benchmark,286,q4_sellers_rating,28.426200000000001,100,True,
benchmark,287,q4_sellers_rating,26.256699999999999,100,True,
benchmark,288,q4_sellers_rating,28.449000000000002,100,True,
benchmark,289,q4_sellers_rating,27.490300000000001,100,True,
benchmark,290,q4_sellers_rating,28.1099,100,True,
benchmark,291,q4_sellers_rating,27.385999999999999,100,True,
benchmark,292,q4_sellers_rating,26.017499999999998,100,True,
benchmark,293,q4_sellers_rating,28.381499999999999,100,True,
benchmark,294,q4_sellers_rating,28.228899999999999,100,True,
benchmark,295,q4_sellers_rating,28.704999999999998,100,True,
benchmark,296,q4_sellers_rating,27.285,100,True,
benchmark,297,q4_sellers_rating,27.648,100,True,
benchmark,298,q4_sellers_rating,28.024899999999999,100,True,
benchmark,299,q4_sellers_rating,27.907900000000001,100,True,
benchmark,300,q4_sellers_rating,27.939900000000002,100,True,
benchmark,301,q4_sellers_rating,28.8858,100,True,
benchmark,302,q4_sellers_rating,27.999099999999999,100,True,
benchmark,303,q4_sellers_rating,30.185099999999998,100,True,
benchmark,304,q4_sellers_rating,29.002700000000001,100,True,
benchmark,305,q4_sellers_rating,28.3429,100,True,
benchmark,306,q4_sellers_rating,28.458200000000001,100,True,
benchmark,307,q4_sellers_rating,29.604399999999998,100,True,
benchmark,308,q4_sellers_rating,27.229299999999999,100,True,
benchmark,309,q4_sellers_rating,26.426500000000001,100,True,
benchmark,310,q4_sellers_rating,28.206600000000002,100,True,
benchmark,311,q4_sellers_rating,26.558800000000002,100,True,
benchmark,312,q4_sellers_rating,26.907299999999999,100,True,
benchmark,313,q4_sellers_rating,24.991599999999998,100,True,
benchmark,314,q4_sellers_rating,25.870000000000001,100,True,
benchmark,315,q4_sellers_rating,25.4602,100,True,
benchmark,316,q4_sellers_rating,26.834700000000002,100,True,
benchmark,317,q4_sellers_rating,27.462,100,True,
benchmark,318,q4_sellers_rating,25.527699999999999,100,True,
benchmark,319,q4_sellers_rating,26.690999999999999,100,True,
benchmark,320,q4_sellers_rating,27.1142,100,True,
benchmark,321,q4_sellers_rating,27.1602,100,True,
benchmark,322,q4_sellers_rating,28.628299999999999,100,True,
benchmark,323,q4_sellers_rating,27.804099999999998,100,True,
benchmark,324,q4_sellers_rating,27.586400000000001,100,True,
benchmark,325,q4_sellers_rating,27.788699999999999,100,True,
benchmark,326,q4_sellers_rating,26.8947,100,True,
benchmark,327,q4_sellers_rating,27.403700000000001,100,True,
benchmark,328,q4_sellers_rating,27.2438,100,True,
benchmark,329,q4_sellers_rating,28.8614,100,True,
benchmark,330,q4_sellers_rating,27.971,100,True,
benchmark,331,q4_sellers_rating,27.690200000000001,100,True,
benchmark,332,q4_sellers_rating,27.661999999999999,100,True,
benchmark,333,q4_sellers_rating,27.7714,100,True,
benchmark,334,q4_sellers_rating,28.427199999999999,100,True,
benchmark,335,q4_sellers_rating,27.914000000000001,100,True,
benchmark,336,q4_sellers_rating,28.725899999999999,100,True,
benchmark,337,q4_sellers_rating,27.686499999999999,100,True,
benchmark,338,q4_sellers_rating,26.666699999999999,100,True,
benchmark,339,q4_sellers_rating,24.2559,100,True,
benchmark,340,q4_sellers_rating,24.227900000000002,100,True,
benchmark,341,q4_sellers_rating,25.089200000000002,100,True,
benchmark,342,q4_sellers_rating,27.879000000000001,100,True,
benchmark,343,q4_sellers_rating,26.878900000000002,100,True,
benchmark,344,q4_sellers_rating,28.984300000000001,100,True,
benchmark,345,q4_sellers_rating,27.643899999999999,100,True,
benchmark,346,q4_sellers_rating,27.0303,100,True,
benchmark,347,q4_sellers_rating,26.423100000000002,100,True,
benchmark,348,q4_sellers_rating,27.777000000000001,100,True,
benchmark,349,q4_sellers_rating,27.445399999999999,100,True,
benchmark,350,q4_sellers_rating,27.902799999999999,100,True,
benchmark,351,q4_sellers_rating,28.334199999999999,100,True,
benchmark,352,q4_sellers_rating,31.109100000000002,100,True,
benchmark,353,q4_sellers_rating,31.428599999999999,100,True,
benchmark,354,q4_sellers_rating,29.048400000000001,100,True,
benchmark,355,q4_sellers_rating,28.851700000000001,100,True,
benchmark,356,q4_sellers_rating,29.223500000000001,100,True,
benchmark,357,q4_sellers_rating,27.1005,100,True,
benchmark,358,q4_sellers_rating,26.372199999999999,100,True,
benchmark,359,q4_sellers_rating,24.578499999999998,100,True,
benchmark,360,q4_sellers_rating,28.127700000000001,100,True,
benchmark,361,q4_sellers_rating,28.055499999999999,100,True,
benchmark,362,q4_sellers_rating,26.969200000000001,100,True,
benchmark,363,q4_sellers_rating,26.4392,100,True,
benchmark,364,q4_sellers_rating,27.6831,100,True,
benchmark,365,q4_sellers_rating,28.295500000000001,100,True,
benchmark,366,q4_sellers_rating,28.404299999999999,100,True,
benchmark,367,q4_sellers_rating,27.7437,100,True,
benchmark,368,q4_sellers_rating,26.065000000000001,100,True,
benchmark,369,q4_sellers_rating,27.723299999999998,100,True,
benchmark,370,q4_sellers_rating,26.844799999999999,100,True,
benchmark,371,q4_sellers_rating,26.338799999999999,100,True,
benchmark,372,q4_sellers_rating,27.945900000000002,100,True,
benchmark,373,q4_sellers_rating,26.669899999999998,100,True,
benchmark,374,q4_sellers_rating,27.4648,100,True,
benchmark,375,q4_sellers_rating,27.545999999999999,100,True,
benchmark,376,q4_sellers_rating,28.484000000000002,100,True,
benchmark,377,q4_sellers_rating,28.103400000000001,100,True,
benchmark,378,q4_sellers_rating,27.431899999999999,100,True,
benchmark,379,q4_sellers_rating,27.323699999999999,100,True,
benchmark,380,q4_sellers_rating,27.863299999999999,100,True,
benchmark,381,q4_sellers_rating,28.2362,100,True,
benchmark,382,q4_sellers_rating,26.928799999999999,100,True,
benchmark,383,q4_sellers_rating,31.2455,100,True,
benchmark,384,q4_sellers_rating,32.316000000000003,100,True,
benchmark,385,q4_sellers_rating,28.707899999999999,100,True,
benchmark,386,q4_sellers_rating,27.109500000000001,100,True,
benchmark,387,q4_sellers_rating,27.8309,100,True,
benchmark,388,q4_sellers_rating,27.759699999999999,100,True,
benchmark,389,q4_sellers_rating,27.409800000000001,100,True,
benchmark,390,q4_sellers_rating,28.377199999999998,100,True,
benchmark,391,q4_sellers_rating,22.764399999999998,100,True,
benchmark,392,q4_sellers_rating,28.9328,100,True,
benchmark,393,q4_sellers_rating,27.616800000000001,100,True,
benchmark,394,q4_sellers_rating,28.890000000000001,100,True,
benchmark,395,q4_sellers_rating,26.073699999999999,100,True,
benchmark,396,q4_sellers_rating,31.471699999999998,100,True,
benchmark,397,q4_sellers_rating,25.608499999999999,100,True,
benchmark,398,q4_sellers_rating,27.832000000000001,100,True,
benchmark,399,q4_sellers_rating,27.6585,100,True,
benchmark,400,q4_sellers_rating,27.560600000000001,100,True,
benchmark,401,q4_sellers_rating,29.670200000000001,100,True,
benchmark,402,q4_sellers_rating,26.324000000000002,100,True,
benchmark,403,q4_sellers_rating,28.1998,100,True,
benchmark,404,q4_sellers_rating,25.341799999999999,100,True,
benchmark,405,q4_sellers_rating,29.500699999999998,100,True,
benchmark,406,q4_sellers_rating,28.810099999999998,100,True,
benchmark,407,q4_sellers_rating,28.4725,100,True,
benchmark,408,q4_sellers_rating,28.491299999999999,100,True,
benchmark,409,q4_sellers_rating,27.587700000000002,100,True,
benchmark,410,q4_sellers_rating,28.372,100,True,
benchmark,411,q4_sellers_rating,27.492999999999999,100,True,
benchmark,412,q4_sellers_rating,27.785,100,True,
benchmark,413,q4_sellers_rating,27.636700000000001,100,True,
benchmark,414,q4_sellers_rating,28.952999999999999,100,True,
benchmark,415,q4_sellers_rating,29.983699999999999,100,True,
benchmark,416,q4_sellers_rating,28.073899999999998,100,True,
benchmark,417,q4_sellers_rating,28.2454,100,True,
benchmark,418,q4_sellers_rating,25.859200000000001,100,True,
benchmark,419,q4_sellers_rating,28.080300000000001,100,True,
benchmark,420,q4_sellers_rating,27.011099999999999,100,True,
benchmark,421,q4_sellers_rating,28.793099999999999,100,True,
benchmark,422,q4_sellers_rating,27.299199999999999,100,True,
benchmark,423,q4_sellers_rating,27.740100000000002,100,True,
benchmark,424,q4_sellers_rating,33.633800000000001,100,True,
benchmark,425,q4_sellers_rating,26.6602,100,True,
benchmark,426,q4_sellers_rating,27.5228,100,True,
benchmark,427,q4_sellers_rating,25.9529,100,True,
benchmark,428,q4_sellers_rating,28.1874,100,True,
benchmark,429,q4_sellers_rating,28.650700000000001,100,True,
benchmark,430,q4_sellers_rating,29.356400000000001,100,True,
benchmark,431,q4_sellers_rating,28.537400000000002,100,True,
benchmark,432,q4_sellers_rating,27.287800000000001,100,True,
benchmark,433,q4_sellers_rating,28.122599999999998,100,True,
benchmark,434,q4_sellers_rating,28.000900000000001,100,True,
benchmark,435,q4_sellers_rating,28.769200000000001,100,True,
benchmark,436,q4_sellers_rating,28.983000000000001,100,True,
benchmark,437,q4_sellers_rating,26.839099999999998,100,True,
benchmark,438,q4_sellers_rating,26.195900000000002,100,True,
benchmark,439,q4_sellers_rating,26.656500000000001,100,True,
benchmark,440,q4_sellers_rating,25.108699999999999,100,True,
benchmark,441,q4_sellers_rating,25.745899999999999,100,True,
benchmark,442,q4_sellers_rating,25.765699999999999,100,True,
benchmark,443,q4_sellers_rating,29.002500000000001,100,True,
benchmark,444,q4_sellers_rating,28.458300000000001,100,True,
benchmark,445,q4_sellers_rating,27.631499999999999,100,True,
benchmark,446,q4_sellers_rating,30.543900000000001,100,True,
benchmark,447,q4_sellers_rating,28.698599999999999,100,True,
benchmark,448,q4_sellers_rating,27.624700000000001,100,True,
benchmark,449,q4_sellers_rating,28.004999999999999,100,True,
benchmark,450,q4_sellers_rating,28.9312,100,True,
benchmark,451,q4_sellers_rating,28.870000000000001,100,True,
benchmark,452,q4_sellers_rating,25.289000000000001,100,True,
benchmark,453,q4_sellers_rating,32.9358,100,True,
benchmark,454,q4_sellers_rating,31.330400000000001,100,True,
benchmark,455,q4_sellers_rating,27.348600000000001,100,True,
benchmark,456,q4_sellers_rating,28.436499999999999,100,True,
benchmark,457,q4_sellers_rating,23.1783,100,True,
benchmark,458,q4_sellers_rating,29.580500000000001,100,True,
benchmark,459,q4_sellers_rating,28.088899999999999,100,True,
benchmark,460,q4_sellers_rating,28.677700000000002,100,True,
benchmark,461,q4_sellers_rating,29.178100000000001,100,True,
benchmark,462,q4_sellers_rating,26.469899999999999,100,True,
benchmark,463,q4_sellers_rating,27.821000000000002,100,True,
benchmark,464,q4_sellers_rating,28.8812,100,True,
benchmark,465,q4_sellers_rating,28.281500000000001,100,True,
benchmark,466,q4_sellers_rating,26.701499999999999,100,True,
benchmark,467,q4_sellers_rating,25.346699999999998,100,True,
benchmark,468,q4_sellers_rating,25.566700000000001,100,True,
benchmark,469,q4_sellers_rating,28.1557,100,True,
benchmark,470,q4_sellers_rating,28.542400000000001,100,True,
benchmark,471,q4_sellers_rating,28.386399999999998,100,True,
benchmark,472,q4_sellers_rating,28.1982,100,True,
benchmark,473,q4_sellers_rating,28.7578,100,True,
benchmark,474,q4_sellers_rating,28.129000000000001,100,True,
benchmark,475,q4_sellers_rating,28.3874,100,True,
benchmark,476,q4_sellers_rating,27.271799999999999,100,True,
benchmark,477,q4_sellers_rating,28.251000000000001,100,True,
benchmark,478,q4_sellers_rating,27.7789,100,True,
benchmark,479,q4_sellers_rating,27.223199999999999,100,True,
benchmark,480,q4_sellers_rating,28.615200000000002,100,True,
benchmark,481,q4_sellers_rating,26.4649,100,True,
benchmark,482,q4_sellers_rating,27.370200000000001,100,True,
benchmark,483,q4_sellers_rating,26.6065,100,True,
benchmark,484,q4_sellers_rating,27.7075,100,True,
benchmark,485,q4_sellers_rating,27.4847,100,True,
benchmark,486,q4_sellers_rating,28.052499999999998,100,True,
benchmark,487,q4_sellers_rating,28.064,100,True,
benchmark,488,q4_sellers_rating,26.439499999999999,100,True,
benchmark,489,q4_sellers_rating,29.274699999999999,100,True,
benchmark,490,q4_sellers_rating,27.8842,100,True,
benchmark,491,q4_sellers_rating,29.631399999999999,100,True,
benchmark,492,q4_sellers_rating,27.847799999999999,100,True,
benchmark,493,q4_sellers_rating,27.537700000000001,100,True,
benchmark,494,q4_sellers_rating,27.4803,100,True,
benchmark,495,q4_sellers_rating,27.681699999999999,100,True,
benchmark,496,q4_sellers_rating,32.671500000000002,100,True,
benchmark,497,q4_sellers_rating,29.359999999999999,100,True,
benchmark,498,q4_sellers_rating,28.584199999999999,100,True,
benchmark,499,q4_sellers_rating,27.602499999999999,100,True,
benchmark,500,q4_sellers_rating,28.023700000000002,100,True,
benchmark,501,q4_sellers_rating,28.4878,100,True,
benchmark,502,q4_sellers_rating,25.769200000000001,100,True,
benchmark,503,q4_sellers_rating,24.001100000000001,100,True,
benchmark,504,q4_sellers_rating,27.437000000000001,100,True,
benchmark,505,q4_sellers_rating,28.814599999999999,100,True,
benchmark,506,q4_sellers_rating,28.875,100,True,
benchmark,507,q4_sellers_rating,28.936,100,True,
benchmark,508,q4_sellers_rating,28.990400000000001,100,True,
benchmark,509,q4_sellers_rating,28.367100000000001,100,True,
benchmark,510,q4_sellers_rating,27.680299999999999,100,True,
benchmark,511,q4_sellers_rating,29.1006,100,True,
benchmark,512,q4_sellers_rating,28.061699999999998,100,True,
benchmark,513,q4_sellers_rating,27.809899999999999,100,True,
benchmark,514,q4_sellers_rating,27.248999999999999,100,True,
benchmark,515,q4_sellers_rating,25.955400000000001,100,True,
benchmark,516,q4_sellers_rating,26.0748,100,True,
benchmark,517,q4_sellers_rating,26.873200000000001,100,True,
benchmark,518,q4_sellers_rating,27.7394,100,True,
benchmark,519,q4_sellers_rating,27.706199999999999,100,True,
benchmark,520,q4_sellers_rating,27.386500000000002,100,True,
benchmark,521,q4_sellers_rating,28.294599999999999,100,True,
benchmark,522,q4_sellers_rating,29.433800000000002,100,True,
benchmark,523,q4_sellers_rating,28.9878,100,True,
benchmark,524,q4_sellers_rating,29.071400000000001,100,True,
benchmark,525,q4_sellers_rating,28.029699999999998,100,True,
benchmark,526,q4_sellers_rating,26.4084,100,True,
benchmark,527,q4_sellers_rating,27.4575,100,True,
benchmark,528,q4_sellers_rating,28.394200000000001,100,True,
benchmark,529,q4_sellers_rating,27.897200000000002,100,True,
benchmark,530,q4_sellers_rating,27.398900000000001,100,True,
benchmark,531,q4_sellers_rating,28.59,100,True,
benchmark,532,q4_sellers_rating,25.8062,100,True,
benchmark,533,q4_sellers_rating,25.109500000000001,100,True,
benchmark,534,q4_sellers_rating,26.328800000000001,100,True,
benchmark,535,q4_sellers_rating,27.965399999999999,100,True,
benchmark,536,q4_sellers_rating,27.4438,100,True,
benchmark,537,q4_sellers_rating,27.808900000000001,100,True,
benchmark,538,q4_sellers_rating,28.5886,100,True,
benchmark,539,q4_sellers_rating,27.548999999999999,100,True,
benchmark,540,q4_sellers_rating,29.465699999999998,100,True,
benchmark,541,q4_sellers_rating,26.904599999999999,100,True,
benchmark,542,q4_sellers_rating,27.799700000000001,100,True,
benchmark,543,q4_sellers_rating,26.215399999999999,100,True,
benchmark,544,q4_sellers_rating,23.4786,100,True,
benchmark,545,q4_sellers_rating,22.3157,100,True,
benchmark,546,q4_sellers_rating,28.0989,100,True,
benchmark,547,q4_sellers_rating,27.2195,100,True,
benchmark,548,q4_sellers_rating,27.631,100,True,
benchmark,549,q4_sellers_rating,27.614000000000001,100,True,
benchmark,550,q4_sellers_rating,28.078499999999998,100,True,
benchmark,551,q4_sellers_rating,27.587199999999999,100,True,
benchmark,552,q4_sellers_rating,28.6999,100,True,
benchmark,553,q4_sellers_rating,26.450399999999998,100,True,
benchmark,554,q4_sellers_rating,23.764099999999999,100,True,
benchmark,555,q4_sellers_rating,28.8125,100,True,
benchmark,556,q4_sellers_rating,27.601199999999999,100,True,
benchmark,557,q4_sellers_rating,29.663,100,True,
benchmark,558,q4_sellers_rating,26.834099999999999,100,True,
benchmark,559,q4_sellers_rating,25.910699999999999,100,True,
benchmark,560,q4_sellers_rating,27.335100000000001,100,True,
benchmark,561,q4_sellers_rating,26.834199999999999,100,True,
benchmark,562,q4_sellers_rating,26.988099999999999,100,True,
benchmark,563,q4_sellers_rating,28.244499999999999,100,True,
benchmark,564,q4_sellers_rating,28.780999999999999,100,True,
benchmark,565,q4_sellers_rating,27.6785,100,True,
benchmark,566,q4_sellers_rating,24.282800000000002,100,True,
benchmark,567,q4_sellers_rating,33.173000000000002,100,True,
benchmark,568,q4_sellers_rating,30.274899999999999,100,True,
benchmark,569,q4_sellers_rating,27.494499999999999,100,True,
benchmark,570,q4_sellers_rating,27.618400000000001,100,True,
benchmark,571,q4_sellers_rating,28.4556,100,True,
benchmark,572,q4_sellers_rating,27.9986,100,True,
benchmark,573,q4_sellers_rating,28.2347,100,True,
benchmark,574,q4_sellers_rating,27.736499999999999,100,True,
benchmark,575,q4_sellers_rating,26.167999999999999,100,True,
benchmark,576,q4_sellers_rating,26.472999999999999,100,True,
benchmark,577,q4_sellers_rating,26.067599999999999,100,True,
benchmark,578,q4_sellers_rating,25.904599999999999,100,True,
benchmark,579,q4_sellers_rating,25.818200000000001,100,True,
benchmark,580,q4_sellers_rating,25.959,100,True,
benchmark,581,q4_sellers_rating,26.164999999999999,100,True,
benchmark,582,q4_sellers_rating,28.110399999999998,100,True,
benchmark,583,q4_sellers_rating,28.3032,100,True,
benchmark,584,q4_sellers_rating,28.579699999999999,100,True,
benchmark,585,q4_sellers_rating,27.875699999999998,100,True,
benchmark,586,q4_sellers_rating,28.701499999999999,100,True,
benchmark,587,q4_sellers_rating,27.9376,100,True,
benchmark,588,q4_sellers_rating,27.209700000000002,100,True,
benchmark,589,q4_sellers_rating,27.623200000000001,100,True,
benchmark,590,q4_sellers_rating,28.2806,100,True,
benchmark,591,q4_sellers_rating,27.592700000000001,100,True,
benchmark,592,q4_sellers_rating,23.718,100,True,
benchmark,593,q4_sellers_rating,28.7775,100,True,
benchmark,594,q4_sellers_rating,27.706099999999999,100,True,
benchmark,595,q4_sellers_rating,27.301600000000001,100,True,
benchmark,596,q4_sellers_rating,28.697299999999998,100,True,
benchmark,597,q4_sellers_rating,28.682600000000001,100,True,
benchmark,598,q4_sellers_rating,28.029,100,True,
benchmark,599,q4_sellers_rating,29.265499999999999,100,True,
benchmark,600,q4_sellers_rating,27.518000000000001,100,True,
benchmark,601,q4_sellers_rating,28.629000000000001,100,True,
benchmark,602,q4_sellers_rating,26.404699999999998,100,True,
benchmark,603,q4_sellers_rating,26.3233,100,True,
benchmark,604,q4_sellers_rating,23.886700000000001,100,True,
benchmark,605,q4_sellers_rating,24.235199999999999,100,True,
benchmark,606,q4_sellers_rating,28.2835,100,True,
benchmark,607,q4_sellers_rating,25.4802,100,True,
benchmark,608,q4_sellers_rating,26.833200000000001,100,True,
benchmark,609,q4_sellers_rating,25.296800000000001,100,True,
benchmark,610,q4_sellers_rating,23.2014,100,True,
benchmark,611,q4_sellers_rating,25.409700000000001,100,True,
benchmark,612,q4_sellers_rating,28.311499999999999,100,True,
benchmark,613,q4_sellers_rating,28.288499999999999,100,True,
benchmark,614,q4_sellers_rating,27.035599999999999,100,True,
benchmark,615,q4_sellers_rating,24.402699999999999,100,True,
benchmark,616,q4_sellers_rating,25.6357,100,True,
benchmark,617,q4_sellers_rating,26.0151,100,True,
benchmark,618,q4_sellers_rating,24.761299999999999,100,True,
benchmark,619,q4_sellers_rating,26.264700000000001,100,True,
benchmark,620,q4_sellers_rating,26.046399999999998,100,True,
benchmark,621,q4_sellers_rating,26.756399999999999,100,True,
benchmark,622,q4_sellers_rating,27.483699999999999,100,True,
benchmark,623,q4_sellers_rating,27.3993,100,True,
benchmark,624,q4_sellers_rating,28.8935,100,True,
benchmark,625,q4_sellers_rating,28.2013,100,True,
benchmark,626,q4_sellers_rating,27.313099999999999,100,True,
benchmark,627,q4_sellers_rating,28.666599999999999,100,True,
benchmark,628,q4_sellers_rating,28.433900000000001,100,True,
benchmark,629,q4_sellers_rating,26.799600000000002,100,True,
benchmark,630,q4_sellers_rating,29.060600000000001,100,True,
benchmark,631,q4_sellers_rating,25.8902,100,True,
benchmark,632,q4_sellers_rating,27.9436,100,True,
benchmark,633,q4_sellers_rating,27.5779,100,True,
benchmark,634,q4_sellers_rating,27.956299999999999,100,True,
benchmark,635,q4_sellers_rating,28.121300000000002,100,True,
benchmark,636,q4_sellers_rating,28.242000000000001,100,True,
benchmark,637,q4_sellers_rating,28.819500000000001,100,True,
benchmark,638,q4_sellers_rating,27.750499999999999,100,True,
benchmark,639,q4_sellers_rating,33.473399999999998,100,True,
benchmark,640,q4_sellers_rating,29.1585,100,True,
benchmark,641,q4_sellers_rating,29.724900000000002,100,True,
benchmark,642,q4_sellers_rating,28.799499999999998,100,True,
benchmark,643,q4_sellers_rating,27.6463,100,True,
benchmark,644,q4_sellers_rating,28.268699999999999,100,True,
benchmark,645,q4_sellers_rating,29.188500000000001,100,True,
benchmark,646,q4_sellers_rating,28.5855,100,True,
benchmark,647,q4_sellers_rating,27.296700000000001,100,True,
benchmark,648,q4_sellers_rating,30.4834,100,True,
benchmark,649,q4_sellers_rating,29.101800000000001,100,True,
benchmark,650,q4_sellers_rating,27.075700000000001,100,True,
benchmark,651,q4_sellers_rating,29.226700000000001,100,True,
benchmark,652,q4_sellers_rating,30.289999999999999,100,True,
benchmark,653,q4_sellers_rating,29.138400000000001,100,True,
benchmark,654,q4_sellers_rating,28.836200000000002,100,True,
benchmark,655,q4_sellers_rating,28.413399999999999,100,True,
benchmark,656,q4_sellers_rating,28.2316,100,True,
benchmark,657,q4_sellers_rating,27.7042,100,True,
benchmark,658,q4_sellers_rating,28.8062,100,True,
benchmark,659,q4_sellers_rating,27.1189,100,True,
benchmark,660,q4_sellers_rating,29.568899999999999,100,True,
benchmark,661,q4_sellers_rating,28.3673,100,True,
benchmark,662,q4_sellers_rating,27.851700000000001,100,True,
benchmark,663,q4_sellers_rating,27.0443,100,True,
benchmark,664,q4_sellers_rating,24.1967,100,True,
benchmark,665,q4_sellers_rating,25.602499999999999,100,True,
benchmark,666,q4_sellers_rating,25.8825,100,True,
benchmark,667,q4_sellers_rating,25.171500000000002,100,True,
benchmark,668,q4_sellers_rating,24.779199999999999,100,True,
benchmark,669,q4_sellers_rating,25.2485,100,True,
benchmark,670,q4_sellers_rating,24.670300000000001,100,True,
benchmark,671,q4_sellers_rating,25.314699999999998,100,True,
benchmark,672,q4_sellers_rating,27.561699999999998,100,True,
benchmark,673,q4_sellers_rating,27.980899999999998,100,True,
benchmark,674,q4_sellers_rating,28.286999999999999,100,True,
benchmark,675,q4_sellers_rating,27.6005,100,True,
benchmark,676,q4_sellers_rating,28.005199999999999,100,True,
benchmark,677,q4_sellers_rating,28.2057,100,True,
benchmark,678,q4_sellers_rating,27.246400000000001,100,True,
benchmark,679,q4_sellers_rating,26.158899999999999,100,True,
benchmark,680,q4_sellers_rating,25.6447,100,True,
benchmark,681,q4_sellers_rating,25.154199999999999,100,True,
benchmark,682,q4_sellers_rating,26.0488,100,True,
benchmark,683,q4_sellers_rating,25.192499999999999,100,True,
benchmark,684,q4_sellers_rating,26.145199999999999,100,True,
benchmark,685,q4_sellers_rating,28.343800000000002,100,True,
benchmark,686,q4_sellers_rating,28.517399999999999,100,True,
benchmark,687,q4_sellers_rating,27.7334,100,True,
benchmark,688,q4_sellers_rating,27.8522,100,True,
benchmark,689,q4_sellers_rating,28.1812,100,True,
benchmark,690,q4_sellers_rating,29.2136,100,True,
benchmark,691,q4_sellers_rating,27.328700000000001,100,True,
benchmark,692,q4_sellers_rating,23.9375,100,True,
benchmark,693,q4_sellers_rating,26.916699999999999,100,True,
benchmark,694,q4_sellers_rating,24.3811,100,True,
benchmark,695,q4_sellers_rating,28.717600000000001,100,True,
benchmark,696,q4_sellers_rating,27.661799999999999,100,True,
benchmark,697,q4_sellers_rating,28.499300000000002,100,True,
benchmark,698,q4_sellers_rating,26.832999999999998,100,True,
benchmark,699,q4_sellers_rating,28.107500000000002,100,True,
benchmark,700,q4_sellers_rating,28.446999999999999,100,True,
benchmark,701,q4_sellers_rating,27.903700000000001,100,True,
benchmark,702,q4_sellers_rating,28.2346,100,True,
benchmark,703,q4_sellers_rating,27.001000000000001,100,True,
benchmark,704,q4_sellers_rating,24.830300000000001,100,True,
benchmark,705,q4_sellers_rating,25.357199999999999,100,True,
benchmark,706,q4_sellers_rating,29.521999999999998,100,True,
benchmark,707,q4_sellers_rating,26.787600000000001,100,True,
benchmark,708,q4_sellers_rating,28.4252,100,True,
benchmark,709,q4_sellers_rating,27.620999999999999,100,True,
benchmark,710,q4_sellers_rating,32.539900000000003,100,True,
benchmark,711,q4_sellers_rating,25.6661,100,True,
benchmark,712,q4_sellers_rating,27.6738,100,True,
benchmark,713,q4_sellers_rating,27.343699999999998,100,True,
benchmark,714,q4_sellers_rating,26.3688,100,True,
benchmark,715,q4_sellers_rating,26.380400000000002,100,True,
benchmark,716,q4_sellers_rating,27.537800000000001,100,True,
benchmark,717,q4_sellers_rating,28.255400000000002,100,True,
benchmark,718,q4_sellers_rating,27.790400000000002,100,True,
benchmark,719,q4_sellers_rating,28.756399999999999,100,True,
benchmark,720,q4_sellers_rating,29.1309,100,True,
benchmark,721,q4_sellers_rating,26.9437,100,True,
benchmark,722,q4_sellers_rating,29.233599999999999,100,True,
benchmark,723,q4_sellers_rating,27.348500000000001,100,True,
benchmark,724,q4_sellers_rating,22.5002,100,True,
benchmark,725,q4_sellers_rating,26.9057,100,True,
benchmark,726,q4_sellers_rating,26.3627,100,True,
benchmark,727,q4_sellers_rating,28.6953,100,True,
benchmark,728,q4_sellers_rating,28.712900000000001,100,True,
benchmark,729,q4_sellers_rating,28.4816,100,True,
benchmark,730,q4_sellers_rating,27.310099999999998,100,True,
benchmark,731,q4_sellers_rating,28.047699999999999,100,True,
benchmark,732,q4_sellers_rating,25.232099999999999,100,True,
benchmark,733,q4_sellers_rating,27.9847,100,True,
benchmark,734,q4_sellers_rating,27.273700000000002,100,True,
benchmark,735,q4_sellers_rating,28.235299999999999,100,True,
benchmark,736,q4_sellers_rating,27.735499999999998,100,True,
benchmark,737,q4_sellers_rating,29.103000000000002,100,True,
benchmark,738,q4_sellers_rating,27.895700000000001,100,True,
benchmark,739,q4_sellers_rating,28.418299999999999,100,True,
benchmark,740,q4_sellers_rating,29.164100000000001,100,True,
benchmark,741,q4_sellers_rating,27.681699999999999,100,True,
benchmark,742,q4_sellers_rating,28.224499999999999,100,True,
benchmark,743,q4_sellers_rating,27.2758,100,True,
benchmark,744,q4_sellers_rating,26.1936,100,True,
benchmark,745,q4_sellers_rating,25.183199999999999,100,True,
benchmark,746,q4_sellers_rating,27.458600000000001,100,True,
benchmark,747,q4_sellers_rating,28.893000000000001,100,True,
benchmark,748,q4_sellers_rating,27.661899999999999,100,True,
benchmark,749,q4_sellers_rating,28.192,100,True,
benchmark,750,q4_sellers_rating,27.871500000000001,100,True,
benchmark,751,q4_sellers_rating,24.938400000000001,100,True,
benchmark,752,q4_sellers_rating,30.363600000000002,100,True,
benchmark,753,q4_sellers_rating,30.0535,100,True,
benchmark,754,q4_sellers_rating,28.4575,100,True,
benchmark,755,q4_sellers_rating,28.966699999999999,100,True,
benchmark,756,q4_sellers_rating,28.037700000000001,100,True,
benchmark,757,q4_sellers_rating,26.901800000000001,100,True,
benchmark,758,q4_sellers_rating,28.543700000000001,100,True,
benchmark,759,q4_sellers_rating,28.755600000000001,100,True,
benchmark,760,q4_sellers_rating,27.4407,100,True,
benchmark,761,q4_sellers_rating,27.553999999999998,100,True,
benchmark,762,q4_sellers_rating,26.426400000000001,100,True,
benchmark,763,q4_sellers_rating,27.4788,100,True,
benchmark,764,q4_sellers_rating,28.224900000000002,100,True,
benchmark,765,q4_sellers_rating,27.982199999999999,100,True,
benchmark,766,q4_sellers_rating,27.188800000000001,100,True,
benchmark,767,q4_sellers_rating,27.040700000000001,100,True,
benchmark,768,q4_sellers_rating,27.8384,100,True,
benchmark,769,q4_sellers_rating,27.868500000000001,100,True,
benchmark,770,q4_sellers_rating,28.5137,100,True,
benchmark,771,q4_sellers_rating,28.0488,100,True,
benchmark,772,q4_sellers_rating,23.956,100,True,
benchmark,773,q4_sellers_rating,27.929400000000001,100,True,
benchmark,774,q4_sellers_rating,27.642700000000001,100,True,
benchmark,775,q4_sellers_rating,27.977499999999999,100,True,
benchmark,776,q4_sellers_rating,28.262699999999999,100,True,
benchmark,777,q4_sellers_rating,27.398099999999999,100,True,
benchmark,778,q4_sellers_rating,28.0654,100,True,
benchmark,779,q4_sellers_rating,27.720500000000001,100,True,
benchmark,780,q4_sellers_rating,26.7911,100,True,
benchmark,781,q4_sellers_rating,26.556899999999999,100,True,
benchmark,782,q4_sellers_rating,26.607500000000002,100,True,
benchmark,783,q4_sellers_rating,34.742800000000003,100,True,
benchmark,784,q4_sellers_rating,27.9556,100,True,
benchmark,785,q4_sellers_rating,26.971399999999999,100,True,
benchmark,786,q4_sellers_rating,26.710699999999999,100,True,
benchmark,787,q4_sellers_rating,26.939699999999998,100,True,
benchmark,788,q4_sellers_rating,26.515899999999998,100,True,
benchmark,789,q4_sellers_rating,28.478100000000001,100,True,
benchmark,790,q4_sellers_rating,27.9985,100,True,
benchmark,791,q4_sellers_rating,27.931000000000001,100,True,
benchmark,792,q4_sellers_rating,27.490500000000001,100,True,
benchmark,793,q4_sellers_rating,27.040700000000001,100,True,
benchmark,794,q4_sellers_rating,28.7621,100,True,
benchmark,795,q4_sellers_rating,26.967700000000001,100,True,
benchmark,796,q4_sellers_rating,28.3994,100,True,
benchmark,797,q4_sellers_rating,27.721499999999999,100,True,
benchmark,798,q4_sellers_rating,27.808900000000001,100,True,
benchmark,799,q4_sellers_rating,29.380500000000001,100,True,
benchmark,800,q4_sellers_rating,27.991,100,True,
benchmark,801,q4_sellers_rating,28.6877,100,True,
benchmark,802,q4_sellers_rating,26.968499999999999,100,True,
benchmark,803,q4_sellers_rating,30.424700000000001,100,True,
benchmark,804,q4_sellers_rating,28.367899999999999,100,True,
benchmark,805,q4_sellers_rating,29.240400000000001,100,True,
benchmark,806,q4_sellers_rating,28.974,100,True,
benchmark,807,q4_sellers_rating,28.665700000000001,100,True,
benchmark,808,q4_sellers_rating,29.238800000000001,100,True,
benchmark,809,q4_sellers_rating,27.883400000000002,100,True,
benchmark,810,q4_sellers_rating,28.2102,100,True,
benchmark,811,q4_sellers_rating,28.430700000000002,100,True,
benchmark,812,q4_sellers_rating,25.020900000000001,100,True,
benchmark,813,q4_sellers_rating,28.352599999999999,100,True,
benchmark,814,q4_sellers_rating,28.915700000000001,100,True,
benchmark,815,q4_sellers_rating,27.8415,100,True,
benchmark,816,q4_sellers_rating,27.189900000000002,100,True,
benchmark,817,q4_sellers_rating,25.2667,100,True,
benchmark,818,q4_sellers_rating,26.459099999999999,100,True,
benchmark,819,q4_sellers_rating,27.3035,100,True,
benchmark,820,q4_sellers_rating,27.669899999999998,100,True,
benchmark,821,q4_sellers_rating,28.031500000000001,100,True,
benchmark,822,q4_sellers_rating,27.6296,100,True,
benchmark,823,q4_sellers_rating,28.9483,100,True,
benchmark,824,q4_sellers_rating,25.043299999999999,100,True,
benchmark,825,q4_sellers_rating,26.439900000000002,100,True,
benchmark,826,q4_sellers_rating,26.657,100,True,
benchmark,827,q4_sellers_rating,27.1938,100,True,
benchmark,828,q4_sellers_rating,28.155200000000001,100,True,
benchmark,829,q4_sellers_rating,28.011500000000002,100,True,
benchmark,830,q4_sellers_rating,28.2925,100,True,
benchmark,831,q4_sellers_rating,27.786999999999999,100,True,
benchmark,832,q4_sellers_rating,28.3294,100,True,
benchmark,833,q4_sellers_rating,28.904199999999999,100,True,
benchmark,834,q4_sellers_rating,28.8005,100,True,
benchmark,835,q4_sellers_rating,27.781099999999999,100,True,
benchmark,836,q4_sellers_rating,27.6325,100,True,
benchmark,837,q4_sellers_rating,28.110399999999998,100,True,
benchmark,838,q4_sellers_rating,27.9162,100,True,
benchmark,839,q4_sellers_rating,28.9558,100,True,
benchmark,840,q4_sellers_rating,26.688199999999998,100,True,
benchmark,841,q4_sellers_rating,26.886600000000001,100,True,
benchmark,842,q4_sellers_rating,27.814299999999999,100,True,
benchmark,843,q4_sellers_rating,28.5061,100,True,
benchmark,844,q4_sellers_rating,28.865200000000002,100,True,
benchmark,845,q4_sellers_rating,28.457000000000001,100,True,
benchmark,846,q4_sellers_rating,26.095300000000002,100,True,
benchmark,847,q4_sellers_rating,23.278700000000001,100,True,
benchmark,848,q4_sellers_rating,24.162700000000001,100,True,
benchmark,849,q4_sellers_rating,27.7502,100,True,
benchmark,850,q4_sellers_rating,28.074000000000002,100,True,
benchmark,851,q4_sellers_rating,27.342300000000002,100,True,
benchmark,852,q4_sellers_rating,30.098600000000001,100,True,
benchmark,853,q4_sellers_rating,31.815899999999999,100,True,
benchmark,854,q4_sellers_rating,30.3445,100,True,
benchmark,855,q4_sellers_rating,28.0547,100,True,
benchmark,856,q4_sellers_rating,28.1172,100,True,
benchmark,857,q4_sellers_rating,28.2454,100,True,
benchmark,858,q4_sellers_rating,25.842700000000001,100,True,
benchmark,859,q4_sellers_rating,23.7913,100,True,
benchmark,860,q4_sellers_rating,25.639199999999999,100,True,
benchmark,861,q4_sellers_rating,25.918600000000001,100,True,
benchmark,862,q4_sellers_rating,28.100000000000001,100,True,
benchmark,863,q4_sellers_rating,29.009499999999999,100,True,
benchmark,864,q4_sellers_rating,29.040600000000001,100,True,
benchmark,865,q4_sellers_rating,27.299700000000001,100,True,
benchmark,866,q4_sellers_rating,28.068899999999999,100,True,
benchmark,867,q4_sellers_rating,27.460100000000001,100,True,
benchmark,868,q4_sellers_rating,26.729099999999999,100,True,
benchmark,869,q4_sellers_rating,27.964700000000001,100,True,
benchmark,870,q4_sellers_rating,28.308800000000002,100,True,
benchmark,871,q4_sellers_rating,27.840599999999998,100,True,
benchmark,872,q4_sellers_rating,27.803699999999999,100,True,
benchmark,873,q4_sellers_rating,25.829699999999999,100,True,
benchmark,874,q4_sellers_rating,23.372399999999999,100,True,
benchmark,875,q4_sellers_rating,27.132200000000001,100,True,
benchmark,876,q4_sellers_rating,28.6843,100,True,
benchmark,877,q4_sellers_rating,27.6724,100,True,
benchmark,878,q4_sellers_rating,27.6021,100,True,
benchmark,879,q4_sellers_rating,27.9359,100,True,
benchmark,880,q4_sellers_rating,27.501000000000001,100,True,
benchmark,881,q4_sellers_rating,28.123899999999999,100,True,
benchmark,882,q4_sellers_rating,28.8675,100,True,
benchmark,883,q4_sellers_rating,27.159099999999999,100,True,
benchmark,884,q4_sellers_rating,26.251999999999999,100,True,
benchmark,885,q4_sellers_rating,27.4665,100,True,
benchmark,886,q4_sellers_rating,28.4832,100,True,
benchmark,887,q4_sellers_rating,27.816800000000001,100,True,
benchmark,888,q4_sellers_rating,27.775200000000002,100,True,
benchmark,889,q4_sellers_rating,27.873000000000001,100,True,
benchmark,890,q4_sellers_rating,28.688800000000001,100,True,
benchmark,891,q4_sellers_rating,29.108000000000001,100,True,
benchmark,892,q4_sellers_rating,28.6264,100,True,
benchmark,893,q4_sellers_rating,28.376799999999999,100,True,
benchmark,894,q4_sellers_rating,27.291799999999999,100,True,
benchmark,895,q4_sellers_rating,27.429500000000001,100,True,
benchmark,896,q4_sellers_rating,27.278700000000001,100,True,
benchmark,897,q4_sellers_rating,27.116199999999999,100,True,
benchmark,898,q4_sellers_rating,24.3063,100,True,
benchmark,899,q4_sellers_rating,24.1921,100,True,
benchmark,900,q4_sellers_rating,28.6435,100,True,
benchmark,901,q4_sellers_rating,28.414999999999999,100,True,
benchmark,902,q4_sellers_rating,29.5425,100,True,
benchmark,903,q4_sellers_rating,29.617699999999999,100,True,
benchmark,904,q4_sellers_rating,28.039999999999999,100,True,
benchmark,905,q4_sellers_rating,27.001000000000001,100,True,
benchmark,906,q4_sellers_rating,27.767900000000001,100,True,
benchmark,907,q4_sellers_rating,28.5426,100,True,
benchmark,908,q4_sellers_rating,27.657,100,True,
benchmark,909,q4_sellers_rating,28.056699999999999,100,True,
benchmark,910,q4_sellers_rating,28.434200000000001,100,True,
benchmark,911,q4_sellers_rating,27.344799999999999,100,True,
benchmark,912,q4_sellers_rating,28.520299999999999,100,True,
benchmark,913,q4_sellers_rating,27.560199999999998,100,True,
benchmark,914,q4_sellers_rating,26.827200000000001,100,True,
benchmark,915,q4_sellers_rating,26.926300000000001,100,True,
benchmark,916,q4_sellers_rating,27.584099999999999,100,True,
benchmark,917,q4_sellers_rating,27.834399999999999,100,True,
benchmark,918,q4_sellers_rating,24.289999999999999,100,True,
benchmark,919,q4_sellers_rating,27.079599999999999,100,True,
benchmark,920,q4_sellers_rating,27.189900000000002,100,True,
benchmark,921,q4_sellers_rating,28.726700000000001,100,True,
benchmark,922,q4_sellers_rating,27.629999999999999,100,True,
benchmark,923,q4_sellers_rating,27.934100000000001,100,True,
benchmark,924,q4_sellers_rating,28.206,100,True,
benchmark,925,q4_sellers_rating,34.441800000000001,100,True,
benchmark,926,q4_sellers_rating,30.939900000000002,100,True,
benchmark,927,q4_sellers_rating,28.353100000000001,100,True,
benchmark,928,q4_sellers_rating,25.993500000000001,100,True,
benchmark,929,q4_sellers_rating,27.8474,100,True,
benchmark,930,q4_sellers_rating,27.6296,100,True,
benchmark,931,q4_sellers_rating,27.663699999999999,100,True,
benchmark,932,q4_sellers_rating,28.1738,100,True,
benchmark,933,q4_sellers_rating,28.143999999999998,100,True,
benchmark,934,q4_sellers_rating,28.182500000000001,100,True,
benchmark,935,q4_sellers_rating,28.7714,100,True,
benchmark,936,q4_sellers_rating,35.1477,100,True,
benchmark,937,q4_sellers_rating,35.214199999999998,100,True,
benchmark,938,q4_sellers_rating,30.0183,100,True,
benchmark,939,q4_sellers_rating,31.043099999999999,100,True,
benchmark,940,q4_sellers_rating,31.282399999999999,100,True,
benchmark,941,q4_sellers_rating,28.605,100,True,
benchmark,942,q4_sellers_rating,28.0763,100,True,
benchmark,943,q4_sellers_rating,28.460000000000001,100,True,
benchmark,944,q4_sellers_rating,27.793800000000001,100,True,
benchmark,945,q4_sellers_rating,24.895199999999999,100,True,
benchmark,946,q4_sellers_rating,28.288799999999998,100,True,
benchmark,947,q4_sellers_rating,27.8734,100,True,
benchmark,948,q4_sellers_rating,27.2026,100,True,
benchmark,949,q4_sellers_rating,26.604900000000001,100,True,
benchmark,950,q4_sellers_rating,24.403600000000001,100,True,
benchmark,951,q4_sellers_rating,22.1267,100,True,
benchmark,952,q4_sellers_rating,28.932700000000001,100,True,
benchmark,953,q4_sellers_rating,30.4056,100,True,
benchmark,954,q4_sellers_rating,28.929099999999998,100,True,
benchmark,955,q4_sellers_rating,26.796700000000001,100,True,
benchmark,956,q4_sellers_rating,29.086300000000001,100,True,
benchmark,957,q4_sellers_rating,27.0517,100,True,
benchmark,958,q4_sellers_rating,26.5105,100,True,
benchmark,959,q4_sellers_rating,27.097100000000001,100,True,
benchmark,960,q4_sellers_rating,28.058800000000002,100,True,
benchmark,961,q4_sellers_rating,27.8612,100,True,
benchmark,962,q4_sellers_rating,27.788699999999999,100,True,
benchmark,963,q4_sellers_rating,25.932700000000001,100,True,
benchmark,964,q4_sellers_rating,27.231000000000002,100,True,
benchmark,965,q4_sellers_rating,27.685300000000002,100,True,
benchmark,966,q4_sellers_rating,25.341899999999999,100,True,
benchmark,967,q4_sellers_rating,27.4742,100,True,
benchmark,968,q4_sellers_rating,28.363,100,True,
benchmark,969,q4_sellers_rating,28.786300000000001,100,True,
benchmark,970,q4_sellers_rating,29.1965,100,True,
benchmark,971,q4_sellers_rating,28.873000000000001,100,True,
benchmark,972,q4_sellers_rating,28.771699999999999,100,True,
benchmark,973,q4_sellers_rating,27.2927,100,True,
benchmark,974,q4_sellers_rating,28.004000000000001,100,True,
benchmark,975,q4_sellers_rating,27.4923,100,True,
benchmark,976,q4_sellers_rating,26.262699999999999,100,True,
benchmark,977,q4_sellers_rating,25.150700000000001,100,True,
benchmark,978,q4_sellers_rating,26.945699999999999,100,True,
benchmark,979,q4_sellers_rating,25.251100000000001,100,True,
benchmark,980,q4_sellers_rating,28.140899999999998,100,True,
benchmark,981,q4_sellers_rating,27.3552,100,True,
benchmark,982,q4_sellers_rating,28.029299999999999,100,True,
benchmark,983,q4_sellers_rating,28.226299999999998,100,True,
benchmark,984,q4_sellers_rating,27.570399999999999,100,True,
benchmark,985,q4_sellers_rating,27.445499999999999,100,True,
benchmark,986,q4_sellers_rating,26.739899999999999,100,True,
benchmark,987,q4_sellers_rating,30.529699999999998,100,True,
benchmark,988,q4_sellers_rating,27.891200000000001,100,True,
benchmark,989,q4_sellers_rating,28.294499999999999,100,True,
benchmark,990,q4_sellers_rating,27.2957,100,True,
benchmark,991,q4_sellers_rating,26.6142,100,True,
benchmark,992,q4_sellers_rating,27.042999999999999,100,True,
benchmark,993,q4_sellers_rating,27.642700000000001,100,True,
benchmark,994,q4_sellers_rating,28.211099999999998,100,True,
benchmark,995,q4_sellers_rating,27.8599,100,True,
benchmark,996,q4_sellers_rating,28.482299999999999,100,True,
benchmark,997,q4_sellers_rating,32.3645,100,True,
benchmark,998,q4_sellers_rating,30.882000000000001,100,True,
benchmark,999,q4_sellers_rating,23.8705,100,True,
benchmark,1000,q4_sellers_rating,26.728899999999999,100,True,
benchmark,1,q5_orders_offset,16.7986,50,True,
benchmark,2,q5_orders_offset,16.397400000000001,50,True,
benchmark,3,q5_orders_offset,16.402999999999999,50,True,
benchmark,4,q5_orders_offset,16.5426,50,True,
benchmark,5,q5_orders_offset,16.6022,50,True,
benchmark,6,q5_orders_offset,26.250499999999999,50,True,
benchmark,7,q5_orders_offset,16.4482,50,True,
benchmark,8,q5_orders_offset,16.738700000000001,50,True,
benchmark,9,q5_orders_offset,16.8232,50,True,
benchmark,10,q5_orders_offset,16.7273,50,True,
benchmark,11,q5_orders_offset,19.918700000000001,50,True,
benchmark,12,q5_orders_offset,18.7315,50,True,
benchmark,13,q5_orders_offset,16.739699999999999,50,True,
benchmark,14,q5_orders_offset,17.737500000000001,50,True,
benchmark,15,q5_orders_offset,17.8596,50,True,
benchmark,16,q5_orders_offset,17.753799999999998,50,True,
benchmark,17,q5_orders_offset,22.1114,50,True,
benchmark,18,q5_orders_offset,17.997,50,True,
benchmark,19,q5_orders_offset,24.642299999999999,50,True,
benchmark,20,q5_orders_offset,17.772500000000001,50,True,
benchmark,21,q5_orders_offset,17.7926,50,True,
benchmark,22,q5_orders_offset,17.650700000000001,50,True,
benchmark,23,q5_orders_offset,20.660499999999999,50,True,
benchmark,24,q5_orders_offset,17.5731,50,True,
benchmark,25,q5_orders_offset,18.8552,50,True,
benchmark,26,q5_orders_offset,18.162500000000001,50,True,
benchmark,27,q5_orders_offset,17.770099999999999,50,True,
benchmark,28,q5_orders_offset,17.886099999999999,50,True,
benchmark,29,q5_orders_offset,19.4208,50,True,
benchmark,30,q5_orders_offset,17.699200000000001,50,True,
benchmark,31,q5_orders_offset,17.581700000000001,50,True,
benchmark,32,q5_orders_offset,19.284400000000002,50,True,
benchmark,33,q5_orders_offset,17.020499999999998,50,True,
benchmark,34,q5_orders_offset,17.658300000000001,50,True,
benchmark,35,q5_orders_offset,20.1784,50,True,
benchmark,36,q5_orders_offset,17.717700000000001,50,True,
benchmark,37,q5_orders_offset,17.750399999999999,50,True,
benchmark,38,q5_orders_offset,17.958300000000001,50,True,
benchmark,39,q5_orders_offset,19.190200000000001,50,True,
benchmark,40,q5_orders_offset,17.014500000000002,50,True,
benchmark,41,q5_orders_offset,19.5259,50,True,
benchmark,42,q5_orders_offset,17.6343,50,True,
benchmark,43,q5_orders_offset,17.674800000000001,50,True,
benchmark,44,q5_orders_offset,17.662199999999999,50,True,
benchmark,45,q5_orders_offset,17.5838,50,True,
benchmark,46,q5_orders_offset,25.061,50,True,
benchmark,47,q5_orders_offset,18.974499999999999,50,True,
benchmark,48,q5_orders_offset,18.280999999999999,50,True,
benchmark,49,q5_orders_offset,17.733599999999999,50,True,
benchmark,50,q5_orders_offset,17.667999999999999,50,True,
benchmark,51,q5_orders_offset,17.661300000000001,50,True,
benchmark,52,q5_orders_offset,16.738900000000001,50,True,
benchmark,53,q5_orders_offset,26.0688,50,True,
benchmark,54,q5_orders_offset,16.819900000000001,50,True,
benchmark,55,q5_orders_offset,17.614599999999999,50,True,
benchmark,56,q5_orders_offset,16.612200000000001,50,True,
benchmark,57,q5_orders_offset,17.5548,50,True,
benchmark,58,q5_orders_offset,17.384399999999999,50,True,
benchmark,59,q5_orders_offset,21.7713,50,True,
benchmark,60,q5_orders_offset,17.574200000000001,50,True,
benchmark,61,q5_orders_offset,17.698899999999998,50,True,
benchmark,62,q5_orders_offset,17.6236,50,True,
benchmark,63,q5_orders_offset,17.699100000000001,50,True,
benchmark,64,q5_orders_offset,17.7806,50,True,
benchmark,65,q5_orders_offset,22.0871,50,True,
benchmark,66,q5_orders_offset,16.569400000000002,50,True,
benchmark,67,q5_orders_offset,17.781199999999998,50,True,
benchmark,68,q5_orders_offset,17.760300000000001,50,True,
benchmark,69,q5_orders_offset,17.692299999999999,50,True,
benchmark,70,q5_orders_offset,17.664100000000001,50,True,
benchmark,71,q5_orders_offset,21.928999999999998,50,True,
benchmark,72,q5_orders_offset,17.904199999999999,50,True,
benchmark,73,q5_orders_offset,17.6631,50,True,
benchmark,74,q5_orders_offset,17.7166,50,True,
benchmark,75,q5_orders_offset,17.717300000000002,50,True,
benchmark,76,q5_orders_offset,16.4741,50,True,
benchmark,77,q5_orders_offset,21.0001,50,True,
benchmark,78,q5_orders_offset,18.997900000000001,50,True,
benchmark,79,q5_orders_offset,17.606000000000002,50,True,
benchmark,80,q5_orders_offset,17.729500000000002,50,True,
benchmark,81,q5_orders_offset,17.732399999999998,50,True,
benchmark,82,q5_orders_offset,17.648199999999999,50,True,
benchmark,83,q5_orders_offset,21.2897,50,True,
benchmark,84,q5_orders_offset,16.419499999999999,50,True,
benchmark,85,q5_orders_offset,24.667400000000001,50,True,
benchmark,86,q5_orders_offset,16.585000000000001,50,True,
benchmark,87,q5_orders_offset,17.650099999999998,50,True,
benchmark,88,q5_orders_offset,17.8125,50,True,
benchmark,89,q5_orders_offset,20.309000000000001,50,True,
benchmark,90,q5_orders_offset,17.439,50,True,
benchmark,91,q5_orders_offset,17.9815,50,True,
benchmark,92,q5_orders_offset,17.6508,50,True,
benchmark,93,q5_orders_offset,17.9023,50,True,
benchmark,94,q5_orders_offset,16.6965,50,True,
benchmark,95,q5_orders_offset,20.2559,50,True,
benchmark,96,q5_orders_offset,17.657800000000002,50,True,
benchmark,97,q5_orders_offset,17.719899999999999,50,True,
benchmark,98,q5_orders_offset,24.670100000000001,50,True,
benchmark,99,q5_orders_offset,17.708400000000001,50,True,
benchmark,100,q5_orders_offset,17.535900000000002,50,True,
benchmark,101,q5_orders_offset,20.401199999999999,50,True,
benchmark,102,q5_orders_offset,17.2363,50,True,
benchmark,103,q5_orders_offset,16.889500000000002,50,True,
benchmark,104,q5_orders_offset,19.303000000000001,50,True,
benchmark,105,q5_orders_offset,16.8415,50,True,
benchmark,106,q5_orders_offset,16.468900000000001,50,True,
benchmark,107,q5_orders_offset,18.503299999999999,50,True,
benchmark,108,q5_orders_offset,17.721599999999999,50,True,
benchmark,109,q5_orders_offset,17.971299999999999,50,True,
benchmark,110,q5_orders_offset,16.6355,50,True,
benchmark,111,q5_orders_offset,24.872900000000001,50,True,
benchmark,112,q5_orders_offset,17.572800000000001,50,True,
benchmark,113,q5_orders_offset,19.308,50,True,
benchmark,114,q5_orders_offset,17.329499999999999,50,True,
benchmark,115,q5_orders_offset,17.983599999999999,50,True,
benchmark,116,q5_orders_offset,17.837399999999999,50,True,
benchmark,117,q5_orders_offset,19.330100000000002,50,True,
benchmark,118,q5_orders_offset,16.544799999999999,50,True,
benchmark,119,q5_orders_offset,18.0459,50,True,
benchmark,120,q5_orders_offset,17.766200000000001,50,True,
benchmark,121,q5_orders_offset,17.646599999999999,50,True,
benchmark,122,q5_orders_offset,17.923300000000001,50,True,
benchmark,123,q5_orders_offset,16.712599999999998,50,True,
benchmark,124,q5_orders_offset,25.154499999999999,50,True,
benchmark,125,q5_orders_offset,17.687000000000001,50,True,
benchmark,126,q5_orders_offset,17.677499999999998,50,True,
benchmark,127,q5_orders_offset,17.659700000000001,50,True,
benchmark,128,q5_orders_offset,17.601800000000001,50,True,
benchmark,129,q5_orders_offset,17.196899999999999,50,True,
benchmark,130,q5_orders_offset,19.452200000000001,50,True,
benchmark,131,q5_orders_offset,18.6356,50,True,
benchmark,132,q5_orders_offset,17.713200000000001,50,True,
benchmark,133,q5_orders_offset,17.718499999999999,50,True,
benchmark,134,q5_orders_offset,17.553999999999998,50,True,
benchmark,135,q5_orders_offset,17.684200000000001,50,True,
benchmark,136,q5_orders_offset,17.5669,50,True,
benchmark,137,q5_orders_offset,24.794,50,True,
benchmark,138,q5_orders_offset,17.6477,50,True,
benchmark,139,q5_orders_offset,17.900700000000001,50,True,
benchmark,140,q5_orders_offset,18.063800000000001,50,True,
benchmark,141,q5_orders_offset,17.566600000000001,50,True,
benchmark,142,q5_orders_offset,18.125699999999998,50,True,
benchmark,143,q5_orders_offset,26.974699999999999,50,True,
benchmark,144,q5_orders_offset,16.5807,50,True,
benchmark,145,q5_orders_offset,16.552299999999999,50,True,
benchmark,146,q5_orders_offset,17.652699999999999,50,True,
benchmark,147,q5_orders_offset,17.872900000000001,50,True,
benchmark,148,q5_orders_offset,17.783799999999999,50,True,
benchmark,149,q5_orders_offset,27.0655,50,True,
benchmark,150,q5_orders_offset,17.600200000000001,50,True,
benchmark,151,q5_orders_offset,17.900099999999998,50,True,
benchmark,152,q5_orders_offset,17.513300000000001,50,True,
benchmark,153,q5_orders_offset,17.030799999999999,50,True,
benchmark,154,q5_orders_offset,21.320799999999998,50,True,
benchmark,155,q5_orders_offset,17.8187,50,True,
benchmark,156,q5_orders_offset,17.895800000000001,50,True,
benchmark,157,q5_orders_offset,17.725000000000001,50,True,
benchmark,158,q5_orders_offset,16.7942,50,True,
benchmark,159,q5_orders_offset,17.198,50,True,
benchmark,160,q5_orders_offset,20.087599999999998,50,True,
benchmark,161,q5_orders_offset,17.895600000000002,50,True,
benchmark,162,q5_orders_offset,17.774999999999999,50,True,
benchmark,163,q5_orders_offset,17.778500000000001,50,True,
benchmark,164,q5_orders_offset,18.279299999999999,50,True,
benchmark,165,q5_orders_offset,18.3322,50,True,
benchmark,166,q5_orders_offset,21.2287,50,True,
benchmark,167,q5_orders_offset,17.845199999999998,50,True,
benchmark,168,q5_orders_offset,18.729800000000001,50,True,
benchmark,169,q5_orders_offset,17.7591,50,True,
benchmark,170,q5_orders_offset,17.704999999999998,50,True,
benchmark,171,q5_orders_offset,17.709900000000001,50,True,
benchmark,172,q5_orders_offset,20.452999999999999,50,True,
benchmark,173,q5_orders_offset,18.084599999999998,50,True,
benchmark,174,q5_orders_offset,17.966200000000001,50,True,
benchmark,175,q5_orders_offset,24.565799999999999,50,True,
benchmark,176,q5_orders_offset,17.587299999999999,50,True,
benchmark,177,q5_orders_offset,17.622,50,True,
benchmark,178,q5_orders_offset,20.249300000000002,50,True,
benchmark,179,q5_orders_offset,17.648099999999999,50,True,
benchmark,180,q5_orders_offset,19.578900000000001,50,True,
benchmark,181,q5_orders_offset,17.909500000000001,50,True,
benchmark,182,q5_orders_offset,18.401199999999999,50,True,
benchmark,183,q5_orders_offset,16.747900000000001,50,True,
benchmark,184,q5_orders_offset,22.585699999999999,50,True,
benchmark,185,q5_orders_offset,17.081800000000001,50,True,
benchmark,186,q5_orders_offset,17.665600000000001,50,True,
benchmark,187,q5_orders_offset,17.7957,50,True,
benchmark,188,q5_orders_offset,17.6112,50,True,
benchmark,189,q5_orders_offset,19.392199999999999,50,True,
benchmark,190,q5_orders_offset,17.9788,50,True,
benchmark,191,q5_orders_offset,18.081700000000001,50,True,
benchmark,192,q5_orders_offset,17.618500000000001,50,True,
benchmark,193,q5_orders_offset,17.696300000000001,50,True,
benchmark,194,q5_orders_offset,17.7682,50,True,
benchmark,195,q5_orders_offset,17.686599999999999,50,True,
benchmark,196,q5_orders_offset,25.511600000000001,50,True,
benchmark,197,q5_orders_offset,16.936800000000002,50,True,
benchmark,198,q5_orders_offset,17.787199999999999,50,True,
benchmark,199,q5_orders_offset,17.794699999999999,50,True,
benchmark,200,q5_orders_offset,17.6615,50,True,
benchmark,201,q5_orders_offset,17.322800000000001,50,True,
benchmark,202,q5_orders_offset,25.171700000000001,50,True,
benchmark,203,q5_orders_offset,17.066700000000001,50,True,
benchmark,204,q5_orders_offset,18.029699999999998,50,True,
benchmark,205,q5_orders_offset,17.959399999999999,50,True,
benchmark,206,q5_orders_offset,18.518999999999998,50,True,
benchmark,207,q5_orders_offset,16.9253,50,True,
benchmark,208,q5_orders_offset,20.794599999999999,50,True,
benchmark,209,q5_orders_offset,17.6815,50,True,
benchmark,210,q5_orders_offset,16.4575,50,True,
benchmark,211,q5_orders_offset,16.840199999999999,50,True,
benchmark,212,q5_orders_offset,17.565200000000001,50,True,
benchmark,213,q5_orders_offset,16.859000000000002,50,True,
benchmark,214,q5_orders_offset,21.3565,50,True,
benchmark,215,q5_orders_offset,17.1676,50,True,
benchmark,216,q5_orders_offset,17.6814,50,True,
benchmark,217,q5_orders_offset,17.787099999999999,50,True,
benchmark,218,q5_orders_offset,17.875399999999999,50,True,
benchmark,219,q5_orders_offset,17.778500000000001,50,True,
benchmark,220,q5_orders_offset,22.410399999999999,50,True,
benchmark,221,q5_orders_offset,17.8278,50,True,
benchmark,222,q5_orders_offset,16.6374,50,True,
benchmark,223,q5_orders_offset,17.722899999999999,50,True,
benchmark,224,q5_orders_offset,17.705100000000002,50,True,
benchmark,225,q5_orders_offset,17.685099999999998,50,True,
benchmark,226,q5_orders_offset,22.128499999999999,50,True,
benchmark,227,q5_orders_offset,17.722100000000001,50,True,
benchmark,228,q5_orders_offset,17.738099999999999,50,True,
benchmark,229,q5_orders_offset,17.735499999999998,50,True,
benchmark,230,q5_orders_offset,17.759399999999999,50,True,
benchmark,231,q5_orders_offset,17.629000000000001,50,True,
benchmark,232,q5_orders_offset,21.989799999999999,50,True,
benchmark,233,q5_orders_offset,17.819199999999999,50,True,
benchmark,234,q5_orders_offset,17.799600000000002,50,True,
benchmark,235,q5_orders_offset,17.727799999999998,50,True,
benchmark,236,q5_orders_offset,17.630400000000002,50,True,
benchmark,237,q5_orders_offset,16.564299999999999,50,True,
benchmark,238,q5_orders_offset,21.8032,50,True,
benchmark,239,q5_orders_offset,17.764399999999998,50,True,
benchmark,240,q5_orders_offset,17.622800000000002,50,True,
benchmark,241,q5_orders_offset,17.721499999999999,50,True,
benchmark,242,q5_orders_offset,17.6845,50,True,
benchmark,243,q5_orders_offset,17.652699999999999,50,True,
benchmark,244,q5_orders_offset,22.5688,50,True,
benchmark,245,q5_orders_offset,16.5123,50,True,
benchmark,246,q5_orders_offset,17.736499999999999,50,True,
benchmark,247,q5_orders_offset,18.111499999999999,50,True,
benchmark,248,q5_orders_offset,17.714200000000002,50,True,
benchmark,249,q5_orders_offset,17.632999999999999,50,True,
benchmark,250,q5_orders_offset,22.154199999999999,50,True,
benchmark,251,q5_orders_offset,17.779800000000002,50,True,
benchmark,252,q5_orders_offset,16.676100000000002,50,True,
benchmark,253,q5_orders_offset,17.328600000000002,50,True,
benchmark,254,q5_orders_offset,16.868300000000001,50,True,
benchmark,255,q5_orders_offset,16.345099999999999,50,True,
benchmark,256,q5_orders_offset,21.224900000000002,50,True,
benchmark,257,q5_orders_offset,17.817,50,True,
benchmark,258,q5_orders_offset,17.6661,50,True,
benchmark,259,q5_orders_offset,17.833600000000001,50,True,
benchmark,260,q5_orders_offset,17.699000000000002,50,True,
benchmark,261,q5_orders_offset,17.962800000000001,50,True,
benchmark,262,q5_orders_offset,22.228899999999999,50,True,
benchmark,263,q5_orders_offset,17.2836,50,True,
benchmark,264,q5_orders_offset,17.0548,50,True,
benchmark,265,q5_orders_offset,16.701499999999999,50,True,
benchmark,266,q5_orders_offset,16.583600000000001,50,True,
benchmark,267,q5_orders_offset,16.788399999999999,50,True,
benchmark,268,q5_orders_offset,22.041799999999999,50,True,
benchmark,269,q5_orders_offset,16.831900000000001,50,True,
benchmark,270,q5_orders_offset,17.834299999999999,50,True,
benchmark,271,q5_orders_offset,17.877700000000001,50,True,
benchmark,272,q5_orders_offset,17.806000000000001,50,True,
benchmark,273,q5_orders_offset,17.841999999999999,50,True,
benchmark,274,q5_orders_offset,21.772200000000002,50,True,
benchmark,275,q5_orders_offset,16.537500000000001,50,True,
benchmark,276,q5_orders_offset,17.602,50,True,
benchmark,277,q5_orders_offset,17.822399999999998,50,True,
benchmark,278,q5_orders_offset,16.494399999999999,50,True,
benchmark,279,q5_orders_offset,16.525400000000001,50,True,
benchmark,280,q5_orders_offset,21.075500000000002,50,True,
benchmark,281,q5_orders_offset,17.925699999999999,50,True,
benchmark,282,q5_orders_offset,17.704699999999999,50,True,
benchmark,283,q5_orders_offset,18.021000000000001,50,True,
benchmark,284,q5_orders_offset,16.776499999999999,50,True,
benchmark,285,q5_orders_offset,17.563300000000002,50,True,
benchmark,286,q5_orders_offset,21.863700000000001,50,True,
benchmark,287,q5_orders_offset,17.611000000000001,50,True,
benchmark,288,q5_orders_offset,17.263300000000001,50,True,
benchmark,289,q5_orders_offset,16.634699999999999,50,True,
benchmark,290,q5_orders_offset,17.955400000000001,50,True,
benchmark,291,q5_orders_offset,17.5824,50,True,
benchmark,292,q5_orders_offset,20.398800000000001,50,True,
benchmark,293,q5_orders_offset,17.682200000000002,50,True,
benchmark,294,q5_orders_offset,17.696200000000001,50,True,
benchmark,295,q5_orders_offset,17.7654,50,True,
benchmark,296,q5_orders_offset,17.7745,50,True,
benchmark,297,q5_orders_offset,17.7393,50,True,
benchmark,298,q5_orders_offset,21.193000000000001,50,True,
benchmark,299,q5_orders_offset,18.6218,50,True,
benchmark,300,q5_orders_offset,16.578199999999999,50,True,
benchmark,301,q5_orders_offset,17.3339,50,True,
benchmark,302,q5_orders_offset,16.9754,50,True,
benchmark,303,q5_orders_offset,17.255199999999999,50,True,
benchmark,304,q5_orders_offset,20.0915,50,True,
benchmark,305,q5_orders_offset,17.825700000000001,50,True,
benchmark,306,q5_orders_offset,27.057600000000001,50,True,
benchmark,307,q5_orders_offset,19.061800000000002,50,True,
benchmark,308,q5_orders_offset,17.201699999999999,50,True,
benchmark,309,q5_orders_offset,17.496600000000001,50,True,
benchmark,310,q5_orders_offset,20.348299999999998,50,True,
benchmark,311,q5_orders_offset,16.552900000000001,50,True,
benchmark,312,q5_orders_offset,19.212499999999999,50,True,
benchmark,313,q5_orders_offset,17.619499999999999,50,True,
benchmark,314,q5_orders_offset,17.238800000000001,50,True,
benchmark,315,q5_orders_offset,16.7087,50,True,
benchmark,316,q5_orders_offset,20.153700000000001,50,True,
benchmark,317,q5_orders_offset,16.473800000000001,50,True,
benchmark,318,q5_orders_offset,16.6782,50,True,
benchmark,319,q5_orders_offset,23.689,50,True,
benchmark,320,q5_orders_offset,17.864100000000001,50,True,
benchmark,321,q5_orders_offset,17.746300000000002,50,True,
benchmark,322,q5_orders_offset,19.5655,50,True,
benchmark,323,q5_orders_offset,17.779,50,True,
benchmark,324,q5_orders_offset,17.596299999999999,50,True,
benchmark,325,q5_orders_offset,17.6935,50,True,
benchmark,326,q5_orders_offset,24.529299999999999,50,True,
benchmark,327,q5_orders_offset,18.179300000000001,50,True,
benchmark,328,q5_orders_offset,18.968499999999999,50,True,
benchmark,329,q5_orders_offset,17.602900000000002,50,True,
benchmark,330,q5_orders_offset,17.6831,50,True,
benchmark,331,q5_orders_offset,17.7105,50,True,
benchmark,332,q5_orders_offset,19.304200000000002,50,True,
benchmark,333,q5_orders_offset,17.626100000000001,50,True,
benchmark,334,q5_orders_offset,18.552299999999999,50,True,
benchmark,335,q5_orders_offset,17.5184,50,True,
benchmark,336,q5_orders_offset,17.768699999999999,50,True,
benchmark,337,q5_orders_offset,16.487400000000001,50,True,
benchmark,338,q5_orders_offset,17.652200000000001,50,True,
benchmark,339,q5_orders_offset,26.227699999999999,50,True,
benchmark,340,q5_orders_offset,16.540600000000001,50,True,
benchmark,341,q5_orders_offset,17.581199999999999,50,True,
benchmark,342,q5_orders_offset,17.564499999999999,50,True,
benchmark,343,q5_orders_offset,17.4223,50,True,
benchmark,344,q5_orders_offset,16.610800000000001,50,True,
benchmark,345,q5_orders_offset,19.4512,50,True,
benchmark,346,q5_orders_offset,17.566600000000001,50,True,
benchmark,347,q5_orders_offset,17.643000000000001,50,True,
benchmark,348,q5_orders_offset,17.6938,50,True,
benchmark,349,q5_orders_offset,17.7377,50,True,
benchmark,350,q5_orders_offset,17.545000000000002,50,True,
benchmark,351,q5_orders_offset,21.190999999999999,50,True,
benchmark,352,q5_orders_offset,23.4053,50,True,
benchmark,353,q5_orders_offset,17.113499999999998,50,True,
benchmark,354,q5_orders_offset,17.116700000000002,50,True,
benchmark,355,q5_orders_offset,17.882000000000001,50,True,
benchmark,356,q5_orders_offset,18.0275,50,True,
benchmark,357,q5_orders_offset,21.0532,50,True,
benchmark,358,q5_orders_offset,17.798999999999999,50,True,
benchmark,359,q5_orders_offset,24.380700000000001,50,True,
benchmark,360,q5_orders_offset,17.622499999999999,50,True,
benchmark,361,q5_orders_offset,17.6234,50,True,
benchmark,362,q5_orders_offset,16.673500000000001,50,True,
benchmark,363,q5_orders_offset,20.704699999999999,50,True,
benchmark,364,q5_orders_offset,17.715800000000002,50,True,
benchmark,365,q5_orders_offset,19.1813,50,True,
benchmark,366,q5_orders_offset,17.6492,50,True,
benchmark,367,q5_orders_offset,17.696899999999999,50,True,
benchmark,368,q5_orders_offset,17.609000000000002,50,True,
benchmark,369,q5_orders_offset,20.331,50,True,
benchmark,370,q5_orders_offset,17.569700000000001,50,True,
benchmark,371,q5_orders_offset,17.600899999999999,50,True,
benchmark,372,q5_orders_offset,24.430499999999999,50,True,
benchmark,373,q5_orders_offset,17.7653,50,True,
benchmark,374,q5_orders_offset,18.070900000000002,50,True,
benchmark,375,q5_orders_offset,19.8064,50,True,
benchmark,376,q5_orders_offset,16.478000000000002,50,True,
benchmark,377,q5_orders_offset,16.4575,50,True,
benchmark,378,q5_orders_offset,16.659300000000002,50,True,
benchmark,379,q5_orders_offset,16.6538,50,True,
benchmark,380,q5_orders_offset,23.795200000000001,50,True,
benchmark,381,q5_orders_offset,17.9727,50,True,
benchmark,382,q5_orders_offset,17.6539,50,True,
benchmark,383,q5_orders_offset,18.040500000000002,50,True,
benchmark,384,q5_orders_offset,17.288499999999999,50,True,
benchmark,385,q5_orders_offset,17.6997,50,True,
benchmark,386,q5_orders_offset,19.264199999999999,50,True,
benchmark,387,q5_orders_offset,17.648800000000001,50,True,
benchmark,388,q5_orders_offset,17.037700000000001,50,True,
benchmark,389,q5_orders_offset,16.682500000000001,50,True,
benchmark,390,q5_orders_offset,16.379000000000001,50,True,
benchmark,391,q5_orders_offset,16.670999999999999,50,True,
benchmark,392,q5_orders_offset,16.732199999999999,50,True,
benchmark,393,q5_orders_offset,25.061900000000001,50,True,
benchmark,394,q5_orders_offset,18.2117,50,True,
benchmark,395,q5_orders_offset,17.597799999999999,50,True,
benchmark,396,q5_orders_offset,17.5822,50,True,
benchmark,397,q5_orders_offset,17.741900000000001,50,True,
benchmark,398,q5_orders_offset,17.730699999999999,50,True,
benchmark,399,q5_orders_offset,21.747,50,True,
benchmark,400,q5_orders_offset,17.680700000000002,50,True,
benchmark,401,q5_orders_offset,17.495999999999999,50,True,
benchmark,402,q5_orders_offset,17.071200000000001,50,True,
benchmark,403,q5_orders_offset,18.035399999999999,50,True,
benchmark,404,q5_orders_offset,17.951899999999998,50,True,
benchmark,405,q5_orders_offset,22.622299999999999,50,True,
benchmark,406,q5_orders_offset,16.732600000000001,50,True,
benchmark,407,q5_orders_offset,17.75,50,True,
benchmark,408,q5_orders_offset,18.234300000000001,50,True,
benchmark,409,q5_orders_offset,17.800699999999999,50,True,
benchmark,410,q5_orders_offset,18.417300000000001,50,True,
benchmark,411,q5_orders_offset,22.1358,50,True,
benchmark,412,q5_orders_offset,17.7746,50,True,
benchmark,413,q5_orders_offset,17.847000000000001,50,True,
benchmark,414,q5_orders_offset,17.654599999999999,50,True,
benchmark,415,q5_orders_offset,17.875,50,True,
benchmark,416,q5_orders_offset,17.658000000000001,50,True,
benchmark,417,q5_orders_offset,21.061900000000001,50,True,
benchmark,418,q5_orders_offset,17.919899999999998,50,True,
benchmark,419,q5_orders_offset,17.251000000000001,50,True,
benchmark,420,q5_orders_offset,16.522500000000001,50,True,
benchmark,421,q5_orders_offset,16.702200000000001,50,True,
benchmark,422,q5_orders_offset,16.583100000000002,50,True,
benchmark,423,q5_orders_offset,21.127500000000001,50,True,
benchmark,424,q5_orders_offset,16.727900000000002,50,True,
benchmark,425,q5_orders_offset,18.298200000000001,50,True,
benchmark,426,q5_orders_offset,17.6982,50,True,
benchmark,427,q5_orders_offset,17.840800000000002,50,True,
benchmark,428,q5_orders_offset,17.765599999999999,50,True,
benchmark,429,q5_orders_offset,21.805599999999998,50,True,
benchmark,430,q5_orders_offset,17.603400000000001,50,True,
benchmark,431,q5_orders_offset,17.593699999999998,50,True,
benchmark,432,q5_orders_offset,17.7545,50,True,
benchmark,433,q5_orders_offset,17.717500000000001,50,True,
benchmark,434,q5_orders_offset,17.691199999999998,50,True,
benchmark,435,q5_orders_offset,27.527799999999999,50,True,
benchmark,436,q5_orders_offset,17.692499999999999,50,True,
benchmark,437,q5_orders_offset,16.687899999999999,50,True,
benchmark,438,q5_orders_offset,17.5383,50,True,
benchmark,439,q5_orders_offset,17.3596,50,True,
benchmark,440,q5_orders_offset,16.583200000000001,50,True,
benchmark,441,q5_orders_offset,19.816500000000001,50,True,
benchmark,442,q5_orders_offset,24.253,50,True,
benchmark,443,q5_orders_offset,17.773299999999999,50,True,
benchmark,444,q5_orders_offset,17.589700000000001,50,True,
benchmark,445,q5_orders_offset,16.579000000000001,50,True,
benchmark,446,q5_orders_offset,16.895499999999998,50,True,
benchmark,447,q5_orders_offset,21.438700000000001,50,True,
benchmark,448,q5_orders_offset,17.219799999999999,50,True,
benchmark,449,q5_orders_offset,17.700700000000001,50,True,
benchmark,450,q5_orders_offset,17.668800000000001,50,True,
benchmark,451,q5_orders_offset,17.663,50,True,
benchmark,452,q5_orders_offset,16.645099999999999,50,True,
benchmark,453,q5_orders_offset,27.8337,50,True,
benchmark,454,q5_orders_offset,16.654199999999999,50,True,
benchmark,455,q5_orders_offset,17.499400000000001,50,True,
benchmark,456,q5_orders_offset,16.8689,50,True,
benchmark,457,q5_orders_offset,17.539100000000001,50,True,
benchmark,458,q5_orders_offset,16.540099999999999,50,True,
benchmark,459,q5_orders_offset,26.5288,50,True,
benchmark,460,q5_orders_offset,17.8203,50,True,
benchmark,461,q5_orders_offset,16.576899999999998,50,True,
benchmark,462,q5_orders_offset,17.662800000000001,50,True,
benchmark,463,q5_orders_offset,17.794899999999998,50,True,
benchmark,464,q5_orders_offset,17.563700000000001,50,True,
benchmark,465,q5_orders_offset,21.5184,50,True,
benchmark,466,q5_orders_offset,17.627300000000002,50,True,
benchmark,467,q5_orders_offset,17.6065,50,True,
benchmark,468,q5_orders_offset,17.818200000000001,50,True,
benchmark,469,q5_orders_offset,17.952300000000001,50,True,
benchmark,470,q5_orders_offset,16.878699999999998,50,True,
benchmark,471,q5_orders_offset,27.4724,50,True,
benchmark,472,q5_orders_offset,17.372699999999998,50,True,
benchmark,473,q5_orders_offset,16.411300000000001,50,True,
benchmark,474,q5_orders_offset,16.9496,50,True,
benchmark,475,q5_orders_offset,17.564499999999999,50,True,
benchmark,476,q5_orders_offset,17.654499999999999,50,True,
benchmark,477,q5_orders_offset,31.378599999999999,50,True,
benchmark,478,q5_orders_offset,18.234200000000001,50,True,
benchmark,479,q5_orders_offset,16.895399999999999,50,True,
benchmark,480,q5_orders_offset,16.390599999999999,50,True,
benchmark,481,q5_orders_offset,17.679500000000001,50,True,
benchmark,482,q5_orders_offset,18.176400000000001,50,True,
benchmark,483,q5_orders_offset,28.6206,50,True,
benchmark,484,q5_orders_offset,18.244499999999999,50,True,
benchmark,485,q5_orders_offset,35.234000000000002,50,True,
benchmark,486,q5_orders_offset,35.000700000000002,50,True,
benchmark,487,q5_orders_offset,18.4436,50,True,
benchmark,488,q5_orders_offset,20.557200000000002,50,True,
benchmark,489,q5_orders_offset,19.079999999999998,50,True,
benchmark,490,q5_orders_offset,16.7348,50,True,
benchmark,491,q5_orders_offset,16.979800000000001,50,True,
benchmark,492,q5_orders_offset,16.828199999999999,50,True,
benchmark,493,q5_orders_offset,16.6999,50,True,
benchmark,494,q5_orders_offset,20.870000000000001,50,True,
benchmark,495,q5_orders_offset,18.112200000000001,50,True,
benchmark,496,q5_orders_offset,23.526399999999999,50,True,
benchmark,497,q5_orders_offset,17.642800000000001,50,True,
benchmark,498,q5_orders_offset,16.711400000000001,50,True,
benchmark,499,q5_orders_offset,17.897500000000001,50,True,
benchmark,500,q5_orders_offset,20.533300000000001,50,True,
benchmark,501,q5_orders_offset,17.3886,50,True,
benchmark,502,q5_orders_offset,18.869499999999999,50,True,
benchmark,503,q5_orders_offset,17.014299999999999,50,True,
benchmark,504,q5_orders_offset,18.454999999999998,50,True,
benchmark,505,q5_orders_offset,18.1312,50,True,
benchmark,506,q5_orders_offset,19.9984,50,True,
benchmark,507,q5_orders_offset,17.764199999999999,50,True,
benchmark,508,q5_orders_offset,16.558900000000001,50,True,
benchmark,509,q5_orders_offset,24.4346,50,True,
benchmark,510,q5_orders_offset,17.6294,50,True,
benchmark,511,q5_orders_offset,17.8157,50,True,
benchmark,512,q5_orders_offset,19.9358,50,True,
benchmark,513,q5_orders_offset,17.681699999999999,50,True,
benchmark,514,q5_orders_offset,17.782699999999998,50,True,
benchmark,515,q5_orders_offset,19.127800000000001,50,True,
benchmark,516,q5_orders_offset,16.997800000000002,50,True,
benchmark,517,q5_orders_offset,16.761500000000002,50,True,
benchmark,518,q5_orders_offset,19.111899999999999,50,True,
benchmark,519,q5_orders_offset,18.0943,50,True,
benchmark,520,q5_orders_offset,17.698499999999999,50,True,
benchmark,521,q5_orders_offset,17.072199999999999,50,True,
benchmark,522,q5_orders_offset,24.376200000000001,50,True,
benchmark,523,q5_orders_offset,16.693999999999999,50,True,
benchmark,524,q5_orders_offset,19.601900000000001,50,True,
benchmark,525,q5_orders_offset,16.569800000000001,50,True,
benchmark,526,q5_orders_offset,17.046399999999998,50,True,
benchmark,527,q5_orders_offset,17.255800000000001,50,True,
benchmark,528,q5_orders_offset,18.307700000000001,50,True,
benchmark,529,q5_orders_offset,17.685199999999998,50,True,
benchmark,530,q5_orders_offset,19.5168,50,True,
benchmark,531,q5_orders_offset,16.491299999999999,50,True,
benchmark,532,q5_orders_offset,17.676500000000001,50,True,
benchmark,533,q5_orders_offset,17.750800000000002,50,True,
benchmark,534,q5_orders_offset,17.091000000000001,50,True,
benchmark,535,q5_orders_offset,24.6633,50,True,
benchmark,536,q5_orders_offset,17.9682,50,True,
benchmark,537,q5_orders_offset,16.510100000000001,50,True,
benchmark,538,q5_orders_offset,16.544,50,True,
benchmark,539,q5_orders_offset,17.128499999999999,50,True,
benchmark,540,q5_orders_offset,17.6768,50,True,
benchmark,541,q5_orders_offset,19.364799999999999,50,True,
benchmark,542,q5_orders_offset,18.963200000000001,50,True,
benchmark,543,q5_orders_offset,17.6252,50,True,
benchmark,544,q5_orders_offset,17.651800000000001,50,True,
benchmark,545,q5_orders_offset,17.621500000000001,50,True,
benchmark,546,q5_orders_offset,17.6677,50,True,
benchmark,547,q5_orders_offset,16.608899999999998,50,True,
benchmark,548,q5_orders_offset,24.038599999999999,50,True,
benchmark,549,q5_orders_offset,16.412099999999999,50,True,
benchmark,550,q5_orders_offset,16.4514,50,True,
benchmark,551,q5_orders_offset,17.6844,50,True,
benchmark,552,q5_orders_offset,16.5016,50,True,
benchmark,553,q5_orders_offset,17.7822,50,True,
benchmark,554,q5_orders_offset,25.978300000000001,50,True,
benchmark,555,q5_orders_offset,17.9557,50,True,
benchmark,556,q5_orders_offset,17.528300000000002,50,True,
benchmark,557,q5_orders_offset,17.7468,50,True,
benchmark,558,q5_orders_offset,17.547000000000001,50,True,
benchmark,559,q5_orders_offset,17.4785,50,True,
benchmark,560,q5_orders_offset,24.849499999999999,50,True,
benchmark,561,q5_orders_offset,17.3475,50,True,
benchmark,562,q5_orders_offset,16.846299999999999,50,True,
benchmark,563,q5_orders_offset,17.356200000000001,50,True,
benchmark,564,q5_orders_offset,16.351700000000001,50,True,
benchmark,565,q5_orders_offset,16.602799999999998,50,True,
benchmark,566,q5_orders_offset,20.648700000000002,50,True,
benchmark,567,q5_orders_offset,16.5806,50,True,
benchmark,568,q5_orders_offset,17.690200000000001,50,True,
benchmark,569,q5_orders_offset,17.661999999999999,50,True,
benchmark,570,q5_orders_offset,17.1462,50,True,
benchmark,571,q5_orders_offset,16.708600000000001,50,True,
benchmark,572,q5_orders_offset,22.210599999999999,50,True,
benchmark,573,q5_orders_offset,16.6495,50,True,
benchmark,574,q5_orders_offset,17.687999999999999,50,True,
benchmark,575,q5_orders_offset,17.727,50,True,
benchmark,576,q5_orders_offset,17.571100000000001,50,True,
benchmark,577,q5_orders_offset,18.012799999999999,50,True,
benchmark,578,q5_orders_offset,21.981100000000001,50,True,
benchmark,579,q5_orders_offset,17.679400000000001,50,True,
benchmark,580,q5_orders_offset,17.283100000000001,50,True,
benchmark,581,q5_orders_offset,17.797899999999998,50,True,
benchmark,582,q5_orders_offset,16.970700000000001,50,True,
benchmark,583,q5_orders_offset,16.4785,50,True,
benchmark,584,q5_orders_offset,21.172999999999998,50,True,
benchmark,585,q5_orders_offset,24.4405,50,True,
benchmark,586,q5_orders_offset,17.000299999999999,50,True,
benchmark,587,q5_orders_offset,17.831,50,True,
benchmark,588,q5_orders_offset,17.625299999999999,50,True,
benchmark,589,q5_orders_offset,17.663399999999999,50,True,
benchmark,590,q5_orders_offset,19.527999999999999,50,True,
benchmark,591,q5_orders_offset,18.914999999999999,50,True,
benchmark,592,q5_orders_offset,18.305900000000001,50,True,
benchmark,593,q5_orders_offset,17.923100000000002,50,True,
benchmark,594,q5_orders_offset,17.6861,50,True,
benchmark,595,q5_orders_offset,18.363499999999998,50,True,
benchmark,596,q5_orders_offset,20.7013,50,True,
benchmark,597,q5_orders_offset,17.663799999999998,50,True,
benchmark,598,q5_orders_offset,24.000599999999999,50,True,
benchmark,599,q5_orders_offset,17.7211,50,True,
benchmark,600,q5_orders_offset,17.863900000000001,50,True,
benchmark,601,q5_orders_offset,17.331299999999999,50,True,
benchmark,602,q5_orders_offset,19.9192,50,True,
benchmark,603,q5_orders_offset,16.948699999999999,50,True,
benchmark,604,q5_orders_offset,19.148800000000001,50,True,
benchmark,605,q5_orders_offset,16.644600000000001,50,True,
benchmark,606,q5_orders_offset,17.420200000000001,50,True,
benchmark,607,q5_orders_offset,17.7499,50,True,
benchmark,608,q5_orders_offset,18.8644,50,True,
benchmark,609,q5_orders_offset,17.5916,50,True,
benchmark,610,q5_orders_offset,17.758500000000002,50,True,
benchmark,611,q5_orders_offset,24.747499999999999,50,True,
benchmark,612,q5_orders_offset,17.707599999999999,50,True,
benchmark,613,q5_orders_offset,17.7974,50,True,
benchmark,614,q5_orders_offset,18.861000000000001,50,True,
benchmark,615,q5_orders_offset,16.577999999999999,50,True,
benchmark,616,q5_orders_offset,16.639399999999998,50,True,
benchmark,617,q5_orders_offset,18.105499999999999,50,True,
benchmark,618,q5_orders_offset,17.849599999999999,50,True,
benchmark,619,q5_orders_offset,18.718399999999999,50,True,
benchmark,620,q5_orders_offset,17.646999999999998,50,True,
benchmark,621,q5_orders_offset,17.7836,50,True,
benchmark,622,q5_orders_offset,16.653099999999998,50,True,
benchmark,623,q5_orders_offset,17.6585,50,True,
benchmark,624,q5_orders_offset,24.656700000000001,50,True,
benchmark,625,q5_orders_offset,17.893999999999998,50,True,
benchmark,626,q5_orders_offset,17.783799999999999,50,True,
benchmark,627,q5_orders_offset,18.415600000000001,50,True,
benchmark,628,q5_orders_offset,17.421900000000001,50,True,
benchmark,629,q5_orders_offset,18.125299999999999,50,True,
benchmark,630,q5_orders_offset,17.7182,50,True,
benchmark,631,q5_orders_offset,20.417400000000001,50,True,
benchmark,632,q5_orders_offset,17.766100000000002,50,True,
benchmark,633,q5_orders_offset,17.654,50,True,
benchmark,634,q5_orders_offset,17.578099999999999,50,True,
benchmark,635,q5_orders_offset,17.717199999999998,50,True,
benchmark,636,q5_orders_offset,17.724399999999999,50,True,
benchmark,637,q5_orders_offset,20.676300000000001,50,True,
benchmark,638,q5_orders_offset,17.613,50,True,
benchmark,639,q5_orders_offset,17.7027,50,True,
benchmark,640,q5_orders_offset,17.639700000000001,50,True,
benchmark,641,q5_orders_offset,17.7286,50,True,
benchmark,642,q5_orders_offset,17.689499999999999,50,True,
benchmark,643,q5_orders_offset,21.401599999999998,50,True,
benchmark,644,q5_orders_offset,24.326699999999999,50,True,
benchmark,645,q5_orders_offset,16.471499999999999,50,True,
benchmark,646,q5_orders_offset,17.627700000000001,50,True,
benchmark,647,q5_orders_offset,17.535,50,True,
benchmark,648,q5_orders_offset,17.6953,50,True,
benchmark,649,q5_orders_offset,21.961500000000001,50,True,
benchmark,650,q5_orders_offset,17.409300000000002,50,True,
benchmark,651,q5_orders_offset,17.546199999999999,50,True,
benchmark,652,q5_orders_offset,16.672799999999999,50,True,
benchmark,653,q5_orders_offset,17.766999999999999,50,True,
benchmark,654,q5_orders_offset,17.840699999999998,50,True,
benchmark,655,q5_orders_offset,22.282800000000002,50,True,
benchmark,656,q5_orders_offset,17.685400000000001,50,True,
benchmark,657,q5_orders_offset,17.7395,50,True,
benchmark,658,q5_orders_offset,18.031700000000001,50,True,
benchmark,659,q5_orders_offset,17.9696,50,True,
benchmark,660,q5_orders_offset,18.2334,50,True,
benchmark,661,q5_orders_offset,21.853200000000001,50,True,
benchmark,662,q5_orders_offset,17.097799999999999,50,True,
benchmark,663,q5_orders_offset,16.550899999999999,50,True,
benchmark,664,q5_orders_offset,17.482900000000001,50,True,
benchmark,665,q5_orders_offset,16.741800000000001,50,True,
benchmark,666,q5_orders_offset,16.611999999999998,50,True,
benchmark,667,q5_orders_offset,32.949599999999997,50,True,
benchmark,668,q5_orders_offset,23.079000000000001,50,True,
benchmark,669,q5_orders_offset,19.530999999999999,50,True,
benchmark,670,q5_orders_offset,19.380600000000001,50,True,
benchmark,671,q5_orders_offset,16.7165,50,True,
benchmark,672,q5_orders_offset,17.803100000000001,50,True,
benchmark,673,q5_orders_offset,22.722300000000001,50,True,
benchmark,674,q5_orders_offset,17.7498,50,True,
benchmark,675,q5_orders_offset,17.5914,50,True,
benchmark,676,q5_orders_offset,17.772600000000001,50,True,
benchmark,677,q5_orders_offset,17.759899999999998,50,True,
benchmark,678,q5_orders_offset,16.886299999999999,50,True,
benchmark,679,q5_orders_offset,21.9678,50,True,
benchmark,680,q5_orders_offset,17.049099999999999,50,True,
benchmark,681,q5_orders_offset,17.543700000000001,50,True,
benchmark,682,q5_orders_offset,16.889399999999998,50,True,
benchmark,683,q5_orders_offset,17.5303,50,True,
benchmark,684,q5_orders_offset,17.993500000000001,50,True,
benchmark,685,q5_orders_offset,21.607099999999999,50,True,
benchmark,686,q5_orders_offset,17.5732,50,True,
benchmark,687,q5_orders_offset,16.765499999999999,50,True,
benchmark,688,q5_orders_offset,17.819400000000002,50,True,
benchmark,689,q5_orders_offset,17.667999999999999,50,True,
benchmark,690,q5_orders_offset,16.6417,50,True,
benchmark,691,q5_orders_offset,22.274999999999999,50,True,
benchmark,692,q5_orders_offset,16.442399999999999,50,True,
benchmark,693,q5_orders_offset,18.059799999999999,50,True,
benchmark,694,q5_orders_offset,17.5931,50,True,
benchmark,695,q5_orders_offset,17.6066,50,True,
benchmark,696,q5_orders_offset,17.451699999999999,50,True,
benchmark,697,q5_orders_offset,20.831099999999999,50,True,
benchmark,698,q5_orders_offset,16.514900000000001,50,True,
benchmark,699,q5_orders_offset,18.149999999999999,50,True,
benchmark,700,q5_orders_offset,16.509399999999999,50,True,
benchmark,701,q5_orders_offset,17.794699999999999,50,True,
benchmark,702,q5_orders_offset,17.581700000000001,50,True,
benchmark,703,q5_orders_offset,22.052499999999998,50,True,
benchmark,704,q5_orders_offset,16.807400000000001,50,True,
benchmark,705,q5_orders_offset,17.331299999999999,50,True,
benchmark,706,q5_orders_offset,17.777100000000001,50,True,
benchmark,707,q5_orders_offset,17.866599999999998,50,True,
benchmark,708,q5_orders_offset,17.6891,50,True,
benchmark,709,q5_orders_offset,22.116199999999999,50,True,
benchmark,710,q5_orders_offset,17.7605,50,True,
benchmark,711,q5_orders_offset,17.321300000000001,50,True,
benchmark,712,q5_orders_offset,16.642600000000002,50,True,
benchmark,713,q5_orders_offset,16.888300000000001,50,True,
benchmark,714,q5_orders_offset,16.534600000000001,50,True,
benchmark,715,q5_orders_offset,22.008600000000001,50,True,
benchmark,716,q5_orders_offset,17.707100000000001,50,True,
benchmark,717,q5_orders_offset,16.613,50,True,
benchmark,718,q5_orders_offset,17.762899999999998,50,True,
benchmark,719,q5_orders_offset,17.931999999999999,50,True,
benchmark,720,q5_orders_offset,17.7195,50,True,
benchmark,721,q5_orders_offset,21.8475,50,True,
benchmark,722,q5_orders_offset,16.498799999999999,50,True,
benchmark,723,q5_orders_offset,17.633099999999999,50,True,
benchmark,724,q5_orders_offset,17.565000000000001,50,True,
benchmark,725,q5_orders_offset,17.612200000000001,50,True,
benchmark,726,q5_orders_offset,16.678899999999999,50,True,
benchmark,727,q5_orders_offset,21.068300000000001,50,True,
benchmark,728,q5_orders_offset,17.802900000000001,50,True,
benchmark,729,q5_orders_offset,16.503900000000002,50,True,
benchmark,730,q5_orders_offset,17.747599999999998,50,True,
benchmark,731,q5_orders_offset,17.719000000000001,50,True,
benchmark,732,q5_orders_offset,17.892900000000001,50,True,
benchmark,733,q5_orders_offset,22.201000000000001,50,True,
benchmark,734,q5_orders_offset,16.893599999999999,50,True,
benchmark,735,q5_orders_offset,17.1539,50,True,
benchmark,736,q5_orders_offset,17.369,50,True,
benchmark,737,q5_orders_offset,17.656700000000001,50,True,
benchmark,738,q5_orders_offset,16.634399999999999,50,True,
benchmark,739,q5_orders_offset,21.157599999999999,50,True,
benchmark,740,q5_orders_offset,16.444600000000001,50,True,
benchmark,741,q5_orders_offset,18.195399999999999,50,True,
benchmark,742,q5_orders_offset,17.826899999999998,50,True,
benchmark,743,q5_orders_offset,16.648700000000002,50,True,
benchmark,744,q5_orders_offset,17.851900000000001,50,True,
benchmark,745,q5_orders_offset,22.125,50,True,
benchmark,746,q5_orders_offset,16.674499999999998,50,True,
benchmark,747,q5_orders_offset,17.822099999999999,50,True,
benchmark,748,q5_orders_offset,17.549499999999998,50,True,
benchmark,749,q5_orders_offset,17.271999999999998,50,True,
benchmark,750,q5_orders_offset,16.5685,50,True,
benchmark,751,q5_orders_offset,25.100999999999999,50,True,
benchmark,752,q5_orders_offset,16.758099999999999,50,True,
benchmark,753,q5_orders_offset,17.686699999999998,50,True,
benchmark,754,q5_orders_offset,16.6584,50,True,
benchmark,755,q5_orders_offset,17.749700000000001,50,True,
benchmark,756,q5_orders_offset,17.653199999999998,50,True,
benchmark,757,q5_orders_offset,21.852799999999998,50,True,
benchmark,758,q5_orders_offset,16.521999999999998,50,True,
benchmark,759,q5_orders_offset,17.581499999999998,50,True,
benchmark,760,q5_orders_offset,16.306699999999999,50,True,
benchmark,761,q5_orders_offset,16.525700000000001,50,True,
benchmark,762,q5_orders_offset,17.400500000000001,50,True,
benchmark,763,q5_orders_offset,19.879899999999999,50,True,
benchmark,764,q5_orders_offset,17.586500000000001,50,True,
benchmark,765,q5_orders_offset,18.939,50,True,
benchmark,766,q5_orders_offset,17.799800000000001,50,True,
benchmark,767,q5_orders_offset,17.597100000000001,50,True,
benchmark,768,q5_orders_offset,17.760200000000001,50,True,
benchmark,769,q5_orders_offset,21.4953,50,True,
benchmark,770,q5_orders_offset,17.330100000000002,50,True,
benchmark,771,q5_orders_offset,17.065200000000001,50,True,
benchmark,772,q5_orders_offset,16.658200000000001,50,True,
benchmark,773,q5_orders_offset,16.697399999999998,50,True,
benchmark,774,q5_orders_offset,16.950700000000001,50,True,
benchmark,775,q5_orders_offset,20.939,50,True,
benchmark,776,q5_orders_offset,17.777899999999999,50,True,
benchmark,777,q5_orders_offset,17.6204,50,True,
benchmark,778,q5_orders_offset,17.737400000000001,50,True,
benchmark,779,q5_orders_offset,17.687999999999999,50,True,
benchmark,780,q5_orders_offset,17.654499999999999,50,True,
benchmark,781,q5_orders_offset,21.934799999999999,50,True,
benchmark,782,q5_orders_offset,17.650300000000001,50,True,
benchmark,783,q5_orders_offset,17.062799999999999,50,True,
benchmark,784,q5_orders_offset,17.508500000000002,50,True,
benchmark,785,q5_orders_offset,16.476800000000001,50,True,
benchmark,786,q5_orders_offset,16.627400000000002,50,True,
benchmark,787,q5_orders_offset,20.504200000000001,50,True,
benchmark,788,q5_orders_offset,17.603200000000001,50,True,
benchmark,789,q5_orders_offset,17.6648,50,True,
benchmark,790,q5_orders_offset,17.590499999999999,50,True,
benchmark,791,q5_orders_offset,17.7925,50,True,
benchmark,792,q5_orders_offset,16.8491,50,True,
benchmark,793,q5_orders_offset,21.162700000000001,50,True,
benchmark,794,q5_orders_offset,18.677099999999999,50,True,
benchmark,795,q5_orders_offset,17.5762,50,True,
benchmark,796,q5_orders_offset,16.6099,50,True,
benchmark,797,q5_orders_offset,16.734200000000001,50,True,
benchmark,798,q5_orders_offset,16.468900000000001,50,True,
benchmark,799,q5_orders_offset,20.439599999999999,50,True,
benchmark,800,q5_orders_offset,17.699300000000001,50,True,
benchmark,801,q5_orders_offset,24.712399999999999,50,True,
benchmark,802,q5_orders_offset,16.6662,50,True,
benchmark,803,q5_orders_offset,17.783300000000001,50,True,
benchmark,804,q5_orders_offset,17.021100000000001,50,True,
benchmark,805,q5_orders_offset,19.215399999999999,50,True,
benchmark,806,q5_orders_offset,17.777999999999999,50,True,
benchmark,807,q5_orders_offset,18.029,50,True,
benchmark,808,q5_orders_offset,17.720500000000001,50,True,
benchmark,809,q5_orders_offset,16.518000000000001,50,True,
benchmark,810,q5_orders_offset,17.730899999999998,50,True,
benchmark,811,q5_orders_offset,19.7728,50,True,
benchmark,812,q5_orders_offset,17.764500000000002,50,True,
benchmark,813,q5_orders_offset,17.575299999999999,50,True,
benchmark,814,q5_orders_offset,24.7242,50,True,
benchmark,815,q5_orders_offset,16.927,50,True,
benchmark,816,q5_orders_offset,17.709499999999998,50,True,
benchmark,817,q5_orders_offset,19.439,50,True,
benchmark,818,q5_orders_offset,17.9358,50,True,
benchmark,819,q5_orders_offset,16.6036,50,True,
benchmark,820,q5_orders_offset,17.984300000000001,50,True,
benchmark,821,q5_orders_offset,17.6248,50,True,
benchmark,822,q5_orders_offset,19.940899999999999,50,True,
benchmark,823,q5_orders_offset,18.426100000000002,50,True,
benchmark,824,q5_orders_offset,16.504799999999999,50,True,
benchmark,825,q5_orders_offset,17.3401,50,True,
benchmark,826,q5_orders_offset,16.389800000000001,50,True,
benchmark,827,q5_orders_offset,18.2835,50,True,
benchmark,828,q5_orders_offset,18.836200000000002,50,True,
benchmark,829,q5_orders_offset,17.671199999999999,50,True,
benchmark,830,q5_orders_offset,17.7135,50,True,
benchmark,831,q5_orders_offset,17.730499999999999,50,True,
benchmark,832,q5_orders_offset,17.624600000000001,50,True,
benchmark,833,q5_orders_offset,17.709099999999999,50,True,
benchmark,834,q5_orders_offset,25.499600000000001,50,True,
benchmark,835,q5_orders_offset,16.463100000000001,50,True,
benchmark,836,q5_orders_offset,17.632000000000001,50,True,
benchmark,837,q5_orders_offset,17.7041,50,True,
benchmark,838,q5_orders_offset,17.6814,50,True,
benchmark,839,q5_orders_offset,17.500499999999999,50,True,
benchmark,840,q5_orders_offset,20.346599999999999,50,True,
benchmark,841,q5_orders_offset,17.566700000000001,50,True,
benchmark,842,q5_orders_offset,18.466999999999999,50,True,
benchmark,843,q5_orders_offset,17.219799999999999,50,True,
benchmark,844,q5_orders_offset,16.523599999999998,50,True,
benchmark,845,q5_orders_offset,17.101800000000001,50,True,
benchmark,846,q5_orders_offset,19.751200000000001,50,True,
benchmark,847,q5_orders_offset,23.970300000000002,50,True,
benchmark,848,q5_orders_offset,16.615200000000002,50,True,
benchmark,849,q5_orders_offset,17.051500000000001,50,True,
benchmark,850,q5_orders_offset,16.588200000000001,50,True,
benchmark,851,q5_orders_offset,17.979199999999999,50,True,
benchmark,852,q5_orders_offset,20.2362,50,True,
benchmark,853,q5_orders_offset,19.1082,50,True,
benchmark,854,q5_orders_offset,16.839500000000001,50,True,
benchmark,855,q5_orders_offset,17.601500000000001,50,True,
benchmark,856,q5_orders_offset,17.781600000000001,50,True,
benchmark,857,q5_orders_offset,16.421399999999998,50,True,
benchmark,858,q5_orders_offset,20.7258,50,True,
benchmark,859,q5_orders_offset,16.670300000000001,50,True,
benchmark,860,q5_orders_offset,24.369700000000002,50,True,
benchmark,861,q5_orders_offset,17.688700000000001,50,True,
benchmark,862,q5_orders_offset,17.846499999999999,50,True,
benchmark,863,q5_orders_offset,17.717600000000001,50,True,
benchmark,864,q5_orders_offset,19.301200000000001,50,True,
benchmark,865,q5_orders_offset,16.351199999999999,50,True,
benchmark,866,q5_orders_offset,17.7501,50,True,
benchmark,867,q5_orders_offset,16.3568,50,True,
benchmark,868,q5_orders_offset,16.612100000000002,50,True,
benchmark,869,q5_orders_offset,17.676300000000001,50,True,
benchmark,870,q5_orders_offset,20.357099999999999,50,True,
benchmark,871,q5_orders_offset,17.710000000000001,50,True,
benchmark,872,q5_orders_offset,17.591100000000001,50,True,
benchmark,873,q5_orders_offset,24.473800000000001,50,True,
benchmark,874,q5_orders_offset,17.5657,50,True,
benchmark,875,q5_orders_offset,17.1157,50,True,
benchmark,876,q5_orders_offset,19.4102,50,True,
benchmark,877,q5_orders_offset,16.481000000000002,50,True,
benchmark,878,q5_orders_offset,17.8307,50,True,
benchmark,879,q5_orders_offset,18.937999999999999,50,True,
benchmark,880,q5_orders_offset,17.500599999999999,50,True,
benchmark,881,q5_orders_offset,16.6417,50,True,
benchmark,882,q5_orders_offset,19.720800000000001,50,True,
benchmark,883,q5_orders_offset,17.652100000000001,50,True,
benchmark,884,q5_orders_offset,17.921900000000001,50,True,
benchmark,885,q5_orders_offset,17.524799999999999,50,True,
benchmark,886,q5_orders_offset,19.067599999999999,50,True,
benchmark,887,q5_orders_offset,16.473600000000001,50,True,
benchmark,888,q5_orders_offset,18.939299999999999,50,True,
benchmark,889,q5_orders_offset,16.3965,50,True,
benchmark,890,q5_orders_offset,16.579799999999999,50,True,
benchmark,891,q5_orders_offset,16.696000000000002,50,True,
benchmark,892,q5_orders_offset,16.448799999999999,50,True,
benchmark,893,q5_orders_offset,23.534099999999999,50,True,
benchmark,894,q5_orders_offset,18.921700000000001,50,True,
benchmark,895,q5_orders_offset,17.6982,50,True,
benchmark,896,q5_orders_offset,17.570699999999999,50,True,
benchmark,897,q5_orders_offset,18.007300000000001,50,True,
benchmark,898,q5_orders_offset,17.564599999999999,50,True,
benchmark,899,q5_orders_offset,17.645399999999999,50,True,
benchmark,900,q5_orders_offset,25.599399999999999,50,True,
benchmark,901,q5_orders_offset,17.8843,50,True,
benchmark,902,q5_orders_offset,17.415700000000001,50,True,
benchmark,903,q5_orders_offset,17.191500000000001,50,True,
benchmark,904,q5_orders_offset,17.090599999999998,50,True,
benchmark,905,q5_orders_offset,16.852900000000002,50,True,
benchmark,906,q5_orders_offset,26.642600000000002,50,True,
benchmark,907,q5_orders_offset,16.786100000000001,50,True,
benchmark,908,q5_orders_offset,17.648900000000001,50,True,
benchmark,909,q5_orders_offset,17.523399999999999,50,True,
benchmark,910,q5_orders_offset,17.132100000000001,50,True,
benchmark,911,q5_orders_offset,16.908899999999999,50,True,
benchmark,912,q5_orders_offset,25.948699999999999,50,True,
benchmark,913,q5_orders_offset,18.3704,50,True,
benchmark,914,q5_orders_offset,17.539000000000001,50,True,
benchmark,915,q5_orders_offset,17.731999999999999,50,True,
benchmark,916,q5_orders_offset,17.729600000000001,50,True,
benchmark,917,q5_orders_offset,17.495000000000001,50,True,
benchmark,918,q5_orders_offset,21.788799999999998,50,True,
benchmark,919,q5_orders_offset,17.991199999999999,50,True,
benchmark,920,q5_orders_offset,17.601500000000001,50,True,
benchmark,921,q5_orders_offset,17.769600000000001,50,True,
benchmark,922,q5_orders_offset,17.6554,50,True,
benchmark,923,q5_orders_offset,17.642099999999999,50,True,
benchmark,924,q5_orders_offset,27.8003,50,True,
benchmark,925,q5_orders_offset,17.7867,50,True,
benchmark,926,q5_orders_offset,16.581900000000001,50,True,
benchmark,927,q5_orders_offset,17.6524,50,True,
benchmark,928,q5_orders_offset,17.715800000000002,50,True,
benchmark,929,q5_orders_offset,17.657699999999998,50,True,
benchmark,930,q5_orders_offset,26.953199999999999,50,True,
benchmark,931,q5_orders_offset,16.7334,50,True,
benchmark,932,q5_orders_offset,17.982299999999999,50,True,
benchmark,933,q5_orders_offset,18.0045,50,True,
benchmark,934,q5_orders_offset,17.9254,50,True,
benchmark,935,q5_orders_offset,17.396699999999999,50,True,
benchmark,936,q5_orders_offset,21.663,50,True,
benchmark,937,q5_orders_offset,17.715699999999998,50,True,
benchmark,938,q5_orders_offset,17.5962,50,True,
benchmark,939,q5_orders_offset,17.766200000000001,50,True,
benchmark,940,q5_orders_offset,17.6355,50,True,
benchmark,941,q5_orders_offset,17.499199999999998,50,True,
benchmark,942,q5_orders_offset,20.834099999999999,50,True,
benchmark,943,q5_orders_offset,17.9452,50,True,
benchmark,944,q5_orders_offset,17.656600000000001,50,True,
benchmark,945,q5_orders_offset,17.638200000000001,50,True,
benchmark,946,q5_orders_offset,17.717199999999998,50,True,
benchmark,947,q5_orders_offset,17.637499999999999,50,True,
benchmark,948,q5_orders_offset,21.305700000000002,50,True,
benchmark,949,q5_orders_offset,18.032299999999999,50,True,
benchmark,950,q5_orders_offset,24.748999999999999,50,True,
benchmark,951,q5_orders_offset,16.976700000000001,50,True,
benchmark,952,q5_orders_offset,17.281700000000001,50,True,
benchmark,953,q5_orders_offset,17.040299999999998,50,True,
benchmark,954,q5_orders_offset,19.0319,50,True,
benchmark,955,q5_orders_offset,17.835000000000001,50,True,
benchmark,956,q5_orders_offset,19.0215,50,True,
benchmark,957,q5_orders_offset,17.609200000000001,50,True,
benchmark,958,q5_orders_offset,17.559999999999999,50,True,
benchmark,959,q5_orders_offset,17.794599999999999,50,True,
benchmark,960,q5_orders_offset,19.3825,50,True,
benchmark,961,q5_orders_offset,17.643999999999998,50,True,
benchmark,962,q5_orders_offset,17.5975,50,True,
benchmark,963,q5_orders_offset,24.4953,50,True,
benchmark,964,q5_orders_offset,17.442,50,True,
benchmark,965,q5_orders_offset,18.838999999999999,50,True,
benchmark,966,q5_orders_offset,18.321000000000002,50,True,
benchmark,967,q5_orders_offset,17.7255,50,True,
benchmark,968,q5_orders_offset,17.884,50,True,
benchmark,969,q5_orders_offset,18.6142,50,True,
benchmark,970,q5_orders_offset,16.6297,50,True,
benchmark,971,q5_orders_offset,18.963000000000001,50,True,
benchmark,972,q5_orders_offset,18.1922,50,True,
benchmark,973,q5_orders_offset,18.127800000000001,50,True,
benchmark,974,q5_orders_offset,16.9129,50,True,
benchmark,975,q5_orders_offset,18.1478,50,True,
benchmark,976,q5_orders_offset,25.0139,50,True,
benchmark,977,q5_orders_offset,18.490600000000001,50,True,
benchmark,978,q5_orders_offset,17.766400000000001,50,True,
benchmark,979,q5_orders_offset,18.166699999999999,50,True,
benchmark,980,q5_orders_offset,17.802,50,True,
benchmark,981,q5_orders_offset,17.779199999999999,50,True,
benchmark,982,q5_orders_offset,18.428100000000001,50,True,
benchmark,983,q5_orders_offset,18.248699999999999,50,True,
benchmark,984,q5_orders_offset,17.767600000000002,50,True,
benchmark,985,q5_orders_offset,17.119199999999999,50,True,
benchmark,986,q5_orders_offset,17.8964,50,True,
benchmark,987,q5_orders_offset,17.788900000000002,50,True,
benchmark,988,q5_orders_offset,16.9758,50,True,
benchmark,989,q5_orders_offset,24.874300000000002,50,True,
benchmark,990,q5_orders_offset,17.932099999999998,50,True,
benchmark,991,q5_orders_offset,18.167100000000001,50,True,
benchmark,992,q5_orders_offset,17.4544,50,True,
benchmark,993,q5_orders_offset,16.614599999999999,50,True,
benchmark,994,q5_orders_offset,18.561900000000001,50,True,
benchmark,995,q5_orders_offset,26.1267,50,True,
benchmark,996,q5_orders_offset,16.893799999999999,50,True,
benchmark,997,q5_orders_offset,17.8184,50,True,
benchmark,998,q5_orders_offset,17.088699999999999,50,True,
benchmark,999,q5_orders_offset,18.4909,50,True,
benchmark,1000,q5_orders_offset,17.527699999999999,50,True,
benchmark,1,q6_products_by_seller,0.58420000000000005,1,True,
benchmark,2,q6_products_by_seller,0.29920000000000002,1,True,
benchmark,3,q6_products_by_seller,0.25290000000000001,1,True,
benchmark,4,q6_products_by_seller,0.2661,2,True,
benchmark,5,q6_products_by_seller,0.16,0,True,
benchmark,6,q6_products_by_seller,0.2155,1,True,
benchmark,7,q6_products_by_seller,0.22639999999999999,1,True,
benchmark,8,q6_products_by_seller,0.2419,1,True,
benchmark,9,q6_products_by_seller,0.1197,0,True,
benchmark,10,q6_products_by_seller,0.22620000000000001,1,True,
benchmark,11,q6_products_by_seller,0.21990000000000001,1,True,
benchmark,12,q6_products_by_seller,0.3543,4,True,
benchmark,13,q6_products_by_seller,0.29220000000000002,4,True,
benchmark,14,q6_products_by_seller,0.25359999999999999,2,True,
benchmark,15,q6_products_by_seller,0.1358,0,True,
benchmark,16,q6_products_by_seller,0.1174,0,True,
benchmark,17,q6_products_by_seller,0.20399999999999999,1,True,
benchmark,18,q6_products_by_seller,0.114,0,True,
benchmark,19,q6_products_by_seller,0.1087,0,True,
benchmark,20,q6_products_by_seller,0.30630000000000002,3,True,
benchmark,21,q6_products_by_seller,0.12889999999999999,0,True,
benchmark,22,q6_products_by_seller,0.22040000000000001,1,True,
benchmark,23,q6_products_by_seller,0.115,0,True,
benchmark,24,q6_products_by_seller,0.1072,0,True,
benchmark,25,q6_products_by_seller,0.1227,0,True,
benchmark,26,q6_products_by_seller,0.1147,0,True,
benchmark,27,q6_products_by_seller,0.24640000000000001,1,True,
benchmark,28,q6_products_by_seller,0.22159999999999999,1,True,
benchmark,29,q6_products_by_seller,0.124,0,True,
benchmark,30,q6_products_by_seller,0.25679999999999997,2,True,
benchmark,31,q6_products_by_seller,0.1018,0,True,
benchmark,32,q6_products_by_seller,0.2077,1,True,
benchmark,33,q6_products_by_seller,0.21249999999999999,1,True,
benchmark,34,q6_products_by_seller,0.1951,1,True,
benchmark,35,q6_products_by_seller,0.21579999999999999,1,True,
benchmark,36,q6_products_by_seller,0.2006,1,True,
benchmark,37,q6_products_by_seller,0.10440000000000001,0,True,
benchmark,38,q6_products_by_seller,0.1215,0,True,
benchmark,39,q6_products_by_seller,0.2361,3,True,
benchmark,40,q6_products_by_seller,0.29520000000000002,1,True,
benchmark,41,q6_products_by_seller,0.25779999999999997,2,True,
benchmark,42,q6_products_by_seller,0.23949999999999999,1,True,
benchmark,43,q6_products_by_seller,0.11070000000000001,0,True,
benchmark,44,q6_products_by_seller,0.109,0,True,
benchmark,45,q6_products_by_seller,0.31830000000000003,1,True,
benchmark,46,q6_products_by_seller,0.2611,3,True,
benchmark,47,q6_products_by_seller,0.2326,1,True,
benchmark,48,q6_products_by_seller,0.11650000000000001,0,True,
benchmark,49,q6_products_by_seller,0.1099,0,True,
benchmark,50,q6_products_by_seller,0.2172,1,True,
benchmark,51,q6_products_by_seller,0.29949999999999999,2,True,
benchmark,52,q6_products_by_seller,0.1152,0,True,
benchmark,53,q6_products_by_seller,0.1113,0,True,
benchmark,54,q6_products_by_seller,0.23250000000000001,2,True,
benchmark,55,q6_products_by_seller,0.25650000000000001,2,True,
benchmark,56,q6_products_by_seller,0.19570000000000001,1,True,
benchmark,57,q6_products_by_seller,0.21970000000000001,1,True,
benchmark,58,q6_products_by_seller,0.1113,0,True,
benchmark,59,q6_products_by_seller,0.23119999999999999,2,True,
benchmark,60,q6_products_by_seller,0.21060000000000001,1,True,
benchmark,61,q6_products_by_seller,0.22559999999999999,1,True,
benchmark,62,q6_products_by_seller,0.28000000000000003,3,True,
benchmark,63,q6_products_by_seller,0.1159,0,True,
benchmark,64,q6_products_by_seller,0.31019999999999998,3,True,
benchmark,65,q6_products_by_seller,0.2026,1,True,
benchmark,66,q6_products_by_seller,0.21460000000000001,2,True,
benchmark,67,q6_products_by_seller,0.1142,0,True,
benchmark,68,q6_products_by_seller,0.27379999999999999,2,True,
benchmark,69,q6_products_by_seller,0.21590000000000001,1,True,
benchmark,70,q6_products_by_seller,0.1275,0,True,
benchmark,71,q6_products_by_seller,0.11169999999999999,0,True,
benchmark,72,q6_products_by_seller,0.1226,0,True,
benchmark,73,q6_products_by_seller,0.2341,2,True,
benchmark,74,q6_products_by_seller,0.1124,0,True,
benchmark,75,q6_products_by_seller,0.3024,1,True,
benchmark,76,q6_products_by_seller,0.19589999999999999,1,True,
benchmark,77,q6_products_by_seller,0.11119999999999999,0,True,
benchmark,78,q6_products_by_seller,0.28120000000000001,2,True,
benchmark,79,q6_products_by_seller,0.10929999999999999,0,True,
benchmark,80,q6_products_by_seller,0.23760000000000001,1,True,
benchmark,81,q6_products_by_seller,0.27829999999999999,1,True,
benchmark,82,q6_products_by_seller,4.4686000000000003,2,True,
benchmark,83,q6_products_by_seller,0.24929999999999999,2,True,
benchmark,84,q6_products_by_seller,0.3075,4,True,
benchmark,85,q6_products_by_seller,0.2278,2,True,
benchmark,86,q6_products_by_seller,0.113,0,True,
benchmark,87,q6_products_by_seller,0.11269999999999999,0,True,
benchmark,88,q6_products_by_seller,0.24349999999999999,2,True,
benchmark,89,q6_products_by_seller,0.20150000000000001,1,True,
benchmark,90,q6_products_by_seller,0.20999999999999999,2,True,
benchmark,91,q6_products_by_seller,0.27129999999999999,2,True,
benchmark,92,q6_products_by_seller,0.11600000000000001,0,True,
benchmark,93,q6_products_by_seller,0.21260000000000001,2,True,
benchmark,94,q6_products_by_seller,0.1988,1,True,
benchmark,95,q6_products_by_seller,0.23469999999999999,2,True,
benchmark,96,q6_products_by_seller,0.1101,0,True,
benchmark,97,q6_products_by_seller,0.19739999999999999,1,True,
benchmark,98,q6_products_by_seller,0.1173,0,True,
benchmark,99,q6_products_by_seller,0.2112,2,True,
benchmark,100,q6_products_by_seller,0.1046,0,True,
benchmark,101,q6_products_by_seller,0.64639999999999997,1,True,
benchmark,102,q6_products_by_seller,0.2545,1,True,
benchmark,103,q6_products_by_seller,0.219,1,True,
benchmark,104,q6_products_by_seller,0.22800000000000001,2,True,
benchmark,105,q6_products_by_seller,0.1197,0,True,
benchmark,106,q6_products_by_seller,0.183,1,True,
benchmark,107,q6_products_by_seller,0.18859999999999999,1,True,
benchmark,108,q6_products_by_seller,0.1817,1,True,
benchmark,109,q6_products_by_seller,0.1133,0,True,
benchmark,110,q6_products_by_seller,0.18559999999999999,1,True,
benchmark,111,q6_products_by_seller,0.18509999999999999,1,True,
benchmark,112,q6_products_by_seller,0.2097,4,True,
benchmark,113,q6_products_by_seller,0.2253,4,True,
benchmark,114,q6_products_by_seller,0.1958,2,True,
benchmark,115,q6_products_by_seller,0.1143,0,True,
benchmark,116,q6_products_by_seller,0.11219999999999999,0,True,
benchmark,117,q6_products_by_seller,0.1905,1,True,
benchmark,118,q6_products_by_seller,0.1075,0,True,
benchmark,119,q6_products_by_seller,0.10630000000000001,0,True,
benchmark,120,q6_products_by_seller,0.21590000000000001,3,True,
benchmark,121,q6_products_by_seller,0.1149,0,True,
benchmark,122,q6_products_by_seller,0.1759,1,True,
benchmark,123,q6_products_by_seller,0.11990000000000001,0,True,
benchmark,124,q6_products_by_seller,0.1145,0,True,
benchmark,125,q6_products_by_seller,0.1148,0,True,
benchmark,126,q6_products_by_seller,0.1149,0,True,
benchmark,127,q6_products_by_seller,0.1867,1,True,
benchmark,128,q6_products_by_seller,0.1925,1,True,
benchmark,129,q6_products_by_seller,0.111,0,True,
benchmark,130,q6_products_by_seller,0.19370000000000001,2,True,
benchmark,131,q6_products_by_seller,0.10489999999999999,0,True,
benchmark,132,q6_products_by_seller,0.1784,1,True,
benchmark,133,q6_products_by_seller,0.16969999999999999,1,True,
benchmark,134,q6_products_by_seller,0.17019999999999999,1,True,
benchmark,135,q6_products_by_seller,0.183,1,True,
benchmark,136,q6_products_by_seller,0.17280000000000001,1,True,
benchmark,137,q6_products_by_seller,0.1147,0,True,
benchmark,138,q6_products_by_seller,0.11609999999999999,0,True,
benchmark,139,q6_products_by_seller,0.20699999999999999,3,True,
benchmark,140,q6_products_by_seller,0.23319999999999999,1,True,
benchmark,141,q6_products_by_seller,0.18540000000000001,2,True,
benchmark,142,q6_products_by_seller,0.2102,1,True,
benchmark,143,q6_products_by_seller,0.10489999999999999,0,True,
benchmark,144,q6_products_by_seller,0.1145,0,True,
benchmark,145,q6_products_by_seller,0.17699999999999999,1,True,
benchmark,146,q6_products_by_seller,0.19969999999999999,3,True,
benchmark,147,q6_products_by_seller,0.1772,1,True,
benchmark,148,q6_products_by_seller,0.1087,0,True,
benchmark,149,q6_products_by_seller,0.1087,0,True,
benchmark,150,q6_products_by_seller,0.18490000000000001,1,True,
benchmark,151,q6_products_by_seller,0.25600000000000001,2,True,
benchmark,152,q6_products_by_seller,0.106,0,True,
benchmark,153,q6_products_by_seller,0.12709999999999999,0,True,
benchmark,154,q6_products_by_seller,0.20669999999999999,2,True,
benchmark,155,q6_products_by_seller,0.17960000000000001,2,True,
benchmark,156,q6_products_by_seller,0.2051,1,True,
benchmark,157,q6_products_by_seller,0.1789,1,True,
benchmark,158,q6_products_by_seller,0.1181,0,True,
benchmark,159,q6_products_by_seller,0.20050000000000001,2,True,
benchmark,160,q6_products_by_seller,0.17760000000000001,1,True,
benchmark,161,q6_products_by_seller,0.17499999999999999,1,True,
benchmark,162,q6_products_by_seller,0.1918,3,True,
benchmark,163,q6_products_by_seller,0.12039999999999999,0,True,
benchmark,164,q6_products_by_seller,0.18579999999999999,3,True,
benchmark,165,q6_products_by_seller,0.18690000000000001,1,True,
benchmark,166,q6_products_by_seller,0.20280000000000001,2,True,
benchmark,167,q6_products_by_seller,0.1154,0,True,
benchmark,168,q6_products_by_seller,0.18870000000000001,2,True,
benchmark,169,q6_products_by_seller,0.17460000000000001,1,True,
benchmark,170,q6_products_by_seller,0.1037,0,True,
benchmark,171,q6_products_by_seller,0.1132,0,True,
benchmark,172,q6_products_by_seller,0.097500000000000003,0,True,
benchmark,173,q6_products_by_seller,0.1973,2,True,
benchmark,174,q6_products_by_seller,0.10979999999999999,0,True,
benchmark,175,q6_products_by_seller,0.1822,1,True,
benchmark,176,q6_products_by_seller,0.17760000000000001,1,True,
benchmark,177,q6_products_by_seller,0.1016,0,True,
benchmark,178,q6_products_by_seller,0.20730000000000001,2,True,
benchmark,179,q6_products_by_seller,0.113,0,True,
benchmark,180,q6_products_by_seller,0.18099999999999999,1,True,
benchmark,181,q6_products_by_seller,0.18029999999999999,1,True,
benchmark,182,q6_products_by_seller,0.19850000000000001,2,True,
benchmark,183,q6_products_by_seller,0.17810000000000001,2,True,
benchmark,184,q6_products_by_seller,0.2046,4,True,
benchmark,185,q6_products_by_seller,0.1784,2,True,
benchmark,186,q6_products_by_seller,0.112,0,True,
benchmark,187,q6_products_by_seller,0.097699999999999995,0,True,
benchmark,188,q6_products_by_seller,0.17349999999999999,2,True,
benchmark,189,q6_products_by_seller,0.17199999999999999,1,True,
benchmark,190,q6_products_by_seller,0.1772,2,True,
benchmark,191,q6_products_by_seller,0.19450000000000001,2,True,
benchmark,192,q6_products_by_seller,0.1118,0,True,
benchmark,193,q6_products_by_seller,0.18190000000000001,2,True,
benchmark,194,q6_products_by_seller,0.16950000000000001,1,True,
benchmark,195,q6_products_by_seller,0.27850000000000003,2,True,
benchmark,196,q6_products_by_seller,0.1047,0,True,
benchmark,197,q6_products_by_seller,0.1772,1,True,
benchmark,198,q6_products_by_seller,0.1074,0,True,
benchmark,199,q6_products_by_seller,0.21099999999999999,2,True,
benchmark,200,q6_products_by_seller,0.114,0,True,
benchmark,201,q6_products_by_seller,0.70879999999999999,1,True,
benchmark,202,q6_products_by_seller,0.2611,1,True,
benchmark,203,q6_products_by_seller,0.22539999999999999,1,True,
benchmark,204,q6_products_by_seller,0.2223,2,True,
benchmark,205,q6_products_by_seller,0.11899999999999999,0,True,
benchmark,206,q6_products_by_seller,0.23849999999999999,1,True,
benchmark,207,q6_products_by_seller,0.1973,1,True,
benchmark,208,q6_products_by_seller,0.1855,1,True,
benchmark,209,q6_products_by_seller,0.1145,0,True,
benchmark,210,q6_products_by_seller,0.1648,1,True,
benchmark,211,q6_products_by_seller,0.17949999999999999,1,True,
benchmark,212,q6_products_by_seller,0.2112,4,True,
benchmark,213,q6_products_by_seller,0.2261,4,True,
benchmark,214,q6_products_by_seller,0.19719999999999999,2,True,
benchmark,215,q6_products_by_seller,0.11119999999999999,0,True,
benchmark,216,q6_products_by_seller,0.1084,0,True,
benchmark,217,q6_products_by_seller,0.185,1,True,
benchmark,218,q6_products_by_seller,0.1084,0,True,
benchmark,219,q6_products_by_seller,0.115,0,True,
benchmark,220,q6_products_by_seller,0.20349999999999999,3,True,
benchmark,221,q6_products_by_seller,0.111,0,True,
benchmark,222,q6_products_by_seller,0.1953,1,True,
benchmark,223,q6_products_by_seller,0.106,0,True,
benchmark,224,q6_products_by_seller,0.10249999999999999,0,True,
benchmark,225,q6_products_by_seller,0.10539999999999999,0,True,
benchmark,226,q6_products_by_seller,0.11210000000000001,0,True,
benchmark,227,q6_products_by_seller,0.1807,1,True,
benchmark,228,q6_products_by_seller,0.18770000000000001,1,True,
benchmark,229,q6_products_by_seller,0.1106,0,True,
benchmark,230,q6_products_by_seller,0.1847,2,True,
benchmark,231,q6_products_by_seller,0.10249999999999999,0,True,
benchmark,232,q6_products_by_seller,0.24479999999999999,1,True,
benchmark,233,q6_products_by_seller,0.18529999999999999,1,True,
benchmark,234,q6_products_by_seller,0.17960000000000001,1,True,
benchmark,235,q6_products_by_seller,0.18759999999999999,1,True,
benchmark,236,q6_products_by_seller,0.21290000000000001,1,True,
benchmark,237,q6_products_by_seller,0.13469999999999999,0,True,
benchmark,238,q6_products_by_seller,0.1113,0,True,
benchmark,239,q6_products_by_seller,0.28460000000000002,3,True,
benchmark,240,q6_products_by_seller,0.24890000000000001,1,True,
benchmark,241,q6_products_by_seller,0.22750000000000001,2,True,
benchmark,242,q6_products_by_seller,0.17730000000000001,1,True,
benchmark,243,q6_products_by_seller,0.1138,0,True,
benchmark,244,q6_products_by_seller,0.113,0,True,
benchmark,245,q6_products_by_seller,0.17680000000000001,1,True,
benchmark,246,q6_products_by_seller,0.20649999999999999,3,True,
benchmark,247,q6_products_by_seller,0.1769,1,True,
benchmark,248,q6_products_by_seller,0.13120000000000001,0,True,
benchmark,249,q6_products_by_seller,0.1147,0,True,
benchmark,250,q6_products_by_seller,0.17860000000000001,1,True,
benchmark,251,q6_products_by_seller,0.26669999999999999,2,True,
benchmark,252,q6_products_by_seller,0.1154,0,True,
benchmark,253,q6_products_by_seller,0.104,0,True,
benchmark,254,q6_products_by_seller,0.18490000000000001,2,True,
benchmark,255,q6_products_by_seller,0.18820000000000001,2,True,
benchmark,256,q6_products_by_seller,0.1759,1,True,
benchmark,257,q6_products_by_seller,0.17649999999999999,1,True,
benchmark,258,q6_products_by_seller,0.1106,0,True,
benchmark,259,q6_products_by_seller,0.22850000000000001,2,True,
benchmark,260,q6_products_by_seller,0.1978,1,True,
benchmark,261,q6_products_by_seller,0.18329999999999999,1,True,
benchmark,262,q6_products_by_seller,0.1895,3,True,
benchmark,263,q6_products_by_seller,0.11899999999999999,0,True,
benchmark,264,q6_products_by_seller,0.19400000000000001,3,True,
benchmark,265,q6_products_by_seller,0.1787,1,True,
benchmark,266,q6_products_by_seller,0.18820000000000001,2,True,
benchmark,267,q6_products_by_seller,0.1115,0,True,
benchmark,268,q6_products_by_seller,0.2026,2,True,
benchmark,269,q6_products_by_seller,0.18099999999999999,1,True,
benchmark,270,q6_products_by_seller,0.1101,0,True,
benchmark,271,q6_products_by_seller,0.1026,0,True,
benchmark,272,q6_products_by_seller,0.1032,0,True,
benchmark,273,q6_products_by_seller,0.19389999999999999,2,True,
benchmark,274,q6_products_by_seller,0.1174,0,True,
benchmark,275,q6_products_by_seller,0.1696,1,True,
benchmark,276,q6_products_by_seller,0.17999999999999999,1,True,
benchmark,277,q6_products_by_seller,0.099099999999999994,0,True,
benchmark,278,q6_products_by_seller,0.26219999999999999,2,True,
benchmark,279,q6_products_by_seller,0.1079,0,True,
benchmark,280,q6_products_by_seller,0.18099999999999999,1,True,
benchmark,281,q6_products_by_seller,0.23219999999999999,1,True,
benchmark,282,q6_products_by_seller,0.19339999999999999,2,True,
benchmark,283,q6_products_by_seller,0.19789999999999999,2,True,
benchmark,284,q6_products_by_seller,0.19539999999999999,4,True,
benchmark,285,q6_products_by_seller,0.1925,2,True,
benchmark,286,q6_products_by_seller,0.1046,0,True,
benchmark,287,q6_products_by_seller,0.10390000000000001,0,True,
benchmark,288,q6_products_by_seller,0.223,2,True,
benchmark,289,q6_products_by_seller,0.18049999999999999,1,True,
benchmark,290,q6_products_by_seller,0.20599999999999999,2,True,
benchmark,291,q6_products_by_seller,0.1988,2,True,
benchmark,292,q6_products_by_seller,0.1108,0,True,
benchmark,293,q6_products_by_seller,0.17899999999999999,2,True,
benchmark,294,q6_products_by_seller,0.21579999999999999,1,True,
benchmark,295,q6_products_by_seller,0.20569999999999999,2,True,
benchmark,296,q6_products_by_seller,0.11210000000000001,0,True,
benchmark,297,q6_products_by_seller,0.17499999999999999,1,True,
benchmark,298,q6_products_by_seller,0.12089999999999999,0,True,
benchmark,299,q6_products_by_seller,0.1822,2,True,
benchmark,300,q6_products_by_seller,0.1069,0,True,
benchmark,301,q6_products_by_seller,0.62860000000000005,1,True,
benchmark,302,q6_products_by_seller,0.2457,1,True,
benchmark,303,q6_products_by_seller,0.22620000000000001,1,True,
benchmark,304,q6_products_by_seller,0.22170000000000001,2,True,
benchmark,305,q6_products_by_seller,0.1215,0,True,
benchmark,306,q6_products_by_seller,0.1888,1,True,
benchmark,307,q6_products_by_seller,0.18379999999999999,1,True,
benchmark,308,q6_products_by_seller,0.1968,1,True,
benchmark,309,q6_products_by_seller,0.14249999999999999,0,True,
benchmark,310,q6_products_by_seller,0.19819999999999999,1,True,
benchmark,311,q6_products_by_seller,0.2233,1,True,
benchmark,312,q6_products_by_seller,0.26100000000000001,4,True,
benchmark,313,q6_products_by_seller,0.26369999999999999,4,True,
benchmark,314,q6_products_by_seller,0.2424,2,True,
benchmark,315,q6_products_by_seller,0.1234,0,True,
benchmark,316,q6_products_by_seller,0.113,0,True,
benchmark,317,q6_products_by_seller,0.1822,1,True,
benchmark,318,q6_products_by_seller,0.104,0,True,
benchmark,319,q6_products_by_seller,0.1128,0,True,
benchmark,320,q6_products_by_seller,0.2248,3,True,
benchmark,321,q6_products_by_seller,0.11849999999999999,0,True,
benchmark,322,q6_products_by_seller,0.1782,1,True,
benchmark,323,q6_products_by_seller,0.111,0,True,
benchmark,324,q6_products_by_seller,0.156,0,True,
benchmark,325,q6_products_by_seller,0.10829999999999999,0,True,
benchmark,326,q6_products_by_seller,0.1346,0,True,
benchmark,327,q6_products_by_seller,0.20430000000000001,1,True,
benchmark,328,q6_products_by_seller,0.18129999999999999,1,True,
benchmark,329,q6_products_by_seller,0.1123,0,True,
benchmark,330,q6_products_by_seller,0.1983,2,True,
benchmark,331,q6_products_by_seller,0.1157,0,True,
benchmark,332,q6_products_by_seller,0.17249999999999999,1,True,
benchmark,333,q6_products_by_seller,0.15970000000000001,1,True,
benchmark,334,q6_products_by_seller,0.18060000000000001,1,True,
benchmark,335,q6_products_by_seller,0.1845,1,True,
benchmark,336,q6_products_by_seller,0.1855,1,True,
benchmark,337,q6_products_by_seller,0.1037,0,True,
benchmark,338,q6_products_by_seller,0.11509999999999999,0,True,
benchmark,339,q6_products_by_seller,0.2084,3,True,
benchmark,340,q6_products_by_seller,0.18720000000000001,1,True,
benchmark,341,q6_products_by_seller,0.19470000000000001,2,True,
benchmark,342,q6_products_by_seller,0.17999999999999999,1,True,
benchmark,343,q6_products_by_seller,0.113,0,True,
benchmark,344,q6_products_by_seller,0.1118,0,True,
benchmark,345,q6_products_by_seller,0.1782,1,True,
benchmark,346,q6_products_by_seller,0.1857,3,True,
benchmark,347,q6_products_by_seller,0.1845,1,True,
benchmark,348,q6_products_by_seller,0.1052,0,True,
benchmark,349,q6_products_by_seller,0.10829999999999999,0,True,
benchmark,350,q6_products_by_seller,0.1734,1,True,
benchmark,351,q6_products_by_seller,0.29380000000000001,2,True,
benchmark,352,q6_products_by_seller,0.111,0,True,
benchmark,353,q6_products_by_seller,0.1047,0,True,
benchmark,354,q6_products_by_seller,0.1772,2,True,
benchmark,355,q6_products_by_seller,0.1938,2,True,
benchmark,356,q6_products_by_seller,0.2681,1,True,
benchmark,357,q6_products_by_seller,0.20910000000000001,1,True,
benchmark,358,q6_products_by_seller,0.12139999999999999,0,True,
benchmark,359,q6_products_by_seller,0.21099999999999999,2,True,
benchmark,360,q6_products_by_seller,0.18459999999999999,1,True,
benchmark,361,q6_products_by_seller,0.2286,1,True,
benchmark,362,q6_products_by_seller,0.21609999999999999,3,True,
benchmark,363,q6_products_by_seller,0.1197,0,True,
benchmark,364,q6_products_by_seller,0.2195,3,True,
benchmark,365,q6_products_by_seller,0.20399999999999999,1,True,
benchmark,366,q6_products_by_seller,0.1938,2,True,
benchmark,367,q6_products_by_seller,0.1099,0,True,
benchmark,368,q6_products_by_seller,0.25269999999999998,2,True,
benchmark,369,q6_products_by_seller,0.20280000000000001,1,True,
benchmark,370,q6_products_by_seller,0.1198,0,True,
benchmark,371,q6_products_by_seller,0.113,0,True,
benchmark,372,q6_products_by_seller,0.11219999999999999,0,True,
benchmark,373,q6_products_by_seller,0.2382,2,True,
benchmark,374,q6_products_by_seller,0.1115,0,True,
benchmark,375,q6_products_by_seller,0.1767,1,True,
benchmark,376,q6_products_by_seller,0.18079999999999999,1,True,
benchmark,377,q6_products_by_seller,0.1101,0,True,
benchmark,378,q6_products_by_seller,0.18629999999999999,2,True,
benchmark,379,q6_products_by_seller,0.1118,0,True,
benchmark,380,q6_products_by_seller,0.1729,1,True,
benchmark,381,q6_products_by_seller,0.182,1,True,
benchmark,382,q6_products_by_seller,0.2016,2,True,
benchmark,383,q6_products_by_seller,0.1827,2,True,
benchmark,384,q6_products_by_seller,0.20200000000000001,4,True,
benchmark,385,q6_products_by_seller,0.17860000000000001,2,True,
benchmark,386,q6_products_by_seller,0.1116,0,True,
benchmark,387,q6_products_by_seller,0.127,0,True,
benchmark,388,q6_products_by_seller,0.17399999999999999,2,True,
benchmark,389,q6_products_by_seller,0.16600000000000001,1,True,
benchmark,390,q6_products_by_seller,0.17780000000000001,2,True,
benchmark,391,q6_products_by_seller,0.19040000000000001,2,True,
benchmark,392,q6_products_by_seller,0.1101,0,True,
benchmark,393,q6_products_by_seller,0.184,2,True,
benchmark,394,q6_products_by_seller,0.17599999999999999,1,True,
benchmark,395,q6_products_by_seller,0.17299999999999999,2,True,
benchmark,396,q6_products_by_seller,0.1091,0,True,
benchmark,397,q6_products_by_seller,0.18099999999999999,1,True,
benchmark,398,q6_products_by_seller,0.1111,0,True,
benchmark,399,q6_products_by_seller,0.19020000000000001,2,True,
benchmark,400,q6_products_by_seller,0.1183,0,True,
benchmark,401,q6_products_by_seller,0.61499999999999999,1,True,
benchmark,402,q6_products_by_seller,0.23999999999999999,1,True,
benchmark,403,q6_products_by_seller,0.20230000000000001,1,True,
benchmark,404,q6_products_by_seller,0.20630000000000001,2,True,
benchmark,405,q6_products_by_seller,0.11899999999999999,0,True,
benchmark,406,q6_products_by_seller,0.17549999999999999,1,True,
benchmark,407,q6_products_by_seller,0.2059,1,True,
benchmark,408,q6_products_by_seller,0.1875,1,True,
benchmark,409,q6_products_by_seller,0.1181,0,True,
benchmark,410,q6_products_by_seller,0.17269999999999999,1,True,
benchmark,411,q6_products_by_seller,0.1744,1,True,
benchmark,412,q6_products_by_seller,0.21110000000000001,4,True,
benchmark,413,q6_products_by_seller,0.20130000000000001,4,True,
benchmark,414,q6_products_by_seller,0.1699,2,True,
benchmark,415,q6_products_by_seller,0.11169999999999999,0,True,
benchmark,416,q6_products_by_seller,0.10920000000000001,0,True,
benchmark,417,q6_products_by_seller,0.17849999999999999,1,True,
benchmark,418,q6_products_by_seller,0.111,0,True,
benchmark,419,q6_products_by_seller,0.1053,0,True,
benchmark,420,q6_products_by_seller,0.20219999999999999,3,True,
benchmark,421,q6_products_by_seller,0.1115,0,True,
benchmark,422,q6_products_by_seller,0.18659999999999999,1,True,
benchmark,423,q6_products_by_seller,0.1162,0,True,
benchmark,424,q6_products_by_seller,0.1041,0,True,
benchmark,425,q6_products_by_seller,0.11799999999999999,0,True,
benchmark,426,q6_products_by_seller,0.1118,0,True,
benchmark,427,q6_products_by_seller,0.18629999999999999,1,True,
benchmark,428,q6_products_by_seller,0.1789,1,True,
benchmark,429,q6_products_by_seller,0.1028,0,True,
benchmark,430,q6_products_by_seller,0.19620000000000001,2,True,
benchmark,431,q6_products_by_seller,0.1052,0,True,
benchmark,432,q6_products_by_seller,0.17000000000000001,1,True,
benchmark,433,q6_products_by_seller,0.18340000000000001,1,True,
benchmark,434,q6_products_by_seller,0.1678,1,True,
benchmark,435,q6_products_by_seller,0.17929999999999999,1,True,
benchmark,436,q6_products_by_seller,0.1812,1,True,
benchmark,437,q6_products_by_seller,0.1067,0,True,
benchmark,438,q6_products_by_seller,0.1062,0,True,
benchmark,439,q6_products_by_seller,0.19350000000000001,3,True,
benchmark,440,q6_products_by_seller,0.1726,1,True,
benchmark,441,q6_products_by_seller,0.19989999999999999,2,True,
benchmark,442,q6_products_by_seller,0.17899999999999999,1,True,
benchmark,443,q6_products_by_seller,0.1162,0,True,
benchmark,444,q6_products_by_seller,0.11310000000000001,0,True,
benchmark,445,q6_products_by_seller,0.18679999999999999,1,True,
benchmark,446,q6_products_by_seller,0.24060000000000001,3,True,
benchmark,447,q6_products_by_seller,0.17580000000000001,1,True,
benchmark,448,q6_products_by_seller,0.14460000000000001,0,True,
benchmark,449,q6_products_by_seller,0.124,0,True,
benchmark,450,q6_products_by_seller,0.18410000000000001,1,True,
benchmark,451,q6_products_by_seller,0.2364,2,True,
benchmark,452,q6_products_by_seller,0.1116,0,True,
benchmark,453,q6_products_by_seller,0.1061,0,True,
benchmark,454,q6_products_by_seller,0.1915,2,True,
benchmark,455,q6_products_by_seller,0.19589999999999999,2,True,
benchmark,456,q6_products_by_seller,0.17649999999999999,1,True,
benchmark,457,q6_products_by_seller,0.17860000000000001,1,True,
benchmark,458,q6_products_by_seller,0.11119999999999999,0,True,
benchmark,459,q6_products_by_seller,0.18740000000000001,2,True,
benchmark,460,q6_products_by_seller,0.17549999999999999,1,True,
benchmark,461,q6_products_by_seller,0.16900000000000001,1,True,
benchmark,462,q6_products_by_seller,0.19800000000000001,3,True,
benchmark,463,q6_products_by_seller,0.111,0,True,
benchmark,464,q6_products_by_seller,0.20080000000000001,3,True,
benchmark,465,q6_products_by_seller,0.17979999999999999,1,True,
benchmark,466,q6_products_by_seller,0.18149999999999999,2,True,
benchmark,467,q6_products_by_seller,0.11890000000000001,0,True,
benchmark,468,q6_products_by_seller,0.1837,2,True,
benchmark,469,q6_products_by_seller,0.1784,1,True,
benchmark,470,q6_products_by_seller,0.1169,0,True,
benchmark,471,q6_products_by_seller,0.10829999999999999,0,True,
benchmark,472,q6_products_by_seller,0.10979999999999999,0,True,
benchmark,473,q6_products_by_seller,0.1855,2,True,
benchmark,474,q6_products_by_seller,0.1135,0,True,
benchmark,475,q6_products_by_seller,0.17269999999999999,1,True,
benchmark,476,q6_products_by_seller,0.1792,1,True,
benchmark,477,q6_products_by_seller,0.12,0,True,
benchmark,478,q6_products_by_seller,0.1867,2,True,
benchmark,479,q6_products_by_seller,0.10589999999999999,0,True,
benchmark,480,q6_products_by_seller,0.16889999999999999,1,True,
benchmark,481,q6_products_by_seller,0.17080000000000001,1,True,
benchmark,482,q6_products_by_seller,0.18290000000000001,2,True,
benchmark,483,q6_products_by_seller,0.17069999999999999,2,True,
benchmark,484,q6_products_by_seller,0.20119999999999999,4,True,
benchmark,485,q6_products_by_seller,0.19620000000000001,2,True,
benchmark,486,q6_products_by_seller,0.1152,0,True,
benchmark,487,q6_products_by_seller,0.11840000000000001,0,True,
benchmark,488,q6_products_by_seller,0.1835,2,True,
benchmark,489,q6_products_by_seller,0.27050000000000002,1,True,
benchmark,490,q6_products_by_seller,0.28499999999999998,2,True,
benchmark,491,q6_products_by_seller,0.23949999999999999,2,True,
benchmark,492,q6_products_by_seller,0.11459999999999999,0,True,
benchmark,493,q6_products_by_seller,0.21940000000000001,2,True,
benchmark,494,q6_products_by_seller,0.19719999999999999,1,True,
benchmark,495,q6_products_by_seller,0.248,2,True,
benchmark,496,q6_products_by_seller,0.114,0,True,
benchmark,497,q6_products_by_seller,0.22339999999999999,1,True,
benchmark,498,q6_products_by_seller,0.1414,0,True,
benchmark,499,q6_products_by_seller,0.18609999999999999,2,True,
benchmark,500,q6_products_by_seller,0.1139,0,True,
benchmark,501,q6_products_by_seller,0.62380000000000002,1,True,
benchmark,502,q6_products_by_seller,0.25679999999999997,1,True,
benchmark,503,q6_products_by_seller,0.19739999999999999,1,True,
benchmark,504,q6_products_by_seller,0.21479999999999999,2,True,
benchmark,505,q6_products_by_seller,0.12180000000000001,0,True,
benchmark,506,q6_products_by_seller,0.18590000000000001,1,True,
benchmark,507,q6_products_by_seller,0.22090000000000001,1,True,
benchmark,508,q6_products_by_seller,0.17749999999999999,1,True,
benchmark,509,q6_products_by_seller,0.10580000000000001,0,True,
benchmark,510,q6_products_by_seller,0.17879999999999999,1,True,
benchmark,511,q6_products_by_seller,0.1862,1,True,
benchmark,512,q6_products_by_seller,0.2036,4,True,
benchmark,513,q6_products_by_seller,0.20580000000000001,4,True,
benchmark,514,q6_products_by_seller,0.19550000000000001,2,True,
benchmark,515,q6_products_by_seller,0.111,0,True,
benchmark,516,q6_products_by_seller,0.1115,0,True,
benchmark,517,q6_products_by_seller,0.17019999999999999,1,True,
benchmark,518,q6_products_by_seller,0.1045,0,True,
benchmark,519,q6_products_by_seller,0.1053,0,True,
benchmark,520,q6_products_by_seller,0.20169999999999999,3,True,
benchmark,521,q6_products_by_seller,0.1106,0,True,
benchmark,522,q6_products_by_seller,0.19109999999999999,1,True,
benchmark,523,q6_products_by_seller,0.107,0,True,
benchmark,524,q6_products_by_seller,0.10489999999999999,0,True,
benchmark,525,q6_products_by_seller,0.10979999999999999,0,True,
benchmark,526,q6_products_by_seller,0.1052,0,True,
benchmark,527,q6_products_by_seller,0.17810000000000001,1,True,
benchmark,528,q6_products_by_seller,0.192,1,True,
benchmark,529,q6_products_by_seller,0.1046,0,True,
benchmark,530,q6_products_by_seller,0.19789999999999999,2,True,
benchmark,531,q6_products_by_seller,0.1246,0,True,
benchmark,532,q6_products_by_seller,0.20349999999999999,1,True,
benchmark,533,q6_products_by_seller,0.22439999999999999,1,True,
benchmark,534,q6_products_by_seller,0.1857,1,True,
benchmark,535,q6_products_by_seller,0.1724,1,True,
benchmark,536,q6_products_by_seller,0.182,1,True,
benchmark,537,q6_products_by_seller,0.10249999999999999,0,True,
benchmark,538,q6_products_by_seller,0.112,0,True,
benchmark,539,q6_products_by_seller,0.19520000000000001,3,True,
benchmark,540,q6_products_by_seller,0.17799999999999999,1,True,
benchmark,541,q6_products_by_seller,0.19589999999999999,2,True,
benchmark,542,q6_products_by_seller,0.16550000000000001,1,True,
benchmark,543,q6_products_by_seller,0.1172,0,True,
benchmark,544,q6_products_by_seller,0.1152,0,True,
benchmark,545,q6_products_by_seller,0.17749999999999999,1,True,
benchmark,546,q6_products_by_seller,0.1976,3,True,
benchmark,547,q6_products_by_seller,0.17849999999999999,1,True,
benchmark,548,q6_products_by_seller,0.11219999999999999,0,True,
benchmark,549,q6_products_by_seller,0.1087,0,True,
benchmark,550,q6_products_by_seller,0.18029999999999999,1,True,
benchmark,551,q6_products_by_seller,0.24460000000000001,2,True,
benchmark,552,q6_products_by_seller,0.1106,0,True,
benchmark,553,q6_products_by_seller,0.1055,0,True,
benchmark,554,q6_products_by_seller,0.17100000000000001,2,True,
benchmark,555,q6_products_by_seller,0.1837,2,True,
benchmark,556,q6_products_by_seller,0.1777,1,True,
benchmark,557,q6_products_by_seller,0.17810000000000001,1,True,
benchmark,558,q6_products_by_seller,0.11169999999999999,0,True,
benchmark,559,q6_products_by_seller,0.18709999999999999,2,True,
benchmark,560,q6_products_by_seller,0.184,1,True,
benchmark,561,q6_products_by_seller,0.1837,1,True,
benchmark,562,q6_products_by_seller,0.19689999999999999,3,True,
benchmark,563,q6_products_by_seller,0.1067,0,True,
benchmark,564,q6_products_by_seller,0.19209999999999999,3,True,
benchmark,565,q6_products_by_seller,0.18149999999999999,1,True,
benchmark,566,q6_products_by_seller,0.1797,2,True,
benchmark,567,q6_products_by_seller,0.1129,0,True,
benchmark,568,q6_products_by_seller,0.18790000000000001,2,True,
benchmark,569,q6_products_by_seller,0.1817,1,True,
benchmark,570,q6_products_by_seller,0.1123,0,True,
benchmark,571,q6_products_by_seller,0.1115,0,True,
benchmark,572,q6_products_by_seller,0.1177,0,True,
benchmark,573,q6_products_by_seller,0.33600000000000002,2,True,
benchmark,574,q6_products_by_seller,0.19370000000000001,0,True,
benchmark,575,q6_products_by_seller,0.3049,1,True,
benchmark,576,q6_products_by_seller,0.1842,1,True,
benchmark,577,q6_products_by_seller,0.12670000000000001,0,True,
benchmark,578,q6_products_by_seller,0.26440000000000002,2,True,
benchmark,579,q6_products_by_seller,0.13639999999999999,0,True,
benchmark,580,q6_products_by_seller,0.185,1,True,
benchmark,581,q6_products_by_seller,0.22059999999999999,1,True,
benchmark,582,q6_products_by_seller,0.21609999999999999,2,True,
benchmark,583,q6_products_by_seller,0.20810000000000001,2,True,
benchmark,584,q6_products_by_seller,0.2087,4,True,
benchmark,585,q6_products_by_seller,0.1835,2,True,
benchmark,586,q6_products_by_seller,0.1033,0,True,
benchmark,587,q6_products_by_seller,0.1087,0,True,
benchmark,588,q6_products_by_seller,0.17979999999999999,2,True,
benchmark,589,q6_products_by_seller,0.17610000000000001,1,True,
benchmark,590,q6_products_by_seller,0.1822,2,True,
benchmark,591,q6_products_by_seller,0.19189999999999999,2,True,
benchmark,592,q6_products_by_seller,0.114,0,True,
benchmark,593,q6_products_by_seller,0.19500000000000001,2,True,
benchmark,594,q6_products_by_seller,0.17760000000000001,1,True,
benchmark,595,q6_products_by_seller,0.18340000000000001,2,True,
benchmark,596,q6_products_by_seller,0.12,0,True,
benchmark,597,q6_products_by_seller,0.17999999999999999,1,True,
benchmark,598,q6_products_by_seller,0.11210000000000001,0,True,
benchmark,599,q6_products_by_seller,0.19040000000000001,2,True,
benchmark,600,q6_products_by_seller,0.1212,0,True,
benchmark,601,q6_products_by_seller,0.64039999999999997,1,True,
benchmark,602,q6_products_by_seller,0.2306,1,True,
benchmark,603,q6_products_by_seller,0.19620000000000001,1,True,
benchmark,604,q6_products_by_seller,0.23380000000000001,2,True,
benchmark,605,q6_products_by_seller,0.12690000000000001,0,True,
benchmark,606,q6_products_by_seller,0.19220000000000001,1,True,
benchmark,607,q6_products_by_seller,0.17910000000000001,1,True,
benchmark,608,q6_products_by_seller,0.18740000000000001,1,True,
benchmark,609,q6_products_by_seller,0.11609999999999999,0,True,
benchmark,610,q6_products_by_seller,0.19189999999999999,1,True,
benchmark,611,q6_products_by_seller,0.1832,1,True,
benchmark,612,q6_products_by_seller,0.20999999999999999,4,True,
benchmark,613,q6_products_by_seller,0.20430000000000001,4,True,
benchmark,614,q6_products_by_seller,0.1963,2,True,
benchmark,615,q6_products_by_seller,0.1133,0,True,
benchmark,616,q6_products_by_seller,0.11269999999999999,0,True,
benchmark,617,q6_products_by_seller,0.19220000000000001,1,True,
benchmark,618,q6_products_by_seller,0.1145,0,True,
benchmark,619,q6_products_by_seller,0.11119999999999999,0,True,
benchmark,620,q6_products_by_seller,0.19550000000000001,3,True,
benchmark,621,q6_products_by_seller,0.11260000000000001,0,True,
benchmark,622,q6_products_by_seller,0.1865,1,True,
benchmark,623,q6_products_by_seller,0.1105,0,True,
benchmark,624,q6_products_by_seller,0.114,0,True,
benchmark,625,q6_products_by_seller,0.11119999999999999,0,True,
benchmark,626,q6_products_by_seller,0.1105,0,True,
benchmark,627,q6_products_by_seller,0.1615,1,True,
benchmark,628,q6_products_by_seller,0.17050000000000001,1,True,
benchmark,629,q6_products_by_seller,0.1217,0,True,
benchmark,630,q6_products_by_seller,0.19209999999999999,2,True,
benchmark,631,q6_products_by_seller,0.1133,0,True,
benchmark,632,q6_products_by_seller,0.24840000000000001,1,True,
benchmark,633,q6_products_by_seller,0.17469999999999999,1,True,
benchmark,634,q6_products_by_seller,0.182,1,True,
benchmark,635,q6_products_by_seller,0.16880000000000001,1,True,
benchmark,636,q6_products_by_seller,0.17510000000000001,1,True,
benchmark,637,q6_products_by_seller,0.11070000000000001,0,True,
benchmark,638,q6_products_by_seller,0.1051,0,True,
benchmark,639,q6_products_by_seller,0.1978,3,True,
benchmark,640,q6_products_by_seller,0.184,1,True,
benchmark,641,q6_products_by_seller,0.1825,2,True,
benchmark,642,q6_products_by_seller,0.1777,1,True,
benchmark,643,q6_products_by_seller,0.1103,0,True,
benchmark,644,q6_products_by_seller,0.10299999999999999,0,True,
benchmark,645,q6_products_by_seller,0.19500000000000001,1,True,
benchmark,646,q6_products_by_seller,0.20660000000000001,3,True,
benchmark,647,q6_products_by_seller,0.19220000000000001,1,True,
benchmark,648,q6_products_by_seller,0.1148,0,True,
benchmark,649,q6_products_by_seller,0.125,0,True,
benchmark,650,q6_products_by_seller,0.17760000000000001,1,True,
benchmark,651,q6_products_by_seller,0.25869999999999999,2,True,
benchmark,652,q6_products_by_seller,0.1113,0,True,
benchmark,653,q6_products_by_seller,0.11650000000000001,0,True,
benchmark,654,q6_products_by_seller,0.30840000000000001,2,True,
benchmark,655,q6_products_by_seller,0.2848,2,True,
benchmark,656,q6_products_by_seller,0.25019999999999998,1,True,
benchmark,657,q6_products_by_seller,0.19850000000000001,1,True,
benchmark,658,q6_products_by_seller,0.17849999999999999,0,True,
benchmark,659,q6_products_by_seller,0.2132,2,True,
benchmark,660,q6_products_by_seller,0.19989999999999999,1,True,
benchmark,661,q6_products_by_seller,0.22800000000000001,1,True,
benchmark,662,q6_products_by_seller,0.22120000000000001,3,True,
benchmark,663,q6_products_by_seller,0.1095,0,True,
benchmark,664,q6_products_by_seller,0.2011,3,True,
benchmark,665,q6_products_by_seller,0.17860000000000001,1,True,
benchmark,666,q6_products_by_seller,0.19670000000000001,2,True,
benchmark,667,q6_products_by_seller,0.1123,0,True,
benchmark,668,q6_products_by_seller,0.19639999999999999,2,True,
benchmark,669,q6_products_by_seller,0.17599999999999999,1,True,
benchmark,670,q6_products_by_seller,0.1072,0,True,
benchmark,671,q6_products_by_seller,0.1139,0,True,
benchmark,672,q6_products_by_seller,0.1186,0,True,
benchmark,673,q6_products_by_seller,0.20369999999999999,2,True,
benchmark,674,q6_products_by_seller,0.1162,0,True,
benchmark,675,q6_products_by_seller,0.18859999999999999,1,True,
benchmark,676,q6_products_by_seller,0.1777,1,True,
benchmark,677,q6_products_by_seller,0.11650000000000001,0,True,
benchmark,678,q6_products_by_seller,0.17469999999999999,2,True,
benchmark,679,q6_products_by_seller,0.1115,0,True,
benchmark,680,q6_products_by_seller,0.15970000000000001,1,True,
benchmark,681,q6_products_by_seller,0.1603,1,True,
benchmark,682,q6_products_by_seller,0.1782,2,True,
benchmark,683,q6_products_by_seller,0.18190000000000001,2,True,
benchmark,684,q6_products_by_seller,0.19869999999999999,4,True,
benchmark,685,q6_products_by_seller,0.17799999999999999,2,True,
benchmark,686,q6_products_by_seller,0.1196,0,True,
benchmark,687,q6_products_by_seller,0.10780000000000001,0,True,
benchmark,688,q6_products_by_seller,0.17249999999999999,2,True,
benchmark,689,q6_products_by_seller,0.1668,1,True,
benchmark,690,q6_products_by_seller,0.1807,2,True,
benchmark,691,q6_products_by_seller,0.18779999999999999,2,True,
benchmark,692,q6_products_by_seller,0.1106,0,True,
benchmark,693,q6_products_by_seller,0.1764,2,True,
benchmark,694,q6_products_by_seller,0.17849999999999999,1,True,
benchmark,695,q6_products_by_seller,0.18229999999999999,2,True,
benchmark,696,q6_products_by_seller,0.11749999999999999,0,True,
benchmark,697,q6_products_by_seller,0.17929999999999999,1,True,
benchmark,698,q6_products_by_seller,0.1139,0,True,
benchmark,699,q6_products_by_seller,0.1885,2,True,
benchmark,700,q6_products_by_seller,0.1036,0,True,
benchmark,701,q6_products_by_seller,0.62,1,True,
benchmark,702,q6_products_by_seller,0.2492,1,True,
benchmark,703,q6_products_by_seller,0.246,1,True,
benchmark,704,q6_products_by_seller,0.2283,2,True,
benchmark,705,q6_products_by_seller,0.11799999999999999,0,True,
benchmark,706,q6_products_by_seller,0.23280000000000001,1,True,
benchmark,707,q6_products_by_seller,0.19350000000000001,1,True,
benchmark,708,q6_products_by_seller,0.1714,1,True,
benchmark,709,q6_products_by_seller,0.11550000000000001,0,True,
benchmark,710,q6_products_by_seller,0.1772,1,True,
benchmark,711,q6_products_by_seller,0.1802,1,True,
benchmark,712,q6_products_by_seller,0.20549999999999999,4,True,
benchmark,713,q6_products_by_seller,0.22389999999999999,4,True,
benchmark,714,q6_products_by_seller,0.18820000000000001,2,True,
benchmark,715,q6_products_by_seller,0.1045,0,True,
benchmark,716,q6_products_by_seller,0.12230000000000001,0,True,
benchmark,717,q6_products_by_seller,4.7907999999999999,1,True,
benchmark,718,q6_products_by_seller,0.1145,0,True,
benchmark,719,q6_products_by_seller,0.1094,0,True,
benchmark,720,q6_products_by_seller,0.22839999999999999,3,True,
benchmark,721,q6_products_by_seller,0.1167,0,True,
benchmark,722,q6_products_by_seller,0.27000000000000002,1,True,
benchmark,723,q6_products_by_seller,0.109,0,True,
benchmark,724,q6_products_by_seller,0.1114,0,True,
benchmark,725,q6_products_by_seller,0.1123,0,True,
benchmark,726,q6_products_by_seller,0.13969999999999999,0,True,
benchmark,727,q6_products_by_seller,0.18429999999999999,1,True,
benchmark,728,q6_products_by_seller,0.1986,1,True,
benchmark,729,q6_products_by_seller,0.113,0,True,
benchmark,730,q6_products_by_seller,0.2117,2,True,
benchmark,731,q6_products_by_seller,0.1153,0,True,
benchmark,732,q6_products_by_seller,0.17960000000000001,1,True,
benchmark,733,q6_products_by_seller,0.1855,1,True,
benchmark,734,q6_products_by_seller,0.1777,1,True,
benchmark,735,q6_products_by_seller,0.1794,1,True,
benchmark,736,q6_products_by_seller,0.1711,1,True,
benchmark,737,q6_products_by_seller,0.1119,0,True,
benchmark,738,q6_products_by_seller,0.1106,0,True,
benchmark,739,q6_products_by_seller,0.19420000000000001,3,True,
benchmark,740,q6_products_by_seller,0.18090000000000001,1,True,
benchmark,741,q6_products_by_seller,0.18629999999999999,2,True,
benchmark,742,q6_products_by_seller,0.18110000000000001,1,True,
benchmark,743,q6_products_by_seller,0.1113,0,True,
benchmark,744,q6_products_by_seller,0.1139,0,True,
benchmark,745,q6_products_by_seller,0.17860000000000001,1,True,
benchmark,746,q6_products_by_seller,0.20230000000000001,3,True,
benchmark,747,q6_products_by_seller,0.18360000000000001,1,True,
benchmark,748,q6_products_by_seller,0.1119,0,True,
benchmark,749,q6_products_by_seller,0.1123,0,True,
benchmark,750,q6_products_by_seller,0.18360000000000001,1,True,
benchmark,751,q6_products_by_seller,0.2457,2,True,
benchmark,752,q6_products_by_seller,0.1167,0,True,
benchmark,753,q6_products_by_seller,0.11070000000000001,0,True,
benchmark,754,q6_products_by_seller,0.18509999999999999,2,True,
benchmark,755,q6_products_by_seller,0.19400000000000001,2,True,
benchmark,756,q6_products_by_seller,0.1779,1,True,
benchmark,757,q6_products_by_seller,0.19009999999999999,1,True,
benchmark,758,q6_products_by_seller,0.10580000000000001,0,True,
benchmark,759,q6_products_by_seller,0.16750000000000001,2,True,
benchmark,760,q6_products_by_seller,0.16200000000000001,1,True,
benchmark,761,q6_products_by_seller,0.19689999999999999,1,True,
benchmark,762,q6_products_by_seller,0.18629999999999999,3,True,
benchmark,763,q6_products_by_seller,0.1288,0,True,
benchmark,764,q6_products_by_seller,0.2863,3,True,
benchmark,765,q6_products_by_seller,0.2132,1,True,
benchmark,766,q6_products_by_seller,0.2165,2,True,
benchmark,767,q6_products_by_seller,0.1226,0,True,
benchmark,768,q6_products_by_seller,0.21310000000000001,2,True,
benchmark,769,q6_products_by_seller,0.185,1,True,
benchmark,770,q6_products_by_seller,0.12809999999999999,0,True,
benchmark,771,q6_products_by_seller,0.1071,0,True,
benchmark,772,q6_products_by_seller,0.1046,0,True,
benchmark,773,q6_products_by_seller,0.1951,2,True,
benchmark,774,q6_products_by_seller,0.106,0,True,
benchmark,775,q6_products_by_seller,0.1812,1,True,
benchmark,776,q6_products_by_seller,0.16900000000000001,1,True,
benchmark,777,q6_products_by_seller,0.10249999999999999,0,True,
benchmark,778,q6_products_by_seller,0.20000000000000001,2,True,
benchmark,779,q6_products_by_seller,0.10290000000000001,0,True,
benchmark,780,q6_products_by_seller,0.18859999999999999,1,True,
benchmark,781,q6_products_by_seller,0.19089999999999999,1,True,
benchmark,782,q6_products_by_seller,0.1822,2,True,
benchmark,783,q6_products_by_seller,0.2016,2,True,
benchmark,784,q6_products_by_seller,0.21410000000000001,4,True,
benchmark,785,q6_products_by_seller,0.19600000000000001,2,True,
benchmark,786,q6_products_by_seller,0.11749999999999999,0,True,
benchmark,787,q6_products_by_seller,0.1142,0,True,
benchmark,788,q6_products_by_seller,0.17780000000000001,2,True,
benchmark,789,q6_products_by_seller,0.18840000000000001,1,True,
benchmark,790,q6_products_by_seller,0.18210000000000001,2,True,
benchmark,791,q6_products_by_seller,0.2407,2,True,
benchmark,792,q6_products_by_seller,0.114,0,True,
benchmark,793,q6_products_by_seller,0.1905,2,True,
benchmark,794,q6_products_by_seller,0.17199999999999999,1,True,
benchmark,795,q6_products_by_seller,0.22459999999999999,2,True,
benchmark,796,q6_products_by_seller,0.1047,0,True,
benchmark,797,q6_products_by_seller,0.19600000000000001,1,True,
benchmark,798,q6_products_by_seller,0.11840000000000001,0,True,
benchmark,799,q6_products_by_seller,0.20130000000000001,2,True,
benchmark,800,q6_products_by_seller,0.1222,0,True,
benchmark,801,q6_products_by_seller,0.70009999999999994,1,True,
benchmark,802,q6_products_by_seller,0.24879999999999999,1,True,
benchmark,803,q6_products_by_seller,0.19750000000000001,1,True,
benchmark,804,q6_products_by_seller,0.2349,2,True,
benchmark,805,q6_products_by_seller,0.11840000000000001,0,True,
benchmark,806,q6_products_by_seller,0.18709999999999999,1,True,
benchmark,807,q6_products_by_seller,0.18859999999999999,1,True,
benchmark,808,q6_products_by_seller,0.184,1,True,
benchmark,809,q6_products_by_seller,0.1052,0,True,
benchmark,810,q6_products_by_seller,0.17710000000000001,1,True,
benchmark,811,q6_products_by_seller,0.18149999999999999,1,True,
benchmark,812,q6_products_by_seller,0.20599999999999999,4,True,
benchmark,813,q6_products_by_seller,0.2102,4,True,
benchmark,814,q6_products_by_seller,0.19359999999999999,2,True,
benchmark,815,q6_products_by_seller,0.1125,0,True,
benchmark,816,q6_products_by_seller,0.1103,0,True,
benchmark,817,q6_products_by_seller,0.182,1,True,
benchmark,818,q6_products_by_seller,0.1115,0,True,
benchmark,819,q6_products_by_seller,0.1053,0,True,
benchmark,820,q6_products_by_seller,0.20979999999999999,3,True,
benchmark,821,q6_products_by_seller,0.11409999999999999,0,True,
benchmark,822,q6_products_by_seller,0.17649999999999999,1,True,
benchmark,823,q6_products_by_seller,0.11210000000000001,0,True,
benchmark,824,q6_products_by_seller,0.11749999999999999,0,True,
benchmark,825,q6_products_by_seller,0.1138,0,True,
benchmark,826,q6_products_by_seller,0.1101,0,True,
benchmark,827,q6_products_by_seller,0.18010000000000001,1,True,
benchmark,828,q6_products_by_seller,0.2306,1,True,
benchmark,829,q6_products_by_seller,0.1245,0,True,
benchmark,830,q6_products_by_seller,0.2044,2,True,
benchmark,831,q6_products_by_seller,0.1163,0,True,
benchmark,832,q6_products_by_seller,0.1812,1,True,
benchmark,833,q6_products_by_seller,0.1847,1,True,
benchmark,834,q6_products_by_seller,0.1855,1,True,
benchmark,835,q6_products_by_seller,0.27210000000000001,1,True,
benchmark,836,q6_products_by_seller,0.1908,1,True,
benchmark,837,q6_products_by_seller,0.11169999999999999,0,True,
benchmark,838,q6_products_by_seller,0.10970000000000001,0,True,
benchmark,839,q6_products_by_seller,0.25340000000000001,3,True,
benchmark,840,q6_products_by_seller,0.1835,1,True,
benchmark,841,q6_products_by_seller,0.20399999999999999,2,True,
benchmark,842,q6_products_by_seller,0.18859999999999999,1,True,
benchmark,843,q6_products_by_seller,0.1125,0,True,
benchmark,844,q6_products_by_seller,0.112,0,True,
benchmark,845,q6_products_by_seller,0.20030000000000001,1,True,
benchmark,846,q6_products_by_seller,0.20369999999999999,3,True,
benchmark,847,q6_products_by_seller,0.1767,1,True,
benchmark,848,q6_products_by_seller,0.1144,0,True,
benchmark,849,q6_products_by_seller,0.11219999999999999,0,True,
benchmark,850,q6_products_by_seller,0.18770000000000001,1,True,
benchmark,851,q6_products_by_seller,0.25130000000000002,2,True,
benchmark,852,q6_products_by_seller,0.1139,0,True,
benchmark,853,q6_products_by_seller,0.11749999999999999,0,True,
benchmark,854,q6_products_by_seller,0.18160000000000001,2,True,
benchmark,855,q6_products_by_seller,0.1948,2,True,
benchmark,856,q6_products_by_seller,0.1782,1,True,
benchmark,857,q6_products_by_seller,0.17030000000000001,1,True,
benchmark,858,q6_products_by_seller,0.11210000000000001,0,True,
benchmark,859,q6_products_by_seller,0.1915,2,True,
benchmark,860,q6_products_by_seller,0.17119999999999999,1,True,
benchmark,861,q6_products_by_seller,0.1794,1,True,
benchmark,862,q6_products_by_seller,0.19589999999999999,3,True,
benchmark,863,q6_products_by_seller,0.1101,0,True,
benchmark,864,q6_products_by_seller,0.1915,3,True,
benchmark,865,q6_products_by_seller,0.1772,1,True,
benchmark,866,q6_products_by_seller,0.1845,2,True,
benchmark,867,q6_products_by_seller,0.111,0,True,
benchmark,868,q6_products_by_seller,0.2021,2,True,
benchmark,869,q6_products_by_seller,0.1857,1,True,
benchmark,870,q6_products_by_seller,0.10929999999999999,0,True,
benchmark,871,q6_products_by_seller,0.1183,0,True,
benchmark,872,q6_products_by_seller,0.1085,0,True,
benchmark,873,q6_products_by_seller,0.18920000000000001,2,True,
benchmark,874,q6_products_by_seller,0.1053,0,True,
benchmark,875,q6_products_by_seller,0.21940000000000001,1,True,
benchmark,876,q6_products_by_seller,0.18090000000000001,1,True,
benchmark,877,q6_products_by_seller,0.1137,0,True,
benchmark,878,q6_products_by_seller,0.19689999999999999,2,True,
benchmark,879,q6_products_by_seller,0.1082,0,True,
benchmark,880,q6_products_by_seller,0.1855,1,True,
benchmark,881,q6_products_by_seller,0.20330000000000001,1,True,
benchmark,882,q6_products_by_seller,0.2077,2,True,
benchmark,883,q6_products_by_seller,0.17169999999999999,2,True,
benchmark,884,q6_products_by_seller,0.20050000000000001,4,True,
benchmark,885,q6_products_by_seller,0.19670000000000001,2,True,
benchmark,886,q6_products_by_seller,0.10589999999999999,0,True,
benchmark,887,q6_products_by_seller,0.1037,0,True,
benchmark,888,q6_products_by_seller,0.1777,2,True,
benchmark,889,q6_products_by_seller,0.189,1,True,
benchmark,890,q6_products_by_seller,0.1807,2,True,
benchmark,891,q6_products_by_seller,0.20710000000000001,2,True,
benchmark,892,q6_products_by_seller,0.1026,0,True,
benchmark,893,q6_products_by_seller,0.19,2,True,
benchmark,894,q6_products_by_seller,0.20569999999999999,1,True,
benchmark,895,q6_products_by_seller,0.2266,2,True,
benchmark,896,q6_products_by_seller,0.1084,0,True,
benchmark,897,q6_products_by_seller,0.1837,1,True,
benchmark,898,q6_products_by_seller,0.11219999999999999,0,True,
benchmark,899,q6_products_by_seller,0.18690000000000001,2,True,
benchmark,900,q6_products_by_seller,0.11550000000000001,0,True,
benchmark,901,q6_products_by_seller,0.64670000000000005,1,True,
benchmark,902,q6_products_by_seller,0.25269999999999998,1,True,
benchmark,903,q6_products_by_seller,0.19689999999999999,1,True,
benchmark,904,q6_products_by_seller,0.22159999999999999,2,True,
benchmark,905,q6_products_by_seller,0.127,0,True,
benchmark,906,q6_products_by_seller,0.17349999999999999,1,True,
benchmark,907,q6_products_by_seller,0.2203,1,True,
benchmark,908,q6_products_by_seller,0.21229999999999999,1,True,
benchmark,909,q6_products_by_seller,0.13059999999999999,0,True,
benchmark,910,q6_products_by_seller,0.20860000000000001,1,True,
benchmark,911,q6_products_by_seller,0.18579999999999999,1,True,
benchmark,912,q6_products_by_seller,0.2137,4,True,
benchmark,913,q6_products_by_seller,0.21640000000000001,4,True,
benchmark,914,q6_products_by_seller,0.2155,2,True,
benchmark,915,q6_products_by_seller,0.1149,0,True,
benchmark,916,q6_products_by_seller,0.1114,0,True,
benchmark,917,q6_products_by_seller,0.17760000000000001,1,True,
benchmark,918,q6_products_by_seller,0.10580000000000001,0,True,
benchmark,919,q6_products_by_seller,0.1217,0,True,
benchmark,920,q6_products_by_seller,0.20860000000000001,3,True,
benchmark,921,q6_products_by_seller,0.10249999999999999,0,True,
benchmark,922,q6_products_by_seller,0.18959999999999999,1,True,
benchmark,923,q6_products_by_seller,0.12130000000000001,0,True,
benchmark,924,q6_products_by_seller,0.1459,0,True,
benchmark,925,q6_products_by_seller,0.1081,0,True,
benchmark,926,q6_products_by_seller,0.1205,0,True,
benchmark,927,q6_products_by_seller,0.16819999999999999,1,True,
benchmark,928,q6_products_by_seller,0.16209999999999999,1,True,
benchmark,929,q6_products_by_seller,0.1178,0,True,
benchmark,930,q6_products_by_seller,0.18629999999999999,2,True,
benchmark,931,q6_products_by_seller,0.11020000000000001,0,True,
benchmark,932,q6_products_by_seller,0.18010000000000001,1,True,
benchmark,933,q6_products_by_seller,0.1835,1,True,
benchmark,934,q6_products_by_seller,0.1774,1,True,
benchmark,935,q6_products_by_seller,0.1744,1,True,
benchmark,936,q6_products_by_seller,0.1802,1,True,
benchmark,937,q6_products_by_seller,0.112,0,True,
benchmark,938,q6_products_by_seller,0.10150000000000001,0,True,
benchmark,939,q6_products_by_seller,0.19350000000000001,3,True,
benchmark,940,q6_products_by_seller,0.17660000000000001,1,True,
benchmark,941,q6_products_by_seller,0.1915,2,True,
benchmark,942,q6_products_by_seller,0.17549999999999999,1,True,
benchmark,943,q6_products_by_seller,0.099199999999999997,0,True,
benchmark,944,q6_products_by_seller,0.11849999999999999,0,True,
benchmark,945,q6_products_by_seller,0.1757,1,True,
benchmark,946,q6_products_by_seller,0.19470000000000001,3,True,
benchmark,947,q6_products_by_seller,0.19600000000000001,1,True,
benchmark,948,q6_products_by_seller,0.1018,0,True,
benchmark,949,q6_products_by_seller,0.1145,0,True,
benchmark,950,q6_products_by_seller,0.17150000000000001,1,True,
benchmark,951,q6_products_by_seller,0.24709999999999999,2,True,
benchmark,952,q6_products_by_seller,0.1124,0,True,
benchmark,953,q6_products_by_seller,0.1113,0,True,
benchmark,954,q6_products_by_seller,0.18679999999999999,2,True,
benchmark,955,q6_products_by_seller,0.18329999999999999,2,True,
benchmark,956,q6_products_by_seller,0.17760000000000001,1,True,
benchmark,957,q6_products_by_seller,0.1772,1,True,
benchmark,958,q6_products_by_seller,0.1055,0,True,
benchmark,959,q6_products_by_seller,0.19969999999999999,2,True,
benchmark,960,q6_products_by_seller,0.16700000000000001,1,True,
benchmark,961,q6_products_by_seller,0.19109999999999999,1,True,
benchmark,962,q6_products_by_seller,0.1923,3,True,
benchmark,963,q6_products_by_seller,0.12,0,True,
benchmark,964,q6_products_by_seller,0.19470000000000001,3,True,
benchmark,965,q6_products_by_seller,0.23580000000000001,1,True,
benchmark,966,q6_products_by_seller,0.21640000000000001,2,True,
benchmark,967,q6_products_by_seller,0.1099,0,True,
benchmark,968,q6_products_by_seller,0.2044,2,True,
benchmark,969,q6_products_by_seller,0.21160000000000001,1,True,
benchmark,970,q6_products_by_seller,0.1139,0,True,
benchmark,971,q6_products_by_seller,0.115,0,True,
benchmark,972,q6_products_by_seller,0.11890000000000001,0,True,
benchmark,973,q6_products_by_seller,0.193,2,True,
benchmark,974,q6_products_by_seller,0.1658,0,True,
benchmark,975,q6_products_by_seller,0.27650000000000002,1,True,
benchmark,976,q6_products_by_seller,0.20519999999999999,1,True,
benchmark,977,q6_products_by_seller,0.1123,0,True,
benchmark,978,q6_products_by_seller,0.192,2,True,
benchmark,979,q6_products_by_seller,0.1182,0,True,
benchmark,980,q6_products_by_seller,0.17380000000000001,1,True,
benchmark,981,q6_products_by_seller,0.1729,1,True,
benchmark,982,q6_products_by_seller,0.20219999999999999,2,True,
benchmark,983,q6_products_by_seller,0.185,2,True,
benchmark,984,q6_products_by_seller,0.20369999999999999,4,True,
benchmark,985,q6_products_by_seller,0.1782,2,True,
benchmark,986,q6_products_by_seller,0.111,0,True,
benchmark,987,q6_products_by_seller,0.1055,0,True,
benchmark,988,q6_products_by_seller,0.1938,2,True,
benchmark,989,q6_products_by_seller,0.17480000000000001,1,True,
benchmark,990,q6_products_by_seller,0.17699999999999999,2,True,
benchmark,991,q6_products_by_seller,0.18559999999999999,2,True,
benchmark,992,q6_products_by_seller,0.1132,0,True,
benchmark,993,q6_products_by_seller,0.17119999999999999,2,True,
benchmark,994,q6_products_by_seller,0.1628,1,True,
benchmark,995,q6_products_by_seller,0.17960000000000001,2,True,
benchmark,996,q6_products_by_seller,0.1138,0,True,
benchmark,997,q6_products_by_seller,0.17319999999999999,1,True,
benchmark,998,q6_products_by_seller,0.113,0,True,
benchmark,999,q6_products_by_seller,0.1855,2,True,
benchmark,1000,q6_products_by_seller,0.098799999999999999,0,True,
benchmark,1,q7_products_join_sellers,0.8105,1,True,
benchmark,2,q7_products_join_sellers,0.48549999999999999,1,True,
benchmark,3,q7_products_join_sellers,0.34949999999999998,1,True,
benchmark,4,q7_products_join_sellers,0.34310000000000002,2,True,
benchmark,5,q7_products_join_sellers,0.19639999999999999,0,True,
benchmark,6,q7_products_join_sellers,0.3861,1,True,
benchmark,7,q7_products_join_sellers,0.3165,1,True,
benchmark,8,q7_products_join_sellers,0.30980000000000002,1,True,
benchmark,9,q7_products_join_sellers,0.17399999999999999,0,True,
benchmark,10,q7_products_join_sellers,0.3402,1,True,
benchmark,11,q7_products_join_sellers,0.32669999999999999,1,True,
benchmark,12,q7_products_join_sellers,0.3543,4,True,
benchmark,13,q7_products_join_sellers,0.374,4,True,
benchmark,14,q7_products_join_sellers,0.35060000000000002,2,True,
benchmark,15,q7_products_join_sellers,0.19059999999999999,0,True,
benchmark,16,q7_products_join_sellers,0.18190000000000001,0,True,
benchmark,17,q7_products_join_sellers,0.34289999999999998,1,True,
benchmark,18,q7_products_join_sellers,0.16120000000000001,0,True,
benchmark,19,q7_products_join_sellers,0.17699999999999999,0,True,
benchmark,20,q7_products_join_sellers,0.36930000000000002,3,True,
benchmark,21,q7_products_join_sellers,0.1721,0,True,
benchmark,22,q7_products_join_sellers,0.3256,1,True,
benchmark,23,q7_products_join_sellers,0.1754,0,True,
benchmark,24,q7_products_join_sellers,0.17249999999999999,0,True,
benchmark,25,q7_products_join_sellers,0.1777,0,True,
benchmark,26,q7_products_join_sellers,0.18379999999999999,0,True,
benchmark,27,q7_products_join_sellers,0.3236,1,True,
benchmark,28,q7_products_join_sellers,0.32490000000000002,1,True,
benchmark,29,q7_products_join_sellers,0.17399999999999999,0,True,
benchmark,30,q7_products_join_sellers,0.44180000000000003,2,True,
benchmark,31,q7_products_join_sellers,0.1726,0,True,
benchmark,32,q7_products_join_sellers,0.34749999999999998,1,True,
benchmark,33,q7_products_join_sellers,0.35970000000000002,1,True,
benchmark,34,q7_products_join_sellers,0.3695,1,True,
benchmark,35,q7_products_join_sellers,0.38600000000000001,1,True,
benchmark,36,q7_products_join_sellers,0.30170000000000002,1,True,
benchmark,37,q7_products_join_sellers,0.186,0,True,
benchmark,38,q7_products_join_sellers,0.17460000000000001,0,True,
benchmark,39,q7_products_join_sellers,0.34649999999999997,3,True,
benchmark,40,q7_products_join_sellers,0.3236,1,True,
benchmark,41,q7_products_join_sellers,0.32950000000000002,2,True,
benchmark,42,q7_products_join_sellers,0.30790000000000001,1,True,
benchmark,43,q7_products_join_sellers,0.17710000000000001,0,True,
benchmark,44,q7_products_join_sellers,0.1792,0,True,
benchmark,45,q7_products_join_sellers,0.32619999999999999,1,True,
benchmark,46,q7_products_join_sellers,0.33900000000000002,3,True,
benchmark,47,q7_products_join_sellers,0.32469999999999999,1,True,
benchmark,48,q7_products_join_sellers,0.18049999999999999,0,True,
benchmark,49,q7_products_join_sellers,0.16120000000000001,0,True,
benchmark,50,q7_products_join_sellers,0.32250000000000001,1,True,
benchmark,51,q7_products_join_sellers,0.42249999999999999,2,True,
benchmark,52,q7_products_join_sellers,0.18160000000000001,0,True,
benchmark,53,q7_products_join_sellers,0.1739,0,True,
benchmark,54,q7_products_join_sellers,0.35360000000000003,2,True,
benchmark,55,q7_products_join_sellers,0.31850000000000001,2,True,
benchmark,56,q7_products_join_sellers,0.42659999999999998,1,True,
benchmark,57,q7_products_join_sellers,0.32179999999999997,1,True,
benchmark,58,q7_products_join_sellers,0.17419999999999999,0,True,
benchmark,59,q7_products_join_sellers,0.34389999999999998,2,True,
benchmark,60,q7_products_join_sellers,0.32279999999999998,1,True,
benchmark,61,q7_products_join_sellers,0.30909999999999999,1,True,
benchmark,62,q7_products_join_sellers,0.36470000000000002,3,True,
benchmark,63,q7_products_join_sellers,0.17180000000000001,0,True,
benchmark,64,q7_products_join_sellers,0.37369999999999998,3,True,
benchmark,65,q7_products_join_sellers,0.3488,1,True,
benchmark,66,q7_products_join_sellers,0.32529999999999998,2,True,
benchmark,67,q7_products_join_sellers,0.19670000000000001,0,True,
benchmark,68,q7_products_join_sellers,0.34000000000000002,2,True,
benchmark,69,q7_products_join_sellers,0.65859999999999996,1,True,
benchmark,70,q7_products_join_sellers,0.1774,0,True,
benchmark,71,q7_products_join_sellers,0.1757,0,True,
benchmark,72,q7_products_join_sellers,0.18759999999999999,0,True,
benchmark,73,q7_products_join_sellers,0.34910000000000002,2,True,
benchmark,74,q7_products_join_sellers,0.1832,0,True,
benchmark,75,q7_products_join_sellers,0.30809999999999998,1,True,
benchmark,76,q7_products_join_sellers,0.29920000000000002,1,True,
benchmark,77,q7_products_join_sellers,0.1792,0,True,
benchmark,78,q7_products_join_sellers,0.31769999999999998,2,True,
benchmark,79,q7_products_join_sellers,0.17979999999999999,0,True,
benchmark,80,q7_products_join_sellers,0.33179999999999998,1,True,
benchmark,81,q7_products_join_sellers,0.32350000000000001,1,True,
benchmark,82,q7_products_join_sellers,0.32579999999999998,2,True,
benchmark,83,q7_products_join_sellers,0.34370000000000001,2,True,
benchmark,84,q7_products_join_sellers,0.32769999999999999,4,True,
benchmark,85,q7_products_join_sellers,0.30890000000000001,2,True,
benchmark,86,q7_products_join_sellers,0.1865,0,True,
benchmark,87,q7_products_join_sellers,0.25359999999999999,0,True,
benchmark,88,q7_products_join_sellers,0.4375,2,True,
benchmark,89,q7_products_join_sellers,0.36059999999999998,1,True,
benchmark,90,q7_products_join_sellers,0.33479999999999999,2,True,
benchmark,91,q7_products_join_sellers,0.34870000000000001,2,True,
benchmark,92,q7_products_join_sellers,0.17319999999999999,0,True,
benchmark,93,q7_products_join_sellers,0.35389999999999999,2,True,
benchmark,94,q7_products_join_sellers,0.32419999999999999,1,True,
benchmark,95,q7_products_join_sellers,0.36649999999999999,2,True,
benchmark,96,q7_products_join_sellers,0.18720000000000001,0,True,
benchmark,97,q7_products_join_sellers,0.31640000000000001,1,True,
benchmark,98,q7_products_join_sellers,0.18790000000000001,0,True,
benchmark,99,q7_products_join_sellers,0.31580000000000003,2,True,
benchmark,100,q7_products_join_sellers,0.17660000000000001,0,True,
benchmark,101,q7_products_join_sellers,0.68210000000000004,1,True,
benchmark,102,q7_products_join_sellers,0.37409999999999999,1,True,
benchmark,103,q7_products_join_sellers,0.33450000000000002,1,True,
benchmark,104,q7_products_join_sellers,0.33860000000000001,2,True,
benchmark,105,q7_products_join_sellers,0.1976,0,True,
benchmark,106,q7_products_join_sellers,0.31769999999999998,1,True,
benchmark,107,q7_products_join_sellers,0.314,1,True,
benchmark,108,q7_products_join_sellers,0.31059999999999999,1,True,
benchmark,109,q7_products_join_sellers,0.18160000000000001,0,True,
benchmark,110,q7_products_join_sellers,0.31759999999999999,1,True,
benchmark,111,q7_products_join_sellers,0.32750000000000001,1,True,
benchmark,112,q7_products_join_sellers,0.3468,4,True,
benchmark,113,q7_products_join_sellers,0.32640000000000002,4,True,
benchmark,114,q7_products_join_sellers,0.31950000000000001,2,True,
benchmark,115,q7_products_join_sellers,0.18190000000000001,0,True,
benchmark,116,q7_products_join_sellers,0.16969999999999999,0,True,
benchmark,117,q7_products_join_sellers,0.30869999999999997,1,True,
benchmark,118,q7_products_join_sellers,0.1774,0,True,
benchmark,119,q7_products_join_sellers,0.1802,0,True,
benchmark,120,q7_products_join_sellers,0.32569999999999999,3,True,
benchmark,121,q7_products_join_sellers,0.19919999999999999,0,True,
benchmark,122,q7_products_join_sellers,0.30449999999999999,1,True,
benchmark,123,q7_products_join_sellers,0.1628,0,True,
benchmark,124,q7_products_join_sellers,0.16569999999999999,0,True,
benchmark,125,q7_products_join_sellers,0.1832,0,True,
benchmark,126,q7_products_join_sellers,0.16639999999999999,0,True,
benchmark,127,q7_products_join_sellers,0.30420000000000003,1,True,
benchmark,128,q7_products_join_sellers,0.29870000000000002,1,True,
benchmark,129,q7_products_join_sellers,0.18099999999999999,0,True,
benchmark,130,q7_products_join_sellers,0.33289999999999997,2,True,
benchmark,131,q7_products_join_sellers,0.17610000000000001,0,True,
benchmark,132,q7_products_join_sellers,0.30880000000000002,1,True,
benchmark,133,q7_products_join_sellers,0.32100000000000001,1,True,
benchmark,134,q7_products_join_sellers,0.44650000000000001,1,True,
benchmark,135,q7_products_join_sellers,0.46870000000000001,1,True,
benchmark,136,q7_products_join_sellers,0.32600000000000001,1,True,
benchmark,137,q7_products_join_sellers,0.17549999999999999,0,True,
benchmark,138,q7_products_join_sellers,0.1903,0,True,
benchmark,139,q7_products_join_sellers,0.39169999999999999,3,True,
benchmark,140,q7_products_join_sellers,0.32000000000000001,1,True,
benchmark,141,q7_products_join_sellers,0.48080000000000001,2,True,
benchmark,142,q7_products_join_sellers,0.2944,1,True,
benchmark,143,q7_products_join_sellers,0.1852,0,True,
benchmark,144,q7_products_join_sellers,0.1807,0,True,
benchmark,145,q7_products_join_sellers,0.3125,1,True,
benchmark,146,q7_products_join_sellers,0.32929999999999998,3,True,
benchmark,147,q7_products_join_sellers,0.32569999999999999,1,True,
benchmark,148,q7_products_join_sellers,0.17469999999999999,0,True,
benchmark,149,q7_products_join_sellers,0.1792,0,True,
benchmark,150,q7_products_join_sellers,0.30299999999999999,1,True,
benchmark,151,q7_products_join_sellers,0.39739999999999998,2,True,
benchmark,152,q7_products_join_sellers,0.17630000000000001,0,True,
benchmark,153,q7_products_join_sellers,0.17910000000000001,0,True,
benchmark,154,q7_products_join_sellers,0.34179999999999999,2,True,
benchmark,155,q7_products_join_sellers,0.31040000000000001,2,True,
benchmark,156,q7_products_join_sellers,0.31280000000000002,1,True,
benchmark,157,q7_products_join_sellers,0.29930000000000001,1,True,
benchmark,158,q7_products_join_sellers,0.1762,0,True,
benchmark,159,q7_products_join_sellers,0.29820000000000002,2,True,
benchmark,160,q7_products_join_sellers,0.30220000000000002,1,True,
benchmark,161,q7_products_join_sellers,0.318,1,True,
benchmark,162,q7_products_join_sellers,0.3246,3,True,
benchmark,163,q7_products_join_sellers,0.17469999999999999,0,True,
benchmark,164,q7_products_join_sellers,0.32850000000000001,3,True,
benchmark,165,q7_products_join_sellers,0.31780000000000003,1,True,
benchmark,166,q7_products_join_sellers,0.34899999999999998,2,True,
benchmark,167,q7_products_join_sellers,0.1774,0,True,
benchmark,168,q7_products_join_sellers,0.34289999999999998,2,True,
benchmark,169,q7_products_join_sellers,0.30170000000000002,1,True,
benchmark,170,q7_products_join_sellers,0.17080000000000001,0,True,
benchmark,171,q7_products_join_sellers,0.1792,0,True,
benchmark,172,q7_products_join_sellers,0.17150000000000001,0,True,
benchmark,173,q7_products_join_sellers,0.34449999999999997,2,True,
benchmark,174,q7_products_join_sellers,0.17760000000000001,0,True,
benchmark,175,q7_products_join_sellers,0.28589999999999999,1,True,
benchmark,176,q7_products_join_sellers,0.315,1,True,
benchmark,177,q7_products_join_sellers,0.16189999999999999,0,True,
benchmark,178,q7_products_join_sellers,0.34089999999999998,2,True,
benchmark,179,q7_products_join_sellers,0.16439999999999999,0,True,
benchmark,180,q7_products_join_sellers,0.34229999999999999,1,True,
benchmark,181,q7_products_join_sellers,0.3115,1,True,
benchmark,182,q7_products_join_sellers,0.30959999999999999,2,True,
benchmark,183,q7_products_join_sellers,0.32000000000000001,2,True,
benchmark,184,q7_products_join_sellers,0.35820000000000002,4,True,
benchmark,185,q7_products_join_sellers,0.33900000000000002,2,True,
benchmark,186,q7_products_join_sellers,0.17169999999999999,0,True,
benchmark,187,q7_products_join_sellers,0.17430000000000001,0,True,
benchmark,188,q7_products_join_sellers,0.31559999999999999,2,True,
benchmark,189,q7_products_join_sellers,0.32029999999999997,1,True,
benchmark,190,q7_products_join_sellers,0.34320000000000001,2,True,
benchmark,191,q7_products_join_sellers,0.33979999999999999,2,True,
benchmark,192,q7_products_join_sellers,0.1666,0,True,
benchmark,193,q7_products_join_sellers,0.43719999999999998,2,True,
benchmark,194,q7_products_join_sellers,0.35770000000000002,1,True,
benchmark,195,q7_products_join_sellers,0.39710000000000001,2,True,
benchmark,196,q7_products_join_sellers,0.18190000000000001,0,True,
benchmark,197,q7_products_join_sellers,0.34910000000000002,1,True,
benchmark,198,q7_products_join_sellers,0.18659999999999999,0,True,
benchmark,199,q7_products_join_sellers,0.34379999999999999,2,True,
benchmark,200,q7_products_join_sellers,0.18490000000000001,0,True,
benchmark,201,q7_products_join_sellers,0.69040000000000001,1,True,
benchmark,202,q7_products_join_sellers,0.37269999999999998,1,True,
benchmark,203,q7_products_join_sellers,0.33339999999999997,1,True,
benchmark,204,q7_products_join_sellers,0.32850000000000001,2,True,
benchmark,205,q7_products_join_sellers,0.1779,0,True,
benchmark,206,q7_products_join_sellers,0.33829999999999999,1,True,
benchmark,207,q7_products_join_sellers,0.31719999999999998,1,True,
benchmark,208,q7_products_join_sellers,0.29120000000000001,1,True,
benchmark,209,q7_products_join_sellers,0.1794,0,True,
benchmark,210,q7_products_join_sellers,0.3196,1,True,
benchmark,211,q7_products_join_sellers,0.32850000000000001,1,True,
benchmark,212,q7_products_join_sellers,0.34920000000000001,4,True,
benchmark,213,q7_products_join_sellers,0.34379999999999999,4,True,
benchmark,214,q7_products_join_sellers,0.3301,2,True,
benchmark,215,q7_products_join_sellers,0.17469999999999999,0,True,
benchmark,216,q7_products_join_sellers,0.1777,0,True,
benchmark,217,q7_products_join_sellers,0.33179999999999998,1,True,
benchmark,218,q7_products_join_sellers,0.1857,0,True,
benchmark,219,q7_products_join_sellers,0.16300000000000001,0,True,
benchmark,220,q7_products_join_sellers,0.33379999999999999,3,True,
benchmark,221,q7_products_join_sellers,0.18990000000000001,0,True,
benchmark,222,q7_products_join_sellers,0.31680000000000003,1,True,
benchmark,223,q7_products_join_sellers,0.1802,0,True,
benchmark,224,q7_products_join_sellers,0.17780000000000001,0,True,
benchmark,225,q7_products_join_sellers,0.1797,0,True,
benchmark,226,q7_products_join_sellers,0.17730000000000001,0,True,
benchmark,227,q7_products_join_sellers,0.31230000000000002,1,True,
benchmark,228,q7_products_join_sellers,0.32079999999999997,1,True,
benchmark,229,q7_products_join_sellers,0.1832,0,True,
benchmark,230,q7_products_join_sellers,0.31290000000000001,2,True,
benchmark,231,q7_products_join_sellers,0.19220000000000001,0,True,
benchmark,232,q7_products_join_sellers,0.32179999999999997,1,True,
benchmark,233,q7_products_join_sellers,0.2969,1,True,
benchmark,234,q7_products_join_sellers,0.29570000000000002,1,True,
benchmark,235,q7_products_join_sellers,0.35570000000000002,1,True,
benchmark,236,q7_products_join_sellers,0.30869999999999997,1,True,
benchmark,237,q7_products_join_sellers,0.1802,0,True,
benchmark,238,q7_products_join_sellers,0.1651,0,True,
benchmark,239,q7_products_join_sellers,0.33429999999999999,3,True,
benchmark,240,q7_products_join_sellers,0.31259999999999999,1,True,
benchmark,241,q7_products_join_sellers,0.32319999999999999,2,True,
benchmark,242,q7_products_join_sellers,0.3306,1,True,
benchmark,243,q7_products_join_sellers,0.1779,0,True,
benchmark,244,q7_products_join_sellers,0.17849999999999999,0,True,
benchmark,245,q7_products_join_sellers,0.4244,1,True,
benchmark,246,q7_products_join_sellers,0.3412,3,True,
benchmark,247,q7_products_join_sellers,0.30009999999999998,1,True,
benchmark,248,q7_products_join_sellers,0.16969999999999999,0,True,
benchmark,249,q7_products_join_sellers,0.21240000000000001,0,True,
benchmark,250,q7_products_join_sellers,0.3342,1,True,
benchmark,251,q7_products_join_sellers,0.59619999999999995,2,True,
benchmark,252,q7_products_join_sellers,0.19089999999999999,0,True,
benchmark,253,q7_products_join_sellers,0.18709999999999999,0,True,
benchmark,254,q7_products_join_sellers,0.31709999999999999,2,True,
benchmark,255,q7_products_join_sellers,0.32169999999999999,2,True,
benchmark,256,q7_products_join_sellers,0.3352,1,True,
benchmark,257,q7_products_join_sellers,0.32250000000000001,1,True,
benchmark,258,q7_products_join_sellers,0.17130000000000001,0,True,
benchmark,259,q7_products_join_sellers,0.34389999999999998,2,True,
benchmark,260,q7_products_join_sellers,0.33429999999999999,1,True,
benchmark,261,q7_products_join_sellers,0.31990000000000002,1,True,
benchmark,262,q7_products_join_sellers,0.3276,3,True,
benchmark,263,q7_products_join_sellers,0.161,0,True,
benchmark,264,q7_products_join_sellers,0.34089999999999998,3,True,
benchmark,265,q7_products_join_sellers,0.3201,1,True,
benchmark,266,q7_products_join_sellers,0.32550000000000001,2,True,
benchmark,267,q7_products_join_sellers,0.16120000000000001,0,True,
benchmark,268,q7_products_join_sellers,0.32540000000000002,2,True,
benchmark,269,q7_products_join_sellers,0.33879999999999999,1,True,
benchmark,270,q7_products_join_sellers,0.20280000000000001,0,True,
benchmark,271,q7_products_join_sellers,0.1701,0,True,
benchmark,272,q7_products_join_sellers,0.17960000000000001,0,True,
benchmark,273,q7_products_join_sellers,0.38650000000000001,2,True,
benchmark,274,q7_products_join_sellers,0.1744,0,True,
benchmark,275,q7_products_join_sellers,0.32000000000000001,1,True,
benchmark,276,q7_products_join_sellers,0.32500000000000001,1,True,
benchmark,277,q7_products_join_sellers,0.16320000000000001,0,True,
benchmark,278,q7_products_join_sellers,0.33710000000000001,2,True,
benchmark,279,q7_products_join_sellers,0.20830000000000001,0,True,
benchmark,280,q7_products_join_sellers,0.37830000000000003,1,True,
benchmark,281,q7_products_join_sellers,0.34000000000000002,1,True,
benchmark,282,q7_products_join_sellers,0.3095,2,True,
benchmark,283,q7_products_join_sellers,0.34460000000000002,2,True,
benchmark,284,q7_products_join_sellers,0.33310000000000001,4,True,
benchmark,285,q7_products_join_sellers,0.31340000000000001,2,True,
benchmark,286,q7_products_join_sellers,0.16320000000000001,0,True,
benchmark,287,q7_products_join_sellers,0.1681,0,True,
benchmark,288,q7_products_join_sellers,0.32600000000000001,2,True,
benchmark,289,q7_products_join_sellers,0.32019999999999998,1,True,
benchmark,290,q7_products_join_sellers,0.33500000000000002,2,True,
benchmark,291,q7_products_join_sellers,0.33550000000000002,2,True,
benchmark,292,q7_products_join_sellers,0.18310000000000001,0,True,
benchmark,293,q7_products_join_sellers,0.32290000000000002,2,True,
benchmark,294,q7_products_join_sellers,0.32729999999999998,1,True,
benchmark,295,q7_products_join_sellers,0.32050000000000001,2,True,
benchmark,296,q7_products_join_sellers,0.1699,0,True,
benchmark,297,q7_products_join_sellers,0.33900000000000002,1,True,
benchmark,298,q7_products_join_sellers,1.5029999999999999,0,True,
benchmark,299,q7_products_join_sellers,0.36759999999999998,2,True,
benchmark,300,q7_products_join_sellers,0.20999999999999999,0,True,
benchmark,301,q7_products_join_sellers,0.80730000000000002,1,True,
benchmark,302,q7_products_join_sellers,0.36499999999999999,1,True,
benchmark,303,q7_products_join_sellers,0.32819999999999999,1,True,
benchmark,304,q7_products_join_sellers,0.34329999999999999,2,True,
benchmark,305,q7_products_join_sellers,0.18390000000000001,0,True,
benchmark,306,q7_products_join_sellers,0.31259999999999999,1,True,
benchmark,307,q7_products_join_sellers,0.2949,1,True,
benchmark,308,q7_products_join_sellers,0.32269999999999999,1,True,
benchmark,309,q7_products_join_sellers,0.18149999999999999,0,True,
benchmark,310,q7_products_join_sellers,0.3322,1,True,
benchmark,311,q7_products_join_sellers,0.31929999999999997,1,True,
benchmark,312,q7_products_join_sellers,0.33960000000000001,4,True,
benchmark,313,q7_products_join_sellers,0.34200000000000003,4,True,
benchmark,314,q7_products_join_sellers,0.32219999999999999,2,True,
benchmark,315,q7_products_join_sellers,0.1855,0,True,
benchmark,316,q7_products_join_sellers,0.1774,0,True,
benchmark,317,q7_products_join_sellers,0.31609999999999999,1,True,
benchmark,318,q7_products_join_sellers,0.1835,0,True,
benchmark,319,q7_products_join_sellers,0.17330000000000001,0,True,
benchmark,320,q7_products_join_sellers,0.3322,3,True,
benchmark,321,q7_products_join_sellers,0.18990000000000001,0,True,
benchmark,322,q7_products_join_sellers,0.30719999999999997,1,True,
benchmark,323,q7_products_join_sellers,0.1686,0,True,
benchmark,324,q7_products_join_sellers,0.17699999999999999,0,True,
benchmark,325,q7_products_join_sellers,0.17949999999999999,0,True,
benchmark,326,q7_products_join_sellers,0.1767,0,True,
benchmark,327,q7_products_join_sellers,0.317,1,True,
benchmark,328,q7_products_join_sellers,0.32050000000000001,1,True,
benchmark,329,q7_products_join_sellers,0.22140000000000001,0,True,
benchmark,330,q7_products_join_sellers,0.31790000000000002,2,True,
benchmark,331,q7_products_join_sellers,0.17119999999999999,0,True,
benchmark,332,q7_products_join_sellers,0.3085,1,True,
benchmark,333,q7_products_join_sellers,0.3201,1,True,
benchmark,334,q7_products_join_sellers,0.34799999999999998,1,True,
benchmark,335,q7_products_join_sellers,0.34649999999999997,1,True,
benchmark,336,q7_products_join_sellers,0.40350000000000003,1,True,
benchmark,337,q7_products_join_sellers,0.17799999999999999,0,True,
benchmark,338,q7_products_join_sellers,0.18779999999999999,0,True,
benchmark,339,q7_products_join_sellers,0.35399999999999998,3,True,
benchmark,340,q7_products_join_sellers,0.31269999999999998,1,True,
benchmark,341,q7_products_join_sellers,0.33860000000000001,2,True,
benchmark,342,q7_products_join_sellers,0.33360000000000001,1,True,
benchmark,343,q7_products_join_sellers,0.16980000000000001,0,True,
benchmark,344,q7_products_join_sellers,0.18049999999999999,0,True,
benchmark,345,q7_products_join_sellers,0.30470000000000003,1,True,
benchmark,346,q7_products_join_sellers,0.3503,3,True,
benchmark,347,q7_products_join_sellers,0.3095,1,True,
benchmark,348,q7_products_join_sellers,0.17430000000000001,0,True,
benchmark,349,q7_products_join_sellers,0.17219999999999999,0,True,
benchmark,350,q7_products_join_sellers,0.30869999999999997,1,True,
benchmark,351,q7_products_join_sellers,0.41170000000000001,2,True,
benchmark,352,q7_products_join_sellers,0.17760000000000001,0,True,
benchmark,353,q7_products_join_sellers,0.1905,0,True,
benchmark,354,q7_products_join_sellers,0.3165,2,True,
benchmark,355,q7_products_join_sellers,0.3392,2,True,
benchmark,356,q7_products_join_sellers,0.31319999999999998,1,True,
benchmark,357,q7_products_join_sellers,0.3095,1,True,
benchmark,358,q7_products_join_sellers,0.22850000000000001,0,True,
benchmark,359,q7_products_join_sellers,0.52359999999999995,2,True,
benchmark,360,q7_products_join_sellers,0.36309999999999998,1,True,
benchmark,361,q7_products_join_sellers,0.37430000000000002,1,True,
benchmark,362,q7_products_join_sellers,0.34499999999999997,3,True,
benchmark,363,q7_products_join_sellers,0.18640000000000001,0,True,
benchmark,364,q7_products_join_sellers,0.38240000000000002,3,True,
benchmark,365,q7_products_join_sellers,0.33589999999999998,1,True,
benchmark,366,q7_products_join_sellers,0.34470000000000001,2,True,
benchmark,367,q7_products_join_sellers,0.17019999999999999,0,True,
benchmark,368,q7_products_join_sellers,0.32000000000000001,2,True,
benchmark,369,q7_products_join_sellers,0.32300000000000001,1,True,
benchmark,370,q7_products_join_sellers,0.18229999999999999,0,True,
benchmark,371,q7_products_join_sellers,0.17849999999999999,0,True,
benchmark,372,q7_products_join_sellers,0.1812,0,True,
benchmark,373,q7_products_join_sellers,0.33360000000000001,2,True,
benchmark,374,q7_products_join_sellers,0.18149999999999999,0,True,
benchmark,375,q7_products_join_sellers,0.32119999999999999,1,True,
benchmark,376,q7_products_join_sellers,0.31030000000000002,1,True,
benchmark,377,q7_products_join_sellers,0.17150000000000001,0,True,
benchmark,378,q7_products_join_sellers,0.35060000000000002,2,True,
benchmark,379,q7_products_join_sellers,0.17999999999999999,0,True,
benchmark,380,q7_products_join_sellers,0.32300000000000001,1,True,
benchmark,381,q7_products_join_sellers,0.32219999999999999,1,True,
benchmark,382,q7_products_join_sellers,0.32429999999999998,2,True,
benchmark,383,q7_products_join_sellers,0.32869999999999999,2,True,
benchmark,384,q7_products_join_sellers,0.35149999999999998,4,True,
benchmark,385,q7_products_join_sellers,0.32419999999999999,2,True,
benchmark,386,q7_products_join_sellers,0.17100000000000001,0,True,
benchmark,387,q7_products_join_sellers,0.1726,0,True,
benchmark,388,q7_products_join_sellers,0.39760000000000001,2,True,
benchmark,389,q7_products_join_sellers,0.31850000000000001,1,True,
benchmark,390,q7_products_join_sellers,0.33489999999999998,2,True,
benchmark,391,q7_products_join_sellers,0.34910000000000002,2,True,
benchmark,392,q7_products_join_sellers,0.1774,0,True,
benchmark,393,q7_products_join_sellers,0.34499999999999997,2,True,
benchmark,394,q7_products_join_sellers,0.34399999999999997,1,True,
benchmark,395,q7_products_join_sellers,0.34720000000000001,2,True,
benchmark,396,q7_products_join_sellers,0.18229999999999999,0,True,
benchmark,397,q7_products_join_sellers,0.33650000000000002,1,True,
benchmark,398,q7_products_join_sellers,0.18260000000000001,0,True,
benchmark,399,q7_products_join_sellers,0.30659999999999998,2,True,
benchmark,400,q7_products_join_sellers,0.17949999999999999,0,True,
benchmark,401,q7_products_join_sellers,0.78649999999999998,1,True,
benchmark,402,q7_products_join_sellers,0.36259999999999998,1,True,
benchmark,403,q7_products_join_sellers,0.33310000000000001,1,True,
benchmark,404,q7_products_join_sellers,0.37680000000000002,2,True,
benchmark,405,q7_products_join_sellers,0.18340000000000001,0,True,
benchmark,406,q7_products_join_sellers,0.50460000000000005,1,True,
benchmark,407,q7_products_join_sellers,0.37,1,True,
benchmark,408,q7_products_join_sellers,0.40300000000000002,1,True,
benchmark,409,q7_products_join_sellers,0.193,0,True,
benchmark,410,q7_products_join_sellers,0.39279999999999998,1,True,
benchmark,411,q7_products_join_sellers,0.37430000000000002,1,True,
benchmark,412,q7_products_join_sellers,0.34960000000000002,4,True,
benchmark,413,q7_products_join_sellers,0.34510000000000002,4,True,
benchmark,414,q7_products_join_sellers,0.32800000000000001,2,True,
benchmark,415,q7_products_join_sellers,0.1807,0,True,
benchmark,416,q7_products_join_sellers,0.17319999999999999,0,True,
benchmark,417,q7_products_join_sellers,0.31540000000000001,1,True,
benchmark,418,q7_products_join_sellers,0.1774,0,True,
benchmark,419,q7_products_join_sellers,0.17849999999999999,0,True,
benchmark,420,q7_products_join_sellers,0.3342,3,True,
benchmark,421,q7_products_join_sellers,0.17999999999999999,0,True,
benchmark,422,q7_products_join_sellers,0.29720000000000002,1,True,
benchmark,423,q7_products_join_sellers,0.17660000000000001,0,True,
benchmark,424,q7_products_join_sellers,0.17949999999999999,0,True,
benchmark,425,q7_products_join_sellers,0.18160000000000001,0,True,
benchmark,426,q7_products_join_sellers,0.17630000000000001,0,True,
benchmark,427,q7_products_join_sellers,0.3125,1,True,
benchmark,428,q7_products_join_sellers,0.29770000000000002,1,True,
benchmark,429,q7_products_join_sellers,0.1812,0,True,
benchmark,430,q7_products_join_sellers,0.32550000000000001,2,True,
benchmark,431,q7_products_join_sellers,0.17599999999999999,0,True,
benchmark,432,q7_products_join_sellers,0.31890000000000002,1,True,
benchmark,433,q7_products_join_sellers,0.307,1,True,
benchmark,434,q7_products_join_sellers,0.31319999999999998,1,True,
benchmark,435,q7_products_join_sellers,0.30620000000000003,1,True,
benchmark,436,q7_products_join_sellers,0.29530000000000001,1,True,
benchmark,437,q7_products_join_sellers,0.1744,0,True,
benchmark,438,q7_products_join_sellers,0.17230000000000001,0,True,
benchmark,439,q7_products_join_sellers,0.32469999999999999,3,True,
benchmark,440,q7_products_join_sellers,0.3367,1,True,
benchmark,441,q7_products_join_sellers,0.32350000000000001,2,True,
benchmark,442,q7_products_join_sellers,0.34239999999999998,1,True,
benchmark,443,q7_products_join_sellers,0.1835,0,True,
benchmark,444,q7_products_join_sellers,0.18099999999999999,0,True,
benchmark,445,q7_products_join_sellers,0.34510000000000002,1,True,
benchmark,446,q7_products_join_sellers,0.34539999999999998,3,True,
benchmark,447,q7_products_join_sellers,0.31769999999999998,1,True,
benchmark,448,q7_products_join_sellers,0.1762,0,True,
benchmark,449,q7_products_join_sellers,0.18640000000000001,0,True,
benchmark,450,q7_products_join_sellers,0.30299999999999999,1,True,
benchmark,451,q7_products_join_sellers,0.37869999999999998,2,True,
benchmark,452,q7_products_join_sellers,0.1787,0,True,
benchmark,453,q7_products_join_sellers,0.1704,0,True,
benchmark,454,q7_products_join_sellers,0.32950000000000002,2,True,
benchmark,455,q7_products_join_sellers,0.30659999999999998,2,True,
benchmark,456,q7_products_join_sellers,0.317,1,True,
benchmark,457,q7_products_join_sellers,0.31830000000000003,1,True,
benchmark,458,q7_products_join_sellers,0.17380000000000001,0,True,
benchmark,459,q7_products_join_sellers,0.32679999999999998,2,True,
benchmark,460,q7_products_join_sellers,0.32740000000000002,1,True,
benchmark,461,q7_products_join_sellers,0.34410000000000002,1,True,
benchmark,462,q7_products_join_sellers,0.32850000000000001,3,True,
benchmark,463,q7_products_join_sellers,0.17499999999999999,0,True,
benchmark,464,q7_products_join_sellers,0.35299999999999998,3,True,
benchmark,465,q7_products_join_sellers,0.3896,1,True,
benchmark,466,q7_products_join_sellers,0.33179999999999998,2,True,
benchmark,467,q7_products_join_sellers,0.18029999999999999,0,True,
benchmark,468,q7_products_join_sellers,0.40960000000000002,2,True,
benchmark,469,q7_products_join_sellers,0.35970000000000002,1,True,
benchmark,470,q7_products_join_sellers,0.17999999999999999,0,True,
benchmark,471,q7_products_join_sellers,0.1893,0,True,
benchmark,472,q7_products_join_sellers,0.18029999999999999,0,True,
benchmark,473,q7_products_join_sellers,0.3407,2,True,
benchmark,474,q7_products_join_sellers,0.18149999999999999,0,True,
benchmark,475,q7_products_join_sellers,0.31869999999999998,1,True,
benchmark,476,q7_products_join_sellers,0.30530000000000002,1,True,
benchmark,477,q7_products_join_sellers,0.16880000000000001,0,True,
benchmark,478,q7_products_join_sellers,0.33779999999999999,2,True,
benchmark,479,q7_products_join_sellers,0.1721,0,True,
benchmark,480,q7_products_join_sellers,0.34899999999999998,1,True,
benchmark,481,q7_products_join_sellers,0.3241,1,True,
benchmark,482,q7_products_join_sellers,0.32500000000000001,2,True,
benchmark,483,q7_products_join_sellers,0.32869999999999999,2,True,
benchmark,484,q7_products_join_sellers,0.32640000000000002,4,True,
benchmark,485,q7_products_join_sellers,0.31690000000000002,2,True,
benchmark,486,q7_products_join_sellers,0.17469999999999999,0,True,
benchmark,487,q7_products_join_sellers,0.18970000000000001,0,True,
benchmark,488,q7_products_join_sellers,0.33260000000000001,2,True,
benchmark,489,q7_products_join_sellers,0.3382,1,True,
benchmark,490,q7_products_join_sellers,0.31140000000000001,2,True,
benchmark,491,q7_products_join_sellers,0.32569999999999999,2,True,
benchmark,492,q7_products_join_sellers,0.1943,0,True,
benchmark,493,q7_products_join_sellers,0.32800000000000001,2,True,
benchmark,494,q7_products_join_sellers,0.33450000000000002,1,True,
benchmark,495,q7_products_join_sellers,0.33929999999999999,2,True,
benchmark,496,q7_products_join_sellers,0.1676,0,True,
benchmark,497,q7_products_join_sellers,0.3231,1,True,
benchmark,498,q7_products_join_sellers,0.22700000000000001,0,True,
benchmark,499,q7_products_join_sellers,0.3518,2,True,
benchmark,500,q7_products_join_sellers,0.2175,0,True,
benchmark,501,q7_products_join_sellers,0.67549999999999999,1,True,
benchmark,502,q7_products_join_sellers,0.38790000000000002,1,True,
benchmark,503,q7_products_join_sellers,0.34849999999999998,1,True,
benchmark,504,q7_products_join_sellers,0.33379999999999999,2,True,
benchmark,505,q7_products_join_sellers,0.18759999999999999,0,True,
benchmark,506,q7_products_join_sellers,0.34470000000000001,1,True,
benchmark,507,q7_products_join_sellers,0.33019999999999999,1,True,
benchmark,508,q7_products_join_sellers,0.34239999999999998,1,True,
benchmark,509,q7_products_join_sellers,0.19450000000000001,0,True,
benchmark,510,q7_products_join_sellers,0.47710000000000002,1,True,
benchmark,511,q7_products_join_sellers,0.40970000000000001,1,True,
benchmark,512,q7_products_join_sellers,0.3735,4,True,
benchmark,513,q7_products_join_sellers,0.46610000000000001,4,True,
benchmark,514,q7_products_join_sellers,0.42449999999999999,2,True,
benchmark,515,q7_products_join_sellers,0.21260000000000001,0,True,
benchmark,516,q7_products_join_sellers,0.19189999999999999,0,True,
benchmark,517,q7_products_join_sellers,0.33350000000000002,1,True,
benchmark,518,q7_products_join_sellers,0.1817,0,True,
benchmark,519,q7_products_join_sellers,0.1875,0,True,
benchmark,520,q7_products_join_sellers,0.32940000000000003,3,True,
benchmark,521,q7_products_join_sellers,0.17299999999999999,0,True,
benchmark,522,q7_products_join_sellers,0.33439999999999998,1,True,
benchmark,523,q7_products_join_sellers,0.16639999999999999,0,True,
benchmark,524,q7_products_join_sellers,0.1888,0,True,
benchmark,525,q7_products_join_sellers,0.18179999999999999,0,True,
benchmark,526,q7_products_join_sellers,0.16930000000000001,0,True,
benchmark,527,q7_products_join_sellers,0.34429999999999999,1,True,
benchmark,528,q7_products_join_sellers,0.32429999999999998,1,True,
benchmark,529,q7_products_join_sellers,0.18129999999999999,0,True,
benchmark,530,q7_products_join_sellers,0.42509999999999998,2,True,
benchmark,531,q7_products_join_sellers,0.1857,0,True,
benchmark,532,q7_products_join_sellers,0.31890000000000002,1,True,
benchmark,533,q7_products_join_sellers,0.31530000000000002,1,True,
benchmark,534,q7_products_join_sellers,0.3417,1,True,
benchmark,535,q7_products_join_sellers,0.31809999999999999,1,True,
benchmark,536,q7_products_join_sellers,0.33989999999999998,1,True,
benchmark,537,q7_products_join_sellers,0.17419999999999999,0,True,
benchmark,538,q7_products_join_sellers,0.1946,0,True,
benchmark,539,q7_products_join_sellers,0.34210000000000002,3,True,
benchmark,540,q7_products_join_sellers,0.33760000000000001,1,True,
benchmark,541,q7_products_join_sellers,0.33800000000000002,2,True,
benchmark,542,q7_products_join_sellers,0.33600000000000002,1,True,
benchmark,543,q7_products_join_sellers,0.19650000000000001,0,True,
benchmark,544,q7_products_join_sellers,0.16900000000000001,0,True,
benchmark,545,q7_products_join_sellers,0.34379999999999999,1,True,
benchmark,546,q7_products_join_sellers,0.33119999999999999,3,True,
benchmark,547,q7_products_join_sellers,0.32090000000000002,1,True,
benchmark,548,q7_products_join_sellers,0.1709,0,True,
benchmark,549,q7_products_join_sellers,0.16769999999999999,0,True,
benchmark,550,q7_products_join_sellers,0.31619999999999998,1,True,
benchmark,551,q7_products_join_sellers,0.41499999999999998,2,True,
benchmark,552,q7_products_join_sellers,0.17269999999999999,0,True,
benchmark,553,q7_products_join_sellers,0.1696,0,True,
benchmark,554,q7_products_join_sellers,0.33360000000000001,2,True,
benchmark,555,q7_products_join_sellers,0.3367,2,True,
benchmark,556,q7_products_join_sellers,0.32350000000000001,1,True,
benchmark,557,q7_products_join_sellers,0.32290000000000002,1,True,
benchmark,558,q7_products_join_sellers,0.1865,0,True,
benchmark,559,q7_products_join_sellers,0.34300000000000003,2,True,
benchmark,560,q7_products_join_sellers,0.34110000000000001,1,True,
benchmark,561,q7_products_join_sellers,0.34139999999999998,1,True,
benchmark,562,q7_products_join_sellers,0.31869999999999998,3,True,
benchmark,563,q7_products_join_sellers,0.1653,0,True,
benchmark,564,q7_products_join_sellers,0.33260000000000001,3,True,
benchmark,565,q7_products_join_sellers,0.3448,1,True,
benchmark,566,q7_products_join_sellers,0.33229999999999998,2,True,
benchmark,567,q7_products_join_sellers,0.2036,0,True,
benchmark,568,q7_products_join_sellers,0.39090000000000003,2,True,
benchmark,569,q7_products_join_sellers,0.38929999999999998,1,True,
benchmark,570,q7_products_join_sellers,0.18729999999999999,0,True,
benchmark,571,q7_products_join_sellers,0.19570000000000001,0,True,
benchmark,572,q7_products_join_sellers,0.18149999999999999,0,True,
benchmark,573,q7_products_join_sellers,0.36899999999999999,2,True,
benchmark,574,q7_products_join_sellers,0.1867,0,True,
benchmark,575,q7_products_join_sellers,0.34320000000000001,1,True,
benchmark,576,q7_products_join_sellers,0.31740000000000002,1,True,
benchmark,577,q7_products_join_sellers,0.16700000000000001,0,True,
benchmark,578,q7_products_join_sellers,0.33610000000000001,2,True,
benchmark,579,q7_products_join_sellers,0.1769,0,True,
benchmark,580,q7_products_join_sellers,0.3115,1,True,
benchmark,581,q7_products_join_sellers,0.32629999999999998,1,True,
benchmark,582,q7_products_join_sellers,0.32669999999999999,2,True,
benchmark,583,q7_products_join_sellers,0.30759999999999998,2,True,
benchmark,584,q7_products_join_sellers,0.33800000000000002,4,True,
benchmark,585,q7_products_join_sellers,0.33550000000000002,2,True,
benchmark,586,q7_products_join_sellers,0.19589999999999999,0,True,
benchmark,587,q7_products_join_sellers,0.18190000000000001,0,True,
benchmark,588,q7_products_join_sellers,0.35149999999999998,2,True,
benchmark,589,q7_products_join_sellers,0.35510000000000003,1,True,
benchmark,590,q7_products_join_sellers,0.3226,2,True,
benchmark,591,q7_products_join_sellers,0.33900000000000002,2,True,
benchmark,592,q7_products_join_sellers,0.16650000000000001,0,True,
benchmark,593,q7_products_join_sellers,0.37409999999999999,2,True,
benchmark,594,q7_products_join_sellers,0.36520000000000002,1,True,
benchmark,595,q7_products_join_sellers,0.37190000000000001,2,True,
benchmark,596,q7_products_join_sellers,0.17999999999999999,0,True,
benchmark,597,q7_products_join_sellers,0.34789999999999999,1,True,
benchmark,598,q7_products_join_sellers,0.1719,0,True,
benchmark,599,q7_products_join_sellers,0.35060000000000002,2,True,
benchmark,600,q7_products_join_sellers,0.18809999999999999,0,True,
benchmark,601,q7_products_join_sellers,0.74570000000000003,1,True,
benchmark,602,q7_products_join_sellers,0.45810000000000001,1,True,
benchmark,603,q7_products_join_sellers,0.4335,1,True,
benchmark,604,q7_products_join_sellers,0.53420000000000001,2,True,
benchmark,605,q7_products_join_sellers,0.219,0,True,
benchmark,606,q7_products_join_sellers,0.53420000000000001,1,True,
benchmark,607,q7_products_join_sellers,0.52239999999999998,1,True,
benchmark,608,q7_products_join_sellers,0.43219999999999997,1,True,
benchmark,609,q7_products_join_sellers,0.2064,0,True,
benchmark,610,q7_products_join_sellers,0.55879999999999996,1,True,
benchmark,611,q7_products_join_sellers,0.47070000000000001,1,True,
benchmark,612,q7_products_join_sellers,0.81869999999999998,4,True,
benchmark,613,q7_products_join_sellers,0.48430000000000001,4,True,
benchmark,614,q7_products_join_sellers,0.46960000000000002,2,True,
benchmark,615,q7_products_join_sellers,0.26550000000000001,0,True,
benchmark,616,q7_products_join_sellers,0.2346,0,True,
benchmark,617,q7_products_join_sellers,0.42720000000000002,1,True,
benchmark,618,q7_products_join_sellers,0.20019999999999999,0,True,
benchmark,619,q7_products_join_sellers,0.20469999999999999,0,True,
benchmark,620,q7_products_join_sellers,0.64500000000000002,3,True,
benchmark,621,q7_products_join_sellers,0.22159999999999999,0,True,
benchmark,622,q7_products_join_sellers,0.40799999999999997,1,True,
benchmark,623,q7_products_join_sellers,0.17499999999999999,0,True,
benchmark,624,q7_products_join_sellers,0.1802,0,True,
benchmark,625,q7_products_join_sellers,0.19980000000000001,0,True,
benchmark,626,q7_products_join_sellers,0.17929999999999999,0,True,
benchmark,627,q7_products_join_sellers,0.32569999999999999,1,True,
benchmark,628,q7_products_join_sellers,0.32219999999999999,1,True,
benchmark,629,q7_products_join_sellers,0.18129999999999999,0,True,
benchmark,630,q7_products_join_sellers,0.33750000000000002,2,True,
benchmark,631,q7_products_join_sellers,0.17660000000000001,0,True,
benchmark,632,q7_products_join_sellers,0.3402,1,True,
benchmark,633,q7_products_join_sellers,0.32650000000000001,1,True,
benchmark,634,q7_products_join_sellers,0.32550000000000001,1,True,
benchmark,635,q7_products_join_sellers,0.33889999999999998,1,True,
benchmark,636,q7_products_join_sellers,0.34860000000000002,1,True,
benchmark,637,q7_products_join_sellers,0.1832,0,True,
benchmark,638,q7_products_join_sellers,0.20419999999999999,0,True,
benchmark,639,q7_products_join_sellers,0.42599999999999999,3,True,
benchmark,640,q7_products_join_sellers,0.3392,1,True,
benchmark,641,q7_products_join_sellers,0.33739999999999998,2,True,
benchmark,642,q7_products_join_sellers,0.37819999999999998,1,True,
benchmark,643,q7_products_join_sellers,0.17150000000000001,0,True,
benchmark,644,q7_products_join_sellers,0.16900000000000001,0,True,
benchmark,645,q7_products_join_sellers,0.47799999999999998,1,True,
benchmark,646,q7_products_join_sellers,0.3579,3,True,
benchmark,647,q7_products_join_sellers,0.34100000000000003,1,True,
benchmark,648,q7_products_join_sellers,0.1787,0,True,
benchmark,649,q7_products_join_sellers,0.1729,0,True,
benchmark,650,q7_products_join_sellers,0.35270000000000001,1,True,
benchmark,651,q7_products_join_sellers,0.42670000000000002,2,True,
benchmark,652,q7_products_join_sellers,0.17860000000000001,0,True,
benchmark,653,q7_products_join_sellers,0.18129999999999999,0,True,
benchmark,654,q7_products_join_sellers,0.33960000000000001,2,True,
benchmark,655,q7_products_join_sellers,0.34329999999999999,2,True,
benchmark,656,q7_products_join_sellers,0.31469999999999998,1,True,
benchmark,657,q7_products_join_sellers,0.31030000000000002,1,True,
benchmark,658,q7_products_join_sellers,0.1764,0,True,
benchmark,659,q7_products_join_sellers,0.35249999999999998,2,True,
benchmark,660,q7_products_join_sellers,0.3231,1,True,
benchmark,661,q7_products_join_sellers,0.32819999999999999,1,True,
benchmark,662,q7_products_join_sellers,0.34329999999999999,3,True,
benchmark,663,q7_products_join_sellers,0.17660000000000001,0,True,
benchmark,664,q7_products_join_sellers,0.3382,3,True,
benchmark,665,q7_products_join_sellers,0.30320000000000003,1,True,
benchmark,666,q7_products_join_sellers,0.33110000000000001,2,True,
benchmark,667,q7_products_join_sellers,0.17519999999999999,0,True,
benchmark,668,q7_products_join_sellers,0.34339999999999998,2,True,
benchmark,669,q7_products_join_sellers,0.29770000000000002,1,True,
benchmark,670,q7_products_join_sellers,0.19,0,True,
benchmark,671,q7_products_join_sellers,0.17630000000000001,0,True,
benchmark,672,q7_products_join_sellers,0.23699999999999999,0,True,
benchmark,673,q7_products_join_sellers,0.38919999999999999,2,True,
benchmark,674,q7_products_join_sellers,0.2455,0,True,
benchmark,675,q7_products_join_sellers,0.39660000000000001,1,True,
benchmark,676,q7_products_join_sellers,0.3881,1,True,
benchmark,677,q7_products_join_sellers,0.18240000000000001,0,True,
benchmark,678,q7_products_join_sellers,0.33439999999999998,2,True,
benchmark,679,q7_products_join_sellers,0.16420000000000001,0,True,
benchmark,680,q7_products_join_sellers,0.34789999999999999,1,True,
benchmark,681,q7_products_join_sellers,0.31330000000000002,1,True,
benchmark,682,q7_products_join_sellers,0.3493,2,True,
benchmark,683,q7_products_join_sellers,0.33300000000000002,2,True,
benchmark,684,q7_products_join_sellers,0.36349999999999999,4,True,
benchmark,685,q7_products_join_sellers,0.34670000000000001,2,True,
benchmark,686,q7_products_join_sellers,0.1762,0,True,
benchmark,687,q7_products_join_sellers,0.1741,0,True,
benchmark,688,q7_products_join_sellers,0.33100000000000002,2,True,
benchmark,689,q7_products_join_sellers,0.31159999999999999,1,True,
benchmark,690,q7_products_join_sellers,0.32029999999999997,2,True,
benchmark,691,q7_products_join_sellers,0.32190000000000002,2,True,
benchmark,692,q7_products_join_sellers,0.17369999999999999,0,True,
benchmark,693,q7_products_join_sellers,0.32369999999999999,2,True,
benchmark,694,q7_products_join_sellers,0.36520000000000002,1,True,
benchmark,695,q7_products_join_sellers,0.32800000000000001,2,True,
benchmark,696,q7_products_join_sellers,0.17269999999999999,0,True,
benchmark,697,q7_products_join_sellers,0.37059999999999998,1,True,
benchmark,698,q7_products_join_sellers,0.17929999999999999,0,True,
benchmark,699,q7_products_join_sellers,0.40539999999999998,2,True,
benchmark,700,q7_products_join_sellers,0.19769999999999999,0,True,
benchmark,701,q7_products_join_sellers,0.66949999999999998,1,True,
benchmark,702,q7_products_join_sellers,0.35439999999999999,1,True,
benchmark,703,q7_products_join_sellers,0.33350000000000002,1,True,
benchmark,704,q7_products_join_sellers,0.34079999999999999,2,True,
benchmark,705,q7_products_join_sellers,0.16800000000000001,0,True,
benchmark,706,q7_products_join_sellers,0.36919999999999997,1,True,
benchmark,707,q7_products_join_sellers,0.36699999999999999,1,True,
benchmark,708,q7_products_join_sellers,0.32900000000000001,1,True,
benchmark,709,q7_products_join_sellers,0.16619999999999999,0,True,
benchmark,710,q7_products_join_sellers,0.46300000000000002,1,True,
benchmark,711,q7_products_join_sellers,0.33040000000000003,1,True,
benchmark,712,q7_products_join_sellers,0.3377,4,True,
benchmark,713,q7_products_join_sellers,0.36249999999999999,4,True,
benchmark,714,q7_products_join_sellers,0.31440000000000001,2,True,
benchmark,715,q7_products_join_sellers,0.16689999999999999,0,True,
benchmark,716,q7_products_join_sellers,0.16830000000000001,0,True,
benchmark,717,q7_products_join_sellers,0.312,1,True,
benchmark,718,q7_products_join_sellers,0.1694,0,True,
benchmark,719,q7_products_join_sellers,0.16819999999999999,0,True,
benchmark,720,q7_products_join_sellers,0.311,3,True,
benchmark,721,q7_products_join_sellers,0.16089999999999999,0,True,
benchmark,722,q7_products_join_sellers,0.32340000000000002,1,True,
benchmark,723,q7_products_join_sellers,0.159,0,True,
benchmark,724,q7_products_join_sellers,0.1605,0,True,
benchmark,725,q7_products_join_sellers,0.16739999999999999,0,True,
benchmark,726,q7_products_join_sellers,0.15909999999999999,0,True,
benchmark,727,q7_products_join_sellers,0.28999999999999998,1,True,
benchmark,728,q7_products_join_sellers,0.31490000000000001,1,True,
benchmark,729,q7_products_join_sellers,0.17319999999999999,0,True,
benchmark,730,q7_products_join_sellers,0.33129999999999998,2,True,
benchmark,731,q7_products_join_sellers,0.1802,0,True,
benchmark,732,q7_products_join_sellers,0.34870000000000001,1,True,
benchmark,733,q7_products_join_sellers,0.32350000000000001,1,True,
benchmark,734,q7_products_join_sellers,0.31440000000000001,1,True,
benchmark,735,q7_products_join_sellers,0.3715,1,True,
benchmark,736,q7_products_join_sellers,0.33810000000000001,1,True,
benchmark,737,q7_products_join_sellers,0.1734,0,True,
benchmark,738,q7_products_join_sellers,0.16889999999999999,0,True,
benchmark,739,q7_products_join_sellers,0.36599999999999999,3,True,
benchmark,740,q7_products_join_sellers,0.34949999999999998,1,True,
benchmark,741,q7_products_join_sellers,0.32919999999999999,2,True,
benchmark,742,q7_products_join_sellers,0.35849999999999999,1,True,
benchmark,743,q7_products_join_sellers,0.19089999999999999,0,True,
benchmark,744,q7_products_join_sellers,0.1704,0,True,
benchmark,745,q7_products_join_sellers,0.42720000000000002,1,True,
benchmark,746,q7_products_join_sellers,0.37240000000000001,3,True,
benchmark,747,q7_products_join_sellers,0.318,1,True,
benchmark,748,q7_products_join_sellers,0.1807,0,True,
benchmark,749,q7_products_join_sellers,0.18690000000000001,0,True,
benchmark,750,q7_products_join_sellers,0.32950000000000002,1,True,
benchmark,751,q7_products_join_sellers,0.39250000000000002,2,True,
benchmark,752,q7_products_join_sellers,0.1653,0,True,
benchmark,753,q7_products_join_sellers,0.17960000000000001,0,True,
benchmark,754,q7_products_join_sellers,0.34350000000000003,2,True,
benchmark,755,q7_products_join_sellers,0.33200000000000002,2,True,
benchmark,756,q7_products_join_sellers,0.33710000000000001,1,True,
benchmark,757,q7_products_join_sellers,0.32740000000000002,1,True,
benchmark,758,q7_products_join_sellers,0.17749999999999999,0,True,
benchmark,759,q7_products_join_sellers,0.33360000000000001,2,True,
benchmark,760,q7_products_join_sellers,0.34110000000000001,1,True,
benchmark,761,q7_products_join_sellers,0.31030000000000002,1,True,
benchmark,762,q7_products_join_sellers,0.33589999999999998,3,True,
benchmark,763,q7_products_join_sellers,0.17130000000000001,0,True,
benchmark,764,q7_products_join_sellers,0.38009999999999999,3,True,
benchmark,765,q7_products_join_sellers,0.35809999999999997,1,True,
benchmark,766,q7_products_join_sellers,0.3463,2,True,
benchmark,767,q7_products_join_sellers,0.1762,0,True,
benchmark,768,q7_products_join_sellers,0.30780000000000002,2,True,
benchmark,769,q7_products_join_sellers,0.36099999999999999,1,True,
benchmark,770,q7_products_join_sellers,0.17280000000000001,0,True,
benchmark,771,q7_products_join_sellers,0.17519999999999999,0,True,
benchmark,772,q7_products_join_sellers,0.18729999999999999,0,True,
benchmark,773,q7_products_join_sellers,0.33560000000000001,2,True,
benchmark,774,q7_products_join_sellers,0.1646,0,True,
benchmark,775,q7_products_join_sellers,0.33100000000000002,1,True,
benchmark,776,q7_products_join_sellers,0.29930000000000001,1,True,
benchmark,777,q7_products_join_sellers,0.1676,0,True,
benchmark,778,q7_products_join_sellers,0.32769999999999999,2,True,
benchmark,779,q7_products_join_sellers,0.1762,0,True,
benchmark,780,q7_products_join_sellers,0.33250000000000002,1,True,
benchmark,781,q7_products_join_sellers,0.33939999999999998,1,True,
benchmark,782,q7_products_join_sellers,0.34370000000000001,2,True,
benchmark,783,q7_products_join_sellers,0.30420000000000003,2,True,
benchmark,784,q7_products_join_sellers,0.34749999999999998,4,True,
benchmark,785,q7_products_join_sellers,0.33750000000000002,2,True,
benchmark,786,q7_products_join_sellers,0.183,0,True,
benchmark,787,q7_products_join_sellers,0.1754,0,True,
benchmark,788,q7_products_join_sellers,0.33450000000000002,2,True,
benchmark,789,q7_products_join_sellers,0.32019999999999998,1,True,
benchmark,790,q7_products_join_sellers,0.32269999999999999,2,True,
benchmark,791,q7_products_join_sellers,0.29820000000000002,2,True,
benchmark,792,q7_products_join_sellers,0.18010000000000001,0,True,
benchmark,793,q7_products_join_sellers,0.33260000000000001,2,True,
benchmark,794,q7_products_join_sellers,0.3165,1,True,
benchmark,795,q7_products_join_sellers,0.3226,2,True,
benchmark,796,q7_products_join_sellers,0.17000000000000001,0,True,
benchmark,797,q7_products_join_sellers,0.37619999999999998,1,True,
benchmark,798,q7_products_join_sellers,0.17349999999999999,0,True,
benchmark,799,q7_products_join_sellers,0.39750000000000002,2,True,
benchmark,800,q7_products_join_sellers,0.20280000000000001,0,True,
benchmark,801,q7_products_join_sellers,0.78339999999999999,1,True,
benchmark,802,q7_products_join_sellers,0.36599999999999999,1,True,
benchmark,803,q7_products_join_sellers,0.34260000000000002,1,True,
benchmark,804,q7_products_join_sellers,0.34150000000000003,2,True,
benchmark,805,q7_products_join_sellers,0.17249999999999999,0,True,
benchmark,806,q7_products_join_sellers,0.3513,1,True,
benchmark,807,q7_products_join_sellers,0.34210000000000002,1,True,
benchmark,808,q7_products_join_sellers,0.34760000000000002,1,True,
benchmark,809,q7_products_join_sellers,0.18970000000000001,0,True,
benchmark,810,q7_products_join_sellers,0.32419999999999999,1,True,
benchmark,811,q7_products_join_sellers,0.30520000000000003,1,True,
benchmark,812,q7_products_join_sellers,0.33129999999999998,4,True,
benchmark,813,q7_products_join_sellers,0.3589,4,True,
benchmark,814,q7_products_join_sellers,0.32500000000000001,2,True,
benchmark,815,q7_products_join_sellers,0.20660000000000001,0,True,
benchmark,816,q7_products_join_sellers,0.18759999999999999,0,True,
benchmark,817,q7_products_join_sellers,0.33050000000000002,1,True,
benchmark,818,q7_products_join_sellers,0.18679999999999999,0,True,
benchmark,819,q7_products_join_sellers,0.17219999999999999,0,True,
benchmark,820,q7_products_join_sellers,0.36359999999999998,3,True,
benchmark,821,q7_products_join_sellers,0.1666,0,True,
benchmark,822,q7_products_join_sellers,0.33650000000000002,1,True,
benchmark,823,q7_products_join_sellers,1.3944000000000001,0,True,
benchmark,824,q7_products_join_sellers,0.1802,0,True,
benchmark,825,q7_products_join_sellers,0.18149999999999999,0,True,
benchmark,826,q7_products_join_sellers,0.1807,0,True,
benchmark,827,q7_products_join_sellers,0.34000000000000002,1,True,
benchmark,828,q7_products_join_sellers,0.32500000000000001,1,True,
benchmark,829,q7_products_join_sellers,0.16750000000000001,0,True,
benchmark,830,q7_products_join_sellers,0.32569999999999999,2,True,
benchmark,831,q7_products_join_sellers,0.1741,0,True,
benchmark,832,q7_products_join_sellers,0.34570000000000001,1,True,
benchmark,833,q7_products_join_sellers,0.32169999999999999,1,True,
benchmark,834,q7_products_join_sellers,0.30709999999999998,1,True,
benchmark,835,q7_products_join_sellers,0.32919999999999999,1,True,
benchmark,836,q7_products_join_sellers,0.32569999999999999,1,True,
benchmark,837,q7_products_join_sellers,0.1658,0,True,
benchmark,838,q7_products_join_sellers,0.1779,0,True,
benchmark,839,q7_products_join_sellers,0.33779999999999999,3,True,
benchmark,840,q7_products_join_sellers,0.3155,1,True,
benchmark,841,q7_products_join_sellers,0.32790000000000002,2,True,
benchmark,842,q7_products_join_sellers,0.30049999999999999,1,True,
benchmark,843,q7_products_join_sellers,0.21490000000000001,0,True,
benchmark,844,q7_products_join_sellers,0.2074,0,True,
benchmark,845,q7_products_join_sellers,0.32329999999999998,1,True,
benchmark,846,q7_products_join_sellers,0.42870000000000003,3,True,
benchmark,847,q7_products_join_sellers,0.41339999999999999,1,True,
benchmark,848,q7_products_join_sellers,0.17929999999999999,0,True,
benchmark,849,q7_products_join_sellers,0.17849999999999999,0,True,
benchmark,850,q7_products_join_sellers,0.34420000000000001,1,True,
benchmark,851,q7_products_join_sellers,0.40279999999999999,2,True,
benchmark,852,q7_products_join_sellers,0.18179999999999999,0,True,
benchmark,853,q7_products_join_sellers,0.17760000000000001,0,True,
benchmark,854,q7_products_join_sellers,0.33610000000000001,2,True,
benchmark,855,q7_products_join_sellers,0.33200000000000002,2,True,
benchmark,856,q7_products_join_sellers,0.31369999999999998,1,True,
benchmark,857,q7_products_join_sellers,0.32129999999999997,1,True,
benchmark,858,q7_products_join_sellers,0.15939999999999999,0,True,
benchmark,859,q7_products_join_sellers,0.30840000000000001,2,True,
benchmark,860,q7_products_join_sellers,0.31709999999999999,1,True,
benchmark,861,q7_products_join_sellers,0.31480000000000002,1,True,
benchmark,862,q7_products_join_sellers,0.34549999999999997,3,True,
benchmark,863,q7_products_join_sellers,0.16880000000000001,0,True,
benchmark,864,q7_products_join_sellers,0.32329999999999998,3,True,
benchmark,865,q7_products_join_sellers,0.31990000000000002,1,True,
benchmark,866,q7_products_join_sellers,0.33150000000000002,2,True,
benchmark,867,q7_products_join_sellers,0.17560000000000001,0,True,
benchmark,868,q7_products_join_sellers,0.32490000000000002,2,True,
benchmark,869,q7_products_join_sellers,0.3216,1,True,
benchmark,870,q7_products_join_sellers,0.1759,0,True,
benchmark,871,q7_products_join_sellers,0.22969999999999999,0,True,
benchmark,872,q7_products_join_sellers,0.1797,0,True,
benchmark,873,q7_products_join_sellers,0.3125,2,True,
benchmark,874,q7_products_join_sellers,0.16950000000000001,0,True,
benchmark,875,q7_products_join_sellers,0.36870000000000003,1,True,
benchmark,876,q7_products_join_sellers,0.3841,1,True,
benchmark,877,q7_products_join_sellers,0.19339999999999999,0,True,
benchmark,878,q7_products_join_sellers,0.37180000000000002,2,True,
benchmark,879,q7_products_join_sellers,0.17080000000000001,0,True,
benchmark,880,q7_products_join_sellers,0.31730000000000003,1,True,
benchmark,881,q7_products_join_sellers,0.32529999999999998,1,True,
benchmark,882,q7_products_join_sellers,0.34720000000000001,2,True,
benchmark,883,q7_products_join_sellers,0.31590000000000001,2,True,
benchmark,884,q7_products_join_sellers,0.33200000000000002,4,True,
benchmark,885,q7_products_join_sellers,0.29709999999999998,2,True,
benchmark,886,q7_products_join_sellers,0.17230000000000001,0,True,
benchmark,887,q7_products_join_sellers,0.17000000000000001,0,True,
benchmark,888,q7_products_join_sellers,0.3261,2,True,
benchmark,889,q7_products_join_sellers,0.32719999999999999,1,True,
benchmark,890,q7_products_join_sellers,0.32669999999999999,2,True,
benchmark,891,q7_products_join_sellers,0.3276,2,True,
benchmark,892,q7_products_join_sellers,0.1701,0,True,
benchmark,893,q7_products_join_sellers,0.32640000000000002,2,True,
benchmark,894,q7_products_join_sellers,0.34250000000000003,1,True,
benchmark,895,q7_products_join_sellers,0.33400000000000002,2,True,
benchmark,896,q7_products_join_sellers,0.17469999999999999,0,True,
benchmark,897,q7_products_join_sellers,0.32150000000000001,1,True,
benchmark,898,q7_products_join_sellers,0.17299999999999999,0,True,
benchmark,899,q7_products_join_sellers,0.44869999999999999,2,True,
benchmark,900,q7_products_join_sellers,0.16930000000000001,0,True,
benchmark,901,q7_products_join_sellers,0.78000000000000003,1,True,
benchmark,902,q7_products_join_sellers,0.373,1,True,
benchmark,903,q7_products_join_sellers,0.37169999999999997,1,True,
benchmark,904,q7_products_join_sellers,0.3609,2,True,
benchmark,905,q7_products_join_sellers,0.18060000000000001,0,True,
benchmark,906,q7_products_join_sellers,0.31130000000000002,1,True,
benchmark,907,q7_products_join_sellers,0.34549999999999997,1,True,
benchmark,908,q7_products_join_sellers,0.31830000000000003,1,True,
benchmark,909,q7_products_join_sellers,0.17119999999999999,0,True,
benchmark,910,q7_products_join_sellers,0.34399999999999997,1,True,
benchmark,911,q7_products_join_sellers,0.32950000000000002,1,True,
benchmark,912,q7_products_join_sellers,0.35299999999999998,4,True,
benchmark,913,q7_products_join_sellers,0.32650000000000001,4,True,
benchmark,914,q7_products_join_sellers,0.3347,2,True,
benchmark,915,q7_products_join_sellers,0.17660000000000001,0,True,
benchmark,916,q7_products_join_sellers,0.186,0,True,
benchmark,917,q7_products_join_sellers,0.3427,1,True,
benchmark,918,q7_products_join_sellers,0.20039999999999999,0,True,
benchmark,919,q7_products_join_sellers,0.17199999999999999,0,True,
benchmark,920,q7_products_join_sellers,0.35899999999999999,3,True,
benchmark,921,q7_products_join_sellers,0.16800000000000001,0,True,
benchmark,922,q7_products_join_sellers,0.30630000000000002,1,True,
benchmark,923,q7_products_join_sellers,0.1716,0,True,
benchmark,924,q7_products_join_sellers,0.17599999999999999,0,True,
benchmark,925,q7_products_join_sellers,0.1741,0,True,
benchmark,926,q7_products_join_sellers,0.17249999999999999,0,True,
benchmark,927,q7_products_join_sellers,0.32850000000000001,1,True,
benchmark,928,q7_products_join_sellers,0.36620000000000003,1,True,
benchmark,929,q7_products_join_sellers,0.1716,0,True,
benchmark,930,q7_products_join_sellers,0.33750000000000002,2,True,
benchmark,931,q7_products_join_sellers,0.22359999999999999,0,True,
benchmark,932,q7_products_join_sellers,0.311,1,True,
benchmark,933,q7_products_join_sellers,0.31480000000000002,1,True,
benchmark,934,q7_products_join_sellers,0.31509999999999999,1,True,
benchmark,935,q7_products_join_sellers,0.30630000000000002,1,True,
benchmark,936,q7_products_join_sellers,0.31890000000000002,1,True,
benchmark,937,q7_products_join_sellers,0.1749,0,True,
benchmark,938,q7_products_join_sellers,0.16819999999999999,0,True,
benchmark,939,q7_products_join_sellers,0.32829999999999998,3,True,
benchmark,940,q7_products_join_sellers,0.313,1,True,
benchmark,941,q7_products_join_sellers,0.3352,2,True,
benchmark,942,q7_products_join_sellers,0.32219999999999999,1,True,
benchmark,943,q7_products_join_sellers,0.17299999999999999,0,True,
benchmark,944,q7_products_join_sellers,0.18060000000000001,0,True,
benchmark,945,q7_products_join_sellers,0.32190000000000002,1,True,
benchmark,946,q7_products_join_sellers,0.33179999999999998,3,True,
benchmark,947,q7_products_join_sellers,0.30990000000000001,1,True,
benchmark,948,q7_products_join_sellers,0.1721,0,True,
benchmark,949,q7_products_join_sellers,0.18629999999999999,0,True,
benchmark,950,q7_products_join_sellers,0.31979999999999997,1,True,
benchmark,951,q7_products_join_sellers,0.54590000000000005,2,True,
benchmark,952,q7_products_join_sellers,0.18870000000000001,0,True,
benchmark,953,q7_products_join_sellers,0.19289999999999999,0,True,
benchmark,954,q7_products_join_sellers,0.33489999999999998,2,True,
benchmark,955,q7_products_join_sellers,0.44650000000000001,2,True,
benchmark,956,q7_products_join_sellers,0.32400000000000001,1,True,
benchmark,957,q7_products_join_sellers,0.4012,1,True,
benchmark,958,q7_products_join_sellers,0.19589999999999999,0,True,
benchmark,959,q7_products_join_sellers,0.3322,2,True,
benchmark,960,q7_products_join_sellers,0.31609999999999999,1,True,
benchmark,961,q7_products_join_sellers,0.30909999999999999,1,True,
benchmark,962,q7_products_join_sellers,0.3397,3,True,
benchmark,963,q7_products_join_sellers,0.20050000000000001,0,True,
benchmark,964,q7_products_join_sellers,0.318,3,True,
benchmark,965,q7_products_join_sellers,0.33200000000000002,1,True,
benchmark,966,q7_products_join_sellers,0.314,2,True,
benchmark,967,q7_products_join_sellers,0.16750000000000001,0,True,
benchmark,968,q7_products_join_sellers,0.32450000000000001,2,True,
benchmark,969,q7_products_join_sellers,0.33150000000000002,1,True,
benchmark,970,q7_products_join_sellers,0.1734,0,True,
benchmark,971,q7_products_join_sellers,0.1804,0,True,
benchmark,972,q7_products_join_sellers,0.187,0,True,
benchmark,973,q7_products_join_sellers,0.3412,2,True,
benchmark,974,q7_products_join_sellers,0.17249999999999999,0,True,
benchmark,975,q7_products_join_sellers,0.30349999999999999,1,True,
benchmark,976,q7_products_join_sellers,0.316,1,True,
benchmark,977,q7_products_join_sellers,0.1996,0,True,
benchmark,978,q7_products_join_sellers,0.33810000000000001,2,True,
benchmark,979,q7_products_join_sellers,0.19270000000000001,0,True,
benchmark,980,q7_products_join_sellers,0.31019999999999998,1,True,
benchmark,981,q7_products_join_sellers,0.30780000000000002,1,True,
benchmark,982,q7_products_join_sellers,0.30990000000000001,2,True,
benchmark,983,q7_products_join_sellers,0.31809999999999999,2,True,
benchmark,984,q7_products_join_sellers,0.36220000000000002,4,True,
benchmark,985,q7_products_join_sellers,0.33700000000000002,2,True,
benchmark,986,q7_products_join_sellers,0.18049999999999999,0,True,
benchmark,987,q7_products_join_sellers,0.17199999999999999,0,True,
benchmark,988,q7_products_join_sellers,0.30009999999999998,2,True,
benchmark,989,q7_products_join_sellers,0.32090000000000002,1,True,
benchmark,990,q7_products_join_sellers,0.31950000000000001,2,True,
benchmark,991,q7_products_join_sellers,0.31359999999999999,2,True,
benchmark,992,q7_products_join_sellers,0.17949999999999999,0,True,
benchmark,993,q7_products_join_sellers,0.31719999999999998,2,True,
benchmark,994,q7_products_join_sellers,0.3286,1,True,
benchmark,995,q7_products_join_sellers,0.32990000000000003,2,True,
benchmark,996,q7_products_join_sellers,0.18229999999999999,0,True,
benchmark,997,q7_products_join_sellers,0.31219999999999998,1,True,
benchmark,998,q7_products_join_sellers,0.1822,0,True,
benchmark,999,q7_products_join_sellers,0.3251,2,True,
benchmark,1000,q7_products_join_sellers,0.18290000000000001,0,True,
benchmark,1,q8_order_items_join_products,0.82940000000000003,1,True,
benchmark,2,q8_order_items_join_products,0.47599999999999998,3,True,
benchmark,3,q8_order_items_join_products,0.47549999999999998,4,True,
benchmark,4,q8_order_items_join_products,0.43480000000000002,3,True,
benchmark,5,q8_order_items_join_products,0.4592,4,True,
benchmark,6,q8_order_items_join_products,0.50049999999999994,5,True,
benchmark,7,q8_order_items_join_products,0.48820000000000002,5,True,
benchmark,8,q8_order_items_join_products,0.43369999999999997,2,True,
benchmark,9,q8_order_items_join_products,0.42280000000000001,2,True,
benchmark,10,q8_order_items_join_products,0.3967,2,True,
benchmark,11,q8_order_items_join_products,0.37969999999999998,1,True,
benchmark,12,q8_order_items_join_products,0.46100000000000002,4,True,
benchmark,13,q8_order_items_join_products,0.3695,1,True,
benchmark,14,q8_order_items_join_products,0.39660000000000001,1,True,
benchmark,15,q8_order_items_join_products,0.38969999999999999,1,True,
benchmark,16,q8_order_items_join_products,0.44969999999999999,4,True,
benchmark,17,q8_order_items_join_products,0.43480000000000002,2,True,
benchmark,18,q8_order_items_join_products,0.52800000000000002,4,True,
benchmark,19,q8_order_items_join_products,0.46279999999999999,5,True,
benchmark,20,q8_order_items_join_products,0.47510000000000002,4,True,
benchmark,21,q8_order_items_join_products,0.49220000000000003,2,True,
benchmark,22,q8_order_items_join_products,0.49859999999999999,5,True,
benchmark,23,q8_order_items_join_products,0.43059999999999998,4,True,
benchmark,24,q8_order_items_join_products,0.42549999999999999,5,True,
benchmark,25,q8_order_items_join_products,0.39500000000000002,1,True,
benchmark,26,q8_order_items_join_products,0.41099999999999998,2,True,
benchmark,27,q8_order_items_join_products,0.38979999999999998,1,True,
benchmark,28,q8_order_items_join_products,0.40439999999999998,1,True,
benchmark,29,q8_order_items_join_products,0.44009999999999999,3,True,
benchmark,30,q8_order_items_join_products,0.39000000000000001,1,True,
benchmark,31,q8_order_items_join_products,0.36159999999999998,1,True,
benchmark,32,q8_order_items_join_products,0.40649999999999997,3,True,
benchmark,33,q8_order_items_join_products,0.40400000000000003,3,True,
benchmark,34,q8_order_items_join_products,0.46879999999999999,5,True,
benchmark,35,q8_order_items_join_products,0.40450000000000003,2,True,
benchmark,36,q8_order_items_join_products,0.4975,1,True,
benchmark,37,q8_order_items_join_products,0.57599999999999996,5,True,
benchmark,38,q8_order_items_join_products,0.44400000000000001,1,True,
benchmark,39,q8_order_items_join_products,0.45979999999999999,2,True,
benchmark,40,q8_order_items_join_products,0.45029999999999998,5,True,
benchmark,41,q8_order_items_join_products,0.36820000000000003,1,True,
benchmark,42,q8_order_items_join_products,0.4163,2,True,
benchmark,43,q8_order_items_join_products,0.41149999999999998,1,True,
benchmark,44,q8_order_items_join_products,0.38290000000000002,2,True,
benchmark,45,q8_order_items_join_products,0.4284,4,True,
benchmark,46,q8_order_items_join_products,0.36009999999999998,2,True,
benchmark,47,q8_order_items_join_products,0.41010000000000002,2,True,
benchmark,48,q8_order_items_join_products,0.41689999999999999,3,True,
benchmark,49,q8_order_items_join_products,0.36459999999999998,1,True,
benchmark,50,q8_order_items_join_products,0.4587,4,True,
benchmark,51,q8_order_items_join_products,0.47670000000000001,3,True,
benchmark,52,q8_order_items_join_products,0.37430000000000002,1,True,
benchmark,53,q8_order_items_join_products,0.43759999999999999,4,True,
benchmark,54,q8_order_items_join_products,0.4143,4,True,
benchmark,55,q8_order_items_join_products,0.3775,2,True,
benchmark,56,q8_order_items_join_products,0.4108,2,True,
benchmark,57,q8_order_items_join_products,0.41770000000000002,4,True,
benchmark,58,q8_order_items_join_products,0.3906,1,True,
benchmark,59,q8_order_items_join_products,0.45750000000000002,1,True,
benchmark,60,q8_order_items_join_products,0.41199999999999998,3,True,
benchmark,61,q8_order_items_join_products,0.40820000000000001,3,True,
benchmark,62,q8_order_items_join_products,0.47110000000000002,4,True,
benchmark,63,q8_order_items_join_products,0.36599999999999999,1,True,
benchmark,64,q8_order_items_join_products,0.43359999999999999,3,True,
benchmark,65,q8_order_items_join_products,0.40260000000000001,4,True,
benchmark,66,q8_order_items_join_products,0.4037,2,True,
benchmark,67,q8_order_items_join_products,0.42559999999999998,3,True,
benchmark,68,q8_order_items_join_products,0.37869999999999998,5,True,
benchmark,69,q8_order_items_join_products,0.38629999999999998,2,True,
benchmark,70,q8_order_items_join_products,0.41170000000000001,5,True,
benchmark,71,q8_order_items_join_products,0.47649999999999998,5,True,
benchmark,72,q8_order_items_join_products,0.4451,5,True,
benchmark,73,q8_order_items_join_products,0.4052,4,True,
benchmark,74,q8_order_items_join_products,0.41649999999999998,4,True,
benchmark,75,q8_order_items_join_products,0.4924,3,True,
benchmark,76,q8_order_items_join_products,0.43180000000000002,1,True,
benchmark,77,q8_order_items_join_products,0.47049999999999997,4,True,
benchmark,78,q8_order_items_join_products,0.40960000000000002,1,True,
benchmark,79,q8_order_items_join_products,0.41239999999999999,4,True,
benchmark,80,q8_order_items_join_products,0.3624,2,True,
benchmark,81,q8_order_items_join_products,0.37759999999999999,1,True,
benchmark,82,q8_order_items_join_products,0.38929999999999998,1,True,
benchmark,83,q8_order_items_join_products,0.4133,3,True,
benchmark,84,q8_order_items_join_products,0.37069999999999997,3,True,
benchmark,85,q8_order_items_join_products,0.48659999999999998,4,True,
benchmark,86,q8_order_items_join_products,0.45850000000000002,5,True,
benchmark,87,q8_order_items_join_products,0.35580000000000001,1,True,
benchmark,88,q8_order_items_join_products,0.41820000000000002,3,True,
benchmark,89,q8_order_items_join_products,0.38790000000000002,4,True,
benchmark,90,q8_order_items_join_products,0.41860000000000003,4,True,
benchmark,91,q8_order_items_join_products,0.41999999999999998,5,True,
benchmark,92,q8_order_items_join_products,0.41599999999999998,4,True,
benchmark,93,q8_order_items_join_products,0.36230000000000001,1,True,
benchmark,94,q8_order_items_join_products,0.4178,5,True,
benchmark,95,q8_order_items_join_products,0.42820000000000003,5,True,
benchmark,96,q8_order_items_join_products,0.36620000000000003,3,True,
benchmark,97,q8_order_items_join_products,0.44829999999999998,4,True,
benchmark,98,q8_order_items_join_products,0.42820000000000003,4,True,
benchmark,99,q8_order_items_join_products,0.42849999999999999,3,True,
benchmark,100,q8_order_items_join_products,0.36870000000000003,4,True,
benchmark,101,q8_order_items_join_products,0.7198,2,True,
benchmark,102,q8_order_items_join_products,0.44669999999999999,3,True,
benchmark,103,q8_order_items_join_products,0.4672,5,True,
benchmark,104,q8_order_items_join_products,0.41720000000000002,4,True,
benchmark,105,q8_order_items_join_products,0.42030000000000001,5,True,
benchmark,106,q8_order_items_join_products,0.4168,5,True,
benchmark,107,q8_order_items_join_products,0.43769999999999998,5,True,
benchmark,108,q8_order_items_join_products,0.39850000000000002,3,True,
benchmark,109,q8_order_items_join_products,0.63419999999999999,3,True,
benchmark,110,q8_order_items_join_products,0.36330000000000001,1,True,
benchmark,111,q8_order_items_join_products,0.39850000000000002,1,True,
benchmark,112,q8_order_items_join_products,0.46789999999999998,3,True,
benchmark,113,q8_order_items_join_products,0.57620000000000005,1,True,
benchmark,114,q8_order_items_join_products,0.45240000000000002,4,True,
benchmark,115,q8_order_items_join_products,0.36659999999999998,1,True,
benchmark,116,q8_order_items_join_products,0.4037,2,True,
benchmark,117,q8_order_items_join_products,0.37669999999999998,2,True,
benchmark,118,q8_order_items_join_products,0.4304,4,True,
benchmark,119,q8_order_items_join_products,0.44400000000000001,5,True,
benchmark,120,q8_order_items_join_products,0.40250000000000002,3,True,
benchmark,121,q8_order_items_join_products,0.4012,4,True,
benchmark,122,q8_order_items_join_products,0.37930000000000003,3,True,
benchmark,123,q8_order_items_join_products,0.37480000000000002,2,True,
benchmark,124,q8_order_items_join_products,0.39700000000000002,3,True,
benchmark,125,q8_order_items_join_products,0.38979999999999998,2,True,
benchmark,126,q8_order_items_join_products,0.37019999999999997,1,True,
benchmark,127,q8_order_items_join_products,0.40429999999999999,4,True,
benchmark,128,q8_order_items_join_products,0.44290000000000002,5,True,
benchmark,129,q8_order_items_join_products,0.39450000000000002,3,True,
benchmark,130,q8_order_items_join_products,0.43540000000000001,4,True,
benchmark,131,q8_order_items_join_products,0.35880000000000001,1,True,
benchmark,132,q8_order_items_join_products,0.35849999999999999,1,True,
benchmark,133,q8_order_items_join_products,0.42770000000000002,2,True,
benchmark,134,q8_order_items_join_products,0.36120000000000002,2,True,
benchmark,135,q8_order_items_join_products,0.41349999999999998,5,True,
benchmark,136,q8_order_items_join_products,0.42630000000000001,5,True,
benchmark,137,q8_order_items_join_products,0.37530000000000002,3,True,
benchmark,138,q8_order_items_join_products,0.39290000000000003,1,True,
benchmark,139,q8_order_items_join_products,0.38400000000000001,4,True,
benchmark,140,q8_order_items_join_products,0.38179999999999997,2,True,
benchmark,141,q8_order_items_join_products,0.40849999999999997,3,True,
benchmark,142,q8_order_items_join_products,0.37519999999999998,2,True,
benchmark,143,q8_order_items_join_products,0.42799999999999999,5,True,
benchmark,144,q8_order_items_join_products,0.38080000000000003,2,True,
benchmark,145,q8_order_items_join_products,0.4088,3,True,
benchmark,146,q8_order_items_join_products,0.3553,1,True,
benchmark,147,q8_order_items_join_products,0.43669999999999998,5,True,
benchmark,148,q8_order_items_join_products,0.40010000000000001,4,True,
benchmark,149,q8_order_items_join_products,0.39069999999999999,2,True,
benchmark,150,q8_order_items_join_products,0.5494,3,True,
benchmark,151,q8_order_items_join_products,0.43780000000000002,2,True,
benchmark,152,q8_order_items_join_products,0.35239999999999999,1,True,
benchmark,153,q8_order_items_join_products,0.42030000000000001,4,True,
benchmark,154,q8_order_items_join_products,0.40539999999999998,3,True,
benchmark,155,q8_order_items_join_products,0.38729999999999998,4,True,
benchmark,156,q8_order_items_join_products,0.42599999999999999,5,True,
benchmark,157,q8_order_items_join_products,0.35120000000000001,1,True,
benchmark,158,q8_order_items_join_products,0.41220000000000001,5,True,
benchmark,159,q8_order_items_join_products,0.37959999999999999,2,True,
benchmark,160,q8_order_items_join_products,0.40289999999999998,3,True,
benchmark,161,q8_order_items_join_products,0.39450000000000002,5,True,
benchmark,162,q8_order_items_join_products,0.39350000000000002,3,True,
benchmark,163,q8_order_items_join_products,0.37530000000000002,1,True,
benchmark,164,q8_order_items_join_products,0.39610000000000001,2,True,
benchmark,165,q8_order_items_join_products,0.40550000000000003,5,True,
benchmark,166,q8_order_items_join_products,0.37309999999999999,2,True,
benchmark,167,q8_order_items_join_products,0.39929999999999999,5,True,
benchmark,168,q8_order_items_join_products,0.43390000000000001,4,True,
benchmark,169,q8_order_items_join_products,0.4022,4,True,
benchmark,170,q8_order_items_join_products,0.37180000000000002,4,True,
benchmark,171,q8_order_items_join_products,0.42730000000000001,4,True,
benchmark,172,q8_order_items_join_products,0.42220000000000002,3,True,
benchmark,173,q8_order_items_join_products,0.3805,1,True,
benchmark,174,q8_order_items_join_products,0.3644,3,True,
benchmark,175,q8_order_items_join_products,0.38900000000000001,5,True,
benchmark,176,q8_order_items_join_products,0.3695,3,True,
benchmark,177,q8_order_items_join_products,0.38850000000000001,3,True,
benchmark,178,q8_order_items_join_products,0.40079999999999999,4,True,
benchmark,179,q8_order_items_join_products,0.39729999999999999,3,True,
benchmark,180,q8_order_items_join_products,1.2969999999999999,5,True,
benchmark,181,q8_order_items_join_products,0.42070000000000002,5,True,
benchmark,182,q8_order_items_join_products,0.3841,2,True,
benchmark,183,q8_order_items_join_products,0.41770000000000002,5,True,
benchmark,184,q8_order_items_join_products,0.35589999999999999,1,True,
benchmark,185,q8_order_items_join_products,0.35849999999999999,1,True,
benchmark,186,q8_order_items_join_products,0.37559999999999999,3,True,
benchmark,187,q8_order_items_join_products,0.42730000000000001,4,True,
benchmark,188,q8_order_items_join_products,0.40100000000000002,5,True,
benchmark,189,q8_order_items_join_products,0.45760000000000001,3,True,
benchmark,190,q8_order_items_join_products,0.41449999999999998,4,True,
benchmark,191,q8_order_items_join_products,0.50260000000000005,2,True,
benchmark,192,q8_order_items_join_products,0.46050000000000002,3,True,
benchmark,193,q8_order_items_join_products,0.44819999999999999,3,True,
benchmark,194,q8_order_items_join_products,0.40400000000000003,2,True,
benchmark,195,q8_order_items_join_products,0.39229999999999998,4,True,
benchmark,196,q8_order_items_join_products,0.40289999999999998,5,True,
benchmark,197,q8_order_items_join_products,0.38390000000000002,3,True,
benchmark,198,q8_order_items_join_products,0.38400000000000001,2,True,
benchmark,199,q8_order_items_join_products,0.41049999999999998,4,True,
benchmark,200,q8_order_items_join_products,0.36399999999999999,1,True,
benchmark,201,q8_order_items_join_products,0.79779999999999995,4,True,
benchmark,202,q8_order_items_join_products,0.4889,5,True,
benchmark,203,q8_order_items_join_products,0.42420000000000002,1,True,
benchmark,204,q8_order_items_join_products,0.37769999999999998,1,True,
benchmark,205,q8_order_items_join_products,0.42399999999999999,4,True,
benchmark,206,q8_order_items_join_products,0.4415,3,True,
benchmark,207,q8_order_items_join_products,0.40460000000000002,2,True,
benchmark,208,q8_order_items_join_products,0.40689999999999998,2,True,
benchmark,209,q8_order_items_join_products,0.4234,4,True,
benchmark,210,q8_order_items_join_products,0.37690000000000001,2,True,
benchmark,211,q8_order_items_join_products,0.38719999999999999,2,True,
benchmark,212,q8_order_items_join_products,0.40500000000000003,5,True,
benchmark,213,q8_order_items_join_products,0.4133,5,True,
benchmark,214,q8_order_items_join_products,0.41620000000000001,5,True,
benchmark,215,q8_order_items_join_products,0.39079999999999998,4,True,
benchmark,216,q8_order_items_join_products,0.38479999999999998,5,True,
benchmark,217,q8_order_items_join_products,0.36840000000000001,1,True,
benchmark,218,q8_order_items_join_products,0.40350000000000003,4,True,
benchmark,219,q8_order_items_join_products,0.376,3,True,
benchmark,220,q8_order_items_join_products,0.4178,4,True,
benchmark,221,q8_order_items_join_products,0.38269999999999998,2,True,
benchmark,222,q8_order_items_join_products,0.3654,2,True,
benchmark,223,q8_order_items_join_products,0.37069999999999997,1,True,
benchmark,224,q8_order_items_join_products,0.49220000000000003,2,True,
benchmark,225,q8_order_items_join_products,0.38679999999999998,2,True,
benchmark,226,q8_order_items_join_products,0.48020000000000002,3,True,
benchmark,227,q8_order_items_join_products,0.4955,5,True,
benchmark,228,q8_order_items_join_products,0.46260000000000001,2,True,
benchmark,229,q8_order_items_join_products,0.46739999999999998,5,True,
benchmark,230,q8_order_items_join_products,0.36840000000000001,1,True,
benchmark,231,q8_order_items_join_products,0.35349999999999998,1,True,
benchmark,232,q8_order_items_join_products,0.41549999999999998,4,True,
benchmark,233,q8_order_items_join_products,0.36170000000000002,1,True,
benchmark,234,q8_order_items_join_products,0.36709999999999998,2,True,
benchmark,235,q8_order_items_join_products,0.34760000000000002,2,True,
benchmark,236,q8_order_items_join_products,0.41620000000000001,4,True,
benchmark,237,q8_order_items_join_products,0.35139999999999999,1,True,
benchmark,238,q8_order_items_join_products,0.35770000000000002,1,True,
benchmark,239,q8_order_items_join_products,0.39069999999999999,3,True,
benchmark,240,q8_order_items_join_products,0.3664,2,True,
benchmark,241,q8_order_items_join_products,0.36280000000000001,2,True,
benchmark,242,q8_order_items_join_products,0.40970000000000001,5,True,
benchmark,243,q8_order_items_join_products,0.3589,1,True,
benchmark,244,q8_order_items_join_products,0.36370000000000002,1,True,
benchmark,245,q8_order_items_join_products,0.36969999999999997,2,True,
benchmark,246,q8_order_items_join_products,0.39379999999999998,4,True,
benchmark,247,q8_order_items_join_products,0.40339999999999998,2,True,
benchmark,248,q8_order_items_join_products,0.40970000000000001,4,True,
benchmark,249,q8_order_items_join_products,0.38840000000000002,1,True,
benchmark,250,q8_order_items_join_products,0.40400000000000003,5,True,
benchmark,251,q8_order_items_join_products,0.4415,4,True,
benchmark,252,q8_order_items_join_products,0.40150000000000002,3,True,
benchmark,253,q8_order_items_join_products,0.38390000000000002,3,True,
benchmark,254,q8_order_items_join_products,0.4158,5,True,
benchmark,255,q8_order_items_join_products,0.41010000000000002,5,True,
benchmark,256,q8_order_items_join_products,0.39279999999999998,2,True,
benchmark,257,q8_order_items_join_products,0.39429999999999998,1,True,
benchmark,258,q8_order_items_join_products,0.41920000000000002,4,True,
benchmark,259,q8_order_items_join_products,0.39169999999999999,5,True,
benchmark,260,q8_order_items_join_products,0.3846,3,True,
benchmark,261,q8_order_items_join_products,0.38129999999999997,4,True,
benchmark,262,q8_order_items_join_products,0.39460000000000001,4,True,
benchmark,263,q8_order_items_join_products,0.41449999999999998,5,True,
benchmark,264,q8_order_items_join_products,0.40889999999999999,5,True,
benchmark,265,q8_order_items_join_products,0.38869999999999999,1,True,
benchmark,266,q8_order_items_join_products,0.38279999999999997,2,True,
benchmark,267,q8_order_items_join_products,0.42720000000000002,1,True,
benchmark,268,q8_order_items_join_products,0.46589999999999998,5,True,
benchmark,269,q8_order_items_join_products,0.4496,4,True,
benchmark,270,q8_order_items_join_products,0.41110000000000002,3,True,
benchmark,271,q8_order_items_join_products,0.40500000000000003,2,True,
benchmark,272,q8_order_items_join_products,0.37759999999999999,3,True,
benchmark,273,q8_order_items_join_products,0.36830000000000002,1,True,
benchmark,274,q8_order_items_join_products,0.36799999999999999,2,True,
benchmark,275,q8_order_items_join_products,0.38519999999999999,2,True,
benchmark,276,q8_order_items_join_products,0.35460000000000003,1,True,
benchmark,277,q8_order_items_join_products,0.39779999999999999,3,True,
benchmark,278,q8_order_items_join_products,0.39810000000000001,4,True,
benchmark,279,q8_order_items_join_products,0.38779999999999998,3,True,
benchmark,280,q8_order_items_join_products,0.34989999999999999,2,True,
benchmark,281,q8_order_items_join_products,0.41320000000000001,5,True,
benchmark,282,q8_order_items_join_products,0.40079999999999999,5,True,
benchmark,283,q8_order_items_join_products,0.35649999999999998,1,True,
benchmark,284,q8_order_items_join_products,0.43380000000000002,5,True,
benchmark,285,q8_order_items_join_products,0.40749999999999997,4,True,
benchmark,286,q8_order_items_join_products,0.40710000000000002,5,True,
benchmark,287,q8_order_items_join_products,0.38990000000000002,4,True,
benchmark,288,q8_order_items_join_products,0.39560000000000001,4,True,
benchmark,289,q8_order_items_join_products,0.4365,4,True,
benchmark,290,q8_order_items_join_products,0.43580000000000002,5,True,
benchmark,291,q8_order_items_join_products,0.36049999999999999,1,True,
benchmark,292,q8_order_items_join_products,0.37519999999999998,2,True,
benchmark,293,q8_order_items_join_products,0.41839999999999999,5,True,
benchmark,294,q8_order_items_join_products,0.39950000000000002,3,True,
benchmark,295,q8_order_items_join_products,0.39200000000000002,3,True,
benchmark,296,q8_order_items_join_products,0.39040000000000002,5,True,
benchmark,297,q8_order_items_join_products,0.3891,4,True,
benchmark,298,q8_order_items_join_products,0.38550000000000001,3,True,
benchmark,299,q8_order_items_join_products,0.35189999999999999,1,True,
benchmark,300,q8_order_items_join_products,0.38590000000000002,3,True,
benchmark,301,q8_order_items_join_products,0.71530000000000005,2,True,
benchmark,302,q8_order_items_join_products,0.45429999999999998,3,True,
benchmark,303,q8_order_items_join_products,0.4496,4,True,
benchmark,304,q8_order_items_join_products,0.39979999999999999,3,True,
benchmark,305,q8_order_items_join_products,0.40600000000000003,3,True,
benchmark,306,q8_order_items_join_products,0.37769999999999998,1,True,
benchmark,307,q8_order_items_join_products,0.39090000000000003,4,True,
benchmark,308,q8_order_items_join_products,0.39140000000000003,4,True,
benchmark,309,q8_order_items_join_products,0.38890000000000002,3,True,
benchmark,310,q8_order_items_join_products,0.35439999999999999,2,True,
benchmark,311,q8_order_items_join_products,0.40239999999999998,5,True,
benchmark,312,q8_order_items_join_products,0.39439999999999997,4,True,
benchmark,313,q8_order_items_join_products,0.36099999999999999,2,True,
benchmark,314,q8_order_items_join_products,0.39629999999999999,4,True,
benchmark,315,q8_order_items_join_products,0.38650000000000001,2,True,
benchmark,316,q8_order_items_join_products,0.37969999999999998,3,True,
benchmark,317,q8_order_items_join_products,0.38990000000000002,4,True,
benchmark,318,q8_order_items_join_products,0.39450000000000002,3,True,
benchmark,319,q8_order_items_join_products,0.36680000000000001,2,True,
benchmark,320,q8_order_items_join_products,0.35749999999999998,1,True,
benchmark,321,q8_order_items_join_products,0.39229999999999998,3,True,
benchmark,322,q8_order_items_join_products,0.3725,1,True,
benchmark,323,q8_order_items_join_products,0.39910000000000001,4,True,
benchmark,324,q8_order_items_join_products,0.39779999999999999,5,True,
benchmark,325,q8_order_items_join_products,0.35880000000000001,1,True,
benchmark,326,q8_order_items_join_products,0.37219999999999998,2,True,
benchmark,327,q8_order_items_join_products,0.3553,1,True,
benchmark,328,q8_order_items_join_products,0.3906,3,True,
benchmark,329,q8_order_items_join_products,0.38100000000000001,2,True,
benchmark,330,q8_order_items_join_products,0.39029999999999998,4,True,
benchmark,331,q8_order_items_join_products,0.373,2,True,
benchmark,332,q8_order_items_join_products,0.41870000000000002,5,True,
benchmark,333,q8_order_items_join_products,0.40920000000000001,5,True,
benchmark,334,q8_order_items_join_products,0.36799999999999999,1,True,
benchmark,335,q8_order_items_join_products,0.47499999999999998,5,True,
benchmark,336,q8_order_items_join_products,0.4002,3,True,
benchmark,337,q8_order_items_join_products,0.35460000000000003,2,True,
benchmark,338,q8_order_items_join_products,0.38790000000000002,4,True,
benchmark,339,q8_order_items_join_products,0.37759999999999999,1,True,
benchmark,340,q8_order_items_join_products,0.35470000000000002,1,True,
benchmark,341,q8_order_items_join_products,0.49099999999999999,5,True,
benchmark,342,q8_order_items_join_products,0.40310000000000001,3,True,
benchmark,343,q8_order_items_join_products,0.4718,5,True,
benchmark,344,q8_order_items_join_products,0.40350000000000003,2,True,
benchmark,345,q8_order_items_join_products,0.41770000000000002,3,True,
benchmark,346,q8_order_items_join_products,0.43280000000000002,4,True,
benchmark,347,q8_order_items_join_products,0.36620000000000003,1,True,
benchmark,348,q8_order_items_join_products,0.50839999999999996,2,True,
benchmark,349,q8_order_items_join_products,0.43340000000000001,5,True,
benchmark,350,q8_order_items_join_products,0.40100000000000002,4,True,
benchmark,351,q8_order_items_join_products,0.45369999999999999,4,True,
benchmark,352,q8_order_items_join_products,0.37890000000000001,1,True,
benchmark,353,q8_order_items_join_products,0.41570000000000001,5,True,
benchmark,354,q8_order_items_join_products,0.38150000000000001,4,True,
benchmark,355,q8_order_items_join_products,0.40789999999999998,5,True,
benchmark,356,q8_order_items_join_products,0.41239999999999999,5,True,
benchmark,357,q8_order_items_join_products,0.38929999999999998,3,True,
benchmark,358,q8_order_items_join_products,0.40570000000000001,5,True,
benchmark,359,q8_order_items_join_products,0.40139999999999998,3,True,
benchmark,360,q8_order_items_join_products,0.42559999999999998,5,True,
benchmark,361,q8_order_items_join_products,0.39510000000000001,5,True,
benchmark,362,q8_order_items_join_products,0.41599999999999998,5,True,
benchmark,363,q8_order_items_join_products,0.37259999999999999,2,True,
benchmark,364,q8_order_items_join_products,0.3649,1,True,
benchmark,365,q8_order_items_join_products,0.37969999999999998,1,True,
benchmark,366,q8_order_items_join_products,0.39040000000000002,1,True,
benchmark,367,q8_order_items_join_products,0.45379999999999998,4,True,
benchmark,368,q8_order_items_join_products,0.43819999999999998,1,True,
benchmark,369,q8_order_items_join_products,0.40749999999999997,5,True,
benchmark,370,q8_order_items_join_products,0.39710000000000001,4,True,
benchmark,371,q8_order_items_join_products,0.34660000000000002,1,True,
benchmark,372,q8_order_items_join_products,0.38769999999999999,3,True,
benchmark,373,q8_order_items_join_products,0.35270000000000001,2,True,
benchmark,374,q8_order_items_join_products,0.3901,4,True,
benchmark,375,q8_order_items_join_products,0.3659,2,True,
benchmark,376,q8_order_items_join_products,0.3594,2,True,
benchmark,377,q8_order_items_join_products,0.39650000000000002,5,True,
benchmark,378,q8_order_items_join_products,0.37259999999999999,4,True,
benchmark,379,q8_order_items_join_products,0.42280000000000001,5,True,
benchmark,380,q8_order_items_join_products,0.39600000000000002,5,True,
benchmark,381,q8_order_items_join_products,0.41420000000000001,5,True,
benchmark,382,q8_order_items_join_products,0.36599999999999999,1,True,
benchmark,383,q8_order_items_join_products,0.37440000000000001,3,True,
benchmark,384,q8_order_items_join_products,0.39300000000000002,5,True,
benchmark,385,q8_order_items_join_products,0.44269999999999998,5,True,
benchmark,386,q8_order_items_join_products,0.39419999999999999,1,True,
benchmark,387,q8_order_items_join_products,0.41120000000000001,2,True,
benchmark,388,q8_order_items_join_products,0.48020000000000002,1,True,
benchmark,389,q8_order_items_join_products,0.40050000000000002,2,True,
benchmark,390,q8_order_items_join_products,0.42249999999999999,3,True,
benchmark,391,q8_order_items_join_products,0.41349999999999998,5,True,
benchmark,392,q8_order_items_join_products,0.38800000000000001,4,True,
benchmark,393,q8_order_items_join_products,0.40539999999999998,5,True,
benchmark,394,q8_order_items_join_products,0.36649999999999999,2,True,
benchmark,395,q8_order_items_join_products,0.37869999999999998,4,True,
benchmark,396,q8_order_items_join_products,0.3488,1,True,
benchmark,397,q8_order_items_join_products,0.39960000000000001,4,True,
benchmark,398,q8_order_items_join_products,0.35870000000000002,2,True,
benchmark,399,q8_order_items_join_products,0.42230000000000001,4,True,
benchmark,400,q8_order_items_join_products,0.37630000000000002,3,True,
benchmark,401,q8_order_items_join_products,0.72319999999999995,3,True,
benchmark,402,q8_order_items_join_products,0.54179999999999995,4,True,
benchmark,403,q8_order_items_join_products,0.4466,5,True,
benchmark,404,q8_order_items_join_products,0.35599999999999998,1,True,
benchmark,405,q8_order_items_join_products,0.32750000000000001,1,True,
benchmark,406,q8_order_items_join_products,0.41999999999999998,5,True,
benchmark,407,q8_order_items_join_products,0.4133,5,True,
benchmark,408,q8_order_items_join_products,0.40479999999999999,2,True,
benchmark,409,q8_order_items_join_products,0.3962,4,True,
benchmark,410,q8_order_items_join_products,0.36130000000000001,1,True,
benchmark,411,q8_order_items_join_products,0.375,3,True,
benchmark,412,q8_order_items_join_products,0.41189999999999999,3,True,
benchmark,413,q8_order_items_join_products,0.36470000000000002,2,True,
benchmark,414,q8_order_items_join_products,0.41199999999999998,5,True,
benchmark,415,q8_order_items_join_products,0.3569,2,True,
benchmark,416,q8_order_items_join_products,0.3695,1,True,
benchmark,417,q8_order_items_join_products,0.36149999999999999,1,True,
benchmark,418,q8_order_items_join_products,0.40949999999999998,3,True,
benchmark,419,q8_order_items_join_products,0.40350000000000003,5,True,
benchmark,420,q8_order_items_join_products,0.3745,3,True,
benchmark,421,q8_order_items_join_products,0.41460000000000002,3,True,
benchmark,422,q8_order_items_join_products,0.38300000000000001,1,True,
benchmark,423,q8_order_items_join_products,0.39539999999999997,3,True,
benchmark,424,q8_order_items_join_products,0.47820000000000001,1,True,
benchmark,425,q8_order_items_join_products,0.43590000000000001,1,True,
benchmark,426,q8_order_items_join_products,0.42999999999999999,4,True,
benchmark,427,q8_order_items_join_products,0.42170000000000002,3,True,
benchmark,428,q8_order_items_join_products,0.4032,5,True,
benchmark,429,q8_order_items_join_products,0.35720000000000002,2,True,
benchmark,430,q8_order_items_join_products,0.3417,1,True,
benchmark,431,q8_order_items_join_products,0.35510000000000003,2,True,
benchmark,432,q8_order_items_join_products,0.39989999999999998,4,True,
benchmark,433,q8_order_items_join_products,0.36649999999999999,2,True,
benchmark,434,q8_order_items_join_products,0.36459999999999998,3,True,
benchmark,435,q8_order_items_join_products,0.371,3,True,
benchmark,436,q8_order_items_join_products,0.37940000000000002,3,True,
benchmark,437,q8_order_items_join_products,0.37380000000000002,1,True,
benchmark,438,q8_order_items_join_products,0.3871,2,True,
benchmark,439,q8_order_items_join_products,0.39219999999999999,4,True,
benchmark,440,q8_order_items_join_products,0.3715,1,True,
benchmark,441,q8_order_items_join_products,0.38219999999999998,2,True,
benchmark,442,q8_order_items_join_products,0.39319999999999999,3,True,
benchmark,443,q8_order_items_join_products,0.35120000000000001,1,True,
benchmark,444,q8_order_items_join_products,0.37630000000000002,3,True,
benchmark,445,q8_order_items_join_products,0.37619999999999998,3,True,
benchmark,446,q8_order_items_join_products,0.41089999999999999,4,True,
benchmark,447,q8_order_items_join_products,0.36470000000000002,1,True,
benchmark,448,q8_order_items_join_products,1.4195,4,True,
benchmark,449,q8_order_items_join_products,0.38500000000000001,2,True,
benchmark,450,q8_order_items_join_products,0.3639,1,True,
benchmark,451,q8_order_items_join_products,0.47049999999999997,4,True,
benchmark,452,q8_order_items_join_products,0.4703,5,True,
benchmark,453,q8_order_items_join_products,0.46629999999999999,5,True,
benchmark,454,q8_order_items_join_products,0.43169999999999997,4,True,
benchmark,455,q8_order_items_join_products,0.42459999999999998,5,True,
benchmark,456,q8_order_items_join_products,0.35980000000000001,1,True,
benchmark,457,q8_order_items_join_products,0.43469999999999998,2,True,
benchmark,458,q8_order_items_join_products,0.35410000000000003,3,True,
benchmark,459,q8_order_items_join_products,0.40970000000000001,5,True,
benchmark,460,q8_order_items_join_products,0.52049999999999996,5,True,
benchmark,461,q8_order_items_join_products,0.4672,1,True,
benchmark,462,q8_order_items_join_products,0.38650000000000001,4,True,
benchmark,463,q8_order_items_join_products,0.4662,4,True,
benchmark,464,q8_order_items_join_products,0.3785,1,True,
benchmark,465,q8_order_items_join_products,0.50209999999999999,1,True,
benchmark,466,q8_order_items_join_products,0.49270000000000003,4,True,
benchmark,467,q8_order_items_join_products,1.093,5,True,
benchmark,468,q8_order_items_join_products,0.47139999999999999,4,True,
benchmark,469,q8_order_items_join_products,0.42399999999999999,3,True,
benchmark,470,q8_order_items_join_products,0.37019999999999997,2,True,
benchmark,471,q8_order_items_join_products,0.40579999999999999,4,True,
benchmark,472,q8_order_items_join_products,0.38879999999999998,4,True,
benchmark,473,q8_order_items_join_products,0.37119999999999997,3,True,
benchmark,474,q8_order_items_join_products,0.41060000000000002,5,True,
benchmark,475,q8_order_items_join_products,0.39600000000000002,4,True,
benchmark,476,q8_order_items_join_products,0.39760000000000001,3,True,
benchmark,477,q8_order_items_join_products,0.37269999999999998,1,True,
benchmark,478,q8_order_items_join_products,0.39410000000000001,4,True,
benchmark,479,q8_order_items_join_products,0.38669999999999999,4,True,
benchmark,480,q8_order_items_join_products,0.35589999999999999,1,True,
benchmark,481,q8_order_items_join_products,0.3901,3,True,
benchmark,482,q8_order_items_join_products,0.37719999999999998,2,True,
benchmark,483,q8_order_items_join_products,0.3997,4,True,
benchmark,484,q8_order_items_join_products,0.38690000000000002,2,True,
benchmark,485,q8_order_items_join_products,0.39250000000000002,2,True,
benchmark,486,q8_order_items_join_products,0.38250000000000001,2,True,
benchmark,487,q8_order_items_join_products,0.42799999999999999,5,True,
benchmark,488,q8_order_items_join_products,0.36890000000000001,2,True,
benchmark,489,q8_order_items_join_products,0.36940000000000001,3,True,
benchmark,490,q8_order_items_join_products,0.38569999999999999,3,True,
benchmark,491,q8_order_items_join_products,0.37340000000000001,3,True,
benchmark,492,q8_order_items_join_products,0.38200000000000001,5,True,
benchmark,493,q8_order_items_join_products,0.37180000000000002,3,True,
benchmark,494,q8_order_items_join_products,0.3735,1,True,
benchmark,495,q8_order_items_join_products,0.37069999999999997,1,True,
benchmark,496,q8_order_items_join_products,0.35749999999999998,1,True,
benchmark,497,q8_order_items_join_products,0.40279999999999999,2,True,
benchmark,498,q8_order_items_join_products,0.38919999999999999,5,True,
benchmark,499,q8_order_items_join_products,0.36990000000000001,1,True,
benchmark,500,q8_order_items_join_products,0.39389999999999997,2,True,
benchmark,501,q8_order_items_join_products,0.72150000000000003,3,True,
benchmark,502,q8_order_items_join_products,0.46739999999999998,4,True,
benchmark,503,q8_order_items_join_products,0.40210000000000001,2,True,
benchmark,504,q8_order_items_join_products,0.4088,3,True,
benchmark,505,q8_order_items_join_products,0.42959999999999998,5,True,
benchmark,506,q8_order_items_join_products,0.40489999999999998,5,True,
benchmark,507,q8_order_items_join_products,0.42270000000000002,5,True,
benchmark,508,q8_order_items_join_products,0.42649999999999999,5,True,
benchmark,509,q8_order_items_join_products,0.3962,5,True,
benchmark,510,q8_order_items_join_products,0.37440000000000001,3,True,
benchmark,511,q8_order_items_join_products,0.41120000000000001,4,True,
benchmark,512,q8_order_items_join_products,0.35160000000000002,1,True,
benchmark,513,q8_order_items_join_products,0.35070000000000001,1,True,
benchmark,514,q8_order_items_join_products,0.43149999999999999,5,True,
benchmark,515,q8_order_items_join_products,0.40939999999999999,5,True,
benchmark,516,q8_order_items_join_products,0.36780000000000002,1,True,
benchmark,517,q8_order_items_join_products,0.40720000000000001,5,True,
benchmark,518,q8_order_items_join_products,0.36249999999999999,1,True,
benchmark,519,q8_order_items_join_products,0.39910000000000001,2,True,
benchmark,520,q8_order_items_join_products,0.38190000000000002,3,True,
benchmark,521,q8_order_items_join_products,0.37069999999999997,3,True,
benchmark,522,q8_order_items_join_products,0.35999999999999999,2,True,
benchmark,523,q8_order_items_join_products,0.4022,4,True,
benchmark,524,q8_order_items_join_products,0.38219999999999998,5,True,
benchmark,525,q8_order_items_join_products,0.39439999999999997,5,True,
benchmark,526,q8_order_items_join_products,0.3493,1,True,
benchmark,527,q8_order_items_join_products,0.36130000000000001,2,True,
benchmark,528,q8_order_items_join_products,0.40789999999999998,5,True,
benchmark,529,q8_order_items_join_products,0.37780000000000002,4,True,
benchmark,530,q8_order_items_join_products,0.3836,2,True,
benchmark,531,q8_order_items_join_products,0.36720000000000003,3,True,
benchmark,532,q8_order_items_join_products,0.39450000000000002,4,True,
benchmark,533,q8_order_items_join_products,0.36409999999999998,1,True,
benchmark,534,q8_order_items_join_products,0.38479999999999998,3,True,
benchmark,535,q8_order_items_join_products,0.40039999999999998,5,True,
benchmark,536,q8_order_items_join_products,0.38019999999999998,2,True,
benchmark,537,q8_order_items_join_products,0.56940000000000002,3,True,
benchmark,538,q8_order_items_join_products,0.42220000000000002,5,True,
benchmark,539,q8_order_items_join_products,0.47089999999999999,2,True,
benchmark,540,q8_order_items_join_products,0.41099999999999998,3,True,
benchmark,541,q8_order_items_join_products,0.57340000000000002,5,True,
benchmark,542,q8_order_items_join_products,0.35849999999999999,1,True,
benchmark,543,q8_order_items_join_products,0.40589999999999998,3,True,
benchmark,544,q8_order_items_join_products,0.37859999999999999,1,True,
benchmark,545,q8_order_items_join_products,0.40060000000000001,3,True,
benchmark,546,q8_order_items_join_products,0.3725,2,True,
benchmark,547,q8_order_items_join_products,0.35749999999999998,1,True,
benchmark,548,q8_order_items_join_products,0.36299999999999999,2,True,
benchmark,549,q8_order_items_join_products,0.35420000000000001,2,True,
benchmark,550,q8_order_items_join_products,0.35560000000000003,2,True,
benchmark,551,q8_order_items_join_products,0.44840000000000002,5,True,
benchmark,552,q8_order_items_join_products,0.4194,4,True,
benchmark,553,q8_order_items_join_products,0.38779999999999998,5,True,
benchmark,554,q8_order_items_join_products,0.39129999999999998,3,True,
benchmark,555,q8_order_items_join_products,0.37369999999999998,3,True,
benchmark,556,q8_order_items_join_products,0.38750000000000001,2,True,
benchmark,557,q8_order_items_join_products,0.39850000000000002,5,True,
benchmark,558,q8_order_items_join_products,0.39329999999999998,4,True,
benchmark,559,q8_order_items_join_products,0.38069999999999998,2,True,
benchmark,560,q8_order_items_join_products,0.44340000000000002,5,True,
benchmark,561,q8_order_items_join_products,0.50439999999999996,5,True,
benchmark,562,q8_order_items_join_products,0.3926,5,True,
benchmark,563,q8_order_items_join_products,0.39190000000000003,1,True,
benchmark,564,q8_order_items_join_products,0.35880000000000001,1,True,
benchmark,565,q8_order_items_join_products,0.41160000000000002,4,True,
benchmark,566,q8_order_items_join_products,0.39290000000000003,4,True,
benchmark,567,q8_order_items_join_products,0.39650000000000002,4,True,
benchmark,568,q8_order_items_join_products,0.40429999999999999,5,True,
benchmark,569,q8_order_items_join_products,0.40250000000000002,5,True,
benchmark,570,q8_order_items_join_products,0.38219999999999998,3,True,
benchmark,571,q8_order_items_join_products,0.36170000000000002,3,True,
benchmark,572,q8_order_items_join_products,0.39029999999999998,3,True,
benchmark,573,q8_order_items_join_products,0.35870000000000002,1,True,
benchmark,574,q8_order_items_join_products,0.35570000000000002,1,True,
benchmark,575,q8_order_items_join_products,0.36420000000000002,3,True,
benchmark,576,q8_order_items_join_products,0.37030000000000002,2,True,
benchmark,577,q8_order_items_join_products,0.37219999999999998,2,True,
benchmark,578,q8_order_items_join_products,0.44619999999999999,4,True,
benchmark,579,q8_order_items_join_products,0.43740000000000001,4,True,
benchmark,580,q8_order_items_join_products,0.41589999999999999,1,True,
benchmark,581,q8_order_items_join_products,0.52029999999999998,2,True,
benchmark,582,q8_order_items_join_products,0.39290000000000003,4,True,
benchmark,583,q8_order_items_join_products,0.37269999999999998,4,True,
benchmark,584,q8_order_items_join_products,0.38250000000000001,3,True,
benchmark,585,q8_order_items_join_products,0.38869999999999999,4,True,
benchmark,586,q8_order_items_join_products,0.3891,5,True,
benchmark,587,q8_order_items_join_products,0.35849999999999999,2,True,
benchmark,588,q8_order_items_join_products,0.35489999999999999,3,True,
benchmark,589,q8_order_items_join_products,0.38500000000000001,2,True,
benchmark,590,q8_order_items_join_products,0.3715,2,True,
benchmark,591,q8_order_items_join_products,0.36199999999999999,1,True,
benchmark,592,q8_order_items_join_products,0.37309999999999999,2,True,
benchmark,593,q8_order_items_join_products,0.3584,1,True,
benchmark,594,q8_order_items_join_products,0.35120000000000001,2,True,
benchmark,595,q8_order_items_join_products,0.3926,4,True,
benchmark,596,q8_order_items_join_products,0.34670000000000001,3,True,
benchmark,597,q8_order_items_join_products,0.41210000000000002,2,True,
benchmark,598,q8_order_items_join_products,0.3695,1,True,
benchmark,599,q8_order_items_join_products,0.37919999999999998,3,True,
benchmark,600,q8_order_items_join_products,0.39419999999999999,4,True,
benchmark,601,q8_order_items_join_products,0.74019999999999997,3,True,
benchmark,602,q8_order_items_join_products,0.40329999999999999,1,True,
benchmark,603,q8_order_items_join_products,0.39419999999999999,1,True,
benchmark,604,q8_order_items_join_products,0.4103,2,True,
benchmark,605,q8_order_items_join_products,0.42159999999999997,4,True,
benchmark,606,q8_order_items_join_products,0.39950000000000002,4,True,
benchmark,607,q8_order_items_join_products,0.39439999999999997,4,True,
benchmark,608,q8_order_items_join_products,0.39929999999999999,3,True,
benchmark,609,q8_order_items_join_products,0.38750000000000001,4,True,
benchmark,610,q8_order_items_join_products,0.35720000000000002,2,True,
benchmark,611,q8_order_items_join_products,0.40720000000000001,4,True,
benchmark,612,q8_order_items_join_products,0.3826,3,True,
benchmark,613,q8_order_items_join_products,0.57140000000000002,5,True,
benchmark,614,q8_order_items_join_products,0.45419999999999999,5,True,
benchmark,615,q8_order_items_join_products,0.38869999999999999,1,True,
benchmark,616,q8_order_items_join_products,0.46510000000000001,3,True,
benchmark,617,q8_order_items_join_products,0.4446,1,True,
benchmark,618,q8_order_items_join_products,0.38940000000000002,1,True,
benchmark,619,q8_order_items_join_products,0.36940000000000001,3,True,
benchmark,620,q8_order_items_join_products,0.34610000000000002,1,True,
benchmark,621,q8_order_items_join_products,0.41249999999999998,5,True,
benchmark,622,q8_order_items_join_products,0.39100000000000001,3,True,
benchmark,623,q8_order_items_join_products,0.37690000000000001,2,True,
benchmark,624,q8_order_items_join_products,0.41520000000000001,4,True,
benchmark,625,q8_order_items_join_products,0.36770000000000003,2,True,
benchmark,626,q8_order_items_join_products,0.4073,3,True,
benchmark,627,q8_order_items_join_products,0.35970000000000002,2,True,
benchmark,628,q8_order_items_join_products,0.42320000000000002,5,True,
benchmark,629,q8_order_items_join_products,0.38769999999999999,3,True,
benchmark,630,q8_order_items_join_products,0.3987,5,True,
benchmark,631,q8_order_items_join_products,0.34720000000000001,1,True,
benchmark,632,q8_order_items_join_products,0.38990000000000002,1,True,
benchmark,633,q8_order_items_join_products,0.4355,5,True,
benchmark,634,q8_order_items_join_products,0.42020000000000002,5,True,
benchmark,635,q8_order_items_join_products,0.4718,5,True,
benchmark,636,q8_order_items_join_products,0.38279999999999997,3,True,
benchmark,637,q8_order_items_join_products,0.48420000000000002,5,True,
benchmark,638,q8_order_items_join_products,0.36099999999999999,2,True,
benchmark,639,q8_order_items_join_products,0.39419999999999999,3,True,
benchmark,640,q8_order_items_join_products,0.3725,3,True,
benchmark,641,q8_order_items_join_products,0.39639999999999997,4,True,
benchmark,642,q8_order_items_join_products,0.4123,3,True,
benchmark,643,q8_order_items_join_products,0.3977,4,True,
benchmark,644,q8_order_items_join_products,0.36659999999999998,3,True,
benchmark,645,q8_order_items_join_products,0.38200000000000001,2,True,
benchmark,646,q8_order_items_join_products,0.3654,1,True,
benchmark,647,q8_order_items_join_products,0.43190000000000001,5,True,
benchmark,648,q8_order_items_join_products,0.35949999999999999,2,True,
benchmark,649,q8_order_items_join_products,0.41560000000000002,5,True,
benchmark,650,q8_order_items_join_products,0.38080000000000003,4,True,
benchmark,651,q8_order_items_join_products,0.46100000000000002,4,True,
benchmark,652,q8_order_items_join_products,0.38779999999999998,3,True,
benchmark,653,q8_order_items_join_products,0.41539999999999999,5,True,
benchmark,654,q8_order_items_join_products,0.39000000000000001,2,True,
benchmark,655,q8_order_items_join_products,0.50049999999999994,4,True,
benchmark,656,q8_order_items_join_products,0.45739999999999997,4,True,
benchmark,657,q8_order_items_join_products,0.41139999999999999,2,True,
benchmark,658,q8_order_items_join_products,0.35949999999999999,1,True,
benchmark,659,q8_order_items_join_products,0.40620000000000001,5,True,
benchmark,660,q8_order_items_join_products,0.38550000000000001,3,True,
benchmark,661,q8_order_items_join_products,0.3654,1,True,
benchmark,662,q8_order_items_join_products,0.39760000000000001,3,True,
benchmark,663,q8_order_items_join_products,0.37009999999999998,3,True,
benchmark,664,q8_order_items_join_products,0.3926,3,True,
benchmark,665,q8_order_items_join_products,0.37259999999999999,1,True,
benchmark,666,q8_order_items_join_products,0.41110000000000002,5,True,
benchmark,667,q8_order_items_join_products,0.41460000000000002,4,True,
benchmark,668,q8_order_items_join_products,0.36870000000000003,2,True,
benchmark,669,q8_order_items_join_products,0.3463,1,True,
benchmark,670,q8_order_items_join_products,0.35580000000000001,1,True,
benchmark,671,q8_order_items_join_products,0.35959999999999998,2,True,
benchmark,672,q8_order_items_join_products,0.39100000000000001,4,True,
benchmark,673,q8_order_items_join_products,0.41860000000000003,5,True,
benchmark,674,q8_order_items_join_products,0.39829999999999999,4,True,
benchmark,675,q8_order_items_join_products,0.39269999999999999,4,True,
benchmark,676,q8_order_items_join_products,0.37559999999999999,2,True,
benchmark,677,q8_order_items_join_products,0.37069999999999997,2,True,
benchmark,678,q8_order_items_join_products,0.3881,2,True,
benchmark,679,q8_order_items_join_products,0.47149999999999997,3,True,
benchmark,680,q8_order_items_join_products,0.40460000000000002,4,True,
benchmark,681,q8_order_items_join_products,0.3851,4,True,
benchmark,682,q8_order_items_join_products,0.39150000000000001,5,True,
benchmark,683,q8_order_items_join_products,0.40679999999999999,5,True,
benchmark,684,q8_order_items_join_products,0.38929999999999998,4,True,
benchmark,685,q8_order_items_join_products,0.3569,2,True,
benchmark,686,q8_order_items_join_products,0.33860000000000001,2,True,
benchmark,687,q8_order_items_join_products,0.43070000000000003,5,True,
benchmark,688,q8_order_items_join_products,0.36620000000000003,3,True,
benchmark,689,q8_order_items_join_products,0.35139999999999999,1,True,
benchmark,690,q8_order_items_join_products,0.371,1,True,
benchmark,691,q8_order_items_join_products,0.377,3,True,
benchmark,692,q8_order_items_join_products,0.42609999999999998,4,True,
benchmark,693,q8_order_items_join_products,0.36770000000000003,3,True,
benchmark,694,q8_order_items_join_products,0.37330000000000002,1,True,
benchmark,695,q8_order_items_join_products,0.40699999999999997,2,True,
benchmark,696,q8_order_items_join_products,0.44359999999999999,1,True,
benchmark,697,q8_order_items_join_products,0.38469999999999999,2,True,
benchmark,698,q8_order_items_join_products,0.35949999999999999,2,True,
benchmark,699,q8_order_items_join_products,0.38059999999999999,2,True,
benchmark,700,q8_order_items_join_products,0.41620000000000001,4,True,
benchmark,701,q8_order_items_join_products,0.67820000000000003,1,True,
benchmark,702,q8_order_items_join_products,0.38329999999999997,4,True,
benchmark,703,q8_order_items_join_products,0.42070000000000002,2,True,
benchmark,704,q8_order_items_join_products,0.36049999999999999,3,True,
benchmark,705,q8_order_items_join_products,0.32000000000000001,1,True,
benchmark,706,q8_order_items_join_products,0.36070000000000002,5,True,
benchmark,707,q8_order_items_join_products,0.3256,2,True,
benchmark,708,q8_order_items_join_products,0.35099999999999998,5,True,
benchmark,709,q8_order_items_join_products,0.45169999999999999,5,True,
benchmark,710,q8_order_items_join_products,4.8686999999999996,2,True,
benchmark,711,q8_order_items_join_products,0.44019999999999998,3,True,
benchmark,712,q8_order_items_join_products,0.41470000000000001,2,True,
benchmark,713,q8_order_items_join_products,0.42080000000000001,5,True,
benchmark,714,q8_order_items_join_products,0.36799999999999999,2,True,
benchmark,715,q8_order_items_join_products,0.41210000000000002,4,True,
benchmark,716,q8_order_items_join_products,0.37769999999999998,2,True,
benchmark,717,q8_order_items_join_products,0.42170000000000002,5,True,
benchmark,718,q8_order_items_join_products,0.41670000000000001,5,True,
benchmark,719,q8_order_items_join_products,0.42159999999999997,3,True,
benchmark,720,q8_order_items_join_products,0.3962,3,True,
benchmark,721,q8_order_items_join_products,0.37169999999999997,1,True,
benchmark,722,q8_order_items_join_products,0.36969999999999997,2,True,
benchmark,723,q8_order_items_join_products,0.42670000000000002,4,True,
benchmark,724,q8_order_items_join_products,0.4204,5,True,
benchmark,725,q8_order_items_join_products,0.3906,4,True,
benchmark,726,q8_order_items_join_products,0.41689999999999999,2,True,
benchmark,727,q8_order_items_join_products,0.4607,4,True,
benchmark,728,q8_order_items_join_products,0.41970000000000002,5,True,
benchmark,729,q8_order_items_join_products,0.48020000000000002,3,True,
benchmark,730,q8_order_items_join_products,0.4899,1,True,
benchmark,731,q8_order_items_join_products,0.57869999999999999,3,True,
benchmark,732,q8_order_items_join_products,0.4541,3,True,
benchmark,733,q8_order_items_join_products,0.42649999999999999,4,True,
benchmark,734,q8_order_items_join_products,0.40400000000000003,5,True,
benchmark,735,q8_order_items_join_products,0.3916,4,True,
benchmark,736,q8_order_items_join_products,0.39269999999999999,4,True,
benchmark,737,q8_order_items_join_products,0.36870000000000003,2,True,
benchmark,738,q8_order_items_join_products,0.39100000000000001,4,True,
benchmark,739,q8_order_items_join_products,0.3871,5,True,
benchmark,740,q8_order_items_join_products,0.35099999999999998,2,True,
benchmark,741,q8_order_items_join_products,0.39839999999999998,4,True,
benchmark,742,q8_order_items_join_products,0.36049999999999999,2,True,
benchmark,743,q8_order_items_join_products,0.39279999999999998,3,True,
benchmark,744,q8_order_items_join_products,0.40160000000000001,5,True,
benchmark,745,q8_order_items_join_products,0.39150000000000001,4,True,
benchmark,746,q8_order_items_join_products,0.39229999999999998,4,True,
benchmark,747,q8_order_items_join_products,0.40079999999999999,4,True,
benchmark,748,q8_order_items_join_products,0.41499999999999998,4,True,
benchmark,749,q8_order_items_join_products,0.36720000000000003,1,True,
benchmark,750,q8_order_items_join_products,0.3725,2,True,
benchmark,751,q8_order_items_join_products,0.44319999999999998,2,True,
benchmark,752,q8_order_items_join_products,0.37840000000000001,2,True,
benchmark,753,q8_order_items_join_products,0.3982,2,True,
benchmark,754,q8_order_items_join_products,0.40039999999999998,1,True,
benchmark,755,q8_order_items_join_products,0.43219999999999997,5,True,
benchmark,756,q8_order_items_join_products,0.42459999999999998,4,True,
benchmark,757,q8_order_items_join_products,0.37819999999999998,4,True,
benchmark,758,q8_order_items_join_products,0.38440000000000002,2,True,
benchmark,759,q8_order_items_join_products,0.374,5,True,
benchmark,760,q8_order_items_join_products,0.38890000000000002,2,True,
benchmark,761,q8_order_items_join_products,0.34360000000000002,1,True,
benchmark,762,q8_order_items_join_products,0.41689999999999999,4,True,
benchmark,763,q8_order_items_join_products,0.41570000000000001,3,True,
benchmark,764,q8_order_items_join_products,0.41139999999999999,3,True,
benchmark,765,q8_order_items_join_products,0.40789999999999998,5,True,
benchmark,766,q8_order_items_join_products,0.35720000000000002,1,True,
benchmark,767,q8_order_items_join_products,0.3931,2,True,
benchmark,768,q8_order_items_join_products,0.36070000000000002,1,True,
benchmark,769,q8_order_items_join_products,0.42030000000000001,4,True,
benchmark,770,q8_order_items_join_products,0.35360000000000003,1,True,
benchmark,771,q8_order_items_join_products,0.39190000000000003,2,True,
benchmark,772,q8_order_items_join_products,0.35099999999999998,1,True,
benchmark,773,q8_order_items_join_products,0.41239999999999999,2,True,
benchmark,774,q8_order_items_join_products,0.39079999999999998,2,True,
benchmark,775,q8_order_items_join_products,0.34179999999999999,1,True,
benchmark,776,q8_order_items_join_products,0.45519999999999999,5,True,
benchmark,777,q8_order_items_join_products,0.46089999999999998,5,True,
benchmark,778,q8_order_items_join_products,0.38590000000000002,1,True,
benchmark,779,q8_order_items_join_products,0.39229999999999998,3,True,
benchmark,780,q8_order_items_join_products,0.40350000000000003,4,True,
benchmark,781,q8_order_items_join_products,0.41999999999999998,5,True,
benchmark,782,q8_order_items_join_products,0.3962,5,True,
benchmark,783,q8_order_items_join_products,0.3805,2,True,
benchmark,784,q8_order_items_join_products,0.40289999999999998,5,True,
benchmark,785,q8_order_items_join_products,0.36109999999999998,1,True,
benchmark,786,q8_order_items_join_products,0.41149999999999998,5,True,
benchmark,787,q8_order_items_join_products,0.38479999999999998,4,True,
benchmark,788,q8_order_items_join_products,0.3962,4,True,
benchmark,789,q8_order_items_join_products,0.3659,3,True,
benchmark,790,q8_order_items_join_products,0.37759999999999999,1,True,
benchmark,791,q8_order_items_join_products,0.36049999999999999,1,True,
benchmark,792,q8_order_items_join_products,0.4209,5,True,
benchmark,793,q8_order_items_join_products,0.3982,4,True,
benchmark,794,q8_order_items_join_products,0.38479999999999998,3,True,
benchmark,795,q8_order_items_join_products,0.44529999999999997,5,True,
benchmark,796,q8_order_items_join_products,0.4632,5,True,
benchmark,797,q8_order_items_join_products,0.38919999999999999,2,True,
benchmark,798,q8_order_items_join_products,0.36820000000000003,2,True,
benchmark,799,q8_order_items_join_products,0.40610000000000002,5,True,
benchmark,800,q8_order_items_join_products,0.41239999999999999,5,True,
benchmark,801,q8_order_items_join_products,0.7016,1,True,
benchmark,802,q8_order_items_join_products,0.43669999999999998,4,True,
benchmark,803,q8_order_items_join_products,0.50290000000000001,1,True,
benchmark,804,q8_order_items_join_products,0.4612,4,True,
benchmark,805,q8_order_items_join_products,0.41959999999999997,2,True,
benchmark,806,q8_order_items_join_products,0.45810000000000001,4,True,
benchmark,807,q8_order_items_join_products,0.55079999999999996,4,True,
benchmark,808,q8_order_items_join_products,0.43290000000000001,3,True,
benchmark,809,q8_order_items_join_products,0.39489999999999997,1,True,
benchmark,810,q8_order_items_join_products,0.39200000000000002,3,True,
benchmark,811,q8_order_items_join_products,0.40479999999999999,4,True,
benchmark,812,q8_order_items_join_products,0.375,2,True,
benchmark,813,q8_order_items_join_products,0.4158,4,True,
benchmark,814,q8_order_items_join_products,0.35959999999999998,1,True,
benchmark,815,q8_order_items_join_products,0.3634,1,True,
benchmark,816,q8_order_items_join_products,0.40179999999999999,5,True,
benchmark,817,q8_order_items_join_products,0.37359999999999999,3,True,
benchmark,818,q8_order_items_join_products,0.40439999999999998,5,True,
benchmark,819,q8_order_items_join_products,0.36919999999999997,2,True,
benchmark,820,q8_order_items_join_products,0.38429999999999997,2,True,
benchmark,821,q8_order_items_join_products,0.4047,1,True,
benchmark,822,q8_order_items_join_products,0.3634,2,True,
benchmark,823,q8_order_items_join_products,0.37669999999999998,3,True,
benchmark,824,q8_order_items_join_products,0.36249999999999999,1,True,
benchmark,825,q8_order_items_join_products,0.38390000000000002,3,True,
benchmark,826,q8_order_items_join_products,0.44169999999999998,3,True,
benchmark,827,q8_order_items_join_products,0.43580000000000002,4,True,
benchmark,828,q8_order_items_join_products,0.4602,3,True,
benchmark,829,q8_order_items_join_products,0.38800000000000001,2,True,
benchmark,830,q8_order_items_join_products,0.39810000000000001,3,True,
benchmark,831,q8_order_items_join_products,0.41720000000000002,1,True,
benchmark,832,q8_order_items_join_products,0.37209999999999999,2,True,
benchmark,833,q8_order_items_join_products,0.38390000000000002,2,True,
benchmark,834,q8_order_items_join_products,0.40820000000000001,5,True,
benchmark,835,q8_order_items_join_products,0.35399999999999998,1,True,
benchmark,836,q8_order_items_join_products,0.39219999999999999,5,True,
benchmark,837,q8_order_items_join_products,0.36599999999999999,3,True,
benchmark,838,q8_order_items_join_products,0.36969999999999997,1,True,
benchmark,839,q8_order_items_join_products,0.34239999999999998,1,True,
benchmark,840,q8_order_items_join_products,0.35289999999999999,2,True,
benchmark,841,q8_order_items_join_products,0.4204,5,True,
benchmark,842,q8_order_items_join_products,0.372,1,True,
benchmark,843,q8_order_items_join_products,0.37840000000000001,4,True,
benchmark,844,q8_order_items_join_products,0.4491,5,True,
benchmark,845,q8_order_items_join_products,0.43490000000000001,1,True,
benchmark,846,q8_order_items_join_products,0.38890000000000002,2,True,
benchmark,847,q8_order_items_join_products,0.38469999999999999,3,True,
benchmark,848,q8_order_items_join_products,0.3755,2,True,
benchmark,849,q8_order_items_join_products,0.38990000000000002,3,True,
benchmark,850,q8_order_items_join_products,0.35070000000000001,1,True,
benchmark,851,q8_order_items_join_products,0.4491,5,True,
benchmark,852,q8_order_items_join_products,0.41860000000000003,5,True,
benchmark,853,q8_order_items_join_products,0.4007,5,True,
benchmark,854,q8_order_items_join_products,0.39419999999999999,5,True,
benchmark,855,q8_order_items_join_products,0.37359999999999999,2,True,
benchmark,856,q8_order_items_join_products,0.36940000000000001,3,True,
benchmark,857,q8_order_items_join_products,0.35799999999999998,2,True,
benchmark,858,q8_order_items_join_products,0.41770000000000002,5,True,
benchmark,859,q8_order_items_join_products,0.37119999999999997,3,True,
benchmark,860,q8_order_items_join_products,0.37419999999999998,3,True,
benchmark,861,q8_order_items_join_products,0.38300000000000001,4,True,
benchmark,862,q8_order_items_join_products,0.35709999999999997,2,True,
benchmark,863,q8_order_items_join_products,0.38919999999999999,3,True,
benchmark,864,q8_order_items_join_products,0.41270000000000001,5,True,
benchmark,865,q8_order_items_join_products,0.3785,4,True,
benchmark,866,q8_order_items_join_products,0.39860000000000001,3,True,
benchmark,867,q8_order_items_join_products,0.38159999999999999,3,True,
benchmark,868,q8_order_items_join_products,0.3664,2,True,
benchmark,869,q8_order_items_join_products,0.39100000000000001,5,True,
benchmark,870,q8_order_items_join_products,0.37830000000000003,4,True,
benchmark,871,q8_order_items_join_products,0.3664,3,True,
benchmark,872,q8_order_items_join_products,0.34200000000000003,1,True,
benchmark,873,q8_order_items_join_products,0.3982,5,True,
benchmark,874,q8_order_items_join_products,0.35449999999999998,1,True,
benchmark,875,q8_order_items_join_products,0.39610000000000001,4,True,
benchmark,876,q8_order_items_join_products,0.38069999999999998,3,True,
benchmark,877,q8_order_items_join_products,0.39279999999999998,3,True,
benchmark,878,q8_order_items_join_products,0.36880000000000002,1,True,
benchmark,879,q8_order_items_join_products,0.36919999999999997,1,True,
benchmark,880,q8_order_items_join_products,0.38240000000000002,3,True,
benchmark,881,q8_order_items_join_products,0.39779999999999999,4,True,
benchmark,882,q8_order_items_join_products,0.3805,5,True,
benchmark,883,q8_order_items_join_products,0.39150000000000001,5,True,
benchmark,884,q8_order_items_join_products,0.3609,1,True,
benchmark,885,q8_order_items_join_products,0.36720000000000003,4,True,
benchmark,886,q8_order_items_join_products,0.41360000000000002,5,True,
benchmark,887,q8_order_items_join_products,0.38740000000000002,3,True,
benchmark,888,q8_order_items_join_products,0.3926,1,True,
benchmark,889,q8_order_items_join_products,0.4047,4,True,
benchmark,890,q8_order_items_join_products,0.48309999999999997,5,True,
benchmark,891,q8_order_items_join_products,0.45119999999999999,2,True,
benchmark,892,q8_order_items_join_products,0.438,4,True,
benchmark,893,q8_order_items_join_products,0.36799999999999999,1,True,
benchmark,894,q8_order_items_join_products,0.35580000000000001,2,True,
benchmark,895,q8_order_items_join_products,0.39639999999999997,5,True,
benchmark,896,q8_order_items_join_products,0.38329999999999997,3,True,
benchmark,897,q8_order_items_join_products,0.38250000000000001,4,True,
benchmark,898,q8_order_items_join_products,0.42299999999999999,5,True,
benchmark,899,q8_order_items_join_products,0.39140000000000003,5,True,
benchmark,900,q8_order_items_join_products,0.41239999999999999,4,True,
benchmark,901,q8_order_items_join_products,0.74099999999999999,5,True,
benchmark,902,q8_order_items_join_products,0.44369999999999998,3,True,
benchmark,903,q8_order_items_join_products,0.42509999999999998,4,True,
benchmark,904,q8_order_items_join_products,0.45390000000000003,4,True,
benchmark,905,q8_order_items_join_products,0.38279999999999997,1,True,
benchmark,906,q8_order_items_join_products,0.40629999999999999,3,True,
benchmark,907,q8_order_items_join_products,0.4128,5,True,
benchmark,908,q8_order_items_join_products,0.40279999999999999,5,True,
benchmark,909,q8_order_items_join_products,0.40529999999999999,5,True,
benchmark,910,q8_order_items_join_products,0.41389999999999999,3,True,
benchmark,911,q8_order_items_join_products,0.40999999999999998,5,True,
benchmark,912,q8_order_items_join_products,0.38700000000000001,4,True,
benchmark,913,q8_order_items_join_products,0.4052,4,True,
benchmark,914,q8_order_items_join_products,0.37040000000000001,2,True,
benchmark,915,q8_order_items_join_products,0.3931,5,True,
benchmark,916,q8_order_items_join_products,0.3851,3,True,
benchmark,917,q8_order_items_join_products,0.36170000000000002,2,True,
benchmark,918,q8_order_items_join_products,0.36730000000000002,2,True,
benchmark,919,q8_order_items_join_products,0.36699999999999999,1,True,
benchmark,920,q8_order_items_join_products,0.41360000000000002,5,True,
benchmark,921,q8_order_items_join_products,0.35410000000000003,2,True,
benchmark,922,q8_order_items_join_products,0.40489999999999998,4,True,
benchmark,923,q8_order_items_join_products,0.57140000000000002,1,True,
benchmark,924,q8_order_items_join_products,0.48299999999999998,3,True,
benchmark,925,q8_order_items_join_products,0.49990000000000001,5,True,
benchmark,926,q8_order_items_join_products,0.4662,3,True,
benchmark,927,q8_order_items_join_products,0.60260000000000002,1,True,
benchmark,928,q8_order_items_join_products,0.41649999999999998,4,True,
benchmark,929,q8_order_items_join_products,0.41449999999999998,5,True,
benchmark,930,q8_order_items_join_products,0.374,2,True,
benchmark,931,q8_order_items_join_products,0.44240000000000002,5,True,
benchmark,932,q8_order_items_join_products,0.39389999999999997,4,True,
benchmark,933,q8_order_items_join_products,0.40500000000000003,3,True,
benchmark,934,q8_order_items_join_products,0.39319999999999999,2,True,
benchmark,935,q8_order_items_join_products,0.3775,1,True,
benchmark,936,q8_order_items_join_products,0.38090000000000002,3,True,
benchmark,937,q8_order_items_join_products,0.4143,3,True,
benchmark,938,q8_order_items_join_products,0.4078,3,True,
benchmark,939,q8_order_items_join_products,0.374,1,True,
benchmark,940,q8_order_items_join_products,0.4481,4,True,
benchmark,941,q8_order_items_join_products,0.41160000000000002,1,True,
benchmark,942,q8_order_items_join_products,0.37409999999999999,3,True,
benchmark,943,q8_order_items_join_products,0.36180000000000001,1,True,
benchmark,944,q8_order_items_join_products,0.44319999999999998,3,True,
benchmark,945,q8_order_items_join_products,0.49080000000000001,4,True,
benchmark,946,q8_order_items_join_products,0.42530000000000001,5,True,
benchmark,947,q8_order_items_join_products,0.40400000000000003,3,True,
benchmark,948,q8_order_items_join_products,0.38150000000000001,1,True,
benchmark,949,q8_order_items_join_products,0.39369999999999999,4,True,
benchmark,950,q8_order_items_join_products,0.38200000000000001,2,True,
benchmark,951,q8_order_items_join_products,0.433,1,True,
benchmark,952,q8_order_items_join_products,0.40300000000000002,4,True,
benchmark,953,q8_order_items_join_products,0.3916,1,True,
benchmark,954,q8_order_items_join_products,0.42959999999999998,5,True,
benchmark,955,q8_order_items_join_products,0.42470000000000002,5,True,
benchmark,956,q8_order_items_join_products,0.47560000000000002,4,True,
benchmark,957,q8_order_items_join_products,0.41899999999999998,5,True,
benchmark,958,q8_order_items_join_products,0.40620000000000001,4,True,
benchmark,959,q8_order_items_join_products,0.39219999999999999,4,True,
benchmark,960,q8_order_items_join_products,0.37309999999999999,3,True,
benchmark,961,q8_order_items_join_products,0.3624,1,True,
benchmark,962,q8_order_items_join_products,0.47210000000000002,5,True,
benchmark,963,q8_order_items_join_products,0.4294,5,True,
benchmark,964,q8_order_items_join_products,0.43459999999999999,4,True,
benchmark,965,q8_order_items_join_products,0.48849999999999999,1,True,
benchmark,966,q8_order_items_join_products,0.4249,1,True,
benchmark,967,q8_order_items_join_products,0.40570000000000001,3,True,
benchmark,968,q8_order_items_join_products,0.40060000000000001,5,True,
benchmark,969,q8_order_items_join_products,0.39219999999999999,1,True,
benchmark,970,q8_order_items_join_products,0.36899999999999999,2,True,
benchmark,971,q8_order_items_join_products,0.37959999999999999,2,True,
benchmark,972,q8_order_items_join_products,0.43819999999999998,4,True,
benchmark,973,q8_order_items_join_products,1.7638,5,True,
benchmark,974,q8_order_items_join_products,0.37030000000000002,1,True,
benchmark,975,q8_order_items_join_products,0.42430000000000001,4,True,
benchmark,976,q8_order_items_join_products,0.42999999999999999,5,True,
benchmark,977,q8_order_items_join_products,0.51380000000000003,2,True,
benchmark,978,q8_order_items_join_products,0.45079999999999998,3,True,
benchmark,979,q8_order_items_join_products,0.46389999999999998,4,True,
benchmark,980,q8_order_items_join_products,0.43280000000000002,3,True,
benchmark,981,q8_order_items_join_products,0.443,1,True,
benchmark,982,q8_order_items_join_products,0.40600000000000003,3,True,
benchmark,983,q8_order_items_join_products,0.45200000000000001,5,True,
benchmark,984,q8_order_items_join_products,0.40550000000000003,5,True,
benchmark,985,q8_order_items_join_products,0.37040000000000001,1,True,
benchmark,986,q8_order_items_join_products,0.37169999999999997,2,True,
benchmark,987,q8_order_items_join_products,0.36259999999999998,2,True,
benchmark,988,q8_order_items_join_products,0.38240000000000002,3,True,
benchmark,989,q8_order_items_join_products,0.4148,5,True,
benchmark,990,q8_order_items_join_products,0.35949999999999999,1,True,
benchmark,991,q8_order_items_join_products,0.35620000000000002,1,True,
benchmark,992,q8_order_items_join_products,0.39960000000000001,2,True,
benchmark,993,q8_order_items_join_products,0.36509999999999998,2,True,
benchmark,994,q8_order_items_join_products,0.35620000000000002,1,True,
benchmark,995,q8_order_items_join_products,0.38400000000000001,3,True,
benchmark,996,q8_order_items_join_products,0.35749999999999998,1,True,
benchmark,997,q8_order_items_join_products,0.40899999999999997,1,True,
benchmark,998,q8_order_items_join_products,0.40150000000000002,4,True,
benchmark,999,q8_order_items_join_products,0.43540000000000001,3,True,
benchmark,1000,q8_order_items_join_products,0.40789999999999998,5,True,
benchmark,1,q9_orders_items_products_by_user,0.32750000000000001,0,True,
benchmark,2,q9_orders_items_products_by_user,0.10920000000000001,0,True,
benchmark,3,q9_orders_items_products_by_user,0.31509999999999999,0,True,
benchmark,4,q9_orders_items_products_by_user,0.38229999999999997,1,True,
benchmark,5,q9_orders_items_products_by_user,0.42699999999999999,2,True,
benchmark,6,q9_orders_items_products_by_user,0.63300000000000001,4,True,
benchmark,7,q9_orders_items_products_by_user,0.0683,0,True,
benchmark,8,q9_orders_items_products_by_user,0.070099999999999996,0,True,
benchmark,9,q9_orders_items_products_by_user,0.28939999999999999,0,True,
benchmark,10,q9_orders_items_products_by_user,0.1893,0,True,
benchmark,11,q9_orders_items_products_by_user,0.064500000000000002,0,True,
benchmark,12,q9_orders_items_products_by_user,0.067000000000000004,0,True,
benchmark,13,q9_orders_items_products_by_user,0.61370000000000002,5,True,
benchmark,14,q9_orders_items_products_by_user,0.62790000000000001,5,True,
benchmark,15,q9_orders_items_products_by_user,0.61629999999999996,5,True,
benchmark,16,q9_orders_items_products_by_user,0.71909999999999996,2,True,
benchmark,17,q9_orders_items_products_by_user,0.068000000000000005,0,True,
benchmark,18,q9_orders_items_products_by_user,0.065699999999999995,0,True,
benchmark,19,q9_orders_items_products_by_user,0.309,0,True,
benchmark,20,q9_orders_items_products_by_user,0.22919999999999999,0,True,
benchmark,21,q9_orders_items_products_by_user,0.065600000000000006,0,True,
benchmark,22,q9_orders_items_products_by_user,0.087099999999999997,0,True,
benchmark,23,q9_orders_items_products_by_user,0.58379999999999999,4,True,
benchmark,24,q9_orders_items_products_by_user,0.2084,0,True,
benchmark,25,q9_orders_items_products_by_user,0.2767,0,True,
benchmark,26,q9_orders_items_products_by_user,0.47820000000000001,0,True,
benchmark,27,q9_orders_items_products_by_user,0.0722,0,True,
benchmark,28,q9_orders_items_products_by_user,0.072300000000000003,0,True,
benchmark,29,q9_orders_items_products_by_user,1.2232000000000001,10,True,
benchmark,30,q9_orders_items_products_by_user,0.078299999999999995,0,True,
benchmark,31,q9_orders_items_products_by_user,0.65339999999999998,5,True,
benchmark,32,q9_orders_items_products_by_user,0.066199999999999995,0,True,
benchmark,33,q9_orders_items_products_by_user,0.063399999999999998,0,True,
benchmark,34,q9_orders_items_products_by_user,0.54559999999999997,4,True,
benchmark,35,q9_orders_items_products_by_user,0.064500000000000002,0,True,
benchmark,36,q9_orders_items_products_by_user,0.99339999999999995,9,True,
benchmark,37,q9_orders_items_products_by_user,0.18729999999999999,0,True,
benchmark,38,q9_orders_items_products_by_user,0.20069999999999999,0,True,
benchmark,39,q9_orders_items_products_by_user,0.61460000000000004,0,True,
benchmark,40,q9_orders_items_products_by_user,0.57950000000000002,5,True,
benchmark,41,q9_orders_items_products_by_user,0.063500000000000001,0,True,
benchmark,42,q9_orders_items_products_by_user,0.064699999999999994,0,True,
benchmark,43,q9_orders_items_products_by_user,0.189,0,True,
benchmark,44,q9_orders_items_products_by_user,0.061499999999999999,0,True,
benchmark,45,q9_orders_items_products_by_user,0.069800000000000001,0,True,
benchmark,46,q9_orders_items_products_by_user,0.061600000000000002,0,True,
benchmark,47,q9_orders_items_products_by_user,0.064799999999999996,0,True,
benchmark,48,q9_orders_items_products_by_user,0.0579,0,True,
benchmark,49,q9_orders_items_products_by_user,0.36659999999999998,2,True,
benchmark,50,q9_orders_items_products_by_user,0.47520000000000001,3,True,
benchmark,51,q9_orders_items_products_by_user,0.1452,0,True,
benchmark,52,q9_orders_items_products_by_user,0.085300000000000001,0,True,
benchmark,53,q9_orders_items_products_by_user,0.075999999999999998,0,True,
benchmark,54,q9_orders_items_products_by_user,0.0693,0,True,
benchmark,55,q9_orders_items_products_by_user,0.5333,3,True,
benchmark,56,q9_orders_items_products_by_user,0.2145,0,True,
benchmark,57,q9_orders_items_products_by_user,0.070099999999999996,0,True,
benchmark,58,q9_orders_items_products_by_user,1.0709,5,True,
benchmark,59,q9_orders_items_products_by_user,0.074099999999999999,0,True,
benchmark,60,q9_orders_items_products_by_user,0.068500000000000005,0,True,
benchmark,61,q9_orders_items_products_by_user,1.3488,10,True,
benchmark,62,q9_orders_items_products_by_user,0.074200000000000002,0,True,
benchmark,63,q9_orders_items_products_by_user,0.57010000000000005,4,True,
benchmark,64,q9_orders_items_products_by_user,0.56620000000000004,4,True,
benchmark,65,q9_orders_items_products_by_user,0.70579999999999998,4,True,
benchmark,66,q9_orders_items_products_by_user,0.061699999999999998,0,True,
benchmark,67,q9_orders_items_products_by_user,0.073400000000000007,0,True,
benchmark,68,q9_orders_items_products_by_user,0.55349999999999999,4,True,
benchmark,69,q9_orders_items_products_by_user,0.20830000000000001,0,True,
benchmark,70,q9_orders_items_products_by_user,0.48780000000000001,2,True,
benchmark,71,q9_orders_items_products_by_user,0.073400000000000007,0,True,
benchmark,72,q9_orders_items_products_by_user,0.60060000000000002,3,True,
benchmark,73,q9_orders_items_products_by_user,0.62309999999999999,0,True,
benchmark,74,q9_orders_items_products_by_user,0.070699999999999999,0,True,
benchmark,75,q9_orders_items_products_by_user,0.060600000000000001,0,True,
benchmark,76,q9_orders_items_products_by_user,0.086499999999999994,0,True,
benchmark,77,q9_orders_items_products_by_user,0.98209999999999997,5,True,
benchmark,78,q9_orders_items_products_by_user,0.2437,0,True,
benchmark,79,q9_orders_items_products_by_user,0.216,0,True,
benchmark,80,q9_orders_items_products_by_user,0.066400000000000001,0,True,
benchmark,81,q9_orders_items_products_by_user,0.081000000000000003,0,True,
benchmark,82,q9_orders_items_products_by_user,0.080100000000000005,0,True,
benchmark,83,q9_orders_items_products_by_user,0.49840000000000001,2,True,
benchmark,84,q9_orders_items_products_by_user,1.0185999999999999,8,True,
benchmark,85,q9_orders_items_products_by_user,0.376,2,True,
benchmark,86,q9_orders_items_products_by_user,0.060400000000000002,0,True,
benchmark,87,q9_orders_items_products_by_user,0.066299999999999998,0,True,
benchmark,88,q9_orders_items_products_by_user,0.073499999999999996,0,True,
benchmark,89,q9_orders_items_products_by_user,0.19320000000000001,0,True,
benchmark,90,q9_orders_items_products_by_user,0.57840000000000003,4,True,
benchmark,91,q9_orders_items_products_by_user,0.78310000000000002,6,True,
benchmark,92,q9_orders_items_products_by_user,0.18629999999999999,0,True,
benchmark,93,q9_orders_items_products_by_user,0.067500000000000004,0,True,
benchmark,94,q9_orders_items_products_by_user,0.065100000000000005,0,True,
benchmark,95,q9_orders_items_products_by_user,0.062100000000000002,0,True,
benchmark,96,q9_orders_items_products_by_user,0.2051,0,True,
benchmark,97,q9_orders_items_products_by_user,0.064500000000000002,0,True,
benchmark,98,q9_orders_items_products_by_user,0.51139999999999997,4,True,
benchmark,99,q9_orders_items_products_by_user,0.065100000000000005,0,True,
benchmark,100,q9_orders_items_products_by_user,0.45379999999999998,3,True,
benchmark,101,q9_orders_items_products_by_user,0.91310000000000002,1,True,
benchmark,102,q9_orders_items_products_by_user,0.61499999999999999,4,True,
benchmark,103,q9_orders_items_products_by_user,0.068900000000000003,0,True,
benchmark,104,q9_orders_items_products_by_user,0.064199999999999993,0,True,
benchmark,105,q9_orders_items_products_by_user,0.27600000000000002,0,True,
benchmark,106,q9_orders_items_products_by_user,0.191,0,True,
benchmark,107,q9_orders_items_products_by_user,0.19980000000000001,0,True,
benchmark,108,q9_orders_items_products_by_user,0.063399999999999998,0,True,
benchmark,109,q9_orders_items_products_by_user,0.97860000000000003,8,True,
benchmark,110,q9_orders_items_products_by_user,0.60619999999999996,4,True,
benchmark,111,q9_orders_items_products_by_user,0.060699999999999997,0,True,
benchmark,112,q9_orders_items_products_by_user,0.58889999999999998,5,True,
benchmark,113,q9_orders_items_products_by_user,0.069500000000000006,0,True,
benchmark,114,q9_orders_items_products_by_user,0.0785,0,True,
benchmark,115,q9_orders_items_products_by_user,0.45929999999999999,1,True,
benchmark,116,q9_orders_items_products_by_user,0.77549999999999997,5,True,
benchmark,117,q9_orders_items_products_by_user,0.0722,0,True,
benchmark,118,q9_orders_items_products_by_user,0.53400000000000003,0,True,
benchmark,119,q9_orders_items_products_by_user,0.080600000000000005,0,True,
benchmark,120,q9_orders_items_products_by_user,0.32569999999999999,0,True,
benchmark,121,q9_orders_items_products_by_user,0.75409999999999999,5,True,
benchmark,122,q9_orders_items_products_by_user,0.0717,0,True,
benchmark,123,q9_orders_items_products_by_user,0.61670000000000003,4,True,
benchmark,124,q9_orders_items_products_by_user,0.069800000000000001,0,True,
benchmark,125,q9_orders_items_products_by_user,0.063399999999999998,0,True,
benchmark,126,q9_orders_items_products_by_user,0.59899999999999998,4,True,
benchmark,127,q9_orders_items_products_by_user,0.064699999999999994,0,True,
benchmark,128,q9_orders_items_products_by_user,0.37790000000000001,2,True,
benchmark,129,q9_orders_items_products_by_user,0.061199999999999997,0,True,
benchmark,130,q9_orders_items_products_by_user,0.56720000000000004,3,True,
benchmark,131,q9_orders_items_products_by_user,0.063399999999999998,0,True,
benchmark,132,q9_orders_items_products_by_user,1.073,10,True,
benchmark,133,q9_orders_items_products_by_user,0.31580000000000003,1,True,
benchmark,134,q9_orders_items_products_by_user,0.72529999999999994,5,True,
benchmark,135,q9_orders_items_products_by_user,0.063200000000000006,0,True,
benchmark,136,q9_orders_items_products_by_user,0.45569999999999999,2,True,
benchmark,137,q9_orders_items_products_by_user,1.1506000000000001,7,True,
benchmark,138,q9_orders_items_products_by_user,0.096600000000000005,0,True,
benchmark,139,q9_orders_items_products_by_user,0.8579,5,True,
benchmark,140,q9_orders_items_products_by_user,0.27489999999999998,0,True,
benchmark,141,q9_orders_items_products_by_user,0.080500000000000002,0,True,
benchmark,142,q9_orders_items_products_by_user,0.68400000000000005,4,True,
benchmark,143,q9_orders_items_products_by_user,0.2477,0,True,
benchmark,144,q9_orders_items_products_by_user,0.071499999999999994,0,True,
benchmark,145,q9_orders_items_products_by_user,0.065799999999999997,0,True,
benchmark,146,q9_orders_items_products_by_user,0.0596,0,True,
benchmark,147,q9_orders_items_products_by_user,0.071900000000000006,0,True,
benchmark,148,q9_orders_items_products_by_user,0.076100000000000001,0,True,
benchmark,149,q9_orders_items_products_by_user,0.072700000000000001,0,True,
benchmark,150,q9_orders_items_products_by_user,0.065100000000000005,0,True,
benchmark,151,q9_orders_items_products_by_user,0.13600000000000001,0,True,
benchmark,152,q9_orders_items_products_by_user,0.19420000000000001,0,True,
benchmark,153,q9_orders_items_products_by_user,0.071499999999999994,0,True,
benchmark,154,q9_orders_items_products_by_user,0.077799999999999994,0,True,
benchmark,155,q9_orders_items_products_by_user,0.24199999999999999,0,True,
benchmark,156,q9_orders_items_products_by_user,0.57310000000000005,3,True,
benchmark,157,q9_orders_items_products_by_user,0.88229999999999997,5,True,
benchmark,158,q9_orders_items_products_by_user,0.57110000000000005,4,True,
benchmark,159,q9_orders_items_products_by_user,0.21809999999999999,0,True,
benchmark,160,q9_orders_items_products_by_user,0.076399999999999996,0,True,
benchmark,161,q9_orders_items_products_by_user,0.57550000000000001,4,True,
benchmark,162,q9_orders_items_products_by_user,0.0688,0,True,
benchmark,163,q9_orders_items_products_by_user,0.48999999999999999,2,True,
benchmark,164,q9_orders_items_products_by_user,0.60770000000000002,4,True,
benchmark,165,q9_orders_items_products_by_user,0.0659,0,True,
benchmark,166,q9_orders_items_products_by_user,0.23980000000000001,0,True,
benchmark,167,q9_orders_items_products_by_user,0.24890000000000001,0,True,
benchmark,168,q9_orders_items_products_by_user,0.40949999999999998,1,True,
benchmark,169,q9_orders_items_products_by_user,0.099299999999999999,0,True,
benchmark,170,q9_orders_items_products_by_user,0.3206,0,True,
benchmark,171,q9_orders_items_products_by_user,0.8266,1,True,
benchmark,172,q9_orders_items_products_by_user,0.246,0,True,
benchmark,173,q9_orders_items_products_by_user,0.073800000000000004,0,True,
benchmark,174,q9_orders_items_products_by_user,0.44929999999999998,3,True,
benchmark,175,q9_orders_items_products_by_user,0.65110000000000001,5,True,
benchmark,176,q9_orders_items_products_by_user,0.19239999999999999,0,True,
benchmark,177,q9_orders_items_products_by_user,0.64649999999999996,5,True,
benchmark,178,q9_orders_items_products_by_user,0.47389999999999999,0,True,
benchmark,179,q9_orders_items_products_by_user,0.4667,3,True,
benchmark,180,q9_orders_items_products_by_user,0.19470000000000001,0,True,
benchmark,181,q9_orders_items_products_by_user,0.066600000000000006,0,True,
benchmark,182,q9_orders_items_products_by_user,0.73499999999999999,5,True,
benchmark,183,q9_orders_items_products_by_user,0.19450000000000001,0,True,
benchmark,184,q9_orders_items_products_by_user,0.062700000000000006,0,True,
benchmark,185,q9_orders_items_products_by_user,0.58069999999999999,3,True,
benchmark,186,q9_orders_items_products_by_user,0.63719999999999999,4,True,
benchmark,187,q9_orders_items_products_by_user,0.062100000000000002,0,True,
benchmark,188,q9_orders_items_products_by_user,0.74609999999999999,6,True,
benchmark,189,q9_orders_items_products_by_user,0.1837,0,True,
benchmark,190,q9_orders_items_products_by_user,0.062700000000000006,0,True,
benchmark,191,q9_orders_items_products_by_user,0.15620000000000001,0,True,
benchmark,192,q9_orders_items_products_by_user,0.072599999999999998,0,True,
benchmark,193,q9_orders_items_products_by_user,0.61719999999999997,4,True,
benchmark,194,q9_orders_items_products_by_user,0.112,0,True,
benchmark,195,q9_orders_items_products_by_user,0.76849999999999996,5,True,
benchmark,196,q9_orders_items_products_by_user,0.18720000000000001,0,True,
benchmark,197,q9_orders_items_products_by_user,0.062600000000000003,0,True,
benchmark,198,q9_orders_items_products_by_user,0.1676,0,True,
benchmark,199,q9_orders_items_products_by_user,0.055500000000000001,0,True,
benchmark,200,q9_orders_items_products_by_user,0.061800000000000001,0,True,
benchmark,201,q9_orders_items_products_by_user,0.9073,3,True,
benchmark,202,q9_orders_items_products_by_user,0.55220000000000002,2,True,
benchmark,203,q9_orders_items_products_by_user,0.78669999999999995,5,True,
benchmark,204,q9_orders_items_products_by_user,0.74419999999999997,5,True,
benchmark,205,q9_orders_items_products_by_user,0.2681,0,True,
benchmark,206,q9_orders_items_products_by_user,0.067500000000000004,0,True,
benchmark,207,q9_orders_items_products_by_user,0.51370000000000005,3,True,
benchmark,208,q9_orders_items_products_by_user,0.093399999999999997,0,True,
benchmark,209,q9_orders_items_products_by_user,0.064799999999999996,0,True,
benchmark,210,q9_orders_items_products_by_user,0.47699999999999998,2,True,
benchmark,211,q9_orders_items_products_by_user,0.36759999999999998,0,True,
benchmark,212,q9_orders_items_products_by_user,0.94520000000000004,7,True,
benchmark,213,q9_orders_items_products_by_user,0.9405,3,True,
benchmark,214,q9_orders_items_products_by_user,0.65800000000000003,5,True,
benchmark,215,q9_orders_items_products_by_user,0.43690000000000001,2,True,
benchmark,216,q9_orders_items_products_by_user,0.2661,0,True,
benchmark,217,q9_orders_items_products_by_user,0.73129999999999995,5,True,
benchmark,218,q9_orders_items_products_by_user,0.086099999999999996,0,True,
benchmark,219,q9_orders_items_products_by_user,0.87109999999999999,5,True,
benchmark,220,q9_orders_items_products_by_user,0.066500000000000004,0,True,
benchmark,221,q9_orders_items_products_by_user,0.5575,3,True,
benchmark,222,q9_orders_items_products_by_user,0.079699999999999993,0,True,
benchmark,223,q9_orders_items_products_by_user,0.71209999999999996,4,True,
benchmark,224,q9_orders_items_products_by_user,0.089499999999999996,0,True,
benchmark,225,q9_orders_items_products_by_user,0.087599999999999997,0,True,
benchmark,226,q9_orders_items_products_by_user,0.080100000000000005,0,True,
benchmark,227,q9_orders_items_products_by_user,0.090999999999999998,0,True,
benchmark,228,q9_orders_items_products_by_user,0.31690000000000002,0,True,
benchmark,229,q9_orders_items_products_by_user,0.34429999999999999,0,True,
benchmark,230,q9_orders_items_products_by_user,0.087099999999999997,0,True,
benchmark,231,q9_orders_items_products_by_user,0.098799999999999999,0,True,
benchmark,232,q9_orders_items_products_by_user,0.73599999999999999,4,True,
benchmark,233,q9_orders_items_products_by_user,0.072999999999999995,0,True,
benchmark,234,q9_orders_items_products_by_user,0.1061,0,True,
benchmark,235,q9_orders_items_products_by_user,0.24260000000000001,0,True,
benchmark,236,q9_orders_items_products_by_user,0.21190000000000001,0,True,
benchmark,237,q9_orders_items_products_by_user,0.1981,0,True,
benchmark,238,q9_orders_items_products_by_user,0.6502,5,True,
benchmark,239,q9_orders_items_products_by_user,0.46400000000000002,2,True,
benchmark,240,q9_orders_items_products_by_user,0.091999999999999998,0,True,
benchmark,241,q9_orders_items_products_by_user,0.19819999999999999,0,True,
benchmark,242,q9_orders_items_products_by_user,0.40479999999999999,2,True,
benchmark,243,q9_orders_items_products_by_user,0.32969999999999999,1,True,
benchmark,244,q9_orders_items_products_by_user,0.42130000000000001,2,True,
benchmark,245,q9_orders_items_products_by_user,0.069699999999999998,0,True,
benchmark,246,q9_orders_items_products_by_user,0.074700000000000003,0,True,
benchmark,247,q9_orders_items_products_by_user,0.20349999999999999,0,True,
benchmark,248,q9_orders_items_products_by_user,0.49220000000000003,2,True,
benchmark,249,q9_orders_items_products_by_user,0.31280000000000002,0,True,
benchmark,250,q9_orders_items_products_by_user,0.123,0,True,
benchmark,251,q9_orders_items_products_by_user,0.64570000000000005,4,True,
benchmark,252,q9_orders_items_products_by_user,0.064899999999999999,0,True,
benchmark,253,q9_orders_items_products_by_user,0.40810000000000002,1,True,
benchmark,254,q9_orders_items_products_by_user,0.067599999999999993,0,True,
benchmark,255,q9_orders_items_products_by_user,0.24909999999999999,0,True,
benchmark,256,q9_orders_items_products_by_user,0.2666,0,True,
benchmark,257,q9_orders_items_products_by_user,0.2127,0,True,
benchmark,258,q9_orders_items_products_by_user,0.090200000000000002,0,True,
benchmark,259,q9_orders_items_products_by_user,0.075200000000000003,0,True,
benchmark,260,q9_orders_items_products_by_user,0.65049999999999997,3,True,
benchmark,261,q9_orders_items_products_by_user,0.58409999999999995,3,True,
benchmark,262,q9_orders_items_products_by_user,1.0239,6,True,
benchmark,263,q9_orders_items_products_by_user,0.073700000000000002,0,True,
benchmark,264,q9_orders_items_products_by_user,0.44869999999999999,1,True,
benchmark,265,q9_orders_items_products_by_user,0.0625,0,True,
benchmark,266,q9_orders_items_products_by_user,0.066600000000000006,0,True,
benchmark,267,q9_orders_items_products_by_user,0.20569999999999999,0,True,
benchmark,268,q9_orders_items_products_by_user,0.68159999999999998,5,True,
benchmark,269,q9_orders_items_products_by_user,0.066199999999999995,0,True,
benchmark,270,q9_orders_items_products_by_user,0.66400000000000003,5,True,
benchmark,271,q9_orders_items_products_by_user,0.15859999999999999,0,True,
benchmark,272,q9_orders_items_products_by_user,0.059400000000000001,0,True,
benchmark,273,q9_orders_items_products_by_user,0.41839999999999999,2,True,
benchmark,274,q9_orders_items_products_by_user,0.16900000000000001,0,True,
benchmark,275,q9_orders_items_products_by_user,0.44750000000000001,4,True,
benchmark,276,q9_orders_items_products_by_user,0.41760000000000003,3,True,
benchmark,277,q9_orders_items_products_by_user,0.055399999999999998,0,True,
benchmark,278,q9_orders_items_products_by_user,0.15670000000000001,0,True,
benchmark,279,q9_orders_items_products_by_user,0.56230000000000002,4,True,
benchmark,280,q9_orders_items_products_by_user,0.070199999999999999,0,True,
benchmark,281,q9_orders_items_products_by_user,0.060999999999999999,0,True,
benchmark,282,q9_orders_items_products_by_user,0.053900000000000003,0,True,
benchmark,283,q9_orders_items_products_by_user,0.049500000000000002,0,True,
benchmark,284,q9_orders_items_products_by_user,0.057500000000000002,0,True,
benchmark,285,q9_orders_items_products_by_user,0.18629999999999999,0,True,
benchmark,286,q9_orders_items_products_by_user,0.1091,0,True,
benchmark,287,q9_orders_items_products_by_user,1.6753,12,True,
benchmark,288,q9_orders_items_products_by_user,0.090499999999999997,0,True,
benchmark,289,q9_orders_items_products_by_user,0.062899999999999998,0,True,
benchmark,290,q9_orders_items_products_by_user,0.0722,0,True,
benchmark,291,q9_orders_items_products_by_user,0.94210000000000005,9,True,
benchmark,292,q9_orders_items_products_by_user,0.56759999999999999,5,True,
benchmark,293,q9_orders_items_products_by_user,0.54059999999999997,5,True,
benchmark,294,q9_orders_items_products_by_user,0.52480000000000004,5,True,
benchmark,295,q9_orders_items_products_by_user,0.16400000000000001,0,True,
benchmark,296,q9_orders_items_products_by_user,0.081100000000000005,0,True,
benchmark,297,q9_orders_items_products_by_user,0.056399999999999999,0,True,
benchmark,298,q9_orders_items_products_by_user,0.61329999999999996,5,True,
benchmark,299,q9_orders_items_products_by_user,0.053199999999999997,0,True,
benchmark,300,q9_orders_items_products_by_user,0.438,2,True,
benchmark,301,q9_orders_items_products_by_user,0.31890000000000002,0,True,
benchmark,302,q9_orders_items_products_by_user,0.60050000000000003,2,True,
benchmark,303,q9_orders_items_products_by_user,0.49730000000000002,3,True,
benchmark,304,q9_orders_items_products_by_user,0.20080000000000001,0,True,
benchmark,305,q9_orders_items_products_by_user,0.070499999999999993,0,True,
benchmark,306,q9_orders_items_products_by_user,0.93540000000000001,8,True,
benchmark,307,q9_orders_items_products_by_user,0.25280000000000002,0,True,
benchmark,308,q9_orders_items_products_by_user,0.33700000000000002,1,True,
benchmark,309,q9_orders_items_products_by_user,0.64939999999999998,1,True,
benchmark,310,q9_orders_items_products_by_user,0.2092,0,True,
benchmark,311,q9_orders_items_products_by_user,0.063399999999999998,0,True,
benchmark,312,q9_orders_items_products_by_user,0.19220000000000001,0,True,
benchmark,313,q9_orders_items_products_by_user,0.066299999999999998,0,True,
benchmark,314,q9_orders_items_products_by_user,0.18990000000000001,0,True,
benchmark,315,q9_orders_items_products_by_user,0.1847,0,True,
benchmark,316,q9_orders_items_products_by_user,0.1051,0,True,
benchmark,317,q9_orders_items_products_by_user,0.070599999999999996,0,True,
benchmark,318,q9_orders_items_products_by_user,0.060499999999999998,0,True,
benchmark,319,q9_orders_items_products_by_user,0.074099999999999999,0,True,
benchmark,320,q9_orders_items_products_by_user,0.070699999999999999,0,True,
benchmark,321,q9_orders_items_products_by_user,0.39150000000000001,2,True,
benchmark,322,q9_orders_items_products_by_user,0.064000000000000001,0,True,
benchmark,323,q9_orders_items_products_by_user,0.079799999999999996,0,True,
benchmark,324,q9_orders_items_products_by_user,2.0794999999999999,7,True,
benchmark,325,q9_orders_items_products_by_user,0.99860000000000004,5,True,
benchmark,326,q9_orders_items_products_by_user,0.42999999999999999,1,True,
benchmark,327,q9_orders_items_products_by_user,0.061100000000000002,0,True,
benchmark,328,q9_orders_items_products_by_user,0.32340000000000002,1,True,
benchmark,329,q9_orders_items_products_by_user,0.061600000000000002,0,True,
benchmark,330,q9_orders_items_products_by_user,0.062,0,True,
benchmark,331,q9_orders_items_products_by_user,0.26200000000000001,0,True,
benchmark,332,q9_orders_items_products_by_user,0.1807,0,True,
benchmark,333,q9_orders_items_products_by_user,0.18870000000000001,0,True,
benchmark,334,q9_orders_items_products_by_user,0.0625,0,True,
benchmark,335,q9_orders_items_products_by_user,0.60650000000000004,4,True,
benchmark,336,q9_orders_items_products_by_user,0.26400000000000001,0,True,
benchmark,337,q9_orders_items_products_by_user,0.75929999999999997,6,True,
benchmark,338,q9_orders_items_products_by_user,0.67390000000000005,5,True,
benchmark,339,q9_orders_items_products_by_user,0.37540000000000001,1,True,
benchmark,340,q9_orders_items_products_by_user,0.18859999999999999,0,True,
benchmark,341,q9_orders_items_products_by_user,0.27610000000000001,0,True,
benchmark,342,q9_orders_items_products_by_user,0.073999999999999996,0,True,
benchmark,343,q9_orders_items_products_by_user,0.086999999999999994,0,True,
benchmark,344,q9_orders_items_products_by_user,0.36449999999999999,1,True,
benchmark,345,q9_orders_items_products_by_user,0.21490000000000001,0,True,
benchmark,346,q9_orders_items_products_by_user,0.35020000000000001,1,True,
benchmark,347,q9_orders_items_products_by_user,0.25800000000000001,0,True,
benchmark,348,q9_orders_items_products_by_user,0.61529999999999996,4,True,
benchmark,349,q9_orders_items_products_by_user,0.1096,0,True,
benchmark,350,q9_orders_items_products_by_user,0.1052,0,True,
benchmark,351,q9_orders_items_products_by_user,0.80420000000000003,5,True,
benchmark,352,q9_orders_items_products_by_user,0.059299999999999999,0,True,
benchmark,353,q9_orders_items_products_by_user,0.16450000000000001,0,True,
benchmark,354,q9_orders_items_products_by_user,0.47339999999999999,1,True,
benchmark,355,q9_orders_items_products_by_user,0.67130000000000001,6,True,
benchmark,356,q9_orders_items_products_by_user,0.060999999999999999,0,True,
benchmark,357,q9_orders_items_products_by_user,0.052999999999999999,0,True,
benchmark,358,q9_orders_items_products_by_user,0.13420000000000001,0,True,
benchmark,359,q9_orders_items_products_by_user,0.047300000000000002,0,True,
benchmark,360,q9_orders_items_products_by_user,0.59550000000000003,4,True,
benchmark,361,q9_orders_items_products_by_user,0.050700000000000002,0,True,
benchmark,362,q9_orders_items_products_by_user,0.4647,4,True,
benchmark,363,q9_orders_items_products_by_user,0.046199999999999998,0,True,
benchmark,364,q9_orders_items_products_by_user,0.40089999999999998,3,True,
benchmark,365,q9_orders_items_products_by_user,0.54079999999999995,2,True,
benchmark,366,q9_orders_items_products_by_user,0.55110000000000003,5,True,
benchmark,367,q9_orders_items_products_by_user,0.26650000000000001,1,True,
benchmark,368,q9_orders_items_products_by_user,0.52580000000000005,5,True,
benchmark,369,q9_orders_items_products_by_user,0.32619999999999999,1,True,
benchmark,370,q9_orders_items_products_by_user,0.30890000000000001,1,True,
benchmark,371,q9_orders_items_products_by_user,0.046899999999999997,0,True,
benchmark,372,q9_orders_items_products_by_user,0.43070000000000003,4,True,
benchmark,373,q9_orders_items_products_by_user,0.65500000000000003,3,True,
benchmark,374,q9_orders_items_products_by_user,0.23999999999999999,0,True,
benchmark,375,q9_orders_items_products_by_user,0.67800000000000005,1,True,
benchmark,376,q9_orders_items_products_by_user,0.060100000000000001,0,True,
benchmark,377,q9_orders_items_products_by_user,0.051999999999999998,0,True,
benchmark,378,q9_orders_items_products_by_user,0.072800000000000004,0,True,
benchmark,379,q9_orders_items_products_by_user,0.081299999999999997,0,True,
benchmark,380,q9_orders_items_products_by_user,0.088999999999999996,0,True,
benchmark,381,q9_orders_items_products_by_user,0.67359999999999998,5,True,
benchmark,382,q9_orders_items_products_by_user,0.0487,0,True,
benchmark,383,q9_orders_items_products_by_user,0.064000000000000001,0,True,
benchmark,384,q9_orders_items_products_by_user,0.054699999999999999,0,True,
benchmark,385,q9_orders_items_products_by_user,0.1542,0,True,
benchmark,386,q9_orders_items_products_by_user,0.161,0,True,
benchmark,387,q9_orders_items_products_by_user,0.052900000000000003,0,True,
benchmark,388,q9_orders_items_products_by_user,0.16039999999999999,0,True,
benchmark,389,q9_orders_items_products_by_user,0.34000000000000002,1,True,
benchmark,390,q9_orders_items_products_by_user,0.050500000000000003,0,True,
benchmark,391,q9_orders_items_products_by_user,0.16520000000000001,0,True,
benchmark,392,q9_orders_items_products_by_user,0.056599999999999998,0,True,
benchmark,393,q9_orders_items_products_by_user,0.049000000000000002,0,True,
benchmark,394,q9_orders_items_products_by_user,0.047699999999999999,0,True,
benchmark,395,q9_orders_items_products_by_user,0.050999999999999997,0,True,
benchmark,396,q9_orders_items_products_by_user,0.055300000000000002,0,True,
benchmark,397,q9_orders_items_products_by_user,0.21340000000000001,0,True,
benchmark,398,q9_orders_items_products_by_user,0.1512,0,True,
benchmark,399,q9_orders_items_products_by_user,0.0482,0,True,
benchmark,400,q9_orders_items_products_by_user,0.0567,0,True,
benchmark,401,q9_orders_items_products_by_user,0.30659999999999998,0,True,
benchmark,402,q9_orders_items_products_by_user,0.2888,0,True,
benchmark,403,q9_orders_items_products_by_user,0.078700000000000006,0,True,
benchmark,404,q9_orders_items_products_by_user,0.068199999999999997,0,True,
benchmark,405,q9_orders_items_products_by_user,0.070099999999999996,0,True,
benchmark,406,q9_orders_items_products_by_user,0.18940000000000001,0,True,
benchmark,407,q9_orders_items_products_by_user,0.067199999999999996,0,True,
benchmark,408,q9_orders_items_products_by_user,0.53820000000000001,3,True,
benchmark,409,q9_orders_items_products_by_user,0.086499999999999994,0,True,
benchmark,410,q9_orders_items_products_by_user,0.46910000000000002,3,True,
benchmark,411,q9_orders_items_products_by_user,0.47270000000000001,2,True,
benchmark,412,q9_orders_items_products_by_user,0.48380000000000001,3,True,
benchmark,413,q9_orders_items_products_by_user,0.067199999999999996,0,True,
benchmark,414,q9_orders_items_products_by_user,0.54669999999999996,4,True,
benchmark,415,q9_orders_items_products_by_user,0.57350000000000001,4,True,
benchmark,416,q9_orders_items_products_by_user,0.222,0,True,
benchmark,417,q9_orders_items_products_by_user,0.071900000000000006,0,True,
benchmark,418,q9_orders_items_products_by_user,0.54820000000000002,2,True,
benchmark,419,q9_orders_items_products_by_user,0.3705,1,True,
benchmark,420,q9_orders_items_products_by_user,0.069800000000000001,0,True,
benchmark,421,q9_orders_items_products_by_user,0.21959999999999999,0,True,
benchmark,422,q9_orders_items_products_by_user,0.1341,0,True,
benchmark,423,q9_orders_items_products_by_user,0.11700000000000001,0,True,
benchmark,424,q9_orders_items_products_by_user,0.34849999999999998,0,True,
benchmark,425,q9_orders_items_products_by_user,0.078700000000000006,0,True,
benchmark,426,q9_orders_items_products_by_user,0.80379999999999996,5,True,
benchmark,427,q9_orders_items_products_by_user,0.090399999999999994,0,True,
benchmark,428,q9_orders_items_products_by_user,0.96299999999999997,4,True,
benchmark,429,q9_orders_items_products_by_user,0.91390000000000005,6,True,
benchmark,430,q9_orders_items_products_by_user,0.22750000000000001,0,True,
benchmark,431,q9_orders_items_products_by_user,0.070199999999999999,0,True,
benchmark,432,q9_orders_items_products_by_user,0.076999999999999999,0,True,
benchmark,433,q9_orders_items_products_by_user,0.077899999999999997,0,True,
benchmark,434,q9_orders_items_products_by_user,0.061600000000000002,0,True,
benchmark,435,q9_orders_items_products_by_user,0.68210000000000004,4,True,
benchmark,436,q9_orders_items_products_by_user,0.68130000000000002,3,True,
benchmark,437,q9_orders_items_products_by_user,0.089300000000000004,0,True,
benchmark,438,q9_orders_items_products_by_user,0.78680000000000005,5,True,
benchmark,439,q9_orders_items_products_by_user,0.84470000000000001,5,True,
benchmark,440,q9_orders_items_products_by_user,0.081900000000000001,0,True,
benchmark,441,q9_orders_items_products_by_user,0.073499999999999996,0,True,
benchmark,442,q9_orders_items_products_by_user,0.080100000000000005,0,True,
benchmark,443,q9_orders_items_products_by_user,0.2334,0,True,
benchmark,444,q9_orders_items_products_by_user,0.72529999999999994,3,True,
benchmark,445,q9_orders_items_products_by_user,0.2306,0,True,
benchmark,446,q9_orders_items_products_by_user,0.076700000000000004,0,True,
benchmark,447,q9_orders_items_products_by_user,0.073899999999999993,0,True,
benchmark,448,q9_orders_items_products_by_user,0.094799999999999995,0,True,
benchmark,449,q9_orders_items_products_by_user,0.83079999999999998,5,True,
benchmark,450,q9_orders_items_products_by_user,0.082500000000000004,0,True,
benchmark,451,q9_orders_items_products_by_user,0.2787,0,True,
benchmark,452,q9_orders_items_products_by_user,0.95450000000000002,10,True,
benchmark,453,q9_orders_items_products_by_user,0.3372,2,True,
benchmark,454,q9_orders_items_products_by_user,0.052900000000000003,0,True,
benchmark,455,q9_orders_items_products_by_user,0.74199999999999999,7,True,
benchmark,456,q9_orders_items_products_by_user,0.83160000000000001,9,True,
benchmark,457,q9_orders_items_products_by_user,0.1721,0,True,
benchmark,458,q9_orders_items_products_by_user,0.3846,3,True,
benchmark,459,q9_orders_items_products_by_user,0.89390000000000003,10,True,
benchmark,460,q9_orders_items_products_by_user,0.049000000000000002,0,True,
benchmark,461,q9_orders_items_products_by_user,0.43669999999999998,4,True,
benchmark,462,q9_orders_items_products_by_user,0.059499999999999997,0,True,
benchmark,463,q9_orders_items_products_by_user,0.055199999999999999,0,True,
benchmark,464,q9_orders_items_products_by_user,0.047,0,True,
benchmark,465,q9_orders_items_products_by_user,0.47970000000000002,5,True,
benchmark,466,q9_orders_items_products_by_user,0.16339999999999999,0,True,
benchmark,467,q9_orders_items_products_by_user,0.39500000000000002,3,True,
benchmark,468,q9_orders_items_products_by_user,0.17100000000000001,0,True,
benchmark,469,q9_orders_items_products_by_user,0.049200000000000001,0,True,
benchmark,470,q9_orders_items_products_by_user,0.052299999999999999,0,True,
benchmark,471,q9_orders_items_products_by_user,0.25269999999999998,0,True,
benchmark,472,q9_orders_items_products_by_user,0.1142,0,True,
benchmark,473,q9_orders_items_products_by_user,0.2757,0,True,
benchmark,474,q9_orders_items_products_by_user,0.21440000000000001,0,True,
benchmark,475,q9_orders_items_products_by_user,0.056300000000000003,0,True,
benchmark,476,q9_orders_items_products_by_user,1.0178,6,True,
benchmark,477,q9_orders_items_products_by_user,0.055100000000000003,0,True,
benchmark,478,q9_orders_items_products_by_user,1.2854000000000001,14,True,
benchmark,479,q9_orders_items_products_by_user,0.050500000000000003,0,True,
benchmark,480,q9_orders_items_products_by_user,0.047899999999999998,0,True,
benchmark,481,q9_orders_items_products_by_user,0.186,0,True,
benchmark,482,q9_orders_items_products_by_user,0.22670000000000001,0,True,
benchmark,483,q9_orders_items_products_by_user,0.14349999999999999,0,True,
benchmark,484,q9_orders_items_products_by_user,0.223,0,True,
benchmark,485,q9_orders_items_products_by_user,0.0487,0,True,
benchmark,486,q9_orders_items_products_by_user,0.052900000000000003,0,True,
benchmark,487,q9_orders_items_products_by_user,0.29759999999999998,1,True,
benchmark,488,q9_orders_items_products_by_user,0.048800000000000003,0,True,
benchmark,489,q9_orders_items_products_by_user,0.76080000000000003,8,True,
benchmark,490,q9_orders_items_products_by_user,0.50539999999999996,5,True,
benchmark,491,q9_orders_items_products_by_user,0.057700000000000001,0,True,
benchmark,492,q9_orders_items_products_by_user,0.055199999999999999,0,True,
benchmark,493,q9_orders_items_products_by_user,0.36680000000000001,3,True,
benchmark,494,q9_orders_items_products_by_user,0.25869999999999999,1,True,
benchmark,495,q9_orders_items_products_by_user,0.052999999999999999,0,True,
benchmark,496,q9_orders_items_products_by_user,0.4824,5,True,
benchmark,497,q9_orders_items_products_by_user,0.16869999999999999,0,True,
benchmark,498,q9_orders_items_products_by_user,0.053800000000000001,0,True,
benchmark,499,q9_orders_items_products_by_user,0.54149999999999998,5,True,
benchmark,500,q9_orders_items_products_by_user,0.26550000000000001,1,True,
benchmark,501,q9_orders_items_products_by_user,0.54500000000000004,0,True,
benchmark,502,q9_orders_items_products_by_user,1.2363999999999999,9,True,
benchmark,503,q9_orders_items_products_by_user,0.61219999999999997,3,True,
benchmark,504,q9_orders_items_products_by_user,0.2311,0,True,
benchmark,505,q9_orders_items_products_by_user,0.2445,0,True,
benchmark,506,q9_orders_items_products_by_user,0.072999999999999995,0,True,
benchmark,507,q9_orders_items_products_by_user,0.35880000000000001,1,True,
benchmark,508,q9_orders_items_products_by_user,0.6865,4,True,
benchmark,509,q9_orders_items_products_by_user,0.076100000000000001,0,True,
benchmark,510,q9_orders_items_products_by_user,0.42170000000000002,1,True,
benchmark,511,q9_orders_items_products_by_user,0.077799999999999994,0,True,
benchmark,512,q9_orders_items_products_by_user,0.20930000000000001,0,True,
benchmark,513,q9_orders_items_products_by_user,0.70320000000000005,3,True,
benchmark,514,q9_orders_items_products_by_user,0.34289999999999998,0,True,
benchmark,515,q9_orders_items_products_by_user,0.078799999999999995,0,True,
benchmark,516,q9_orders_items_products_by_user,0.087300000000000003,0,True,
benchmark,517,q9_orders_items_products_by_user,0.25119999999999998,0,True,
benchmark,518,q9_orders_items_products_by_user,0.26569999999999999,0,True,
benchmark,519,q9_orders_items_products_by_user,0.1079,0,True,
benchmark,520,q9_orders_items_products_by_user,0.61909999999999998,2,True,
benchmark,521,q9_orders_items_products_by_user,0.056399999999999999,0,True,
benchmark,522,q9_orders_items_products_by_user,0.0608,0,True,
benchmark,523,q9_orders_items_products_by_user,0.054399999999999997,0,True,
benchmark,524,q9_orders_items_products_by_user,0.95999999999999996,9,True,
benchmark,525,q9_orders_items_products_by_user,0.058999999999999997,0,True,
benchmark,526,q9_orders_items_products_by_user,0.40579999999999999,3,True,
benchmark,527,q9_orders_items_products_by_user,0.31630000000000003,1,True,
benchmark,528,q9_orders_items_products_by_user,0.31090000000000001,2,True,
benchmark,529,q9_orders_items_products_by_user,0.16819999999999999,0,True,
benchmark,530,q9_orders_items_products_by_user,0.25769999999999998,1,True,
benchmark,531,q9_orders_items_products_by_user,0.047300000000000002,0,True,
benchmark,532,q9_orders_items_products_by_user,0.27300000000000002,1,True,
benchmark,533,q9_orders_items_products_by_user,0.44069999999999998,0,True,
benchmark,534,q9_orders_items_products_by_user,0.0562,0,True,
benchmark,535,q9_orders_items_products_by_user,0.055199999999999999,0,True,
benchmark,536,q9_orders_items_products_by_user,0.1963,0,True,
benchmark,537,q9_orders_items_products_by_user,0.73870000000000002,6,True,
benchmark,538,q9_orders_items_products_by_user,0.1449,0,True,
benchmark,539,q9_orders_items_products_by_user,0.57969999999999999,5,True,
benchmark,540,q9_orders_items_products_by_user,0.32969999999999999,2,True,
benchmark,541,q9_orders_items_products_by_user,0.30690000000000001,1,True,
benchmark,542,q9_orders_items_products_by_user,0.45190000000000002,4,True,
benchmark,543,q9_orders_items_products_by_user,0.93640000000000001,8,True,
benchmark,544,q9_orders_items_products_by_user,0.048399999999999999,0,True,
benchmark,545,q9_orders_items_products_by_user,0.069000000000000006,0,True,
benchmark,546,q9_orders_items_products_by_user,0.062700000000000006,0,True,
benchmark,547,q9_orders_items_products_by_user,0.89539999999999997,9,True,
benchmark,548,q9_orders_items_products_by_user,0.18729999999999999,0,True,
benchmark,549,q9_orders_items_products_by_user,0.34549999999999997,2,True,
benchmark,550,q9_orders_items_products_by_user,0.056399999999999999,0,True,
benchmark,551,q9_orders_items_products_by_user,0.26190000000000002,0,True,
benchmark,552,q9_orders_items_products_by_user,0.062600000000000003,0,True,
benchmark,553,q9_orders_items_products_by_user,0.3498,1,True,
benchmark,554,q9_orders_items_products_by_user,0.22040000000000001,0,True,
benchmark,555,q9_orders_items_products_by_user,0.1595,0,True,
benchmark,556,q9_orders_items_products_by_user,0.0579,0,True,
benchmark,557,q9_orders_items_products_by_user,0.46860000000000002,5,True,
benchmark,558,q9_orders_items_products_by_user,0.4592,5,True,
benchmark,559,q9_orders_items_products_by_user,0.54000000000000004,5,True,
benchmark,560,q9_orders_items_products_by_user,0.45950000000000002,5,True,
benchmark,561,q9_orders_items_products_by_user,0.055,0,True,
benchmark,562,q9_orders_items_products_by_user,0.14449999999999999,0,True,
benchmark,563,q9_orders_items_products_by_user,0.056300000000000003,0,True,
benchmark,564,q9_orders_items_products_by_user,0.53169999999999995,5,True,
benchmark,565,q9_orders_items_products_by_user,0.049000000000000002,0,True,
benchmark,566,q9_orders_items_products_by_user,0.047699999999999999,0,True,
benchmark,567,q9_orders_items_products_by_user,0.39100000000000001,3,True,
benchmark,568,q9_orders_items_products_by_user,0.60680000000000001,4,True,
benchmark,569,q9_orders_items_products_by_user,0.14779999999999999,0,True,
benchmark,570,q9_orders_items_products_by_user,0.0545,0,True,
benchmark,571,q9_orders_items_products_by_user,0.50560000000000005,5,True,
benchmark,572,q9_orders_items_products_by_user,0.64139999999999997,4,True,
benchmark,573,q9_orders_items_products_by_user,1.1612,10,True,
benchmark,574,q9_orders_items_products_by_user,0.56669999999999998,5,True,
benchmark,575,q9_orders_items_products_by_user,0.2208,0,True,
benchmark,576,q9_orders_items_products_by_user,0.28039999999999998,0,True,
benchmark,577,q9_orders_items_products_by_user,0.061199999999999997,0,True,
benchmark,578,q9_orders_items_products_by_user,0.2011,0,True,
benchmark,579,q9_orders_items_products_by_user,0.050900000000000001,0,True,
benchmark,580,q9_orders_items_products_by_user,0.057000000000000002,0,True,
benchmark,581,q9_orders_items_products_by_user,0.63819999999999999,5,True,
benchmark,582,q9_orders_items_products_by_user,0.062300000000000001,0,True,
benchmark,583,q9_orders_items_products_by_user,0.051799999999999999,0,True,
benchmark,584,q9_orders_items_products_by_user,0.1545,0,True,
benchmark,585,q9_orders_items_products_by_user,0.19750000000000001,0,True,
benchmark,586,q9_orders_items_products_by_user,0.22489999999999999,0,True,
benchmark,587,q9_orders_items_products_by_user,0.15409999999999999,0,True,
benchmark,588,q9_orders_items_products_by_user,0.066500000000000004,0,True,
benchmark,589,q9_orders_items_products_by_user,0.0487,0,True,
benchmark,590,q9_orders_items_products_by_user,0.052200000000000003,0,True,
benchmark,591,q9_orders_items_products_by_user,0.33439999999999998,2,True,
benchmark,592,q9_orders_items_products_by_user,0.0613,0,True,
benchmark,593,q9_orders_items_products_by_user,0.47960000000000003,3,True,
benchmark,594,q9_orders_items_products_by_user,0.1608,0,True,
benchmark,595,q9_orders_items_products_by_user,0.0499,0,True,
benchmark,596,q9_orders_items_products_by_user,0.45490000000000003,0,True,
benchmark,597,q9_orders_items_products_by_user,0.062,0,True,
benchmark,598,q9_orders_items_products_by_user,0.46999999999999997,5,True,
benchmark,599,q9_orders_items_products_by_user,0.047899999999999998,0,True,
benchmark,600,q9_orders_items_products_by_user,0.32769999999999999,2,True,
benchmark,601,q9_orders_items_products_by_user,0.52280000000000004,0,True,
benchmark,602,q9_orders_items_products_by_user,0.28589999999999999,0,True,
benchmark,603,q9_orders_items_products_by_user,0.084699999999999998,0,True,
benchmark,604,q9_orders_items_products_by_user,0.2394,0,True,
benchmark,605,q9_orders_items_products_by_user,0.25690000000000002,0,True,
benchmark,606,q9_orders_items_products_by_user,0.091700000000000004,0,True,
benchmark,607,q9_orders_items_products_by_user,0.071300000000000002,0,True,
benchmark,608,q9_orders_items_products_by_user,0.70369999999999999,5,True,
benchmark,609,q9_orders_items_products_by_user,0.072499999999999995,0,True,
benchmark,610,q9_orders_items_products_by_user,0.44829999999999998,2,True,
benchmark,611,q9_orders_items_products_by_user,0.070599999999999996,0,True,
benchmark,612,q9_orders_items_products_by_user,0.065199999999999994,0,True,
benchmark,613,q9_orders_items_products_by_user,0.073800000000000004,0,True,
benchmark,614,q9_orders_items_products_by_user,1.1907000000000001,8,True,
benchmark,615,q9_orders_items_products_by_user,0.22420000000000001,0,True,
benchmark,616,q9_orders_items_products_by_user,0.071599999999999997,0,True,
benchmark,617,q9_orders_items_products_by_user,0.066199999999999995,0,True,
benchmark,618,q9_orders_items_products_by_user,0.73770000000000002,7,True,
benchmark,619,q9_orders_items_products_by_user,0.049200000000000001,0,True,
benchmark,620,q9_orders_items_products_by_user,0.16839999999999999,0,True,
benchmark,621,q9_orders_items_products_by_user,0.17269999999999999,0,True,
benchmark,622,q9_orders_items_products_by_user,0.19620000000000001,0,True,
benchmark,623,q9_orders_items_products_by_user,0.050599999999999999,0,True,
benchmark,624,q9_orders_items_products_by_user,0.53979999999999995,5,True,
benchmark,625,q9_orders_items_products_by_user,0.60019999999999996,3,True,
benchmark,626,q9_orders_items_products_by_user,0.055100000000000003,0,True,
benchmark,627,q9_orders_items_products_by_user,0.081000000000000003,0,True,
benchmark,628,q9_orders_items_products_by_user,0.051400000000000001,0,True,
benchmark,629,q9_orders_items_products_by_user,0.58540000000000003,2,True,
benchmark,630,q9_orders_items_products_by_user,0.56179999999999997,5,True,
benchmark,631,q9_orders_items_products_by_user,0.15210000000000001,0,True,
benchmark,632,q9_orders_items_products_by_user,0.35220000000000001,2,True,
benchmark,633,q9_orders_items_products_by_user,0.41920000000000002,4,True,
benchmark,634,q9_orders_items_products_by_user,0.059400000000000001,0,True,
benchmark,635,q9_orders_items_products_by_user,0.048599999999999997,0,True,
benchmark,636,q9_orders_items_products_by_user,0.055199999999999999,0,True,
benchmark,637,q9_orders_items_products_by_user,1.0587,11,True,
benchmark,638,q9_orders_items_products_by_user,0.059400000000000001,0,True,
benchmark,639,q9_orders_items_products_by_user,0.0683,0,True,
benchmark,640,q9_orders_items_products_by_user,0.051299999999999998,0,True,
benchmark,641,q9_orders_items_products_by_user,0.051299999999999998,0,True,
benchmark,642,q9_orders_items_products_by_user,0.48749999999999999,5,True,
benchmark,643,q9_orders_items_products_by_user,0.054600000000000003,0,True,
benchmark,644,q9_orders_items_products_by_user,0.29220000000000002,1,True,
benchmark,645,q9_orders_items_products_by_user,0.043999999999999997,0,True,
benchmark,646,q9_orders_items_products_by_user,0.1537,0,True,
benchmark,647,q9_orders_items_products_by_user,0.25969999999999999,1,True,
benchmark,648,q9_orders_items_products_by_user,0.154,0,True,
benchmark,649,q9_orders_items_products_by_user,0.15260000000000001,0,True,
benchmark,650,q9_orders_items_products_by_user,0.13200000000000001,0,True,
benchmark,651,q9_orders_items_products_by_user,0.55310000000000004,4,True,
benchmark,652,q9_orders_items_products_by_user,0.047899999999999998,0,True,
benchmark,653,q9_orders_items_products_by_user,0.48859999999999998,5,True,
benchmark,654,q9_orders_items_products_by_user,0.26579999999999998,1,True,
benchmark,655,q9_orders_items_products_by_user,0.064699999999999994,0,True,
benchmark,656,q9_orders_items_products_by_user,0.052699999999999997,0,True,
benchmark,657,q9_orders_items_products_by_user,0.154,0,True,
benchmark,658,q9_orders_items_products_by_user,0.56969999999999998,4,True,
benchmark,659,q9_orders_items_products_by_user,0.15670000000000001,0,True,
benchmark,660,q9_orders_items_products_by_user,0.15379999999999999,0,True,
benchmark,661,q9_orders_items_products_by_user,0.044600000000000001,0,True,
benchmark,662,q9_orders_items_products_by_user,0.051200000000000002,0,True,
benchmark,663,q9_orders_items_products_by_user,0.45639999999999997,5,True,
benchmark,664,q9_orders_items_products_by_user,0.16400000000000001,0,True,
benchmark,665,q9_orders_items_products_by_user,0.1605,0,True,
benchmark,666,q9_orders_items_products_by_user,0.048099999999999997,0,True,
benchmark,667,q9_orders_items_products_by_user,0.16250000000000001,0,True,
benchmark,668,q9_orders_items_products_by_user,0.051700000000000003,0,True,
benchmark,669,q9_orders_items_products_by_user,0.16969999999999999,0,True,
benchmark,670,q9_orders_items_products_by_user,0.044299999999999999,0,True,
benchmark,671,q9_orders_items_products_by_user,0.40610000000000002,3,True,
benchmark,672,q9_orders_items_products_by_user,0.052999999999999999,0,True,
benchmark,673,q9_orders_items_products_by_user,0.057599999999999998,0,True,
benchmark,674,q9_orders_items_products_by_user,0.59709999999999996,4,True,
benchmark,675,q9_orders_items_products_by_user,0.34420000000000001,3,True,
benchmark,676,q9_orders_items_products_by_user,0.047399999999999998,0,True,
benchmark,677,q9_orders_items_products_by_user,0.47289999999999999,5,True,
benchmark,678,q9_orders_items_products_by_user,0.39829999999999999,3,True,
benchmark,679,q9_orders_items_products_by_user,0.1583,0,True,
benchmark,680,q9_orders_items_products_by_user,0.2059,0,True,
benchmark,681,q9_orders_items_products_by_user,0.17219999999999999,0,True,
benchmark,682,q9_orders_items_products_by_user,0.26479999999999998,1,True,
benchmark,683,q9_orders_items_products_by_user,0.061800000000000001,0,True,
benchmark,684,q9_orders_items_products_by_user,1.3178000000000001,4,True,
benchmark,685,q9_orders_items_products_by_user,0.049700000000000001,0,True,
benchmark,686,q9_orders_items_products_by_user,0.058000000000000003,0,True,
benchmark,687,q9_orders_items_products_by_user,0.43519999999999998,3,True,
benchmark,688,q9_orders_items_products_by_user,0.040800000000000003,0,True,
benchmark,689,q9_orders_items_products_by_user,0.15989999999999999,0,True,
benchmark,690,q9_orders_items_products_by_user,0.1462,0,True,
benchmark,691,q9_orders_items_products_by_user,0.44219999999999998,4,True,
benchmark,692,q9_orders_items_products_by_user,0.1424,0,True,
benchmark,693,q9_orders_items_products_by_user,0.1467,0,True,
benchmark,694,q9_orders_items_products_by_user,0.63619999999999999,1,True,
benchmark,695,q9_orders_items_products_by_user,0.2379,0,True,
benchmark,696,q9_orders_items_products_by_user,1.0580000000000001,6,True,
benchmark,697,q9_orders_items_products_by_user,0.23039999999999999,0,True,
benchmark,698,q9_orders_items_products_by_user,0.44979999999999998,4,True,
benchmark,699,q9_orders_items_products_by_user,0.41899999999999998,0,True,
benchmark,700,q9_orders_items_products_by_user,0.40649999999999997,2,True,
benchmark,701,q9_orders_items_products_by_user,0.98750000000000004,4,True,
benchmark,702,q9_orders_items_products_by_user,0.081699999999999995,0,True,
benchmark,703,q9_orders_items_products_by_user,0.23139999999999999,0,True,
benchmark,704,q9_orders_items_products_by_user,0.078200000000000006,0,True,
benchmark,705,q9_orders_items_products_by_user,0.069400000000000003,0,True,
benchmark,706,q9_orders_items_products_by_user,0.072999999999999995,0,True,
benchmark,707,q9_orders_items_products_by_user,0.58150000000000002,3,True,
benchmark,708,q9_orders_items_products_by_user,0.060499999999999998,0,True,
benchmark,709,q9_orders_items_products_by_user,0.52049999999999996,3,True,
benchmark,710,q9_orders_items_products_by_user,0.069699999999999998,0,True,
benchmark,711,q9_orders_items_products_by_user,0.66320000000000001,5,True,
benchmark,712,q9_orders_items_products_by_user,0.2036,0,True,
benchmark,713,q9_orders_items_products_by_user,0.2041,0,True,
benchmark,714,q9_orders_items_products_by_user,0.067900000000000002,0,True,
benchmark,715,q9_orders_items_products_by_user,0.2021,0,True,
benchmark,716,q9_orders_items_products_by_user,0.68969999999999998,3,True,
benchmark,717,q9_orders_items_products_by_user,0.87719999999999998,4,True,
benchmark,718,q9_orders_items_products_by_user,0.2137,0,True,
benchmark,719,q9_orders_items_products_by_user,0.40899999999999997,2,True,
benchmark,720,q9_orders_items_products_by_user,0.076899999999999996,0,True,
benchmark,721,q9_orders_items_products_by_user,0.0659,0,True,
benchmark,722,q9_orders_items_products_by_user,0.2218,0,True,
benchmark,723,q9_orders_items_products_by_user,1.5097,12,True,
benchmark,724,q9_orders_items_products_by_user,0.52410000000000001,3,True,
benchmark,725,q9_orders_items_products_by_user,0.071999999999999995,0,True,
benchmark,726,q9_orders_items_products_by_user,0.34889999999999999,1,True,
benchmark,727,q9_orders_items_products_by_user,0.071900000000000006,0,True,
benchmark,728,q9_orders_items_products_by_user,0.071199999999999999,0,True,
benchmark,729,q9_orders_items_products_by_user,0.21199999999999999,0,True,
benchmark,730,q9_orders_items_products_by_user,0.054199999999999998,0,True,
benchmark,731,q9_orders_items_products_by_user,0.35899999999999999,3,True,
benchmark,732,q9_orders_items_products_by_user,0.049700000000000001,0,True,
benchmark,733,q9_orders_items_products_by_user,0.054800000000000001,0,True,
benchmark,734,q9_orders_items_products_by_user,0.066199999999999995,0,True,
benchmark,735,q9_orders_items_products_by_user,0.49349999999999999,4,True,
benchmark,736,q9_orders_items_products_by_user,0.39360000000000001,3,True,
benchmark,737,q9_orders_items_products_by_user,0.746,4,True,
benchmark,738,q9_orders_items_products_by_user,0.51839999999999997,4,True,
benchmark,739,q9_orders_items_products_by_user,0.0545,0,True,
benchmark,740,q9_orders_items_products_by_user,0.40139999999999998,1,True,
benchmark,741,q9_orders_items_products_by_user,0.46600000000000003,2,True,
benchmark,742,q9_orders_items_products_by_user,0.068500000000000005,0,True,
benchmark,743,q9_orders_items_products_by_user,0.16039999999999999,0,True,
benchmark,744,q9_orders_items_products_by_user,0.17050000000000001,0,True,
benchmark,745,q9_orders_items_products_by_user,0.0487,0,True,
benchmark,746,q9_orders_items_products_by_user,0.047199999999999999,0,True,
benchmark,747,q9_orders_items_products_by_user,0.15040000000000001,0,True,
benchmark,748,q9_orders_items_products_by_user,0.37230000000000002,2,True,
benchmark,749,q9_orders_items_products_by_user,0.060900000000000003,0,True,
benchmark,750,q9_orders_items_products_by_user,0.13869999999999999,0,True,
benchmark,751,q9_orders_items_products_by_user,0.1268,0,True,
benchmark,752,q9_orders_items_products_by_user,0.050500000000000003,0,True,
benchmark,753,q9_orders_items_products_by_user,0.32350000000000001,2,True,
benchmark,754,q9_orders_items_products_by_user,0.15079999999999999,0,True,
benchmark,755,q9_orders_items_products_by_user,0.13200000000000001,0,True,
benchmark,756,q9_orders_items_products_by_user,0.0567,0,True,
benchmark,757,q9_orders_items_products_by_user,0.043499999999999997,0,True,
benchmark,758,q9_orders_items_products_by_user,0.42959999999999998,5,True,
benchmark,759,q9_orders_items_products_by_user,0.051400000000000001,0,True,
benchmark,760,q9_orders_items_products_by_user,0.15690000000000001,0,True,
benchmark,761,q9_orders_items_products_by_user,0.20019999999999999,0,True,
benchmark,762,q9_orders_items_products_by_user,0.050299999999999997,0,True,
benchmark,763,q9_orders_items_products_by_user,0.65980000000000005,2,True,
benchmark,764,q9_orders_items_products_by_user,0.17150000000000001,0,True,
benchmark,765,q9_orders_items_products_by_user,0.62939999999999996,4,True,
benchmark,766,q9_orders_items_products_by_user,0.048800000000000003,0,True,
benchmark,767,q9_orders_items_products_by_user,0.18709999999999999,0,True,
benchmark,768,q9_orders_items_products_by_user,0.2485,0,True,
benchmark,769,q9_orders_items_products_by_user,0.373,3,True,
benchmark,770,q9_orders_items_products_by_user,0.050500000000000003,0,True,
benchmark,771,q9_orders_items_products_by_user,0.38119999999999998,4,True,
benchmark,772,q9_orders_items_products_by_user,0.1507,0,True,
benchmark,773,q9_orders_items_products_by_user,0.15709999999999999,0,True,
benchmark,774,q9_orders_items_products_by_user,0.45700000000000002,5,True,
benchmark,775,q9_orders_items_products_by_user,0.051700000000000003,0,True,
benchmark,776,q9_orders_items_products_by_user,0.061199999999999997,0,True,
benchmark,777,q9_orders_items_products_by_user,0.045499999999999999,0,True,
benchmark,778,q9_orders_items_products_by_user,0.26869999999999999,1,True,
benchmark,779,q9_orders_items_products_by_user,0.1057,0,True,
benchmark,780,q9_orders_items_products_by_user,0.047300000000000002,0,True,
benchmark,781,q9_orders_items_products_by_user,0.053499999999999999,0,True,
benchmark,782,q9_orders_items_products_by_user,0.3962,3,True,
benchmark,783,q9_orders_items_products_by_user,0.057000000000000002,0,True,
benchmark,784,q9_orders_items_products_by_user,0.14280000000000001,0,True,
benchmark,785,q9_orders_items_products_by_user,0.0545,0,True,
benchmark,786,q9_orders_items_products_by_user,0.1613,0,True,
benchmark,787,q9_orders_items_products_by_user,0.2155,0,True,
benchmark,788,q9_orders_items_products_by_user,0.0499,0,True,
benchmark,789,q9_orders_items_products_by_user,0.15160000000000001,0,True,
benchmark,790,q9_orders_items_products_by_user,0.047899999999999998,0,True,
benchmark,791,q9_orders_items_products_by_user,0.44569999999999999,4,True,
benchmark,792,q9_orders_items_products_by_user,0.26319999999999999,1,True,
benchmark,793,q9_orders_items_products_by_user,0.43419999999999997,3,True,
benchmark,794,q9_orders_items_products_by_user,0.061499999999999999,0,True,
benchmark,795,q9_orders_items_products_by_user,0.27879999999999999,1,True,
benchmark,796,q9_orders_items_products_by_user,0.48349999999999999,3,True,
benchmark,797,q9_orders_items_products_by_user,0.053199999999999997,0,True,
benchmark,798,q9_orders_items_products_by_user,1.087,12,True,
benchmark,799,q9_orders_items_products_by_user,0.17460000000000001,0,True,
benchmark,800,q9_orders_items_products_by_user,0.14549999999999999,0,True,
benchmark,801,q9_orders_items_products_by_user,0.86819999999999997,1,True,
benchmark,802,q9_orders_items_products_by_user,0.41830000000000001,0,True,
benchmark,803,q9_orders_items_products_by_user,0.41110000000000002,1,True,
benchmark,804,q9_orders_items_products_by_user,0.094899999999999998,0,True,
benchmark,805,q9_orders_items_products_by_user,1.0188999999999999,7,True,
benchmark,806,q9_orders_items_products_by_user,1.0076000000000001,7,True,
benchmark,807,q9_orders_items_products_by_user,0.73740000000000006,4,True,
benchmark,808,q9_orders_items_products_by_user,0.076499999999999999,0,True,
benchmark,809,q9_orders_items_products_by_user,0.48559999999999998,2,True,
benchmark,810,q9_orders_items_products_by_user,0.38190000000000002,1,True,
benchmark,811,q9_orders_items_products_by_user,0.89449999999999996,5,True,
benchmark,812,q9_orders_items_products_by_user,0.082199999999999995,0,True,
benchmark,813,q9_orders_items_products_by_user,0.071199999999999999,0,True,
benchmark,814,q9_orders_items_products_by_user,0.69079999999999997,4,True,
benchmark,815,q9_orders_items_products_by_user,0.3044,0,True,
benchmark,816,q9_orders_items_products_by_user,1.1025,5,True,
benchmark,817,q9_orders_items_products_by_user,0.065100000000000005,0,True,
benchmark,818,q9_orders_items_products_by_user,0.99719999999999998,5,True,
benchmark,819,q9_orders_items_products_by_user,0.54649999999999999,3,True,
benchmark,820,q9_orders_items_products_by_user,0.074999999999999997,0,True,
benchmark,821,q9_orders_items_products_by_user,0.56689999999999996,3,True,
benchmark,822,q9_orders_items_products_by_user,0.087300000000000003,0,True,
benchmark,823,q9_orders_items_products_by_user,0.20780000000000001,0,True,
benchmark,824,q9_orders_items_products_by_user,0.45610000000000001,2,True,
benchmark,825,q9_orders_items_products_by_user,0.074999999999999997,0,True,
benchmark,826,q9_orders_items_products_by_user,0.21199999999999999,0,True,
benchmark,827,q9_orders_items_products_by_user,0.68810000000000004,4,True,
benchmark,828,q9_orders_items_products_by_user,0.23769999999999999,0,True,
benchmark,829,q9_orders_items_products_by_user,0.069699999999999998,0,True,
benchmark,830,q9_orders_items_products_by_user,0.067699999999999996,0,True,
benchmark,831,q9_orders_items_products_by_user,0.067199999999999996,0,True,
benchmark,832,q9_orders_items_products_by_user,0.50700000000000001,3,True,
benchmark,833,q9_orders_items_products_by_user,0.90620000000000001,6,True,
benchmark,834,q9_orders_items_products_by_user,0.073899999999999993,0,True,
benchmark,835,q9_orders_items_products_by_user,0.55869999999999997,5,True,
benchmark,836,q9_orders_items_products_by_user,0.34350000000000003,2,True,
benchmark,837,q9_orders_items_products_by_user,0.051999999999999998,0,True,
benchmark,838,q9_orders_items_products_by_user,0.78600000000000003,6,True,
benchmark,839,q9_orders_items_products_by_user,0.054199999999999998,0,True,
benchmark,840,q9_orders_items_products_by_user,0.60929999999999995,4,True,
benchmark,841,q9_orders_items_products_by_user,0.34350000000000003,0,True,
benchmark,842,q9_orders_items_products_by_user,0.26950000000000002,0,True,
benchmark,843,q9_orders_items_products_by_user,0.0516,0,True,
benchmark,844,q9_orders_items_products_by_user,0.20599999999999999,0,True,
benchmark,845,q9_orders_items_products_by_user,0.071199999999999999,0,True,
benchmark,846,q9_orders_items_products_by_user,0.049799999999999997,0,True,
benchmark,847,q9_orders_items_products_by_user,0.18759999999999999,0,True,
benchmark,848,q9_orders_items_products_by_user,0.064799999999999996,0,True,
benchmark,849,q9_orders_items_products_by_user,0.16950000000000001,0,True,
benchmark,850,q9_orders_items_products_by_user,0.045499999999999999,0,True,
benchmark,851,q9_orders_items_products_by_user,0.27060000000000001,0,True,
benchmark,852,q9_orders_items_products_by_user,0.049099999999999998,0,True,
benchmark,853,q9_orders_items_products_by_user,0.44119999999999998,4,True,
benchmark,854,q9_orders_items_products_by_user,0.38290000000000002,3,True,
benchmark,855,q9_orders_items_products_by_user,0.070199999999999999,0,True,
benchmark,856,q9_orders_items_products_by_user,0.051400000000000001,0,True,
benchmark,857,q9_orders_items_products_by_user,0.054800000000000001,0,True,
benchmark,858,q9_orders_items_products_by_user,0.059799999999999999,0,True,
benchmark,859,q9_orders_items_products_by_user,0.15770000000000001,0,True,
benchmark,860,q9_orders_items_products_by_user,0.1681,0,True,
benchmark,861,q9_orders_items_products_by_user,0.16889999999999999,0,True,
benchmark,862,q9_orders_items_products_by_user,0.80100000000000005,8,True,
benchmark,863,q9_orders_items_products_by_user,0.061100000000000002,0,True,
benchmark,864,q9_orders_items_products_by_user,0.15010000000000001,0,True,
benchmark,865,q9_orders_items_products_by_user,0.068199999999999997,0,True,
benchmark,866,q9_orders_items_products_by_user,0.26919999999999999,0,True,
benchmark,867,q9_orders_items_products_by_user,0.32100000000000001,2,True,
benchmark,868,q9_orders_items_products_by_user,0.36699999999999999,3,True,
benchmark,869,q9_orders_items_products_by_user,0.51160000000000005,3,True,
benchmark,870,q9_orders_items_products_by_user,0.047300000000000002,0,True,
benchmark,871,q9_orders_items_products_by_user,0.050000000000000003,0,True,
benchmark,872,q9_orders_items_products_by_user,0.0499,0,True,
benchmark,873,q9_orders_items_products_by_user,0.052200000000000003,0,True,
benchmark,874,q9_orders_items_products_by_user,0.54049999999999998,5,True,
benchmark,875,q9_orders_items_products_by_user,0.48970000000000002,5,True,
benchmark,876,q9_orders_items_products_by_user,1.298,14,True,
benchmark,877,q9_orders_items_products_by_user,0.14610000000000001,0,True,
benchmark,878,q9_orders_items_products_by_user,0.54669999999999996,5,True,
benchmark,879,q9_orders_items_products_by_user,0.1449,0,True,
benchmark,880,q9_orders_items_products_by_user,0.14990000000000001,0,True,
benchmark,881,q9_orders_items_products_by_user,0.47239999999999999,3,True,
benchmark,882,q9_orders_items_products_by_user,0.68859999999999999,5,True,
benchmark,883,q9_orders_items_products_by_user,0.062199999999999998,0,True,
benchmark,884,q9_orders_items_products_by_user,0.69120000000000004,7,True,
benchmark,885,q9_orders_items_products_by_user,0.29270000000000002,1,True,
benchmark,886,q9_orders_items_products_by_user,0.050799999999999998,0,True,
benchmark,887,q9_orders_items_products_by_user,0.0654,0,True,
benchmark,888,q9_orders_items_products_by_user,0.3493,2,True,
benchmark,889,q9_orders_items_products_by_user,0.3397,1,True,
benchmark,890,q9_orders_items_products_by_user,0.17999999999999999,0,True,
benchmark,891,q9_orders_items_products_by_user,0.058999999999999997,0,True,
benchmark,892,q9_orders_items_products_by_user,0.17469999999999999,0,True,
benchmark,893,q9_orders_items_products_by_user,0.16930000000000001,0,True,
benchmark,894,q9_orders_items_products_by_user,0.057099999999999998,0,True,
benchmark,895,q9_orders_items_products_by_user,0.2792,0,True,
benchmark,896,q9_orders_items_products_by_user,0.049500000000000002,0,True,
benchmark,897,q9_orders_items_products_by_user,0.058299999999999998,0,True,
benchmark,898,q9_orders_items_products_by_user,0.59899999999999998,5,True,
benchmark,899,q9_orders_items_products_by_user,0.4708,3,True,
benchmark,900,q9_orders_items_products_by_user,0.070599999999999996,0,True,
benchmark,901,q9_orders_items_products_by_user,1.3372999999999999,5,True,
benchmark,902,q9_orders_items_products_by_user,0.084699999999999998,0,True,
benchmark,903,q9_orders_items_products_by_user,0.26290000000000002,0,True,
benchmark,904,q9_orders_items_products_by_user,0.70379999999999998,4,True,
benchmark,905,q9_orders_items_products_by_user,0.89900000000000002,5,True,
benchmark,906,q9_orders_items_products_by_user,0.24279999999999999,0,True,
benchmark,907,q9_orders_items_products_by_user,0.11269999999999999,0,True,
benchmark,908,q9_orders_items_products_by_user,0.26350000000000001,0,True,
benchmark,909,q9_orders_items_products_by_user,0.077700000000000005,0,True,
benchmark,910,q9_orders_items_products_by_user,0.072900000000000006,0,True,
benchmark,911,q9_orders_items_products_by_user,0.71179999999999999,5,True,
benchmark,912,q9_orders_items_products_by_user,0.50849999999999995,3,True,
benchmark,913,q9_orders_items_products_by_user,0.44940000000000002,3,True,
benchmark,914,q9_orders_items_products_by_user,0.18990000000000001,0,True,
benchmark,915,q9_orders_items_products_by_user,0.080799999999999997,0,True,
benchmark,916,q9_orders_items_products_by_user,0.063100000000000003,0,True,
benchmark,917,q9_orders_items_products_by_user,0.63400000000000001,5,True,
benchmark,918,q9_orders_items_products_by_user,0.069199999999999998,0,True,
benchmark,919,q9_orders_items_products_by_user,0.072800000000000004,0,True,
benchmark,920,q9_orders_items_products_by_user,0.17080000000000001,0,True,
benchmark,921,q9_orders_items_products_by_user,0.062399999999999997,0,True,
benchmark,922,q9_orders_items_products_by_user,0.075899999999999995,0,True,
benchmark,923,q9_orders_items_products_by_user,0.1086,0,True,
benchmark,924,q9_orders_items_products_by_user,0.067599999999999993,0,True,
benchmark,925,q9_orders_items_products_by_user,0.071400000000000005,0,True,
benchmark,926,q9_orders_items_products_by_user,0.55279999999999996,4,True,
benchmark,927,q9_orders_items_products_by_user,0.054399999999999997,0,True,
benchmark,928,q9_orders_items_products_by_user,0.27550000000000002,1,True,
benchmark,929,q9_orders_items_products_by_user,0.47920000000000001,5,True,
benchmark,930,q9_orders_items_products_by_user,0.052900000000000003,0,True,
benchmark,931,q9_orders_items_products_by_user,0.0441,0,True,
benchmark,932,q9_orders_items_products_by_user,0.37390000000000001,3,True,
benchmark,933,q9_orders_items_products_by_user,0.15060000000000001,0,True,
benchmark,934,q9_orders_items_products_by_user,0.1638,0,True,
benchmark,935,q9_orders_items_products_by_user,0.40670000000000001,4,True,
benchmark,936,q9_orders_items_products_by_user,0.16059999999999999,0,True,
benchmark,937,q9_orders_items_products_by_user,0.7056,3,True,
benchmark,938,q9_orders_items_products_by_user,0.47749999999999998,2,True,
benchmark,939,q9_orders_items_products_by_user,0.68369999999999997,4,True,
benchmark,940,q9_orders_items_products_by_user,0.74480000000000002,7,True,
benchmark,941,q9_orders_items_products_by_user,0.51280000000000003,5,True,
benchmark,942,q9_orders_items_products_by_user,0.060999999999999999,0,True,
benchmark,943,q9_orders_items_products_by_user,0.15659999999999999,0,True,
benchmark,944,q9_orders_items_products_by_user,0.63319999999999999,6,True,
benchmark,945,q9_orders_items_products_by_user,0.16089999999999999,0,True,
benchmark,946,q9_orders_items_products_by_user,0.153,0,True,
benchmark,947,q9_orders_items_products_by_user,0.45519999999999999,3,True,
benchmark,948,q9_orders_items_products_by_user,0.35160000000000002,2,True,
benchmark,949,q9_orders_items_products_by_user,0.051900000000000002,0,True,
benchmark,950,q9_orders_items_products_by_user,0.1933,0,True,
benchmark,951,q9_orders_items_products_by_user,1.1603000000000001,9,True,
benchmark,952,q9_orders_items_products_by_user,0.3805,2,True,
benchmark,953,q9_orders_items_products_by_user,0.35149999999999998,3,True,
benchmark,954,q9_orders_items_products_by_user,0.056099999999999997,0,True,
benchmark,955,q9_orders_items_products_by_user,0.049599999999999998,0,True,
benchmark,956,q9_orders_items_products_by_user,0.45960000000000001,4,True,
benchmark,957,q9_orders_items_products_by_user,0.34179999999999999,2,True,
benchmark,958,q9_orders_items_products_by_user,0.16109999999999999,0,True,
benchmark,959,q9_orders_items_products_by_user,0.2049,0,True,
benchmark,960,q9_orders_items_products_by_user,0.30409999999999998,2,True,
benchmark,961,q9_orders_items_products_by_user,0.048300000000000003,0,True,
benchmark,962,q9_orders_items_products_by_user,0.20730000000000001,0,True,
benchmark,963,q9_orders_items_products_by_user,0.048000000000000001,0,True,
benchmark,964,q9_orders_items_products_by_user,0.047199999999999999,0,True,
benchmark,965,q9_orders_items_products_by_user,0.0402,0,True,
benchmark,966,q9_orders_items_products_by_user,0.047399999999999998,0,True,
benchmark,967,q9_orders_items_products_by_user,0.50670000000000004,5,True,
benchmark,968,q9_orders_items_products_by_user,0.1782,0,True,
benchmark,969,q9_orders_items_products_by_user,0.17480000000000001,0,True,
benchmark,970,q9_orders_items_products_by_user,0.53500000000000003,5,True,
benchmark,971,q9_orders_items_products_by_user,0.0545,0,True,
benchmark,972,q9_orders_items_products_by_user,0.2175,0,True,
benchmark,973,q9_orders_items_products_by_user,0.0482,0,True,
benchmark,974,q9_orders_items_products_by_user,0.047800000000000002,0,True,
benchmark,975,q9_orders_items_products_by_user,0.051799999999999999,0,True,
benchmark,976,q9_orders_items_products_by_user,0.187,0,True,
benchmark,977,q9_orders_items_products_by_user,0.057000000000000002,0,True,
benchmark,978,q9_orders_items_products_by_user,0.31879999999999997,1,True,
benchmark,979,q9_orders_items_products_by_user,0.14960000000000001,0,True,
benchmark,980,q9_orders_items_products_by_user,0.051200000000000002,0,True,
benchmark,981,q9_orders_items_products_by_user,0.071499999999999994,0,True,
benchmark,982,q9_orders_items_products_by_user,0.076600000000000001,0,True,
benchmark,983,q9_orders_items_products_by_user,0.21010000000000001,0,True,
benchmark,984,q9_orders_items_products_by_user,0.053699999999999998,0,True,
benchmark,985,q9_orders_items_products_by_user,0.41570000000000001,3,True,
benchmark,986,q9_orders_items_products_by_user,0.049700000000000001,0,True,
benchmark,987,q9_orders_items_products_by_user,0.065100000000000005,0,True,
benchmark,988,q9_orders_items_products_by_user,0.072700000000000001,0,True,
benchmark,989,q9_orders_items_products_by_user,0.152,0,True,
benchmark,990,q9_orders_items_products_by_user,0.055100000000000003,0,True,
benchmark,991,q9_orders_items_products_by_user,0.058999999999999997,0,True,
benchmark,992,q9_orders_items_products_by_user,0.053199999999999997,0,True,
benchmark,993,q9_orders_items_products_by_user,0.050000000000000003,0,True,
benchmark,994,q9_orders_items_products_by_user,0.053800000000000001,0,True,
benchmark,995,q9_orders_items_products_by_user,0.38369999999999999,3,True,
benchmark,996,q9_orders_items_products_by_user,0.54710000000000003,4,True,
benchmark,997,q9_orders_items_products_by_user,0.59699999999999998,5,True,
benchmark,998,q9_orders_items_products_by_user,0.89759999999999995,10,True,
benchmark,999,q9_orders_items_products_by_user,0.1706,0,True,
benchmark,1000,q9_orders_items_products_by_user,0.14480000000000001,0,True,
benchmark,1,q10_top_sellers_qty,112.7647,20,True,
benchmark,2,q10_top_sellers_qty,128.17949999999999,20,True,
benchmark,3,q10_top_sellers_qty,132.9579,20,True,
benchmark,4,q10_top_sellers_qty,118.7102,20,True,
benchmark,5,q10_top_sellers_qty,120.1504,20,True,
benchmark,6,q10_top_sellers_qty,126.5754,20,True,
benchmark,7,q10_top_sellers_qty,120.0536,20,True,
benchmark,8,q10_top_sellers_qty,110.9117,20,True,
benchmark,9,q10_top_sellers_qty,118.2715,20,True,
benchmark,10,q10_top_sellers_qty,133.1885,20,True,
benchmark,11,q10_top_sellers_qty,125.2205,20,True,
benchmark,12,q10_top_sellers_qty,122.3875,20,True,
benchmark,13,q10_top_sellers_qty,115.87649999999999,20,True,
benchmark,14,q10_top_sellers_qty,116.6819,20,True,
benchmark,15,q10_top_sellers_qty,126.2385,20,True,
benchmark,16,q10_top_sellers_qty,116.7042,20,True,
benchmark,17,q10_top_sellers_qty,115.09699999999999,20,True,
benchmark,18,q10_top_sellers_qty,123.937,20,True,
benchmark,19,q10_top_sellers_qty,123.3733,20,True,
benchmark,20,q10_top_sellers_qty,125.91379999999999,20,True,
benchmark,21,q10_top_sellers_qty,114.7833,20,True,
benchmark,22,q10_top_sellers_qty,136.2097,20,True,
benchmark,23,q10_top_sellers_qty,124.58580000000001,20,True,
benchmark,24,q10_top_sellers_qty,121.67359999999999,20,True,
benchmark,25,q10_top_sellers_qty,112.623,20,True,
benchmark,26,q10_top_sellers_qty,113.8154,20,True,
benchmark,27,q10_top_sellers_qty,135.96549999999999,20,True,
benchmark,28,q10_top_sellers_qty,123.309,20,True,
benchmark,29,q10_top_sellers_qty,118.54089999999999,20,True,
benchmark,30,q10_top_sellers_qty,128.29990000000001,20,True,
benchmark,31,q10_top_sellers_qty,128.25550000000001,20,True,
benchmark,32,q10_top_sellers_qty,122.684,20,True,
benchmark,33,q10_top_sellers_qty,121.5089,20,True,
benchmark,34,q10_top_sellers_qty,118.0497,20,True,
benchmark,35,q10_top_sellers_qty,128.8801,20,True,
benchmark,36,q10_top_sellers_qty,130.77619999999999,20,True,
benchmark,37,q10_top_sellers_qty,123.3685,20,True,
benchmark,38,q10_top_sellers_qty,116.0655,20,True,
benchmark,39,q10_top_sellers_qty,135.26419999999999,20,True,
benchmark,40,q10_top_sellers_qty,128.797,20,True,
benchmark,41,q10_top_sellers_qty,126.6311,20,True,
benchmark,42,q10_top_sellers_qty,108.5155,20,True,
benchmark,43,q10_top_sellers_qty,134.2748,20,True,
benchmark,44,q10_top_sellers_qty,132.63419999999999,20,True,
benchmark,45,q10_top_sellers_qty,127.9289,20,True,
benchmark,46,q10_top_sellers_qty,119.2231,20,True,
benchmark,47,q10_top_sellers_qty,122.3214,20,True,
benchmark,48,q10_top_sellers_qty,134.93559999999999,20,True,
benchmark,49,q10_top_sellers_qty,125.0868,20,True,
benchmark,50,q10_top_sellers_qty,109.839,20,True,
benchmark,51,q10_top_sellers_qty,131.16999999999999,20,True,
benchmark,52,q10_top_sellers_qty,123.6923,20,True,
benchmark,53,q10_top_sellers_qty,124.9725,20,True,
benchmark,54,q10_top_sellers_qty,130.48320000000001,20,True,
benchmark,55,q10_top_sellers_qty,122.1913,20,True,
benchmark,56,q10_top_sellers_qty,126.5834,20,True,
benchmark,57,q10_top_sellers_qty,130.58240000000001,20,True,
benchmark,58,q10_top_sellers_qty,140.24680000000001,20,True,
benchmark,59,q10_top_sellers_qty,121.252,20,True,
benchmark,60,q10_top_sellers_qty,125.49809999999999,20,True,
benchmark,61,q10_top_sellers_qty,128.07689999999999,20,True,
benchmark,62,q10_top_sellers_qty,124.9355,20,True,
benchmark,63,q10_top_sellers_qty,120.78619999999999,20,True,
benchmark,64,q10_top_sellers_qty,133.19880000000001,20,True,
benchmark,65,q10_top_sellers_qty,123.7343,20,True,
benchmark,66,q10_top_sellers_qty,125.28100000000001,20,True,
benchmark,67,q10_top_sellers_qty,117.4355,20,True,
benchmark,68,q10_top_sellers_qty,135.2287,20,True,
benchmark,69,q10_top_sellers_qty,127.3587,20,True,
benchmark,70,q10_top_sellers_qty,122.69119999999999,20,True,
benchmark,71,q10_top_sellers_qty,113.7504,20,True,
benchmark,72,q10_top_sellers_qty,121.887,20,True,
benchmark,73,q10_top_sellers_qty,130.63919999999999,20,True,
benchmark,74,q10_top_sellers_qty,117.369,20,True,
benchmark,75,q10_top_sellers_qty,118.8828,20,True,
benchmark,76,q10_top_sellers_qty,122.0222,20,True,
benchmark,77,q10_top_sellers_qty,128.476,20,True,
benchmark,78,q10_top_sellers_qty,128.68510000000001,20,True,
benchmark,79,q10_top_sellers_qty,125.8575,20,True,
benchmark,80,q10_top_sellers_qty,115.2782,20,True,
benchmark,81,q10_top_sellers_qty,124.4522,20,True,
benchmark,82,q10_top_sellers_qty,132.75470000000001,20,True,
benchmark,83,q10_top_sellers_qty,123.621,20,True,
benchmark,84,q10_top_sellers_qty,123.3968,20,True,
benchmark,85,q10_top_sellers_qty,136.05510000000001,20,True,
benchmark,86,q10_top_sellers_qty,124.2145,20,True,
benchmark,87,q10_top_sellers_qty,123.2255,20,True,
benchmark,88,q10_top_sellers_qty,118.41500000000001,20,True,
benchmark,89,q10_top_sellers_qty,127.89530000000001,20,True,
benchmark,90,q10_top_sellers_qty,124.79949999999999,20,True,
benchmark,91,q10_top_sellers_qty,129.4562,20,True,
benchmark,92,q10_top_sellers_qty,114.6735,20,True,
benchmark,93,q10_top_sellers_qty,120.9567,20,True,
benchmark,94,q10_top_sellers_qty,136.3527,20,True,
benchmark,95,q10_top_sellers_qty,118.226,20,True,
benchmark,96,q10_top_sellers_qty,121.6403,20,True,
benchmark,97,q10_top_sellers_qty,126.42870000000001,20,True,
benchmark,98,q10_top_sellers_qty,118.702,20,True,
benchmark,99,q10_top_sellers_qty,127.6664,20,True,
benchmark,100,q10_top_sellers_qty,127.43980000000001,20,True,
benchmark,101,q10_top_sellers_qty,120.34869999999999,20,True,
benchmark,102,q10_top_sellers_qty,132.5087,20,True,
benchmark,103,q10_top_sellers_qty,122.0964,20,True,
benchmark,104,q10_top_sellers_qty,117.7925,20,True,
benchmark,105,q10_top_sellers_qty,120.77889999999999,20,True,
benchmark,106,q10_top_sellers_qty,124.4308,20,True,
benchmark,107,q10_top_sellers_qty,120.5373,20,True,
benchmark,108,q10_top_sellers_qty,126.7413,20,True,
benchmark,109,q10_top_sellers_qty,114.69499999999999,20,True,
benchmark,110,q10_top_sellers_qty,128.75909999999999,20,True,
benchmark,111,q10_top_sellers_qty,133.97720000000001,20,True,
benchmark,112,q10_top_sellers_qty,125.76990000000001,20,True,
benchmark,113,q10_top_sellers_qty,113.78149999999999,20,True,
benchmark,114,q10_top_sellers_qty,114.1687,20,True,
benchmark,115,q10_top_sellers_qty,138.32509999999999,20,True,
benchmark,116,q10_top_sellers_qty,122.48520000000001,20,True,
benchmark,117,q10_top_sellers_qty,129.94479999999999,20,True,
benchmark,118,q10_top_sellers_qty,119.6216,20,True,
benchmark,119,q10_top_sellers_qty,128.5573,20,True,
benchmark,120,q10_top_sellers_qty,127.81310000000001,20,True,
benchmark,121,q10_top_sellers_qty,121.8672,20,True,
benchmark,122,q10_top_sellers_qty,111.34820000000001,20,True,
benchmark,123,q10_top_sellers_qty,133.58770000000001,20,True,
benchmark,124,q10_top_sellers_qty,130.7192,20,True,
benchmark,125,q10_top_sellers_qty,121.7473,20,True,
benchmark,126,q10_top_sellers_qty,116.8647,20,True,
benchmark,127,q10_top_sellers_qty,128.1601,20,True,
benchmark,128,q10_top_sellers_qty,127.54819999999999,20,True,
benchmark,129,q10_top_sellers_qty,126.1358,20,True,
benchmark,130,q10_top_sellers_qty,115.2077,20,True,
benchmark,131,q10_top_sellers_qty,125.3408,20,True,
benchmark,132,q10_top_sellers_qty,128.9759,20,True,
benchmark,133,q10_top_sellers_qty,126.6493,20,True,
benchmark,134,q10_top_sellers_qty,119.33240000000001,20,True,
benchmark,135,q10_top_sellers_qty,119.17870000000001,20,True,
benchmark,136,q10_top_sellers_qty,127.76909999999999,20,True,
benchmark,137,q10_top_sellers_qty,125.39530000000001,20,True,
benchmark,138,q10_top_sellers_qty,122.1075,20,True,
benchmark,139,q10_top_sellers_qty,124.01479999999999,20,True,
benchmark,140,q10_top_sellers_qty,120.1309,20,True,
benchmark,141,q10_top_sellers_qty,128.52950000000001,20,True,
benchmark,142,q10_top_sellers_qty,125.7443,20,True,
benchmark,143,q10_top_sellers_qty,114.3056,20,True,
benchmark,144,q10_top_sellers_qty,127.4559,20,True,
benchmark,145,q10_top_sellers_qty,131.2876,20,True,
benchmark,146,q10_top_sellers_qty,116.81870000000001,20,True,
benchmark,147,q10_top_sellers_qty,119.70659999999999,20,True,
benchmark,148,q10_top_sellers_qty,123.58759999999999,20,True,
benchmark,149,q10_top_sellers_qty,127.7539,20,True,
benchmark,150,q10_top_sellers_qty,126.3605,20,True,
benchmark,151,q10_top_sellers_qty,123.39149999999999,20,True,
benchmark,152,q10_top_sellers_qty,128.8185,20,True,
benchmark,153,q10_top_sellers_qty,129.9717,20,True,
benchmark,154,q10_top_sellers_qty,124.3347,20,True,
benchmark,155,q10_top_sellers_qty,113.09529999999999,20,True,
benchmark,156,q10_top_sellers_qty,116.61069999999999,20,True,
benchmark,157,q10_top_sellers_qty,130.51480000000001,20,True,
benchmark,158,q10_top_sellers_qty,116.4902,20,True,
benchmark,159,q10_top_sellers_qty,116.6365,20,True,
benchmark,160,q10_top_sellers_qty,131.45769999999999,20,True,
benchmark,161,q10_top_sellers_qty,125.717,20,True,
benchmark,162,q10_top_sellers_qty,119.4085,20,True,
benchmark,163,q10_top_sellers_qty,118.2921,20,True,
benchmark,164,q10_top_sellers_qty,122.2213,20,True,
benchmark,165,q10_top_sellers_qty,124.5151,20,True,
benchmark,166,q10_top_sellers_qty,144.63059999999999,20,True,
benchmark,167,q10_top_sellers_qty,123.063,20,True,
benchmark,168,q10_top_sellers_qty,117.9105,20,True,
benchmark,169,q10_top_sellers_qty,130.55779999999999,20,True,
benchmark,170,q10_top_sellers_qty,126.0441,20,True,
benchmark,171,q10_top_sellers_qty,125.08540000000001,20,True,
benchmark,172,q10_top_sellers_qty,119.1241,20,True,
benchmark,173,q10_top_sellers_qty,132.89590000000001,20,True,
benchmark,174,q10_top_sellers_qty,125.1024,20,True,
benchmark,175,q10_top_sellers_qty,120.9592,20,True,
benchmark,176,q10_top_sellers_qty,113.95010000000001,20,True,
benchmark,177,q10_top_sellers_qty,122.63890000000001,20,True,
benchmark,178,q10_top_sellers_qty,124.9598,20,True,
benchmark,179,q10_top_sellers_qty,129.6249,20,True,
benchmark,180,q10_top_sellers_qty,108.4027,20,True,
benchmark,181,q10_top_sellers_qty,137.7749,20,True,
benchmark,182,q10_top_sellers_qty,125.9295,20,True,
benchmark,183,q10_top_sellers_qty,125.7761,20,True,
benchmark,184,q10_top_sellers_qty,123.70869999999999,20,True,
benchmark,185,q10_top_sellers_qty,116.381,20,True,
benchmark,186,q10_top_sellers_qty,132.48820000000001,20,True,
benchmark,187,q10_top_sellers_qty,115.7187,20,True,
benchmark,188,q10_top_sellers_qty,121.1816,20,True,
benchmark,189,q10_top_sellers_qty,126.3496,20,True,
benchmark,190,q10_top_sellers_qty,115.46729999999999,20,True,
benchmark,191,q10_top_sellers_qty,131.19569999999999,20,True,
benchmark,192,q10_top_sellers_qty,130.18350000000001,20,True,
benchmark,193,q10_top_sellers_qty,113.517,20,True,
benchmark,194,q10_top_sellers_qty,127.2945,20,True,
benchmark,195,q10_top_sellers_qty,125.95650000000001,20,True,
benchmark,196,q10_top_sellers_qty,122.3626,20,True,
benchmark,197,q10_top_sellers_qty,110.7441,20,True,
benchmark,198,q10_top_sellers_qty,130.7878,20,True,
benchmark,199,q10_top_sellers_qty,131.05590000000001,20,True,
benchmark,200,q10_top_sellers_qty,120.46599999999999,20,True,
benchmark,201,q10_top_sellers_qty,122.31699999999999,20,True,
benchmark,202,q10_top_sellers_qty,136.30199999999999,20,True,
benchmark,203,q10_top_sellers_qty,131.7089,20,True,
benchmark,204,q10_top_sellers_qty,123.8942,20,True,
benchmark,205,q10_top_sellers_qty,122.91679999999999,20,True,
benchmark,206,q10_top_sellers_qty,125.1118,20,True,
benchmark,207,q10_top_sellers_qty,125.75060000000001,20,True,
benchmark,208,q10_top_sellers_qty,123.3533,20,True,
benchmark,209,q10_top_sellers_qty,118.1026,20,True,
benchmark,210,q10_top_sellers_qty,123.8853,20,True,
benchmark,211,q10_top_sellers_qty,125.78189999999999,20,True,
benchmark,212,q10_top_sellers_qty,126.6148,20,True,
benchmark,213,q10_top_sellers_qty,121.2002,20,True,
benchmark,214,q10_top_sellers_qty,112.8245,20,True,
benchmark,215,q10_top_sellers_qty,140.22720000000001,20,True,
benchmark,216,q10_top_sellers_qty,127.5646,20,True,
benchmark,217,q10_top_sellers_qty,126.23350000000001,20,True,
benchmark,218,q10_top_sellers_qty,118.23909999999999,20,True,
benchmark,219,q10_top_sellers_qty,132.07089999999999,20,True,
benchmark,220,q10_top_sellers_qty,136.62819999999999,20,True,
benchmark,221,q10_top_sellers_qty,126.0377,20,True,
benchmark,222,q10_top_sellers_qty,108.479,20,True,
benchmark,223,q10_top_sellers_qty,137.8022,20,True,
benchmark,224,q10_top_sellers_qty,135.0685,20,True,
benchmark,225,q10_top_sellers_qty,130.2647,20,True,
benchmark,226,q10_top_sellers_qty,111.60760000000001,20,True,
benchmark,227,q10_top_sellers_qty,115.3574,20,True,
benchmark,228,q10_top_sellers_qty,132.57259999999999,20,True,
benchmark,229,q10_top_sellers_qty,122.669,20,True,
benchmark,230,q10_top_sellers_qty,113.4224,20,True,
benchmark,231,q10_top_sellers_qty,127.1609,20,True,
benchmark,232,q10_top_sellers_qty,126.3121,20,True,
benchmark,233,q10_top_sellers_qty,129.68049999999999,20,True,
benchmark,234,q10_top_sellers_qty,123.1627,20,True,
benchmark,235,q10_top_sellers_qty,112.81999999999999,20,True,
benchmark,236,q10_top_sellers_qty,128.0624,20,True,
benchmark,237,q10_top_sellers_qty,118.7548,20,True,
benchmark,238,q10_top_sellers_qty,122.32640000000001,20,True,
benchmark,239,q10_top_sellers_qty,119.316,20,True,
benchmark,240,q10_top_sellers_qty,133.548,20,True,
benchmark,241,q10_top_sellers_qty,133.4802,20,True,
benchmark,242,q10_top_sellers_qty,121.4927,20,True,
benchmark,243,q10_top_sellers_qty,122.46299999999999,20,True,
benchmark,244,q10_top_sellers_qty,130.1164,20,True,
benchmark,245,q10_top_sellers_qty,126.93389999999999,20,True,
benchmark,246,q10_top_sellers_qty,121.75620000000001,20,True,
benchmark,247,q10_top_sellers_qty,118.5594,20,True,
benchmark,248,q10_top_sellers_qty,132.6926,20,True,
benchmark,249,q10_top_sellers_qty,131.05760000000001,20,True,
benchmark,250,q10_top_sellers_qty,121.0869,20,True,
benchmark,251,q10_top_sellers_qty,123.1408,20,True,
benchmark,252,q10_top_sellers_qty,113.9222,20,True,
benchmark,253,q10_top_sellers_qty,132.34780000000001,20,True,
benchmark,254,q10_top_sellers_qty,118.18859999999999,20,True,
benchmark,255,q10_top_sellers_qty,123.605,20,True,
benchmark,256,q10_top_sellers_qty,122.926,20,True,
benchmark,257,q10_top_sellers_qty,118.25069999999999,20,True,
benchmark,258,q10_top_sellers_qty,130.4922,20,True,
benchmark,259,q10_top_sellers_qty,123.92910000000001,20,True,
benchmark,260,q10_top_sellers_qty,122.8946,20,True,
benchmark,261,q10_top_sellers_qty,137.18109999999999,20,True,
benchmark,262,q10_top_sellers_qty,124.1326,20,True,
benchmark,263,q10_top_sellers_qty,123.9594,20,True,
benchmark,264,q10_top_sellers_qty,120.0548,20,True,
benchmark,265,q10_top_sellers_qty,129.68600000000001,20,True,
benchmark,266,q10_top_sellers_qty,126.3428,20,True,
benchmark,267,q10_top_sellers_qty,124.5145,20,True,
benchmark,268,q10_top_sellers_qty,110.2573,20,True,
benchmark,269,q10_top_sellers_qty,131.57239999999999,20,True,
benchmark,270,q10_top_sellers_qty,128.3724,20,True,
benchmark,271,q10_top_sellers_qty,127.7269,20,True,
benchmark,272,q10_top_sellers_qty,123.69119999999999,20,True,
benchmark,273,q10_top_sellers_qty,116.91679999999999,20,True,
benchmark,274,q10_top_sellers_qty,132.90809999999999,20,True,
benchmark,275,q10_top_sellers_qty,127.4327,20,True,
benchmark,276,q10_top_sellers_qty,110.7334,20,True,
benchmark,277,q10_top_sellers_qty,129.833,20,True,
benchmark,278,q10_top_sellers_qty,127.3978,20,True,
benchmark,279,q10_top_sellers_qty,128.72620000000001,20,True,
benchmark,280,q10_top_sellers_qty,117.4847,20,True,
benchmark,281,q10_top_sellers_qty,118.91249999999999,20,True,
benchmark,282,q10_top_sellers_qty,135.2843,20,True,
benchmark,283,q10_top_sellers_qty,128.61019999999999,20,True,
benchmark,284,q10_top_sellers_qty,121.38809999999999,20,True,
benchmark,285,q10_top_sellers_qty,118.34910000000001,20,True,
benchmark,286,q10_top_sellers_qty,127.664,20,True,
benchmark,287,q10_top_sellers_qty,132.3914,20,True,
benchmark,288,q10_top_sellers_qty,122.84529999999999,20,True,
benchmark,289,q10_top_sellers_qty,118.5917,20,True,
benchmark,290,q10_top_sellers_qty,131.751,20,True,
benchmark,291,q10_top_sellers_qty,124.5347,20,True,
benchmark,292,q10_top_sellers_qty,119.7586,20,True,
benchmark,293,q10_top_sellers_qty,119.8044,20,True,
benchmark,294,q10_top_sellers_qty,136.04089999999999,20,True,
benchmark,295,q10_top_sellers_qty,135.11799999999999,20,True,
benchmark,296,q10_top_sellers_qty,124.9513,20,True,
benchmark,297,q10_top_sellers_qty,115.2968,20,True,
benchmark,298,q10_top_sellers_qty,123.84650000000001,20,True,
benchmark,299,q10_top_sellers_qty,129.6147,20,True,
benchmark,300,q10_top_sellers_qty,121.6615,20,True,
benchmark,301,q10_top_sellers_qty,111.20699999999999,20,True,
benchmark,302,q10_top_sellers_qty,126.21429999999999,20,True,
benchmark,303,q10_top_sellers_qty,120.23220000000001,20,True,
benchmark,304,q10_top_sellers_qty,125.6245,20,True,
benchmark,305,q10_top_sellers_qty,128.5498,20,True,
benchmark,306,q10_top_sellers_qty,121.7912,20,True,
benchmark,307,q10_top_sellers_qty,134.89519999999999,20,True,
benchmark,308,q10_top_sellers_qty,125.8212,20,True,
benchmark,309,q10_top_sellers_qty,126.26309999999999,20,True,
benchmark,310,q10_top_sellers_qty,111.9239,20,True,
benchmark,311,q10_top_sellers_qty,133.2612,20,True,
benchmark,312,q10_top_sellers_qty,129.39259999999999,20,True,
benchmark,313,q10_top_sellers_qty,127.0896,20,True,
benchmark,314,q10_top_sellers_qty,109.5115,20,True,
benchmark,315,q10_top_sellers_qty,132.6396,20,True,
benchmark,316,q10_top_sellers_qty,128.45060000000001,20,True,
benchmark,317,q10_top_sellers_qty,128.45740000000001,20,True,
benchmark,318,q10_top_sellers_qty,109.73350000000001,20,True,
benchmark,319,q10_top_sellers_qty,137.43709999999999,20,True,
benchmark,320,q10_top_sellers_qty,122.7226,20,True,
benchmark,321,q10_top_sellers_qty,129.52250000000001,20,True,
benchmark,322,q10_top_sellers_qty,117.69199999999999,20,True,
benchmark,323,q10_top_sellers_qty,113.855,20,True,
benchmark,324,q10_top_sellers_qty,132.15559999999999,20,True,
benchmark,325,q10_top_sellers_qty,119.9164,20,True,
benchmark,326,q10_top_sellers_qty,125.7144,20,True,
benchmark,327,q10_top_sellers_qty,120.00149999999999,20,True,
benchmark,328,q10_top_sellers_qty,125.00490000000001,20,True,
benchmark,329,q10_top_sellers_qty,130.60390000000001,20,True,
benchmark,330,q10_top_sellers_qty,129.22380000000001,20,True,
benchmark,331,q10_top_sellers_qty,122.3745,20,True,
benchmark,332,q10_top_sellers_qty,132.6662,20,True,
benchmark,333,q10_top_sellers_qty,126.0064,20,True,
benchmark,334,q10_top_sellers_qty,127.6747,20,True,
benchmark,335,q10_top_sellers_qty,114.04219999999999,20,True,
benchmark,336,q10_top_sellers_qty,124.03740000000001,20,True,
benchmark,337,q10_top_sellers_qty,129.82570000000001,20,True,
benchmark,338,q10_top_sellers_qty,123.2522,20,True,
benchmark,339,q10_top_sellers_qty,116.59399999999999,20,True,
benchmark,340,q10_top_sellers_qty,131.8708,20,True,
benchmark,341,q10_top_sellers_qty,132.7441,20,True,
benchmark,342,q10_top_sellers_qty,121.3835,20,True,
benchmark,343,q10_top_sellers_qty,121.4516,20,True,
benchmark,344,q10_top_sellers_qty,119.57389999999999,20,True,
benchmark,345,q10_top_sellers_qty,132.26769999999999,20,True,
benchmark,346,q10_top_sellers_qty,125.07210000000001,20,True,
benchmark,347,q10_top_sellers_qty,123.8014,20,True,
benchmark,348,q10_top_sellers_qty,121.4962,20,True,
benchmark,349,q10_top_sellers_qty,122.3546,20,True,
benchmark,350,q10_top_sellers_qty,131.8777,20,True,
benchmark,351,q10_top_sellers_qty,124.16719999999999,20,True,
benchmark,352,q10_top_sellers_qty,119.238,20,True,
benchmark,353,q10_top_sellers_qty,136.99160000000001,20,True,
benchmark,354,q10_top_sellers_qty,127.87520000000001,20,True,
benchmark,355,q10_top_sellers_qty,120.8683,20,True,
benchmark,356,q10_top_sellers_qty,117.0937,20,True,
benchmark,357,q10_top_sellers_qty,131.7458,20,True,
benchmark,358,q10_top_sellers_qty,129.65880000000001,20,True,
benchmark,359,q10_top_sellers_qty,142.5043,20,True,
benchmark,360,q10_top_sellers_qty,116.46259999999999,20,True,
benchmark,361,q10_top_sellers_qty,136.20320000000001,20,True,
benchmark,362,q10_top_sellers_qty,133.31540000000001,20,True,
benchmark,363,q10_top_sellers_qty,120.37949999999999,20,True,
benchmark,364,q10_top_sellers_qty,116.27160000000001,20,True,
benchmark,365,q10_top_sellers_qty,123.6752,20,True,
benchmark,366,q10_top_sellers_qty,128.15459999999999,20,True,
benchmark,367,q10_top_sellers_qty,131.21289999999999,20,True,
benchmark,368,q10_top_sellers_qty,115.91160000000001,20,True,
benchmark,369,q10_top_sellers_qty,126.58150000000001,20,True,
benchmark,370,q10_top_sellers_qty,125.69070000000001,20,True,
benchmark,371,q10_top_sellers_qty,127.00320000000001,20,True,
benchmark,372,q10_top_sellers_qty,123.6995,20,True,
benchmark,373,q10_top_sellers_qty,117.6127,20,True,
benchmark,374,q10_top_sellers_qty,124.6759,20,True,
benchmark,375,q10_top_sellers_qty,122.9315,20,True,
benchmark,376,q10_top_sellers_qty,128.30799999999999,20,True,
benchmark,377,q10_top_sellers_qty,111.5162,20,True,
benchmark,378,q10_top_sellers_qty,126.65470000000001,20,True,
benchmark,379,q10_top_sellers_qty,126.91840000000001,20,True,
benchmark,380,q10_top_sellers_qty,123.37779999999999,20,True,
benchmark,381,q10_top_sellers_qty,176.24619999999999,20,True,
benchmark,382,q10_top_sellers_qty,138.38120000000001,20,True,
benchmark,383,q10_top_sellers_qty,126.949,20,True,
benchmark,384,q10_top_sellers_qty,122.8369,20,True,
benchmark,385,q10_top_sellers_qty,115.95959999999999,20,True,
benchmark,386,q10_top_sellers_qty,127.4571,20,True,
benchmark,387,q10_top_sellers_qty,131.7424,20,True,
benchmark,388,q10_top_sellers_qty,124.10809999999999,20,True,
benchmark,389,q10_top_sellers_qty,119.19119999999999,20,True,
benchmark,390,q10_top_sellers_qty,129.8443,20,True,
benchmark,391,q10_top_sellers_qty,122.7642,20,True,
benchmark,392,q10_top_sellers_qty,127.4128,20,True,
benchmark,393,q10_top_sellers_qty,128.61709999999999,20,True,
benchmark,394,q10_top_sellers_qty,123.2582,20,True,
benchmark,395,q10_top_sellers_qty,127.15989999999999,20,True,
benchmark,396,q10_top_sellers_qty,127.3528,20,True,
benchmark,397,q10_top_sellers_qty,118.4256,20,True,
benchmark,398,q10_top_sellers_qty,119.8768,20,True,
benchmark,399,q10_top_sellers_qty,127.37779999999999,20,True,
benchmark,400,q10_top_sellers_qty,128.1841,20,True,
benchmark,401,q10_top_sellers_qty,132.5838,20,True,
benchmark,402,q10_top_sellers_qty,116.4746,20,True,
benchmark,403,q10_top_sellers_qty,129.91069999999999,20,True,
benchmark,404,q10_top_sellers_qty,128.39060000000001,20,True,
benchmark,405,q10_top_sellers_qty,125.5492,20,True,
benchmark,406,q10_top_sellers_qty,117.8614,20,True,
benchmark,407,q10_top_sellers_qty,122.4392,20,True,
benchmark,408,q10_top_sellers_qty,146.5975,20,True,
benchmark,409,q10_top_sellers_qty,126.9877,20,True,
benchmark,410,q10_top_sellers_qty,121.9712,20,True,
benchmark,411,q10_top_sellers_qty,125.51479999999999,20,True,
benchmark,412,q10_top_sellers_qty,120.28570000000001,20,True,
benchmark,413,q10_top_sellers_qty,137.9306,20,True,
benchmark,414,q10_top_sellers_qty,117.69070000000001,20,True,
benchmark,415,q10_top_sellers_qty,112.6373,20,True,
benchmark,416,q10_top_sellers_qty,136.50069999999999,20,True,
benchmark,417,q10_top_sellers_qty,123.9971,20,True,
benchmark,418,q10_top_sellers_qty,128.03550000000001,20,True,
benchmark,419,q10_top_sellers_qty,112.3567,20,True,
benchmark,420,q10_top_sellers_qty,133.7285,20,True,
benchmark,421,q10_top_sellers_qty,126.8563,20,True,
benchmark,422,q10_top_sellers_qty,120.09869999999999,20,True,
benchmark,423,q10_top_sellers_qty,123.93899999999999,20,True,
benchmark,424,q10_top_sellers_qty,134.83519999999999,20,True,
benchmark,425,q10_top_sellers_qty,129.82130000000001,20,True,
benchmark,426,q10_top_sellers_qty,118.67100000000001,20,True,
benchmark,427,q10_top_sellers_qty,112.7683,20,True,
benchmark,428,q10_top_sellers_qty,136.52510000000001,20,True,
benchmark,429,q10_top_sellers_qty,129.82400000000001,20,True,
benchmark,430,q10_top_sellers_qty,127.0125,20,True,
benchmark,431,q10_top_sellers_qty,116.30070000000001,20,True,
benchmark,432,q10_top_sellers_qty,122.5591,20,True,
benchmark,433,q10_top_sellers_qty,136.45779999999999,20,True,
benchmark,434,q10_top_sellers_qty,124.5022,20,True,
benchmark,435,q10_top_sellers_qty,125.34820000000001,20,True,
benchmark,436,q10_top_sellers_qty,116.8411,20,True,
benchmark,437,q10_top_sellers_qty,127.5329,20,True,
benchmark,438,q10_top_sellers_qty,122.0847,20,True,
benchmark,439,q10_top_sellers_qty,127.8553,20,True,
benchmark,440,q10_top_sellers_qty,114.245,20,True,
benchmark,441,q10_top_sellers_qty,135.51349999999999,20,True,
benchmark,442,q10_top_sellers_qty,129.25239999999999,20,True,
benchmark,443,q10_top_sellers_qty,121.1516,20,True,
benchmark,444,q10_top_sellers_qty,119.13549999999999,20,True,
benchmark,445,q10_top_sellers_qty,128.1217,20,True,
benchmark,446,q10_top_sellers_qty,126.97620000000001,20,True,
benchmark,447,q10_top_sellers_qty,121.7758,20,True,
benchmark,448,q10_top_sellers_qty,111.3451,20,True,
benchmark,449,q10_top_sellers_qty,136.12819999999999,20,True,
benchmark,450,q10_top_sellers_qty,126.5288,20,True,
benchmark,451,q10_top_sellers_qty,128.4753,20,True,
benchmark,452,q10_top_sellers_qty,124.6271,20,True,
benchmark,453,q10_top_sellers_qty,115.2208,20,True,
benchmark,454,q10_top_sellers_qty,134.80019999999999,20,True,
benchmark,455,q10_top_sellers_qty,120.6772,20,True,
benchmark,456,q10_top_sellers_qty,112.9276,20,True,
benchmark,457,q10_top_sellers_qty,127.80370000000001,20,True,
benchmark,458,q10_top_sellers_qty,116.2713,20,True,
benchmark,459,q10_top_sellers_qty,131.47819999999999,20,True,
benchmark,460,q10_top_sellers_qty,119.87560000000001,20,True,
benchmark,461,q10_top_sellers_qty,114.5275,20,True,
benchmark,462,q10_top_sellers_qty,127.5761,20,True,
benchmark,463,q10_top_sellers_qty,131.1079,20,True,
benchmark,464,q10_top_sellers_qty,127.2529,20,True,
benchmark,465,q10_top_sellers_qty,121.63639999999999,20,True,
benchmark,466,q10_top_sellers_qty,128.99340000000001,20,True,
benchmark,467,q10_top_sellers_qty,124.3605,20,True,
benchmark,468,q10_top_sellers_qty,126.33159999999999,20,True,
benchmark,469,q10_top_sellers_qty,107.1322,20,True,
benchmark,470,q10_top_sellers_qty,136.45650000000001,20,True,
benchmark,471,q10_top_sellers_qty,132.8057,20,True,
benchmark,472,q10_top_sellers_qty,122.56440000000001,20,True,
benchmark,473,q10_top_sellers_qty,121.5543,20,True,
benchmark,474,q10_top_sellers_qty,120.5377,20,True,
benchmark,475,q10_top_sellers_qty,135.64359999999999,20,True,
benchmark,476,q10_top_sellers_qty,124.7479,20,True,
benchmark,477,q10_top_sellers_qty,114.2445,20,True,
benchmark,478,q10_top_sellers_qty,130.429,20,True,
benchmark,479,q10_top_sellers_qty,115.3411,20,True,
benchmark,480,q10_top_sellers_qty,128.08449999999999,20,True,
benchmark,481,q10_top_sellers_qty,127.66549999999999,20,True,
benchmark,482,q10_top_sellers_qty,114.83629999999999,20,True,
benchmark,483,q10_top_sellers_qty,125.0243,20,True,
benchmark,484,q10_top_sellers_qty,128.3389,20,True,
benchmark,485,q10_top_sellers_qty,118.1641,20,True,
benchmark,486,q10_top_sellers_qty,120.4901,20,True,
benchmark,487,q10_top_sellers_qty,136.2551,20,True,
benchmark,488,q10_top_sellers_qty,126.0402,20,True,
benchmark,489,q10_top_sellers_qty,117.2359,20,True,
benchmark,490,q10_top_sellers_qty,121.2034,20,True,
benchmark,491,q10_top_sellers_qty,131.18129999999999,20,True,
benchmark,492,q10_top_sellers_qty,129.49700000000001,20,True,
benchmark,493,q10_top_sellers_qty,118.5059,20,True,
benchmark,494,q10_top_sellers_qty,118.9971,20,True,
benchmark,495,q10_top_sellers_qty,130.80590000000001,20,True,
benchmark,496,q10_top_sellers_qty,133.4547,20,True,
benchmark,497,q10_top_sellers_qty,131.43119999999999,20,True,
benchmark,498,q10_top_sellers_qty,125.05410000000001,20,True,
benchmark,499,q10_top_sellers_qty,117.0641,20,True,
benchmark,500,q10_top_sellers_qty,132.6285,20,True,
benchmark,501,q10_top_sellers_qty,128.41569999999999,20,True,
benchmark,502,q10_top_sellers_qty,125.8875,20,True,
benchmark,503,q10_top_sellers_qty,119.48520000000001,20,True,
benchmark,504,q10_top_sellers_qty,122.21980000000001,20,True,
benchmark,505,q10_top_sellers_qty,131.77500000000001,20,True,
benchmark,506,q10_top_sellers_qty,131.5805,20,True,
benchmark,507,q10_top_sellers_qty,123.0655,20,True,
benchmark,508,q10_top_sellers_qty,126.0665,20,True,
benchmark,509,q10_top_sellers_qty,135.61199999999999,20,True,
benchmark,510,q10_top_sellers_qty,125.21129999999999,20,True,
benchmark,511,q10_top_sellers_qty,111.0044,20,True,
benchmark,512,q10_top_sellers_qty,133.16499999999999,20,True,
benchmark,513,q10_top_sellers_qty,127.5162,20,True,
benchmark,514,q10_top_sellers_qty,125.5949,20,True,
benchmark,515,q10_top_sellers_qty,108.0902,20,True,
benchmark,516,q10_top_sellers_qty,128.6362,20,True,
benchmark,517,q10_top_sellers_qty,126.3758,20,True,
benchmark,518,q10_top_sellers_qty,131.7629,20,True,
benchmark,519,q10_top_sellers_qty,122.07380000000001,20,True,
benchmark,520,q10_top_sellers_qty,112.6307,20,True,
benchmark,521,q10_top_sellers_qty,137.40170000000001,20,True,
benchmark,522,q10_top_sellers_qty,115.547,20,True,
benchmark,523,q10_top_sellers_qty,121.4825,20,True,
benchmark,524,q10_top_sellers_qty,128.0215,20,True,
benchmark,525,q10_top_sellers_qty,122.05540000000001,20,True,
benchmark,526,q10_top_sellers_qty,127.6284,20,True,
benchmark,527,q10_top_sellers_qty,123.9046,20,True,
benchmark,528,q10_top_sellers_qty,117.13800000000001,20,True,
benchmark,529,q10_top_sellers_qty,134.0813,20,True,
benchmark,530,q10_top_sellers_qty,129.29859999999999,20,True,
benchmark,531,q10_top_sellers_qty,129.7852,20,True,
benchmark,532,q10_top_sellers_qty,121.7007,20,True,
benchmark,533,q10_top_sellers_qty,131.0352,20,True,
benchmark,534,q10_top_sellers_qty,130.98670000000001,20,True,
benchmark,535,q10_top_sellers_qty,126.93899999999999,20,True,
benchmark,536,q10_top_sellers_qty,109.64279999999999,20,True,
benchmark,537,q10_top_sellers_qty,120.7871,20,True,
benchmark,538,q10_top_sellers_qty,136.71899999999999,20,True,
benchmark,539,q10_top_sellers_qty,125.60299999999999,20,True,
benchmark,540,q10_top_sellers_qty,115.1165,20,True,
benchmark,541,q10_top_sellers_qty,124.00069999999999,20,True,
benchmark,542,q10_top_sellers_qty,135.2115,20,True,
benchmark,543,q10_top_sellers_qty,122.08799999999999,20,True,
benchmark,544,q10_top_sellers_qty,113.6795,20,True,
benchmark,545,q10_top_sellers_qty,126.23560000000001,20,True,
benchmark,546,q10_top_sellers_qty,120.464,20,True,
benchmark,547,q10_top_sellers_qty,130.42939999999999,20,True,
benchmark,548,q10_top_sellers_qty,122.2563,20,True,
benchmark,549,q10_top_sellers_qty,110.9173,20,True,
benchmark,550,q10_top_sellers_qty,137.62090000000001,20,True,
benchmark,551,q10_top_sellers_qty,124.0958,20,True,
benchmark,552,q10_top_sellers_qty,132.59710000000001,20,True,
benchmark,553,q10_top_sellers_qty,122.06010000000001,20,True,
benchmark,554,q10_top_sellers_qty,134.73490000000001,20,True,
benchmark,555,q10_top_sellers_qty,129.55019999999999,20,True,
benchmark,556,q10_top_sellers_qty,120.8612,20,True,
benchmark,557,q10_top_sellers_qty,116.997,20,True,
benchmark,558,q10_top_sellers_qty,124.4841,20,True,
benchmark,559,q10_top_sellers_qty,124.0724,20,True,
benchmark,560,q10_top_sellers_qty,128.3373,20,True,
benchmark,561,q10_top_sellers_qty,120.0787,20,True,
benchmark,562,q10_top_sellers_qty,136.1378,20,True,
benchmark,563,q10_top_sellers_qty,134.37270000000001,20,True,
benchmark,564,q10_top_sellers_qty,129.65430000000001,20,True,
benchmark,565,q10_top_sellers_qty,123.9734,20,True,
benchmark,566,q10_top_sellers_qty,115.6405,20,True,
benchmark,567,q10_top_sellers_qty,127.62350000000001,20,True,
benchmark,568,q10_top_sellers_qty,121.99769999999999,20,True,
benchmark,569,q10_top_sellers_qty,117.8861,20,True,
benchmark,570,q10_top_sellers_qty,127.00920000000001,20,True,
benchmark,571,q10_top_sellers_qty,116.70180000000001,20,True,
benchmark,572,q10_top_sellers_qty,128.1576,20,True,
benchmark,573,q10_top_sellers_qty,124.358,20,True,
benchmark,574,q10_top_sellers_qty,113.5,20,True,
benchmark,575,q10_top_sellers_qty,127.45480000000001,20,True,
benchmark,576,q10_top_sellers_qty,139.6688,20,True,
benchmark,577,q10_top_sellers_qty,126.98950000000001,20,True,
benchmark,578,q10_top_sellers_qty,110.51560000000001,20,True,
benchmark,579,q10_top_sellers_qty,123.9392,20,True,
benchmark,580,q10_top_sellers_qty,127.4248,20,True,
benchmark,581,q10_top_sellers_qty,128.23699999999999,20,True,
benchmark,582,q10_top_sellers_qty,117.7328,20,True,
benchmark,583,q10_top_sellers_qty,129.42339999999999,20,True,
benchmark,584,q10_top_sellers_qty,136.87100000000001,20,True,
benchmark,585,q10_top_sellers_qty,120.2192,20,True,
benchmark,586,q10_top_sellers_qty,110.6786,20,True,
benchmark,587,q10_top_sellers_qty,114.12779999999999,20,True,
benchmark,588,q10_top_sellers_qty,133.62620000000001,20,True,
benchmark,589,q10_top_sellers_qty,124.3199,20,True,
benchmark,590,q10_top_sellers_qty,123.3279,20,True,
benchmark,591,q10_top_sellers_qty,126.95569999999999,20,True,
benchmark,592,q10_top_sellers_qty,119.27,20,True,
benchmark,593,q10_top_sellers_qty,130.01920000000001,20,True,
benchmark,594,q10_top_sellers_qty,127.30119999999999,20,True,
benchmark,595,q10_top_sellers_qty,116.6022,20,True,
benchmark,596,q10_top_sellers_qty,129.28030000000001,20,True,
benchmark,597,q10_top_sellers_qty,129.46549999999999,20,True,
benchmark,598,q10_top_sellers_qty,128.94710000000001,20,True,
benchmark,599,q10_top_sellers_qty,114.1366,20,True,
benchmark,600,q10_top_sellers_qty,127.90009999999999,20,True,
benchmark,601,q10_top_sellers_qty,135.64340000000001,20,True,
benchmark,602,q10_top_sellers_qty,122.8,20,True,
benchmark,603,q10_top_sellers_qty,116.6454,20,True,
benchmark,604,q10_top_sellers_qty,129.30699999999999,20,True,
benchmark,605,q10_top_sellers_qty,127.4081,20,True,
benchmark,606,q10_top_sellers_qty,125.53749999999999,20,True,
benchmark,607,q10_top_sellers_qty,116.03830000000001,20,True,
benchmark,608,q10_top_sellers_qty,130.29730000000001,20,True,
benchmark,609,q10_top_sellers_qty,132.53110000000001,20,True,
benchmark,610,q10_top_sellers_qty,129.06139999999999,20,True,
benchmark,611,q10_top_sellers_qty,118.72929999999999,20,True,
benchmark,612,q10_top_sellers_qty,116.56870000000001,20,True,
benchmark,613,q10_top_sellers_qty,139.34059999999999,20,True,
benchmark,614,q10_top_sellers_qty,119.20399999999999,20,True,
benchmark,615,q10_top_sellers_qty,130.10339999999999,20,True,
benchmark,616,q10_top_sellers_qty,119.1695,20,True,
benchmark,617,q10_top_sellers_qty,126.74769999999999,20,True,
benchmark,618,q10_top_sellers_qty,130.00049999999999,20,True,
benchmark,619,q10_top_sellers_qty,125.7136,20,True,
benchmark,620,q10_top_sellers_qty,114.20269999999999,20,True,
benchmark,621,q10_top_sellers_qty,128.43719999999999,20,True,
benchmark,622,q10_top_sellers_qty,123.0432,20,True,
benchmark,623,q10_top_sellers_qty,119.7033,20,True,
benchmark,624,q10_top_sellers_qty,115.0579,20,True,
benchmark,625,q10_top_sellers_qty,132.55019999999999,20,True,
benchmark,626,q10_top_sellers_qty,129.6574,20,True,
benchmark,627,q10_top_sellers_qty,122.1955,20,True,
benchmark,628,q10_top_sellers_qty,119.0538,20,True,
benchmark,629,q10_top_sellers_qty,127.4222,20,True,
benchmark,630,q10_top_sellers_qty,133.68639999999999,20,True,
benchmark,631,q10_top_sellers_qty,125.1001,20,True,
benchmark,632,q10_top_sellers_qty,117.2495,20,True,
benchmark,633,q10_top_sellers_qty,114.98260000000001,20,True,
benchmark,634,q10_top_sellers_qty,128.99000000000001,20,True,
benchmark,635,q10_top_sellers_qty,117.0393,20,True,
benchmark,636,q10_top_sellers_qty,120.6403,20,True,
benchmark,637,q10_top_sellers_qty,121.78319999999999,20,True,
benchmark,638,q10_top_sellers_qty,115.1324,20,True,
benchmark,639,q10_top_sellers_qty,128.0942,20,True,
benchmark,640,q10_top_sellers_qty,126.1795,20,True,
benchmark,641,q10_top_sellers_qty,116.05629999999999,20,True,
benchmark,642,q10_top_sellers_qty,129.10769999999999,20,True,
benchmark,643,q10_top_sellers_qty,122.9061,20,True,
benchmark,644,q10_top_sellers_qty,119.7978,20,True,
benchmark,645,q10_top_sellers_qty,120.6315,20,True,
benchmark,646,q10_top_sellers_qty,133.08330000000001,20,True,
benchmark,647,q10_top_sellers_qty,251.24700000000001,20,True,
benchmark,648,q10_top_sellers_qty,132.44220000000001,20,True,
benchmark,649,q10_top_sellers_qty,120.66370000000001,20,True,
benchmark,650,q10_top_sellers_qty,127.937,20,True,
benchmark,651,q10_top_sellers_qty,129.15270000000001,20,True,
benchmark,652,q10_top_sellers_qty,121.3977,20,True,
benchmark,653,q10_top_sellers_qty,108.20350000000001,20,True,
benchmark,654,q10_top_sellers_qty,140.5009,20,True,
benchmark,655,q10_top_sellers_qty,129.18000000000001,20,True,
benchmark,656,q10_top_sellers_qty,124.7685,20,True,
benchmark,657,q10_top_sellers_qty,113.4654,20,True,
benchmark,658,q10_top_sellers_qty,116.2102,20,True,
benchmark,659,q10_top_sellers_qty,124.4598,20,True,
benchmark,660,q10_top_sellers_qty,121.4866,20,True,
benchmark,661,q10_top_sellers_qty,125.44840000000001,20,True,
benchmark,662,q10_top_sellers_qty,120.17,20,True,
benchmark,663,q10_top_sellers_qty,128.18780000000001,20,True,
benchmark,664,q10_top_sellers_qty,130.15020000000001,20,True,
benchmark,665,q10_top_sellers_qty,128.97120000000001,20,True,
benchmark,666,q10_top_sellers_qty,120.9367,20,True,
benchmark,667,q10_top_sellers_qty,134.37139999999999,20,True,
benchmark,668,q10_top_sellers_qty,127.4405,20,True,
benchmark,669,q10_top_sellers_qty,119.7599,20,True,
benchmark,670,q10_top_sellers_qty,112.435,20,True,
benchmark,671,q10_top_sellers_qty,134.53280000000001,20,True,
benchmark,672,q10_top_sellers_qty,129.57749999999999,20,True,
benchmark,673,q10_top_sellers_qty,117.37350000000001,20,True,
benchmark,674,q10_top_sellers_qty,120.9517,20,True,
benchmark,675,q10_top_sellers_qty,127.2662,20,True,
benchmark,676,q10_top_sellers_qty,126.4862,20,True,
benchmark,677,q10_top_sellers_qty,122.8887,20,True,
benchmark,678,q10_top_sellers_qty,119.8627,20,True,
benchmark,679,q10_top_sellers_qty,131.24459999999999,20,True,
benchmark,680,q10_top_sellers_qty,138.4067,20,True,
benchmark,681,q10_top_sellers_qty,123.8137,20,True,
benchmark,682,q10_top_sellers_qty,111.8989,20,True,
benchmark,683,q10_top_sellers_qty,112.7334,20,True,
benchmark,684,q10_top_sellers_qty,127.8092,20,True,
benchmark,685,q10_top_sellers_qty,118.8494,20,True,
benchmark,686,q10_top_sellers_qty,124.2745,20,True,
benchmark,687,q10_top_sellers_qty,124.7842,20,True,
benchmark,688,q10_top_sellers_qty,127.6044,20,True,
benchmark,689,q10_top_sellers_qty,125.4986,20,True,
benchmark,690,q10_top_sellers_qty,122.94589999999999,20,True,
benchmark,691,q10_top_sellers_qty,121.89449999999999,20,True,
benchmark,692,q10_top_sellers_qty,125.4325,20,True,
benchmark,693,q10_top_sellers_qty,124.5162,20,True,
benchmark,694,q10_top_sellers_qty,117.4196,20,True,
benchmark,695,q10_top_sellers_qty,111.0307,20,True,
benchmark,696,q10_top_sellers_qty,124.47199999999999,20,True,
benchmark,697,q10_top_sellers_qty,129.81610000000001,20,True,
benchmark,698,q10_top_sellers_qty,125.9455,20,True,
benchmark,699,q10_top_sellers_qty,109.6374,20,True,
benchmark,700,q10_top_sellers_qty,127.67870000000001,20,True,
benchmark,701,q10_top_sellers_qty,133.7012,20,True,
benchmark,702,q10_top_sellers_qty,127.3625,20,True,
benchmark,703,q10_top_sellers_qty,121.4573,20,True,
benchmark,704,q10_top_sellers_qty,126.7996,20,True,
benchmark,705,q10_top_sellers_qty,131.13419999999999,20,True,
benchmark,706,q10_top_sellers_qty,123.26009999999999,20,True,
benchmark,707,q10_top_sellers_qty,118.5522,20,True,
benchmark,708,q10_top_sellers_qty,121.1032,20,True,
benchmark,709,q10_top_sellers_qty,120.568,20,True,
benchmark,710,q10_top_sellers_qty,127.58920000000001,20,True,
benchmark,711,q10_top_sellers_qty,122.29300000000001,20,True,
benchmark,712,q10_top_sellers_qty,114.584,20,True,
benchmark,713,q10_top_sellers_qty,128.33029999999999,20,True,
benchmark,714,q10_top_sellers_qty,130.6704,20,True,
benchmark,715,q10_top_sellers_qty,129.0017,20,True,
benchmark,716,q10_top_sellers_qty,122.1725,20,True,
benchmark,717,q10_top_sellers_qty,136.21700000000001,20,True,
benchmark,718,q10_top_sellers_qty,124.9772,20,True,
benchmark,719,q10_top_sellers_qty,128.89150000000001,20,True,
benchmark,720,q10_top_sellers_qty,113.24460000000001,20,True,
benchmark,721,q10_top_sellers_qty,131.96369999999999,20,True,
benchmark,722,q10_top_sellers_qty,127.5921,20,True,
benchmark,723,q10_top_sellers_qty,127.4209,20,True,
benchmark,724,q10_top_sellers_qty,127.2953,20,True,
benchmark,725,q10_top_sellers_qty,127.1708,20,True,
benchmark,726,q10_top_sellers_qty,130.68870000000001,20,True,
benchmark,727,q10_top_sellers_qty,126.38330000000001,20,True,
benchmark,728,q10_top_sellers_qty,115.6139,20,True,
benchmark,729,q10_top_sellers_qty,120.047,20,True,
benchmark,730,q10_top_sellers_qty,125.46599999999999,20,True,
benchmark,731,q10_top_sellers_qty,133.667,20,True,
benchmark,732,q10_top_sellers_qty,129.13419999999999,20,True,
benchmark,733,q10_top_sellers_qty,113.73609999999999,20,True,
benchmark,734,q10_top_sellers_qty,126.90179999999999,20,True,
benchmark,735,q10_top_sellers_qty,131.21510000000001,20,True,
benchmark,736,q10_top_sellers_qty,125.6052,20,True,
benchmark,737,q10_top_sellers_qty,111.7337,20,True,
benchmark,738,q10_top_sellers_qty,133.66370000000001,20,True,
benchmark,739,q10_top_sellers_qty,126.4105,20,True,
benchmark,740,q10_top_sellers_qty,127.2011,20,True,
benchmark,741,q10_top_sellers_qty,111.8591,20,True,
benchmark,742,q10_top_sellers_qty,135.6996,20,True,
benchmark,743,q10_top_sellers_qty,126.94199999999999,20,True,
benchmark,744,q10_top_sellers_qty,130.5789,20,True,
benchmark,745,q10_top_sellers_qty,129.7022,20,True,
benchmark,746,q10_top_sellers_qty,124.866,20,True,
benchmark,747,q10_top_sellers_qty,132.3235,20,True,
benchmark,748,q10_top_sellers_qty,128.25530000000001,20,True,
benchmark,749,q10_top_sellers_qty,115.976,20,True,
benchmark,750,q10_top_sellers_qty,129.59110000000001,20,True,
benchmark,751,q10_top_sellers_qty,128.54239999999999,20,True,
benchmark,752,q10_top_sellers_qty,125.5731,20,True,
benchmark,753,q10_top_sellers_qty,117.4482,20,True,
benchmark,754,q10_top_sellers_qty,121.2377,20,True,
benchmark,755,q10_top_sellers_qty,126.0324,20,True,
benchmark,756,q10_top_sellers_qty,125.84999999999999,20,True,
benchmark,757,q10_top_sellers_qty,125.5107,20,True,
benchmark,758,q10_top_sellers_qty,114.4362,20,True,
benchmark,759,q10_top_sellers_qty,135.83269999999999,20,True,
benchmark,760,q10_top_sellers_qty,125.5,20,True,
benchmark,761,q10_top_sellers_qty,119.7885,20,True,
benchmark,762,q10_top_sellers_qty,116.6643,20,True,
benchmark,763,q10_top_sellers_qty,132.9153,20,True,
benchmark,764,q10_top_sellers_qty,129.31370000000001,20,True,
benchmark,765,q10_top_sellers_qty,128.06950000000001,20,True,
benchmark,766,q10_top_sellers_qty,113.3385,20,True,
benchmark,767,q10_top_sellers_qty,132.13829999999999,20,True,
benchmark,768,q10_top_sellers_qty,126.4628,20,True,
benchmark,769,q10_top_sellers_qty,126.0947,20,True,
benchmark,770,q10_top_sellers_qty,116.486,20,True,
benchmark,771,q10_top_sellers_qty,132.45249999999999,20,True,
benchmark,772,q10_top_sellers_qty,131.9143,20,True,
benchmark,773,q10_top_sellers_qty,122.9372,20,True,
benchmark,774,q10_top_sellers_qty,122.4091,20,True,
benchmark,775,q10_top_sellers_qty,118.8443,20,True,
benchmark,776,q10_top_sellers_qty,130.8877,20,True,
benchmark,777,q10_top_sellers_qty,123.4622,20,True,
benchmark,778,q10_top_sellers_qty,117.045,20,True,
benchmark,779,q10_top_sellers_qty,125.7667,20,True,
benchmark,780,q10_top_sellers_qty,118.7407,20,True,
benchmark,781,q10_top_sellers_qty,131.44450000000001,20,True,
benchmark,782,q10_top_sellers_qty,122.0134,20,True,
benchmark,783,q10_top_sellers_qty,123.6315,20,True,
benchmark,784,q10_top_sellers_qty,136.01259999999999,20,True,
benchmark,785,q10_top_sellers_qty,129.7114,20,True,
benchmark,786,q10_top_sellers_qty,127.2834,20,True,
benchmark,787,q10_top_sellers_qty,122.9225,20,True,
benchmark,788,q10_top_sellers_qty,128.50720000000001,20,True,
benchmark,789,q10_top_sellers_qty,129.9522,20,True,
benchmark,790,q10_top_sellers_qty,118.91679999999999,20,True,
benchmark,791,q10_top_sellers_qty,119.88500000000001,20,True,
benchmark,792,q10_top_sellers_qty,134.58449999999999,20,True,
benchmark,793,q10_top_sellers_qty,131.57169999999999,20,True,
benchmark,794,q10_top_sellers_qty,129.01859999999999,20,True,
benchmark,795,q10_top_sellers_qty,110.8626,20,True,
benchmark,796,q10_top_sellers_qty,139.60409999999999,20,True,
benchmark,797,q10_top_sellers_qty,132.10319999999999,20,True,
benchmark,798,q10_top_sellers_qty,126.581,20,True,
benchmark,799,q10_top_sellers_qty,117.03230000000001,20,True,
benchmark,800,q10_top_sellers_qty,113.1443,20,True,
benchmark,801,q10_top_sellers_qty,133.3005,20,True,
benchmark,802,q10_top_sellers_qty,121.4923,20,True,
benchmark,803,q10_top_sellers_qty,123.3721,20,True,
benchmark,804,q10_top_sellers_qty,120.57299999999999,20,True,
benchmark,805,q10_top_sellers_qty,124.191,20,True,
benchmark,806,q10_top_sellers_qty,127.96210000000001,20,True,
benchmark,807,q10_top_sellers_qty,128.51419999999999,20,True,
benchmark,808,q10_top_sellers_qty,113.815,20,True,
benchmark,809,q10_top_sellers_qty,131.42939999999999,20,True,
benchmark,810,q10_top_sellers_qty,131.95830000000001,20,True,
benchmark,811,q10_top_sellers_qty,132.14230000000001,20,True,
benchmark,812,q10_top_sellers_qty,120.9367,20,True,
benchmark,813,q10_top_sellers_qty,135.21090000000001,20,True,
benchmark,814,q10_top_sellers_qty,124.7133,20,True,
benchmark,815,q10_top_sellers_qty,126.8135,20,True,
benchmark,816,q10_top_sellers_qty,114.4016,20,True,
benchmark,817,q10_top_sellers_qty,125.5192,20,True,
benchmark,818,q10_top_sellers_qty,131.77289999999999,20,True,
benchmark,819,q10_top_sellers_qty,128.6979,20,True,
benchmark,820,q10_top_sellers_qty,117.6737,20,True,
benchmark,821,q10_top_sellers_qty,123.0295,20,True,
benchmark,822,q10_top_sellers_qty,129.01419999999999,20,True,
benchmark,823,q10_top_sellers_qty,129.3827,20,True,
benchmark,824,q10_top_sellers_qty,116.6018,20,True,
benchmark,825,q10_top_sellers_qty,126.64830000000001,20,True,
benchmark,826,q10_top_sellers_qty,124.6005,20,True,
benchmark,827,q10_top_sellers_qty,126.17489999999999,20,True,
benchmark,828,q10_top_sellers_qty,128.2663,20,True,
benchmark,829,q10_top_sellers_qty,112.8182,20,True,
benchmark,830,q10_top_sellers_qty,143.9768,20,True,
benchmark,831,q10_top_sellers_qty,124.14149999999999,20,True,
benchmark,832,q10_top_sellers_qty,124.78579999999999,20,True,
benchmark,833,q10_top_sellers_qty,120.8524,20,True,
benchmark,834,q10_top_sellers_qty,134.37180000000001,20,True,
benchmark,835,q10_top_sellers_qty,133.4503,20,True,
benchmark,836,q10_top_sellers_qty,125.7088,20,True,
benchmark,837,q10_top_sellers_qty,112.7045,20,True,
benchmark,838,q10_top_sellers_qty,129.63759999999999,20,True,
benchmark,839,q10_top_sellers_qty,128.47229999999999,20,True,
benchmark,840,q10_top_sellers_qty,132.35050000000001,20,True,
benchmark,841,q10_top_sellers_qty,118.1349,20,True,
benchmark,842,q10_top_sellers_qty,134.91849999999999,20,True,
benchmark,843,q10_top_sellers_qty,124.339,20,True,
benchmark,844,q10_top_sellers_qty,126.61450000000001,20,True,
benchmark,845,q10_top_sellers_qty,121.2814,20,True,
benchmark,846,q10_top_sellers_qty,121.8771,20,True,
benchmark,847,q10_top_sellers_qty,130.76570000000001,20,True,
benchmark,848,q10_top_sellers_qty,115.1996,20,True,
benchmark,849,q10_top_sellers_qty,118.3325,20,True,
benchmark,850,q10_top_sellers_qty,115.8399,20,True,
benchmark,851,q10_top_sellers_qty,133.4332,20,True,
benchmark,852,q10_top_sellers_qty,123.62909999999999,20,True,
benchmark,853,q10_top_sellers_qty,125.4743,20,True,
benchmark,854,q10_top_sellers_qty,118.7863,20,True,
benchmark,855,q10_top_sellers_qty,125.1955,20,True,
benchmark,856,q10_top_sellers_qty,130.0359,20,True,
benchmark,857,q10_top_sellers_qty,139.1284,20,True,
benchmark,858,q10_top_sellers_qty,117.2298,20,True,
benchmark,859,q10_top_sellers_qty,138.04920000000001,20,True,
benchmark,860,q10_top_sellers_qty,130.16050000000001,20,True,
benchmark,861,q10_top_sellers_qty,118.8519,20,True,
benchmark,862,q10_top_sellers_qty,110.1344,20,True,
benchmark,863,q10_top_sellers_qty,134.7114,20,True,
benchmark,864,q10_top_sellers_qty,126.7098,20,True,
benchmark,865,q10_top_sellers_qty,119.044,20,True,
benchmark,866,q10_top_sellers_qty,116.16370000000001,20,True,
benchmark,867,q10_top_sellers_qty,115.505,20,True,
benchmark,868,q10_top_sellers_qty,132.54929999999999,20,True,
benchmark,869,q10_top_sellers_qty,116.75069999999999,20,True,
benchmark,870,q10_top_sellers_qty,126.62390000000001,20,True,
benchmark,871,q10_top_sellers_qty,122.6347,20,True,
benchmark,872,q10_top_sellers_qty,118.6726,20,True,
benchmark,873,q10_top_sellers_qty,131.4365,20,True,
benchmark,874,q10_top_sellers_qty,127.8023,20,True,
benchmark,875,q10_top_sellers_qty,123.8909,20,True,
benchmark,876,q10_top_sellers_qty,127.8116,20,True,
benchmark,877,q10_top_sellers_qty,129.3004,20,True,
benchmark,878,q10_top_sellers_qty,121.70659999999999,20,True,
benchmark,879,q10_top_sellers_qty,115.2902,20,True,
benchmark,880,q10_top_sellers_qty,133.36240000000001,20,True,
benchmark,881,q10_top_sellers_qty,129.59469999999999,20,True,
benchmark,882,q10_top_sellers_qty,128.9204,20,True,
benchmark,883,q10_top_sellers_qty,108.0633,20,True,
benchmark,884,q10_top_sellers_qty,131.8467,20,True,
benchmark,885,q10_top_sellers_qty,148.3527,20,True,
benchmark,886,q10_top_sellers_qty,128.48859999999999,20,True,
benchmark,887,q10_top_sellers_qty,118.129,20,True,
benchmark,888,q10_top_sellers_qty,123.5998,20,True,
benchmark,889,q10_top_sellers_qty,131.9692,20,True,
benchmark,890,q10_top_sellers_qty,131.04599999999999,20,True,
benchmark,891,q10_top_sellers_qty,112.5363,20,True,
benchmark,892,q10_top_sellers_qty,122.57170000000001,20,True,
benchmark,893,q10_top_sellers_qty,124.80289999999999,20,True,
benchmark,894,q10_top_sellers_qty,129.76570000000001,20,True,
benchmark,895,q10_top_sellers_qty,126.78700000000001,20,True,
benchmark,896,q10_top_sellers_qty,122.8032,20,True,
benchmark,897,q10_top_sellers_qty,129.6842,20,True,
benchmark,898,q10_top_sellers_qty,128.36099999999999,20,True,
benchmark,899,q10_top_sellers_qty,132.03399999999999,20,True,
benchmark,900,q10_top_sellers_qty,123.4222,20,True,
benchmark,901,q10_top_sellers_qty,129.39250000000001,20,True,
benchmark,902,q10_top_sellers_qty,129.76759999999999,20,True,
benchmark,903,q10_top_sellers_qty,117.50360000000001,20,True,
benchmark,904,q10_top_sellers_qty,118.2831,20,True,
benchmark,905,q10_top_sellers_qty,131.37639999999999,20,True,
benchmark,906,q10_top_sellers_qty,136.40719999999999,20,True,
benchmark,907,q10_top_sellers_qty,123.57550000000001,20,True,
benchmark,908,q10_top_sellers_qty,127.80159999999999,20,True,
benchmark,909,q10_top_sellers_qty,119.8901,20,True,
benchmark,910,q10_top_sellers_qty,129.82249999999999,20,True,
benchmark,911,q10_top_sellers_qty,124.4379,20,True,
benchmark,912,q10_top_sellers_qty,116.212,20,True,
benchmark,913,q10_top_sellers_qty,119.64960000000001,20,True,
benchmark,914,q10_top_sellers_qty,123.2129,20,True,
benchmark,915,q10_top_sellers_qty,126.8592,20,True,
benchmark,916,q10_top_sellers_qty,120.9923,20,True,
benchmark,917,q10_top_sellers_qty,112.717,20,True,
benchmark,918,q10_top_sellers_qty,132.7963,20,True,
benchmark,919,q10_top_sellers_qty,130.52099999999999,20,True,
benchmark,920,q10_top_sellers_qty,126.9002,20,True,
benchmark,921,q10_top_sellers_qty,116.11579999999999,20,True,
benchmark,922,q10_top_sellers_qty,132.43180000000001,20,True,
benchmark,923,q10_top_sellers_qty,125.3524,20,True,
benchmark,924,q10_top_sellers_qty,130.8066,20,True,
benchmark,925,q10_top_sellers_qty,111.6435,20,True,
benchmark,926,q10_top_sellers_qty,136.10839999999999,20,True,
benchmark,927,q10_top_sellers_qty,128.59450000000001,20,True,
benchmark,928,q10_top_sellers_qty,123.4408,20,True,
benchmark,929,q10_top_sellers_qty,115.3664,20,True,
benchmark,930,q10_top_sellers_qty,113.57080000000001,20,True,
benchmark,931,q10_top_sellers_qty,124.6674,20,True,
benchmark,932,q10_top_sellers_qty,118.4633,20,True,
benchmark,933,q10_top_sellers_qty,117.6474,20,True,
benchmark,934,q10_top_sellers_qty,124.87,20,True,
benchmark,935,q10_top_sellers_qty,117.1007,20,True,
benchmark,936,q10_top_sellers_qty,132.81710000000001,20,True,
benchmark,937,q10_top_sellers_qty,125.8991,20,True,
benchmark,938,q10_top_sellers_qty,113.4877,20,True,
benchmark,939,q10_top_sellers_qty,136.9965,20,True,
benchmark,940,q10_top_sellers_qty,130.90690000000001,20,True,
benchmark,941,q10_top_sellers_qty,119.2381,20,True,
benchmark,942,q10_top_sellers_qty,112.3706,20,True,
benchmark,943,q10_top_sellers_qty,125.9286,20,True,
benchmark,944,q10_top_sellers_qty,127.2912,20,True,
benchmark,945,q10_top_sellers_qty,120.399,20,True,
benchmark,946,q10_top_sellers_qty,108.73099999999999,20,True,
benchmark,947,q10_top_sellers_qty,140.03440000000001,20,True,
benchmark,948,q10_top_sellers_qty,137.0352,20,True,
benchmark,949,q10_top_sellers_qty,129.88730000000001,20,True,
benchmark,950,q10_top_sellers_qty,114.0368,20,True,
benchmark,951,q10_top_sellers_qty,119.1782,20,True,
benchmark,952,q10_top_sellers_qty,131.39609999999999,20,True,
benchmark,953,q10_top_sellers_qty,120.755,20,True,
benchmark,954,q10_top_sellers_qty,136.4949,20,True,
benchmark,955,q10_top_sellers_qty,119.0167,20,True,
benchmark,956,q10_top_sellers_qty,119.42749999999999,20,True,
benchmark,957,q10_top_sellers_qty,128.5582,20,True,
benchmark,958,q10_top_sellers_qty,125.2752,20,True,
benchmark,959,q10_top_sellers_qty,114.3835,20,True,
benchmark,960,q10_top_sellers_qty,133.8991,20,True,
benchmark,961,q10_top_sellers_qty,120.9624,20,True,
benchmark,962,q10_top_sellers_qty,127.4079,20,True,
benchmark,963,q10_top_sellers_qty,117.72750000000001,20,True,
benchmark,964,q10_top_sellers_qty,135.56399999999999,20,True,
benchmark,965,q10_top_sellers_qty,130.19919999999999,20,True,
benchmark,966,q10_top_sellers_qty,116.9061,20,True,
benchmark,967,q10_top_sellers_qty,118.0783,20,True,
benchmark,968,q10_top_sellers_qty,136.62,20,True,
benchmark,969,q10_top_sellers_qty,124.4764,20,True,
benchmark,970,q10_top_sellers_qty,131.2046,20,True,
benchmark,971,q10_top_sellers_qty,120.9188,20,True,
benchmark,972,q10_top_sellers_qty,115.6521,20,True,
benchmark,973,q10_top_sellers_qty,134.00909999999999,20,True,
benchmark,974,q10_top_sellers_qty,131.584,20,True,
benchmark,975,q10_top_sellers_qty,110.7338,20,True,
benchmark,976,q10_top_sellers_qty,126.5172,20,True,
benchmark,977,q10_top_sellers_qty,117.4222,20,True,
benchmark,978,q10_top_sellers_qty,122.1658,20,True,
benchmark,979,q10_top_sellers_qty,120.2231,20,True,
benchmark,980,q10_top_sellers_qty,111.0091,20,True,
benchmark,981,q10_top_sellers_qty,128.66919999999999,20,True,
benchmark,982,q10_top_sellers_qty,126.7642,20,True,
benchmark,983,q10_top_sellers_qty,128.19309999999999,20,True,
benchmark,984,q10_top_sellers_qty,120.9145,20,True,
benchmark,985,q10_top_sellers_qty,128.23070000000001,20,True,
benchmark,986,q10_top_sellers_qty,132.71449999999999,20,True,
benchmark,987,q10_top_sellers_qty,132.1859,20,True,
benchmark,988,q10_top_sellers_qty,121.78749999999999,20,True,
benchmark,989,q10_top_sellers_qty,135.80719999999999,20,True,
benchmark,990,q10_top_sellers_qty,131.21680000000001,20,True,
benchmark,991,q10_top_sellers_qty,131.3364,20,True,
benchmark,992,q10_top_sellers_qty,108.56699999999999,20,True,
benchmark,993,q10_top_sellers_qty,135.53999999999999,20,True,
benchmark,994,q10_top_sellers_qty,133.91550000000001,20,True,
benchmark,995,q10_top_sellers_qty,124.0659,20,True,
benchmark,996,q10_top_sellers_qty,121.8944,20,True,
benchmark,997,q10_top_sellers_qty,127.15219999999999,20,True,
benchmark,998,q10_top_sellers_qty,125.9547,20,True,
benchmark,999,q10_top_sellers_qty,127.8733,20,True,
benchmark,1000,q10_top_sellers_qty,122.92959999999999,20,True,
benchmark,1,q11_top_categories,0.41870000000000002,0,True,
benchmark,2,q11_top_categories,8.1633999999999993,0,True,
benchmark,3,q11_top_categories,0.13170000000000001,0,True,
benchmark,4,q11_top_categories,0.13830000000000001,0,True,
benchmark,5,q11_top_categories,0.11749999999999999,0,True,
benchmark,6,q11_top_categories,0.16819999999999999,0,True,
benchmark,7,q11_top_categories,0.1197,0,True,
benchmark,8,q11_top_categories,0.1336,0,True,
benchmark,9,q11_top_categories,0.1242,0,True,
benchmark,10,q11_top_categories,0.13,0,True,
benchmark,11,q11_top_categories,0.13250000000000001,0,True,
benchmark,12,q11_top_categories,0.11269999999999999,0,True,
benchmark,13,q11_top_categories,0.1157,0,True,
benchmark,14,q11_top_categories,0.14050000000000001,0,True,
benchmark,15,q11_top_categories,0.1326,0,True,
benchmark,16,q11_top_categories,0.14399999999999999,0,True,
benchmark,17,q11_top_categories,0.1103,0,True,
benchmark,18,q11_top_categories,0.10829999999999999,0,True,
benchmark,19,q11_top_categories,0.11609999999999999,0,True,
benchmark,20,q11_top_categories,0.14169999999999999,0,True,
benchmark,21,q11_top_categories,0.1201,0,True,
benchmark,22,q11_top_categories,0.2014,0,True,
benchmark,23,q11_top_categories,0.1321,0,True,
benchmark,24,q11_top_categories,0.1173,0,True,
benchmark,25,q11_top_categories,0.1239,0,True,
benchmark,26,q11_top_categories,0.104,0,True,
benchmark,27,q11_top_categories,0.1133,0,True,
benchmark,28,q11_top_categories,0.11550000000000001,0,True,
benchmark,29,q11_top_categories,0.1062,0,True,
benchmark,30,q11_top_categories,0.1132,0,True,
benchmark,31,q11_top_categories,0.1195,0,True,
benchmark,32,q11_top_categories,0.1157,0,True,
benchmark,33,q11_top_categories,0.1241,0,True,
benchmark,34,q11_top_categories,0.1168,0,True,
benchmark,35,q11_top_categories,0.1188,0,True,
benchmark,36,q11_top_categories,0.1164,0,True,
benchmark,37,q11_top_categories,0.1057,0,True,
benchmark,38,q11_top_categories,0.112,0,True,
benchmark,39,q11_top_categories,0.1192,0,True,
benchmark,40,q11_top_categories,0.11219999999999999,0,True,
benchmark,41,q11_top_categories,0.1145,0,True,
benchmark,42,q11_top_categories,0.1086,0,True,
benchmark,43,q11_top_categories,0.1173,0,True,
benchmark,44,q11_top_categories,0.1103,0,True,
benchmark,45,q11_top_categories,0.1128,0,True,
benchmark,46,q11_top_categories,0.1116,0,True,
benchmark,47,q11_top_categories,0.1099,0,True,
benchmark,48,q11_top_categories,0.1055,0,True,
benchmark,49,q11_top_categories,0.1177,0,True,
benchmark,50,q11_top_categories,0.12640000000000001,0,True,
benchmark,51,q11_top_categories,0.18029999999999999,0,True,
benchmark,52,q11_top_categories,0.1188,0,True,
benchmark,53,q11_top_categories,0.1125,0,True,
benchmark,54,q11_top_categories,0.11269999999999999,0,True,
benchmark,55,q11_top_categories,0.1143,0,True,
benchmark,56,q11_top_categories,0.10299999999999999,0,True,
benchmark,57,q11_top_categories,0.1055,0,True,
benchmark,58,q11_top_categories,0.10349999999999999,0,True,
benchmark,59,q11_top_categories,0.1169,0,True,
benchmark,60,q11_top_categories,0.11020000000000001,0,True,
benchmark,61,q11_top_categories,0.11219999999999999,0,True,
benchmark,62,q11_top_categories,0.1125,0,True,
benchmark,63,q11_top_categories,0.1051,0,True,
benchmark,64,q11_top_categories,0.1089,0,True,
benchmark,65,q11_top_categories,0.1111,0,True,
benchmark,66,q11_top_categories,0.11020000000000001,0,True,
benchmark,67,q11_top_categories,0.11,0,True,
benchmark,68,q11_top_categories,0.11,0,True,
benchmark,69,q11_top_categories,0.1041,0,True,
benchmark,70,q11_top_categories,0.11269999999999999,0,True,
benchmark,71,q11_top_categories,0.11269999999999999,0,True,
benchmark,72,q11_top_categories,0.1139,0,True,
benchmark,73,q11_top_categories,0.10780000000000001,0,True,
benchmark,74,q11_top_categories,0.11070000000000001,0,True,
benchmark,75,q11_top_categories,0.1094,0,True,
benchmark,76,q11_top_categories,0.11070000000000001,0,True,
benchmark,77,q11_top_categories,0.1139,0,True,
benchmark,78,q11_top_categories,0.16600000000000001,0,True,
benchmark,79,q11_top_categories,0.1268,0,True,
benchmark,80,q11_top_categories,0.1057,0,True,
benchmark,81,q11_top_categories,0.1178,0,True,
benchmark,82,q11_top_categories,0.10929999999999999,0,True,
benchmark,83,q11_top_categories,0.1255,0,True,
benchmark,84,q11_top_categories,0.1221,0,True,
benchmark,85,q11_top_categories,0.1077,0,True,
benchmark,86,q11_top_categories,0.12770000000000001,0,True,
benchmark,87,q11_top_categories,0.1105,0,True,
benchmark,88,q11_top_categories,0.111,0,True,
benchmark,89,q11_top_categories,0.097900000000000001,0,True,
benchmark,90,q11_top_categories,0.1114,0,True,
benchmark,91,q11_top_categories,0.115,0,True,
benchmark,92,q11_top_categories,0.1129,0,True,
benchmark,93,q11_top_categories,0.10979999999999999,0,True,
benchmark,94,q11_top_categories,0.1148,0,True,
benchmark,95,q11_top_categories,0.1042,0,True,
benchmark,96,q11_top_categories,0.1077,0,True,
benchmark,97,q11_top_categories,0.1179,0,True,
benchmark,98,q11_top_categories,0.11700000000000001,0,True,
benchmark,99,q11_top_categories,0.1135,0,True,
benchmark,100,q11_top_categories,0.111,0,True,
benchmark,101,q11_top_categories,0.35370000000000001,0,True,
benchmark,102,q11_top_categories,0.1439,0,True,
benchmark,103,q11_top_categories,0.14560000000000001,0,True,
benchmark,104,q11_top_categories,0.1308,0,True,
benchmark,105,q11_top_categories,0.1363,0,True,
benchmark,106,q11_top_categories,0.16950000000000001,0,True,
benchmark,107,q11_top_categories,0.1246,0,True,
benchmark,108,q11_top_categories,0.11799999999999999,0,True,
benchmark,109,q11_top_categories,0.1125,0,True,
benchmark,110,q11_top_categories,0.10489999999999999,0,True,
benchmark,111,q11_top_categories,0.1143,0,True,
benchmark,112,q11_top_categories,0.1074,0,True,
benchmark,113,q11_top_categories,0.1096,0,True,
benchmark,114,q11_top_categories,0.11550000000000001,0,True,
benchmark,115,q11_top_categories,0.1148,0,True,
benchmark,116,q11_top_categories,0.11600000000000001,0,True,
benchmark,117,q11_top_categories,0.1101,0,True,
benchmark,118,q11_top_categories,0.1244,0,True,
benchmark,119,q11_top_categories,0.13420000000000001,0,True,
benchmark,120,q11_top_categories,0.10589999999999999,0,True,
benchmark,121,q11_top_categories,0.1741,0,True,
benchmark,122,q11_top_categories,0.1216,0,True,
benchmark,123,q11_top_categories,0.12,0,True,
benchmark,124,q11_top_categories,0.1222,0,True,
benchmark,125,q11_top_categories,0.11559999999999999,0,True,
benchmark,126,q11_top_categories,0.1163,0,True,
benchmark,127,q11_top_categories,0.1116,0,True,
benchmark,128,q11_top_categories,0.1168,0,True,
benchmark,129,q11_top_categories,0.11899999999999999,0,True,
benchmark,130,q11_top_categories,0.10979999999999999,0,True,
benchmark,131,q11_top_categories,0.11650000000000001,0,True,
benchmark,132,q11_top_categories,0.109,0,True,
benchmark,133,q11_top_categories,0.1095,0,True,
benchmark,134,q11_top_categories,0.1099,0,True,
benchmark,135,q11_top_categories,0.11940000000000001,0,True,
benchmark,136,q11_top_categories,0.11360000000000001,0,True,
benchmark,137,q11_top_categories,0.111,0,True,
benchmark,138,q11_top_categories,0.1053,0,True,
benchmark,139,q11_top_categories,0.1135,0,True,
benchmark,140,q11_top_categories,0.1115,0,True,
benchmark,141,q11_top_categories,0.1057,0,True,
benchmark,142,q11_top_categories,0.1108,0,True,
benchmark,143,q11_top_categories,0.1038,0,True,
benchmark,144,q11_top_categories,0.1149,0,True,
benchmark,145,q11_top_categories,0.097699999999999995,0,True,
benchmark,146,q11_top_categories,0.1132,0,True,
benchmark,147,q11_top_categories,0.11070000000000001,0,True,
benchmark,148,q11_top_categories,0.1017,0,True,
benchmark,149,q11_top_categories,0.1147,0,True,
benchmark,150,q11_top_categories,0.1074,0,True,
benchmark,151,q11_top_categories,0.1968,0,True,
benchmark,152,q11_top_categories,0.1152,0,True,
benchmark,153,q11_top_categories,0.1157,0,True,
benchmark,154,q11_top_categories,0.099099999999999994,0,True,
benchmark,155,q11_top_categories,0.11210000000000001,0,True,
benchmark,156,q11_top_categories,0.1145,0,True,
benchmark,157,q11_top_categories,0.1115,0,True,
benchmark,158,q11_top_categories,0.11310000000000001,0,True,
benchmark,159,q11_top_categories,0.1077,0,True,
benchmark,160,q11_top_categories,0.11169999999999999,0,True,
benchmark,161,q11_top_categories,0.1125,0,True,
benchmark,162,q11_top_categories,0.11169999999999999,0,True,
benchmark,163,q11_top_categories,0.1171,0,True,
benchmark,164,q11_top_categories,0.112,0,True,
benchmark,165,q11_top_categories,0.11749999999999999,0,True,
benchmark,166,q11_top_categories,0.1152,0,True,
benchmark,167,q11_top_categories,0.1177,0,True,
benchmark,168,q11_top_categories,0.1153,0,True,
benchmark,169,q11_top_categories,0.1293,0,True,
benchmark,170,q11_top_categories,0.1236,0,True,
benchmark,171,q11_top_categories,0.11749999999999999,0,True,
benchmark,172,q11_top_categories,0.1052,0,True,
benchmark,173,q11_top_categories,0.1077,0,True,
benchmark,174,q11_top_categories,0.1057,0,True,
benchmark,175,q11_top_categories,0.1077,0,True,
benchmark,176,q11_top_categories,0.10630000000000001,0,True,
benchmark,177,q11_top_categories,0.1062,0,True,
benchmark,178,q11_top_categories,0.1177,0,True,
benchmark,179,q11_top_categories,0.10290000000000001,0,True,
benchmark,180,q11_top_categories,0.13339999999999999,0,True,
benchmark,181,q11_top_categories,0.1153,0,True,
benchmark,182,q11_top_categories,0.106,0,True,
benchmark,183,q11_top_categories,0.1084,0,True,
benchmark,184,q11_top_categories,0.1082,0,True,
benchmark,185,q11_top_categories,0.1057,0,True,
benchmark,186,q11_top_categories,0.1232,0,True,
benchmark,187,q11_top_categories,0.13569999999999999,0,True,
benchmark,188,q11_top_categories,0.12759999999999999,0,True,
benchmark,189,q11_top_categories,0.1075,0,True,
benchmark,190,q11_top_categories,0.1191,0,True,
benchmark,191,q11_top_categories,0.11700000000000001,0,True,
benchmark,192,q11_top_categories,0.1094,0,True,
benchmark,193,q11_top_categories,0.1138,0,True,
benchmark,194,q11_top_categories,0.1062,0,True,
benchmark,195,q11_top_categories,0.1108,0,True,
benchmark,196,q11_top_categories,0.12790000000000001,0,True,
benchmark,197,q11_top_categories,0.12479999999999999,0,True,
benchmark,198,q11_top_categories,0.1145,0,True,
benchmark,199,q11_top_categories,0.11,0,True,
benchmark,200,q11_top_categories,0.1042,0,True,
benchmark,201,q11_top_categories,0.4788,0,True,
benchmark,202,q11_top_categories,0.157,0,True,
benchmark,203,q11_top_categories,0.12939999999999999,0,True,
benchmark,204,q11_top_categories,0.122,0,True,
benchmark,205,q11_top_categories,0.1305,0,True,
benchmark,206,q11_top_categories,0.12,0,True,
benchmark,207,q11_top_categories,0.1154,0,True,
benchmark,208,q11_top_categories,0.112,0,True,
benchmark,209,q11_top_categories,0.1145,0,True,
benchmark,210,q11_top_categories,0.1116,0,True,
benchmark,211,q11_top_categories,0.114,0,True,
benchmark,212,q11_top_categories,0.1091,0,True,
benchmark,213,q11_top_categories,0.1115,0,True,
benchmark,214,q11_top_categories,0.11310000000000001,0,True,
benchmark,215,q11_top_categories,0.11840000000000001,0,True,
benchmark,216,q11_top_categories,0.1197,0,True,
benchmark,217,q11_top_categories,0.1235,0,True,
benchmark,218,q11_top_categories,0.12330000000000001,0,True,
benchmark,219,q11_top_categories,0.1114,0,True,
benchmark,220,q11_top_categories,0.1046,0,True,
benchmark,221,q11_top_categories,0.1091,0,True,
benchmark,222,q11_top_categories,0.11269999999999999,0,True,
benchmark,223,q11_top_categories,0.1159,0,True,
benchmark,224,q11_top_categories,0.13450000000000001,0,True,
benchmark,225,q11_top_categories,0.1338,0,True,
benchmark,226,q11_top_categories,0.16139999999999999,0,True,
benchmark,227,q11_top_categories,0.11940000000000001,0,True,
benchmark,228,q11_top_categories,0.11550000000000001,0,True,
benchmark,229,q11_top_categories,0.11509999999999999,0,True,
benchmark,230,q11_top_categories,0.11799999999999999,0,True,
benchmark,231,q11_top_categories,0.1094,0,True,
benchmark,232,q11_top_categories,0.13239999999999999,0,True,
benchmark,233,q11_top_categories,0.115,0,True,
benchmark,234,q11_top_categories,0.1152,0,True,
benchmark,235,q11_top_categories,0.1186,0,True,
benchmark,236,q11_top_categories,0.1067,0,True,
benchmark,237,q11_top_categories,0.1138,0,True,
benchmark,238,q11_top_categories,0.11269999999999999,0,True,
benchmark,239,q11_top_categories,0.1077,0,True,
benchmark,240,q11_top_categories,0.1158,0,True,
benchmark,241,q11_top_categories,0.1118,0,True,
benchmark,242,q11_top_categories,0.1075,0,True,
benchmark,243,q11_top_categories,0.1147,0,True,
benchmark,244,q11_top_categories,0.1105,0,True,
benchmark,245,q11_top_categories,0.1052,0,True,
benchmark,246,q11_top_categories,0.1115,0,True,
benchmark,247,q11_top_categories,0.1066,0,True,
benchmark,248,q11_top_categories,0.1138,0,True,
benchmark,249,q11_top_categories,0.12180000000000001,0,True,
benchmark,250,q11_top_categories,0.1128,0,True,
benchmark,251,q11_top_categories,0.19070000000000001,0,True,
benchmark,252,q11_top_categories,0.1208,0,True,
benchmark,253,q11_top_categories,0.1132,0,True,
benchmark,254,q11_top_categories,0.11559999999999999,0,True,
benchmark,255,q11_top_categories,0.1111,0,True,
benchmark,256,q11_top_categories,0.1091,0,True,
benchmark,257,q11_top_categories,0.1116,0,True,
benchmark,258,q11_top_categories,0.10290000000000001,0,True,
benchmark,259,q11_top_categories,0.1152,0,True,
benchmark,260,q11_top_categories,0.1069,0,True,
benchmark,261,q11_top_categories,0.11260000000000001,0,True,
benchmark,262,q11_top_categories,0.1118,0,True,
benchmark,263,q11_top_categories,0.1174,0,True,
benchmark,264,q11_top_categories,0.1111,0,True,
benchmark,265,q11_top_categories,0.1019,0,True,
benchmark,266,q11_top_categories,0.1164,0,True,
benchmark,267,q11_top_categories,0.11310000000000001,0,True,
benchmark,268,q11_top_categories,0.1139,0,True,
benchmark,269,q11_top_categories,0.11509999999999999,0,True,
benchmark,270,q11_top_categories,0.1135,0,True,
benchmark,271,q11_top_categories,0.11119999999999999,0,True,
benchmark,272,q11_top_categories,0.1135,0,True,
benchmark,273,q11_top_categories,0.104,0,True,
benchmark,274,q11_top_categories,0.1123,0,True,
benchmark,275,q11_top_categories,0.097500000000000003,0,True,
benchmark,276,q11_top_categories,0.11990000000000001,0,True,
benchmark,277,q11_top_categories,0.1071,0,True,
benchmark,278,q11_top_categories,0.1118,0,True,
benchmark,279,q11_top_categories,0.1207,0,True,
benchmark,280,q11_top_categories,0.10340000000000001,0,True,
benchmark,281,q11_top_categories,0.1242,0,True,
benchmark,282,q11_top_categories,0.107,0,True,
benchmark,283,q11_top_categories,0.1144,0,True,
benchmark,284,q11_top_categories,0.1047,0,True,
benchmark,285,q11_top_categories,0.1087,0,True,
benchmark,286,q11_top_categories,0.10489999999999999,0,True,
benchmark,287,q11_top_categories,0.1094,0,True,
benchmark,288,q11_top_categories,0.1087,0,True,
benchmark,289,q11_top_categories,0.10630000000000001,0,True,
benchmark,290,q11_top_categories,0.1084,0,True,
benchmark,291,q11_top_categories,0.1026,0,True,
benchmark,292,q11_top_categories,0.10920000000000001,0,True,
benchmark,293,q11_top_categories,0.10349999999999999,0,True,
benchmark,294,q11_top_categories,0.14360000000000001,0,True,
benchmark,295,q11_top_categories,0.1046,0,True,
benchmark,296,q11_top_categories,0.1031,0,True,
benchmark,297,q11_top_categories,0.1125,0,True,
benchmark,298,q11_top_categories,0.1077,0,True,
benchmark,299,q11_top_categories,0.12609999999999999,0,True,
benchmark,300,q11_top_categories,0.11550000000000001,0,True,
benchmark,301,q11_top_categories,0.50449999999999995,0,True,
benchmark,302,q11_top_categories,0.18679999999999999,0,True,
benchmark,303,q11_top_categories,0.16250000000000001,0,True,
benchmark,304,q11_top_categories,0.1207,0,True,
benchmark,305,q11_top_categories,0.1236,0,True,
benchmark,306,q11_top_categories,0.1227,0,True,
benchmark,307,q11_top_categories,0.1114,0,True,
benchmark,308,q11_top_categories,0.1094,0,True,
benchmark,309,q11_top_categories,0.1065,0,True,
benchmark,310,q11_top_categories,0.1167,0,True,
benchmark,311,q11_top_categories,0.12709999999999999,0,True,
benchmark,312,q11_top_categories,0.1177,0,True,
benchmark,313,q11_top_categories,0.12189999999999999,0,True,
benchmark,314,q11_top_categories,0.1057,0,True,
benchmark,315,q11_top_categories,0.112,0,True,
benchmark,316,q11_top_categories,0.12570000000000001,0,True,
benchmark,317,q11_top_categories,0.11020000000000001,0,True,
benchmark,318,q11_top_categories,0.1135,0,True,
benchmark,319,q11_top_categories,0.1114,0,True,
benchmark,320,q11_top_categories,0.1082,0,True,
benchmark,321,q11_top_categories,0.1195,0,True,
benchmark,322,q11_top_categories,0.1162,0,True,
benchmark,323,q11_top_categories,0.1197,0,True,
benchmark,324,q11_top_categories,0.106,0,True,
benchmark,325,q11_top_categories,0.1046,0,True,
benchmark,326,q11_top_categories,0.114,0,True,
benchmark,327,q11_top_categories,0.107,0,True,
benchmark,328,q11_top_categories,0.1133,0,True,
benchmark,329,q11_top_categories,0.113,0,True,
benchmark,330,q11_top_categories,0.1046,0,True,
benchmark,331,q11_top_categories,0.1195,0,True,
benchmark,332,q11_top_categories,0.1053,0,True,
benchmark,333,q11_top_categories,0.10680000000000001,0,True,
benchmark,334,q11_top_categories,0.13689999999999999,0,True,
benchmark,335,q11_top_categories,0.10580000000000001,0,True,
benchmark,336,q11_top_categories,0.1166,0,True,
benchmark,337,q11_top_categories,0.11020000000000001,0,True,
benchmark,338,q11_top_categories,0.1075,0,True,
benchmark,339,q11_top_categories,0.1053,0,True,
benchmark,340,q11_top_categories,0.1079,0,True,
benchmark,341,q11_top_categories,0.1087,0,True,
benchmark,342,q11_top_categories,0.10390000000000001,0,True,
benchmark,343,q11_top_categories,0.1091,0,True,
benchmark,344,q11_top_categories,0.1062,0,True,
benchmark,345,q11_top_categories,0.1072,0,True,
benchmark,346,q11_top_categories,0.18729999999999999,0,True,
benchmark,347,q11_top_categories,0.1076,0,True,
benchmark,348,q11_top_categories,0.1118,0,True,
benchmark,349,q11_top_categories,0.10920000000000001,0,True,
benchmark,350,q11_top_categories,0.10539999999999999,0,True,
benchmark,351,q11_top_categories,0.16619999999999999,0,True,
benchmark,352,q11_top_categories,0.1047,0,True,
benchmark,353,q11_top_categories,0.13750000000000001,0,True,
benchmark,354,q11_top_categories,0.1211,0,True,
benchmark,355,q11_top_categories,0.1036,0,True,
benchmark,356,q11_top_categories,0.11749999999999999,0,True,
benchmark,357,q11_top_categories,0.1095,0,True,
benchmark,358,q11_top_categories,0.1207,0,True,
benchmark,359,q11_top_categories,0.1115,0,True,
benchmark,360,q11_top_categories,0.12570000000000001,0,True,
benchmark,361,q11_top_categories,0.1149,0,True,
benchmark,362,q11_top_categories,0.11260000000000001,0,True,
benchmark,363,q11_top_categories,0.1124,0,True,
benchmark,364,q11_top_categories,0.11119999999999999,0,True,
benchmark,365,q11_top_categories,0.11749999999999999,0,True,
benchmark,366,q11_top_categories,0.10299999999999999,0,True,
benchmark,367,q11_top_categories,0.12139999999999999,0,True,
benchmark,368,q11_top_categories,0.1182,0,True,
benchmark,369,q11_top_categories,0.1152,0,True,
benchmark,370,q11_top_categories,0.1133,0,True,
benchmark,371,q11_top_categories,0.11210000000000001,0,True,
benchmark,372,q11_top_categories,0.10920000000000001,0,True,
benchmark,373,q11_top_categories,0.114,0,True,
benchmark,374,q11_top_categories,0.1177,0,True,
benchmark,375,q11_top_categories,0.1027,0,True,
benchmark,376,q11_top_categories,0.11070000000000001,0,True,
benchmark,377,q11_top_categories,0.10979999999999999,0,True,
benchmark,378,q11_top_categories,0.10929999999999999,0,True,
benchmark,379,q11_top_categories,0.1145,0,True,
benchmark,380,q11_top_categories,0.11219999999999999,0,True,
benchmark,381,q11_top_categories,0.1115,0,True,
benchmark,382,q11_top_categories,0.114,0,True,
benchmark,383,q11_top_categories,0.11990000000000001,0,True,
benchmark,384,q11_top_categories,0.11210000000000001,0,True,
benchmark,385,q11_top_categories,0.114,0,True,
benchmark,386,q11_top_categories,0.1076,0,True,
benchmark,387,q11_top_categories,0.1045,0,True,
benchmark,388,q11_top_categories,0.1037,0,True,
benchmark,389,q11_top_categories,0.1125,0,True,
benchmark,390,q11_top_categories,0.111,0,True,
benchmark,391,q11_top_categories,0.1095,0,True,
benchmark,392,q11_top_categories,0.1114,0,True,
benchmark,393,q11_top_categories,0.1125,0,True,
benchmark,394,q11_top_categories,0.1065,0,True,
benchmark,395,q11_top_categories,0.11210000000000001,0,True,
benchmark,396,q11_top_categories,0.11360000000000001,0,True,
benchmark,397,q11_top_categories,0.105,0,True,
benchmark,398,q11_top_categories,0.10920000000000001,0,True,
benchmark,399,q11_top_categories,0.1116,0,True,
benchmark,400,q11_top_categories,0.11210000000000001,0,True,
benchmark,401,q11_top_categories,0.47910000000000003,0,True,
benchmark,402,q11_top_categories,0.16220000000000001,0,True,
benchmark,403,q11_top_categories,0.13500000000000001,0,True,
benchmark,404,q11_top_categories,0.126,0,True,
benchmark,405,q11_top_categories,0.1206,0,True,
benchmark,406,q11_top_categories,0.1139,0,True,
benchmark,407,q11_top_categories,0.12690000000000001,0,True,
benchmark,408,q11_top_categories,0.11119999999999999,0,True,
benchmark,409,q11_top_categories,0.1134,0,True,
benchmark,410,q11_top_categories,0.1172,0,True,
benchmark,411,q11_top_categories,0.1173,0,True,
benchmark,412,q11_top_categories,0.1182,0,True,
benchmark,413,q11_top_categories,0.1145,0,True,
benchmark,414,q11_top_categories,0.1138,0,True,
benchmark,415,q11_top_categories,0.1144,0,True,
benchmark,416,q11_top_categories,0.1108,0,True,
benchmark,417,q11_top_categories,0.10730000000000001,0,True,
benchmark,418,q11_top_categories,0.1152,0,True,
benchmark,419,q11_top_categories,0.1178,0,True,
benchmark,420,q11_top_categories,0.11219999999999999,0,True,
benchmark,421,q11_top_categories,0.1139,0,True,
benchmark,422,q11_top_categories,0.1105,0,True,
benchmark,423,q11_top_categories,0.12479999999999999,0,True,
benchmark,424,q11_top_categories,0.11269999999999999,0,True,
benchmark,425,q11_top_categories,0.1154,0,True,
benchmark,426,q11_top_categories,0.1138,0,True,
benchmark,427,q11_top_categories,0.11509999999999999,0,True,
benchmark,428,q11_top_categories,0.1071,0,True,
benchmark,429,q11_top_categories,0.1075,0,True,
benchmark,430,q11_top_categories,0.11509999999999999,0,True,
benchmark,431,q11_top_categories,0.114,0,True,
benchmark,432,q11_top_categories,0.1157,0,True,
benchmark,433,q11_top_categories,0.1142,0,True,
benchmark,434,q11_top_categories,0.11310000000000001,0,True,
benchmark,435,q11_top_categories,0.10100000000000001,0,True,
benchmark,436,q11_top_categories,0.1244,0,True,
benchmark,437,q11_top_categories,0.1132,0,True,
benchmark,438,q11_top_categories,0.1135,0,True,
benchmark,439,q11_top_categories,0.11219999999999999,0,True,
benchmark,440,q11_top_categories,0.1164,0,True,
benchmark,441,q11_top_categories,0.1134,0,True,
benchmark,442,q11_top_categories,0.1128,0,True,
benchmark,443,q11_top_categories,0.1134,0,True,
benchmark,444,q11_top_categories,0.10929999999999999,0,True,
benchmark,445,q11_top_categories,0.1135,0,True,
benchmark,446,q11_top_categories,0.1085,0,True,
benchmark,447,q11_top_categories,0.11269999999999999,0,True,
benchmark,448,q11_top_categories,0.1135,0,True,
benchmark,449,q11_top_categories,0.10929999999999999,0,True,
benchmark,450,q11_top_categories,0.099099999999999994,0,True,
benchmark,451,q11_top_categories,0.16639999999999999,0,True,
benchmark,452,q11_top_categories,0.1074,0,True,
benchmark,453,q11_top_categories,0.1113,0,True,
benchmark,454,q11_top_categories,0.1237,0,True,
benchmark,455,q11_top_categories,0.1089,0,True,
benchmark,456,q11_top_categories,0.12790000000000001,0,True,
benchmark,457,q11_top_categories,1.0432999999999999,0,True,
benchmark,458,q11_top_categories,0.1583,0,True,
benchmark,459,q11_top_categories,0.156,0,True,
benchmark,460,q11_top_categories,0.1376,0,True,
benchmark,461,q11_top_categories,0.1452,0,True,
benchmark,462,q11_top_categories,0.20669999999999999,0,True,
benchmark,463,q11_top_categories,0.105,0,True,
benchmark,464,q11_top_categories,0.12479999999999999,0,True,
benchmark,465,q11_top_categories,0.12859999999999999,0,True,
benchmark,466,q11_top_categories,0.11119999999999999,0,True,
benchmark,467,q11_top_categories,0.12540000000000001,0,True,
benchmark,468,q11_top_categories,0.1071,0,True,
benchmark,469,q11_top_categories,0.1133,0,True,
benchmark,470,q11_top_categories,0.1031,0,True,
benchmark,471,q11_top_categories,0.111,0,True,
benchmark,472,q11_top_categories,0.1303,0,True,
benchmark,473,q11_top_categories,0.1157,0,True,
benchmark,474,q11_top_categories,0.11360000000000001,0,True,
benchmark,475,q11_top_categories,0.11210000000000001,0,True,
benchmark,476,q11_top_categories,0.11600000000000001,0,True,
benchmark,477,q11_top_categories,0.1222,0,True,
benchmark,478,q11_top_categories,0.1115,0,True,
benchmark,479,q11_top_categories,0.1139,0,True,
benchmark,480,q11_top_categories,0.1129,0,True,
benchmark,481,q11_top_categories,0.11700000000000001,0,True,
benchmark,482,q11_top_categories,0.1143,0,True,
benchmark,483,q11_top_categories,0.11210000000000001,0,True,
benchmark,484,q11_top_categories,0.1069,0,True,
benchmark,485,q11_top_categories,0.1212,0,True,
benchmark,486,q11_top_categories,0.1129,0,True,
benchmark,487,q11_top_categories,0.10680000000000001,0,True,
benchmark,488,q11_top_categories,0.11269999999999999,0,True,
benchmark,489,q11_top_categories,0.1123,0,True,
benchmark,490,q11_top_categories,0.11070000000000001,0,True,
benchmark,491,q11_top_categories,0.1101,0,True,
benchmark,492,q11_top_categories,0.1207,0,True,
benchmark,493,q11_top_categories,0.1113,0,True,
benchmark,494,q11_top_categories,0.1066,0,True,
benchmark,495,q11_top_categories,0.1129,0,True,
benchmark,496,q11_top_categories,0.1129,0,True,
benchmark,497,q11_top_categories,0.114,0,True,
benchmark,498,q11_top_categories,0.122,0,True,
benchmark,499,q11_top_categories,0.10630000000000001,0,True,
benchmark,500,q11_top_categories,0.108,0,True,
benchmark,501,q11_top_categories,0.46579999999999999,0,True,
benchmark,502,q11_top_categories,0.1628,0,True,
benchmark,503,q11_top_categories,0.1318,0,True,
benchmark,504,q11_top_categories,0.1416,0,True,
benchmark,505,q11_top_categories,0.1457,0,True,
benchmark,506,q11_top_categories,0.122,0,True,
benchmark,507,q11_top_categories,0.1111,0,True,
benchmark,508,q11_top_categories,0.1163,0,True,
benchmark,509,q11_top_categories,0.1195,0,True,
benchmark,510,q11_top_categories,0.1163,0,True,
benchmark,511,q11_top_categories,0.10920000000000001,0,True,
benchmark,512,q11_top_categories,0.11650000000000001,0,True,
benchmark,513,q11_top_categories,0.10920000000000001,0,True,
benchmark,514,q11_top_categories,0.11799999999999999,0,True,
benchmark,515,q11_top_categories,0.1142,0,True,
benchmark,516,q11_top_categories,0.1197,0,True,
benchmark,517,q11_top_categories,0.1144,0,True,
benchmark,518,q11_top_categories,0.1147,0,True,
benchmark,519,q11_top_categories,0.111,0,True,
benchmark,520,q11_top_categories,0.1139,0,True,
benchmark,521,q11_top_categories,0.1041,0,True,
benchmark,522,q11_top_categories,0.1079,0,True,
benchmark,523,q11_top_categories,0.1139,0,True,
benchmark,524,q11_top_categories,0.1115,0,True,
benchmark,525,q11_top_categories,0.107,0,True,
benchmark,526,q11_top_categories,0.114,0,True,
benchmark,527,q11_top_categories,0.114,0,True,
benchmark,528,q11_top_categories,0.11210000000000001,0,True,
benchmark,529,q11_top_categories,0.11070000000000001,0,True,
benchmark,530,q11_top_categories,0.11269999999999999,0,True,
benchmark,531,q11_top_categories,0.1181,0,True,
benchmark,532,q11_top_categories,0.1114,0,True,
benchmark,533,q11_top_categories,0.1116,0,True,
benchmark,534,q11_top_categories,0.1113,0,True,
benchmark,535,q11_top_categories,0.11650000000000001,0,True,
benchmark,536,q11_top_categories,0.1198,0,True,
benchmark,537,q11_top_categories,0.1134,0,True,
benchmark,538,q11_top_categories,0.15290000000000001,0,True,
benchmark,539,q11_top_categories,0.1119,0,True,
benchmark,540,q11_top_categories,0.1087,0,True,
benchmark,541,q11_top_categories,0.1132,0,True,
benchmark,542,q11_top_categories,0.1118,0,True,
benchmark,543,q11_top_categories,0.1164,0,True,
benchmark,544,q11_top_categories,0.1094,0,True,
benchmark,545,q11_top_categories,0.111,0,True,
benchmark,546,q11_top_categories,0.13730000000000001,0,True,
benchmark,547,q11_top_categories,0.1207,0,True,
benchmark,548,q11_top_categories,0.1222,0,True,
benchmark,549,q11_top_categories,0.11360000000000001,0,True,
benchmark,550,q11_top_categories,0.1085,0,True,
benchmark,551,q11_top_categories,0.16969999999999999,0,True,
benchmark,552,q11_top_categories,0.1118,0,True,
benchmark,553,q11_top_categories,0.1057,0,True,
benchmark,554,q11_top_categories,0.107,0,True,
benchmark,555,q11_top_categories,0.1111,0,True,
benchmark,556,q11_top_categories,0.11890000000000001,0,True,
benchmark,557,q11_top_categories,0.10970000000000001,0,True,
benchmark,558,q11_top_categories,0.1205,0,True,
benchmark,559,q11_top_categories,0.1065,0,True,
benchmark,560,q11_top_categories,0.1038,0,True,
benchmark,561,q11_top_categories,0.1227,0,True,
benchmark,562,q11_top_categories,0.13830000000000001,0,True,
benchmark,563,q11_top_categories,0.15409999999999999,0,True,
benchmark,564,q11_top_categories,0.1242,0,True,
benchmark,565,q11_top_categories,0.1588,0,True,
benchmark,566,q11_top_categories,0.1171,0,True,
benchmark,567,q11_top_categories,0.11219999999999999,0,True,
benchmark,568,q11_top_categories,0.1268,0,True,
benchmark,569,q11_top_categories,0.11269999999999999,0,True,
benchmark,570,q11_top_categories,0.1152,0,True,
benchmark,571,q11_top_categories,0.13120000000000001,0,True,
benchmark,572,q11_top_categories,0.1145,0,True,
benchmark,573,q11_top_categories,0.1245,0,True,
benchmark,574,q11_top_categories,0.1135,0,True,
benchmark,575,q11_top_categories,0.1109,0,True,
benchmark,576,q11_top_categories,0.1101,0,True,
benchmark,577,q11_top_categories,0.1047,0,True,
benchmark,578,q11_top_categories,0.10780000000000001,0,True,
benchmark,579,q11_top_categories,0.1149,0,True,
benchmark,580,q11_top_categories,0.1134,0,True,
benchmark,581,q11_top_categories,0.1137,0,True,
benchmark,582,q11_top_categories,0.11020000000000001,0,True,
benchmark,583,q11_top_categories,0.112,0,True,
benchmark,584,q11_top_categories,0.1125,0,True,
benchmark,585,q11_top_categories,0.1149,0,True,
benchmark,586,q11_top_categories,0.1158,0,True,
benchmark,587,q11_top_categories,0.11459999999999999,0,True,
benchmark,588,q11_top_categories,0.1118,0,True,
benchmark,589,q11_top_categories,0.1038,0,True,
benchmark,590,q11_top_categories,0.11409999999999999,0,True,
benchmark,591,q11_top_categories,0.11509999999999999,0,True,
benchmark,592,q11_top_categories,0.111,0,True,
benchmark,593,q11_top_categories,0.1032,0,True,
benchmark,594,q11_top_categories,0.109,0,True,
benchmark,595,q11_top_categories,0.11899999999999999,0,True,
benchmark,596,q11_top_categories,0.112,0,True,
benchmark,597,q11_top_categories,0.1111,0,True,
benchmark,598,q11_top_categories,0.1128,0,True,
benchmark,599,q11_top_categories,0.1135,0,True,
benchmark,600,q11_top_categories,0.10440000000000001,0,True,
benchmark,601,q11_top_categories,0.4642,0,True,
benchmark,602,q11_top_categories,0.17610000000000001,0,True,
benchmark,603,q11_top_categories,0.13370000000000001,0,True,
benchmark,604,q11_top_categories,0.13539999999999999,0,True,
benchmark,605,q11_top_categories,0.11600000000000001,0,True,
benchmark,606,q11_top_categories,0.11899999999999999,0,True,
benchmark,607,q11_top_categories,0.1232,0,True,
benchmark,608,q11_top_categories,0.11360000000000001,0,True,
benchmark,609,q11_top_categories,0.12540000000000001,0,True,
benchmark,610,q11_top_categories,0.1137,0,True,
benchmark,611,q11_top_categories,0.1091,0,True,
benchmark,612,q11_top_categories,0.1205,0,True,
benchmark,613,q11_top_categories,0.11409999999999999,0,True,
benchmark,614,q11_top_categories,0.11749999999999999,0,True,
benchmark,615,q11_top_categories,0.114,0,True,
benchmark,616,q11_top_categories,0.11650000000000001,0,True,
benchmark,617,q11_top_categories,0.12939999999999999,0,True,
benchmark,618,q11_top_categories,0.1137,0,True,
benchmark,619,q11_top_categories,0.1129,0,True,
benchmark,620,q11_top_categories,0.1106,0,True,
benchmark,621,q11_top_categories,0.1012,0,True,
benchmark,622,q11_top_categories,0.1119,0,True,
benchmark,623,q11_top_categories,0.1205,0,True,
benchmark,624,q11_top_categories,0.1115,0,True,
benchmark,625,q11_top_categories,0.12039999999999999,0,True,
benchmark,626,q11_top_categories,0.11070000000000001,0,True,
benchmark,627,q11_top_categories,0.10059999999999999,0,True,
benchmark,628,q11_top_categories,0.1132,0,True,
benchmark,629,q11_top_categories,0.10920000000000001,0,True,
benchmark,630,q11_top_categories,0.1062,0,True,
benchmark,631,q11_top_categories,0.1125,0,True,
benchmark,632,q11_top_categories,0.1081,0,True,
benchmark,633,q11_top_categories,0.10630000000000001,0,True,
benchmark,634,q11_top_categories,0.12939999999999999,0,True,
benchmark,635,q11_top_categories,0.10489999999999999,0,True,
benchmark,636,q11_top_categories,0.1128,0,True,
benchmark,637,q11_top_categories,0.1208,0,True,
benchmark,638,q11_top_categories,0.1085,0,True,
benchmark,639,q11_top_categories,0.1082,0,True,
benchmark,640,q11_top_categories,0.1096,0,True,
benchmark,641,q11_top_categories,0.11409999999999999,0,True,
benchmark,642,q11_top_categories,0.1047,0,True,
benchmark,643,q11_top_categories,0.10639999999999999,0,True,
benchmark,644,q11_top_categories,0.11070000000000001,0,True,
benchmark,645,q11_top_categories,0.124,0,True,
benchmark,646,q11_top_categories,0.1051,0,True,
benchmark,647,q11_top_categories,0.11219999999999999,0,True,
benchmark,648,q11_top_categories,0.1011,0,True,
benchmark,649,q11_top_categories,0.11,0,True,
benchmark,650,q11_top_categories,0.1114,0,True,
benchmark,651,q11_top_categories,0.15870000000000001,0,True,
benchmark,652,q11_top_categories,0.11890000000000001,0,True,
benchmark,653,q11_top_categories,0.11219999999999999,0,True,
benchmark,654,q11_top_categories,0.11409999999999999,0,True,
benchmark,655,q11_top_categories,0.1045,0,True,
benchmark,656,q11_top_categories,0.1095,0,True,
benchmark,657,q11_top_categories,0.1109,0,True,
benchmark,658,q11_top_categories,0.10970000000000001,0,True,
benchmark,659,q11_top_categories,0.1106,0,True,
benchmark,660,q11_top_categories,0.1037,0,True,
benchmark,661,q11_top_categories,0.1055,0,True,
benchmark,662,q11_top_categories,0.1082,0,True,
benchmark,663,q11_top_categories,0.11169999999999999,0,True,
benchmark,664,q11_top_categories,0.10639999999999999,0,True,
benchmark,665,q11_top_categories,0.11070000000000001,0,True,
benchmark,666,q11_top_categories,0.10290000000000001,0,True,
benchmark,667,q11_top_categories,0.107,0,True,
benchmark,668,q11_top_categories,0.1087,0,True,
benchmark,669,q11_top_categories,0.12570000000000001,0,True,
benchmark,670,q11_top_categories,0.11310000000000001,0,True,
benchmark,671,q11_top_categories,0.105,0,True,
benchmark,672,q11_top_categories,0.10539999999999999,0,True,
benchmark,673,q11_top_categories,0.10630000000000001,0,True,
benchmark,674,q11_top_categories,0.11940000000000001,0,True,
benchmark,675,q11_top_categories,0.1181,0,True,
benchmark,676,q11_top_categories,0.106,0,True,
benchmark,677,q11_top_categories,0.10580000000000001,0,True,
benchmark,678,q11_top_categories,0.1084,0,True,
benchmark,679,q11_top_categories,0.11,0,True,
benchmark,680,q11_top_categories,0.1163,0,True,
benchmark,681,q11_top_categories,0.13919999999999999,0,True,
benchmark,682,q11_top_categories,0.1072,0,True,
benchmark,683,q11_top_categories,0.1212,0,True,
benchmark,684,q11_top_categories,0.1077,0,True,
benchmark,685,q11_top_categories,0.1067,0,True,
benchmark,686,q11_top_categories,0.1147,0,True,
benchmark,687,q11_top_categories,0.11020000000000001,0,True,
benchmark,688,q11_top_categories,0.1143,0,True,
benchmark,689,q11_top_categories,0.1221,0,True,
benchmark,690,q11_top_categories,0.1293,0,True,
benchmark,691,q11_top_categories,0.1125,0,True,
benchmark,692,q11_top_categories,0.1114,0,True,
benchmark,693,q11_top_categories,0.11210000000000001,0,True,
benchmark,694,q11_top_categories,0.099900000000000003,0,True,
benchmark,695,q11_top_categories,0.109,0,True,
benchmark,696,q11_top_categories,0.1133,0,True,
benchmark,697,q11_top_categories,0.11219999999999999,0,True,
benchmark,698,q11_top_categories,0.10630000000000001,0,True,
benchmark,699,q11_top_categories,0.1116,0,True,
benchmark,700,q11_top_categories,0.10879999999999999,0,True,
benchmark,701,q11_top_categories,0.47070000000000001,0,True,
benchmark,702,q11_top_categories,0.1646,0,True,
benchmark,703,q11_top_categories,0.1414,0,True,
benchmark,704,q11_top_categories,0.1212,0,True,
benchmark,705,q11_top_categories,0.18429999999999999,0,True,
benchmark,706,q11_top_categories,0.1232,0,True,
benchmark,707,q11_top_categories,0.1215,0,True,
benchmark,708,q11_top_categories,0.1158,0,True,
benchmark,709,q11_top_categories,0.1234,0,True,
benchmark,710,q11_top_categories,0.11700000000000001,0,True,
benchmark,711,q11_top_categories,0.11550000000000001,0,True,
benchmark,712,q11_top_categories,0.16520000000000001,0,True,
benchmark,713,q11_top_categories,0.1268,0,True,
benchmark,714,q11_top_categories,0.1084,0,True,
benchmark,715,q11_top_categories,0.10299999999999999,0,True,
benchmark,716,q11_top_categories,0.1177,0,True,
benchmark,717,q11_top_categories,0.13400000000000001,0,True,
benchmark,718,q11_top_categories,0.13170000000000001,0,True,
benchmark,719,q11_top_categories,0.1137,0,True,
benchmark,720,q11_top_categories,0.13100000000000001,0,True,
benchmark,721,q11_top_categories,0.1077,0,True,
benchmark,722,q11_top_categories,0.11609999999999999,0,True,
benchmark,723,q11_top_categories,0.11210000000000001,0,True,
benchmark,724,q11_top_categories,0.1172,0,True,
benchmark,725,q11_top_categories,0.1109,0,True,
benchmark,726,q11_top_categories,0.1163,0,True,
benchmark,727,q11_top_categories,0.1109,0,True,
benchmark,728,q11_top_categories,0.1113,0,True,
benchmark,729,q11_top_categories,0.1132,0,True,
benchmark,730,q11_top_categories,0.1106,0,True,
benchmark,731,q11_top_categories,0.11219999999999999,0,True,
benchmark,732,q11_top_categories,0.11360000000000001,0,True,
benchmark,733,q11_top_categories,0.1159,0,True,
benchmark,734,q11_top_categories,0.10929999999999999,0,True,
benchmark,735,q11_top_categories,0.1066,0,True,
benchmark,736,q11_top_categories,0.1074,0,True,
benchmark,737,q11_top_categories,0.1174,0,True,
benchmark,738,q11_top_categories,0.1085,0,True,
benchmark,739,q11_top_categories,0.1027,0,True,
benchmark,740,q11_top_categories,0.1105,0,True,
benchmark,741,q11_top_categories,0.10059999999999999,0,True,
benchmark,742,q11_top_categories,0.1198,0,True,
benchmark,743,q11_top_categories,0.1129,0,True,
benchmark,744,q11_top_categories,0.114,0,True,
benchmark,745,q11_top_categories,0.106,0,True,
benchmark,746,q11_top_categories,0.1142,0,True,
benchmark,747,q11_top_categories,0.1158,0,True,
benchmark,748,q11_top_categories,0.1115,0,True,
benchmark,749,q11_top_categories,0.10829999999999999,0,True,
benchmark,750,q11_top_categories,0.1205,0,True,
benchmark,751,q11_top_categories,0.1736,0,True,
benchmark,752,q11_top_categories,0.1134,0,True,
benchmark,753,q11_top_categories,0.1104,0,True,
benchmark,754,q11_top_categories,0.1134,0,True,
benchmark,755,q11_top_categories,0.1071,0,True,
benchmark,756,q11_top_categories,0.10539999999999999,0,True,
benchmark,757,q11_top_categories,0.11219999999999999,0,True,
benchmark,758,q11_top_categories,0.1119,0,True,
benchmark,759,q11_top_categories,0.1132,0,True,
benchmark,760,q11_top_categories,0.1144,0,True,
benchmark,761,q11_top_categories,0.1113,0,True,
benchmark,762,q11_top_categories,0.1118,0,True,
benchmark,763,q11_top_categories,0.1123,0,True,
benchmark,764,q11_top_categories,0.1148,0,True,
benchmark,765,q11_top_categories,0.1133,0,True,
benchmark,766,q11_top_categories,0.10780000000000001,0,True,
benchmark,767,q11_top_categories,0.1341,0,True,
benchmark,768,q11_top_categories,0.1105,0,True,
benchmark,769,q11_top_categories,0.1338,0,True,
benchmark,770,q11_top_categories,0.1123,0,True,
benchmark,771,q11_top_categories,0.1065,0,True,
benchmark,772,q11_top_categories,0.104,0,True,
benchmark,773,q11_top_categories,0.1062,0,True,
benchmark,774,q11_top_categories,0.1069,0,True,
benchmark,775,q11_top_categories,0.10780000000000001,0,True,
benchmark,776,q11_top_categories,0.10680000000000001,0,True,
benchmark,777,q11_top_categories,0.111,0,True,
benchmark,778,q11_top_categories,0.115,0,True,
benchmark,779,q11_top_categories,0.1046,0,True,
benchmark,780,q11_top_categories,0.113,0,True,
benchmark,781,q11_top_categories,0.1037,0,True,
benchmark,782,q11_top_categories,0.1086,0,True,
benchmark,783,q11_top_categories,0.1128,0,True,
benchmark,784,q11_top_categories,0.12,0,True,
benchmark,785,q11_top_categories,0.1182,0,True,
benchmark,786,q11_top_categories,0.10970000000000001,0,True,
benchmark,787,q11_top_categories,0.13150000000000001,0,True,
benchmark,788,q11_top_categories,0.1537,0,True,
benchmark,789,q11_top_categories,0.1386,0,True,
benchmark,790,q11_top_categories,0.12790000000000001,0,True,
benchmark,791,q11_top_categories,0.1134,0,True,
benchmark,792,q11_top_categories,0.1341,0,True,
benchmark,793,q11_top_categories,0.106,0,True,
benchmark,794,q11_top_categories,0.1053,0,True,
benchmark,795,q11_top_categories,0.1124,0,True,
benchmark,796,q11_top_categories,0.1135,0,True,
benchmark,797,q11_top_categories,0.1142,0,True,
benchmark,798,q11_top_categories,0.1095,0,True,
benchmark,799,q11_top_categories,0.1168,0,True,
benchmark,800,q11_top_categories,0.1152,0,True,
benchmark,801,q11_top_categories,0.46139999999999998,0,True,
benchmark,802,q11_top_categories,0.1585,0,True,
benchmark,803,q11_top_categories,0.13669999999999999,0,True,
benchmark,804,q11_top_categories,0.13450000000000001,0,True,
benchmark,805,q11_top_categories,0.1171,0,True,
benchmark,806,q11_top_categories,0.17949999999999999,0,True,
benchmark,807,q11_top_categories,0.1265,0,True,
benchmark,808,q11_top_categories,0.11269999999999999,0,True,
benchmark,809,q11_top_categories,0.1145,0,True,
benchmark,810,q11_top_categories,0.1123,0,True,
benchmark,811,q11_top_categories,0.1177,0,True,
benchmark,812,q11_top_categories,0.1118,0,True,
benchmark,813,q11_top_categories,0.1263,0,True,
benchmark,814,q11_top_categories,0.1404,0,True,
benchmark,815,q11_top_categories,0.1142,0,True,
benchmark,816,q11_top_categories,0.1123,0,True,
benchmark,817,q11_top_categories,0.1051,0,True,
benchmark,818,q11_top_categories,0.113,0,True,
benchmark,819,q11_top_categories,0.12820000000000001,0,True,
benchmark,820,q11_top_categories,0.1152,0,True,
benchmark,821,q11_top_categories,0.1198,0,True,
benchmark,822,q11_top_categories,0.12570000000000001,0,True,
benchmark,823,q11_top_categories,0.1187,0,True,
benchmark,824,q11_top_categories,0.1162,0,True,
benchmark,825,q11_top_categories,0.115,0,True,
benchmark,826,q11_top_categories,0.1129,0,True,
benchmark,827,q11_top_categories,0.1045,0,True,
benchmark,828,q11_top_categories,0.1154,0,True,
benchmark,829,q11_top_categories,0.11360000000000001,0,True,
benchmark,830,q11_top_categories,0.1216,0,True,
benchmark,831,q11_top_categories,0.1095,0,True,
benchmark,832,q11_top_categories,0.10730000000000001,0,True,
benchmark,833,q11_top_categories,0.1181,0,True,
benchmark,834,q11_top_categories,0.10489999999999999,0,True,
benchmark,835,q11_top_categories,0.10589999999999999,0,True,
benchmark,836,q11_top_categories,0.12,0,True,
benchmark,837,q11_top_categories,0.10349999999999999,0,True,
benchmark,838,q11_top_categories,0.1154,0,True,
benchmark,839,q11_top_categories,0.1125,0,True,
benchmark,840,q11_top_categories,0.1053,0,True,
benchmark,841,q11_top_categories,0.1212,0,True,
benchmark,842,q11_top_categories,0.1116,0,True,
benchmark,843,q11_top_categories,0.127,0,True,
benchmark,844,q11_top_categories,0.1115,0,True,
benchmark,845,q11_top_categories,0.1187,0,True,
benchmark,846,q11_top_categories,0.1139,0,True,
benchmark,847,q11_top_categories,0.10970000000000001,0,True,
benchmark,848,q11_top_categories,0.10630000000000001,0,True,
benchmark,849,q11_top_categories,0.10150000000000001,0,True,
benchmark,850,q11_top_categories,0.10979999999999999,0,True,
benchmark,851,q11_top_categories,0.19159999999999999,0,True,
benchmark,852,q11_top_categories,0.1192,0,True,
benchmark,853,q11_top_categories,0.1152,0,True,
benchmark,854,q11_top_categories,0.1094,0,True,
benchmark,855,q11_top_categories,0.11650000000000001,0,True,
benchmark,856,q11_top_categories,0.1167,0,True,
benchmark,857,q11_top_categories,0.1095,0,True,
benchmark,858,q11_top_categories,0.11070000000000001,0,True,
benchmark,859,q11_top_categories,0.11210000000000001,0,True,
benchmark,860,q11_top_categories,0.1168,0,True,
benchmark,861,q11_top_categories,0.1113,0,True,
benchmark,862,q11_top_categories,0.1109,0,True,
benchmark,863,q11_top_categories,0.1101,0,True,
benchmark,864,q11_top_categories,0.10349999999999999,0,True,
benchmark,865,q11_top_categories,0.11260000000000001,0,True,
benchmark,866,q11_top_categories,0.1104,0,True,
benchmark,867,q11_top_categories,0.1179,0,True,
benchmark,868,q11_top_categories,0.1072,0,True,
benchmark,869,q11_top_categories,0.1163,0,True,
benchmark,870,q11_top_categories,0.11940000000000001,0,True,
benchmark,871,q11_top_categories,0.1065,0,True,
benchmark,872,q11_top_categories,0.1113,0,True,
benchmark,873,q11_top_categories,0.1182,0,True,
benchmark,874,q11_top_categories,0.1052,0,True,
benchmark,875,q11_top_categories,0.1066,0,True,
benchmark,876,q11_top_categories,0.1082,0,True,
benchmark,877,q11_top_categories,0.10730000000000001,0,True,
benchmark,878,q11_top_categories,0.10340000000000001,0,True,
benchmark,879,q11_top_categories,0.1047,0,True,
benchmark,880,q11_top_categories,0.111,0,True,
benchmark,881,q11_top_categories,0.1186,0,True,
benchmark,882,q11_top_categories,0.109,0,True,
benchmark,883,q11_top_categories,0.10440000000000001,0,True,
benchmark,884,q11_top_categories,0.109,0,True,
benchmark,885,q11_top_categories,0.1051,0,True,
benchmark,886,q11_top_categories,0.1241,0,True,
benchmark,887,q11_top_categories,0.111,0,True,
benchmark,888,q11_top_categories,0.11169999999999999,0,True,
benchmark,889,q11_top_categories,0.12820000000000001,0,True,
benchmark,890,q11_top_categories,0.14499999999999999,0,True,
benchmark,891,q11_top_categories,0.106,0,True,
benchmark,892,q11_top_categories,0.11600000000000001,0,True,
benchmark,893,q11_top_categories,0.1153,0,True,
benchmark,894,q11_top_categories,0.11899999999999999,0,True,
benchmark,895,q11_top_categories,0.1067,0,True,
benchmark,896,q11_top_categories,0.1239,0,True,
benchmark,897,q11_top_categories,0.10630000000000001,0,True,
benchmark,898,q11_top_categories,0.1139,0,True,
benchmark,899,q11_top_categories,0.12590000000000001,0,True,
benchmark,900,q11_top_categories,0.11609999999999999,0,True,
benchmark,901,q11_top_categories,0.48039999999999999,0,True,
benchmark,902,q11_top_categories,0.1852,0,True,
benchmark,903,q11_top_categories,0.13869999999999999,0,True,
benchmark,904,q11_top_categories,0.1303,0,True,
benchmark,905,q11_top_categories,0.1208,0,True,
benchmark,906,q11_top_categories,0.11169999999999999,0,True,
benchmark,907,q11_top_categories,0.1157,0,True,
benchmark,908,q11_top_categories,0.1134,0,True,
benchmark,909,q11_top_categories,0.1072,0,True,
benchmark,910,q11_top_categories,0.1129,0,True,
benchmark,911,q11_top_categories,0.1154,0,True,
benchmark,912,q11_top_categories,0.1145,0,True,
benchmark,913,q11_top_categories,0.1142,0,True,
benchmark,914,q11_top_categories,0.125,0,True,
benchmark,915,q11_top_categories,0.11600000000000001,0,True,
benchmark,916,q11_top_categories,0.1169,0,True,
benchmark,917,q11_top_categories,0.1125,0,True,
benchmark,918,q11_top_categories,0.11849999999999999,0,True,
benchmark,919,q11_top_categories,0.1103,0,True,
benchmark,920,q11_top_categories,0.1303,0,True,
benchmark,921,q11_top_categories,0.12330000000000001,0,True,
benchmark,922,q11_top_categories,0.1178,0,True,
benchmark,923,q11_top_categories,0.2117,0,True,
benchmark,924,q11_top_categories,0.112,0,True,
benchmark,925,q11_top_categories,0.1114,0,True,
benchmark,926,q11_top_categories,0.1386,0,True,
benchmark,927,q11_top_categories,0.1148,0,True,
benchmark,928,q11_top_categories,0.115,0,True,
benchmark,929,q11_top_categories,0.1124,0,True,
benchmark,930,q11_top_categories,0.1449,0,True,
benchmark,931,q11_top_categories,0.10589999999999999,0,True,
benchmark,932,q11_top_categories,0.1258,0,True,
benchmark,933,q11_top_categories,0.109,0,True,
benchmark,934,q11_top_categories,0.112,0,True,
benchmark,935,q11_top_categories,0.16370000000000001,0,True,
benchmark,936,q11_top_categories,0.11799999999999999,0,True,
benchmark,937,q11_top_categories,0.1158,0,True,
benchmark,938,q11_top_categories,0.13009999999999999,0,True,
benchmark,939,q11_top_categories,0.11,0,True,
benchmark,940,q11_top_categories,0.1094,0,True,
benchmark,941,q11_top_categories,0.1186,0,True,
benchmark,942,q11_top_categories,0.113,0,True,
benchmark,943,q11_top_categories,0.1128,0,True,
benchmark,944,q11_top_categories,0.10780000000000001,0,True,
benchmark,945,q11_top_categories,0.1174,0,True,
benchmark,946,q11_top_categories,0.12239999999999999,0,True,
benchmark,947,q11_top_categories,0.112,0,True,
benchmark,948,q11_top_categories,0.10970000000000001,0,True,
benchmark,949,q11_top_categories,0.11509999999999999,0,True,
benchmark,950,q11_top_categories,0.1103,0,True,
benchmark,951,q11_top_categories,0.16300000000000001,0,True,
benchmark,952,q11_top_categories,0.1133,0,True,
benchmark,953,q11_top_categories,0.1104,0,True,
benchmark,954,q11_top_categories,0.11,0,True,
benchmark,955,q11_top_categories,0.114,0,True,
benchmark,956,q11_top_categories,0.11269999999999999,0,True,
benchmark,957,q11_top_categories,0.1125,0,True,
benchmark,958,q11_top_categories,0.1142,0,True,
benchmark,959,q11_top_categories,0.1106,0,True,
benchmark,960,q11_top_categories,0.1129,0,True,
benchmark,961,q11_top_categories,0.1046,0,True,
benchmark,962,q11_top_categories,0.11310000000000001,0,True,
benchmark,963,q11_top_categories,0.1115,0,True,
benchmark,964,q11_top_categories,0.10440000000000001,0,True,
benchmark,965,q11_top_categories,0.11609999999999999,0,True,
benchmark,966,q11_top_categories,0.1104,0,True,
benchmark,967,q11_top_categories,0.1119,0,True,
benchmark,968,q11_top_categories,0.11849999999999999,0,True,
benchmark,969,q11_top_categories,0.11,0,True,
benchmark,970,q11_top_categories,0.10539999999999999,0,True,
benchmark,971,q11_top_categories,0.1116,0,True,
benchmark,972,q11_top_categories,0.11169999999999999,0,True,
benchmark,973,q11_top_categories,0.10199999999999999,0,True,
benchmark,974,q11_top_categories,0.1128,0,True,
benchmark,975,q11_top_categories,0.1132,0,True,
benchmark,976,q11_top_categories,0.1133,0,True,
benchmark,977,q11_top_categories,0.1132,0,True,
benchmark,978,q11_top_categories,0.11650000000000001,0,True,
benchmark,979,q11_top_categories,0.1091,0,True,
benchmark,980,q11_top_categories,0.11269999999999999,0,True,
benchmark,981,q11_top_categories,0.1103,0,True,
benchmark,982,q11_top_categories,0.1142,0,True,
benchmark,983,q11_top_categories,0.1037,0,True,
benchmark,984,q11_top_categories,0.115,0,True,
benchmark,985,q11_top_categories,0.1099,0,True,
benchmark,986,q11_top_categories,0.1099,0,True,
benchmark,987,q11_top_categories,0.1162,0,True,
benchmark,988,q11_top_categories,0.1032,0,True,
benchmark,989,q11_top_categories,0.1091,0,True,
benchmark,990,q11_top_categories,0.106,0,True,
benchmark,991,q11_top_categories,0.10489999999999999,0,True,
benchmark,992,q11_top_categories,0.10580000000000001,0,True,
benchmark,993,q11_top_categories,0.11070000000000001,0,True,
benchmark,994,q11_top_categories,0.10349999999999999,0,True,
benchmark,995,q11_top_categories,0.10299999999999999,0,True,
benchmark,996,q11_top_categories,0.1084,0,True,
benchmark,997,q11_top_categories,0.1066,0,True,
benchmark,998,q11_top_categories,0.1051,0,True,
benchmark,999,q11_top_categories,0.1065,0,True,
benchmark,1000,q11_top_categories,0.1087,0,True,
