phase,request_index,query_name,latency_ms,rows_returned,ok,error
warmup,0,q1_user_by_id,2.8262,0,True,
warmup,1,q2_all_users,0.50839999999999996,0,True,
warmup,2,q3_user_by_login,1.2372000000000001,0,True,
warmup,3,q4_sellers_rating,10.0951,0,True,
warmup,4,q5_orders_offset,17.829999999999998,0,False,Schema is not available for ORDER BY query.
warmup,5,q6_products_by_seller,0.7944,0,True,
warmup,6,q7_products_join_sellers,40.915500000000002,0,True,
warmup,7,q8_order_items_join_products,17.328099999999999,0,True,
warmup,8,q9_orders_items_products_by_user,2.8450000000000002,0,True,
warmup,9,q10_top_sellers_qty,3.3641999999999999,0,True,
warmup,10,q11_top_categories,2.3498999999999999,0,True,
warmup,11,q1_user_by_id,0.85129999999999995,0,True,
warmup,12,q2_all_users,0.40129999999999999,0,True,
warmup,13,q3_user_by_login,0.73329999999999995,0,True,
warmup,14,q4_sellers_rating,0.85050000000000003,0,True,
warmup,15,q5_orders_offset,0.4143,0,False,Schema is not available for ORDER BY query.
warmup,16,q6_products_by_seller,0.77900000000000003,0,True,
warmup,17,q7_products_join_sellers,0.83550000000000002,0,True,
warmup,18,q8_order_items_join_products,0.56840000000000002,0,True,
warmup,19,q9_orders_items_products_by_user,0.29170000000000001,0,True,
warmup,20,q10_top_sellers_qty,0.57420000000000004,0,True,
warmup,21,q11_top_categories,0.58660000000000001,0,True,
warmup,22,q1_user_by_id,0.52800000000000002,0,True,
warmup,23,q2_all_users,0.27889999999999998,0,True,
warmup,24,q3_user_by_login,0.54169999999999996,0,True,
warmup,25,q4_sellers_rating,0.50670000000000004,0,True,
warmup,26,q5_orders_offset,0.28010000000000002,0,False,Schema is not available for ORDER BY query.
warmup,27,q6_products_by_seller,0.47420000000000001,0,True,
warmup,28,q7_products_join_sellers,0.56479999999999997,0,True,
warmup,29,q8_order_items_join_products,0.49330000000000002,0,True,
warmup,30,q9_orders_items_products_by_user,0.28970000000000001,0,True,
warmup,31,q10_top_sellers_qty,0.64239999999999997,0,True,
warmup,32,q11_top_categories,0.58260000000000001,0,True,
warmup,33,q1_user_by_id,0.60370000000000001,0,True,
warmup,34,q2_all_users,0.23100000000000001,0,True,
warmup,35,q3_user_by_login,0.55000000000000004,0,True,
warmup,36,q4_sellers_rating,0.84870000000000001,0,True,
warmup,37,q5_orders_offset,0.36409999999999998,0,False,Schema is not available for ORDER BY query.
warmup,38,q6_products_by_seller,1.0138,0,True,
warmup,39,q7_products_join_sellers,0.48499999999999999,0,True,
warmup,40,q8_order_items_join_products,0.48480000000000001,0,True,
warmup,41,q9_orders_items_products_by_user,0.2409,0,True,
warmup,42,q10_top_sellers_qty,0.62309999999999999,0,True,
warmup,43,q11_top_categories,0.53029999999999999,0,True,
warmup,44,q1_user_by_id,0.4798,0,True,
warmup,45,q2_all_users,0.27029999999999998,0,True,
warmup,46,q3_user_by_login,0.54710000000000003,0,True,
warmup,47,q4_sellers_rating,0.82530000000000003,0,True,
warmup,48,q5_orders_offset,0.2697,0,False,Schema is not available for ORDER BY query.
warmup,49,q6_products_by_seller,0.61570000000000003,0,True,
warmup,50,q7_products_join_sellers,2.1629999999999998,0,True,
warmup,51,q8_order_items_join_products,1.5284,0,True,
warmup,52,q9_orders_items_products_by_user,0.68300000000000005,0,True,
warmup,53,q10_top_sellers_qty,1.0607,0,True,
warmup,54,q11_top_categories,1.1069,0,True,
warmup,55,q1_user_by_id,0.99780000000000002,0,True,
warmup,56,q2_all_users,0.68400000000000005,0,True,
warmup,57,q3_user_by_login,1.2991999999999999,0,True,
warmup,58,q4_sellers_rating,1.1852,0,True,
warmup,59,q5_orders_offset,0.52170000000000005,0,False,Schema is not available for ORDER BY query.
warmup,60,q6_products_by_seller,0.92800000000000005,0,True,
warmup,61,q7_products_join_sellers,1.0203,0,True,
warmup,62,q8_order_items_join_products,0.92220000000000002,0,True,
warmup,63,q9_orders_items_products_by_user,0.45469999999999999,0,True,
warmup,64,q10_top_sellers_qty,0.7792,0,True,
warmup,65,q11_top_categories,0.79369999999999996,0,True,
warmup,66,q1_user_by_id,0.76329999999999998,0,True,
warmup,67,q2_all_users,0.36120000000000002,0,True,
warmup,68,q3_user_by_login,0.64449999999999996,0,True,
warmup,69,q4_sellers_rating,0.68230000000000002,0,True,
warmup,70,q5_orders_offset,0.38840000000000002,0,False,Schema is not available for ORDER BY query.
warmup,71,q6_products_by_seller,1.0365,0,True,
warmup,72,q7_products_join_sellers,0.65439999999999998,0,True,
warmup,73,q8_order_items_join_products,0.70850000000000002,0,True,
warmup,74,q9_orders_items_products_by_user,0.3271,0,True,
warmup,75,q10_top_sellers_qty,0.68079999999999996,0,True,
warmup,76,q11_top_categories,0.63560000000000005,0,True,
warmup,77,q1_user_by_id,0.6351,0,True,
warmup,78,q2_all_users,0.26569999999999999,0,True,
warmup,79,q3_user_by_login,0.7258,0,True,
warmup,80,q4_sellers_rating,0.51819999999999999,0,True,
warmup,81,q5_orders_offset,0.29409999999999997,0,False,Schema is not available for ORDER BY query.
warmup,82,q6_products_by_seller,0.497,0,True,
warmup,83,q7_products_join_sellers,0.51739999999999997,0,True,
warmup,84,q8_order_items_join_products,0.52170000000000005,0,True,
warmup,85,q9_orders_items_products_by_user,0.24410000000000001,0,True,
warmup,86,q10_top_sellers_qty,0.52439999999999998,0,True,
warmup,87,q11_top_categories,0.70399999999999996,0,True,
warmup,88,q1_user_by_id,0.55400000000000005,0,True,
warmup,89,q2_all_users,0.3805,0,True,
warmup,90,q3_user_by_login,0.89949999999999997,0,True,
warmup,91,q4_sellers_rating,0.58140000000000003,0,True,
warmup,92,q5_orders_offset,0.26500000000000001,0,False,Schema is not available for ORDER BY query.
warmup,93,q6_products_by_seller,0.51500000000000001,0,True,
warmup,94,q7_products_join_sellers,0.45579999999999998,0,True,
warmup,95,q8_order_items_join_products,0.48370000000000002,0,True,
warmup,96,q9_orders_items_products_by_user,0.54890000000000005,0,True,
warmup,97,q10_top_sellers_qty,0.60470000000000002,0,True,
warmup,98,q11_top_categories,0.54790000000000005,0,True,
warmup,99,q1_user_by_id,0.50939999999999996,0,True,
warmup,100,q2_all_users,1.554,0,True,
warmup,101,q3_user_by_login,1.0419,0,True,
warmup,102,q4_sellers_rating,0.90710000000000002,0,True,
warmup,103,q5_orders_offset,0.41820000000000002,0,False,Schema is not available for ORDER BY query.
warmup,104,q6_products_by_seller,1.0053000000000001,0,True,
warmup,105,q7_products_join_sellers,0.99050000000000005,0,True,
warmup,106,q8_order_items_join_products,0.92349999999999999,0,True,
warmup,107,q9_orders_items_products_by_user,0.45619999999999999,0,True,
warmup,108,q10_top_sellers_qty,0.70609999999999995,0,True,
warmup,109,q11_top_categories,0.7843,0,True,
warmup,110,q1_user_by_id,0.75149999999999995,0,True,
warmup,111,q2_all_users,0.45269999999999999,0,True,
warmup,112,q3_user_by_login,0.68910000000000005,0,True,
warmup,113,q4_sellers_rating,0.68300000000000005,0,True,
warmup,114,q5_orders_offset,0.31259999999999999,0,False,Schema is not available for ORDER BY query.
warmup,115,q6_products_by_seller,0.61160000000000003,0,True,
warmup,116,q7_products_join_sellers,0.69820000000000004,0,True,
warmup,117,q8_order_items_join_products,0.67200000000000004,0,True,
warmup,118,q9_orders_items_products_by_user,0.29520000000000002,0,True,
warmup,119,q10_top_sellers_qty,0.629,0,True,
warmup,120,q11_top_categories,0.63080000000000003,0,True,
warmup,121,q1_user_by_id,0.58209999999999995,0,True,
warmup,122,q2_all_users,0.31580000000000003,0,True,
warmup,123,q3_user_by_login,0.61199999999999999,0,True,
warmup,124,q4_sellers_rating,0.66149999999999998,0,True,
warmup,125,q5_orders_offset,0.29299999999999998,0,False,Schema is not available for ORDER BY query.
warmup,126,q6_products_by_seller,0.65790000000000004,0,True,
warmup,127,q7_products_join_sellers,0.61799999999999999,0,True,
warmup,128,q8_order_items_join_products,0.55469999999999997,0,True,
warmup,129,q9_orders_items_products_by_user,0.32369999999999999,0,True,
warmup,130,q10_top_sellers_qty,0.5605,0,True,
warmup,131,q11_top_categories,0.56559999999999999,0,True,
warmup,132,q1_user_by_id,0.58299999999999996,0,True,
warmup,133,q2_all_users,0.2492,0,True,
warmup,134,q3_user_by_login,0.52329999999999999,0,True,
warmup,135,q4_sellers_rating,0.52129999999999999,0,True,
warmup,136,q5_orders_offset,0.2432,0,False,Schema is not available for ORDER BY query.
warmup,137,q6_products_by_seller,0.51800000000000002,0,True,
warmup,138,q7_products_join_sellers,0.50539999999999996,0,True,
warmup,139,q8_order_items_join_products,0.502,0,True,
warmup,140,q9_orders_items_products_by_user,0.26219999999999999,0,True,
warmup,141,q10_top_sellers_qty,0.54590000000000005,0,True,
warmup,142,q11_top_categories,0.52969999999999995,0,True,
warmup,143,q1_user_by_id,0.48570000000000002,0,True,
warmup,144,q2_all_users,0.25569999999999998,0,True,
warmup,145,q3_user_by_login,0.47599999999999998,0,True,
warmup,146,q4_sellers_rating,0.44850000000000001,0,True,
warmup,147,q5_orders_offset,0.1951,0,False,Schema is not available for ORDER BY query.
warmup,148,q6_products_by_seller,0.40970000000000001,0,True,
warmup,149,q7_products_join_sellers,0.42570000000000002,0,True,
warmup,150,q8_order_items_join_products,2.0106000000000002,0,True,
warmup,151,q9_orders_items_products_by_user,1.2675000000000001,0,True,
warmup,152,q10_top_sellers_qty,1.8604000000000001,0,True,
warmup,153,q11_top_categories,1.4025000000000001,0,True,
warmup,154,q1_user_by_id,1.7706,0,True,
warmup,155,q2_all_users,0.745,0,True,
warmup,156,q3_user_by_login,1.8747,0,True,
warmup,157,q4_sellers_rating,3.9765000000000001,0,True,
warmup,158,q5_orders_offset,0.95140000000000002,0,False,Schema is not available for ORDER BY query.
warmup,159,q6_products_by_seller,1.0193000000000001,0,True,
warmup,160,q7_products_join_sellers,1.4448000000000001,0,True,
warmup,161,q8_order_items_join_products,1.0269999999999999,0,True,
warmup,162,q9_orders_items_products_by_user,2.9390999999999998,0,True,
warmup,163,q10_top_sellers_qty,1.2024999999999999,0,True,
warmup,164,q11_top_categories,1.046,0,True,
warmup,165,q1_user_by_id,0.89059999999999995,0,True,
warmup,166,q2_all_users,0.71250000000000002,0,True,
warmup,167,q3_user_by_login,1.054,0,True,
warmup,168,q4_sellers_rating,1.0137,0,True,
warmup,169,q5_orders_offset,0.48159999999999997,0,False,Schema is not available for ORDER BY query.
warmup,170,q6_products_by_seller,0.82740000000000002,0,True,
warmup,171,q7_products_join_sellers,1.3051999999999999,0,True,
warmup,172,q8_order_items_join_products,0.6673,0,True,
warmup,173,q9_orders_items_products_by_user,0.4491,0,True,
warmup,174,q10_top_sellers_qty,2.7120000000000002,0,True,
warmup,175,q11_top_categories,0.4909,0,True,
warmup,176,q1_user_by_id,0.42370000000000002,0,True,
warmup,177,q2_all_users,0.2838,0,True,
warmup,178,q3_user_by_login,0.59450000000000003,0,True,
warmup,179,q4_sellers_rating,0.80349999999999999,0,True,
warmup,180,q5_orders_offset,0.26950000000000002,0,False,Schema is not available for ORDER BY query.
warmup,181,q6_products_by_seller,0.65290000000000004,0,True,
warmup,182,q7_products_join_sellers,0.49349999999999999,0,True,
warmup,183,q8_order_items_join_products,0.44090000000000001,0,True,
warmup,184,q9_orders_items_products_by_user,0.20669999999999999,0,True,
warmup,185,q10_top_sellers_qty,0.42230000000000001,0,True,
warmup,186,q11_top_categories,0.44679999999999997,0,True,
warmup,187,q1_user_by_id,0.41139999999999999,0,True,
warmup,188,q2_all_users,0.2218,0,True,
warmup,189,q3_user_by_login,0.45219999999999999,0,True,
warmup,190,q4_sellers_rating,0.42059999999999997,0,True,
warmup,191,q5_orders_offset,0.20449999999999999,0,False,Schema is not available for ORDER BY query.
warmup,192,q6_products_by_seller,0.39910000000000001,0,True,
warmup,193,q7_products_join_sellers,0.43049999999999999,0,True,
warmup,194,q8_order_items_join_products,0.44390000000000002,0,True,
warmup,195,q9_orders_items_products_by_user,0.20419999999999999,0,True,
warmup,196,q10_top_sellers_qty,0.43369999999999997,0,True,
warmup,197,q11_top_categories,0.42849999999999999,0,True,
warmup,198,q1_user_by_id,0.47999999999999998,0,True,
warmup,199,q2_all_users,0.2379,0,True,
benchmark,1,q1_user_by_id,3.4146999999999998,0,True,
benchmark,2,q1_user_by_id,1.712,0,True,
benchmark,3,q1_user_by_id,1.9795,0,True,
benchmark,4,q1_user_by_id,1.8413999999999999,0,True,
benchmark,5,q1_user_by_id,1.802,0,True,
benchmark,6,q1_user_by_id,1.4944999999999999,0,True,
benchmark,7,q1_user_by_id,1.3271999999999999,0,True,
benchmark,8,q1_user_by_id,1.1899999999999999,0,True,
benchmark,9,q1_user_by_id,1.857,0,True,
benchmark,10,q1_user_by_id,3.9472999999999998,0,True,
benchmark,11,q1_user_by_id,0.88229999999999997,0,True,
benchmark,12,q1_user_by_id,1.3036000000000001,0,True,
benchmark,13,q1_user_by_id,0.9506,0,True,
benchmark,14,q1_user_by_id,0.95369999999999999,0,True,
benchmark,15,q1_user_by_id,0.83989999999999998,0,True,
benchmark,16,q1_user_by_id,0.99709999999999999,0,True,
benchmark,17,q1_user_by_id,2.7408000000000001,0,True,
benchmark,18,q1_user_by_id,0.66449999999999998,0,True,
benchmark,19,q1_user_by_id,0.73150000000000004,0,True,
benchmark,20,q1_user_by_id,0.86009999999999998,0,True,
benchmark,21,q1_user_by_id,0.76800000000000002,0,True,
benchmark,22,q1_user_by_id,0.74309999999999998,0,True,
benchmark,23,q1_user_by_id,0.71870000000000001,0,True,
benchmark,24,q1_user_by_id,0.96530000000000005,0,True,
benchmark,25,q1_user_by_id,0.77969999999999995,0,True,
benchmark,26,q1_user_by_id,0.70989999999999998,0,True,
benchmark,27,q1_user_by_id,0.72319999999999995,0,True,
benchmark,28,q1_user_by_id,1.9395,0,True,
benchmark,29,q1_user_by_id,0.63119999999999998,0,True,
benchmark,30,q1_user_by_id,0.69289999999999996,0,True,
benchmark,31,q1_user_by_id,0.71599999999999997,0,True,
benchmark,32,q1_user_by_id,0.65180000000000005,0,True,
benchmark,33,q1_user_by_id,0.64339999999999997,0,True,
benchmark,34,q1_user_by_id,0.7026,0,True,
benchmark,35,q1_user_by_id,0.83879999999999999,0,True,
benchmark,36,q1_user_by_id,0.62960000000000005,0,True,
benchmark,37,q1_user_by_id,0.61080000000000001,0,True,
benchmark,38,q1_user_by_id,0.62909999999999999,0,True,
benchmark,39,q1_user_by_id,0.6794,0,True,
benchmark,40,q1_user_by_id,0.55740000000000001,0,True,
benchmark,41,q1_user_by_id,0.55900000000000005,0,True,
benchmark,42,q1_user_by_id,0.56579999999999997,0,True,
benchmark,43,q1_user_by_id,0.56589999999999996,0,True,
benchmark,44,q1_user_by_id,0.6109,0,True,
benchmark,45,q1_user_by_id,0.64500000000000002,0,True,
benchmark,46,q1_user_by_id,0.61619999999999997,0,True,
benchmark,47,q1_user_by_id,0.63170000000000004,0,True,
benchmark,48,q1_user_by_id,0.57769999999999999,0,True,
benchmark,49,q1_user_by_id,0.61160000000000003,0,True,
benchmark,50,q1_user_by_id,0.57350000000000001,0,True,
benchmark,51,q1_user_by_id,0.57440000000000002,0,True,
benchmark,52,q1_user_by_id,0.66549999999999998,0,True,
benchmark,53,q1_user_by_id,0.88009999999999999,0,True,
benchmark,54,q1_user_by_id,0.77210000000000001,0,True,
benchmark,55,q1_user_by_id,0.68479999999999996,0,True,
benchmark,56,q1_user_by_id,0.71240000000000003,0,True,
benchmark,57,q1_user_by_id,0.57279999999999998,0,True,
benchmark,58,q1_user_by_id,0.59209999999999996,0,True,
benchmark,59,q1_user_by_id,0.52849999999999997,0,True,
benchmark,60,q1_user_by_id,0.60360000000000003,0,True,
benchmark,61,q1_user_by_id,0.51570000000000005,0,True,
benchmark,62,q1_user_by_id,0.55559999999999998,0,True,
benchmark,63,q1_user_by_id,0.49969999999999998,0,True,
benchmark,64,q1_user_by_id,0.49270000000000003,0,True,
benchmark,65,q1_user_by_id,0.50249999999999995,0,True,
benchmark,66,q1_user_by_id,0.56289999999999996,0,True,
benchmark,67,q1_user_by_id,0.53239999999999998,0,True,
benchmark,68,q1_user_by_id,0.47570000000000001,0,True,
benchmark,69,q1_user_by_id,0.53820000000000001,0,True,
benchmark,70,q1_user_by_id,0.51839999999999997,0,True,
benchmark,71,q1_user_by_id,0.52669999999999995,0,True,
benchmark,72,q1_user_by_id,0.5373,0,True,
benchmark,73,q1_user_by_id,0.62370000000000003,0,True,
benchmark,74,q1_user_by_id,0.54820000000000002,0,True,
benchmark,75,q1_user_by_id,0.57110000000000005,0,True,
benchmark,76,q1_user_by_id,0.54920000000000002,0,True,
benchmark,77,q1_user_by_id,0.56999999999999995,0,True,
benchmark,78,q1_user_by_id,0.51619999999999999,0,True,
benchmark,79,q1_user_by_id,0.53500000000000003,0,True,
benchmark,80,q1_user_by_id,0.49509999999999998,0,True,
benchmark,81,q1_user_by_id,0.49769999999999998,0,True,
benchmark,82,q1_user_by_id,0.5282,0,True,
benchmark,83,q1_user_by_id,0.52100000000000002,0,True,
benchmark,84,q1_user_by_id,0.52880000000000005,0,True,
benchmark,85,q1_user_by_id,0.53580000000000005,0,True,
benchmark,86,q1_user_by_id,0.5272,0,True,
benchmark,87,q1_user_by_id,0.57879999999999998,0,True,
benchmark,88,q1_user_by_id,1.5398000000000001,0,True,
benchmark,89,q1_user_by_id,0.50149999999999995,0,True,
benchmark,90,q1_user_by_id,0.51700000000000002,0,True,
benchmark,91,q1_user_by_id,0.47799999999999998,0,True,
benchmark,92,q1_user_by_id,0.48110000000000003,0,True,
benchmark,93,q1_user_by_id,0.45219999999999999,0,True,
benchmark,94,q1_user_by_id,0.49719999999999998,0,True,
benchmark,95,q1_user_by_id,0.46939999999999998,0,True,
benchmark,96,q1_user_by_id,0.46839999999999998,0,True,
benchmark,97,q1_user_by_id,0.50690000000000002,0,True,
benchmark,98,q1_user_by_id,0.47199999999999998,0,True,
benchmark,99,q1_user_by_id,0.4955,0,True,
benchmark,100,q1_user_by_id,0.48649999999999999,0,True,
benchmark,101,q1_user_by_id,3.5602999999999998,0,True,
benchmark,102,q1_user_by_id,1.4592000000000001,0,True,
benchmark,103,q1_user_by_id,1.3274999999999999,0,True,
benchmark,104,q1_user_by_id,1.2228000000000001,0,True,
benchmark,105,q1_user_by_id,1.1342000000000001,0,True,
benchmark,106,q1_user_by_id,1.0212000000000001,0,True,
benchmark,107,q1_user_by_id,1.4138999999999999,0,True,
benchmark,108,q1_user_by_id,1.0095000000000001,0,True,
benchmark,109,q1_user_by_id,1.0226999999999999,0,True,
benchmark,110,q1_user_by_id,0.96309999999999996,0,True,
benchmark,111,q1_user_by_id,0.96730000000000005,0,True,
benchmark,112,q1_user_by_id,0.97889999999999999,0,True,
benchmark,113,q1_user_by_id,1.2677,0,True,
benchmark,114,q1_user_by_id,0.90269999999999995,0,True,
benchmark,115,q1_user_by_id,1.3426,0,True,
benchmark,116,q1_user_by_id,0.71250000000000002,0,True,
benchmark,117,q1_user_by_id,0.71799999999999997,0,True,
benchmark,118,q1_user_by_id,0.73999999999999999,0,True,
benchmark,119,q1_user_by_id,0.74750000000000005,0,True,
benchmark,120,q1_user_by_id,0.72929999999999995,0,True,
benchmark,121,q1_user_by_id,0.91690000000000005,0,True,
benchmark,122,q1_user_by_id,1.0447,0,True,
benchmark,123,q1_user_by_id,1.0752999999999999,0,True,
benchmark,124,q1_user_by_id,0.94199999999999995,0,True,
benchmark,125,q1_user_by_id,0.96379999999999999,0,True,
benchmark,126,q1_user_by_id,1.0485,0,True,
benchmark,127,q1_user_by_id,1.6120000000000001,0,True,
benchmark,128,q1_user_by_id,1.2883,0,True,
benchmark,129,q1_user_by_id,1.2075,0,True,
benchmark,130,q1_user_by_id,1.0116000000000001,0,True,
benchmark,131,q1_user_by_id,0.89939999999999998,0,True,
benchmark,132,q1_user_by_id,0.73570000000000002,0,True,
benchmark,133,q1_user_by_id,1.0197000000000001,0,True,
benchmark,134,q1_user_by_id,0.72209999999999996,0,True,
benchmark,135,q1_user_by_id,0.74770000000000003,0,True,
benchmark,136,q1_user_by_id,0.71220000000000006,0,True,
benchmark,137,q1_user_by_id,0.64349999999999996,0,True,
benchmark,138,q1_user_by_id,0.70469999999999999,0,True,
benchmark,139,q1_user_by_id,0.70120000000000005,0,True,
benchmark,140,q1_user_by_id,0.66379999999999995,0,True,
benchmark,141,q1_user_by_id,0.69510000000000005,0,True,
benchmark,142,q1_user_by_id,0.71199999999999997,0,True,
benchmark,143,q1_user_by_id,0.56850000000000001,0,True,
benchmark,144,q1_user_by_id,0.58540000000000003,0,True,
benchmark,145,q1_user_by_id,0.59050000000000002,0,True,
benchmark,146,q1_user_by_id,0.59419999999999995,0,True,
benchmark,147,q1_user_by_id,0.97870000000000001,0,True,
benchmark,148,q1_user_by_id,1.5728,0,True,
benchmark,149,q1_user_by_id,0.51970000000000005,0,True,
benchmark,150,q1_user_by_id,0.51580000000000004,0,True,
benchmark,151,q1_user_by_id,0.55620000000000003,0,True,
benchmark,152,q1_user_by_id,0.5393,0,True,
benchmark,153,q1_user_by_id,0.55169999999999997,0,True,
benchmark,154,q1_user_by_id,0.50039999999999996,0,True,
benchmark,155,q1_user_by_id,0.56220000000000003,0,True,
benchmark,156,q1_user_by_id,0.51580000000000004,0,True,
benchmark,157,q1_user_by_id,0.52610000000000001,0,True,
benchmark,158,q1_user_by_id,0.54200000000000004,0,True,
benchmark,159,q1_user_by_id,0.51100000000000001,0,True,
benchmark,160,q1_user_by_id,0.52929999999999999,0,True,
benchmark,161,q1_user_by_id,0.54239999999999999,0,True,
benchmark,162,q1_user_by_id,0.58509999999999995,0,True,
benchmark,163,q1_user_by_id,0.53400000000000003,0,True,
benchmark,164,q1_user_by_id,0.499,0,True,
benchmark,165,q1_user_by_id,0.45669999999999999,0,True,
benchmark,166,q1_user_by_id,0.46679999999999999,0,True,
benchmark,167,q1_user_by_id,0.47199999999999998,0,True,
benchmark,168,q1_user_by_id,0.47889999999999999,0,True,
benchmark,169,q1_user_by_id,0.47599999999999998,0,True,
benchmark,170,q1_user_by_id,0.52180000000000004,0,True,
benchmark,171,q1_user_by_id,0.56659999999999999,0,True,
benchmark,172,q1_user_by_id,0.63349999999999995,0,True,
benchmark,173,q1_user_by_id,0.64959999999999996,0,True,
benchmark,174,q1_user_by_id,0.68589999999999995,0,True,
benchmark,175,q1_user_by_id,0.53480000000000005,0,True,
benchmark,176,q1_user_by_id,0.6452,0,True,
benchmark,177,q1_user_by_id,0.5464,0,True,
benchmark,178,q1_user_by_id,0.54979999999999996,0,True,
benchmark,179,q1_user_by_id,0.51600000000000001,0,True,
benchmark,180,q1_user_by_id,0.56420000000000003,0,True,
benchmark,181,q1_user_by_id,0.51290000000000002,0,True,
benchmark,182,q1_user_by_id,0.54949999999999999,0,True,
benchmark,183,q1_user_by_id,0.54269999999999996,0,True,
benchmark,184,q1_user_by_id,0.50970000000000004,0,True,
benchmark,185,q1_user_by_id,0.50800000000000001,0,True,
benchmark,186,q1_user_by_id,0.58099999999999996,0,True,
benchmark,187,q1_user_by_id,0.53549999999999998,0,True,
benchmark,188,q1_user_by_id,0.51139999999999997,0,True,
benchmark,189,q1_user_by_id,0.52059999999999995,0,True,
benchmark,190,q1_user_by_id,0.4965,0,True,
benchmark,191,q1_user_by_id,0.45229999999999998,0,True,
benchmark,192,q1_user_by_id,0.47810000000000002,0,True,
benchmark,193,q1_user_by_id,0.46279999999999999,0,True,
benchmark,194,q1_user_by_id,0.48780000000000001,0,True,
benchmark,195,q1_user_by_id,0.54300000000000004,0,True,
benchmark,196,q1_user_by_id,0.47410000000000002,0,True,
benchmark,197,q1_user_by_id,0.49020000000000002,0,True,
benchmark,198,q1_user_by_id,0.51239999999999997,0,True,
benchmark,199,q1_user_by_id,0.49540000000000001,0,True,
benchmark,200,q1_user_by_id,0.49170000000000003,0,True,
benchmark,201,q1_user_by_id,1.7585,0,True,
benchmark,202,q1_user_by_id,0.91200000000000003,0,True,
benchmark,203,q1_user_by_id,1.9617,0,True,
benchmark,204,q1_user_by_id,0.91900000000000004,0,True,
benchmark,205,q1_user_by_id,1.794,0,True,
benchmark,206,q1_user_by_id,1.5365,0,True,
benchmark,207,q1_user_by_id,0.85429999999999995,0,True,
benchmark,208,q1_user_by_id,0.86160000000000003,0,True,
benchmark,209,q1_user_by_id,1.0105999999999999,0,True,
benchmark,210,q1_user_by_id,0.92120000000000002,0,True,
benchmark,211,q1_user_by_id,1.5676000000000001,0,True,
benchmark,212,q1_user_by_id,1.2987,0,True,
benchmark,213,q1_user_by_id,1.2579,0,True,
benchmark,214,q1_user_by_id,0.82169999999999999,0,True,
benchmark,215,q1_user_by_id,1.9027000000000001,0,True,
benchmark,216,q1_user_by_id,3.0756000000000001,0,True,
benchmark,217,q1_user_by_id,1.8329,0,True,
benchmark,218,q1_user_by_id,1.2325999999999999,0,True,
benchmark,219,q1_user_by_id,0.44769999999999999,0,True,
benchmark,220,q1_user_by_id,0.42159999999999997,0,True,
benchmark,221,q1_user_by_id,0.42509999999999998,0,True,
benchmark,222,q1_user_by_id,0.4662,0,True,
benchmark,223,q1_user_by_id,0.43080000000000002,0,True,
benchmark,224,q1_user_by_id,0.43020000000000003,0,True,
benchmark,225,q1_user_by_id,0.3916,0,True,
benchmark,226,q1_user_by_id,0.38800000000000001,0,True,
benchmark,227,q1_user_by_id,1.6940999999999999,0,True,
benchmark,228,q1_user_by_id,0.56569999999999998,0,True,
benchmark,229,q1_user_by_id,0.49030000000000001,0,True,
benchmark,230,q1_user_by_id,0.51790000000000003,0,True,
benchmark,231,q1_user_by_id,0.4919,0,True,
benchmark,232,q1_user_by_id,0.47949999999999998,0,True,
benchmark,233,q1_user_by_id,0.4395,0,True,
benchmark,234,q1_user_by_id,0.49259999999999998,0,True,
benchmark,235,q1_user_by_id,0.47599999999999998,0,True,
benchmark,236,q1_user_by_id,0.46700000000000003,0,True,
benchmark,237,q1_user_by_id,0.47889999999999999,0,True,
benchmark,238,q1_user_by_id,0.72009999999999996,0,True,
benchmark,239,q1_user_by_id,0.48399999999999999,0,True,
benchmark,240,q1_user_by_id,0.78410000000000002,0,True,
benchmark,241,q1_user_by_id,0.48149999999999998,0,True,
benchmark,242,q1_user_by_id,0.76729999999999998,0,True,
benchmark,243,q1_user_by_id,0.53739999999999999,0,True,
benchmark,244,q1_user_by_id,0.4541,0,True,
benchmark,245,q1_user_by_id,0.50209999999999999,0,True,
benchmark,246,q1_user_by_id,0.43070000000000003,0,True,
benchmark,247,q1_user_by_id,0.4536,0,True,
benchmark,248,q1_user_by_id,0.41710000000000003,0,True,
benchmark,249,q1_user_by_id,0.40699999999999997,0,True,
benchmark,250,q1_user_by_id,0.39369999999999999,0,True,
benchmark,251,q1_user_by_id,0.49440000000000001,0,True,
benchmark,252,q1_user_by_id,0.55700000000000005,0,True,
benchmark,253,q1_user_by_id,0.95099999999999996,0,True,
benchmark,254,q1_user_by_id,0.5696,0,True,
benchmark,255,q1_user_by_id,0.57289999999999996,0,True,
benchmark,256,q1_user_by_id,0.51180000000000003,0,True,
benchmark,257,q1_user_by_id,0.54420000000000002,0,True,
benchmark,258,q1_user_by_id,0.57310000000000005,0,True,
benchmark,259,q1_user_by_id,0.55269999999999997,0,True,
benchmark,260,q1_user_by_id,0.64149999999999996,0,True,
benchmark,261,q1_user_by_id,0.58679999999999999,0,True,
benchmark,262,q1_user_by_id,0.54520000000000002,0,True,
benchmark,263,q1_user_by_id,0.57220000000000004,0,True,
benchmark,264,q1_user_by_id,0.58779999999999999,0,True,
benchmark,265,q1_user_by_id,0.57679999999999998,0,True,
benchmark,266,q1_user_by_id,0.51080000000000003,0,True,
benchmark,267,q1_user_by_id,0.55900000000000005,0,True,
benchmark,268,q1_user_by_id,0.54449999999999998,0,True,
benchmark,269,q1_user_by_id,0.56340000000000001,0,True,
benchmark,270,q1_user_by_id,0.67320000000000002,0,True,
benchmark,271,q1_user_by_id,0.58540000000000003,0,True,
benchmark,272,q1_user_by_id,0.56369999999999998,0,True,
benchmark,273,q1_user_by_id,0.52100000000000002,0,True,
benchmark,274,q1_user_by_id,0.45619999999999999,0,True,
benchmark,275,q1_user_by_id,0.44419999999999998,0,True,
benchmark,276,q1_user_by_id,0.44769999999999999,0,True,
benchmark,277,q1_user_by_id,0.40620000000000001,0,True,
benchmark,278,q1_user_by_id,0.52249999999999996,0,True,
benchmark,279,q1_user_by_id,0.49340000000000001,0,True,
benchmark,280,q1_user_by_id,0.50590000000000002,0,True,
benchmark,281,q1_user_by_id,0.4884,0,True,
benchmark,282,q1_user_by_id,0.4728,0,True,
benchmark,283,q1_user_by_id,0.53890000000000005,0,True,
benchmark,284,q1_user_by_id,0.48720000000000002,0,True,
benchmark,285,q1_user_by_id,0.46300000000000002,0,True,
benchmark,286,q1_user_by_id,0.40279999999999999,0,True,
benchmark,287,q1_user_by_id,0.42570000000000002,0,True,
benchmark,288,q1_user_by_id,0.44419999999999998,0,True,
benchmark,289,q1_user_by_id,0.4753,0,True,
benchmark,290,q1_user_by_id,0.49709999999999999,0,True,
benchmark,291,q1_user_by_id,0.52280000000000004,0,True,
benchmark,292,q1_user_by_id,0.48370000000000002,0,True,
benchmark,293,q1_user_by_id,0.45789999999999997,0,True,
benchmark,294,q1_user_by_id,0.49690000000000001,0,True,
benchmark,295,q1_user_by_id,0.4965,0,True,
benchmark,296,q1_user_by_id,0.47160000000000002,0,True,
benchmark,297,q1_user_by_id,0.49519999999999997,0,True,
benchmark,298,q1_user_by_id,0.50800000000000001,0,True,
benchmark,299,q1_user_by_id,0.57520000000000004,0,True,
benchmark,300,q1_user_by_id,0.49619999999999997,0,True,
benchmark,301,q1_user_by_id,2.8043999999999998,0,True,
benchmark,302,q1_user_by_id,1.6283000000000001,0,True,
benchmark,303,q1_user_by_id,1.3527,0,True,
benchmark,304,q1_user_by_id,1.2292000000000001,0,True,
benchmark,305,q1_user_by_id,1.2357,0,True,
benchmark,306,q1_user_by_id,1.2064999999999999,0,True,
benchmark,307,q1_user_by_id,1.1914,0,True,
benchmark,308,q1_user_by_id,1.0342,0,True,
benchmark,309,q1_user_by_id,1.0145,0,True,
benchmark,310,q1_user_by_id,0.98080000000000001,0,True,
benchmark,311,q1_user_by_id,1.004,0,True,
benchmark,312,q1_user_by_id,1.2689999999999999,0,True,
benchmark,313,q1_user_by_id,0.99909999999999999,0,True,
benchmark,314,q1_user_by_id,0.98819999999999997,0,True,
benchmark,315,q1_user_by_id,0.96889999999999998,0,True,
benchmark,316,q1_user_by_id,0.87490000000000001,0,True,
benchmark,317,q1_user_by_id,0.87719999999999998,0,True,
benchmark,318,q1_user_by_id,0.83799999999999997,0,True,
benchmark,319,q1_user_by_id,0.98809999999999998,0,True,
benchmark,320,q1_user_by_id,2.2452000000000001,0,True,
benchmark,321,q1_user_by_id,1.0927,0,True,
benchmark,322,q1_user_by_id,0.84750000000000003,0,True,
benchmark,323,q1_user_by_id,0.87919999999999998,0,True,
benchmark,324,q1_user_by_id,0.92969999999999997,0,True,
benchmark,325,q1_user_by_id,0.8851,0,True,
benchmark,326,q1_user_by_id,0.83330000000000004,0,True,
benchmark,327,q1_user_by_id,0.871,0,True,
benchmark,328,q1_user_by_id,0.78349999999999997,0,True,
benchmark,329,q1_user_by_id,0.77090000000000003,0,True,
benchmark,330,q1_user_by_id,0.79120000000000001,0,True,
benchmark,331,q1_user_by_id,0.75670000000000004,0,True,
benchmark,332,q1_user_by_id,0.76290000000000002,0,True,
benchmark,333,q1_user_by_id,0.77259999999999995,0,True,
benchmark,334,q1_user_by_id,0.79920000000000002,0,True,
benchmark,335,q1_user_by_id,0.73719999999999997,0,True,
benchmark,336,q1_user_by_id,0.73240000000000005,0,True,
benchmark,337,q1_user_by_id,0.71020000000000005,0,True,
benchmark,338,q1_user_by_id,0.71850000000000003,0,True,
benchmark,339,q1_user_by_id,0.80149999999999999,0,True,
benchmark,340,q1_user_by_id,1.2332000000000001,0,True,
benchmark,341,q1_user_by_id,0.70269999999999999,0,True,
benchmark,342,q1_user_by_id,0.66239999999999999,0,True,
benchmark,343,q1_user_by_id,0.85399999999999998,0,True,
benchmark,344,q1_user_by_id,0.8276,0,True,
benchmark,345,q1_user_by_id,0.62619999999999998,0,True,
benchmark,346,q1_user_by_id,0.55649999999999999,0,True,
benchmark,347,q1_user_by_id,0.64029999999999998,0,True,
benchmark,348,q1_user_by_id,0.70099999999999996,0,True,
benchmark,349,q1_user_by_id,0.63560000000000005,0,True,
benchmark,350,q1_user_by_id,0.63400000000000001,0,True,
benchmark,351,q1_user_by_id,0.61619999999999997,0,True,
benchmark,352,q1_user_by_id,0.60660000000000003,0,True,
benchmark,353,q1_user_by_id,0.65580000000000005,0,True,
benchmark,354,q1_user_by_id,0.56030000000000002,0,True,
benchmark,355,q1_user_by_id,0.59450000000000003,0,True,
benchmark,356,q1_user_by_id,0.62119999999999997,0,True,
benchmark,357,q1_user_by_id,0.59689999999999999,0,True,
benchmark,358,q1_user_by_id,0.58430000000000004,0,True,
benchmark,359,q1_user_by_id,0.60829999999999995,0,True,
benchmark,360,q1_user_by_id,0.62409999999999999,0,True,
benchmark,361,q1_user_by_id,0.59840000000000004,0,True,
benchmark,362,q1_user_by_id,0.57430000000000003,0,True,
benchmark,363,q1_user_by_id,0.60729999999999995,0,True,
benchmark,364,q1_user_by_id,0.5222,0,True,
benchmark,365,q1_user_by_id,0.50549999999999995,0,True,
benchmark,366,q1_user_by_id,0.54320000000000002,0,True,
benchmark,367,q1_user_by_id,0.5645,0,True,
benchmark,368,q1_user_by_id,0.55100000000000005,0,True,
benchmark,369,q1_user_by_id,0.54579999999999995,0,True,
benchmark,370,q1_user_by_id,0.52129999999999999,0,True,
benchmark,371,q1_user_by_id,0.80300000000000005,0,True,
benchmark,372,q1_user_by_id,0.56130000000000002,0,True,
benchmark,373,q1_user_by_id,0.5282,0,True,
benchmark,374,q1_user_by_id,0.58879999999999999,0,True,
benchmark,375,q1_user_by_id,0.49480000000000002,0,True,
benchmark,376,q1_user_by_id,0.51349999999999996,0,True,
benchmark,377,q1_user_by_id,0.44600000000000001,0,True,
benchmark,378,q1_user_by_id,0.4884,0,True,
benchmark,379,q1_user_by_id,0.50929999999999997,0,True,
benchmark,380,q1_user_by_id,0.57450000000000001,0,True,
benchmark,381,q1_user_by_id,0.55649999999999999,0,True,
benchmark,382,q1_user_by_id,0.5252,0,True,
benchmark,383,q1_user_by_id,0.53869999999999996,0,True,
benchmark,384,q1_user_by_id,0.5353,0,True,
benchmark,385,q1_user_by_id,0.52290000000000003,0,True,
benchmark,386,q1_user_by_id,0.51459999999999995,0,True,
benchmark,387,q1_user_by_id,0.54849999999999999,0,True,
benchmark,388,q1_user_by_id,0.52200000000000002,0,True,
benchmark,389,q1_user_by_id,0.49680000000000002,0,True,
benchmark,390,q1_user_by_id,0.48349999999999999,0,True,
benchmark,391,q1_user_by_id,0.51839999999999997,0,True,
benchmark,392,q1_user_by_id,0.504,0,True,
benchmark,393,q1_user_by_id,0.52900000000000003,0,True,
benchmark,394,q1_user_by_id,0.50900000000000001,0,True,
benchmark,395,q1_user_by_id,0.47560000000000002,0,True,
benchmark,396,q1_user_by_id,0.47549999999999998,0,True,
benchmark,397,q1_user_by_id,0.4803,0,True,
benchmark,398,q1_user_by_id,0.52080000000000004,0,True,
benchmark,399,q1_user_by_id,0.55159999999999998,0,True,
benchmark,400,q1_user_by_id,0.54730000000000001,0,True,
benchmark,401,q1_user_by_id,3.0497000000000001,0,True,
benchmark,402,q1_user_by_id,1.7515000000000001,0,True,
benchmark,403,q1_user_by_id,1.4253,0,True,
benchmark,404,q1_user_by_id,1.9584999999999999,0,True,
benchmark,405,q1_user_by_id,1.2975000000000001,0,True,
benchmark,406,q1_user_by_id,1.1675,0,True,
benchmark,407,q1_user_by_id,1.1187,0,True,
benchmark,408,q1_user_by_id,1.1767000000000001,0,True,
benchmark,409,q1_user_by_id,1.1348,0,True,
benchmark,410,q1_user_by_id,0.98470000000000002,0,True,
benchmark,411,q1_user_by_id,1.0097,0,True,
benchmark,412,q1_user_by_id,0.96179999999999999,0,True,
benchmark,413,q1_user_by_id,1.0613999999999999,0,True,
benchmark,414,q1_user_by_id,1.0829,0,True,
benchmark,415,q1_user_by_id,1.0504,0,True,
benchmark,416,q1_user_by_id,0.95450000000000002,0,True,
benchmark,417,q1_user_by_id,0.92100000000000004,0,True,
benchmark,418,q1_user_by_id,0.93320000000000003,0,True,
benchmark,419,q1_user_by_id,0.87490000000000001,0,True,
benchmark,420,q1_user_by_id,0.85719999999999996,0,True,
benchmark,421,q1_user_by_id,0.83199999999999996,0,True,
benchmark,422,q1_user_by_id,1.145,0,True,
benchmark,423,q1_user_by_id,0.79120000000000001,0,True,
benchmark,424,q1_user_by_id,0.69240000000000002,0,True,
benchmark,425,q1_user_by_id,0.69310000000000005,0,True,
benchmark,426,q1_user_by_id,0.70350000000000001,0,True,
benchmark,427,q1_user_by_id,0.72519999999999996,0,True,
benchmark,428,q1_user_by_id,0.84740000000000004,0,True,
benchmark,429,q1_user_by_id,0.7571,0,True,
benchmark,430,q1_user_by_id,0.77539999999999998,0,True,
benchmark,431,q1_user_by_id,0.73270000000000002,0,True,
benchmark,432,q1_user_by_id,0.74409999999999998,0,True,
benchmark,433,q1_user_by_id,0.75819999999999999,0,True,
benchmark,434,q1_user_by_id,0.73560000000000003,0,True,
benchmark,435,q1_user_by_id,0.63839999999999997,0,True,
benchmark,436,q1_user_by_id,0.65349999999999997,0,True,
benchmark,437,q1_user_by_id,0.73829999999999996,0,True,
benchmark,438,q1_user_by_id,0.64500000000000002,0,True,
benchmark,439,q1_user_by_id,0.61799999999999999,0,True,
benchmark,440,q1_user_by_id,0.79379999999999995,0,True,
benchmark,441,q1_user_by_id,0.67779999999999996,0,True,
benchmark,442,q1_user_by_id,0.64849999999999997,0,True,
benchmark,443,q1_user_by_id,0.62129999999999996,0,True,
benchmark,444,q1_user_by_id,0.72750000000000004,0,True,
benchmark,445,q1_user_by_id,0.62190000000000001,0,True,
benchmark,446,q1_user_by_id,0.69440000000000002,0,True,
benchmark,447,q1_user_by_id,0.62139999999999995,0,True,
benchmark,448,q1_user_by_id,0.64370000000000005,0,True,
benchmark,449,q1_user_by_id,0.65449999999999997,0,True,
benchmark,450,q1_user_by_id,0.63959999999999995,0,True,
benchmark,451,q1_user_by_id,0.66959999999999997,0,True,
benchmark,452,q1_user_by_id,0.59060000000000001,0,True,
benchmark,453,q1_user_by_id,0.65110000000000001,0,True,
benchmark,454,q1_user_by_id,0.68120000000000003,0,True,
benchmark,455,q1_user_by_id,0.60919999999999996,0,True,
benchmark,456,q1_user_by_id,0.6492,0,True,
benchmark,457,q1_user_by_id,0.75460000000000005,0,True,
benchmark,458,q1_user_by_id,0.78310000000000002,0,True,
benchmark,459,q1_user_by_id,0.74350000000000005,0,True,
benchmark,460,q1_user_by_id,0.81710000000000005,0,True,
benchmark,461,q1_user_by_id,0.66159999999999997,0,True,
benchmark,462,q1_user_by_id,0.64190000000000003,0,True,
benchmark,463,q1_user_by_id,0.66390000000000005,0,True,
benchmark,464,q1_user_by_id,0.67479999999999996,0,True,
benchmark,465,q1_user_by_id,0.53669999999999995,0,True,
benchmark,466,q1_user_by_id,0.51359999999999995,0,True,
benchmark,467,q1_user_by_id,0.55769999999999997,0,True,
benchmark,468,q1_user_by_id,0.58409999999999995,0,True,
benchmark,469,q1_user_by_id,0.55230000000000001,0,True,
benchmark,470,q1_user_by_id,0.59619999999999995,0,True,
benchmark,471,q1_user_by_id,0.56669999999999998,0,True,
benchmark,472,q1_user_by_id,0.52649999999999997,0,True,
benchmark,473,q1_user_by_id,0.62570000000000003,0,True,
benchmark,474,q1_user_by_id,0.51329999999999998,0,True,
benchmark,475,q1_user_by_id,0.56759999999999999,0,True,
benchmark,476,q1_user_by_id,0.57940000000000003,0,True,
benchmark,477,q1_user_by_id,0.50600000000000001,0,True,
benchmark,478,q1_user_by_id,0.48570000000000002,0,True,
benchmark,479,q1_user_by_id,0.47849999999999998,0,True,
benchmark,480,q1_user_by_id,0.50139999999999996,0,True,
benchmark,481,q1_user_by_id,0.50339999999999996,0,True,
benchmark,482,q1_user_by_id,0.50449999999999995,0,True,
benchmark,483,q1_user_by_id,0.5081,0,True,
benchmark,484,q1_user_by_id,0.53979999999999995,0,True,
benchmark,485,q1_user_by_id,0.57609999999999995,0,True,
benchmark,486,q1_user_by_id,0.45689999999999997,0,True,
benchmark,487,q1_user_by_id,0.49790000000000001,0,True,
benchmark,488,q1_user_by_id,0.50919999999999999,0,True,
benchmark,489,q1_user_by_id,0.49519999999999997,0,True,
benchmark,490,q1_user_by_id,0.4849,0,True,
benchmark,491,q1_user_by_id,0.45190000000000002,0,True,
benchmark,492,q1_user_by_id,0.52390000000000003,0,True,
benchmark,493,q1_user_by_id,1.732,0,True,
benchmark,494,q1_user_by_id,0.53610000000000002,0,True,
benchmark,495,q1_user_by_id,0.52270000000000005,0,True,
benchmark,496,q1_user_by_id,0.54410000000000003,0,True,
benchmark,497,q1_user_by_id,0.51000000000000001,0,True,
benchmark,498,q1_user_by_id,0.5423,0,True,
benchmark,499,q1_user_by_id,0.48699999999999999,0,True,
benchmark,500,q1_user_by_id,0.53690000000000004,0,True,
benchmark,501,q1_user_by_id,2.8212000000000002,0,True,
benchmark,502,q1_user_by_id,1.3398000000000001,0,True,
benchmark,503,q1_user_by_id,0.98419999999999996,0,True,
benchmark,504,q1_user_by_id,1.1603000000000001,0,True,
benchmark,505,q1_user_by_id,1.887,0,True,
benchmark,506,q1_user_by_id,1.2172000000000001,0,True,
benchmark,507,q1_user_by_id,1.2208000000000001,0,True,
benchmark,508,q1_user_by_id,1.1065,0,True,
benchmark,509,q1_user_by_id,1.1715,0,True,
benchmark,510,q1_user_by_id,1.1512,0,True,
benchmark,511,q1_user_by_id,1.0286,0,True,
benchmark,512,q1_user_by_id,0.98540000000000005,0,True,
benchmark,513,q1_user_by_id,1.3825000000000001,0,True,
benchmark,514,q1_user_by_id,1.1676,0,True,
benchmark,515,q1_user_by_id,1.0249999999999999,0,True,
benchmark,516,q1_user_by_id,1.0243,0,True,
benchmark,517,q1_user_by_id,0.89239999999999997,0,True,
benchmark,518,q1_user_by_id,0.95030000000000003,0,True,
benchmark,519,q1_user_by_id,1.1709000000000001,0,True,
benchmark,520,q1_user_by_id,0.89939999999999998,0,True,
benchmark,521,q1_user_by_id,0.87039999999999995,0,True,
benchmark,522,q1_user_by_id,0.95150000000000001,0,True,
benchmark,523,q1_user_by_id,0.94030000000000002,0,True,
benchmark,524,q1_user_by_id,0.84650000000000003,0,True,
benchmark,525,q1_user_by_id,0.82920000000000005,0,True,
benchmark,526,q1_user_by_id,0.76770000000000005,0,True,
benchmark,527,q1_user_by_id,0.747,0,True,
benchmark,528,q1_user_by_id,0.77049999999999996,0,True,
benchmark,529,q1_user_by_id,0.79179999999999995,0,True,
benchmark,530,q1_user_by_id,0.74919999999999998,0,True,
benchmark,531,q1_user_by_id,0.78380000000000005,0,True,
benchmark,532,q1_user_by_id,0.77769999999999995,0,True,
benchmark,533,q1_user_by_id,0.81330000000000002,0,True,
benchmark,534,q1_user_by_id,0.8417,0,True,
benchmark,535,q1_user_by_id,0.73209999999999997,0,True,
benchmark,536,q1_user_by_id,0.83630000000000004,0,True,
benchmark,537,q1_user_by_id,0.73419999999999996,0,True,
benchmark,538,q1_user_by_id,0.74719999999999998,0,True,
benchmark,539,q1_user_by_id,3.1457000000000002,0,True,
benchmark,540,q1_user_by_id,0.71089999999999998,0,True,
benchmark,541,q1_user_by_id,0.70420000000000005,0,True,
benchmark,542,q1_user_by_id,0.72330000000000005,0,True,
benchmark,543,q1_user_by_id,0.69820000000000004,0,True,
benchmark,544,q1_user_by_id,0.74429999999999996,0,True,
benchmark,545,q1_user_by_id,0.62560000000000004,0,True,
benchmark,546,q1_user_by_id,0.70389999999999997,0,True,
benchmark,547,q1_user_by_id,0.6925,0,True,
benchmark,548,q1_user_by_id,0.64419999999999999,0,True,
benchmark,549,q1_user_by_id,0.65259999999999996,0,True,
benchmark,550,q1_user_by_id,0.64949999999999997,0,True,
benchmark,551,q1_user_by_id,0.69069999999999998,0,True,
benchmark,552,q1_user_by_id,0.72160000000000002,0,True,
benchmark,553,q1_user_by_id,0.74219999999999997,0,True,
benchmark,554,q1_user_by_id,0.68289999999999995,0,True,
benchmark,555,q1_user_by_id,0.6462,0,True,
benchmark,556,q1_user_by_id,0.65069999999999995,0,True,
benchmark,557,q1_user_by_id,0.67020000000000002,0,True,
benchmark,558,q1_user_by_id,0.70760000000000001,0,True,
benchmark,559,q1_user_by_id,0.63349999999999995,0,True,
benchmark,560,q1_user_by_id,0.64710000000000001,0,True,
benchmark,561,q1_user_by_id,0.68400000000000005,0,True,
benchmark,562,q1_user_by_id,0.79910000000000003,0,True,
benchmark,563,q1_user_by_id,0.63700000000000001,0,True,
benchmark,564,q1_user_by_id,0.58609999999999995,0,True,
benchmark,565,q1_user_by_id,0.59240000000000004,0,True,
benchmark,566,q1_user_by_id,0.58599999999999997,0,True,
benchmark,567,q1_user_by_id,0.58889999999999998,0,True,
benchmark,568,q1_user_by_id,0.58009999999999995,0,True,
benchmark,569,q1_user_by_id,0.59460000000000002,0,True,
benchmark,570,q1_user_by_id,0.57269999999999999,0,True,
benchmark,571,q1_user_by_id,0.63400000000000001,0,True,
benchmark,572,q1_user_by_id,0.59370000000000001,0,True,
benchmark,573,q1_user_by_id,0.61670000000000003,0,True,
benchmark,574,q1_user_by_id,0.65920000000000001,0,True,
benchmark,575,q1_user_by_id,0.62260000000000004,0,True,
benchmark,576,q1_user_by_id,0.60829999999999995,0,True,
benchmark,577,q1_user_by_id,0.54600000000000004,0,True,
benchmark,578,q1_user_by_id,0.4975,0,True,
benchmark,579,q1_user_by_id,0.49619999999999997,0,True,
benchmark,580,q1_user_by_id,0.51280000000000003,0,True,
benchmark,581,q1_user_by_id,0.54039999999999999,0,True,
benchmark,582,q1_user_by_id,0.52370000000000005,0,True,
benchmark,583,q1_user_by_id,1.5777000000000001,0,True,
benchmark,584,q1_user_by_id,5.1689999999999996,0,True,
benchmark,585,q1_user_by_id,0.996,0,True,
benchmark,586,q1_user_by_id,0.57420000000000004,0,True,
benchmark,587,q1_user_by_id,0.52869999999999995,0,True,
benchmark,588,q1_user_by_id,0.53320000000000001,0,True,
benchmark,589,q1_user_by_id,0.52610000000000001,0,True,
benchmark,590,q1_user_by_id,0.5212,0,True,
benchmark,591,q1_user_by_id,0.52739999999999998,0,True,
benchmark,592,q1_user_by_id,0.59630000000000005,0,True,
benchmark,593,q1_user_by_id,0.47520000000000001,0,True,
benchmark,594,q1_user_by_id,0.51549999999999996,0,True,
benchmark,595,q1_user_by_id,0.54100000000000004,0,True,
benchmark,596,q1_user_by_id,0.47310000000000002,0,True,
benchmark,597,q1_user_by_id,0.4909,0,True,
benchmark,598,q1_user_by_id,0.4929,0,True,
benchmark,599,q1_user_by_id,0.48060000000000003,0,True,
benchmark,600,q1_user_by_id,0.49349999999999999,0,True,
benchmark,601,q1_user_by_id,1.4635,0,True,
benchmark,602,q1_user_by_id,0.9304,0,True,
benchmark,603,q1_user_by_id,0.75060000000000004,0,True,
benchmark,604,q1_user_by_id,0.77739999999999998,0,True,
benchmark,605,q1_user_by_id,0.78649999999999998,0,True,
benchmark,606,q1_user_by_id,0.93410000000000004,0,True,
benchmark,607,q1_user_by_id,0.92849999999999999,0,True,
benchmark,608,q1_user_by_id,1.0843,0,True,
benchmark,609,q1_user_by_id,0.87690000000000001,0,True,
benchmark,610,q1_user_by_id,0.86970000000000003,0,True,
benchmark,611,q1_user_by_id,0.83520000000000005,0,True,
benchmark,612,q1_user_by_id,0.80889999999999995,0,True,
benchmark,613,q1_user_by_id,0.78610000000000002,0,True,
benchmark,614,q1_user_by_id,0.84799999999999998,0,True,
benchmark,615,q1_user_by_id,0.68589999999999995,0,True,
benchmark,616,q1_user_by_id,0.61919999999999997,0,True,
benchmark,617,q1_user_by_id,0.72019999999999995,0,True,
benchmark,618,q1_user_by_id,0.62380000000000002,0,True,
benchmark,619,q1_user_by_id,0.64400000000000002,0,True,
benchmark,620,q1_user_by_id,0.66469999999999996,0,True,
benchmark,621,q1_user_by_id,0.65590000000000004,0,True,
benchmark,622,q1_user_by_id,0.68410000000000004,0,True,
benchmark,623,q1_user_by_id,0.64249999999999996,0,True,
benchmark,624,q1_user_by_id,0.63880000000000003,0,True,
benchmark,625,q1_user_by_id,0.69699999999999995,0,True,
benchmark,626,q1_user_by_id,0.69820000000000004,0,True,
benchmark,627,q1_user_by_id,0.61580000000000001,0,True,
benchmark,628,q1_user_by_id,0.59499999999999997,0,True,
benchmark,629,q1_user_by_id,0.62970000000000004,0,True,
benchmark,630,q1_user_by_id,0.51319999999999999,0,True,
benchmark,631,q1_user_by_id,1.3887,0,True,
benchmark,632,q1_user_by_id,0.76729999999999998,0,True,
benchmark,633,q1_user_by_id,0.73699999999999999,0,True,
benchmark,634,q1_user_by_id,0.64880000000000004,0,True,
benchmark,635,q1_user_by_id,0.63719999999999999,0,True,
benchmark,636,q1_user_by_id,1.0055000000000001,0,True,
benchmark,637,q1_user_by_id,1.0584,0,True,
benchmark,638,q1_user_by_id,2.2231999999999998,0,True,
benchmark,639,q1_user_by_id,0.61629999999999996,0,True,
benchmark,640,q1_user_by_id,1.0330999999999999,0,True,
benchmark,641,q1_user_by_id,0.80910000000000004,0,True,
benchmark,642,q1_user_by_id,1.1093999999999999,0,True,
benchmark,643,q1_user_by_id,0.88360000000000005,0,True,
benchmark,644,q1_user_by_id,0.97309999999999997,0,True,
benchmark,645,q1_user_by_id,0.58940000000000003,0,True,
benchmark,646,q1_user_by_id,0.56379999999999997,0,True,
benchmark,647,q1_user_by_id,0.63129999999999997,0,True,
benchmark,648,q1_user_by_id,0.61219999999999997,0,True,
benchmark,649,q1_user_by_id,0.5796,0,True,
benchmark,650,q1_user_by_id,0.64200000000000002,0,True,
benchmark,651,q1_user_by_id,1.0227999999999999,0,True,
benchmark,652,q1_user_by_id,0.77149999999999996,0,True,
benchmark,653,q1_user_by_id,0.84799999999999998,0,True,
benchmark,654,q1_user_by_id,0.81359999999999999,0,True,
benchmark,655,q1_user_by_id,0.80469999999999997,0,True,
benchmark,656,q1_user_by_id,0.80889999999999995,0,True,
benchmark,657,q1_user_by_id,0.75719999999999998,0,True,
benchmark,658,q1_user_by_id,0.56069999999999998,0,True,
benchmark,659,q1_user_by_id,0.59499999999999997,0,True,
benchmark,660,q1_user_by_id,0.54790000000000005,0,True,
benchmark,661,q1_user_by_id,0.50290000000000001,0,True,
benchmark,662,q1_user_by_id,0.56169999999999998,0,True,
benchmark,663,q1_user_by_id,0.49080000000000001,0,True,
benchmark,664,q1_user_by_id,0.49509999999999998,0,True,
benchmark,665,q1_user_by_id,0.52049999999999996,0,True,
benchmark,666,q1_user_by_id,0.53939999999999999,0,True,
benchmark,667,q1_user_by_id,0.46410000000000001,0,True,
benchmark,668,q1_user_by_id,0.54420000000000002,0,True,
benchmark,669,q1_user_by_id,0.49440000000000001,0,True,
benchmark,670,q1_user_by_id,0.47760000000000002,0,True,
benchmark,671,q1_user_by_id,1.5181,0,True,
benchmark,672,q1_user_by_id,0.62719999999999998,0,True,
benchmark,673,q1_user_by_id,0.60219999999999996,0,True,
benchmark,674,q1_user_by_id,0.67920000000000003,0,True,
benchmark,675,q1_user_by_id,0.69679999999999997,0,True,
benchmark,676,q1_user_by_id,0.96960000000000002,0,True,
benchmark,677,q1_user_by_id,0.58919999999999995,0,True,
benchmark,678,q1_user_by_id,0.68920000000000003,0,True,
benchmark,679,q1_user_by_id,1.1474,0,True,
benchmark,680,q1_user_by_id,0.81699999999999995,0,True,
benchmark,681,q1_user_by_id,1.855,0,True,
benchmark,682,q1_user_by_id,0.5806,0,True,
benchmark,683,q1_user_by_id,0.5333,0,True,
benchmark,684,q1_user_by_id,0.46639999999999998,0,True,
benchmark,685,q1_user_by_id,0.44209999999999999,0,True,
benchmark,686,q1_user_by_id,0.48620000000000002,0,True,
benchmark,687,q1_user_by_id,0.45850000000000002,0,True,
benchmark,688,q1_user_by_id,0.44419999999999998,0,True,
benchmark,689,q1_user_by_id,0.4924,0,True,
benchmark,690,q1_user_by_id,0.48699999999999999,0,True,
benchmark,691,q1_user_by_id,0.51400000000000001,0,True,
benchmark,692,q1_user_by_id,0.47049999999999997,0,True,
benchmark,693,q1_user_by_id,0.5242,0,True,
benchmark,694,q1_user_by_id,0.4773,0,True,
benchmark,695,q1_user_by_id,0.49280000000000002,0,True,
benchmark,696,q1_user_by_id,0.4768,0,True,
benchmark,697,q1_user_by_id,0.4793,0,True,
benchmark,698,q1_user_by_id,0.45989999999999998,0,True,
benchmark,699,q1_user_by_id,0.50480000000000003,0,True,
benchmark,700,q1_user_by_id,0.47410000000000002,0,True,
benchmark,701,q1_user_by_id,1.6440999999999999,0,True,
benchmark,702,q1_user_by_id,0.95779999999999998,0,True,
benchmark,703,q1_user_by_id,0.87460000000000004,0,True,
benchmark,704,q1_user_by_id,0.82269999999999999,0,True,
benchmark,705,q1_user_by_id,0.80579999999999996,0,True,
benchmark,706,q1_user_by_id,0.85680000000000001,0,True,
benchmark,707,q1_user_by_id,0.86680000000000001,0,True,
benchmark,708,q1_user_by_id,0.73180000000000001,0,True,
benchmark,709,q1_user_by_id,0.75790000000000002,0,True,
benchmark,710,q1_user_by_id,0.71819999999999995,0,True,
benchmark,711,q1_user_by_id,0.71519999999999995,0,True,
benchmark,712,q1_user_by_id,0.74429999999999996,0,True,
benchmark,713,q1_user_by_id,0.95089999999999997,0,True,
benchmark,714,q1_user_by_id,0.98180000000000001,0,True,
benchmark,715,q1_user_by_id,0.92259999999999998,0,True,
benchmark,716,q1_user_by_id,0.89970000000000006,0,True,
benchmark,717,q1_user_by_id,0.90000000000000002,0,True,
benchmark,718,q1_user_by_id,1.3167,0,True,
benchmark,719,q1_user_by_id,0.87119999999999997,0,True,
benchmark,720,q1_user_by_id,0.63900000000000001,0,True,
benchmark,721,q1_user_by_id,0.66830000000000001,0,True,
benchmark,722,q1_user_by_id,0.68289999999999995,0,True,
benchmark,723,q1_user_by_id,0.65969999999999995,0,True,
benchmark,724,q1_user_by_id,0.64610000000000001,0,True,
benchmark,725,q1_user_by_id,0.6139,0,True,
benchmark,726,q1_user_by_id,0.62949999999999995,0,True,
benchmark,727,q1_user_by_id,1.6337999999999999,0,True,
benchmark,728,q1_user_by_id,0.65939999999999999,0,True,
benchmark,729,q1_user_by_id,0.67769999999999997,0,True,
benchmark,730,q1_user_by_id,0.5877,0,True,
benchmark,731,q1_user_by_id,0.68169999999999997,0,True,
benchmark,732,q1_user_by_id,0.62870000000000004,0,True,
benchmark,733,q1_user_by_id,0.62709999999999999,0,True,
benchmark,734,q1_user_by_id,0.55620000000000003,0,True,
benchmark,735,q1_user_by_id,0.55879999999999996,0,True,
benchmark,736,q1_user_by_id,0.5514,0,True,
benchmark,737,q1_user_by_id,0.54569999999999996,0,True,
benchmark,738,q1_user_by_id,0.62270000000000003,0,True,
benchmark,739,q1_user_by_id,0.57789999999999997,0,True,
benchmark,740,q1_user_by_id,0.55149999999999999,0,True,
benchmark,741,q1_user_by_id,0.56030000000000002,0,True,
benchmark,742,q1_user_by_id,0.60360000000000003,0,True,
benchmark,743,q1_user_by_id,0.53569999999999995,0,True,
benchmark,744,q1_user_by_id,0.53159999999999996,0,True,
benchmark,745,q1_user_by_id,0.5252,0,True,
benchmark,746,q1_user_by_id,0.49419999999999997,0,True,
benchmark,747,q1_user_by_id,0.56059999999999999,0,True,
benchmark,748,q1_user_by_id,0.55900000000000005,0,True,
benchmark,749,q1_user_by_id,0.59730000000000005,0,True,
benchmark,750,q1_user_by_id,0.57509999999999994,0,True,
benchmark,751,q1_user_by_id,1.7785,0,True,
benchmark,752,q1_user_by_id,0.56030000000000002,0,True,
benchmark,753,q1_user_by_id,0.57140000000000002,0,True,
benchmark,754,q1_user_by_id,0.57289999999999996,0,True,
benchmark,755,q1_user_by_id,0.51659999999999995,0,True,
benchmark,756,q1_user_by_id,0.68820000000000003,0,True,
benchmark,757,q1_user_by_id,0.62709999999999999,0,True,
benchmark,758,q1_user_by_id,0.70530000000000004,0,True,
benchmark,759,q1_user_by_id,0.63400000000000001,0,True,
benchmark,760,q1_user_by_id,0.5091,0,True,
benchmark,761,q1_user_by_id,0.52669999999999995,0,True,
benchmark,762,q1_user_by_id,0.51280000000000003,0,True,
benchmark,763,q1_user_by_id,0.50770000000000004,0,True,
benchmark,764,q1_user_by_id,0.54449999999999998,0,True,
benchmark,765,q1_user_by_id,0.53549999999999998,0,True,
benchmark,766,q1_user_by_id,0.49059999999999998,0,True,
benchmark,767,q1_user_by_id,0.49299999999999999,0,True,
benchmark,768,q1_user_by_id,0.51119999999999999,0,True,
benchmark,769,q1_user_by_id,0.48599999999999999,0,True,
benchmark,770,q1_user_by_id,0.49419999999999997,0,True,
benchmark,771,q1_user_by_id,0.55420000000000003,0,True,
benchmark,772,q1_user_by_id,0.53690000000000004,0,True,
benchmark,773,q1_user_by_id,0.49559999999999998,0,True,
benchmark,774,q1_user_by_id,0.61880000000000002,0,True,
benchmark,775,q1_user_by_id,0.53190000000000004,0,True,
benchmark,776,q1_user_by_id,0.49299999999999999,0,True,
benchmark,777,q1_user_by_id,0.4975,0,True,
benchmark,778,q1_user_by_id,0.48420000000000002,0,True,
benchmark,779,q1_user_by_id,0.53810000000000002,0,True,
benchmark,780,q1_user_by_id,0.52910000000000001,0,True,
benchmark,781,q1_user_by_id,0.46939999999999998,0,True,
benchmark,782,q1_user_by_id,0.51290000000000002,0,True,
benchmark,783,q1_user_by_id,0.50149999999999995,0,True,
benchmark,784,q1_user_by_id,0.5403,0,True,
benchmark,785,q1_user_by_id,0.5413,0,True,
benchmark,786,q1_user_by_id,0.50970000000000004,0,True,
benchmark,787,q1_user_by_id,0.55369999999999997,0,True,
benchmark,788,q1_user_by_id,0.46700000000000003,0,True,
benchmark,789,q1_user_by_id,0.52300000000000002,0,True,
benchmark,790,q1_user_by_id,0.4849,0,True,
benchmark,791,q1_user_by_id,0.52449999999999997,0,True,
benchmark,792,q1_user_by_id,0.56789999999999996,0,True,
benchmark,793,q1_user_by_id,0.54210000000000003,0,True,
benchmark,794,q1_user_by_id,0.50929999999999997,0,True,
benchmark,795,q1_user_by_id,0.43969999999999998,0,True,
benchmark,796,q1_user_by_id,0.45040000000000002,0,True,
benchmark,797,q1_user_by_id,0.5333,0,True,
benchmark,798,q1_user_by_id,0.4884,0,True,
benchmark,799,q1_user_by_id,0.51249999999999996,0,True,
benchmark,800,q1_user_by_id,0.48580000000000001,0,True,
benchmark,801,q1_user_by_id,3.0392999999999999,0,True,
benchmark,802,q1_user_by_id,1.2045999999999999,0,True,
benchmark,803,q1_user_by_id,1.9933000000000001,0,True,
benchmark,804,q1_user_by_id,1.4063000000000001,0,True,
benchmark,805,q1_user_by_id,1.2208000000000001,0,True,
benchmark,806,q1_user_by_id,1.1638999999999999,0,True,
benchmark,807,q1_user_by_id,1.1186,0,True,
benchmark,808,q1_user_by_id,1.1335,0,True,
benchmark,809,q1_user_by_id,1.0202,0,True,
benchmark,810,q1_user_by_id,10.823600000000001,0,True,
benchmark,811,q1_user_by_id,1.3026,0,True,
benchmark,812,q1_user_by_id,1.0622,0,True,
benchmark,813,q1_user_by_id,1.0411999999999999,0,True,
benchmark,814,q1_user_by_id,0.93920000000000003,0,True,
benchmark,815,q1_user_by_id,0.90720000000000001,0,True,
benchmark,816,q1_user_by_id,0.93789999999999996,0,True,
benchmark,817,q1_user_by_id,0.9325,0,True,
benchmark,818,q1_user_by_id,0.88139999999999996,0,True,
benchmark,819,q1_user_by_id,0.82520000000000004,0,True,
benchmark,820,q1_user_by_id,0.85619999999999996,0,True,
benchmark,821,q1_user_by_id,0.85560000000000003,0,True,
benchmark,822,q1_user_by_id,0.82720000000000005,0,True,
benchmark,823,q1_user_by_id,0.77739999999999998,0,True,
benchmark,824,q1_user_by_id,0.77790000000000004,0,True,
benchmark,825,q1_user_by_id,0.75409999999999999,0,True,
benchmark,826,q1_user_by_id,0.83379999999999999,0,True,
benchmark,827,q1_user_by_id,0.78129999999999999,0,True,
benchmark,828,q1_user_by_id,0.79710000000000003,0,True,
benchmark,829,q1_user_by_id,0.76590000000000003,0,True,
benchmark,830,q1_user_by_id,0.78120000000000001,0,True,
benchmark,831,q1_user_by_id,0.78480000000000005,0,True,
benchmark,832,q1_user_by_id,0.81969999999999998,0,True,
benchmark,833,q1_user_by_id,0.70960000000000001,0,True,
benchmark,834,q1_user_by_id,0.6835,0,True,
benchmark,835,q1_user_by_id,0.67779999999999996,0,True,
benchmark,836,q1_user_by_id,0.7389,0,True,
benchmark,837,q1_user_by_id,0.75419999999999998,0,True,
benchmark,838,q1_user_by_id,0.72870000000000001,0,True,
benchmark,839,q1_user_by_id,0.72050000000000003,0,True,
benchmark,840,q1_user_by_id,0.67800000000000005,0,True,
benchmark,841,q1_user_by_id,0.67400000000000004,0,True,
benchmark,842,q1_user_by_id,0.65290000000000004,0,True,
benchmark,843,q1_user_by_id,0.65259999999999996,0,True,
benchmark,844,q1_user_by_id,0.69320000000000004,0,True,
benchmark,845,q1_user_by_id,0.75749999999999995,0,True,
benchmark,846,q1_user_by_id,0.60599999999999998,0,True,
benchmark,847,q1_user_by_id,0.67490000000000006,0,True,
benchmark,848,q1_user_by_id,0.6502,0,True,
benchmark,849,q1_user_by_id,0.67020000000000002,0,True,
benchmark,850,q1_user_by_id,0.66269999999999996,0,True,
benchmark,851,q1_user_by_id,0.72240000000000004,0,True,
benchmark,852,q1_user_by_id,0.66310000000000002,0,True,
benchmark,853,q1_user_by_id,0.60389999999999999,0,True,
benchmark,854,q1_user_by_id,0.59909999999999997,0,True,
benchmark,855,q1_user_by_id,0.59960000000000002,0,True,
benchmark,856,q1_user_by_id,0.57540000000000002,0,True,
benchmark,857,q1_user_by_id,0.61719999999999997,0,True,
benchmark,858,q1_user_by_id,1.1926000000000001,0,True,
benchmark,859,q1_user_by_id,0.55600000000000005,0,True,
benchmark,860,q1_user_by_id,0.61180000000000001,0,True,
benchmark,861,q1_user_by_id,0.61519999999999997,0,True,
benchmark,862,q1_user_by_id,0.5222,0,True,
benchmark,863,q1_user_by_id,0.55110000000000003,0,True,
benchmark,864,q1_user_by_id,0.57199999999999995,0,True,
benchmark,865,q1_user_by_id,0.56399999999999995,0,True,
benchmark,866,q1_user_by_id,0.55630000000000002,0,True,
benchmark,867,q1_user_by_id,0.59819999999999995,0,True,
benchmark,868,q1_user_by_id,0.51590000000000003,0,True,
benchmark,869,q1_user_by_id,0.53949999999999998,0,True,
benchmark,870,q1_user_by_id,0.54359999999999997,0,True,
benchmark,871,q1_user_by_id,0.52549999999999997,0,True,
benchmark,872,q1_user_by_id,0.54369999999999996,0,True,
benchmark,873,q1_user_by_id,0.53420000000000001,0,True,
benchmark,874,q1_user_by_id,0.50119999999999998,0,True,
benchmark,875,q1_user_by_id,0.55089999999999995,0,True,
benchmark,876,q1_user_by_id,0.53259999999999996,0,True,
benchmark,877,q1_user_by_id,0.62170000000000003,0,True,
benchmark,878,q1_user_by_id,0.64649999999999996,0,True,
benchmark,879,q1_user_by_id,1.0912999999999999,0,True,
benchmark,880,q1_user_by_id,0.51859999999999995,0,True,
benchmark,881,q1_user_by_id,0.56699999999999995,0,True,
benchmark,882,q1_user_by_id,0.55589999999999995,0,True,
benchmark,883,q1_user_by_id,0.50529999999999997,0,True,
benchmark,884,q1_user_by_id,0.51160000000000005,0,True,
benchmark,885,q1_user_by_id,0.49519999999999997,0,True,
benchmark,886,q1_user_by_id,0.51019999999999999,0,True,
benchmark,887,q1_user_by_id,0.52070000000000005,0,True,
benchmark,888,q1_user_by_id,0.51559999999999995,0,True,
benchmark,889,q1_user_by_id,0.51070000000000004,0,True,
benchmark,890,q1_user_by_id,0.55210000000000004,0,True,
benchmark,891,q1_user_by_id,0.52749999999999997,0,True,
benchmark,892,q1_user_by_id,0.497,0,True,
benchmark,893,q1_user_by_id,0.46310000000000001,0,True,
benchmark,894,q1_user_by_id,0.46400000000000002,0,True,
benchmark,895,q1_user_by_id,0.48630000000000001,0,True,
benchmark,896,q1_user_by_id,0.47749999999999998,0,True,
benchmark,897,q1_user_by_id,0.53590000000000004,0,True,
benchmark,898,q1_user_by_id,0.60050000000000003,0,True,
benchmark,899,q1_user_by_id,0.46529999999999999,0,True,
benchmark,900,q1_user_by_id,0.52690000000000003,0,True,
benchmark,901,q1_user_by_id,2.1842000000000001,0,True,
benchmark,902,q1_user_by_id,1.5669,0,True,
benchmark,903,q1_user_by_id,1.1924999999999999,0,True,
benchmark,904,q1_user_by_id,1.165,0,True,
benchmark,905,q1_user_by_id,1.1067,0,True,
benchmark,906,q1_user_by_id,1.0886,0,True,
benchmark,907,q1_user_by_id,0.98750000000000004,0,True,
benchmark,908,q1_user_by_id,1.1851,0,True,
benchmark,909,q1_user_by_id,1.4762,0,True,
benchmark,910,q1_user_by_id,1.0405,0,True,
benchmark,911,q1_user_by_id,0.92900000000000005,0,True,
benchmark,912,q1_user_by_id,1.0052000000000001,0,True,
benchmark,913,q1_user_by_id,1.0857000000000001,0,True,
benchmark,914,q1_user_by_id,1.0545,0,True,
benchmark,915,q1_user_by_id,0.94010000000000005,0,True,
benchmark,916,q1_user_by_id,0.86109999999999998,0,True,
benchmark,917,q1_user_by_id,0.8054,0,True,
benchmark,918,q1_user_by_id,0.83289999999999997,0,True,
benchmark,919,q1_user_by_id,0.86799999999999999,0,True,
benchmark,920,q1_user_by_id,0.86199999999999999,0,True,
benchmark,921,q1_user_by_id,0.92069999999999996,0,True,
benchmark,922,q1_user_by_id,0.87150000000000005,0,True,
benchmark,923,q1_user_by_id,0.93559999999999999,0,True,
benchmark,924,q1_user_by_id,0.84099999999999997,0,True,
benchmark,925,q1_user_by_id,0.84279999999999999,0,True,
benchmark,926,q1_user_by_id,1.6374,0,True,
benchmark,927,q1_user_by_id,0.70760000000000001,0,True,
benchmark,928,q1_user_by_id,0.81030000000000002,0,True,
benchmark,929,q1_user_by_id,0.76349999999999996,0,True,
benchmark,930,q1_user_by_id,0.78749999999999998,0,True,
benchmark,931,q1_user_by_id,0.8367,0,True,
benchmark,932,q1_user_by_id,0.78149999999999997,0,True,
benchmark,933,q1_user_by_id,0.7802,0,True,
benchmark,934,q1_user_by_id,0.72829999999999995,0,True,
benchmark,935,q1_user_by_id,0.77759999999999996,0,True,
benchmark,936,q1_user_by_id,0.78739999999999999,0,True,
benchmark,937,q1_user_by_id,0.7732,0,True,
benchmark,938,q1_user_by_id,0.71360000000000001,0,True,
benchmark,939,q1_user_by_id,0.68930000000000002,0,True,
benchmark,940,q1_user_by_id,0.72609999999999997,0,True,
benchmark,941,q1_user_by_id,0.69369999999999998,0,True,
benchmark,942,q1_user_by_id,0.70540000000000003,0,True,
benchmark,943,q1_user_by_id,0.74980000000000002,0,True,
benchmark,944,q1_user_by_id,0.71540000000000004,0,True,
benchmark,945,q1_user_by_id,0.72999999999999998,0,True,
benchmark,946,q1_user_by_id,0.72270000000000001,0,True,
benchmark,947,q1_user_by_id,1.9831000000000001,0,True,
benchmark,948,q1_user_by_id,0.66390000000000005,0,True,
benchmark,949,q1_user_by_id,0.74139999999999995,0,True,
benchmark,950,q1_user_by_id,0.72319999999999995,0,True,
benchmark,951,q1_user_by_id,0.79079999999999995,0,True,
benchmark,952,q1_user_by_id,0.66139999999999999,0,True,
benchmark,953,q1_user_by_id,0.69950000000000001,0,True,
benchmark,954,q1_user_by_id,0.63549999999999995,0,True,
benchmark,955,q1_user_by_id,0.64000000000000001,0,True,
benchmark,956,q1_user_by_id,0.69569999999999999,0,True,
benchmark,957,q1_user_by_id,0.77000000000000002,0,True,
benchmark,958,q1_user_by_id,0.83830000000000005,0,True,
benchmark,959,q1_user_by_id,0.9143,0,True,
benchmark,960,q1_user_by_id,0.7702,0,True,
benchmark,961,q1_user_by_id,0.63319999999999999,0,True,
benchmark,962,q1_user_by_id,0.55510000000000004,0,True,
benchmark,963,q1_user_by_id,0.56999999999999995,0,True,
benchmark,964,q1_user_by_id,0.57589999999999997,0,True,
benchmark,965,q1_user_by_id,0.59230000000000005,0,True,
benchmark,966,q1_user_by_id,0.55289999999999995,0,True,
benchmark,967,q1_user_by_id,0.56979999999999997,0,True,
benchmark,968,q1_user_by_id,0.54969999999999997,0,True,
benchmark,969,q1_user_by_id,0.56320000000000003,0,True,
benchmark,970,q1_user_by_id,0.51719999999999999,0,True,
benchmark,971,q1_user_by_id,0.53490000000000004,0,True,
benchmark,972,q1_user_by_id,0.48770000000000002,0,True,
benchmark,973,q1_user_by_id,0.48630000000000001,0,True,
benchmark,974,q1_user_by_id,0.50039999999999996,0,True,
benchmark,975,q1_user_by_id,0.5444,0,True,
benchmark,976,q1_user_by_id,0.55579999999999996,0,True,
benchmark,977,q1_user_by_id,0.53490000000000004,0,True,
benchmark,978,q1_user_by_id,0.51900000000000002,0,True,
benchmark,979,q1_user_by_id,0.54000000000000004,0,True,
benchmark,980,q1_user_by_id,0.52110000000000001,0,True,
benchmark,981,q1_user_by_id,0.53080000000000005,0,True,
benchmark,982,q1_user_by_id,0.54490000000000005,0,True,
benchmark,983,q1_user_by_id,0.50090000000000001,0,True,
benchmark,984,q1_user_by_id,0.48449999999999999,0,True,
benchmark,985,q1_user_by_id,0.52180000000000004,0,True,
benchmark,986,q1_user_by_id,0.50270000000000004,0,True,
benchmark,987,q1_user_by_id,0.46879999999999999,0,True,
benchmark,988,q1_user_by_id,0.51829999999999998,0,True,
benchmark,989,q1_user_by_id,0.48299999999999998,0,True,
benchmark,990,q1_user_by_id,0.48139999999999999,0,True,
benchmark,991,q1_user_by_id,0.49149999999999999,0,True,
benchmark,992,q1_user_by_id,0.49209999999999998,0,True,
benchmark,993,q1_user_by_id,0.50380000000000003,0,True,
benchmark,994,q1_user_by_id,0.52869999999999995,0,True,
benchmark,995,q1_user_by_id,0.49349999999999999,0,True,
benchmark,996,q1_user_by_id,0.52610000000000001,0,True,
benchmark,997,q1_user_by_id,0.5071,0,True,
benchmark,998,q1_user_by_id,0.52339999999999998,0,True,
benchmark,999,q1_user_by_id,0.4647,0,True,
benchmark,1000,q1_user_by_id,0.45519999999999999,0,True,
benchmark,1,q2_all_users,1.2709999999999999,0,True,
benchmark,2,q2_all_users,0.86450000000000005,0,True,
benchmark,3,q2_all_users,0.65759999999999996,0,True,
benchmark,4,q2_all_users,0.67810000000000004,0,True,
benchmark,5,q2_all_users,0.60629999999999995,0,True,
benchmark,6,q2_all_users,0.59909999999999997,0,True,
benchmark,7,q2_all_users,0.64070000000000005,0,True,
benchmark,8,q2_all_users,1.0438000000000001,0,True,
benchmark,9,q2_all_users,0.5978,0,True,
benchmark,10,q2_all_users,0.62739999999999996,0,True,
benchmark,11,q2_all_users,0.56410000000000005,0,True,
benchmark,12,q2_all_users,0.56000000000000005,0,True,
benchmark,13,q2_all_users,0.54120000000000001,0,True,
benchmark,14,q2_all_users,0.54279999999999995,0,True,
benchmark,15,q2_all_users,2.0331999999999999,0,True,
benchmark,16,q2_all_users,0.6452,0,True,
benchmark,17,q2_all_users,1.387,0,True,
benchmark,18,q2_all_users,1.1405000000000001,0,True,
benchmark,19,q2_all_users,1.7885,0,True,
benchmark,20,q2_all_users,2.4184999999999999,0,True,
benchmark,21,q2_all_users,1.0257000000000001,0,True,
benchmark,22,q2_all_users,0.92379999999999995,0,True,
benchmark,23,q2_all_users,0.6925,0,True,
benchmark,24,q2_all_users,0.62460000000000004,0,True,
benchmark,25,q2_all_users,0.75339999999999996,0,True,
benchmark,26,q2_all_users,0.54000000000000004,0,True,
benchmark,27,q2_all_users,0.56520000000000004,0,True,
benchmark,28,q2_all_users,0.67710000000000004,0,True,
benchmark,29,q2_all_users,0.75849999999999995,0,True,
benchmark,30,q2_all_users,0.53029999999999999,0,True,
benchmark,31,q2_all_users,0.48709999999999998,0,True,
benchmark,32,q2_all_users,0.501,0,True,
benchmark,33,q2_all_users,0.51319999999999999,0,True,
benchmark,34,q2_all_users,0.45590000000000003,0,True,
benchmark,35,q2_all_users,0.40720000000000001,0,True,
benchmark,36,q2_all_users,0.4627,0,True,
benchmark,37,q2_all_users,0.43330000000000002,0,True,
benchmark,38,q2_all_users,0.43149999999999999,0,True,
benchmark,39,q2_all_users,0.4143,0,True,
benchmark,40,q2_all_users,0.47670000000000001,0,True,
benchmark,41,q2_all_users,0.44030000000000002,0,True,
benchmark,42,q2_all_users,0.39629999999999999,0,True,
benchmark,43,q2_all_users,0.46560000000000001,0,True,
benchmark,44,q2_all_users,0.43309999999999998,0,True,
benchmark,45,q2_all_users,0.504,0,True,
benchmark,46,q2_all_users,0.40889999999999999,0,True,
benchmark,47,q2_all_users,0.41699999999999998,0,True,
benchmark,48,q2_all_users,0.4602,0,True,
benchmark,49,q2_all_users,0.48949999999999999,0,True,
benchmark,50,q2_all_users,0.44600000000000001,0,True,
benchmark,51,q2_all_users,0.4602,0,True,
benchmark,52,q2_all_users,0.40960000000000002,0,True,
benchmark,53,q2_all_users,0.38140000000000002,0,True,
benchmark,54,q2_all_users,0.39450000000000002,0,True,
benchmark,55,q2_all_users,0.3891,0,True,
benchmark,56,q2_all_users,0.4148,0,True,
benchmark,57,q2_all_users,0.42099999999999999,0,True,
benchmark,58,q2_all_users,0.39340000000000003,0,True,
benchmark,59,q2_all_users,0.41799999999999998,0,True,
benchmark,60,q2_all_users,0.35680000000000001,0,True,
benchmark,61,q2_all_users,0.35920000000000002,0,True,
benchmark,62,q2_all_users,0.42599999999999999,0,True,
benchmark,63,q2_all_users,0.51670000000000005,0,True,
benchmark,64,q2_all_users,0.42270000000000002,0,True,
benchmark,65,q2_all_users,0.38440000000000002,0,True,
benchmark,66,q2_all_users,0.44019999999999998,0,True,
benchmark,67,q2_all_users,0.374,0,True,
benchmark,68,q2_all_users,0.38179999999999997,0,True,
benchmark,69,q2_all_users,0.40799999999999997,0,True,
benchmark,70,q2_all_users,0.38979999999999998,0,True,
benchmark,71,q2_all_users,0.46460000000000001,0,True,
benchmark,72,q2_all_users,0.39560000000000001,0,True,
benchmark,73,q2_all_users,0.34420000000000001,0,True,
benchmark,74,q2_all_users,0.44180000000000003,0,True,
benchmark,75,q2_all_users,0.32069999999999999,0,True,
benchmark,76,q2_all_users,0.309,0,True,
benchmark,77,q2_all_users,0.35589999999999999,0,True,
benchmark,78,q2_all_users,0.33289999999999997,0,True,
benchmark,79,q2_all_users,0.42249999999999999,0,True,
benchmark,80,q2_all_users,0.36299999999999999,0,True,
benchmark,81,q2_all_users,0.3352,0,True,
benchmark,82,q2_all_users,0.3841,0,True,
benchmark,83,q2_all_users,0.35580000000000001,0,True,
benchmark,84,q2_all_users,0.3679,0,True,
benchmark,85,q2_all_users,0.40079999999999999,0,True,
benchmark,86,q2_all_users,0.36849999999999999,0,True,
benchmark,87,q2_all_users,0.38479999999999998,0,True,
benchmark,88,q2_all_users,0.35560000000000003,0,True,
benchmark,89,q2_all_users,0.36159999999999998,0,True,
benchmark,90,q2_all_users,0.37580000000000002,0,True,
benchmark,91,q2_all_users,0.48159999999999997,0,True,
benchmark,92,q2_all_users,0.4516,0,True,
benchmark,93,q2_all_users,0.40999999999999998,0,True,
benchmark,94,q2_all_users,0.46550000000000002,0,True,
benchmark,95,q2_all_users,0.44169999999999998,0,True,
benchmark,96,q2_all_users,0.54100000000000004,0,True,
benchmark,97,q2_all_users,0.39810000000000001,0,True,
benchmark,98,q2_all_users,0.35010000000000002,0,True,
benchmark,99,q2_all_users,0.40200000000000002,0,True,
benchmark,100,q2_all_users,0.3095,0,True,
benchmark,101,q2_all_users,1.766,0,True,
benchmark,102,q2_all_users,0.80020000000000002,0,True,
benchmark,103,q2_all_users,0.72560000000000002,0,True,
benchmark,104,q2_all_users,0.67159999999999997,0,True,
benchmark,105,q2_all_users,0.63,0,True,
benchmark,106,q2_all_users,0.64370000000000005,0,True,
benchmark,107,q2_all_users,0.73640000000000005,0,True,
benchmark,108,q2_all_users,0.58420000000000005,0,True,
benchmark,109,q2_all_users,0.61250000000000004,0,True,
benchmark,110,q2_all_users,0.57750000000000001,0,True,
benchmark,111,q2_all_users,0.63749999999999996,0,True,
benchmark,112,q2_all_users,0.55359999999999998,0,True,
benchmark,113,q2_all_users,0.66510000000000002,0,True,
benchmark,114,q2_all_users,0.4844,0,True,
benchmark,115,q2_all_users,0.52049999999999996,0,True,
benchmark,116,q2_all_users,0.51070000000000004,0,True,
benchmark,117,q2_all_users,0.55920000000000003,0,True,
benchmark,118,q2_all_users,0.57079999999999997,0,True,
benchmark,119,q2_all_users,0.4738,0,True,
benchmark,120,q2_all_users,0.47439999999999999,0,True,
benchmark,121,q2_all_users,0.51800000000000002,0,True,
benchmark,122,q2_all_users,0.47060000000000002,0,True,
benchmark,123,q2_all_users,0.502,0,True,
benchmark,124,q2_all_users,0.50070000000000003,0,True,
benchmark,125,q2_all_users,0.47270000000000001,0,True,
benchmark,126,q2_all_users,0.51090000000000002,0,True,
benchmark,127,q2_all_users,1.3002,0,True,
benchmark,128,q2_all_users,0.69420000000000004,0,True,
benchmark,129,q2_all_users,0.59599999999999997,0,True,
benchmark,130,q2_all_users,0.49959999999999999,0,True,
benchmark,131,q2_all_users,0.42530000000000001,0,True,
benchmark,132,q2_all_users,0.43440000000000001,0,True,
benchmark,133,q2_all_users,0.44819999999999999,0,True,
benchmark,134,q2_all_users,0.4839,0,True,
benchmark,135,q2_all_users,0.44400000000000001,0,True,
benchmark,136,q2_all_users,0.46999999999999997,0,True,
benchmark,137,q2_all_users,0.45660000000000001,0,True,
benchmark,138,q2_all_users,0.45650000000000002,0,True,
benchmark,139,q2_all_users,0.47139999999999999,0,True,
benchmark,140,q2_all_users,0.4657,0,True,
benchmark,141,q2_all_users,0.45839999999999997,0,True,
benchmark,142,q2_all_users,0.41299999999999998,0,True,
benchmark,143,q2_all_users,0.53890000000000005,0,True,
benchmark,144,q2_all_users,0.38119999999999998,0,True,
benchmark,145,q2_all_users,0.40489999999999998,0,True,
benchmark,146,q2_all_users,0.40999999999999998,0,True,
benchmark,147,q2_all_users,0.3795,0,True,
benchmark,148,q2_all_users,0.39119999999999999,0,True,
benchmark,149,q2_all_users,0.41449999999999998,0,True,
benchmark,150,q2_all_users,0.40210000000000001,0,True,
benchmark,151,q2_all_users,0.38119999999999998,0,True,
benchmark,152,q2_all_users,0.4103,0,True,
benchmark,153,q2_all_users,0.4022,0,True,
benchmark,154,q2_all_users,0.3866,0,True,
benchmark,155,q2_all_users,0.4158,0,True,
benchmark,156,q2_all_users,0.36749999999999999,0,True,
benchmark,157,q2_all_users,0.40189999999999998,0,True,
benchmark,158,q2_all_users,0.41449999999999998,0,True,
benchmark,159,q2_all_users,0.41020000000000001,0,True,
benchmark,160,q2_all_users,0.39639999999999997,0,True,
benchmark,161,q2_all_users,0.34870000000000001,0,True,
benchmark,162,q2_all_users,0.43070000000000003,0,True,
benchmark,163,q2_all_users,0.36199999999999999,0,True,
benchmark,164,q2_all_users,0.315,0,True,
benchmark,165,q2_all_users,0.36870000000000003,0,True,
benchmark,166,q2_all_users,0.32519999999999999,0,True,
benchmark,167,q2_all_users,0.3412,0,True,
benchmark,168,q2_all_users,0.3805,0,True,
benchmark,169,q2_all_users,0.33379999999999999,0,True,
benchmark,170,q2_all_users,0.33739999999999998,0,True,
benchmark,171,q2_all_users,0.35720000000000002,0,True,
benchmark,172,q2_all_users,0.3498,0,True,
benchmark,173,q2_all_users,0.4254,0,True,
benchmark,174,q2_all_users,0.42020000000000002,0,True,
benchmark,175,q2_all_users,0.3654,0,True,
benchmark,176,q2_all_users,0.43120000000000003,0,True,
benchmark,177,q2_all_users,0.38950000000000001,0,True,
benchmark,178,q2_all_users,0.33739999999999998,0,True,
benchmark,179,q2_all_users,0.33379999999999999,0,True,
benchmark,180,q2_all_users,0.34110000000000001,0,True,
benchmark,181,q2_all_users,0.32590000000000002,0,True,
benchmark,182,q2_all_users,0.36919999999999997,0,True,
benchmark,183,q2_all_users,0.32600000000000001,0,True,
benchmark,184,q2_all_users,0.33739999999999998,0,True,
benchmark,185,q2_all_users,0.43419999999999997,0,True,
benchmark,186,q2_all_users,0.45810000000000001,0,True,
benchmark,187,q2_all_users,0.43419999999999997,0,True,
benchmark,188,q2_all_users,0.3992,0,True,
benchmark,189,q2_all_users,0.4456,0,True,
benchmark,190,q2_all_users,0.3831,0,True,
benchmark,191,q2_all_users,0.33750000000000002,0,True,
benchmark,192,q2_all_users,0.3382,0,True,
benchmark,193,q2_all_users,0.33839999999999998,0,True,
benchmark,194,q2_all_users,0.32500000000000001,0,True,
benchmark,195,q2_all_users,0.3609,0,True,
benchmark,196,q2_all_users,0.33150000000000002,0,True,
benchmark,197,q2_all_users,0.33360000000000001,0,True,
benchmark,198,q2_all_users,0.32900000000000001,0,True,
benchmark,199,q2_all_users,0.33160000000000001,0,True,
benchmark,200,q2_all_users,0.34660000000000002,0,True,
benchmark,201,q2_all_users,1.2749999999999999,0,True,
benchmark,202,q2_all_users,0.54830000000000001,0,True,
benchmark,203,q2_all_users,0.41120000000000001,0,True,
benchmark,204,q2_all_users,0.40379999999999999,0,True,
benchmark,205,q2_all_users,0.34570000000000001,0,True,
benchmark,206,q2_all_users,0.39229999999999998,0,True,
benchmark,207,q2_all_users,0.39829999999999999,0,True,
benchmark,208,q2_all_users,0.33029999999999998,0,True,
benchmark,209,q2_all_users,0.34239999999999998,0,True,
benchmark,210,q2_all_users,0.36799999999999999,0,True,
benchmark,211,q2_all_users,0.34620000000000001,0,True,
benchmark,212,q2_all_users,0.36759999999999998,0,True,
benchmark,213,q2_all_users,0.32979999999999998,0,True,
benchmark,214,q2_all_users,0.38950000000000001,0,True,
benchmark,215,q2_all_users,0.3246,0,True,
benchmark,216,q2_all_users,0.33929999999999999,0,True,
benchmark,217,q2_all_users,0.31030000000000002,0,True,
benchmark,218,q2_all_users,0.3508,0,True,
benchmark,219,q2_all_users,0.32419999999999999,0,True,
benchmark,220,q2_all_users,0.32029999999999997,0,True,
benchmark,221,q2_all_users,0.32300000000000001,0,True,
benchmark,222,q2_all_users,0.34570000000000001,0,True,
benchmark,223,q2_all_users,0.31869999999999998,0,True,
benchmark,224,q2_all_users,0.31290000000000001,0,True,
benchmark,225,q2_all_users,0.37780000000000002,0,True,
benchmark,226,q2_all_users,0.41660000000000003,0,True,
benchmark,227,q2_all_users,0.38250000000000001,0,True,
benchmark,228,q2_all_users,0.38969999999999999,0,True,
benchmark,229,q2_all_users,0.40570000000000001,0,True,
benchmark,230,q2_all_users,0.43419999999999997,0,True,
benchmark,231,q2_all_users,0.31559999999999999,0,True,
benchmark,232,q2_all_users,0.3362,0,True,
benchmark,233,q2_all_users,0.31869999999999998,0,True,
benchmark,234,q2_all_users,0.37569999999999998,0,True,
benchmark,235,q2_all_users,0.3453,0,True,
benchmark,236,q2_all_users,0.35149999999999998,0,True,
benchmark,237,q2_all_users,0.36820000000000003,0,True,
benchmark,238,q2_all_users,0.3967,0,True,
benchmark,239,q2_all_users,0.38169999999999998,0,True,
benchmark,240,q2_all_users,0.41720000000000002,0,True,
benchmark,241,q2_all_users,0.3755,0,True,
benchmark,242,q2_all_users,0.43159999999999998,0,True,
benchmark,243,q2_all_users,0.42349999999999999,0,True,
benchmark,244,q2_all_users,0.40360000000000001,0,True,
benchmark,245,q2_all_users,0.42970000000000003,0,True,
benchmark,246,q2_all_users,1.2546999999999999,0,True,
benchmark,247,q2_all_users,0.40250000000000002,0,True,
benchmark,248,q2_all_users,0.44409999999999999,0,True,
benchmark,249,q2_all_users,0.73999999999999999,0,True,
benchmark,250,q2_all_users,1.0026999999999999,0,True,
benchmark,251,q2_all_users,0.31859999999999999,0,True,
benchmark,252,q2_all_users,0.33710000000000001,0,True,
benchmark,253,q2_all_users,0.3427,0,True,
benchmark,254,q2_all_users,0.28789999999999999,0,True,
benchmark,255,q2_all_users,0.28689999999999999,0,True,
benchmark,256,q2_all_users,0.29120000000000001,0,True,
benchmark,257,q2_all_users,0.31309999999999999,0,True,
benchmark,258,q2_all_users,0.26669999999999999,0,True,
benchmark,259,q2_all_users,0.28410000000000002,0,True,
benchmark,260,q2_all_users,0.29959999999999998,0,True,
benchmark,261,q2_all_users,0.31630000000000003,0,True,
benchmark,262,q2_all_users,0.33300000000000002,0,True,
benchmark,263,q2_all_users,0.36449999999999999,0,True,
benchmark,264,q2_all_users,0.28249999999999997,0,True,
benchmark,265,q2_all_users,0.2853,0,True,
benchmark,266,q2_all_users,0.2908,0,True,
benchmark,267,q2_all_users,0.26719999999999999,0,True,
benchmark,268,q2_all_users,0.32450000000000001,0,True,
benchmark,269,q2_all_users,0.28299999999999997,0,True,
benchmark,270,q2_all_users,0.33539999999999998,0,True,
benchmark,271,q2_all_users,0.41599999999999998,0,True,
benchmark,272,q2_all_users,0.2843,0,True,
benchmark,273,q2_all_users,0.26919999999999999,0,True,
benchmark,274,q2_all_users,0.31269999999999998,0,True,
benchmark,275,q2_all_users,0.29499999999999998,0,True,
benchmark,276,q2_all_users,0.3155,0,True,
benchmark,277,q2_all_users,0.26240000000000002,0,True,
benchmark,278,q2_all_users,0.24660000000000001,0,True,
benchmark,279,q2_all_users,0.2802,0,True,
benchmark,280,q2_all_users,0.26219999999999999,0,True,
benchmark,281,q2_all_users,0.2382,0,True,
benchmark,282,q2_all_users,0.30570000000000003,0,True,
benchmark,283,q2_all_users,0.30649999999999999,0,True,
benchmark,284,q2_all_users,0.29389999999999999,0,True,
benchmark,285,q2_all_users,0.25140000000000001,0,True,
benchmark,286,q2_all_users,0.30049999999999999,0,True,
benchmark,287,q2_all_users,0.30409999999999998,0,True,
benchmark,288,q2_all_users,0.3135,0,True,
benchmark,289,q2_all_users,0.31459999999999999,0,True,
benchmark,290,q2_all_users,0.32629999999999998,0,True,
benchmark,291,q2_all_users,0.307,0,True,
benchmark,292,q2_all_users,0.26279999999999998,0,True,
benchmark,293,q2_all_users,0.32319999999999999,0,True,
benchmark,294,q2_all_users,0.27510000000000001,0,True,
benchmark,295,q2_all_users,0.27929999999999999,0,True,
benchmark,296,q2_all_users,0.2681,0,True,
benchmark,297,q2_all_users,0.26860000000000001,0,True,
benchmark,298,q2_all_users,0.27229999999999999,0,True,
benchmark,299,q2_all_users,0.26379999999999998,0,True,
benchmark,300,q2_all_users,0.28570000000000001,0,True,
benchmark,301,q2_all_users,1.8382000000000001,0,True,
benchmark,302,q2_all_users,0.82420000000000004,0,True,
benchmark,303,q2_all_users,0.67400000000000004,0,True,
benchmark,304,q2_all_users,0.68569999999999998,0,True,
benchmark,305,q2_all_users,0.58189999999999997,0,True,
benchmark,306,q2_all_users,0.59709999999999996,0,True,
benchmark,307,q2_all_users,0.58350000000000002,0,True,
benchmark,308,q2_all_users,0.56840000000000002,0,True,
benchmark,309,q2_all_users,0.5887,0,True,
benchmark,310,q2_all_users,0.52669999999999995,0,True,
benchmark,311,q2_all_users,0.53359999999999996,0,True,
benchmark,312,q2_all_users,0.58499999999999996,0,True,
benchmark,313,q2_all_users,0.50609999999999999,0,True,
benchmark,314,q2_all_users,0.52470000000000006,0,True,
benchmark,315,q2_all_users,0.45600000000000002,0,True,
benchmark,316,q2_all_users,0.4516,0,True,
benchmark,317,q2_all_users,1.0081,0,True,
benchmark,318,q2_all_users,0.86460000000000004,0,True,
benchmark,319,q2_all_users,0.70399999999999996,0,True,
benchmark,320,q2_all_users,0.59340000000000004,0,True,
benchmark,321,q2_all_users,0.57640000000000002,0,True,
benchmark,322,q2_all_users,0.65300000000000002,0,True,
benchmark,323,q2_all_users,0.85629999999999995,0,True,
benchmark,324,q2_all_users,0.59509999999999996,0,True,
benchmark,325,q2_all_users,0.56920000000000004,0,True,
benchmark,326,q2_all_users,0.64149999999999996,0,True,
benchmark,327,q2_all_users,0.60419999999999996,0,True,
benchmark,328,q2_all_users,0.6452,0,True,
benchmark,329,q2_all_users,0.59130000000000005,0,True,
benchmark,330,q2_all_users,0.5534,0,True,
benchmark,331,q2_all_users,0.55379999999999996,0,True,
benchmark,332,q2_all_users,0.59079999999999999,0,True,
benchmark,333,q2_all_users,1.0502,0,True,
benchmark,334,q2_all_users,0.89470000000000005,0,True,
benchmark,335,q2_all_users,0.71020000000000005,0,True,
benchmark,336,q2_all_users,0.52410000000000001,0,True,
benchmark,337,q2_all_users,0.9496,0,True,
benchmark,338,q2_all_users,0.621,0,True,
benchmark,339,q2_all_users,1.1679999999999999,0,True,
benchmark,340,q2_all_users,0.57289999999999996,0,True,
benchmark,341,q2_all_users,0.58220000000000005,0,True,
benchmark,342,q2_all_users,0.4642,0,True,
benchmark,343,q2_all_users,3.2847,0,True,
benchmark,344,q2_all_users,0.54600000000000004,0,True,
benchmark,345,q2_all_users,0.51219999999999999,0,True,
benchmark,346,q2_all_users,1.6535,0,True,
benchmark,347,q2_all_users,0.45390000000000003,0,True,
benchmark,348,q2_all_users,0.44679999999999997,0,True,
benchmark,349,q2_all_users,0.41710000000000003,0,True,
benchmark,350,q2_all_users,0.41220000000000001,0,True,
benchmark,351,q2_all_users,0.50090000000000001,0,True,
benchmark,352,q2_all_users,0.36990000000000001,0,True,
benchmark,353,q2_all_users,0.4052,0,True,
benchmark,354,q2_all_users,0.38030000000000003,0,True,
benchmark,355,q2_all_users,0.4345,0,True,
benchmark,356,q2_all_users,0.36680000000000001,0,True,
benchmark,357,q2_all_users,0.38529999999999998,0,True,
benchmark,358,q2_all_users,0.3488,0,True,
benchmark,359,q2_all_users,0.3846,0,True,
benchmark,360,q2_all_users,0.37,0,True,
benchmark,361,q2_all_users,0.34570000000000001,0,True,
benchmark,362,q2_all_users,0.44350000000000001,0,True,
benchmark,363,q2_all_users,0.39479999999999998,0,True,
benchmark,364,q2_all_users,0.57299999999999995,0,True,
benchmark,365,q2_all_users,0.36199999999999999,0,True,
benchmark,366,q2_all_users,0.34949999999999998,0,True,
benchmark,367,q2_all_users,0.43159999999999998,0,True,
benchmark,368,q2_all_users,0.38650000000000001,0,True,
benchmark,369,q2_all_users,0.35049999999999998,0,True,
benchmark,370,q2_all_users,0.34960000000000002,0,True,
benchmark,371,q2_all_users,0.33139999999999997,0,True,
benchmark,372,q2_all_users,0.33650000000000002,0,True,
benchmark,373,q2_all_users,0.3967,0,True,
benchmark,374,q2_all_users,0.37659999999999999,0,True,
benchmark,375,q2_all_users,0.40000000000000002,0,True,
benchmark,376,q2_all_users,0.39090000000000003,0,True,
benchmark,377,q2_all_users,0.41839999999999999,0,True,
benchmark,378,q2_all_users,0.49049999999999999,0,True,
benchmark,379,q2_all_users,0.4017,0,True,
benchmark,380,q2_all_users,0.29699999999999999,0,True,
benchmark,381,q2_all_users,0.33150000000000002,0,True,
benchmark,382,q2_all_users,0.32100000000000001,0,True,
benchmark,383,q2_all_users,0.30909999999999999,0,True,
benchmark,384,q2_all_users,0.29399999999999998,0,True,
benchmark,385,q2_all_users,0.32400000000000001,0,True,
benchmark,386,q2_all_users,0.31,0,True,
benchmark,387,q2_all_users,0.3745,0,True,
benchmark,388,q2_all_users,0.32519999999999999,0,True,
benchmark,389,q2_all_users,0.318,0,True,
benchmark,390,q2_all_users,0.33289999999999997,0,True,
benchmark,391,q2_all_users,0.34789999999999999,0,True,
benchmark,392,q2_all_users,0.29559999999999997,0,True,
benchmark,393,q2_all_users,0.32729999999999998,0,True,
benchmark,394,q2_all_users,0.34770000000000001,0,True,
benchmark,395,q2_all_users,0.33689999999999998,0,True,
benchmark,396,q2_all_users,0.34079999999999999,0,True,
benchmark,397,q2_all_users,0.32519999999999999,0,True,
benchmark,398,q2_all_users,0.37480000000000002,0,True,
benchmark,399,q2_all_users,0.39800000000000002,0,True,
benchmark,400,q2_all_users,0.37040000000000001,0,True,
benchmark,401,q2_all_users,1.8785000000000001,0,True,
benchmark,402,q2_all_users,0.87649999999999995,0,True,
benchmark,403,q2_all_users,1.4491000000000001,0,True,
benchmark,404,q2_all_users,0.78080000000000005,0,True,
benchmark,405,q2_all_users,0.7419,0,True,
benchmark,406,q2_all_users,0.8548,0,True,
benchmark,407,q2_all_users,0.69069999999999998,0,True,
benchmark,408,q2_all_users,0.54720000000000002,0,True,
benchmark,409,q2_all_users,0.56679999999999997,0,True,
benchmark,410,q2_all_users,0.61970000000000003,0,True,
benchmark,411,q2_all_users,0.5696,0,True,
benchmark,412,q2_all_users,0.51749999999999996,0,True,
benchmark,413,q2_all_users,0.51849999999999996,0,True,
benchmark,414,q2_all_users,1.0780000000000001,0,True,
benchmark,415,q2_all_users,0.90069999999999995,0,True,
benchmark,416,q2_all_users,0.65849999999999997,0,True,
benchmark,417,q2_all_users,0.60909999999999997,0,True,
benchmark,418,q2_all_users,0.61019999999999996,0,True,
benchmark,419,q2_all_users,0.56189999999999996,0,True,
benchmark,420,q2_all_users,0.55549999999999999,0,True,
benchmark,421,q2_all_users,0.55549999999999999,0,True,
benchmark,422,q2_all_users,0.54930000000000001,0,True,
benchmark,423,q2_all_users,0.49459999999999998,0,True,
benchmark,424,q2_all_users,0.6492,0,True,
benchmark,425,q2_all_users,0.48209999999999997,0,True,
benchmark,426,q2_all_users,0.59189999999999998,0,True,
benchmark,427,q2_all_users,0.47920000000000001,0,True,
benchmark,428,q2_all_users,0.501,0,True,
benchmark,429,q2_all_users,0.50270000000000004,0,True,
benchmark,430,q2_all_users,0.56920000000000004,0,True,
benchmark,431,q2_all_users,0.54800000000000004,0,True,
benchmark,432,q2_all_users,0.60940000000000005,0,True,
benchmark,433,q2_all_users,0.50280000000000002,0,True,
benchmark,434,q2_all_users,0.57130000000000003,0,True,
benchmark,435,q2_all_users,0.50209999999999999,0,True,
benchmark,436,q2_all_users,0.57420000000000004,0,True,
benchmark,437,q2_all_users,0.50029999999999997,0,True,
benchmark,438,q2_all_users,0.53190000000000004,0,True,
benchmark,439,q2_all_users,0.51749999999999996,0,True,
benchmark,440,q2_all_users,0.64200000000000002,0,True,
benchmark,441,q2_all_users,0.46960000000000002,0,True,
benchmark,442,q2_all_users,0.45279999999999998,0,True,
benchmark,443,q2_all_users,0.39350000000000002,0,True,
benchmark,444,q2_all_users,0.39439999999999997,0,True,
benchmark,445,q2_all_users,0.42070000000000002,0,True,
benchmark,446,q2_all_users,0.3947,0,True,
benchmark,447,q2_all_users,0.42180000000000001,0,True,
benchmark,448,q2_all_users,0.40039999999999998,0,True,
benchmark,449,q2_all_users,0.50339999999999996,0,True,
benchmark,450,q2_all_users,0.50480000000000003,0,True,
benchmark,451,q2_all_users,0.53490000000000004,0,True,
benchmark,452,q2_all_users,0.45000000000000001,0,True,
benchmark,453,q2_all_users,0.48899999999999999,0,True,
benchmark,454,q2_all_users,0.42870000000000003,0,True,
benchmark,455,q2_all_users,0.377,0,True,
benchmark,456,q2_all_users,0.47320000000000001,0,True,
benchmark,457,q2_all_users,0.41149999999999998,0,True,
benchmark,458,q2_all_users,0.46029999999999999,0,True,
benchmark,459,q2_all_users,0.43819999999999998,0,True,
benchmark,460,q2_all_users,0.46529999999999999,0,True,
benchmark,461,q2_all_users,0.41880000000000001,0,True,
benchmark,462,q2_all_users,0.42909999999999998,0,True,
benchmark,463,q2_all_users,0.4415,0,True,
benchmark,464,q2_all_users,0.39450000000000002,0,True,
benchmark,465,q2_all_users,0.34320000000000001,0,True,
benchmark,466,q2_all_users,0.33960000000000001,0,True,
benchmark,467,q2_all_users,0.34549999999999997,0,True,
benchmark,468,q2_all_users,0.38390000000000002,0,True,
benchmark,469,q2_all_users,0.33679999999999999,0,True,
benchmark,470,q2_all_users,0.35039999999999999,0,True,
benchmark,471,q2_all_users,0.36259999999999998,0,True,
benchmark,472,q2_all_users,0.379,0,True,
benchmark,473,q2_all_users,0.3881,0,True,
benchmark,474,q2_all_users,0.32769999999999999,0,True,
benchmark,475,q2_all_users,0.31409999999999999,0,True,
benchmark,476,q2_all_users,0.35610000000000003,0,True,
benchmark,477,q2_all_users,0.37809999999999999,0,True,
benchmark,478,q2_all_users,0.36570000000000003,0,True,
benchmark,479,q2_all_users,0.30020000000000002,0,True,
benchmark,480,q2_all_users,0.33639999999999998,0,True,
benchmark,481,q2_all_users,0.33389999999999997,0,True,
benchmark,482,q2_all_users,0.36870000000000003,0,True,
benchmark,483,q2_all_users,0.35439999999999999,0,True,
benchmark,484,q2_all_users,0.36409999999999998,0,True,
benchmark,485,q2_all_users,0.35999999999999999,0,True,
benchmark,486,q2_all_users,0.35849999999999999,0,True,
benchmark,487,q2_all_users,0.41170000000000001,0,True,
benchmark,488,q2_all_users,0.3216,0,True,
benchmark,489,q2_all_users,0.3453,0,True,
benchmark,490,q2_all_users,0.3896,0,True,
benchmark,491,q2_all_users,0.37990000000000002,0,True,
benchmark,492,q2_all_users,0.42499999999999999,0,True,
benchmark,493,q2_all_users,0.4017,0,True,
benchmark,494,q2_all_users,0.37180000000000002,0,True,
benchmark,495,q2_all_users,0.30449999999999999,0,True,
benchmark,496,q2_all_users,0.29499999999999998,0,True,
benchmark,497,q2_all_users,0.31290000000000001,0,True,
benchmark,498,q2_all_users,0.31669999999999998,0,True,
benchmark,499,q2_all_users,0.28710000000000002,0,True,
benchmark,500,q2_all_users,0.31440000000000001,0,True,
benchmark,501,q2_all_users,1.5442,0,True,
benchmark,502,q2_all_users,0.69110000000000005,0,True,
benchmark,503,q2_all_users,0.61439999999999995,0,True,
benchmark,504,q2_all_users,0.57289999999999996,0,True,
benchmark,505,q2_all_users,0.60999999999999999,0,True,
benchmark,506,q2_all_users,0.4803,0,True,
benchmark,507,q2_all_users,0.47970000000000002,0,True,
benchmark,508,q2_all_users,1.1312,0,True,
benchmark,509,q2_all_users,0.63249999999999995,0,True,
benchmark,510,q2_all_users,0.67149999999999999,0,True,
benchmark,511,q2_all_users,0.89390000000000003,0,True,
benchmark,512,q2_all_users,0.85019999999999996,0,True,
benchmark,513,q2_all_users,0.69059999999999999,0,True,
benchmark,514,q2_all_users,0.63080000000000003,0,True,
benchmark,515,q2_all_users,0.8639,0,True,
benchmark,516,q2_all_users,0.63849999999999996,0,True,
benchmark,517,q2_all_users,0.623,0,True,
benchmark,518,q2_all_users,0.6028,0,True,
benchmark,519,q2_all_users,0.62090000000000001,0,True,
benchmark,520,q2_all_users,1.2862,0,True,
benchmark,521,q2_all_users,0.60250000000000004,0,True,
benchmark,522,q2_all_users,0.57069999999999999,0,True,
benchmark,523,q2_all_users,0.56820000000000004,0,True,
benchmark,524,q2_all_users,0.54590000000000005,0,True,
benchmark,525,q2_all_users,0.61609999999999998,0,True,
benchmark,526,q2_all_users,0.60370000000000001,0,True,
benchmark,527,q2_all_users,0.57909999999999995,0,True,
benchmark,528,q2_all_users,0.49759999999999999,0,True,
benchmark,529,q2_all_users,0.46639999999999998,0,True,
benchmark,530,q2_all_users,0.50990000000000002,0,True,
benchmark,531,q2_all_users,0.51200000000000001,0,True,
benchmark,532,q2_all_users,0.49299999999999999,0,True,
benchmark,533,q2_all_users,0.4582,0,True,
benchmark,534,q2_all_users,0.48149999999999998,0,True,
benchmark,535,q2_all_users,0.4698,0,True,
benchmark,536,q2_all_users,0.54090000000000005,0,True,
benchmark,537,q2_all_users,0.44700000000000001,0,True,
benchmark,538,q2_all_users,0.47760000000000002,0,True,
benchmark,539,q2_all_users,0.48199999999999998,0,True,
benchmark,540,q2_all_users,0.4501,0,True,
benchmark,541,q2_all_users,0.4224,0,True,
benchmark,542,q2_all_users,0.40820000000000001,0,True,
benchmark,543,q2_all_users,0.45000000000000001,0,True,
benchmark,544,q2_all_users,0.41699999999999998,0,True,
benchmark,545,q2_all_users,0.43340000000000001,0,True,
benchmark,546,q2_all_users,0.40379999999999999,0,True,
benchmark,547,q2_all_users,0.38350000000000001,0,True,
benchmark,548,q2_all_users,0.41830000000000001,0,True,
benchmark,549,q2_all_users,0.43519999999999998,0,True,
benchmark,550,q2_all_users,0.44640000000000002,0,True,
benchmark,551,q2_all_users,0.42020000000000002,0,True,
benchmark,552,q2_all_users,0.52569999999999995,0,True,
benchmark,553,q2_all_users,0.4113,0,True,
benchmark,554,q2_all_users,0.41959999999999997,0,True,
benchmark,555,q2_all_users,0.44669999999999999,0,True,
benchmark,556,q2_all_users,0.39389999999999997,0,True,
benchmark,557,q2_all_users,0.38850000000000001,0,True,
benchmark,558,q2_all_users,0.47370000000000001,0,True,
benchmark,559,q2_all_users,0.51200000000000001,0,True,
benchmark,560,q2_all_users,0.373,0,True,
benchmark,561,q2_all_users,0.38340000000000002,0,True,
benchmark,562,q2_all_users,0.36859999999999998,0,True,
benchmark,563,q2_all_users,0.41720000000000002,0,True,
benchmark,564,q2_all_users,0.38640000000000002,0,True,
benchmark,565,q2_all_users,0.40029999999999999,0,True,
benchmark,566,q2_all_users,0.51549999999999996,0,True,
benchmark,567,q2_all_users,0.47160000000000002,0,True,
benchmark,568,q2_all_users,0.57979999999999998,0,True,
benchmark,569,q2_all_users,0.4884,0,True,
benchmark,570,q2_all_users,0.46700000000000003,0,True,
benchmark,571,q2_all_users,0.35610000000000003,0,True,
benchmark,572,q2_all_users,0.37269999999999998,0,True,
benchmark,573,q2_all_users,0.37519999999999998,0,True,
benchmark,574,q2_all_users,0.33910000000000001,0,True,
benchmark,575,q2_all_users,0.36699999999999999,0,True,
benchmark,576,q2_all_users,0.41649999999999998,0,True,
benchmark,577,q2_all_users,0.35930000000000001,0,True,
benchmark,578,q2_all_users,0.38490000000000002,0,True,
benchmark,579,q2_all_users,0.34420000000000001,0,True,
benchmark,580,q2_all_users,0.37180000000000002,0,True,
benchmark,581,q2_all_users,0.34289999999999998,0,True,
benchmark,582,q2_all_users,0.3402,0,True,
benchmark,583,q2_all_users,0.32340000000000002,0,True,
benchmark,584,q2_all_users,0.42809999999999998,0,True,
benchmark,585,q2_all_users,0.39479999999999998,0,True,
benchmark,586,q2_all_users,0.43640000000000001,0,True,
benchmark,587,q2_all_users,0.3735,0,True,
benchmark,588,q2_all_users,0.35959999999999998,0,True,
benchmark,589,q2_all_users,0.40579999999999999,0,True,
benchmark,590,q2_all_users,0.37319999999999998,0,True,
benchmark,591,q2_all_users,0.36509999999999998,0,True,
benchmark,592,q2_all_users,0.377,0,True,
benchmark,593,q2_all_users,0.36170000000000002,0,True,
benchmark,594,q2_all_users,0.41439999999999999,0,True,
benchmark,595,q2_all_users,0.32600000000000001,0,True,
benchmark,596,q2_all_users,0.36399999999999999,0,True,
benchmark,597,q2_all_users,0.31969999999999998,0,True,
benchmark,598,q2_all_users,0.39500000000000002,0,True,
benchmark,599,q2_all_users,0.3049,0,True,
benchmark,600,q2_all_users,0.34050000000000002,0,True,
benchmark,601,q2_all_users,0.99750000000000005,0,True,
benchmark,602,q2_all_users,0.61899999999999999,0,True,
benchmark,603,q2_all_users,0.59350000000000003,0,True,
benchmark,604,q2_all_users,0.61560000000000004,0,True,
benchmark,605,q2_all_users,0.52080000000000004,0,True,
benchmark,606,q2_all_users,0.55189999999999995,0,True,
benchmark,607,q2_all_users,0.4536,0,True,
benchmark,608,q2_all_users,0.4113,0,True,
benchmark,609,q2_all_users,0.40389999999999998,0,True,
benchmark,610,q2_all_users,0.50429999999999997,0,True,
benchmark,611,q2_all_users,0.48970000000000002,0,True,
benchmark,612,q2_all_users,0.3352,0,True,
benchmark,613,q2_all_users,0.375,0,True,
benchmark,614,q2_all_users,0.34660000000000002,0,True,
benchmark,615,q2_all_users,0.32969999999999999,0,True,
benchmark,616,q2_all_users,0.30349999999999999,0,True,
benchmark,617,q2_all_users,0.33650000000000002,0,True,
benchmark,618,q2_all_users,0.30590000000000001,0,True,
benchmark,619,q2_all_users,0.315,0,True,
benchmark,620,q2_all_users,0.32600000000000001,0,True,
benchmark,621,q2_all_users,0.30790000000000001,0,True,
benchmark,622,q2_all_users,0.3105,0,True,
benchmark,623,q2_all_users,0.30330000000000001,0,True,
benchmark,624,q2_all_users,0.31030000000000002,0,True,
benchmark,625,q2_all_users,0.30049999999999999,0,True,
benchmark,626,q2_all_users,0.30630000000000002,0,True,
benchmark,627,q2_all_users,0.30059999999999998,0,True,
benchmark,628,q2_all_users,0.2878,0,True,
benchmark,629,q2_all_users,0.32790000000000002,0,True,
benchmark,630,q2_all_users,0.31669999999999998,0,True,
benchmark,631,q2_all_users,0.31769999999999998,0,True,
benchmark,632,q2_all_users,0.34189999999999998,0,True,
benchmark,633,q2_all_users,0.33429999999999999,0,True,
benchmark,634,q2_all_users,0.3962,0,True,
benchmark,635,q2_all_users,0.33510000000000001,0,True,
benchmark,636,q2_all_users,0.34250000000000003,0,True,
benchmark,637,q2_all_users,0.26950000000000002,0,True,
benchmark,638,q2_all_users,0.30840000000000001,0,True,
benchmark,639,q2_all_users,0.30909999999999999,0,True,
benchmark,640,q2_all_users,0.253,0,True,
benchmark,641,q2_all_users,0.2984,0,True,
benchmark,642,q2_all_users,0.25940000000000002,0,True,
benchmark,643,q2_all_users,0.315,0,True,
benchmark,644,q2_all_users,0.47010000000000002,0,True,
benchmark,645,q2_all_users,1.3812,0,True,
benchmark,646,q2_all_users,0.30449999999999999,0,True,
benchmark,647,q2_all_users,0.29870000000000002,0,True,
benchmark,648,q2_all_users,0.27100000000000002,0,True,
benchmark,649,q2_all_users,0.2457,0,True,
benchmark,650,q2_all_users,0.33710000000000001,0,True,
benchmark,651,q2_all_users,0.3387,0,True,
benchmark,652,q2_all_users,0.43569999999999998,0,True,
benchmark,653,q2_all_users,0.25719999999999998,0,True,
benchmark,654,q2_all_users,0.28970000000000001,0,True,
benchmark,655,q2_all_users,0.49540000000000001,0,True,
benchmark,656,q2_all_users,0.33279999999999998,0,True,
benchmark,657,q2_all_users,0.26919999999999999,0,True,
benchmark,658,q2_all_users,0.2757,0,True,
benchmark,659,q2_all_users,0.32490000000000002,0,True,
benchmark,660,q2_all_users,0.28960000000000002,0,True,
benchmark,661,q2_all_users,0.3206,0,True,
benchmark,662,q2_all_users,0.31659999999999999,0,True,
benchmark,663,q2_all_users,0.25540000000000002,0,True,
benchmark,664,q2_all_users,0.31659999999999999,0,True,
benchmark,665,q2_all_users,0.30199999999999999,0,True,
benchmark,666,q2_all_users,0.31659999999999999,0,True,
benchmark,667,q2_all_users,0.57010000000000005,0,True,
benchmark,668,q2_all_users,0.28089999999999998,0,True,
benchmark,669,q2_all_users,0.2853,0,True,
benchmark,670,q2_all_users,0.2707,0,True,
benchmark,671,q2_all_users,0.27429999999999999,0,True,
benchmark,672,q2_all_users,0.2908,0,True,
benchmark,673,q2_all_users,0.27139999999999997,0,True,
benchmark,674,q2_all_users,0.29870000000000002,0,True,
benchmark,675,q2_all_users,0.26729999999999998,0,True,
benchmark,676,q2_all_users,0.41739999999999999,0,True,
benchmark,677,q2_all_users,0.37030000000000002,0,True,
benchmark,678,q2_all_users,0.27110000000000001,0,True,
benchmark,679,q2_all_users,0.31580000000000003,0,True,
benchmark,680,q2_all_users,0.26450000000000001,0,True,
benchmark,681,q2_all_users,0.2288,0,True,
benchmark,682,q2_all_users,0.26960000000000001,0,True,
benchmark,683,q2_all_users,0.45550000000000002,0,True,
benchmark,684,q2_all_users,0.29959999999999998,0,True,
benchmark,685,q2_all_users,0.21590000000000001,0,True,
benchmark,686,q2_all_users,0.32229999999999998,0,True,
benchmark,687,q2_all_users,0.28029999999999999,0,True,
benchmark,688,q2_all_users,0.2641,0,True,
benchmark,689,q2_all_users,0.27100000000000002,0,True,
benchmark,690,q2_all_users,0.28899999999999998,0,True,
benchmark,691,q2_all_users,0.30280000000000001,0,True,
benchmark,692,q2_all_users,0.2581,0,True,
benchmark,693,q2_all_users,0.25919999999999999,0,True,
benchmark,694,q2_all_users,0.26219999999999999,0,True,
benchmark,695,q2_all_users,0.25409999999999999,0,True,
benchmark,696,q2_all_users,0.28460000000000002,0,True,
benchmark,697,q2_all_users,0.31,0,True,
benchmark,698,q2_all_users,1.2846,0,True,
benchmark,699,q2_all_users,0.55820000000000003,0,True,
benchmark,700,q2_all_users,0.27250000000000002,0,True,
benchmark,701,q2_all_users,2.665,0,True,
benchmark,702,q2_all_users,0.96309999999999996,0,True,
benchmark,703,q2_all_users,0.75319999999999998,0,True,
benchmark,704,q2_all_users,0.71640000000000004,0,True,
benchmark,705,q2_all_users,0.60589999999999999,0,True,
benchmark,706,q2_all_users,0.56789999999999996,0,True,
benchmark,707,q2_all_users,0.56040000000000001,0,True,
benchmark,708,q2_all_users,0.47060000000000002,0,True,
benchmark,709,q2_all_users,0.77880000000000005,0,True,
benchmark,710,q2_all_users,1.2215,0,True,
benchmark,711,q2_all_users,0.7087,0,True,
benchmark,712,q2_all_users,0.54900000000000004,0,True,
benchmark,713,q2_all_users,0.48999999999999999,0,True,
benchmark,714,q2_all_users,0.52910000000000001,0,True,
benchmark,715,q2_all_users,0.63260000000000005,0,True,
benchmark,716,q2_all_users,0.54449999999999998,0,True,
benchmark,717,q2_all_users,0.59599999999999997,0,True,
benchmark,718,q2_all_users,0.53080000000000005,0,True,
benchmark,719,q2_all_users,0.43169999999999997,0,True,
benchmark,720,q2_all_users,0.34820000000000001,0,True,
benchmark,721,q2_all_users,0.28699999999999998,0,True,
benchmark,722,q2_all_users,0.31569999999999998,0,True,
benchmark,723,q2_all_users,0.44319999999999998,0,True,
benchmark,724,q2_all_users,0.37359999999999999,0,True,
benchmark,725,q2_all_users,0.2596,0,True,
benchmark,726,q2_all_users,0.31940000000000002,0,True,
benchmark,727,q2_all_users,0.25509999999999999,0,True,
benchmark,728,q2_all_users,0.22770000000000001,0,True,
benchmark,729,q2_all_users,0.252,0,True,
benchmark,730,q2_all_users,0.3523,0,True,
benchmark,731,q2_all_users,0.25480000000000003,0,True,
benchmark,732,q2_all_users,0.24079999999999999,0,True,
benchmark,733,q2_all_users,0.24229999999999999,0,True,
benchmark,734,q2_all_users,0.22320000000000001,0,True,
benchmark,735,q2_all_users,0.26529999999999998,0,True,
benchmark,736,q2_all_users,0.2477,0,True,
benchmark,737,q2_all_users,0.2369,0,True,
benchmark,738,q2_all_users,0.2616,0,True,
benchmark,739,q2_all_users,0.2402,0,True,
benchmark,740,q2_all_users,0.24110000000000001,0,True,
benchmark,741,q2_all_users,0.23089999999999999,0,True,
benchmark,742,q2_all_users,0.26269999999999999,0,True,
benchmark,743,q2_all_users,0.23019999999999999,0,True,
benchmark,744,q2_all_users,0.27839999999999998,0,True,
benchmark,745,q2_all_users,0.26819999999999999,0,True,
benchmark,746,q2_all_users,0.23269999999999999,0,True,
benchmark,747,q2_all_users,0.24579999999999999,0,True,
benchmark,748,q2_all_users,0.31280000000000002,0,True,
benchmark,749,q2_all_users,0.23480000000000001,0,True,
benchmark,750,q2_all_users,0.24360000000000001,0,True,
benchmark,751,q2_all_users,0.28549999999999998,0,True,
benchmark,752,q2_all_users,0.2203,0,True,
benchmark,753,q2_all_users,0.25869999999999999,0,True,
benchmark,754,q2_all_users,0.2303,0,True,
benchmark,755,q2_all_users,0.2104,0,True,
benchmark,756,q2_all_users,0.2349,0,True,
benchmark,757,q2_all_users,0.20660000000000001,0,True,
benchmark,758,q2_all_users,0.22,0,True,
benchmark,759,q2_all_users,0.23350000000000001,0,True,
benchmark,760,q2_all_users,0.25609999999999999,0,True,
benchmark,761,q2_all_users,0.29349999999999998,0,True,
benchmark,762,q2_all_users,0.25409999999999999,0,True,
benchmark,763,q2_all_users,0.30909999999999999,0,True,
benchmark,764,q2_all_users,0.33050000000000002,0,True,
benchmark,765,q2_all_users,1.3799999999999999,0,True,
benchmark,766,q2_all_users,0.25069999999999998,0,True,
benchmark,767,q2_all_users,0.22850000000000001,0,True,
benchmark,768,q2_all_users,0.2165,0,True,
benchmark,769,q2_all_users,0.22589999999999999,0,True,
benchmark,770,q2_all_users,0.20569999999999999,0,True,
benchmark,771,q2_all_users,0.21110000000000001,0,True,
benchmark,772,q2_all_users,0.218,0,True,
benchmark,773,q2_all_users,0.2334,0,True,
benchmark,774,q2_all_users,0.20469999999999999,0,True,
benchmark,775,q2_all_users,0.20599999999999999,0,True,
benchmark,776,q2_all_users,0.23369999999999999,0,True,
benchmark,777,q2_all_users,0.2172,0,True,
benchmark,778,q2_all_users,0.2303,0,True,
benchmark,779,q2_all_users,0.21340000000000001,0,True,
benchmark,780,q2_all_users,0.2097,0,True,
benchmark,781,q2_all_users,0.25209999999999999,0,True,
benchmark,782,q2_all_users,0.27410000000000001,0,True,
benchmark,783,q2_all_users,0.23100000000000001,0,True,
benchmark,784,q2_all_users,0.2359,0,True,
benchmark,785,q2_all_users,0.2525,0,True,
benchmark,786,q2_all_users,0.26129999999999998,0,True,
benchmark,787,q2_all_users,0.23910000000000001,0,True,
benchmark,788,q2_all_users,0.2228,0,True,
benchmark,789,q2_all_users,0.2122,0,True,
benchmark,790,q2_all_users,0.252,0,True,
benchmark,791,q2_all_users,0.2205,0,True,
benchmark,792,q2_all_users,0.23180000000000001,0,True,
benchmark,793,q2_all_users,0.27300000000000002,0,True,
benchmark,794,q2_all_users,0.30890000000000001,0,True,
benchmark,795,q2_all_users,0.30430000000000001,0,True,
benchmark,796,q2_all_users,0.247,0,True,
benchmark,797,q2_all_users,0.32240000000000002,0,True,
benchmark,798,q2_all_users,0.2732,0,True,
benchmark,799,q2_all_users,0.24410000000000001,0,True,
benchmark,800,q2_all_users,0.2278,0,True,
benchmark,801,q2_all_users,1.5099,0,True,
benchmark,802,q2_all_users,0.7208,0,True,
benchmark,803,q2_all_users,0.62809999999999999,0,True,
benchmark,804,q2_all_users,0.67210000000000003,0,True,
benchmark,805,q2_all_users,0.64049999999999996,0,True,
benchmark,806,q2_all_users,0.51959999999999995,0,True,
benchmark,807,q2_all_users,0.53969999999999996,0,True,
benchmark,808,q2_all_users,0.50419999999999998,0,True,
benchmark,809,q2_all_users,0.51880000000000004,0,True,
benchmark,810,q2_all_users,0.49390000000000001,0,True,
benchmark,811,q2_all_users,0.51990000000000003,0,True,
benchmark,812,q2_all_users,0.62819999999999998,0,True,
benchmark,813,q2_all_users,0.58879999999999999,0,True,
benchmark,814,q2_all_users,0.49299999999999999,0,True,
benchmark,815,q2_all_users,0.45910000000000001,0,True,
benchmark,816,q2_all_users,0.41299999999999998,0,True,
benchmark,817,q2_all_users,0.74390000000000001,0,True,
benchmark,818,q2_all_users,0.45150000000000001,0,True,
benchmark,819,q2_all_users,0.4612,0,True,
benchmark,820,q2_all_users,0.48720000000000002,0,True,
benchmark,821,q2_all_users,0.52010000000000001,0,True,
benchmark,822,q2_all_users,0.49370000000000003,0,True,
benchmark,823,q2_all_users,0.43109999999999998,0,True,
benchmark,824,q2_all_users,0.47870000000000001,0,True,
benchmark,825,q2_all_users,0.45269999999999999,0,True,
benchmark,826,q2_all_users,0.41510000000000002,0,True,
benchmark,827,q2_all_users,0.50849999999999995,0,True,
benchmark,828,q2_all_users,0.46060000000000001,0,True,
benchmark,829,q2_all_users,0.43669999999999998,0,True,
benchmark,830,q2_all_users,0.4299,0,True,
benchmark,831,q2_all_users,0.88749999999999996,0,True,
benchmark,832,q2_all_users,0.5877,0,True,
benchmark,833,q2_all_users,0.58099999999999996,0,True,
benchmark,834,q2_all_users,0.4667,0,True,
benchmark,835,q2_all_users,0.4556,0,True,
benchmark,836,q2_all_users,0.5625,0,True,
benchmark,837,q2_all_users,0.47999999999999998,0,True,
benchmark,838,q2_all_users,0.4037,0,True,
benchmark,839,q2_all_users,0.45140000000000002,0,True,
benchmark,840,q2_all_users,0.39419999999999999,0,True,
benchmark,841,q2_all_users,0.45029999999999998,0,True,
benchmark,842,q2_all_users,0.35880000000000001,0,True,
benchmark,843,q2_all_users,0.36399999999999999,0,True,
benchmark,844,q2_all_users,0.40479999999999999,0,True,
benchmark,845,q2_all_users,0.41560000000000002,0,True,
benchmark,846,q2_all_users,0.38800000000000001,0,True,
benchmark,847,q2_all_users,0.37159999999999999,0,True,
benchmark,848,q2_all_users,0.40500000000000003,0,True,
benchmark,849,q2_all_users,0.40899999999999997,0,True,
benchmark,850,q2_all_users,0.42899999999999999,0,True,
benchmark,851,q2_all_users,0.43020000000000003,0,True,
benchmark,852,q2_all_users,0.3649,0,True,
benchmark,853,q2_all_users,0.40139999999999998,0,True,
benchmark,854,q2_all_users,0.37819999999999998,0,True,
benchmark,855,q2_all_users,0.3407,0,True,
benchmark,856,q2_all_users,0.32969999999999999,0,True,
benchmark,857,q2_all_users,0.37219999999999998,0,True,
benchmark,858,q2_all_users,0.37509999999999999,0,True,
benchmark,859,q2_all_users,0.35320000000000001,0,True,
benchmark,860,q2_all_users,0.31359999999999999,0,True,
benchmark,861,q2_all_users,0.3392,0,True,
benchmark,862,q2_all_users,0.35639999999999999,0,True,
benchmark,863,q2_all_users,0.35249999999999998,0,True,
benchmark,864,q2_all_users,0.36420000000000002,0,True,
benchmark,865,q2_all_users,0.3639,0,True,
benchmark,866,q2_all_users,0.36059999999999998,0,True,
benchmark,867,q2_all_users,0.4108,0,True,
benchmark,868,q2_all_users,0.34899999999999998,0,True,
benchmark,869,q2_all_users,0.317,0,True,
benchmark,870,q2_all_users,0.37030000000000002,0,True,
benchmark,871,q2_all_users,0.34470000000000001,0,True,
benchmark,872,q2_all_users,0.29360000000000003,0,True,
benchmark,873,q2_all_users,0.30199999999999999,0,True,
benchmark,874,q2_all_users,0.32819999999999999,0,True,
benchmark,875,q2_all_users,0.28910000000000002,0,True,
benchmark,876,q2_all_users,0.373,0,True,
benchmark,877,q2_all_users,0.32300000000000001,0,True,
benchmark,878,q2_all_users,0.32669999999999999,0,True,
benchmark,879,q2_all_users,0.32669999999999999,0,True,
benchmark,880,q2_all_users,0.32869999999999999,0,True,
benchmark,881,q2_all_users,0.30530000000000002,0,True,
benchmark,882,q2_all_users,0.33689999999999998,0,True,
benchmark,883,q2_all_users,0.32469999999999999,0,True,
benchmark,884,q2_all_users,0.31140000000000001,0,True,
benchmark,885,q2_all_users,0.32390000000000002,0,True,
benchmark,886,q2_all_users,0.37680000000000002,0,True,
benchmark,887,q2_all_users,0.43169999999999997,0,True,
benchmark,888,q2_all_users,0.3145,0,True,
benchmark,889,q2_all_users,0.34799999999999998,0,True,
benchmark,890,q2_all_users,0.31319999999999998,0,True,
benchmark,891,q2_all_users,0.37940000000000002,0,True,
benchmark,892,q2_all_users,0.29430000000000001,0,True,
benchmark,893,q2_all_users,0.30220000000000002,0,True,
benchmark,894,q2_all_users,0.33150000000000002,0,True,
benchmark,895,q2_all_users,0.33629999999999999,0,True,
benchmark,896,q2_all_users,0.46189999999999998,0,True,
benchmark,897,q2_all_users,0.35099999999999998,0,True,
benchmark,898,q2_all_users,0.32690000000000002,0,True,
benchmark,899,q2_all_users,0.30769999999999997,0,True,
benchmark,900,q2_all_users,0.32069999999999999,0,True,
benchmark,901,q2_all_users,9.2748000000000008,0,True,
benchmark,902,q2_all_users,19.368600000000001,0,True,
benchmark,903,q2_all_users,8.3367000000000004,0,True,
benchmark,904,q2_all_users,0.8619,0,True,
benchmark,905,q2_all_users,0.3745,0,True,
benchmark,906,q2_all_users,0.31759999999999999,0,True,
benchmark,907,q2_all_users,0.27329999999999999,0,True,
benchmark,908,q2_all_users,0.27860000000000001,0,True,
benchmark,909,q2_all_users,0.27750000000000002,0,True,
benchmark,910,q2_all_users,0.2964,0,True,
benchmark,911,q2_all_users,0.26790000000000003,0,True,
benchmark,912,q2_all_users,0.25,0,True,
benchmark,913,q2_all_users,0.26190000000000002,0,True,
benchmark,914,q2_all_users,0.2364,0,True,
benchmark,915,q2_all_users,0.2384,0,True,
benchmark,916,q2_all_users,0.23419999999999999,0,True,
benchmark,917,q2_all_users,0.25690000000000002,0,True,
benchmark,918,q2_all_users,0.27739999999999998,0,True,
benchmark,919,q2_all_users,0.2394,0,True,
benchmark,920,q2_all_users,0.25800000000000001,0,True,
benchmark,921,q2_all_users,0.2681,0,True,
benchmark,922,q2_all_users,0.23630000000000001,0,True,
benchmark,923,q2_all_users,1.1756,0,True,
benchmark,924,q2_all_users,3.7665000000000002,0,True,
benchmark,925,q2_all_users,2.1431,0,True,
benchmark,926,q2_all_users,0.30409999999999998,0,True,
benchmark,927,q2_all_users,0.38569999999999999,0,True,
benchmark,928,q2_all_users,0.38800000000000001,0,True,
benchmark,929,q2_all_users,0.36670000000000003,0,True,
benchmark,930,q2_all_users,0.39479999999999998,0,True,
benchmark,931,q2_all_users,0.32669999999999999,0,True,
benchmark,932,q2_all_users,0.22389999999999999,0,True,
benchmark,933,q2_all_users,0.2697,0,True,
benchmark,934,q2_all_users,0.3735,0,True,
benchmark,935,q2_all_users,0.318,0,True,
benchmark,936,q2_all_users,0.33250000000000002,0,True,
benchmark,937,q2_all_users,0.38440000000000002,0,True,
benchmark,938,q2_all_users,0.39589999999999997,0,True,
benchmark,939,q2_all_users,0.35270000000000001,0,True,
benchmark,940,q2_all_users,0.37,0,True,
benchmark,941,q2_all_users,0.37990000000000002,0,True,
benchmark,942,q2_all_users,0.35349999999999998,0,True,
benchmark,943,q2_all_users,0.36609999999999998,0,True,
benchmark,944,q2_all_users,0.32640000000000002,0,True,
benchmark,945,q2_all_users,0.23730000000000001,0,True,
benchmark,946,q2_all_users,0.34050000000000002,0,True,
benchmark,947,q2_all_users,0.37909999999999999,0,True,
benchmark,948,q2_all_users,0.36459999999999998,0,True,
benchmark,949,q2_all_users,0.3705,0,True,
benchmark,950,q2_all_users,0.3841,0,True,
benchmark,951,q2_all_users,0.35120000000000001,0,True,
benchmark,952,q2_all_users,0.35630000000000001,0,True,
benchmark,953,q2_all_users,0.28510000000000002,0,True,
benchmark,954,q2_all_users,0.27489999999999998,0,True,
benchmark,955,q2_all_users,0.23599999999999999,0,True,
benchmark,956,q2_all_users,0.27460000000000001,0,True,
benchmark,957,q2_all_users,0.36799999999999999,0,True,
benchmark,958,q2_all_users,0.3422,0,True,
benchmark,959,q2_all_users,0.34449999999999997,0,True,
benchmark,960,q2_all_users,0.32190000000000002,0,True,
benchmark,961,q2_all_users,0.31859999999999999,0,True,
benchmark,962,q2_all_users,0.31769999999999998,0,True,
benchmark,963,q2_all_users,0.33160000000000001,0,True,
benchmark,964,q2_all_users,0.33679999999999999,0,True,
benchmark,965,q2_all_users,0.3548,0,True,
benchmark,966,q2_all_users,0.3231,0,True,
benchmark,967,q2_all_users,0.3407,0,True,
benchmark,968,q2_all_users,0.35210000000000002,0,True,
benchmark,969,q2_all_users,0.31669999999999998,0,True,
benchmark,970,q2_all_users,0.34310000000000002,0,True,
benchmark,971,q2_all_users,0.33410000000000001,0,True,
benchmark,972,q2_all_users,0.3105,0,True,
benchmark,973,q2_all_users,0.32319999999999999,0,True,
benchmark,974,q2_all_users,0.3372,0,True,
benchmark,975,q2_all_users,0.29470000000000002,0,True,
benchmark,976,q2_all_users,0.30420000000000003,0,True,
benchmark,977,q2_all_users,0.27510000000000001,0,True,
benchmark,978,q2_all_users,0.28810000000000002,0,True,
benchmark,979,q2_all_users,0.27679999999999999,0,True,
benchmark,980,q2_all_users,0.30769999999999997,0,True,
benchmark,981,q2_all_users,0.3145,0,True,
benchmark,982,q2_all_users,0.30590000000000001,0,True,
benchmark,983,q2_all_users,0.29409999999999997,0,True,
benchmark,984,q2_all_users,0.34429999999999999,0,True,
benchmark,985,q2_all_users,0.30320000000000003,0,True,
benchmark,986,q2_all_users,0.29770000000000002,0,True,
benchmark,987,q2_all_users,0.28349999999999997,0,True,
benchmark,988,q2_all_users,0.29670000000000002,0,True,
benchmark,989,q2_all_users,0.30530000000000002,0,True,
benchmark,990,q2_all_users,0.30570000000000003,0,True,
benchmark,991,q2_all_users,0.27839999999999998,0,True,
benchmark,992,q2_all_users,0.31580000000000003,0,True,
benchmark,993,q2_all_users,0.28520000000000001,0,True,
benchmark,994,q2_all_users,0.3705,0,True,
benchmark,995,q2_all_users,0.30030000000000001,0,True,
benchmark,996,q2_all_users,0.36380000000000001,0,True,
benchmark,997,q2_all_users,0.3851,0,True,
benchmark,998,q2_all_users,0.28299999999999997,0,True,
benchmark,999,q2_all_users,0.36209999999999998,0,True,
benchmark,1000,q2_all_users,0.31919999999999998,0,True,
benchmark,1,q3_user_by_login,1.4662999999999999,0,True,
benchmark,2,q3_user_by_login,1.0251999999999999,0,True,
benchmark,3,q3_user_by_login,1.0846,0,True,
benchmark,4,q3_user_by_login,1.3025,0,True,
benchmark,5,q3_user_by_login,1.2497,0,True,
benchmark,6,q3_user_by_login,1.1678999999999999,0,True,
benchmark,7,q3_user_by_login,1.1744000000000001,0,True,
benchmark,8,q3_user_by_login,1.1071,0,True,
benchmark,9,q3_user_by_login,1.1765000000000001,0,True,
benchmark,10,q3_user_by_login,0.96830000000000005,0,True,
benchmark,11,q3_user_by_login,1.1785000000000001,0,True,
benchmark,12,q3_user_by_login,1.1606000000000001,0,True,
benchmark,13,q3_user_by_login,1.0857000000000001,0,True,
benchmark,14,q3_user_by_login,1.0219,0,True,
benchmark,15,q3_user_by_login,0.98040000000000005,0,True,
benchmark,16,q3_user_by_login,1.0034000000000001,0,True,
benchmark,17,q3_user_by_login,1.0264,0,True,
benchmark,18,q3_user_by_login,1.0601,0,True,
benchmark,19,q3_user_by_login,0.91320000000000001,0,True,
benchmark,20,q3_user_by_login,0.87509999999999999,0,True,
benchmark,21,q3_user_by_login,0.9607,0,True,
benchmark,22,q3_user_by_login,1.7639,0,True,
benchmark,23,q3_user_by_login,0.87450000000000006,0,True,
benchmark,24,q3_user_by_login,1.0862000000000001,0,True,
benchmark,25,q3_user_by_login,0.85170000000000001,0,True,
benchmark,26,q3_user_by_login,0.73009999999999997,0,True,
benchmark,27,q3_user_by_login,0.87150000000000005,0,True,
benchmark,28,q3_user_by_login,0.8589,0,True,
benchmark,29,q3_user_by_login,0.73519999999999996,0,True,
benchmark,30,q3_user_by_login,0.74550000000000005,0,True,
benchmark,31,q3_user_by_login,0.80369999999999997,0,True,
benchmark,32,q3_user_by_login,0.78269999999999995,0,True,
benchmark,33,q3_user_by_login,0.87549999999999994,0,True,
benchmark,34,q3_user_by_login,0.77010000000000001,0,True,
benchmark,35,q3_user_by_login,0.8014,0,True,
benchmark,36,q3_user_by_login,0.71819999999999995,0,True,
benchmark,37,q3_user_by_login,0.69450000000000001,0,True,
benchmark,38,q3_user_by_login,0.71489999999999998,0,True,
benchmark,39,q3_user_by_login,0.75,0,True,
benchmark,40,q3_user_by_login,0.68559999999999999,0,True,
benchmark,41,q3_user_by_login,0.68720000000000003,0,True,
benchmark,42,q3_user_by_login,0.69720000000000004,0,True,
benchmark,43,q3_user_by_login,0.71940000000000004,0,True,
benchmark,44,q3_user_by_login,0.66420000000000001,0,True,
benchmark,45,q3_user_by_login,0.65790000000000004,0,True,
benchmark,46,q3_user_by_login,0.6028,0,True,
benchmark,47,q3_user_by_login,0.65649999999999997,0,True,
benchmark,48,q3_user_by_login,0.80940000000000001,0,True,
benchmark,49,q3_user_by_login,0.60099999999999998,0,True,
benchmark,50,q3_user_by_login,0.6613,0,True,
benchmark,51,q3_user_by_login,0.74129999999999996,0,True,
benchmark,52,q3_user_by_login,0.6532,0,True,
benchmark,53,q3_user_by_login,0.93740000000000001,0,True,
benchmark,54,q3_user_by_login,0.79500000000000004,0,True,
benchmark,55,q3_user_by_login,0.75739999999999996,0,True,
benchmark,56,q3_user_by_login,0.74970000000000003,0,True,
benchmark,57,q3_user_by_login,0.60680000000000001,0,True,
benchmark,58,q3_user_by_login,0.57809999999999995,0,True,
benchmark,59,q3_user_by_login,0.53369999999999995,0,True,
benchmark,60,q3_user_by_login,0.57999999999999996,0,True,
benchmark,61,q3_user_by_login,0.59550000000000003,0,True,
benchmark,62,q3_user_by_login,0.55759999999999998,0,True,
benchmark,63,q3_user_by_login,0.53700000000000003,0,True,
benchmark,64,q3_user_by_login,0.53110000000000002,0,True,
benchmark,65,q3_user_by_login,0.52780000000000005,0,True,
benchmark,66,q3_user_by_login,0.49659999999999999,0,True,
benchmark,67,q3_user_by_login,0.55530000000000002,0,True,
benchmark,68,q3_user_by_login,0.50239999999999996,0,True,
benchmark,69,q3_user_by_login,0.57420000000000004,0,True,
benchmark,70,q3_user_by_login,0.55869999999999997,0,True,
benchmark,71,q3_user_by_login,0.56969999999999998,0,True,
benchmark,72,q3_user_by_login,0.53869999999999996,0,True,
benchmark,73,q3_user_by_login,0.51800000000000002,0,True,
benchmark,74,q3_user_by_login,3.8237999999999999,0,True,
benchmark,75,q3_user_by_login,0.64859999999999995,0,True,
benchmark,76,q3_user_by_login,0.65569999999999995,0,True,
benchmark,77,q3_user_by_login,0.60119999999999996,0,True,
benchmark,78,q3_user_by_login,0.5121,0,True,
benchmark,79,q3_user_by_login,1.6648000000000001,0,True,
benchmark,80,q3_user_by_login,0.49180000000000001,0,True,
benchmark,81,q3_user_by_login,0.48549999999999999,0,True,
benchmark,82,q3_user_by_login,0.48570000000000002,0,True,
benchmark,83,q3_user_by_login,0.52200000000000002,0,True,
benchmark,84,q3_user_by_login,0.53510000000000002,0,True,
benchmark,85,q3_user_by_login,0.53459999999999996,0,True,
benchmark,86,q3_user_by_login,0.51300000000000001,0,True,
benchmark,87,q3_user_by_login,0.5212,0,True,
benchmark,88,q3_user_by_login,0.4869,0,True,
benchmark,89,q3_user_by_login,0.55669999999999997,0,True,
benchmark,90,q3_user_by_login,0.52300000000000002,0,True,
benchmark,91,q3_user_by_login,0.54900000000000004,0,True,
benchmark,92,q3_user_by_login,0.49209999999999998,0,True,
benchmark,93,q3_user_by_login,0.51749999999999996,0,True,
benchmark,94,q3_user_by_login,0.51800000000000002,0,True,
benchmark,95,q3_user_by_login,0.51419999999999999,0,True,
benchmark,96,q3_user_by_login,0.50109999999999999,0,True,
benchmark,97,q3_user_by_login,0.51690000000000003,0,True,
benchmark,98,q3_user_by_login,0.51500000000000001,0,True,
benchmark,99,q3_user_by_login,0.53969999999999996,0,True,
benchmark,100,q3_user_by_login,0.54949999999999999,0,True,
benchmark,101,q3_user_by_login,3.5215999999999998,0,True,
benchmark,102,q3_user_by_login,1.5038,0,True,
benchmark,103,q3_user_by_login,1.2237,0,True,
benchmark,104,q3_user_by_login,1.1721999999999999,0,True,
benchmark,105,q3_user_by_login,1.1511,0,True,
benchmark,106,q3_user_by_login,1.1123000000000001,0,True,
benchmark,107,q3_user_by_login,1.2081999999999999,0,True,
benchmark,108,q3_user_by_login,0.9798,0,True,
benchmark,109,q3_user_by_login,0.99099999999999999,0,True,
benchmark,110,q3_user_by_login,1.0186999999999999,0,True,
benchmark,111,q3_user_by_login,0.9798,0,True,
benchmark,112,q3_user_by_login,1.0334000000000001,0,True,
benchmark,113,q3_user_by_login,1.0209999999999999,0,True,
benchmark,114,q3_user_by_login,1.1928000000000001,0,True,
benchmark,115,q3_user_by_login,1.0374000000000001,0,True,
benchmark,116,q3_user_by_login,2.0794000000000001,0,True,
benchmark,117,q3_user_by_login,0.88890000000000002,0,True,
benchmark,118,q3_user_by_login,0.86360000000000003,0,True,
benchmark,119,q3_user_by_login,0.92989999999999995,0,True,
benchmark,120,q3_user_by_login,0.92220000000000002,0,True,
benchmark,121,q3_user_by_login,0.9274,0,True,
benchmark,122,q3_user_by_login,1.1400999999999999,0,True,
benchmark,123,q3_user_by_login,1.5504,0,True,
benchmark,124,q3_user_by_login,0.90749999999999997,0,True,
benchmark,125,q3_user_by_login,0.96299999999999997,0,True,
benchmark,126,q3_user_by_login,1.1241000000000001,0,True,
benchmark,127,q3_user_by_login,0.90649999999999997,0,True,
benchmark,128,q3_user_by_login,0.89329999999999998,0,True,
benchmark,129,q3_user_by_login,0.94869999999999999,0,True,
benchmark,130,q3_user_by_login,1.1065,0,True,
benchmark,131,q3_user_by_login,0.91669999999999996,0,True,
benchmark,132,q3_user_by_login,0.83309999999999995,0,True,
benchmark,133,q3_user_by_login,0.83750000000000002,0,True,
benchmark,134,q3_user_by_login,1.4605999999999999,0,True,
benchmark,135,q3_user_by_login,0.72160000000000002,0,True,
benchmark,136,q3_user_by_login,0.73750000000000004,0,True,
benchmark,137,q3_user_by_login,0.71150000000000002,0,True,
benchmark,138,q3_user_by_login,0.72219999999999995,0,True,
benchmark,139,q3_user_by_login,0.67549999999999999,0,True,
benchmark,140,q3_user_by_login,0.6573,0,True,
benchmark,141,q3_user_by_login,0.67220000000000002,0,True,
benchmark,142,q3_user_by_login,0.60699999999999998,0,True,
benchmark,143,q3_user_by_login,0.59860000000000002,0,True,
benchmark,144,q3_user_by_login,0.65029999999999999,0,True,
benchmark,145,q3_user_by_login,0.65280000000000005,0,True,
benchmark,146,q3_user_by_login,0.7157,0,True,
benchmark,147,q3_user_by_login,0.67349999999999999,0,True,
benchmark,148,q3_user_by_login,0.67090000000000005,0,True,
benchmark,149,q3_user_by_login,0.61750000000000005,0,True,
benchmark,150,q3_user_by_login,0.60719999999999996,0,True,
benchmark,151,q3_user_by_login,0.90369999999999995,0,True,
benchmark,152,q3_user_by_login,1.3274999999999999,0,True,
benchmark,153,q3_user_by_login,0.9173,0,True,
benchmark,154,q3_user_by_login,0.74470000000000003,0,True,
benchmark,155,q3_user_by_login,0.65290000000000004,0,True,
benchmark,156,q3_user_by_login,0.63049999999999995,0,True,
benchmark,157,q3_user_by_login,0.55659999999999998,0,True,
benchmark,158,q3_user_by_login,0.59030000000000005,0,True,
benchmark,159,q3_user_by_login,0.53259999999999996,0,True,
benchmark,160,q3_user_by_login,0.54769999999999996,0,True,
benchmark,161,q3_user_by_login,0.58250000000000002,0,True,
benchmark,162,q3_user_by_login,0.57350000000000001,0,True,
benchmark,163,q3_user_by_login,0.62429999999999997,0,True,
benchmark,164,q3_user_by_login,0.58089999999999997,0,True,
benchmark,165,q3_user_by_login,0.55679999999999996,0,True,
benchmark,166,q3_user_by_login,0.52959999999999996,0,True,
benchmark,167,q3_user_by_login,0.57920000000000005,0,True,
benchmark,168,q3_user_by_login,0.6694,0,True,
benchmark,169,q3_user_by_login,0.5736,0,True,
benchmark,170,q3_user_by_login,0.56810000000000005,0,True,
benchmark,171,q3_user_by_login,0.53110000000000002,0,True,
benchmark,172,q3_user_by_login,0.51749999999999996,0,True,
benchmark,173,q3_user_by_login,0.48330000000000001,0,True,
benchmark,174,q3_user_by_login,0.50970000000000004,0,True,
benchmark,175,q3_user_by_login,0.54930000000000001,0,True,
benchmark,176,q3_user_by_login,0.5403,0,True,
benchmark,177,q3_user_by_login,0.55369999999999997,0,True,
benchmark,178,q3_user_by_login,0.5393,0,True,
benchmark,179,q3_user_by_login,0.54990000000000006,0,True,
benchmark,180,q3_user_by_login,0.55069999999999997,0,True,
benchmark,181,q3_user_by_login,0.52429999999999999,0,True,
benchmark,182,q3_user_by_login,0.57099999999999995,0,True,
benchmark,183,q3_user_by_login,0.51129999999999998,0,True,
benchmark,184,q3_user_by_login,0.51880000000000004,0,True,
benchmark,185,q3_user_by_login,0.52900000000000003,0,True,
benchmark,186,q3_user_by_login,1.6644000000000001,0,True,
benchmark,187,q3_user_by_login,0.64529999999999998,0,True,
benchmark,188,q3_user_by_login,0.58120000000000005,0,True,
benchmark,189,q3_user_by_login,0.50849999999999995,0,True,
benchmark,190,q3_user_by_login,0.4955,0,True,
benchmark,191,q3_user_by_login,0.48899999999999999,0,True,
benchmark,192,q3_user_by_login,0.53249999999999997,0,True,
benchmark,193,q3_user_by_login,0.59450000000000003,0,True,
benchmark,194,q3_user_by_login,0.51649999999999996,0,True,
benchmark,195,q3_user_by_login,0.50519999999999998,0,True,
benchmark,196,q3_user_by_login,0.50180000000000002,0,True,
benchmark,197,q3_user_by_login,0.49519999999999997,0,True,
benchmark,198,q3_user_by_login,0.49469999999999997,0,True,
benchmark,199,q3_user_by_login,0.46379999999999999,0,True,
benchmark,200,q3_user_by_login,0.47220000000000001,0,True,
benchmark,201,q3_user_by_login,3.2963,0,True,
benchmark,202,q3_user_by_login,1.4970000000000001,0,True,
benchmark,203,q3_user_by_login,1.1254999999999999,0,True,
benchmark,204,q3_user_by_login,1.3833,0,True,
benchmark,205,q3_user_by_login,0.92759999999999998,0,True,
benchmark,206,q3_user_by_login,0.82240000000000002,0,True,
benchmark,207,q3_user_by_login,1.0353000000000001,0,True,
benchmark,208,q3_user_by_login,1.1616,0,True,
benchmark,209,q3_user_by_login,1.0464,0,True,
benchmark,210,q3_user_by_login,0.95669999999999999,0,True,
benchmark,211,q3_user_by_login,1.284,0,True,
benchmark,212,q3_user_by_login,1.3692,0,True,
benchmark,213,q3_user_by_login,1.3987000000000001,0,True,
benchmark,214,q3_user_by_login,1.6233,0,True,
benchmark,215,q3_user_by_login,1.0869,0,True,
benchmark,216,q3_user_by_login,1.0780000000000001,0,True,
benchmark,217,q3_user_by_login,1.1065,0,True,
benchmark,218,q3_user_by_login,1.0529999999999999,0,True,
benchmark,219,q3_user_by_login,0.97519999999999996,0,True,
benchmark,220,q3_user_by_login,1.0527,0,True,
benchmark,221,q3_user_by_login,0.88790000000000002,0,True,
benchmark,222,q3_user_by_login,0.92259999999999998,0,True,
benchmark,223,q3_user_by_login,0.85019999999999996,0,True,
benchmark,224,q3_user_by_login,1.0537000000000001,0,True,
benchmark,225,q3_user_by_login,0.98219999999999996,0,True,
benchmark,226,q3_user_by_login,0.86939999999999995,0,True,
benchmark,227,q3_user_by_login,0.85729999999999995,0,True,
benchmark,228,q3_user_by_login,0.77339999999999998,0,True,
benchmark,229,q3_user_by_login,0.80100000000000005,0,True,
benchmark,230,q3_user_by_login,0.80249999999999999,0,True,
benchmark,231,q3_user_by_login,0.80459999999999998,0,True,
benchmark,232,q3_user_by_login,0.78080000000000005,0,True,
benchmark,233,q3_user_by_login,0.78969999999999996,0,True,
benchmark,234,q3_user_by_login,0.80600000000000005,0,True,
benchmark,235,q3_user_by_login,0.73750000000000004,0,True,
benchmark,236,q3_user_by_login,0.89070000000000005,0,True,
benchmark,237,q3_user_by_login,0.72970000000000002,0,True,
benchmark,238,q3_user_by_login,0.71519999999999995,0,True,
benchmark,239,q3_user_by_login,0.73580000000000001,0,True,
benchmark,240,q3_user_by_login,0.71250000000000002,0,True,
benchmark,241,q3_user_by_login,0.76480000000000004,0,True,
benchmark,242,q3_user_by_login,0.84519999999999995,0,True,
benchmark,243,q3_user_by_login,0.78769999999999996,0,True,
benchmark,244,q3_user_by_login,0.70150000000000001,0,True,
benchmark,245,q3_user_by_login,0.66520000000000001,0,True,
benchmark,246,q3_user_by_login,0.77780000000000005,0,True,
benchmark,247,q3_user_by_login,0.73640000000000005,0,True,
benchmark,248,q3_user_by_login,0.67789999999999995,0,True,
benchmark,249,q3_user_by_login,0.65869999999999995,0,True,
benchmark,250,q3_user_by_login,0.65620000000000001,0,True,
benchmark,251,q3_user_by_login,0.70299999999999996,0,True,
benchmark,252,q3_user_by_login,0.71630000000000005,0,True,
benchmark,253,q3_user_by_login,0.63980000000000004,0,True,
benchmark,254,q3_user_by_login,0.64900000000000002,0,True,
benchmark,255,q3_user_by_login,0.63539999999999996,0,True,
benchmark,256,q3_user_by_login,0.61950000000000005,0,True,
benchmark,257,q3_user_by_login,0.51880000000000004,0,True,
benchmark,258,q3_user_by_login,0.57569999999999999,0,True,
benchmark,259,q3_user_by_login,0.59860000000000002,0,True,
benchmark,260,q3_user_by_login,1.6196999999999999,0,True,
benchmark,261,q3_user_by_login,0.60170000000000001,0,True,
benchmark,262,q3_user_by_login,0.56759999999999999,0,True,
benchmark,263,q3_user_by_login,0.5282,0,True,
benchmark,264,q3_user_by_login,0.59119999999999995,0,True,
benchmark,265,q3_user_by_login,0.52929999999999999,0,True,
benchmark,266,q3_user_by_login,0.64510000000000001,0,True,
benchmark,267,q3_user_by_login,0.65410000000000001,0,True,
benchmark,268,q3_user_by_login,0.71530000000000005,0,True,
benchmark,269,q3_user_by_login,0.72829999999999995,0,True,
benchmark,270,q3_user_by_login,0.56320000000000003,0,True,
benchmark,271,q3_user_by_login,0.53000000000000003,0,True,
benchmark,272,q3_user_by_login,0.55800000000000005,0,True,
benchmark,273,q3_user_by_login,0.53539999999999999,0,True,
benchmark,274,q3_user_by_login,0.53459999999999996,0,True,
benchmark,275,q3_user_by_login,0.61370000000000002,0,True,
benchmark,276,q3_user_by_login,0.53520000000000001,0,True,
benchmark,277,q3_user_by_login,0.5232,0,True,
benchmark,278,q3_user_by_login,0.56699999999999995,0,True,
benchmark,279,q3_user_by_login,0.55869999999999997,0,True,
benchmark,280,q3_user_by_login,0.52200000000000002,0,True,
benchmark,281,q3_user_by_login,0.50109999999999999,0,True,
benchmark,282,q3_user_by_login,0.52449999999999997,0,True,
benchmark,283,q3_user_by_login,0.48559999999999998,0,True,
benchmark,284,q3_user_by_login,0.49049999999999999,0,True,
benchmark,285,q3_user_by_login,0.54300000000000004,0,True,
benchmark,286,q3_user_by_login,0.48110000000000003,0,True,
benchmark,287,q3_user_by_login,0.50439999999999996,0,True,
benchmark,288,q3_user_by_login,0.57550000000000001,0,True,
benchmark,289,q3_user_by_login,0.5232,0,True,
benchmark,290,q3_user_by_login,0.56410000000000005,0,True,
benchmark,291,q3_user_by_login,0.55249999999999999,0,True,
benchmark,292,q3_user_by_login,0.52849999999999997,0,True,
benchmark,293,q3_user_by_login,0.5242,0,True,
benchmark,294,q3_user_by_login,0.46800000000000003,0,True,
benchmark,295,q3_user_by_login,0.4854,0,True,
benchmark,296,q3_user_by_login,0.47670000000000001,0,True,
benchmark,297,q3_user_by_login,0.51200000000000001,0,True,
benchmark,298,q3_user_by_login,0.53449999999999998,0,True,
benchmark,299,q3_user_by_login,0.5413,0,True,
benchmark,300,q3_user_by_login,0.47349999999999998,0,True,
benchmark,301,q3_user_by_login,3.0371999999999999,0,True,
benchmark,302,q3_user_by_login,1.4260999999999999,0,True,
benchmark,303,q3_user_by_login,1.3587,0,True,
benchmark,304,q3_user_by_login,1.1040000000000001,0,True,
benchmark,305,q3_user_by_login,1.7372000000000001,0,True,
benchmark,306,q3_user_by_login,1.1281000000000001,0,True,
benchmark,307,q3_user_by_login,1.1392,0,True,
benchmark,308,q3_user_by_login,0.94420000000000004,0,True,
benchmark,309,q3_user_by_login,1.2672000000000001,0,True,
benchmark,310,q3_user_by_login,1.6383000000000001,0,True,
benchmark,311,q3_user_by_login,1.6560999999999999,0,True,
benchmark,312,q3_user_by_login,1.2753000000000001,0,True,
benchmark,313,q3_user_by_login,1.9149,0,True,
benchmark,314,q3_user_by_login,1.0108999999999999,0,True,
benchmark,315,q3_user_by_login,1.0246999999999999,0,True,
benchmark,316,q3_user_by_login,1.1443000000000001,0,True,
benchmark,317,q3_user_by_login,1.7315,0,True,
benchmark,318,q3_user_by_login,1.1387,0,True,
benchmark,319,q3_user_by_login,1.2099,0,True,
benchmark,320,q3_user_by_login,0.84130000000000005,0,True,
benchmark,321,q3_user_by_login,0.96889999999999998,0,True,
benchmark,322,q3_user_by_login,1.0887,0,True,
benchmark,323,q3_user_by_login,1.6263000000000001,0,True,
benchmark,324,q3_user_by_login,0.95569999999999999,0,True,
benchmark,325,q3_user_by_login,1.4246000000000001,0,True,
benchmark,326,q3_user_by_login,0.96540000000000004,0,True,
benchmark,327,q3_user_by_login,0.92889999999999995,0,True,
benchmark,328,q3_user_by_login,0.95889999999999997,0,True,
benchmark,329,q3_user_by_login,0.81940000000000002,0,True,
benchmark,330,q3_user_by_login,0.74909999999999999,0,True,
benchmark,331,q3_user_by_login,0.71909999999999996,0,True,
benchmark,332,q3_user_by_login,0.78439999999999999,0,True,
benchmark,333,q3_user_by_login,0.72989999999999999,0,True,
benchmark,334,q3_user_by_login,0.70720000000000005,0,True,
benchmark,335,q3_user_by_login,0.71679999999999999,0,True,
benchmark,336,q3_user_by_login,0.71020000000000005,0,True,
benchmark,337,q3_user_by_login,0.70809999999999995,0,True,
benchmark,338,q3_user_by_login,0.99909999999999999,0,True,
benchmark,339,q3_user_by_login,0.74729999999999996,0,True,
benchmark,340,q3_user_by_login,0.78010000000000002,0,True,
benchmark,341,q3_user_by_login,0.70520000000000005,0,True,
benchmark,342,q3_user_by_login,0.75680000000000003,0,True,
benchmark,343,q3_user_by_login,0.77959999999999996,0,True,
benchmark,344,q3_user_by_login,0.71040000000000003,0,True,
benchmark,345,q3_user_by_login,0.623,0,True,
benchmark,346,q3_user_by_login,0.70540000000000003,0,True,
benchmark,347,q3_user_by_login,0.69869999999999999,0,True,
benchmark,348,q3_user_by_login,0.73299999999999998,0,True,
benchmark,349,q3_user_by_login,0.69089999999999996,0,True,
benchmark,350,q3_user_by_login,0.68420000000000003,0,True,
benchmark,351,q3_user_by_login,0.73080000000000001,0,True,
benchmark,352,q3_user_by_login,0.68369999999999997,0,True,
benchmark,353,q3_user_by_login,0.65329999999999999,0,True,
benchmark,354,q3_user_by_login,0.63049999999999995,0,True,
benchmark,355,q3_user_by_login,0.65300000000000002,0,True,
benchmark,356,q3_user_by_login,0.73009999999999997,0,True,
benchmark,357,q3_user_by_login,0.66449999999999998,0,True,
benchmark,358,q3_user_by_login,0.62490000000000001,0,True,
benchmark,359,q3_user_by_login,0.69820000000000004,0,True,
benchmark,360,q3_user_by_login,0.68559999999999999,0,True,
benchmark,361,q3_user_by_login,0.59440000000000004,0,True,
benchmark,362,q3_user_by_login,0.55700000000000005,0,True,
benchmark,363,q3_user_by_login,0.57969999999999999,0,True,
benchmark,364,q3_user_by_login,0.5645,0,True,
benchmark,365,q3_user_by_login,0.58840000000000003,0,True,
benchmark,366,q3_user_by_login,0.53369999999999995,0,True,
benchmark,367,q3_user_by_login,0.55530000000000002,0,True,
benchmark,368,q3_user_by_login,0.69189999999999996,0,True,
benchmark,369,q3_user_by_login,0.66979999999999995,0,True,
benchmark,370,q3_user_by_login,0.75090000000000001,0,True,
benchmark,371,q3_user_by_login,0.55310000000000004,0,True,
benchmark,372,q3_user_by_login,0.51300000000000001,0,True,
benchmark,373,q3_user_by_login,0.5827,0,True,
benchmark,374,q3_user_by_login,0.56989999999999996,0,True,
benchmark,375,q3_user_by_login,0.55220000000000002,0,True,
benchmark,376,q3_user_by_login,0.55420000000000003,0,True,
benchmark,377,q3_user_by_login,0.6028,0,True,
benchmark,378,q3_user_by_login,0.48380000000000001,0,True,
benchmark,379,q3_user_by_login,0.49340000000000001,0,True,
benchmark,380,q3_user_by_login,0.47470000000000001,0,True,
benchmark,381,q3_user_by_login,0.48680000000000001,0,True,
benchmark,382,q3_user_by_login,0.48859999999999998,0,True,
benchmark,383,q3_user_by_login,0.48149999999999998,0,True,
benchmark,384,q3_user_by_login,0.49220000000000003,0,True,
benchmark,385,q3_user_by_login,0.52590000000000003,0,True,
benchmark,386,q3_user_by_login,0.52300000000000002,0,True,
benchmark,387,q3_user_by_login,0.5444,0,True,
benchmark,388,q3_user_by_login,0.49819999999999998,0,True,
benchmark,389,q3_user_by_login,0.54520000000000002,0,True,
benchmark,390,q3_user_by_login,0.51190000000000002,0,True,
benchmark,391,q3_user_by_login,0.51759999999999995,0,True,
benchmark,392,q3_user_by_login,0.49880000000000002,0,True,
benchmark,393,q3_user_by_login,0.4768,0,True,
benchmark,394,q3_user_by_login,0.52059999999999995,0,True,
benchmark,395,q3_user_by_login,0.50529999999999997,0,True,
benchmark,396,q3_user_by_login,0.54500000000000004,0,True,
benchmark,397,q3_user_by_login,0.53669999999999995,0,True,
benchmark,398,q3_user_by_login,1.2276,0,True,
benchmark,399,q3_user_by_login,1.7090000000000001,0,True,
benchmark,400,q3_user_by_login,1.8171999999999999,0,True,
benchmark,401,q3_user_by_login,1.8812,0,True,
benchmark,402,q3_user_by_login,1.0773999999999999,0,True,
benchmark,403,q3_user_by_login,0.88939999999999997,0,True,
benchmark,404,q3_user_by_login,0.95299999999999996,0,True,
benchmark,405,q3_user_by_login,0.88739999999999997,0,True,
benchmark,406,q3_user_by_login,1.0303,0,True,
benchmark,407,q3_user_by_login,1.0065999999999999,0,True,
benchmark,408,q3_user_by_login,0.9415,0,True,
benchmark,409,q3_user_by_login,0.90129999999999999,0,True,
benchmark,410,q3_user_by_login,0.79779999999999995,0,True,
benchmark,411,q3_user_by_login,0.86219999999999997,0,True,
benchmark,412,q3_user_by_login,0.84540000000000004,0,True,
benchmark,413,q3_user_by_login,1.0342,0,True,
benchmark,414,q3_user_by_login,0.63070000000000004,0,True,
benchmark,415,q3_user_by_login,0.71899999999999997,0,True,
benchmark,416,q3_user_by_login,0.70569999999999999,0,True,
benchmark,417,q3_user_by_login,0.7651,0,True,
benchmark,418,q3_user_by_login,0.93979999999999997,0,True,
benchmark,419,q3_user_by_login,0.9466,0,True,
benchmark,420,q3_user_by_login,0.75439999999999996,0,True,
benchmark,421,q3_user_by_login,0.96220000000000006,0,True,
benchmark,422,q3_user_by_login,1.1628000000000001,0,True,
benchmark,423,q3_user_by_login,1.3469,0,True,
benchmark,424,q3_user_by_login,0.87450000000000006,0,True,
benchmark,425,q3_user_by_login,0.68799999999999994,0,True,
benchmark,426,q3_user_by_login,0.66390000000000005,0,True,
benchmark,427,q3_user_by_login,0.57599999999999996,0,True,
benchmark,428,q3_user_by_login,0.70530000000000004,0,True,
benchmark,429,q3_user_by_login,0.59279999999999999,0,True,
benchmark,430,q3_user_by_login,0.4995,0,True,
benchmark,431,q3_user_by_login,0.58409999999999995,0,True,
benchmark,432,q3_user_by_login,0.49259999999999998,0,True,
benchmark,433,q3_user_by_login,0.4844,0,True,
benchmark,434,q3_user_by_login,0.48170000000000002,0,True,
benchmark,435,q3_user_by_login,0.4965,0,True,
benchmark,436,q3_user_by_login,0.53400000000000003,0,True,
benchmark,437,q3_user_by_login,0.52280000000000004,0,True,
benchmark,438,q3_user_by_login,0.5101,0,True,
benchmark,439,q3_user_by_login,0.56320000000000003,0,True,
benchmark,440,q3_user_by_login,0.51819999999999999,0,True,
benchmark,441,q3_user_by_login,0.48020000000000002,0,True,
benchmark,442,q3_user_by_login,0.56840000000000002,0,True,
benchmark,443,q3_user_by_login,0.55300000000000005,0,True,
benchmark,444,q3_user_by_login,0.50209999999999999,0,True,
benchmark,445,q3_user_by_login,0.45590000000000003,0,True,
benchmark,446,q3_user_by_login,0.45450000000000002,0,True,
benchmark,447,q3_user_by_login,0.47020000000000001,0,True,
benchmark,448,q3_user_by_login,0.499,0,True,
benchmark,449,q3_user_by_login,0.56359999999999999,0,True,
benchmark,450,q3_user_by_login,0.5202,0,True,
benchmark,451,q3_user_by_login,0.53359999999999996,0,True,
benchmark,452,q3_user_by_login,0.50739999999999996,0,True,
benchmark,453,q3_user_by_login,0.50949999999999995,0,True,
benchmark,454,q3_user_by_login,0.49769999999999998,0,True,
benchmark,455,q3_user_by_login,0.52929999999999999,0,True,
benchmark,456,q3_user_by_login,0.76349999999999996,0,True,
benchmark,457,q3_user_by_login,0.52729999999999999,0,True,
benchmark,458,q3_user_by_login,0.50139999999999996,0,True,
benchmark,459,q3_user_by_login,0.49299999999999999,0,True,
benchmark,460,q3_user_by_login,0.48409999999999997,0,True,
benchmark,461,q3_user_by_login,0.56220000000000003,0,True,
benchmark,462,q3_user_by_login,0.48299999999999998,0,True,
benchmark,463,q3_user_by_login,0.50319999999999998,0,True,
benchmark,464,q3_user_by_login,0.45550000000000002,0,True,
benchmark,465,q3_user_by_login,0.49230000000000002,0,True,
benchmark,466,q3_user_by_login,0.4672,0,True,
benchmark,467,q3_user_by_login,0.44469999999999998,0,True,
benchmark,468,q3_user_by_login,0.40949999999999998,0,True,
benchmark,469,q3_user_by_login,0.45700000000000002,0,True,
benchmark,470,q3_user_by_login,0.48089999999999999,0,True,
benchmark,471,q3_user_by_login,0.4496,0,True,
benchmark,472,q3_user_by_login,0.49880000000000002,0,True,
benchmark,473,q3_user_by_login,0.51770000000000005,0,True,
benchmark,474,q3_user_by_login,0.51349999999999996,0,True,
benchmark,475,q3_user_by_login,0.52900000000000003,0,True,
benchmark,476,q3_user_by_login,0.55600000000000005,0,True,
benchmark,477,q3_user_by_login,0.68940000000000001,0,True,
benchmark,478,q3_user_by_login,0.6522,0,True,
benchmark,479,q3_user_by_login,0.82130000000000003,0,True,
benchmark,480,q3_user_by_login,0.47239999999999999,0,True,
benchmark,481,q3_user_by_login,0.4798,0,True,
benchmark,482,q3_user_by_login,0.4763,0,True,
benchmark,483,q3_user_by_login,0.49530000000000002,0,True,
benchmark,484,q3_user_by_login,0.51670000000000005,0,True,
benchmark,485,q3_user_by_login,0.48999999999999999,0,True,
benchmark,486,q3_user_by_login,0.51549999999999996,0,True,
benchmark,487,q3_user_by_login,0.46970000000000001,0,True,
benchmark,488,q3_user_by_login,0.45650000000000002,0,True,
benchmark,489,q3_user_by_login,0.48999999999999999,0,True,
benchmark,490,q3_user_by_login,0.51319999999999999,0,True,
benchmark,491,q3_user_by_login,0.50219999999999998,0,True,
benchmark,492,q3_user_by_login,0.50970000000000004,0,True,
benchmark,493,q3_user_by_login,0.53669999999999995,0,True,
benchmark,494,q3_user_by_login,0.43619999999999998,0,True,
benchmark,495,q3_user_by_login,0.51919999999999999,0,True,
benchmark,496,q3_user_by_login,0.4612,0,True,
benchmark,497,q3_user_by_login,1.6212,0,True,
benchmark,498,q3_user_by_login,0.53859999999999997,0,True,
benchmark,499,q3_user_by_login,0.4834,0,True,
benchmark,500,q3_user_by_login,0.50390000000000001,0,True,
benchmark,501,q3_user_by_login,2.4750999999999999,0,True,
benchmark,502,q3_user_by_login,1.139,0,True,
benchmark,503,q3_user_by_login,0.99750000000000005,0,True,
benchmark,504,q3_user_by_login,0.90049999999999997,0,True,
benchmark,505,q3_user_by_login,1.0966,0,True,
benchmark,506,q3_user_by_login,1.0246999999999999,0,True,
benchmark,507,q3_user_by_login,0.98650000000000004,0,True,
benchmark,508,q3_user_by_login,0.98999999999999999,0,True,
benchmark,509,q3_user_by_login,0.96709999999999996,0,True,
benchmark,510,q3_user_by_login,0.9526,0,True,
benchmark,511,q3_user_by_login,1.5801000000000001,0,True,
benchmark,512,q3_user_by_login,1.2413000000000001,0,True,
benchmark,513,q3_user_by_login,1.4007000000000001,0,True,
benchmark,514,q3_user_by_login,1.048,0,True,
benchmark,515,q3_user_by_login,1.0628,0,True,
benchmark,516,q3_user_by_login,1.1806000000000001,0,True,
benchmark,517,q3_user_by_login,1.2498,0,True,
benchmark,518,q3_user_by_login,1.1952,0,True,
benchmark,519,q3_user_by_login,0.874,0,True,
benchmark,520,q3_user_by_login,0.85760000000000003,0,True,
benchmark,521,q3_user_by_login,0.84919999999999995,0,True,
benchmark,522,q3_user_by_login,0.84519999999999995,0,True,
benchmark,523,q3_user_by_login,0.91739999999999999,0,True,
benchmark,524,q3_user_by_login,0.86029999999999995,0,True,
benchmark,525,q3_user_by_login,0.85489999999999999,0,True,
benchmark,526,q3_user_by_login,0.82050000000000001,0,True,
benchmark,527,q3_user_by_login,0.96309999999999996,0,True,
benchmark,528,q3_user_by_login,0.84950000000000003,0,True,
benchmark,529,q3_user_by_login,0.75880000000000003,0,True,
benchmark,530,q3_user_by_login,0.75019999999999998,0,True,
benchmark,531,q3_user_by_login,0.67130000000000001,0,True,
benchmark,532,q3_user_by_login,0.67969999999999997,0,True,
benchmark,533,q3_user_by_login,0.73580000000000001,0,True,
benchmark,534,q3_user_by_login,0.74939999999999996,0,True,
benchmark,535,q3_user_by_login,0.80810000000000004,0,True,
benchmark,536,q3_user_by_login,0.7268,0,True,
benchmark,537,q3_user_by_login,0.73399999999999999,0,True,
benchmark,538,q3_user_by_login,0.75419999999999998,0,True,
benchmark,539,q3_user_by_login,0.77039999999999997,0,True,
benchmark,540,q3_user_by_login,0.71940000000000004,0,True,
benchmark,541,q3_user_by_login,0.64510000000000001,0,True,
benchmark,542,q3_user_by_login,0.66920000000000002,0,True,
benchmark,543,q3_user_by_login,0.68369999999999997,0,True,
benchmark,544,q3_user_by_login,0.64370000000000005,0,True,
benchmark,545,q3_user_by_login,0.64270000000000005,0,True,
benchmark,546,q3_user_by_login,0.73529999999999995,0,True,
benchmark,547,q3_user_by_login,0.74480000000000002,0,True,
benchmark,548,q3_user_by_login,0.69679999999999997,0,True,
benchmark,549,q3_user_by_login,0.69359999999999999,0,True,
benchmark,550,q3_user_by_login,0.6734,0,True,
benchmark,551,q3_user_by_login,0.67049999999999998,0,True,
benchmark,552,q3_user_by_login,0.625,0,True,
benchmark,553,q3_user_by_login,0.69730000000000003,0,True,
benchmark,554,q3_user_by_login,0.82289999999999996,0,True,
benchmark,555,q3_user_by_login,0.8417,0,True,
benchmark,556,q3_user_by_login,0.85270000000000001,0,True,
benchmark,557,q3_user_by_login,0.73150000000000004,0,True,
benchmark,558,q3_user_by_login,0.56989999999999996,0,True,
benchmark,559,q3_user_by_login,0.5827,0,True,
benchmark,560,q3_user_by_login,0.53879999999999995,0,True,
benchmark,561,q3_user_by_login,0.60089999999999999,0,True,
benchmark,562,q3_user_by_login,1.5844,0,True,
benchmark,563,q3_user_by_login,0.58479999999999999,0,True,
benchmark,564,q3_user_by_login,0.54049999999999998,0,True,
benchmark,565,q3_user_by_login,0.53739999999999999,0,True,
benchmark,566,q3_user_by_login,0.57969999999999999,0,True,
benchmark,567,q3_user_by_login,0.57589999999999997,0,True,
benchmark,568,q3_user_by_login,0.60199999999999998,0,True,
benchmark,569,q3_user_by_login,0.49299999999999999,0,True,
benchmark,570,q3_user_by_login,0.50819999999999999,0,True,
benchmark,571,q3_user_by_login,0.52429999999999999,0,True,
benchmark,572,q3_user_by_login,0.52790000000000004,0,True,
benchmark,573,q3_user_by_login,0.53939999999999999,0,True,
benchmark,574,q3_user_by_login,0.55879999999999996,0,True,
benchmark,575,q3_user_by_login,0.51910000000000001,0,True,
benchmark,576,q3_user_by_login,0.55169999999999997,0,True,
benchmark,577,q3_user_by_login,0.55049999999999999,0,True,
benchmark,578,q3_user_by_login,0.53269999999999995,0,True,
benchmark,579,q3_user_by_login,0.57769999999999999,0,True,
benchmark,580,q3_user_by_login,0.52410000000000001,0,True,
benchmark,581,q3_user_by_login,0.56200000000000006,0,True,
benchmark,582,q3_user_by_login,0.54779999999999995,0,True,
benchmark,583,q3_user_by_login,0.53120000000000001,0,True,
benchmark,584,q3_user_by_login,0.53490000000000004,0,True,
benchmark,585,q3_user_by_login,0.53039999999999998,0,True,
benchmark,586,q3_user_by_login,0.57599999999999996,0,True,
benchmark,587,q3_user_by_login,0.502,0,True,
benchmark,588,q3_user_by_login,0.503,0,True,
benchmark,589,q3_user_by_login,0.5202,0,True,
benchmark,590,q3_user_by_login,0.55900000000000005,0,True,
benchmark,591,q3_user_by_login,0.51070000000000004,0,True,
benchmark,592,q3_user_by_login,0.51729999999999998,0,True,
benchmark,593,q3_user_by_login,0.50680000000000003,0,True,
benchmark,594,q3_user_by_login,0.51259999999999994,0,True,
benchmark,595,q3_user_by_login,1.3299000000000001,0,True,
benchmark,596,q3_user_by_login,0.56430000000000002,0,True,
benchmark,597,q3_user_by_login,0.51329999999999998,0,True,
benchmark,598,q3_user_by_login,0.51370000000000005,0,True,
benchmark,599,q3_user_by_login,0.51370000000000005,0,True,
benchmark,600,q3_user_by_login,0.54349999999999998,0,True,
benchmark,601,q3_user_by_login,2.1951999999999998,0,True,
benchmark,602,q3_user_by_login,1.0530999999999999,0,True,
benchmark,603,q3_user_by_login,0.91600000000000004,0,True,
benchmark,604,q3_user_by_login,1.5262,0,True,
benchmark,605,q3_user_by_login,1.4538,0,True,
benchmark,606,q3_user_by_login,1.1004,0,True,
benchmark,607,q3_user_by_login,1.1581999999999999,0,True,
benchmark,608,q3_user_by_login,1.2316,0,True,
benchmark,609,q3_user_by_login,1.1075999999999999,0,True,
benchmark,610,q3_user_by_login,1.1029,0,True,
benchmark,611,q3_user_by_login,0.90400000000000003,0,True,
benchmark,612,q3_user_by_login,0.92849999999999999,0,True,
benchmark,613,q3_user_by_login,0.98070000000000002,0,True,
benchmark,614,q3_user_by_login,1.1795,0,True,
benchmark,615,q3_user_by_login,0.97470000000000001,0,True,
benchmark,616,q3_user_by_login,1.0185,0,True,
benchmark,617,q3_user_by_login,1.0813999999999999,0,True,
benchmark,618,q3_user_by_login,1.0059,0,True,
benchmark,619,q3_user_by_login,0.90680000000000005,0,True,
benchmark,620,q3_user_by_login,0.89910000000000001,0,True,
benchmark,621,q3_user_by_login,0.88,0,True,
benchmark,622,q3_user_by_login,0.92830000000000001,0,True,
benchmark,623,q3_user_by_login,0.91969999999999996,0,True,
benchmark,624,q3_user_by_login,0.87070000000000003,0,True,
benchmark,625,q3_user_by_login,0.89780000000000004,0,True,
benchmark,626,q3_user_by_login,0.85360000000000003,0,True,
benchmark,627,q3_user_by_login,0.79559999999999997,0,True,
benchmark,628,q3_user_by_login,0.66649999999999998,0,True,
benchmark,629,q3_user_by_login,0.72509999999999997,0,True,
benchmark,630,q3_user_by_login,0.83160000000000001,0,True,
benchmark,631,q3_user_by_login,0.8075,0,True,
benchmark,632,q3_user_by_login,0.80069999999999997,0,True,
benchmark,633,q3_user_by_login,0.70689999999999997,0,True,
benchmark,634,q3_user_by_login,0.70320000000000005,0,True,
benchmark,635,q3_user_by_login,0.69779999999999998,0,True,
benchmark,636,q3_user_by_login,0.72370000000000001,0,True,
benchmark,637,q3_user_by_login,0.7036,0,True,
benchmark,638,q3_user_by_login,0.79779999999999995,0,True,
benchmark,639,q3_user_by_login,0.66210000000000002,0,True,
benchmark,640,q3_user_by_login,0.66249999999999998,0,True,
benchmark,641,q3_user_by_login,0.66790000000000005,0,True,
benchmark,642,q3_user_by_login,1.5379,0,True,
benchmark,643,q3_user_by_login,0.78069999999999995,0,True,
benchmark,644,q3_user_by_login,0.78779999999999994,0,True,
benchmark,645,q3_user_by_login,0.74629999999999996,0,True,
benchmark,646,q3_user_by_login,0.69869999999999999,0,True,
benchmark,647,q3_user_by_login,0.70350000000000001,0,True,
benchmark,648,q3_user_by_login,0.75449999999999995,0,True,
benchmark,649,q3_user_by_login,0.75839999999999996,0,True,
benchmark,650,q3_user_by_login,0.69540000000000002,0,True,
benchmark,651,q3_user_by_login,0.68359999999999999,0,True,
benchmark,652,q3_user_by_login,0.71730000000000005,0,True,
benchmark,653,q3_user_by_login,0.71640000000000004,0,True,
benchmark,654,q3_user_by_login,0.67049999999999998,0,True,
benchmark,655,q3_user_by_login,0.66620000000000001,0,True,
benchmark,656,q3_user_by_login,0.69899999999999995,0,True,
benchmark,657,q3_user_by_login,0.73950000000000005,0,True,
benchmark,658,q3_user_by_login,0.59399999999999997,0,True,
benchmark,659,q3_user_by_login,0.63729999999999998,0,True,
benchmark,660,q3_user_by_login,0.622,0,True,
benchmark,661,q3_user_by_login,0.63749999999999996,0,True,
benchmark,662,q3_user_by_login,0.69279999999999997,0,True,
benchmark,663,q3_user_by_login,0.58909999999999996,0,True,
benchmark,664,q3_user_by_login,0.63190000000000002,0,True,
benchmark,665,q3_user_by_login,0.56769999999999998,0,True,
benchmark,666,q3_user_by_login,0.67330000000000001,0,True,
benchmark,667,q3_user_by_login,0.69689999999999996,0,True,
benchmark,668,q3_user_by_login,0.68679999999999997,0,True,
benchmark,669,q3_user_by_login,0.60460000000000003,0,True,
benchmark,670,q3_user_by_login,0.59550000000000003,0,True,
benchmark,671,q3_user_by_login,0.54179999999999995,0,True,
benchmark,672,q3_user_by_login,0.53990000000000005,0,True,
benchmark,673,q3_user_by_login,0.55259999999999998,0,True,
benchmark,674,q3_user_by_login,0.56469999999999998,0,True,
benchmark,675,q3_user_by_login,0.54249999999999998,0,True,
benchmark,676,q3_user_by_login,0.53649999999999998,0,True,
benchmark,677,q3_user_by_login,0.51959999999999995,0,True,
benchmark,678,q3_user_by_login,0.56340000000000001,0,True,
benchmark,679,q3_user_by_login,0.58289999999999997,0,True,
benchmark,680,q3_user_by_login,0.5494,0,True,
benchmark,681,q3_user_by_login,0.50780000000000003,0,True,
benchmark,682,q3_user_by_login,0.55049999999999999,0,True,
benchmark,683,q3_user_by_login,0.53139999999999998,0,True,
benchmark,684,q3_user_by_login,0.5292,0,True,
benchmark,685,q3_user_by_login,0.49130000000000001,0,True,
benchmark,686,q3_user_by_login,0.50529999999999997,0,True,
benchmark,687,q3_user_by_login,0.53600000000000003,0,True,
benchmark,688,q3_user_by_login,0.52290000000000003,0,True,
benchmark,689,q3_user_by_login,0.58819999999999995,0,True,
benchmark,690,q3_user_by_login,0.51729999999999998,0,True,
benchmark,691,q3_user_by_login,0.49280000000000002,0,True,
benchmark,692,q3_user_by_login,1.6053999999999999,0,True,
benchmark,693,q3_user_by_login,0.499,0,True,
benchmark,694,q3_user_by_login,0.47320000000000001,0,True,
benchmark,695,q3_user_by_login,0.47999999999999998,0,True,
benchmark,696,q3_user_by_login,0.51500000000000001,0,True,
benchmark,697,q3_user_by_login,0.49890000000000001,0,True,
benchmark,698,q3_user_by_login,0.52000000000000002,0,True,
benchmark,699,q3_user_by_login,0.49159999999999998,0,True,
benchmark,700,q3_user_by_login,0.50239999999999996,0,True,
benchmark,701,q3_user_by_login,2.1335000000000002,0,True,
benchmark,702,q3_user_by_login,1.1989000000000001,0,True,
benchmark,703,q3_user_by_login,1.1209,0,True,
benchmark,704,q3_user_by_login,1.0575000000000001,0,True,
benchmark,705,q3_user_by_login,0.97999999999999998,0,True,
benchmark,706,q3_user_by_login,0.94920000000000004,0,True,
benchmark,707,q3_user_by_login,0.91910000000000003,0,True,
benchmark,708,q3_user_by_login,0.91649999999999998,0,True,
benchmark,709,q3_user_by_login,0.87150000000000005,0,True,
benchmark,710,q3_user_by_login,0.8306,0,True,
benchmark,711,q3_user_by_login,0.97309999999999997,0,True,
benchmark,712,q3_user_by_login,2.0577999999999999,0,True,
benchmark,713,q3_user_by_login,1.4491000000000001,0,True,
benchmark,714,q3_user_by_login,1.1279999999999999,0,True,
benchmark,715,q3_user_by_login,1.1334,0,True,
benchmark,716,q3_user_by_login,1.8754999999999999,0,True,
benchmark,717,q3_user_by_login,1.1919,0,True,
benchmark,718,q3_user_by_login,1.4215,0,True,
benchmark,719,q3_user_by_login,0.9173,0,True,
benchmark,720,q3_user_by_login,0.80020000000000002,0,True,
benchmark,721,q3_user_by_login,0.90969999999999995,0,True,
benchmark,722,q3_user_by_login,0.88839999999999997,0,True,
benchmark,723,q3_user_by_login,0.84619999999999995,0,True,
benchmark,724,q3_user_by_login,0.80459999999999998,0,True,
benchmark,725,q3_user_by_login,0.75290000000000001,0,True,
benchmark,726,q3_user_by_login,0.69799999999999995,0,True,
benchmark,727,q3_user_by_login,0.73580000000000001,0,True,
benchmark,728,q3_user_by_login,0.72770000000000001,0,True,
benchmark,729,q3_user_by_login,0.69279999999999997,0,True,
benchmark,730,q3_user_by_login,0.64019999999999999,0,True,
benchmark,731,q3_user_by_login,0.63749999999999996,0,True,
benchmark,732,q3_user_by_login,0.66500000000000004,0,True,
benchmark,733,q3_user_by_login,0.59750000000000003,0,True,
benchmark,734,q3_user_by_login,0.73850000000000005,0,True,
benchmark,735,q3_user_by_login,0.63959999999999995,0,True,
benchmark,736,q3_user_by_login,0.64580000000000004,0,True,
benchmark,737,q3_user_by_login,0.64180000000000004,0,True,
benchmark,738,q3_user_by_login,0.67779999999999996,0,True,
benchmark,739,q3_user_by_login,0.59960000000000002,0,True,
benchmark,740,q3_user_by_login,0.5867,0,True,
benchmark,741,q3_user_by_login,0.61650000000000005,0,True,
benchmark,742,q3_user_by_login,0.60709999999999997,0,True,
benchmark,743,q3_user_by_login,0.56559999999999999,0,True,
benchmark,744,q3_user_by_login,0.59150000000000003,0,True,
benchmark,745,q3_user_by_login,0.58919999999999995,0,True,
benchmark,746,q3_user_by_login,0.60960000000000003,0,True,
benchmark,747,q3_user_by_login,0.64900000000000002,0,True,
benchmark,748,q3_user_by_login,0.60170000000000001,0,True,
benchmark,749,q3_user_by_login,0.62649999999999995,0,True,
benchmark,750,q3_user_by_login,1.6176999999999999,0,True,
benchmark,751,q3_user_by_login,0.65449999999999997,0,True,
benchmark,752,q3_user_by_login,0.57250000000000001,0,True,
benchmark,753,q3_user_by_login,0.59309999999999996,0,True,
benchmark,754,q3_user_by_login,0.59399999999999997,0,True,
benchmark,755,q3_user_by_login,0.56230000000000002,0,True,
benchmark,756,q3_user_by_login,0.57779999999999998,0,True,
benchmark,757,q3_user_by_login,1.6185,0,True,
benchmark,758,q3_user_by_login,0.59009999999999996,0,True,
benchmark,759,q3_user_by_login,0.56189999999999996,0,True,
benchmark,760,q3_user_by_login,0.53700000000000003,0,True,
benchmark,761,q3_user_by_login,0.5635,0,True,
benchmark,762,q3_user_by_login,0.57420000000000004,0,True,
benchmark,763,q3_user_by_login,0.54690000000000005,0,True,
benchmark,764,q3_user_by_login,0.61719999999999997,0,True,
benchmark,765,q3_user_by_login,0.55489999999999995,0,True,
benchmark,766,q3_user_by_login,0.54949999999999999,0,True,
benchmark,767,q3_user_by_login,0.56230000000000002,0,True,
benchmark,768,q3_user_by_login,0.55879999999999996,0,True,
benchmark,769,q3_user_by_login,0.53200000000000003,0,True,
benchmark,770,q3_user_by_login,0.5726,0,True,
benchmark,771,q3_user_by_login,0.53739999999999999,0,True,
benchmark,772,q3_user_by_login,0.52600000000000002,0,True,
benchmark,773,q3_user_by_login,0.52170000000000005,0,True,
benchmark,774,q3_user_by_login,0.53620000000000001,0,True,
benchmark,775,q3_user_by_login,0.49780000000000002,0,True,
benchmark,776,q3_user_by_login,0.50090000000000001,0,True,
benchmark,777,q3_user_by_login,0.54979999999999996,0,True,
benchmark,778,q3_user_by_login,0.61960000000000004,0,True,
benchmark,779,q3_user_by_login,0.61229999999999996,0,True,
benchmark,780,q3_user_by_login,0.73460000000000003,0,True,
benchmark,781,q3_user_by_login,0.61250000000000004,0,True,
benchmark,782,q3_user_by_login,0.71230000000000004,0,True,
benchmark,783,q3_user_by_login,0.53669999999999995,0,True,
benchmark,784,q3_user_by_login,0.50590000000000002,0,True,
benchmark,785,q3_user_by_login,0.56820000000000004,0,True,
benchmark,786,q3_user_by_login,0.51039999999999996,0,True,
benchmark,787,q3_user_by_login,0.53200000000000003,0,True,
benchmark,788,q3_user_by_login,0.55179999999999996,0,True,
benchmark,789,q3_user_by_login,0.52470000000000006,0,True,
benchmark,790,q3_user_by_login,0.4995,0,True,
benchmark,791,q3_user_by_login,0.4642,0,True,
benchmark,792,q3_user_by_login,0.53620000000000001,0,True,
benchmark,793,q3_user_by_login,0.46610000000000001,0,True,
benchmark,794,q3_user_by_login,0.53969999999999996,0,True,
benchmark,795,q3_user_by_login,0.53820000000000001,0,True,
benchmark,796,q3_user_by_login,0.4753,0,True,
benchmark,797,q3_user_by_login,0.48720000000000002,0,True,
benchmark,798,q3_user_by_login,0.54069999999999996,0,True,
benchmark,799,q3_user_by_login,0.49419999999999997,0,True,
benchmark,800,q3_user_by_login,0.51480000000000004,0,True,
benchmark,801,q3_user_by_login,3.032,0,True,
benchmark,802,q3_user_by_login,2.9498000000000002,0,True,
benchmark,803,q3_user_by_login,1.4238,0,True,
benchmark,804,q3_user_by_login,1.0606,0,True,
benchmark,805,q3_user_by_login,0.93840000000000001,0,True,
benchmark,806,q3_user_by_login,1.1506000000000001,0,True,
benchmark,807,q3_user_by_login,1.1253,0,True,
benchmark,808,q3_user_by_login,0.94550000000000001,0,True,
benchmark,809,q3_user_by_login,1.2612000000000001,0,True,
benchmark,810,q3_user_by_login,0.99050000000000005,0,True,
benchmark,811,q3_user_by_login,2.7294,0,True,
benchmark,812,q3_user_by_login,3.9664000000000001,0,True,
benchmark,813,q3_user_by_login,2.8191000000000002,0,True,
benchmark,814,q3_user_by_login,1.1158999999999999,0,True,
benchmark,815,q3_user_by_login,0.87819999999999998,0,True,
benchmark,816,q3_user_by_login,0.83919999999999995,0,True,
benchmark,817,q3_user_by_login,0.79320000000000002,0,True,
benchmark,818,q3_user_by_login,0.86199999999999999,0,True,
benchmark,819,q3_user_by_login,0.878,0,True,
benchmark,820,q3_user_by_login,0.85219999999999996,0,True,
benchmark,821,q3_user_by_login,0.76780000000000004,0,True,
benchmark,822,q3_user_by_login,0.74229999999999996,0,True,
benchmark,823,q3_user_by_login,0.68889999999999996,0,True,
benchmark,824,q3_user_by_login,0.74099999999999999,0,True,
benchmark,825,q3_user_by_login,0.73450000000000004,0,True,
benchmark,826,q3_user_by_login,1.0197000000000001,0,True,
benchmark,827,q3_user_by_login,0.79239999999999999,0,True,
benchmark,828,q3_user_by_login,0.74480000000000002,0,True,
benchmark,829,q3_user_by_login,0.72309999999999997,0,True,
benchmark,830,q3_user_by_login,0.82750000000000001,0,True,
benchmark,831,q3_user_by_login,0.79920000000000002,0,True,
benchmark,832,q3_user_by_login,0.70440000000000003,0,True,
benchmark,833,q3_user_by_login,0.72430000000000005,0,True,
benchmark,834,q3_user_by_login,0.68940000000000001,0,True,
benchmark,835,q3_user_by_login,0.72599999999999998,0,True,
benchmark,836,q3_user_by_login,0.6643,0,True,
benchmark,837,q3_user_by_login,0.67300000000000004,0,True,
benchmark,838,q3_user_by_login,0.65529999999999999,0,True,
benchmark,839,q3_user_by_login,0.62980000000000003,0,True,
benchmark,840,q3_user_by_login,0.65800000000000003,0,True,
benchmark,841,q3_user_by_login,0.66069999999999995,0,True,
benchmark,842,q3_user_by_login,0.72219999999999995,0,True,
benchmark,843,q3_user_by_login,1.54,0,True,
benchmark,844,q3_user_by_login,0.64790000000000003,0,True,
benchmark,845,q3_user_by_login,0.5867,0,True,
benchmark,846,q3_user_by_login,0.60509999999999997,0,True,
benchmark,847,q3_user_by_login,0.57269999999999999,0,True,
benchmark,848,q3_user_by_login,0.51070000000000004,0,True,
benchmark,849,q3_user_by_login,0.54069999999999996,0,True,
benchmark,850,q3_user_by_login,0.51290000000000002,0,True,
benchmark,851,q3_user_by_login,0.60450000000000004,0,True,
benchmark,852,q3_user_by_login,0.61419999999999997,0,True,
benchmark,853,q3_user_by_login,0.61229999999999996,0,True,
benchmark,854,q3_user_by_login,0.56020000000000003,0,True,
benchmark,855,q3_user_by_login,0.56699999999999995,0,True,
benchmark,856,q3_user_by_login,0.60489999999999999,0,True,
benchmark,857,q3_user_by_login,0.55279999999999996,0,True,
benchmark,858,q3_user_by_login,0.63819999999999999,0,True,
benchmark,859,q3_user_by_login,0.55720000000000003,0,True,
benchmark,860,q3_user_by_login,0.55049999999999999,0,True,
benchmark,861,q3_user_by_login,0.58209999999999995,0,True,
benchmark,862,q3_user_by_login,0.54279999999999995,0,True,
benchmark,863,q3_user_by_login,0.55449999999999999,0,True,
benchmark,864,q3_user_by_login,0.54500000000000004,0,True,
benchmark,865,q3_user_by_login,0.61660000000000004,0,True,
benchmark,866,q3_user_by_login,0.58450000000000002,0,True,
benchmark,867,q3_user_by_login,0.63619999999999999,0,True,
benchmark,868,q3_user_by_login,0.5524,0,True,
benchmark,869,q3_user_by_login,0.68679999999999997,0,True,
benchmark,870,q3_user_by_login,0.7399,0,True,
benchmark,871,q3_user_by_login,0.64239999999999997,0,True,
benchmark,872,q3_user_by_login,0.55100000000000005,0,True,
benchmark,873,q3_user_by_login,0.57689999999999997,0,True,
benchmark,874,q3_user_by_login,0.54569999999999996,0,True,
benchmark,875,q3_user_by_login,0.61770000000000003,0,True,
benchmark,876,q3_user_by_login,0.54649999999999999,0,True,
benchmark,877,q3_user_by_login,0.65290000000000004,0,True,
benchmark,878,q3_user_by_login,0.50370000000000004,0,True,
benchmark,879,q3_user_by_login,0.52569999999999995,0,True,
benchmark,880,q3_user_by_login,0.57589999999999997,0,True,
benchmark,881,q3_user_by_login,0.5212,0,True,
benchmark,882,q3_user_by_login,1.5914999999999999,0,True,
benchmark,883,q3_user_by_login,1.1972,0,True,
benchmark,884,q3_user_by_login,0.52580000000000005,0,True,
benchmark,885,q3_user_by_login,0.53949999999999998,0,True,
benchmark,886,q3_user_by_login,0.52949999999999997,0,True,
benchmark,887,q3_user_by_login,0.51400000000000001,0,True,
benchmark,888,q3_user_by_login,0.50460000000000005,0,True,
benchmark,889,q3_user_by_login,0.503,0,True,
benchmark,890,q3_user_by_login,0.5464,0,True,
benchmark,891,q3_user_by_login,0.495,0,True,
benchmark,892,q3_user_by_login,0.53680000000000005,0,True,
benchmark,893,q3_user_by_login,0.46710000000000002,0,True,
benchmark,894,q3_user_by_login,0.4919,0,True,
benchmark,895,q3_user_by_login,0.5302,0,True,
benchmark,896,q3_user_by_login,0.48020000000000002,0,True,
benchmark,897,q3_user_by_login,0.4899,0,True,
benchmark,898,q3_user_by_login,0.54949999999999999,0,True,
benchmark,899,q3_user_by_login,0.51800000000000002,0,True,
benchmark,900,q3_user_by_login,0.51349999999999996,0,True,
benchmark,901,q3_user_by_login,2.4826999999999999,0,True,
benchmark,902,q3_user_by_login,1.2278,0,True,
benchmark,903,q3_user_by_login,1.0076000000000001,0,True,
benchmark,904,q3_user_by_login,0.99880000000000002,0,True,
benchmark,905,q3_user_by_login,1.1092,0,True,
benchmark,906,q3_user_by_login,0.89949999999999997,0,True,
benchmark,907,q3_user_by_login,1.0334000000000001,0,True,
benchmark,908,q3_user_by_login,1.5517000000000001,0,True,
benchmark,909,q3_user_by_login,1.2007000000000001,0,True,
benchmark,910,q3_user_by_login,1.1780999999999999,0,True,
benchmark,911,q3_user_by_login,1.1375999999999999,0,True,
benchmark,912,q3_user_by_login,1.6355999999999999,0,True,
benchmark,913,q3_user_by_login,1.1889000000000001,0,True,
benchmark,914,q3_user_by_login,1.7951999999999999,0,True,
benchmark,915,q3_user_by_login,1.0764,0,True,
benchmark,916,q3_user_by_login,1.012,0,True,
benchmark,917,q3_user_by_login,0.94430000000000003,0,True,
benchmark,918,q3_user_by_login,1.2301,0,True,
benchmark,919,q3_user_by_login,1.2337,0,True,
benchmark,920,q3_user_by_login,1.0510999999999999,0,True,
benchmark,921,q3_user_by_login,0.96870000000000001,0,True,
benchmark,922,q3_user_by_login,0.91959999999999997,0,True,
benchmark,923,q3_user_by_login,0.873,0,True,
benchmark,924,q3_user_by_login,0.98429999999999995,0,True,
benchmark,925,q3_user_by_login,0.79569999999999996,0,True,
benchmark,926,q3_user_by_login,0.79969999999999997,0,True,
benchmark,927,q3_user_by_login,0.83520000000000005,0,True,
benchmark,928,q3_user_by_login,0.88649999999999995,0,True,
benchmark,929,q3_user_by_login,0.93159999999999998,0,True,
benchmark,930,q3_user_by_login,0.82620000000000005,0,True,
benchmark,931,q3_user_by_login,0.74490000000000001,0,True,
benchmark,932,q3_user_by_login,0.7702,0,True,
benchmark,933,q3_user_by_login,0.76670000000000005,0,True,
benchmark,934,q3_user_by_login,0.77090000000000003,0,True,
benchmark,935,q3_user_by_login,0.75419999999999998,0,True,
benchmark,936,q3_user_by_login,0.79339999999999999,0,True,
benchmark,937,q3_user_by_login,0.82850000000000001,0,True,
benchmark,938,q3_user_by_login,0.749,0,True,
benchmark,939,q3_user_by_login,0.76580000000000004,0,True,
benchmark,940,q3_user_by_login,0.78539999999999999,0,True,
benchmark,941,q3_user_by_login,1.3707,0,True,
benchmark,942,q3_user_by_login,0.79679999999999995,0,True,
benchmark,943,q3_user_by_login,0.72509999999999997,0,True,
benchmark,944,q3_user_by_login,0.73399999999999999,0,True,
benchmark,945,q3_user_by_login,0.75019999999999998,0,True,
benchmark,946,q3_user_by_login,0.65980000000000005,0,True,
benchmark,947,q3_user_by_login,0.70779999999999998,0,True,
benchmark,948,q3_user_by_login,0.60140000000000005,0,True,
benchmark,949,q3_user_by_login,0.67500000000000004,0,True,
benchmark,950,q3_user_by_login,0.73980000000000001,0,True,
benchmark,951,q3_user_by_login,0.7228,0,True,
benchmark,952,q3_user_by_login,0.68910000000000005,0,True,
benchmark,953,q3_user_by_login,0.75419999999999998,0,True,
benchmark,954,q3_user_by_login,0.77070000000000005,0,True,
benchmark,955,q3_user_by_login,0.70130000000000003,0,True,
benchmark,956,q3_user_by_login,0.72919999999999996,0,True,
benchmark,957,q3_user_by_login,0.69950000000000001,0,True,
benchmark,958,q3_user_by_login,0.98640000000000005,0,True,
benchmark,959,q3_user_by_login,0.69499999999999995,0,True,
benchmark,960,q3_user_by_login,1.5673999999999999,0,True,
benchmark,961,q3_user_by_login,0.68000000000000005,0,True,
benchmark,962,q3_user_by_login,0.70569999999999999,0,True,
benchmark,963,q3_user_by_login,0.67910000000000004,0,True,
benchmark,964,q3_user_by_login,0.60940000000000005,0,True,
benchmark,965,q3_user_by_login,0.68269999999999997,0,True,
benchmark,966,q3_user_by_login,0.60070000000000001,0,True,
benchmark,967,q3_user_by_login,0.71430000000000005,0,True,
benchmark,968,q3_user_by_login,0.63660000000000005,0,True,
benchmark,969,q3_user_by_login,0.87509999999999999,0,True,
benchmark,970,q3_user_by_login,0.82320000000000004,0,True,
benchmark,971,q3_user_by_login,0.73019999999999996,0,True,
benchmark,972,q3_user_by_login,0.79190000000000005,0,True,
benchmark,973,q3_user_by_login,0.53469999999999995,0,True,
benchmark,974,q3_user_by_login,0.58679999999999999,0,True,
benchmark,975,q3_user_by_login,0.59860000000000002,0,True,
benchmark,976,q3_user_by_login,0.57569999999999999,0,True,
benchmark,977,q3_user_by_login,0.56950000000000001,0,True,
benchmark,978,q3_user_by_login,0.54569999999999996,0,True,
benchmark,979,q3_user_by_login,0.5897,0,True,
benchmark,980,q3_user_by_login,0.56469999999999998,0,True,
benchmark,981,q3_user_by_login,0.58099999999999996,0,True,
benchmark,982,q3_user_by_login,0.5161,0,True,
benchmark,983,q3_user_by_login,0.48820000000000002,0,True,
benchmark,984,q3_user_by_login,0.5222,0,True,
benchmark,985,q3_user_by_login,0.51629999999999998,0,True,
benchmark,986,q3_user_by_login,0.52010000000000001,0,True,
benchmark,987,q3_user_by_login,0.52339999999999998,0,True,
benchmark,988,q3_user_by_login,0.54300000000000004,0,True,
benchmark,989,q3_user_by_login,0.57679999999999998,0,True,
benchmark,990,q3_user_by_login,0.53720000000000001,0,True,
benchmark,991,q3_user_by_login,0.54720000000000002,0,True,
benchmark,992,q3_user_by_login,0.52729999999999999,0,True,
benchmark,993,q3_user_by_login,0.5302,0,True,
benchmark,994,q3_user_by_login,0.50349999999999995,0,True,
benchmark,995,q3_user_by_login,0.51200000000000001,0,True,
benchmark,996,q3_user_by_login,0.47849999999999998,0,True,
benchmark,997,q3_user_by_login,0.47570000000000001,0,True,
benchmark,998,q3_user_by_login,0.49109999999999998,0,True,
benchmark,999,q3_user_by_login,0.48399999999999999,0,True,
benchmark,1000,q3_user_by_login,0.73939999999999995,0,True,
benchmark,1,q4_sellers_rating,2.0800999999999998,0,True,
benchmark,2,q4_sellers_rating,1.7754000000000001,0,True,
benchmark,3,q4_sellers_rating,1.5786,0,True,
benchmark,4,q4_sellers_rating,1.3641000000000001,0,True,
benchmark,5,q4_sellers_rating,1.268,0,True,
benchmark,6,q4_sellers_rating,1.0399,0,True,
benchmark,7,q4_sellers_rating,1.0283,0,True,
benchmark,8,q4_sellers_rating,0.98240000000000005,0,True,
benchmark,9,q4_sellers_rating,1.0790999999999999,0,True,
benchmark,10,q4_sellers_rating,1.6536,0,True,
benchmark,11,q4_sellers_rating,1.6003000000000001,0,True,
benchmark,12,q4_sellers_rating,1.4802,0,True,
benchmark,13,q4_sellers_rating,1.8072999999999999,0,True,
benchmark,14,q4_sellers_rating,1.1548,0,True,
benchmark,15,q4_sellers_rating,1.3986000000000001,0,True,
benchmark,16,q4_sellers_rating,0.99719999999999998,0,True,
benchmark,17,q4_sellers_rating,1.1000000000000001,0,True,
benchmark,18,q4_sellers_rating,1.6487000000000001,0,True,
benchmark,19,q4_sellers_rating,0.9234,0,True,
benchmark,20,q4_sellers_rating,0.8649,0,True,
benchmark,21,q4_sellers_rating,0.85509999999999997,0,True,
benchmark,22,q4_sellers_rating,1.0335000000000001,0,True,
benchmark,23,q4_sellers_rating,0.9657,0,True,
benchmark,24,q4_sellers_rating,0.81720000000000004,0,True,
benchmark,25,q4_sellers_rating,0.76049999999999995,0,True,
benchmark,26,q4_sellers_rating,0.83340000000000003,0,True,
benchmark,27,q4_sellers_rating,0.81589999999999996,0,True,
benchmark,28,q4_sellers_rating,0.79200000000000004,0,True,
benchmark,29,q4_sellers_rating,0.81699999999999995,0,True,
benchmark,30,q4_sellers_rating,0.74770000000000003,0,True,
benchmark,31,q4_sellers_rating,0.79530000000000001,0,True,
benchmark,32,q4_sellers_rating,0.7157,0,True,
benchmark,33,q4_sellers_rating,0.70450000000000002,0,True,
benchmark,34,q4_sellers_rating,0.70499999999999996,0,True,
benchmark,35,q4_sellers_rating,0.7258,0,True,
benchmark,36,q4_sellers_rating,0.74909999999999999,0,True,
benchmark,37,q4_sellers_rating,0.74329999999999996,0,True,
benchmark,38,q4_sellers_rating,0.66439999999999999,0,True,
benchmark,39,q4_sellers_rating,0.6925,0,True,
benchmark,40,q4_sellers_rating,0.68169999999999997,0,True,
benchmark,41,q4_sellers_rating,0.71120000000000005,0,True,
benchmark,42,q4_sellers_rating,0.68230000000000002,0,True,
benchmark,43,q4_sellers_rating,0.63700000000000001,0,True,
benchmark,44,q4_sellers_rating,0.69040000000000001,0,True,
benchmark,45,q4_sellers_rating,0.70120000000000005,0,True,
benchmark,46,q4_sellers_rating,0.73360000000000003,0,True,
benchmark,47,q4_sellers_rating,0.70009999999999994,0,True,
benchmark,48,q4_sellers_rating,0.73250000000000004,0,True,
benchmark,49,q4_sellers_rating,0.67849999999999999,0,True,
benchmark,50,q4_sellers_rating,0.64270000000000005,0,True,
benchmark,51,q4_sellers_rating,0.79090000000000005,0,True,
benchmark,52,q4_sellers_rating,0.67320000000000002,0,True,
benchmark,53,q4_sellers_rating,0.66439999999999999,0,True,
benchmark,54,q4_sellers_rating,0.69850000000000001,0,True,
benchmark,55,q4_sellers_rating,0.67059999999999997,0,True,
benchmark,56,q4_sellers_rating,0.64480000000000004,0,True,
benchmark,57,q4_sellers_rating,0.62260000000000004,0,True,
benchmark,58,q4_sellers_rating,0.69930000000000003,0,True,
benchmark,59,q4_sellers_rating,0.6825,0,True,
benchmark,60,q4_sellers_rating,0.61809999999999998,0,True,
benchmark,61,q4_sellers_rating,0.68069999999999997,0,True,
benchmark,62,q4_sellers_rating,0.67820000000000003,0,True,
benchmark,63,q4_sellers_rating,0.65349999999999997,0,True,
benchmark,64,q4_sellers_rating,0.62029999999999996,0,True,
benchmark,65,q4_sellers_rating,0.63890000000000002,0,True,
benchmark,66,q4_sellers_rating,0.6633,0,True,
benchmark,67,q4_sellers_rating,0.67869999999999997,0,True,
benchmark,68,q4_sellers_rating,0.63280000000000003,0,True,
benchmark,69,q4_sellers_rating,0.78879999999999995,0,True,
benchmark,70,q4_sellers_rating,0.89359999999999995,0,True,
benchmark,71,q4_sellers_rating,0.68899999999999995,0,True,
benchmark,72,q4_sellers_rating,0.6421,0,True,
benchmark,73,q4_sellers_rating,0.67190000000000005,0,True,
benchmark,74,q4_sellers_rating,0.57969999999999999,0,True,
benchmark,75,q4_sellers_rating,1.5004,0,True,
benchmark,76,q4_sellers_rating,0.58809999999999996,0,True,
benchmark,77,q4_sellers_rating,0.56979999999999997,0,True,
benchmark,78,q4_sellers_rating,0.58069999999999999,0,True,
benchmark,79,q4_sellers_rating,0.54769999999999996,0,True,
benchmark,80,q4_sellers_rating,0.55279999999999996,0,True,
benchmark,81,q4_sellers_rating,0.57099999999999995,0,True,
benchmark,82,q4_sellers_rating,0.59789999999999999,0,True,
benchmark,83,q4_sellers_rating,0.57920000000000005,0,True,
benchmark,84,q4_sellers_rating,0.66930000000000001,0,True,
benchmark,85,q4_sellers_rating,0.61099999999999999,0,True,
benchmark,86,q4_sellers_rating,0.64249999999999996,0,True,
benchmark,87,q4_sellers_rating,0.62760000000000005,0,True,
benchmark,88,q4_sellers_rating,0.63229999999999997,0,True,
benchmark,89,q4_sellers_rating,0.56420000000000003,0,True,
benchmark,90,q4_sellers_rating,0.53590000000000004,0,True,
benchmark,91,q4_sellers_rating,9.6646000000000001,0,True,
benchmark,92,q4_sellers_rating,0.64439999999999997,0,True,
benchmark,93,q4_sellers_rating,1.4598,0,True,
benchmark,94,q4_sellers_rating,0.59060000000000001,0,True,
benchmark,95,q4_sellers_rating,0.629,0,True,
benchmark,96,q4_sellers_rating,0.55349999999999999,0,True,
benchmark,97,q4_sellers_rating,0.52810000000000001,0,True,
benchmark,98,q4_sellers_rating,0.4698,0,True,
benchmark,99,q4_sellers_rating,0.50129999999999997,0,True,
benchmark,100,q4_sellers_rating,0.51370000000000005,0,True,
benchmark,101,q4_sellers_rating,3.3531,0,True,
benchmark,102,q4_sellers_rating,1.1975,0,True,
benchmark,103,q4_sellers_rating,2.0217000000000001,0,True,
benchmark,104,q4_sellers_rating,1.3062,0,True,
benchmark,105,q4_sellers_rating,1.1273,0,True,
benchmark,106,q4_sellers_rating,1.0684,0,True,
benchmark,107,q4_sellers_rating,0.97970000000000002,0,True,
benchmark,108,q4_sellers_rating,1.0760000000000001,0,True,
benchmark,109,q4_sellers_rating,0.89859999999999995,0,True,
benchmark,110,q4_sellers_rating,0.85060000000000002,0,True,
benchmark,111,q4_sellers_rating,0.81200000000000006,0,True,
benchmark,112,q4_sellers_rating,0.8236,0,True,
benchmark,113,q4_sellers_rating,0.90269999999999995,0,True,
benchmark,114,q4_sellers_rating,1.0097,0,True,
benchmark,115,q4_sellers_rating,0.97360000000000002,0,True,
benchmark,116,q4_sellers_rating,0.90820000000000001,0,True,
benchmark,117,q4_sellers_rating,0.83320000000000005,0,True,
benchmark,118,q4_sellers_rating,0.85519999999999996,0,True,
benchmark,119,q4_sellers_rating,0.84499999999999997,0,True,
benchmark,120,q4_sellers_rating,0.84130000000000005,0,True,
benchmark,121,q4_sellers_rating,0.86780000000000002,0,True,
benchmark,122,q4_sellers_rating,0.88439999999999996,0,True,
benchmark,123,q4_sellers_rating,1.095,0,True,
benchmark,124,q4_sellers_rating,0.88629999999999998,0,True,
benchmark,125,q4_sellers_rating,0.92979999999999996,0,True,
benchmark,126,q4_sellers_rating,0.87670000000000003,0,True,
benchmark,127,q4_sellers_rating,0.82250000000000001,0,True,
benchmark,128,q4_sellers_rating,0.87770000000000004,0,True,
benchmark,129,q4_sellers_rating,0.88049999999999995,0,True,
benchmark,130,q4_sellers_rating,0.92959999999999998,0,True,
benchmark,131,q4_sellers_rating,0.86939999999999995,0,True,
benchmark,132,q4_sellers_rating,0.9073,0,True,
benchmark,133,q4_sellers_rating,0.76780000000000004,0,True,
benchmark,134,q4_sellers_rating,0.77190000000000003,0,True,
benchmark,135,q4_sellers_rating,0.74819999999999998,0,True,
benchmark,136,q4_sellers_rating,0.69540000000000002,0,True,
benchmark,137,q4_sellers_rating,0.78790000000000004,0,True,
benchmark,138,q4_sellers_rating,0.73050000000000004,0,True,
benchmark,139,q4_sellers_rating,0.79430000000000001,0,True,
benchmark,140,q4_sellers_rating,0.7036,0,True,
benchmark,141,q4_sellers_rating,0.71309999999999996,0,True,
benchmark,142,q4_sellers_rating,0.71389999999999998,0,True,
benchmark,143,q4_sellers_rating,0.67600000000000005,0,True,
benchmark,144,q4_sellers_rating,0.7016,0,True,
benchmark,145,q4_sellers_rating,0.63,0,True,
benchmark,146,q4_sellers_rating,0.63380000000000003,0,True,
benchmark,147,q4_sellers_rating,0.65290000000000004,0,True,
benchmark,148,q4_sellers_rating,0.66290000000000004,0,True,
benchmark,149,q4_sellers_rating,0.70879999999999999,0,True,
benchmark,150,q4_sellers_rating,0.67420000000000002,0,True,
benchmark,151,q4_sellers_rating,0.70599999999999996,0,True,
benchmark,152,q4_sellers_rating,0.63270000000000004,0,True,
benchmark,153,q4_sellers_rating,0.64900000000000002,0,True,
benchmark,154,q4_sellers_rating,1.6412,0,True,
benchmark,155,q4_sellers_rating,0.69340000000000002,0,True,
benchmark,156,q4_sellers_rating,0.76549999999999996,0,True,
benchmark,157,q4_sellers_rating,0.6048,0,True,
benchmark,158,q4_sellers_rating,0.59040000000000004,0,True,
benchmark,159,q4_sellers_rating,0.58379999999999999,0,True,
benchmark,160,q4_sellers_rating,0.57110000000000005,0,True,
benchmark,161,q4_sellers_rating,0.60019999999999996,0,True,
benchmark,162,q4_sellers_rating,0.56369999999999998,0,True,
benchmark,163,q4_sellers_rating,0.67159999999999997,0,True,
benchmark,164,q4_sellers_rating,0.57809999999999995,0,True,
benchmark,165,q4_sellers_rating,0.55379999999999996,0,True,
benchmark,166,q4_sellers_rating,0.59570000000000001,0,True,
benchmark,167,q4_sellers_rating,0.59770000000000001,0,True,
benchmark,168,q4_sellers_rating,0.51719999999999999,0,True,
benchmark,169,q4_sellers_rating,0.58520000000000005,0,True,
benchmark,170,q4_sellers_rating,0.55820000000000003,0,True,
benchmark,171,q4_sellers_rating,0.55449999999999999,0,True,
benchmark,172,q4_sellers_rating,0.53439999999999999,0,True,
benchmark,173,q4_sellers_rating,0.57530000000000003,0,True,
benchmark,174,q4_sellers_rating,0.56120000000000003,0,True,
benchmark,175,q4_sellers_rating,0.54420000000000002,0,True,
benchmark,176,q4_sellers_rating,0.50609999999999999,0,True,
benchmark,177,q4_sellers_rating,0.50060000000000004,0,True,
benchmark,178,q4_sellers_rating,0.48870000000000002,0,True,
benchmark,179,q4_sellers_rating,0.5323,0,True,
benchmark,180,q4_sellers_rating,0.53949999999999998,0,True,
benchmark,181,q4_sellers_rating,0.5756,0,True,
benchmark,182,q4_sellers_rating,0.51670000000000005,0,True,
benchmark,183,q4_sellers_rating,0.53259999999999996,0,True,
benchmark,184,q4_sellers_rating,0.49569999999999997,0,True,
benchmark,185,q4_sellers_rating,0.53129999999999999,0,True,
benchmark,186,q4_sellers_rating,0.48149999999999998,0,True,
benchmark,187,q4_sellers_rating,0.51270000000000004,0,True,
benchmark,188,q4_sellers_rating,0.52210000000000001,0,True,
benchmark,189,q4_sellers_rating,0.55830000000000002,0,True,
benchmark,190,q4_sellers_rating,0.54669999999999996,0,True,
benchmark,191,q4_sellers_rating,0.502,0,True,
benchmark,192,q4_sellers_rating,0.50370000000000004,0,True,
benchmark,193,q4_sellers_rating,1.6914,0,True,
benchmark,194,q4_sellers_rating,0.47070000000000001,0,True,
benchmark,195,q4_sellers_rating,0.48859999999999998,0,True,
benchmark,196,q4_sellers_rating,0.4778,0,True,
benchmark,197,q4_sellers_rating,0.54349999999999998,0,True,
benchmark,198,q4_sellers_rating,0.51559999999999995,0,True,
benchmark,199,q4_sellers_rating,0.51290000000000002,0,True,
benchmark,200,q4_sellers_rating,0.51800000000000002,0,True,
benchmark,201,q4_sellers_rating,2.4521999999999999,0,True,
benchmark,202,q4_sellers_rating,1.1680999999999999,0,True,
benchmark,203,q4_sellers_rating,1.0550999999999999,0,True,
benchmark,204,q4_sellers_rating,0.99780000000000002,0,True,
benchmark,205,q4_sellers_rating,1.6088,0,True,
benchmark,206,q4_sellers_rating,1.4239999999999999,0,True,
benchmark,207,q4_sellers_rating,1.4726999999999999,0,True,
benchmark,208,q4_sellers_rating,1.2171000000000001,0,True,
benchmark,209,q4_sellers_rating,1.1523000000000001,0,True,
benchmark,210,q4_sellers_rating,1.1665000000000001,0,True,
benchmark,211,q4_sellers_rating,1.1402000000000001,0,True,
benchmark,212,q4_sellers_rating,1.2208000000000001,0,True,
benchmark,213,q4_sellers_rating,1.1162000000000001,0,True,
benchmark,214,q4_sellers_rating,0.96250000000000002,0,True,
benchmark,215,q4_sellers_rating,1.1466000000000001,0,True,
benchmark,216,q4_sellers_rating,1.3219000000000001,0,True,
benchmark,217,q4_sellers_rating,1.5969,0,True,
benchmark,218,q4_sellers_rating,1.24,0,True,
benchmark,219,q4_sellers_rating,1.0817000000000001,0,True,
benchmark,220,q4_sellers_rating,1.0106999999999999,0,True,
benchmark,221,q4_sellers_rating,0.90480000000000005,0,True,
benchmark,222,q4_sellers_rating,1.1795,0,True,
benchmark,223,q4_sellers_rating,0.82120000000000004,0,True,
benchmark,224,q4_sellers_rating,1.0437000000000001,0,True,
benchmark,225,q4_sellers_rating,0.85780000000000001,0,True,
benchmark,226,q4_sellers_rating,1.1126,0,True,
benchmark,227,q4_sellers_rating,0.93089999999999995,0,True,
benchmark,228,q4_sellers_rating,0.87050000000000005,0,True,
benchmark,229,q4_sellers_rating,0.85440000000000005,0,True,
benchmark,230,q4_sellers_rating,0.72399999999999998,0,True,
benchmark,231,q4_sellers_rating,0.68720000000000003,0,True,
benchmark,232,q4_sellers_rating,0.68000000000000005,0,True,
benchmark,233,q4_sellers_rating,0.72650000000000003,0,True,
benchmark,234,q4_sellers_rating,0.67700000000000005,0,True,
benchmark,235,q4_sellers_rating,0.73899999999999999,0,True,
benchmark,236,q4_sellers_rating,0.82130000000000003,0,True,
benchmark,237,q4_sellers_rating,0.78010000000000002,0,True,
benchmark,238,q4_sellers_rating,0.72009999999999996,0,True,
benchmark,239,q4_sellers_rating,0.76349999999999996,0,True,
benchmark,240,q4_sellers_rating,0.75519999999999998,0,True,
benchmark,241,q4_sellers_rating,0.65749999999999997,0,True,
benchmark,242,q4_sellers_rating,0.71140000000000003,0,True,
benchmark,243,q4_sellers_rating,0.70399999999999996,0,True,
benchmark,244,q4_sellers_rating,0.72819999999999996,0,True,
benchmark,245,q4_sellers_rating,0.66779999999999995,0,True,
benchmark,246,q4_sellers_rating,0.67079999999999995,0,True,
benchmark,247,q4_sellers_rating,0.67789999999999995,0,True,
benchmark,248,q4_sellers_rating,0.68830000000000002,0,True,
benchmark,249,q4_sellers_rating,0.63549999999999995,0,True,
benchmark,250,q4_sellers_rating,0.60960000000000003,0,True,
benchmark,251,q4_sellers_rating,0.87260000000000004,0,True,
benchmark,252,q4_sellers_rating,0.68600000000000005,0,True,
benchmark,253,q4_sellers_rating,0.70179999999999998,0,True,
benchmark,254,q4_sellers_rating,0.74909999999999999,0,True,
benchmark,255,q4_sellers_rating,1.1830000000000001,0,True,
benchmark,256,q4_sellers_rating,0.75080000000000002,0,True,
benchmark,257,q4_sellers_rating,1.0912999999999999,0,True,
benchmark,258,q4_sellers_rating,0.61219999999999997,0,True,
benchmark,259,q4_sellers_rating,0.60089999999999999,0,True,
benchmark,260,q4_sellers_rating,0.57199999999999995,0,True,
benchmark,261,q4_sellers_rating,0.53569999999999995,0,True,
benchmark,262,q4_sellers_rating,0.6149,0,True,
benchmark,263,q4_sellers_rating,0.57669999999999999,0,True,
benchmark,264,q4_sellers_rating,0.52470000000000006,0,True,
benchmark,265,q4_sellers_rating,0.51790000000000003,0,True,
benchmark,266,q4_sellers_rating,0.60370000000000001,0,True,
benchmark,267,q4_sellers_rating,0.6079,0,True,
benchmark,268,q4_sellers_rating,0.62270000000000003,0,True,
benchmark,269,q4_sellers_rating,0.62439999999999996,0,True,
benchmark,270,q4_sellers_rating,0.59650000000000003,0,True,
benchmark,271,q4_sellers_rating,0.56059999999999999,0,True,
benchmark,272,q4_sellers_rating,0.56979999999999997,0,True,
benchmark,273,q4_sellers_rating,0.52290000000000003,0,True,
benchmark,274,q4_sellers_rating,0.54779999999999995,0,True,
benchmark,275,q4_sellers_rating,0.51029999999999998,0,True,
benchmark,276,q4_sellers_rating,0.54649999999999999,0,True,
benchmark,277,q4_sellers_rating,0.48730000000000001,0,True,
benchmark,278,q4_sellers_rating,0.51070000000000004,0,True,
benchmark,279,q4_sellers_rating,0.56820000000000004,0,True,
benchmark,280,q4_sellers_rating,0.51449999999999996,0,True,
benchmark,281,q4_sellers_rating,0.52349999999999997,0,True,
benchmark,282,q4_sellers_rating,0.52400000000000002,0,True,
benchmark,283,q4_sellers_rating,0.54279999999999995,0,True,
benchmark,284,q4_sellers_rating,0.51319999999999999,0,True,
benchmark,285,q4_sellers_rating,0.52829999999999999,0,True,
benchmark,286,q4_sellers_rating,0.52290000000000003,0,True,
benchmark,287,q4_sellers_rating,0.62280000000000002,0,True,
benchmark,288,q4_sellers_rating,0.56820000000000004,0,True,
benchmark,289,q4_sellers_rating,0.57530000000000003,0,True,
benchmark,290,q4_sellers_rating,0.50600000000000001,0,True,
benchmark,291,q4_sellers_rating,0.4874,0,True,
benchmark,292,q4_sellers_rating,0.5071,0,True,
benchmark,293,q4_sellers_rating,0.54279999999999995,0,True,
benchmark,294,q4_sellers_rating,0.5212,0,True,
benchmark,295,q4_sellers_rating,0.5635,0,True,
benchmark,296,q4_sellers_rating,0.52610000000000001,0,True,
benchmark,297,q4_sellers_rating,0.55079999999999996,0,True,
benchmark,298,q4_sellers_rating,0.54249999999999998,0,True,
benchmark,299,q4_sellers_rating,0.53390000000000004,0,True,
benchmark,300,q4_sellers_rating,0.48580000000000001,0,True,
benchmark,301,q4_sellers_rating,3.2753999999999999,0,True,
benchmark,302,q4_sellers_rating,1.3480000000000001,0,True,
benchmark,303,q4_sellers_rating,1.3157000000000001,0,True,
benchmark,304,q4_sellers_rating,1.2089000000000001,0,True,
benchmark,305,q4_sellers_rating,1.0740000000000001,0,True,
benchmark,306,q4_sellers_rating,1.0068999999999999,0,True,
benchmark,307,q4_sellers_rating,0.84530000000000005,0,True,
benchmark,308,q4_sellers_rating,1.4339999999999999,0,True,
benchmark,309,q4_sellers_rating,1.5404,0,True,
benchmark,310,q4_sellers_rating,1.3955,0,True,
benchmark,311,q4_sellers_rating,1.2622,0,True,
benchmark,312,q4_sellers_rating,1.4783999999999999,0,True,
benchmark,313,q4_sellers_rating,1.2524999999999999,0,True,
benchmark,314,q4_sellers_rating,1.2149000000000001,0,True,
benchmark,315,q4_sellers_rating,1.1714,0,True,
benchmark,316,q4_sellers_rating,1.2113,0,True,
benchmark,317,q4_sellers_rating,1.1521999999999999,0,True,
benchmark,318,q4_sellers_rating,2.7016,0,True,
benchmark,319,q4_sellers_rating,1.0854999999999999,0,True,
benchmark,320,q4_sellers_rating,1.0012000000000001,0,True,
benchmark,321,q4_sellers_rating,0.91139999999999999,0,True,
benchmark,322,q4_sellers_rating,0.88049999999999995,0,True,
benchmark,323,q4_sellers_rating,0.92500000000000004,0,True,
benchmark,324,q4_sellers_rating,0.89159999999999995,0,True,
benchmark,325,q4_sellers_rating,0.96120000000000005,0,True,
benchmark,326,q4_sellers_rating,0.88670000000000004,0,True,
benchmark,327,q4_sellers_rating,0.86509999999999998,0,True,
benchmark,328,q4_sellers_rating,3.2418,0,True,
benchmark,329,q4_sellers_rating,1.5128999999999999,0,True,
benchmark,330,q4_sellers_rating,4.0940000000000003,0,True,
benchmark,331,q4_sellers_rating,1.3387,0,True,
benchmark,332,q4_sellers_rating,0.73009999999999997,0,True,
benchmark,333,q4_sellers_rating,0.67520000000000002,0,True,
benchmark,334,q4_sellers_rating,0.67700000000000005,0,True,
benchmark,335,q4_sellers_rating,0.68089999999999995,0,True,
benchmark,336,q4_sellers_rating,0.59509999999999996,0,True,
benchmark,337,q4_sellers_rating,0.59030000000000005,0,True,
benchmark,338,q4_sellers_rating,0.66069999999999995,0,True,
benchmark,339,q4_sellers_rating,0.69110000000000005,0,True,
benchmark,340,q4_sellers_rating,0.63239999999999996,0,True,
benchmark,341,q4_sellers_rating,0.63219999999999998,0,True,
benchmark,342,q4_sellers_rating,0.65800000000000003,0,True,
benchmark,343,q4_sellers_rating,0.5635,0,True,
benchmark,344,q4_sellers_rating,0.59889999999999999,0,True,
benchmark,345,q4_sellers_rating,0.61639999999999995,0,True,
benchmark,346,q4_sellers_rating,0.60860000000000003,0,True,
benchmark,347,q4_sellers_rating,0.5857,0,True,
benchmark,348,q4_sellers_rating,0.53190000000000004,0,True,
benchmark,349,q4_sellers_rating,0.59599999999999997,0,True,
benchmark,350,q4_sellers_rating,0.58450000000000002,0,True,
benchmark,351,q4_sellers_rating,0.58450000000000002,0,True,
benchmark,352,q4_sellers_rating,0.55549999999999999,0,True,
benchmark,353,q4_sellers_rating,0.61619999999999997,0,True,
benchmark,354,q4_sellers_rating,0.59740000000000004,0,True,
benchmark,355,q4_sellers_rating,0.58230000000000004,0,True,
benchmark,356,q4_sellers_rating,0.58540000000000003,0,True,
benchmark,357,q4_sellers_rating,0.57589999999999997,0,True,
benchmark,358,q4_sellers_rating,0.54259999999999997,0,True,
benchmark,359,q4_sellers_rating,0.61219999999999997,0,True,
benchmark,360,q4_sellers_rating,0.62170000000000003,0,True,
benchmark,361,q4_sellers_rating,0.56000000000000005,0,True,
benchmark,362,q4_sellers_rating,0.53149999999999997,0,True,
benchmark,363,q4_sellers_rating,0.58640000000000003,0,True,
benchmark,364,q4_sellers_rating,0.64180000000000004,0,True,
benchmark,365,q4_sellers_rating,0.61739999999999995,0,True,
benchmark,366,q4_sellers_rating,0.69699999999999995,0,True,
benchmark,367,q4_sellers_rating,0.72209999999999996,0,True,
benchmark,368,q4_sellers_rating,0.73599999999999999,0,True,
benchmark,369,q4_sellers_rating,0.60770000000000002,0,True,
benchmark,370,q4_sellers_rating,0.55669999999999997,0,True,
benchmark,371,q4_sellers_rating,0.59319999999999995,0,True,
benchmark,372,q4_sellers_rating,0.54020000000000001,0,True,
benchmark,373,q4_sellers_rating,0.63149999999999995,0,True,
benchmark,374,q4_sellers_rating,0.52590000000000003,0,True,
benchmark,375,q4_sellers_rating,0.55049999999999999,0,True,
benchmark,376,q4_sellers_rating,0.56059999999999999,0,True,
benchmark,377,q4_sellers_rating,0.54079999999999995,0,True,
benchmark,378,q4_sellers_rating,0.49880000000000002,0,True,
benchmark,379,q4_sellers_rating,0.57569999999999999,0,True,
benchmark,380,q4_sellers_rating,0.55249999999999999,0,True,
benchmark,381,q4_sellers_rating,0.54390000000000005,0,True,
benchmark,382,q4_sellers_rating,0.49249999999999999,0,True,
benchmark,383,q4_sellers_rating,0.52859999999999996,0,True,
benchmark,384,q4_sellers_rating,0.46600000000000003,0,True,
benchmark,385,q4_sellers_rating,0.49919999999999998,0,True,
benchmark,386,q4_sellers_rating,0.49380000000000002,0,True,
benchmark,387,q4_sellers_rating,0.50870000000000004,0,True,
benchmark,388,q4_sellers_rating,0.54690000000000005,0,True,
benchmark,389,q4_sellers_rating,0.52100000000000002,0,True,
benchmark,390,q4_sellers_rating,0.49959999999999999,0,True,
benchmark,391,q4_sellers_rating,0.50900000000000001,0,True,
benchmark,392,q4_sellers_rating,0.57130000000000003,0,True,
benchmark,393,q4_sellers_rating,0.50529999999999997,0,True,
benchmark,394,q4_sellers_rating,0.51980000000000004,0,True,
benchmark,395,q4_sellers_rating,0.48759999999999998,0,True,
benchmark,396,q4_sellers_rating,0.5081,0,True,
benchmark,397,q4_sellers_rating,0.49959999999999999,0,True,
benchmark,398,q4_sellers_rating,0.58069999999999999,0,True,
benchmark,399,q4_sellers_rating,0.49370000000000003,0,True,
benchmark,400,q4_sellers_rating,0.53100000000000003,0,True,
benchmark,401,q4_sellers_rating,2.3632,0,True,
benchmark,402,q4_sellers_rating,1.1008,0,True,
benchmark,403,q4_sellers_rating,1.1133999999999999,0,True,
benchmark,404,q4_sellers_rating,1.0281,0,True,
benchmark,405,q4_sellers_rating,1.0079,0,True,
benchmark,406,q4_sellers_rating,1.865,0,True,
benchmark,407,q4_sellers_rating,1.8794999999999999,0,True,
benchmark,408,q4_sellers_rating,1.6284000000000001,0,True,
benchmark,409,q4_sellers_rating,1.4605999999999999,0,True,
benchmark,410,q4_sellers_rating,1.5511999999999999,0,True,
benchmark,411,q4_sellers_rating,1.6870000000000001,0,True,
benchmark,412,q4_sellers_rating,1.2863,0,True,
benchmark,413,q4_sellers_rating,1.0991,0,True,
benchmark,414,q4_sellers_rating,0.97440000000000004,0,True,
benchmark,415,q4_sellers_rating,0.97089999999999999,0,True,
benchmark,416,q4_sellers_rating,0.92710000000000004,0,True,
benchmark,417,q4_sellers_rating,0.99829999999999997,0,True,
benchmark,418,q4_sellers_rating,0.9909,0,True,
benchmark,419,q4_sellers_rating,0.96950000000000003,0,True,
benchmark,420,q4_sellers_rating,0.81320000000000003,0,True,
benchmark,421,q4_sellers_rating,0.86639999999999995,0,True,
benchmark,422,q4_sellers_rating,0.95899999999999996,0,True,
benchmark,423,q4_sellers_rating,0.86799999999999999,0,True,
benchmark,424,q4_sellers_rating,0.86499999999999999,0,True,
benchmark,425,q4_sellers_rating,0.85660000000000003,0,True,
benchmark,426,q4_sellers_rating,0.83460000000000001,0,True,
benchmark,427,q4_sellers_rating,0.84219999999999995,0,True,
benchmark,428,q4_sellers_rating,0.84750000000000003,0,True,
benchmark,429,q4_sellers_rating,0.75739999999999996,0,True,
benchmark,430,q4_sellers_rating,0.84970000000000001,0,True,
benchmark,431,q4_sellers_rating,0.74760000000000004,0,True,
benchmark,432,q4_sellers_rating,0.68400000000000005,0,True,
benchmark,433,q4_sellers_rating,0.73170000000000002,0,True,
benchmark,434,q4_sellers_rating,0.79749999999999999,0,True,
benchmark,435,q4_sellers_rating,0.75800000000000001,0,True,
benchmark,436,q4_sellers_rating,0.6754,0,True,
benchmark,437,q4_sellers_rating,0.73350000000000004,0,True,
benchmark,438,q4_sellers_rating,0.86180000000000001,0,True,
benchmark,439,q4_sellers_rating,0.80669999999999997,0,True,
benchmark,440,q4_sellers_rating,0.73199999999999998,0,True,
benchmark,441,q4_sellers_rating,0.7409,0,True,
benchmark,442,q4_sellers_rating,0.69550000000000001,0,True,
benchmark,443,q4_sellers_rating,0.74750000000000005,0,True,
benchmark,444,q4_sellers_rating,0.62470000000000003,0,True,
benchmark,445,q4_sellers_rating,0.62729999999999997,0,True,
benchmark,446,q4_sellers_rating,0.66500000000000004,0,True,
benchmark,447,q4_sellers_rating,0.64539999999999997,0,True,
benchmark,448,q4_sellers_rating,0.66690000000000005,0,True,
benchmark,449,q4_sellers_rating,0.65810000000000002,0,True,
benchmark,450,q4_sellers_rating,0.67520000000000002,0,True,
benchmark,451,q4_sellers_rating,1.6837,0,True,
benchmark,452,q4_sellers_rating,0.70779999999999998,0,True,
benchmark,453,q4_sellers_rating,0.73629999999999995,0,True,
benchmark,454,q4_sellers_rating,0.67669999999999997,0,True,
benchmark,455,q4_sellers_rating,0.64910000000000001,0,True,
benchmark,456,q4_sellers_rating,0.68400000000000005,0,True,
benchmark,457,q4_sellers_rating,0.69569999999999999,0,True,
benchmark,458,q4_sellers_rating,0.68220000000000003,0,True,
benchmark,459,q4_sellers_rating,0.71360000000000001,0,True,
benchmark,460,q4_sellers_rating,0.83609999999999995,0,True,
benchmark,461,q4_sellers_rating,0.9325,0,True,
benchmark,462,q4_sellers_rating,0.91869999999999996,0,True,
benchmark,463,q4_sellers_rating,0.79449999999999998,0,True,
benchmark,464,q4_sellers_rating,0.71179999999999999,0,True,
benchmark,465,q4_sellers_rating,0.57809999999999995,0,True,
benchmark,466,q4_sellers_rating,0.58850000000000002,0,True,
benchmark,467,q4_sellers_rating,0.56840000000000002,0,True,
benchmark,468,q4_sellers_rating,0.65059999999999996,0,True,
benchmark,469,q4_sellers_rating,0.57250000000000001,0,True,
benchmark,470,q4_sellers_rating,0.55149999999999999,0,True,
benchmark,471,q4_sellers_rating,0.53349999999999997,0,True,
benchmark,472,q4_sellers_rating,0.5837,0,True,
benchmark,473,q4_sellers_rating,0.58740000000000003,0,True,
benchmark,474,q4_sellers_rating,0.52790000000000004,0,True,
benchmark,475,q4_sellers_rating,0.57869999999999999,0,True,
benchmark,476,q4_sellers_rating,0.60850000000000004,0,True,
benchmark,477,q4_sellers_rating,0.57650000000000001,0,True,
benchmark,478,q4_sellers_rating,0.50929999999999997,0,True,
benchmark,479,q4_sellers_rating,0.55810000000000004,0,True,
benchmark,480,q4_sellers_rating,0.5202,0,True,
benchmark,481,q4_sellers_rating,0.53879999999999995,0,True,
benchmark,482,q4_sellers_rating,1.5024999999999999,0,True,
benchmark,483,q4_sellers_rating,0.54959999999999998,0,True,
benchmark,484,q4_sellers_rating,0.50480000000000003,0,True,
benchmark,485,q4_sellers_rating,0.502,0,True,
benchmark,486,q4_sellers_rating,0.59470000000000001,0,True,
benchmark,487,q4_sellers_rating,0.5706,0,True,
benchmark,488,q4_sellers_rating,0.55840000000000001,0,True,
benchmark,489,q4_sellers_rating,0.5282,0,True,
benchmark,490,q4_sellers_rating,0.54920000000000002,0,True,
benchmark,491,q4_sellers_rating,0.55859999999999999,0,True,
benchmark,492,q4_sellers_rating,0.54210000000000003,0,True,
benchmark,493,q4_sellers_rating,0.5262,0,True,
benchmark,494,q4_sellers_rating,0.54069999999999996,0,True,
benchmark,495,q4_sellers_rating,0.49430000000000002,0,True,
benchmark,496,q4_sellers_rating,0.52000000000000002,0,True,
benchmark,497,q4_sellers_rating,0.52580000000000005,0,True,
benchmark,498,q4_sellers_rating,0.498,0,True,
benchmark,499,q4_sellers_rating,0.54659999999999997,0,True,
benchmark,500,q4_sellers_rating,0.50609999999999999,0,True,
benchmark,501,q4_sellers_rating,3.0444,0,True,
benchmark,502,q4_sellers_rating,1.3221000000000001,0,True,
benchmark,503,q4_sellers_rating,1.2941,0,True,
benchmark,504,q4_sellers_rating,1.0024999999999999,0,True,
benchmark,505,q4_sellers_rating,1.0808,0,True,
benchmark,506,q4_sellers_rating,0.96260000000000001,0,True,
benchmark,507,q4_sellers_rating,0.95030000000000003,0,True,
benchmark,508,q4_sellers_rating,0.89459999999999995,0,True,
benchmark,509,q4_sellers_rating,1.1856,0,True,
benchmark,510,q4_sellers_rating,1.3875,0,True,
benchmark,511,q4_sellers_rating,1.7759,0,True,
benchmark,512,q4_sellers_rating,1.4772000000000001,0,True,
benchmark,513,q4_sellers_rating,1.4458,0,True,
benchmark,514,q4_sellers_rating,1.3869,0,True,
benchmark,515,q4_sellers_rating,1.3047,0,True,
benchmark,516,q4_sellers_rating,1.1163000000000001,0,True,
benchmark,517,q4_sellers_rating,1.0405,0,True,
benchmark,518,q4_sellers_rating,1.0498000000000001,0,True,
benchmark,519,q4_sellers_rating,1.1117999999999999,0,True,
benchmark,520,q4_sellers_rating,1.0474000000000001,0,True,
benchmark,521,q4_sellers_rating,0.95909999999999995,0,True,
benchmark,522,q4_sellers_rating,0.98870000000000002,0,True,
benchmark,523,q4_sellers_rating,0.89129999999999998,0,True,
benchmark,524,q4_sellers_rating,0.88300000000000001,0,True,
benchmark,525,q4_sellers_rating,0.89870000000000005,0,True,
benchmark,526,q4_sellers_rating,0.8397,0,True,
benchmark,527,q4_sellers_rating,0.88700000000000001,0,True,
benchmark,528,q4_sellers_rating,0.9284,0,True,
benchmark,529,q4_sellers_rating,0.89070000000000005,0,True,
benchmark,530,q4_sellers_rating,0.81540000000000001,0,True,
benchmark,531,q4_sellers_rating,0.7177,0,True,
benchmark,532,q4_sellers_rating,0.76149999999999995,0,True,
benchmark,533,q4_sellers_rating,0.78600000000000003,0,True,
benchmark,534,q4_sellers_rating,0.7601,0,True,
benchmark,535,q4_sellers_rating,0.80769999999999997,0,True,
benchmark,536,q4_sellers_rating,0.77300000000000002,0,True,
benchmark,537,q4_sellers_rating,0.72150000000000003,0,True,
benchmark,538,q4_sellers_rating,0.79010000000000002,0,True,
benchmark,539,q4_sellers_rating,0.78469999999999995,0,True,
benchmark,540,q4_sellers_rating,0.8901,0,True,
benchmark,541,q4_sellers_rating,0.68000000000000005,0,True,
benchmark,542,q4_sellers_rating,0.63200000000000001,0,True,
benchmark,543,q4_sellers_rating,0.66520000000000001,0,True,
benchmark,544,q4_sellers_rating,0.73319999999999996,0,True,
benchmark,545,q4_sellers_rating,0.73599999999999999,0,True,
benchmark,546,q4_sellers_rating,0.7016,0,True,
benchmark,547,q4_sellers_rating,0.76300000000000001,0,True,
benchmark,548,q4_sellers_rating,0.73009999999999997,0,True,
benchmark,549,q4_sellers_rating,0.65849999999999997,0,True,
benchmark,550,q4_sellers_rating,0.71230000000000004,0,True,
benchmark,551,q4_sellers_rating,0.75390000000000001,0,True,
benchmark,552,q4_sellers_rating,0.65200000000000002,0,True,
benchmark,553,q4_sellers_rating,0.63919999999999999,0,True,
benchmark,554,q4_sellers_rating,0.68159999999999998,0,True,
benchmark,555,q4_sellers_rating,0.69769999999999999,0,True,
benchmark,556,q4_sellers_rating,0.70889999999999997,0,True,
benchmark,557,q4_sellers_rating,0.69299999999999995,0,True,
benchmark,558,q4_sellers_rating,0.70320000000000005,0,True,
benchmark,559,q4_sellers_rating,0.66649999999999998,0,True,
benchmark,560,q4_sellers_rating,0.6825,0,True,
benchmark,561,q4_sellers_rating,0.68089999999999995,0,True,
benchmark,562,q4_sellers_rating,0.69430000000000003,0,True,
benchmark,563,q4_sellers_rating,0.66490000000000005,0,True,
benchmark,564,q4_sellers_rating,0.62180000000000002,0,True,
benchmark,565,q4_sellers_rating,0.81869999999999998,0,True,
benchmark,566,q4_sellers_rating,0.82669999999999999,0,True,
benchmark,567,q4_sellers_rating,0.71519999999999995,0,True,
benchmark,568,q4_sellers_rating,0.72550000000000003,0,True,
benchmark,569,q4_sellers_rating,0.55189999999999995,0,True,
benchmark,570,q4_sellers_rating,0.5534,0,True,
benchmark,571,q4_sellers_rating,0.5444,0,True,
benchmark,572,q4_sellers_rating,0.61829999999999996,0,True,
benchmark,573,q4_sellers_rating,0.53159999999999996,0,True,
benchmark,574,q4_sellers_rating,0.56999999999999995,0,True,
benchmark,575,q4_sellers_rating,0.57679999999999998,0,True,
benchmark,576,q4_sellers_rating,0.52749999999999997,0,True,
benchmark,577,q4_sellers_rating,0.52929999999999999,0,True,
benchmark,578,q4_sellers_rating,0.55400000000000005,0,True,
benchmark,579,q4_sellers_rating,0.63109999999999999,0,True,
benchmark,580,q4_sellers_rating,0.49519999999999997,0,True,
benchmark,581,q4_sellers_rating,0.54800000000000004,0,True,
benchmark,582,q4_sellers_rating,0.51329999999999998,0,True,
benchmark,583,q4_sellers_rating,0.55369999999999997,0,True,
benchmark,584,q4_sellers_rating,0.57289999999999996,0,True,
benchmark,585,q4_sellers_rating,0.53749999999999998,0,True,
benchmark,586,q4_sellers_rating,0.53100000000000003,0,True,
benchmark,587,q4_sellers_rating,0.62,0,True,
benchmark,588,q4_sellers_rating,0.50449999999999995,0,True,
benchmark,589,q4_sellers_rating,1.5814999999999999,0,True,
benchmark,590,q4_sellers_rating,0.53920000000000001,0,True,
benchmark,591,q4_sellers_rating,0.51119999999999999,0,True,
benchmark,592,q4_sellers_rating,0.49370000000000003,0,True,
benchmark,593,q4_sellers_rating,0.52449999999999997,0,True,
benchmark,594,q4_sellers_rating,0.52680000000000005,0,True,
benchmark,595,q4_sellers_rating,0.5423,0,True,
benchmark,596,q4_sellers_rating,0.55820000000000003,0,True,
benchmark,597,q4_sellers_rating,0.50090000000000001,0,True,
benchmark,598,q4_sellers_rating,0.54769999999999996,0,True,
benchmark,599,q4_sellers_rating,0.51529999999999998,0,True,
benchmark,600,q4_sellers_rating,0.56830000000000003,0,True,
benchmark,601,q4_sellers_rating,1.8241000000000001,0,True,
benchmark,602,q4_sellers_rating,1.0267999999999999,0,True,
benchmark,603,q4_sellers_rating,0.89390000000000003,0,True,
benchmark,604,q4_sellers_rating,0.88370000000000004,0,True,
benchmark,605,q4_sellers_rating,0.80000000000000004,0,True,
benchmark,606,q4_sellers_rating,1.6675,0,True,
benchmark,607,q4_sellers_rating,1.2443,0,True,
benchmark,608,q4_sellers_rating,1.2321,0,True,
benchmark,609,q4_sellers_rating,1.2011000000000001,0,True,
benchmark,610,q4_sellers_rating,1.0526,0,True,
benchmark,611,q4_sellers_rating,0.85119999999999996,0,True,
benchmark,612,q4_sellers_rating,0.88939999999999997,0,True,
benchmark,613,q4_sellers_rating,0.86099999999999999,0,True,
benchmark,614,q4_sellers_rating,0.94920000000000004,0,True,
benchmark,615,q4_sellers_rating,1.0125999999999999,0,True,
benchmark,616,q4_sellers_rating,1.0159,0,True,
benchmark,617,q4_sellers_rating,0.97030000000000005,0,True,
benchmark,618,q4_sellers_rating,1.7801,0,True,
benchmark,619,q4_sellers_rating,1.4134,0,True,
benchmark,620,q4_sellers_rating,1.0595000000000001,0,True,
benchmark,621,q4_sellers_rating,1.0182,0,True,
benchmark,622,q4_sellers_rating,1.1442000000000001,0,True,
benchmark,623,q4_sellers_rating,1.0532999999999999,0,True,
benchmark,624,q4_sellers_rating,1.0115000000000001,0,True,
benchmark,625,q4_sellers_rating,0.86799999999999999,0,True,
benchmark,626,q4_sellers_rating,0.85560000000000003,0,True,
benchmark,627,q4_sellers_rating,0.91879999999999995,0,True,
benchmark,628,q4_sellers_rating,0.91379999999999995,0,True,
benchmark,629,q4_sellers_rating,0.80459999999999998,0,True,
benchmark,630,q4_sellers_rating,0.79810000000000003,0,True,
benchmark,631,q4_sellers_rating,0.74590000000000001,0,True,
benchmark,632,q4_sellers_rating,0.72260000000000002,0,True,
benchmark,633,q4_sellers_rating,0.77939999999999998,0,True,
benchmark,634,q4_sellers_rating,0.74409999999999998,0,True,
benchmark,635,q4_sellers_rating,0.74480000000000002,0,True,
benchmark,636,q4_sellers_rating,0.7087,0,True,
benchmark,637,q4_sellers_rating,0.70120000000000005,0,True,
benchmark,638,q4_sellers_rating,0.79259999999999997,0,True,
benchmark,639,q4_sellers_rating,0.85499999999999998,0,True,
benchmark,640,q4_sellers_rating,0.92059999999999997,0,True,
benchmark,641,q4_sellers_rating,1.0055000000000001,0,True,
benchmark,642,q4_sellers_rating,1.2024999999999999,0,True,
benchmark,643,q4_sellers_rating,2.3513999999999999,0,True,
benchmark,644,q4_sellers_rating,2.0558999999999998,0,True,
benchmark,645,q4_sellers_rating,2.4190999999999998,0,True,
benchmark,646,q4_sellers_rating,3.0771999999999999,0,True,
benchmark,647,q4_sellers_rating,2.7229999999999999,0,True,
benchmark,648,q4_sellers_rating,1.0409999999999999,0,True,
benchmark,649,q4_sellers_rating,1.2345999999999999,0,True,
benchmark,650,q4_sellers_rating,0.85729999999999995,0,True,
benchmark,651,q4_sellers_rating,1.4258999999999999,0,True,
benchmark,652,q4_sellers_rating,0.96779999999999999,0,True,
benchmark,653,q4_sellers_rating,1.1115999999999999,0,True,
benchmark,654,q4_sellers_rating,1.2012,0,True,
benchmark,655,q4_sellers_rating,1.5044,0,True,
benchmark,656,q4_sellers_rating,1.2295,0,True,
benchmark,657,q4_sellers_rating,0.76219999999999999,0,True,
benchmark,658,q4_sellers_rating,1.613,0,True,
benchmark,659,q4_sellers_rating,1.1612,0,True,
benchmark,660,q4_sellers_rating,0.72170000000000001,0,True,
benchmark,661,q4_sellers_rating,0.8337,0,True,
benchmark,662,q4_sellers_rating,0.78420000000000001,0,True,
benchmark,663,q4_sellers_rating,0.91249999999999998,0,True,
benchmark,664,q4_sellers_rating,0.91959999999999997,0,True,
benchmark,665,q4_sellers_rating,0.76119999999999999,0,True,
benchmark,666,q4_sellers_rating,0.92920000000000003,0,True,
benchmark,667,q4_sellers_rating,0.88649999999999995,0,True,
benchmark,668,q4_sellers_rating,0.58260000000000001,0,True,
benchmark,669,q4_sellers_rating,1.9058999999999999,0,True,
benchmark,670,q4_sellers_rating,1.0008999999999999,0,True,
benchmark,671,q4_sellers_rating,0.60419999999999996,0,True,
benchmark,672,q4_sellers_rating,0.94610000000000005,0,True,
benchmark,673,q4_sellers_rating,0.73650000000000004,0,True,
benchmark,674,q4_sellers_rating,0.93610000000000004,0,True,
benchmark,675,q4_sellers_rating,0.94650000000000001,0,True,
benchmark,676,q4_sellers_rating,0.82569999999999999,0,True,
benchmark,677,q4_sellers_rating,0.67589999999999995,0,True,
benchmark,678,q4_sellers_rating,0.69289999999999996,0,True,
benchmark,679,q4_sellers_rating,0.78710000000000002,0,True,
benchmark,680,q4_sellers_rating,0.58209999999999995,0,True,
benchmark,681,q4_sellers_rating,0.66700000000000004,0,True,
benchmark,682,q4_sellers_rating,0.79930000000000001,0,True,
benchmark,683,q4_sellers_rating,1.1194999999999999,0,True,
benchmark,684,q4_sellers_rating,1.1026,0,True,
benchmark,685,q4_sellers_rating,0.76700000000000002,0,True,
benchmark,686,q4_sellers_rating,0.71540000000000004,0,True,
benchmark,687,q4_sellers_rating,0.57669999999999999,0,True,
benchmark,688,q4_sellers_rating,0.69869999999999999,0,True,
benchmark,689,q4_sellers_rating,2.1295000000000002,0,True,
benchmark,690,q4_sellers_rating,2.9636,0,True,
benchmark,691,q4_sellers_rating,1.056,0,True,
benchmark,692,q4_sellers_rating,1.2148000000000001,0,True,
benchmark,693,q4_sellers_rating,1.8058000000000001,0,True,
benchmark,694,q4_sellers_rating,0.74390000000000001,0,True,
benchmark,695,q4_sellers_rating,0.60140000000000005,0,True,
benchmark,696,q4_sellers_rating,0.72450000000000003,0,True,
benchmark,697,q4_sellers_rating,0.64419999999999999,0,True,
benchmark,698,q4_sellers_rating,0.6552,0,True,
benchmark,699,q4_sellers_rating,0.64759999999999995,0,True,
benchmark,700,q4_sellers_rating,0.76480000000000004,0,True,
benchmark,701,q4_sellers_rating,3.0316999999999998,0,True,
benchmark,702,q4_sellers_rating,1.0544,0,True,
benchmark,703,q4_sellers_rating,0.95220000000000005,0,True,
benchmark,704,q4_sellers_rating,0.91169999999999995,0,True,
benchmark,705,q4_sellers_rating,0.90600000000000003,0,True,
benchmark,706,q4_sellers_rating,0.83250000000000002,0,True,
benchmark,707,q4_sellers_rating,0.79010000000000002,0,True,
benchmark,708,q4_sellers_rating,0.80069999999999997,0,True,
benchmark,709,q4_sellers_rating,0.75819999999999999,0,True,
benchmark,710,q4_sellers_rating,0.75470000000000004,0,True,
benchmark,711,q4_sellers_rating,0.68840000000000001,0,True,
benchmark,712,q4_sellers_rating,0.82679999999999998,0,True,
benchmark,713,q4_sellers_rating,0.79090000000000005,0,True,
benchmark,714,q4_sellers_rating,0.67210000000000003,0,True,
benchmark,715,q4_sellers_rating,0.68179999999999996,0,True,
benchmark,716,q4_sellers_rating,0.65739999999999998,0,True,
benchmark,717,q4_sellers_rating,0.96360000000000001,0,True,
benchmark,718,q4_sellers_rating,0.71970000000000001,0,True,
benchmark,719,q4_sellers_rating,0.75209999999999999,0,True,
benchmark,720,q4_sellers_rating,0.9909,0,True,
benchmark,721,q4_sellers_rating,0.74919999999999998,0,True,
benchmark,722,q4_sellers_rating,0.79800000000000004,0,True,
benchmark,723,q4_sellers_rating,0.75419999999999998,0,True,
benchmark,724,q4_sellers_rating,0.92630000000000001,0,True,
benchmark,725,q4_sellers_rating,0.9587,0,True,
benchmark,726,q4_sellers_rating,0.72050000000000003,0,True,
benchmark,727,q4_sellers_rating,0.80120000000000002,0,True,
benchmark,728,q4_sellers_rating,0.89559999999999995,0,True,
benchmark,729,q4_sellers_rating,0.81100000000000005,0,True,
benchmark,730,q4_sellers_rating,0.63439999999999996,0,True,
benchmark,731,q4_sellers_rating,0.76449999999999996,0,True,
benchmark,732,q4_sellers_rating,0.60560000000000003,0,True,
benchmark,733,q4_sellers_rating,0.56220000000000003,0,True,
benchmark,734,q4_sellers_rating,0.63929999999999998,0,True,
benchmark,735,q4_sellers_rating,0.64070000000000005,0,True,
benchmark,736,q4_sellers_rating,0.63280000000000003,0,True,
benchmark,737,q4_sellers_rating,0.62480000000000002,0,True,
benchmark,738,q4_sellers_rating,0.63390000000000002,0,True,
benchmark,739,q4_sellers_rating,0.67110000000000003,0,True,
benchmark,740,q4_sellers_rating,0.58499999999999996,0,True,
benchmark,741,q4_sellers_rating,0.51939999999999997,0,True,
benchmark,742,q4_sellers_rating,0.52459999999999996,0,True,
benchmark,743,q4_sellers_rating,0.55869999999999997,0,True,
benchmark,744,q4_sellers_rating,0.64259999999999995,0,True,
benchmark,745,q4_sellers_rating,0.55859999999999999,0,True,
benchmark,746,q4_sellers_rating,0.54579999999999995,0,True,
benchmark,747,q4_sellers_rating,0.52710000000000001,0,True,
benchmark,748,q4_sellers_rating,0.57640000000000002,0,True,
benchmark,749,q4_sellers_rating,1.5677000000000001,0,True,
benchmark,750,q4_sellers_rating,0.55569999999999997,0,True,
benchmark,751,q4_sellers_rating,0.56679999999999997,0,True,
benchmark,752,q4_sellers_rating,0.58579999999999999,0,True,
benchmark,753,q4_sellers_rating,0.59009999999999996,0,True,
benchmark,754,q4_sellers_rating,0.53949999999999998,0,True,
benchmark,755,q4_sellers_rating,0.64239999999999997,0,True,
benchmark,756,q4_sellers_rating,0.57040000000000002,0,True,
benchmark,757,q4_sellers_rating,0.56120000000000003,0,True,
benchmark,758,q4_sellers_rating,0.50419999999999998,0,True,
benchmark,759,q4_sellers_rating,0.5675,0,True,
benchmark,760,q4_sellers_rating,0.499,0,True,
benchmark,761,q4_sellers_rating,0.56620000000000004,0,True,
benchmark,762,q4_sellers_rating,0.55200000000000005,0,True,
benchmark,763,q4_sellers_rating,0.52700000000000002,0,True,
benchmark,764,q4_sellers_rating,0.53069999999999995,0,True,
benchmark,765,q4_sellers_rating,0.54500000000000004,0,True,
benchmark,766,q4_sellers_rating,0.51800000000000002,0,True,
benchmark,767,q4_sellers_rating,0.51729999999999998,0,True,
benchmark,768,q4_sellers_rating,0.53129999999999999,0,True,
benchmark,769,q4_sellers_rating,0.54849999999999999,0,True,
benchmark,770,q4_sellers_rating,0.61250000000000004,0,True,
benchmark,771,q4_sellers_rating,0.62809999999999999,0,True,
benchmark,772,q4_sellers_rating,0.58050000000000002,0,True,
benchmark,773,q4_sellers_rating,0.52939999999999998,0,True,
benchmark,774,q4_sellers_rating,0.55389999999999995,0,True,
benchmark,775,q4_sellers_rating,0.5131,0,True,
benchmark,776,q4_sellers_rating,0.47599999999999998,0,True,
benchmark,777,q4_sellers_rating,0.53080000000000005,0,True,
benchmark,778,q4_sellers_rating,0.50309999999999999,0,True,
benchmark,779,q4_sellers_rating,0.51849999999999996,0,True,
benchmark,780,q4_sellers_rating,0.54620000000000002,0,True,
benchmark,781,q4_sellers_rating,0.55989999999999995,0,True,
benchmark,782,q4_sellers_rating,0.59550000000000003,0,True,
benchmark,783,q4_sellers_rating,0.504,0,True,
benchmark,784,q4_sellers_rating,0.54620000000000002,0,True,
benchmark,785,q4_sellers_rating,0.50270000000000004,0,True,
benchmark,786,q4_sellers_rating,0.54549999999999998,0,True,
benchmark,787,q4_sellers_rating,0.4637,0,True,
benchmark,788,q4_sellers_rating,0.48630000000000001,0,True,
benchmark,789,q4_sellers_rating,0.54279999999999995,0,True,
benchmark,790,q4_sellers_rating,0.50319999999999998,0,True,
benchmark,791,q4_sellers_rating,0.60170000000000001,0,True,
benchmark,792,q4_sellers_rating,0.5544,0,True,
benchmark,793,q4_sellers_rating,0.46920000000000001,0,True,
benchmark,794,q4_sellers_rating,0.51890000000000003,0,True,
benchmark,795,q4_sellers_rating,0.44490000000000002,0,True,
benchmark,796,q4_sellers_rating,0.47739999999999999,0,True,
benchmark,797,q4_sellers_rating,0.55779999999999996,0,True,
benchmark,798,q4_sellers_rating,0.55979999999999996,0,True,
benchmark,799,q4_sellers_rating,0.50839999999999996,0,True,
benchmark,800,q4_sellers_rating,1.5427999999999999,0,True,
benchmark,801,q4_sellers_rating,6.2957999999999998,0,True,
benchmark,802,q4_sellers_rating,1.8253999999999999,0,True,
benchmark,803,q4_sellers_rating,1.4726999999999999,0,True,
benchmark,804,q4_sellers_rating,1.2998000000000001,0,True,
benchmark,805,q4_sellers_rating,1.1323000000000001,0,True,
benchmark,806,q4_sellers_rating,1.0219,0,True,
benchmark,807,q4_sellers_rating,0.86719999999999997,0,True,
benchmark,808,q4_sellers_rating,0.81859999999999999,0,True,
benchmark,809,q4_sellers_rating,0.88970000000000005,0,True,
benchmark,810,q4_sellers_rating,0.95520000000000005,0,True,
benchmark,811,q4_sellers_rating,0.92090000000000005,0,True,
benchmark,812,q4_sellers_rating,0.86380000000000001,0,True,
benchmark,813,q4_sellers_rating,0.81730000000000003,0,True,
benchmark,814,q4_sellers_rating,0.73760000000000003,0,True,
benchmark,815,q4_sellers_rating,0.76449999999999996,0,True,
benchmark,816,q4_sellers_rating,0.8125,0,True,
benchmark,817,q4_sellers_rating,0.7591,0,True,
benchmark,818,q4_sellers_rating,0.81559999999999999,0,True,
benchmark,819,q4_sellers_rating,0.71009999999999995,0,True,
benchmark,820,q4_sellers_rating,0.77229999999999999,0,True,
benchmark,821,q4_sellers_rating,0.76160000000000005,0,True,
benchmark,822,q4_sellers_rating,0.81489999999999996,0,True,
benchmark,823,q4_sellers_rating,0.75349999999999995,0,True,
benchmark,824,q4_sellers_rating,0.79379999999999995,0,True,
benchmark,825,q4_sellers_rating,0.70960000000000001,0,True,
benchmark,826,q4_sellers_rating,0.66010000000000002,0,True,
benchmark,827,q4_sellers_rating,0.82279999999999998,0,True,
benchmark,828,q4_sellers_rating,0.64629999999999999,0,True,
benchmark,829,q4_sellers_rating,0.75080000000000002,0,True,
benchmark,830,q4_sellers_rating,0.66439999999999999,0,True,
benchmark,831,q4_sellers_rating,0.63419999999999999,0,True,
benchmark,832,q4_sellers_rating,0.67459999999999998,0,True,
benchmark,833,q4_sellers_rating,0.70120000000000005,0,True,
benchmark,834,q4_sellers_rating,0.68030000000000002,0,True,
benchmark,835,q4_sellers_rating,0.63819999999999999,0,True,
benchmark,836,q4_sellers_rating,0.61650000000000005,0,True,
benchmark,837,q4_sellers_rating,0.61650000000000005,0,True,
benchmark,838,q4_sellers_rating,0.58999999999999997,0,True,
benchmark,839,q4_sellers_rating,0.56640000000000001,0,True,
benchmark,840,q4_sellers_rating,0.65659999999999996,0,True,
benchmark,841,q4_sellers_rating,0.66339999999999999,0,True,
benchmark,842,q4_sellers_rating,1.5223,0,True,
benchmark,843,q4_sellers_rating,0.5917,0,True,
benchmark,844,q4_sellers_rating,0.60629999999999995,0,True,
benchmark,845,q4_sellers_rating,0.63439999999999996,0,True,
benchmark,846,q4_sellers_rating,0.57289999999999996,0,True,
benchmark,847,q4_sellers_rating,0.57010000000000005,0,True,
benchmark,848,q4_sellers_rating,0.61299999999999999,0,True,
benchmark,849,q4_sellers_rating,0.58109999999999995,0,True,
benchmark,850,q4_sellers_rating,0.55989999999999995,0,True,
benchmark,851,q4_sellers_rating,0.56100000000000005,0,True,
benchmark,852,q4_sellers_rating,0.54600000000000004,0,True,
benchmark,853,q4_sellers_rating,0.52239999999999998,0,True,
benchmark,854,q4_sellers_rating,0.56830000000000003,0,True,
benchmark,855,q4_sellers_rating,0.51039999999999996,0,True,
benchmark,856,q4_sellers_rating,0.5544,0,True,
benchmark,857,q4_sellers_rating,0.60450000000000004,0,True,
benchmark,858,q4_sellers_rating,0.52600000000000002,0,True,
benchmark,859,q4_sellers_rating,0.60650000000000004,0,True,
benchmark,860,q4_sellers_rating,0.53520000000000001,0,True,
benchmark,861,q4_sellers_rating,0.56399999999999995,0,True,
benchmark,862,q4_sellers_rating,0.51819999999999999,0,True,
benchmark,863,q4_sellers_rating,1.1395,0,True,
benchmark,864,q4_sellers_rating,0.50219999999999998,0,True,
benchmark,865,q4_sellers_rating,0.51290000000000002,0,True,
benchmark,866,q4_sellers_rating,0.57130000000000003,0,True,
benchmark,867,q4_sellers_rating,0.60919999999999996,0,True,
benchmark,868,q4_sellers_rating,0.54500000000000004,0,True,
benchmark,869,q4_sellers_rating,0.59179999999999999,0,True,
benchmark,870,q4_sellers_rating,0.60640000000000005,0,True,
benchmark,871,q4_sellers_rating,0.72770000000000001,0,True,
benchmark,872,q4_sellers_rating,0.57169999999999999,0,True,
benchmark,873,q4_sellers_rating,0.53349999999999997,0,True,
benchmark,874,q4_sellers_rating,0.54520000000000002,0,True,
benchmark,875,q4_sellers_rating,0.60270000000000001,0,True,
benchmark,876,q4_sellers_rating,0.56000000000000005,0,True,
benchmark,877,q4_sellers_rating,0.54459999999999997,0,True,
benchmark,878,q4_sellers_rating,0.51859999999999995,0,True,
benchmark,879,q4_sellers_rating,0.50580000000000003,0,True,
benchmark,880,q4_sellers_rating,0.5091,0,True,
benchmark,881,q4_sellers_rating,0.51659999999999995,0,True,
benchmark,882,q4_sellers_rating,0.51719999999999999,0,True,
benchmark,883,q4_sellers_rating,0.55479999999999996,0,True,
benchmark,884,q4_sellers_rating,0.48139999999999999,0,True,
benchmark,885,q4_sellers_rating,0.51790000000000003,0,True,
benchmark,886,q4_sellers_rating,0.53690000000000004,0,True,
benchmark,887,q4_sellers_rating,0.45419999999999999,0,True,
benchmark,888,q4_sellers_rating,0.50449999999999995,0,True,
benchmark,889,q4_sellers_rating,0.52049999999999996,0,True,
benchmark,890,q4_sellers_rating,0.60819999999999996,0,True,
benchmark,891,q4_sellers_rating,0.50219999999999998,0,True,
benchmark,892,q4_sellers_rating,0.53759999999999997,0,True,
benchmark,893,q4_sellers_rating,0.49199999999999999,0,True,
benchmark,894,q4_sellers_rating,0.52429999999999999,0,True,
benchmark,895,q4_sellers_rating,0.47860000000000003,0,True,
benchmark,896,q4_sellers_rating,0.49209999999999998,0,True,
benchmark,897,q4_sellers_rating,0.49280000000000002,0,True,
benchmark,898,q4_sellers_rating,0.46029999999999999,0,True,
benchmark,899,q4_sellers_rating,0.48459999999999998,0,True,
benchmark,900,q4_sellers_rating,0.49380000000000002,0,True,
benchmark,901,q4_sellers_rating,1.3902000000000001,0,True,
benchmark,902,q4_sellers_rating,0.83340000000000003,0,True,
benchmark,903,q4_sellers_rating,0.88729999999999998,0,True,
benchmark,904,q4_sellers_rating,0.81679999999999997,0,True,
benchmark,905,q4_sellers_rating,0.81159999999999999,0,True,
benchmark,906,q4_sellers_rating,0.78800000000000003,0,True,
benchmark,907,q4_sellers_rating,0.92290000000000005,0,True,
benchmark,908,q4_sellers_rating,0.71079999999999999,0,True,
benchmark,909,q4_sellers_rating,0.86209999999999998,0,True,
benchmark,910,q4_sellers_rating,0.79259999999999997,0,True,
benchmark,911,q4_sellers_rating,0.90529999999999999,0,True,
benchmark,912,q4_sellers_rating,0.98470000000000002,0,True,
benchmark,913,q4_sellers_rating,0.82969999999999999,0,True,
benchmark,914,q4_sellers_rating,0.75260000000000005,0,True,
benchmark,915,q4_sellers_rating,0.85840000000000005,0,True,
benchmark,916,q4_sellers_rating,1.8932,0,True,
benchmark,917,q4_sellers_rating,0.74780000000000002,0,True,
benchmark,918,q4_sellers_rating,0.60670000000000002,0,True,
benchmark,919,q4_sellers_rating,0.5635,0,True,
benchmark,920,q4_sellers_rating,0.57869999999999999,0,True,
benchmark,921,q4_sellers_rating,0.56200000000000006,0,True,
benchmark,922,q4_sellers_rating,0.60009999999999997,0,True,
benchmark,923,q4_sellers_rating,0.6341,0,True,
benchmark,924,q4_sellers_rating,0.56430000000000002,0,True,
benchmark,925,q4_sellers_rating,0.5978,0,True,
benchmark,926,q4_sellers_rating,0.62190000000000001,0,True,
benchmark,927,q4_sellers_rating,0.59199999999999997,0,True,
benchmark,928,q4_sellers_rating,0.58409999999999995,0,True,
benchmark,929,q4_sellers_rating,0.62939999999999996,0,True,
benchmark,930,q4_sellers_rating,0.57550000000000001,0,True,
benchmark,931,q4_sellers_rating,0.51929999999999998,0,True,
benchmark,932,q4_sellers_rating,0.56820000000000004,0,True,
benchmark,933,q4_sellers_rating,0.57850000000000001,0,True,
benchmark,934,q4_sellers_rating,0.55820000000000003,0,True,
benchmark,935,q4_sellers_rating,0.5091,0,True,
benchmark,936,q4_sellers_rating,0.65669999999999995,0,True,
benchmark,937,q4_sellers_rating,0.52710000000000001,0,True,
benchmark,938,q4_sellers_rating,0.56159999999999999,0,True,
benchmark,939,q4_sellers_rating,0.55589999999999995,0,True,
benchmark,940,q4_sellers_rating,0.5665,0,True,
benchmark,941,q4_sellers_rating,0.60750000000000004,0,True,
benchmark,942,q4_sellers_rating,0.67049999999999998,0,True,
benchmark,943,q4_sellers_rating,0.68159999999999998,0,True,
benchmark,944,q4_sellers_rating,0.56440000000000001,0,True,
benchmark,945,q4_sellers_rating,0.54390000000000005,0,True,
benchmark,946,q4_sellers_rating,0.58650000000000002,0,True,
benchmark,947,q4_sellers_rating,0.53380000000000005,0,True,
benchmark,948,q4_sellers_rating,0.51659999999999995,0,True,
benchmark,949,q4_sellers_rating,0.60640000000000005,0,True,
benchmark,950,q4_sellers_rating,0.53639999999999999,0,True,
benchmark,951,q4_sellers_rating,0.57140000000000002,0,True,
benchmark,952,q4_sellers_rating,0.58279999999999998,0,True,
benchmark,953,q4_sellers_rating,0.54769999999999996,0,True,
benchmark,954,q4_sellers_rating,0.55200000000000005,0,True,
benchmark,955,q4_sellers_rating,0.53549999999999998,0,True,
benchmark,956,q4_sellers_rating,0.55510000000000004,0,True,
benchmark,957,q4_sellers_rating,0.61119999999999997,0,True,
benchmark,958,q4_sellers_rating,1.6827000000000001,0,True,
benchmark,959,q4_sellers_rating,0.63570000000000004,0,True,
benchmark,960,q4_sellers_rating,0.80520000000000003,0,True,
benchmark,961,q4_sellers_rating,0.83040000000000003,0,True,
benchmark,962,q4_sellers_rating,0.5444,0,True,
benchmark,963,q4_sellers_rating,0.57689999999999997,0,True,
benchmark,964,q4_sellers_rating,0.50660000000000005,0,True,
benchmark,965,q4_sellers_rating,0.60909999999999997,0,True,
benchmark,966,q4_sellers_rating,0.5625,0,True,
benchmark,967,q4_sellers_rating,0.67930000000000001,0,True,
benchmark,968,q4_sellers_rating,0.57250000000000001,0,True,
benchmark,969,q4_sellers_rating,0.59799999999999998,0,True,
benchmark,970,q4_sellers_rating,0.97809999999999997,0,True,
benchmark,971,q4_sellers_rating,0.53410000000000002,0,True,
benchmark,972,q4_sellers_rating,0.5292,0,True,
benchmark,973,q4_sellers_rating,0.66320000000000001,0,True,
benchmark,974,q4_sellers_rating,0.58250000000000002,0,True,
benchmark,975,q4_sellers_rating,0.64610000000000001,0,True,
benchmark,976,q4_sellers_rating,0.67769999999999997,0,True,
benchmark,977,q4_sellers_rating,0.60289999999999999,0,True,
benchmark,978,q4_sellers_rating,0.58130000000000004,0,True,
benchmark,979,q4_sellers_rating,0.60629999999999995,0,True,
benchmark,980,q4_sellers_rating,0.59219999999999995,0,True,
benchmark,981,q4_sellers_rating,0.54349999999999998,0,True,
benchmark,982,q4_sellers_rating,0.5665,0,True,
benchmark,983,q4_sellers_rating,0.54300000000000004,0,True,
benchmark,984,q4_sellers_rating,0.58740000000000003,0,True,
benchmark,985,q4_sellers_rating,0.56520000000000004,0,True,
benchmark,986,q4_sellers_rating,0.58309999999999995,0,True,
benchmark,987,q4_sellers_rating,0.61019999999999996,0,True,
benchmark,988,q4_sellers_rating,0.50339999999999996,0,True,
benchmark,989,q4_sellers_rating,0.51249999999999996,0,True,
benchmark,990,q4_sellers_rating,0.62060000000000004,0,True,
benchmark,991,q4_sellers_rating,0.56200000000000006,0,True,
benchmark,992,q4_sellers_rating,0.53149999999999997,0,True,
benchmark,993,q4_sellers_rating,0.59999999999999998,0,True,
benchmark,994,q4_sellers_rating,1.8197000000000001,0,True,
benchmark,995,q4_sellers_rating,0.56850000000000001,0,True,
benchmark,996,q4_sellers_rating,0.49669999999999997,0,True,
benchmark,997,q4_sellers_rating,0.48649999999999999,0,True,
benchmark,998,q4_sellers_rating,0.51880000000000004,0,True,
benchmark,999,q4_sellers_rating,0.53900000000000003,0,True,
benchmark,1000,q4_sellers_rating,0.52869999999999995,0,True,
benchmark,1,q5_orders_offset,1.2315,0,False,Schema is not available for ORDER BY query.
benchmark,2,q5_orders_offset,0.56530000000000002,0,False,Schema is not available for ORDER BY query.
benchmark,3,q5_orders_offset,0.48259999999999997,0,False,Schema is not available for ORDER BY query.
benchmark,4,q5_orders_offset,0.46970000000000001,0,False,Schema is not available for ORDER BY query.
benchmark,5,q5_orders_offset,0.46829999999999999,0,False,Schema is not available for ORDER BY query.
benchmark,6,q5_orders_offset,0.49559999999999998,0,False,Schema is not available for ORDER BY query.
benchmark,7,q5_orders_offset,0.44779999999999998,0,False,Schema is not available for ORDER BY query.
benchmark,8,q5_orders_offset,0.48820000000000002,0,False,Schema is not available for ORDER BY query.
benchmark,9,q5_orders_offset,0.71020000000000005,0,False,Schema is not available for ORDER BY query.
benchmark,10,q5_orders_offset,0.59189999999999998,0,False,Schema is not available for ORDER BY query.
benchmark,11,q5_orders_offset,0.67090000000000005,0,False,Schema is not available for ORDER BY query.
benchmark,12,q5_orders_offset,1.1211,0,False,Schema is not available for ORDER BY query.
benchmark,13,q5_orders_offset,1.0054000000000001,0,False,Schema is not available for ORDER BY query.
benchmark,14,q5_orders_offset,0.50690000000000002,0,False,Schema is not available for ORDER BY query.
benchmark,15,q5_orders_offset,0.50939999999999996,0,False,Schema is not available for ORDER BY query.
benchmark,16,q5_orders_offset,0.88049999999999995,0,False,Schema is not available for ORDER BY query.
benchmark,17,q5_orders_offset,0.54669999999999996,0,False,Schema is not available for ORDER BY query.
benchmark,18,q5_orders_offset,0.6452,0,False,Schema is not available for ORDER BY query.
benchmark,19,q5_orders_offset,0.77529999999999999,0,False,Schema is not available for ORDER BY query.
benchmark,20,q5_orders_offset,0.84350000000000003,0,False,Schema is not available for ORDER BY query.
benchmark,21,q5_orders_offset,0.87450000000000006,0,False,Schema is not available for ORDER BY query.
benchmark,22,q5_orders_offset,0.68149999999999999,0,False,Schema is not available for ORDER BY query.
benchmark,23,q5_orders_offset,0.79039999999999999,0,False,Schema is not available for ORDER BY query.
benchmark,24,q5_orders_offset,0.6018,0,False,Schema is not available for ORDER BY query.
benchmark,25,q5_orders_offset,1.4963,0,False,Schema is not available for ORDER BY query.
benchmark,26,q5_orders_offset,0.42320000000000002,0,False,Schema is not available for ORDER BY query.
benchmark,27,q5_orders_offset,0.5534,0,False,Schema is not available for ORDER BY query.
benchmark,28,q5_orders_offset,1.0579000000000001,0,False,Schema is not available for ORDER BY query.
benchmark,29,q5_orders_offset,0.58650000000000002,0,False,Schema is not available for ORDER BY query.
benchmark,30,q5_orders_offset,0.53449999999999998,0,False,Schema is not available for ORDER BY query.
benchmark,31,q5_orders_offset,0.60840000000000005,0,False,Schema is not available for ORDER BY query.
benchmark,32,q5_orders_offset,1.0243,0,False,Schema is not available for ORDER BY query.
benchmark,33,q5_orders_offset,0.62739999999999996,0,False,Schema is not available for ORDER BY query.
benchmark,34,q5_orders_offset,0.62739999999999996,0,False,Schema is not available for ORDER BY query.
benchmark,35,q5_orders_offset,0.83530000000000004,0,False,Schema is not available for ORDER BY query.
benchmark,36,q5_orders_offset,0.63329999999999997,0,False,Schema is not available for ORDER BY query.
benchmark,37,q5_orders_offset,0.60399999999999998,0,False,Schema is not available for ORDER BY query.
benchmark,38,q5_orders_offset,0.62270000000000003,0,False,Schema is not available for ORDER BY query.
benchmark,39,q5_orders_offset,0.50139999999999996,0,False,Schema is not available for ORDER BY query.
benchmark,40,q5_orders_offset,0.54449999999999998,0,False,Schema is not available for ORDER BY query.
benchmark,41,q5_orders_offset,0.42980000000000002,0,False,Schema is not available for ORDER BY query.
benchmark,42,q5_orders_offset,0.52200000000000002,0,False,Schema is not available for ORDER BY query.
benchmark,43,q5_orders_offset,0.40389999999999998,0,False,Schema is not available for ORDER BY query.
benchmark,44,q5_orders_offset,0.35270000000000001,0,False,Schema is not available for ORDER BY query.
benchmark,45,q5_orders_offset,0.31030000000000002,0,False,Schema is not available for ORDER BY query.
benchmark,46,q5_orders_offset,0.27260000000000001,0,False,Schema is not available for ORDER BY query.
benchmark,47,q5_orders_offset,0.29330000000000001,0,False,Schema is not available for ORDER BY query.
benchmark,48,q5_orders_offset,0.2545,0,False,Schema is not available for ORDER BY query.
benchmark,49,q5_orders_offset,0.2399,0,False,Schema is not available for ORDER BY query.
benchmark,50,q5_orders_offset,0.2772,0,False,Schema is not available for ORDER BY query.
benchmark,51,q5_orders_offset,0.27510000000000001,0,False,Schema is not available for ORDER BY query.
benchmark,52,q5_orders_offset,0.24879999999999999,0,False,Schema is not available for ORDER BY query.
benchmark,53,q5_orders_offset,0.2802,0,False,Schema is not available for ORDER BY query.
benchmark,54,q5_orders_offset,0.27000000000000002,0,False,Schema is not available for ORDER BY query.
benchmark,55,q5_orders_offset,0.28339999999999999,0,False,Schema is not available for ORDER BY query.
benchmark,56,q5_orders_offset,0.251,0,False,Schema is not available for ORDER BY query.
benchmark,57,q5_orders_offset,0.30099999999999999,0,False,Schema is not available for ORDER BY query.
benchmark,58,q5_orders_offset,0.2697,0,False,Schema is not available for ORDER BY query.
benchmark,59,q5_orders_offset,0.31319999999999998,0,False,Schema is not available for ORDER BY query.
benchmark,60,q5_orders_offset,0.27629999999999999,0,False,Schema is not available for ORDER BY query.
benchmark,61,q5_orders_offset,0.2472,0,False,Schema is not available for ORDER BY query.
benchmark,62,q5_orders_offset,0.23580000000000001,0,False,Schema is not available for ORDER BY query.
benchmark,63,q5_orders_offset,0.2253,0,False,Schema is not available for ORDER BY query.
benchmark,64,q5_orders_offset,0.24510000000000001,0,False,Schema is not available for ORDER BY query.
benchmark,65,q5_orders_offset,0.30099999999999999,0,False,Schema is not available for ORDER BY query.
benchmark,66,q5_orders_offset,0.32469999999999999,0,False,Schema is not available for ORDER BY query.
benchmark,67,q5_orders_offset,0.30270000000000002,0,False,Schema is not available for ORDER BY query.
benchmark,68,q5_orders_offset,0.35759999999999997,0,False,Schema is not available for ORDER BY query.
benchmark,69,q5_orders_offset,0.3805,0,False,Schema is not available for ORDER BY query.
benchmark,70,q5_orders_offset,0.35139999999999999,0,False,Schema is not available for ORDER BY query.
benchmark,71,q5_orders_offset,0.28910000000000002,0,False,Schema is not available for ORDER BY query.
benchmark,72,q5_orders_offset,0.28749999999999998,0,False,Schema is not available for ORDER BY query.
benchmark,73,q5_orders_offset,0.2429,0,False,Schema is not available for ORDER BY query.
benchmark,74,q5_orders_offset,0.26029999999999998,0,False,Schema is not available for ORDER BY query.
benchmark,75,q5_orders_offset,0.27860000000000001,0,False,Schema is not available for ORDER BY query.
benchmark,76,q5_orders_offset,0.27710000000000001,0,False,Schema is not available for ORDER BY query.
benchmark,77,q5_orders_offset,0.28889999999999999,0,False,Schema is not available for ORDER BY query.
benchmark,78,q5_orders_offset,0.29809999999999998,0,False,Schema is not available for ORDER BY query.
benchmark,79,q5_orders_offset,0.27629999999999999,0,False,Schema is not available for ORDER BY query.
benchmark,80,q5_orders_offset,0.2722,0,False,Schema is not available for ORDER BY query.
benchmark,81,q5_orders_offset,0.28539999999999999,0,False,Schema is not available for ORDER BY query.
benchmark,82,q5_orders_offset,0.28470000000000001,0,False,Schema is not available for ORDER BY query.
benchmark,83,q5_orders_offset,0.2747,0,False,Schema is not available for ORDER BY query.
benchmark,84,q5_orders_offset,0.31869999999999998,0,False,Schema is not available for ORDER BY query.
benchmark,85,q5_orders_offset,0.27889999999999998,0,False,Schema is not available for ORDER BY query.
benchmark,86,q5_orders_offset,0.27489999999999998,0,False,Schema is not available for ORDER BY query.
benchmark,87,q5_orders_offset,0.28649999999999998,0,False,Schema is not available for ORDER BY query.
benchmark,88,q5_orders_offset,0.27750000000000002,0,False,Schema is not available for ORDER BY query.
benchmark,89,q5_orders_offset,0.25580000000000003,0,False,Schema is not available for ORDER BY query.
benchmark,90,q5_orders_offset,0.28260000000000002,0,False,Schema is not available for ORDER BY query.
benchmark,91,q5_orders_offset,0.28960000000000002,0,False,Schema is not available for ORDER BY query.
benchmark,92,q5_orders_offset,0.28289999999999998,0,False,Schema is not available for ORDER BY query.
benchmark,93,q5_orders_offset,0.25019999999999998,0,False,Schema is not available for ORDER BY query.
benchmark,94,q5_orders_offset,0.2457,0,False,Schema is not available for ORDER BY query.
benchmark,95,q5_orders_offset,0.24399999999999999,0,False,Schema is not available for ORDER BY query.
benchmark,96,q5_orders_offset,0.25459999999999999,0,False,Schema is not available for ORDER BY query.
benchmark,97,q5_orders_offset,0.23910000000000001,0,False,Schema is not available for ORDER BY query.
benchmark,98,q5_orders_offset,0.25030000000000002,0,False,Schema is not available for ORDER BY query.
benchmark,99,q5_orders_offset,0.2661,0,False,Schema is not available for ORDER BY query.
benchmark,100,q5_orders_offset,0.28410000000000002,0,False,Schema is not available for ORDER BY query.
benchmark,101,q5_orders_offset,1.7885,0,False,Schema is not available for ORDER BY query.
benchmark,102,q5_orders_offset,0.6754,0,False,Schema is not available for ORDER BY query.
benchmark,103,q5_orders_offset,0.57969999999999999,0,False,Schema is not available for ORDER BY query.
benchmark,104,q5_orders_offset,0.74309999999999998,0,False,Schema is not available for ORDER BY query.
benchmark,105,q5_orders_offset,0.66839999999999999,0,False,Schema is not available for ORDER BY query.
benchmark,106,q5_orders_offset,0.63849999999999996,0,False,Schema is not available for ORDER BY query.
benchmark,107,q5_orders_offset,1.1504000000000001,0,False,Schema is not available for ORDER BY query.
benchmark,108,q5_orders_offset,0.53310000000000002,0,False,Schema is not available for ORDER BY query.
benchmark,109,q5_orders_offset,0.50660000000000005,0,False,Schema is not available for ORDER BY query.
benchmark,110,q5_orders_offset,0.4763,0,False,Schema is not available for ORDER BY query.
benchmark,111,q5_orders_offset,0.51229999999999998,0,False,Schema is not available for ORDER BY query.
benchmark,112,q5_orders_offset,0.56669999999999998,0,False,Schema is not available for ORDER BY query.
benchmark,113,q5_orders_offset,0.42159999999999997,0,False,Schema is not available for ORDER BY query.
benchmark,114,q5_orders_offset,0.47049999999999997,0,False,Schema is not available for ORDER BY query.
benchmark,115,q5_orders_offset,0.44130000000000003,0,False,Schema is not available for ORDER BY query.
benchmark,116,q5_orders_offset,0.68179999999999996,0,False,Schema is not available for ORDER BY query.
benchmark,117,q5_orders_offset,0.77590000000000003,0,False,Schema is not available for ORDER BY query.
benchmark,118,q5_orders_offset,0.62009999999999998,0,False,Schema is not available for ORDER BY query.
benchmark,119,q5_orders_offset,0.56869999999999998,0,False,Schema is not available for ORDER BY query.
benchmark,120,q5_orders_offset,0.78410000000000002,0,False,Schema is not available for ORDER BY query.
benchmark,121,q5_orders_offset,0.76759999999999995,0,False,Schema is not available for ORDER BY query.
benchmark,122,q5_orders_offset,0.6452,0,False,Schema is not available for ORDER BY query.
benchmark,123,q5_orders_offset,0.63519999999999999,0,False,Schema is not available for ORDER BY query.
benchmark,124,q5_orders_offset,0.65449999999999997,0,False,Schema is not available for ORDER BY query.
benchmark,125,q5_orders_offset,0.61070000000000002,0,False,Schema is not available for ORDER BY query.
benchmark,126,q5_orders_offset,0.52229999999999999,0,False,Schema is not available for ORDER BY query.
benchmark,127,q5_orders_offset,0.43640000000000001,0,False,Schema is not available for ORDER BY query.
benchmark,128,q5_orders_offset,0.43430000000000002,0,False,Schema is not available for ORDER BY query.
benchmark,129,q5_orders_offset,0.54930000000000001,0,False,Schema is not available for ORDER BY query.
benchmark,130,q5_orders_offset,0.41170000000000001,0,False,Schema is not available for ORDER BY query.
benchmark,131,q5_orders_offset,0.47949999999999998,0,False,Schema is not available for ORDER BY query.
benchmark,132,q5_orders_offset,0.49590000000000001,0,False,Schema is not available for ORDER BY query.
benchmark,133,q5_orders_offset,0.61890000000000001,0,False,Schema is not available for ORDER BY query.
benchmark,134,q5_orders_offset,1.0415000000000001,0,False,Schema is not available for ORDER BY query.
benchmark,135,q5_orders_offset,0.58089999999999997,0,False,Schema is not available for ORDER BY query.
benchmark,136,q5_orders_offset,0.59560000000000002,0,False,Schema is not available for ORDER BY query.
benchmark,137,q5_orders_offset,0.53459999999999996,0,False,Schema is not available for ORDER BY query.
benchmark,138,q5_orders_offset,0.52800000000000002,0,False,Schema is not available for ORDER BY query.
benchmark,139,q5_orders_offset,0.76829999999999998,0,False,Schema is not available for ORDER BY query.
benchmark,140,q5_orders_offset,0.64100000000000001,0,False,Schema is not available for ORDER BY query.
benchmark,141,q5_orders_offset,0.64239999999999997,0,False,Schema is not available for ORDER BY query.
benchmark,142,q5_orders_offset,0.55130000000000001,0,False,Schema is not available for ORDER BY query.
benchmark,143,q5_orders_offset,0.66620000000000001,0,False,Schema is not available for ORDER BY query.
benchmark,144,q5_orders_offset,0.49530000000000002,0,False,Schema is not available for ORDER BY query.
benchmark,145,q5_orders_offset,0.38319999999999999,0,False,Schema is not available for ORDER BY query.
benchmark,146,q5_orders_offset,0.42020000000000002,0,False,Schema is not available for ORDER BY query.
benchmark,147,q5_orders_offset,0.35149999999999998,0,False,Schema is not available for ORDER BY query.
benchmark,148,q5_orders_offset,0.35260000000000002,0,False,Schema is not available for ORDER BY query.
benchmark,149,q5_orders_offset,0.32450000000000001,0,False,Schema is not available for ORDER BY query.
benchmark,150,q5_orders_offset,0.30149999999999999,0,False,Schema is not available for ORDER BY query.
benchmark,151,q5_orders_offset,0.35759999999999997,0,False,Schema is not available for ORDER BY query.
benchmark,152,q5_orders_offset,0.29920000000000002,0,False,Schema is not available for ORDER BY query.
benchmark,153,q5_orders_offset,0.27750000000000002,0,False,Schema is not available for ORDER BY query.
benchmark,154,q5_orders_offset,0.31580000000000003,0,False,Schema is not available for ORDER BY query.
benchmark,155,q5_orders_offset,0.32400000000000001,0,False,Schema is not available for ORDER BY query.
benchmark,156,q5_orders_offset,0.30869999999999997,0,False,Schema is not available for ORDER BY query.
benchmark,157,q5_orders_offset,0.315,0,False,Schema is not available for ORDER BY query.
benchmark,158,q5_orders_offset,0.3054,0,False,Schema is not available for ORDER BY query.
benchmark,159,q5_orders_offset,0.30470000000000003,0,False,Schema is not available for ORDER BY query.
benchmark,160,q5_orders_offset,0.31090000000000001,0,False,Schema is not available for ORDER BY query.
benchmark,161,q5_orders_offset,0.33439999999999998,0,False,Schema is not available for ORDER BY query.
benchmark,162,q5_orders_offset,0.30790000000000001,0,False,Schema is not available for ORDER BY query.
benchmark,163,q5_orders_offset,0.34449999999999997,0,False,Schema is not available for ORDER BY query.
benchmark,164,q5_orders_offset,0.35410000000000003,0,False,Schema is not available for ORDER BY query.
benchmark,165,q5_orders_offset,0.29520000000000002,0,False,Schema is not available for ORDER BY query.
benchmark,166,q5_orders_offset,0.30919999999999997,0,False,Schema is not available for ORDER BY query.
benchmark,167,q5_orders_offset,0.3226,0,False,Schema is not available for ORDER BY query.
benchmark,168,q5_orders_offset,0.4501,0,False,Schema is not available for ORDER BY query.
benchmark,169,q5_orders_offset,0.31530000000000002,0,False,Schema is not available for ORDER BY query.
benchmark,170,q5_orders_offset,0.3201,0,False,Schema is not available for ORDER BY query.
benchmark,171,q5_orders_offset,0.34920000000000001,0,False,Schema is not available for ORDER BY query.
benchmark,172,q5_orders_offset,0.29820000000000002,0,False,Schema is not available for ORDER BY query.
benchmark,173,q5_orders_offset,0.30270000000000002,0,False,Schema is not available for ORDER BY query.
benchmark,174,q5_orders_offset,0.32879999999999998,0,False,Schema is not available for ORDER BY query.
benchmark,175,q5_orders_offset,0.30220000000000002,0,False,Schema is not available for ORDER BY query.
benchmark,176,q5_orders_offset,0.29880000000000001,0,False,Schema is not available for ORDER BY query.
benchmark,177,q5_orders_offset,0.29859999999999998,0,False,Schema is not available for ORDER BY query.
benchmark,178,q5_orders_offset,0.28129999999999999,0,False,Schema is not available for ORDER BY query.
benchmark,179,q5_orders_offset,0.31790000000000002,0,False,Schema is not available for ORDER BY query.
benchmark,180,q5_orders_offset,0.34839999999999999,0,False,Schema is not available for ORDER BY query.
benchmark,181,q5_orders_offset,0.27700000000000002,0,False,Schema is not available for ORDER BY query.
benchmark,182,q5_orders_offset,0.31469999999999998,0,False,Schema is not available for ORDER BY query.
benchmark,183,q5_orders_offset,0.32169999999999999,0,False,Schema is not available for ORDER BY query.
benchmark,184,q5_orders_offset,0.28270000000000001,0,False,Schema is not available for ORDER BY query.
benchmark,185,q5_orders_offset,0.28039999999999998,0,False,Schema is not available for ORDER BY query.
benchmark,186,q5_orders_offset,0.3387,0,False,Schema is not available for ORDER BY query.
benchmark,187,q5_orders_offset,0.31330000000000002,0,False,Schema is not available for ORDER BY query.
benchmark,188,q5_orders_offset,0.32140000000000002,0,False,Schema is not available for ORDER BY query.
benchmark,189,q5_orders_offset,0.42020000000000002,0,False,Schema is not available for ORDER BY query.
benchmark,190,q5_orders_offset,0.44800000000000001,0,False,Schema is not available for ORDER BY query.
benchmark,191,q5_orders_offset,0.31059999999999999,0,False,Schema is not available for ORDER BY query.
benchmark,192,q5_orders_offset,0.30299999999999999,0,False,Schema is not available for ORDER BY query.
benchmark,193,q5_orders_offset,0.27710000000000001,0,False,Schema is not available for ORDER BY query.
benchmark,194,q5_orders_offset,0.30120000000000002,0,False,Schema is not available for ORDER BY query.
benchmark,195,q5_orders_offset,0.2717,0,False,Schema is not available for ORDER BY query.
benchmark,196,q5_orders_offset,0.28270000000000001,0,False,Schema is not available for ORDER BY query.
benchmark,197,q5_orders_offset,0.30120000000000002,0,False,Schema is not available for ORDER BY query.
benchmark,198,q5_orders_offset,0.32200000000000001,0,False,Schema is not available for ORDER BY query.
benchmark,199,q5_orders_offset,0.2757,0,False,Schema is not available for ORDER BY query.
benchmark,200,q5_orders_offset,0.26939999999999997,0,False,Schema is not available for ORDER BY query.
benchmark,201,q5_orders_offset,1.6657,0,False,Schema is not available for ORDER BY query.
benchmark,202,q5_orders_offset,0.8458,0,False,Schema is not available for ORDER BY query.
benchmark,203,q5_orders_offset,0.61990000000000001,0,False,Schema is not available for ORDER BY query.
benchmark,204,q5_orders_offset,0.54090000000000005,0,False,Schema is not available for ORDER BY query.
benchmark,205,q5_orders_offset,0.55600000000000005,0,False,Schema is not available for ORDER BY query.
benchmark,206,q5_orders_offset,0.55710000000000004,0,False,Schema is not available for ORDER BY query.
benchmark,207,q5_orders_offset,0.52170000000000005,0,False,Schema is not available for ORDER BY query.
benchmark,208,q5_orders_offset,0.5071,0,False,Schema is not available for ORDER BY query.
benchmark,209,q5_orders_offset,0.46800000000000003,0,False,Schema is not available for ORDER BY query.
benchmark,210,q5_orders_offset,0.4471,0,False,Schema is not available for ORDER BY query.
benchmark,211,q5_orders_offset,0.42549999999999999,0,False,Schema is not available for ORDER BY query.
benchmark,212,q5_orders_offset,0.40289999999999998,0,False,Schema is not available for ORDER BY query.
benchmark,213,q5_orders_offset,0.45779999999999998,0,False,Schema is not available for ORDER BY query.
benchmark,214,q5_orders_offset,0.86560000000000004,0,False,Schema is not available for ORDER BY query.
benchmark,215,q5_orders_offset,0.76970000000000005,0,False,Schema is not available for ORDER BY query.
benchmark,216,q5_orders_offset,0.64859999999999995,0,False,Schema is not available for ORDER BY query.
benchmark,217,q5_orders_offset,0.56259999999999999,0,False,Schema is not available for ORDER BY query.
benchmark,218,q5_orders_offset,0.5484,0,False,Schema is not available for ORDER BY query.
benchmark,219,q5_orders_offset,0.57050000000000001,0,False,Schema is not available for ORDER BY query.
benchmark,220,q5_orders_offset,0.56699999999999995,0,False,Schema is not available for ORDER BY query.
benchmark,221,q5_orders_offset,0.56489999999999996,0,False,Schema is not available for ORDER BY query.
benchmark,222,q5_orders_offset,0.56640000000000001,0,False,Schema is not available for ORDER BY query.
benchmark,223,q5_orders_offset,0.53159999999999996,0,False,Schema is not available for ORDER BY query.
benchmark,224,q5_orders_offset,0.52280000000000004,0,False,Schema is not available for ORDER BY query.
benchmark,225,q5_orders_offset,0.54720000000000002,0,False,Schema is not available for ORDER BY query.
benchmark,226,q5_orders_offset,0.52769999999999995,0,False,Schema is not available for ORDER BY query.
benchmark,227,q5_orders_offset,0.48349999999999999,0,False,Schema is not available for ORDER BY query.
benchmark,228,q5_orders_offset,0.46820000000000001,0,False,Schema is not available for ORDER BY query.
benchmark,229,q5_orders_offset,0.53920000000000001,0,False,Schema is not available for ORDER BY query.
benchmark,230,q5_orders_offset,0.46710000000000002,0,False,Schema is not available for ORDER BY query.
benchmark,231,q5_orders_offset,0.62329999999999997,0,False,Schema is not available for ORDER BY query.
benchmark,232,q5_orders_offset,0.47170000000000001,0,False,Schema is not available for ORDER BY query.
benchmark,233,q5_orders_offset,0.47220000000000001,0,False,Schema is not available for ORDER BY query.
benchmark,234,q5_orders_offset,0.56579999999999997,0,False,Schema is not available for ORDER BY query.
benchmark,235,q5_orders_offset,0.65110000000000001,0,False,Schema is not available for ORDER BY query.
benchmark,236,q5_orders_offset,0.79600000000000004,0,False,Schema is not available for ORDER BY query.
benchmark,237,q5_orders_offset,0.66300000000000003,0,False,Schema is not available for ORDER BY query.
benchmark,238,q5_orders_offset,0.72250000000000003,0,False,Schema is not available for ORDER BY query.
benchmark,239,q5_orders_offset,0.81810000000000005,0,False,Schema is not available for ORDER BY query.
benchmark,240,q5_orders_offset,0.90339999999999998,0,False,Schema is not available for ORDER BY query.
benchmark,241,q5_orders_offset,1.0176000000000001,0,False,Schema is not available for ORDER BY query.
benchmark,242,q5_orders_offset,0.8417,0,False,Schema is not available for ORDER BY query.
benchmark,243,q5_orders_offset,0.66690000000000005,0,False,Schema is not available for ORDER BY query.
benchmark,244,q5_orders_offset,0.72599999999999998,0,False,Schema is not available for ORDER BY query.
benchmark,245,q5_orders_offset,0.64090000000000003,0,False,Schema is not available for ORDER BY query.
benchmark,246,q5_orders_offset,0.82809999999999995,0,False,Schema is not available for ORDER BY query.
benchmark,247,q5_orders_offset,0.54720000000000002,0,False,Schema is not available for ORDER BY query.
benchmark,248,q5_orders_offset,0.4758,0,False,Schema is not available for ORDER BY query.
benchmark,249,q5_orders_offset,0.5403,0,False,Schema is not available for ORDER BY query.
benchmark,250,q5_orders_offset,0.59040000000000004,0,False,Schema is not available for ORDER BY query.
benchmark,251,q5_orders_offset,0.66310000000000002,0,False,Schema is not available for ORDER BY query.
benchmark,252,q5_orders_offset,0.68500000000000005,0,False,Schema is not available for ORDER BY query.
benchmark,253,q5_orders_offset,0.54020000000000001,0,False,Schema is not available for ORDER BY query.
benchmark,254,q5_orders_offset,0.76200000000000001,0,False,Schema is not available for ORDER BY query.
benchmark,255,q5_orders_offset,0.66720000000000002,0,False,Schema is not available for ORDER BY query.
benchmark,256,q5_orders_offset,0.60299999999999998,0,False,Schema is not available for ORDER BY query.
benchmark,257,q5_orders_offset,0.75049999999999994,0,False,Schema is not available for ORDER BY query.
benchmark,258,q5_orders_offset,1.0264,0,False,Schema is not available for ORDER BY query.
benchmark,259,q5_orders_offset,0.6048,0,False,Schema is not available for ORDER BY query.
benchmark,260,q5_orders_offset,0.60370000000000001,0,False,Schema is not available for ORDER BY query.
benchmark,261,q5_orders_offset,0.52429999999999999,0,False,Schema is not available for ORDER BY query.
benchmark,262,q5_orders_offset,0.57299999999999995,0,False,Schema is not available for ORDER BY query.
benchmark,263,q5_orders_offset,0.9012,0,False,Schema is not available for ORDER BY query.
benchmark,264,q5_orders_offset,0.6371,0,False,Schema is not available for ORDER BY query.
benchmark,265,q5_orders_offset,0.63759999999999994,0,False,Schema is not available for ORDER BY query.
benchmark,266,q5_orders_offset,0.81559999999999999,0,False,Schema is not available for ORDER BY query.
benchmark,267,q5_orders_offset,0.5292,0,False,Schema is not available for ORDER BY query.
benchmark,268,q5_orders_offset,0.47189999999999999,0,False,Schema is not available for ORDER BY query.
benchmark,269,q5_orders_offset,0.44650000000000001,0,False,Schema is not available for ORDER BY query.
benchmark,270,q5_orders_offset,0.44409999999999999,0,False,Schema is not available for ORDER BY query.
benchmark,271,q5_orders_offset,0.3947,0,False,Schema is not available for ORDER BY query.
benchmark,272,q5_orders_offset,0.39050000000000001,0,False,Schema is not available for ORDER BY query.
benchmark,273,q5_orders_offset,0.33689999999999998,0,False,Schema is not available for ORDER BY query.
benchmark,274,q5_orders_offset,0.379,0,False,Schema is not available for ORDER BY query.
benchmark,275,q5_orders_offset,0.36459999999999998,0,False,Schema is not available for ORDER BY query.
benchmark,276,q5_orders_offset,0.31080000000000002,0,False,Schema is not available for ORDER BY query.
benchmark,277,q5_orders_offset,0.39529999999999998,0,False,Schema is not available for ORDER BY query.
benchmark,278,q5_orders_offset,0.30130000000000001,0,False,Schema is not available for ORDER BY query.
benchmark,279,q5_orders_offset,0.29930000000000001,0,False,Schema is not available for ORDER BY query.
benchmark,280,q5_orders_offset,0.31619999999999998,0,False,Schema is not available for ORDER BY query.
benchmark,281,q5_orders_offset,0.40720000000000001,0,False,Schema is not available for ORDER BY query.
benchmark,282,q5_orders_offset,0.3367,0,False,Schema is not available for ORDER BY query.
benchmark,283,q5_orders_offset,0.31459999999999999,0,False,Schema is not available for ORDER BY query.
benchmark,284,q5_orders_offset,0.33279999999999998,0,False,Schema is not available for ORDER BY query.
benchmark,285,q5_orders_offset,0.30790000000000001,0,False,Schema is not available for ORDER BY query.
benchmark,286,q5_orders_offset,0.32040000000000002,0,False,Schema is not available for ORDER BY query.
benchmark,287,q5_orders_offset,0.3664,0,False,Schema is not available for ORDER BY query.
benchmark,288,q5_orders_offset,0.2954,0,False,Schema is not available for ORDER BY query.
benchmark,289,q5_orders_offset,0.29199999999999998,0,False,Schema is not available for ORDER BY query.
benchmark,290,q5_orders_offset,0.29599999999999999,0,False,Schema is not available for ORDER BY query.
benchmark,291,q5_orders_offset,0.27539999999999998,0,False,Schema is not available for ORDER BY query.
benchmark,292,q5_orders_offset,0.30520000000000003,0,False,Schema is not available for ORDER BY query.
benchmark,293,q5_orders_offset,0.26950000000000002,0,False,Schema is not available for ORDER BY query.
benchmark,294,q5_orders_offset,1.2225999999999999,0,False,Schema is not available for ORDER BY query.
benchmark,295,q5_orders_offset,0.31580000000000003,0,False,Schema is not available for ORDER BY query.
benchmark,296,q5_orders_offset,0.29039999999999999,0,False,Schema is not available for ORDER BY query.
benchmark,297,q5_orders_offset,0.30420000000000003,0,False,Schema is not available for ORDER BY query.
benchmark,298,q5_orders_offset,0.33729999999999999,0,False,Schema is not available for ORDER BY query.
benchmark,299,q5_orders_offset,0.31969999999999998,0,False,Schema is not available for ORDER BY query.
benchmark,300,q5_orders_offset,0.40450000000000003,0,False,Schema is not available for ORDER BY query.
benchmark,301,q5_orders_offset,1.8016000000000001,0,False,Schema is not available for ORDER BY query.
benchmark,302,q5_orders_offset,0.73029999999999995,0,False,Schema is not available for ORDER BY query.
benchmark,303,q5_orders_offset,0.60129999999999995,0,False,Schema is not available for ORDER BY query.
benchmark,304,q5_orders_offset,0.52749999999999997,0,False,Schema is not available for ORDER BY query.
benchmark,305,q5_orders_offset,0.54039999999999999,0,False,Schema is not available for ORDER BY query.
benchmark,306,q5_orders_offset,0.49030000000000001,0,False,Schema is not available for ORDER BY query.
benchmark,307,q5_orders_offset,0.4365,0,False,Schema is not available for ORDER BY query.
benchmark,308,q5_orders_offset,0.44819999999999999,0,False,Schema is not available for ORDER BY query.
benchmark,309,q5_orders_offset,0.56940000000000002,0,False,Schema is not available for ORDER BY query.
benchmark,310,q5_orders_offset,0.69269999999999998,0,False,Schema is not available for ORDER BY query.
benchmark,311,q5_orders_offset,0.57809999999999995,0,False,Schema is not available for ORDER BY query.
benchmark,312,q5_orders_offset,0.47320000000000001,0,False,Schema is not available for ORDER BY query.
benchmark,313,q5_orders_offset,0.50490000000000002,0,False,Schema is not available for ORDER BY query.
benchmark,314,q5_orders_offset,0.62229999999999996,0,False,Schema is not available for ORDER BY query.
benchmark,315,q5_orders_offset,0.56259999999999999,0,False,Schema is not available for ORDER BY query.
benchmark,316,q5_orders_offset,0.48430000000000001,0,False,Schema is not available for ORDER BY query.
benchmark,317,q5_orders_offset,0.46389999999999998,0,False,Schema is not available for ORDER BY query.
benchmark,318,q5_orders_offset,0.50339999999999996,0,False,Schema is not available for ORDER BY query.
benchmark,319,q5_orders_offset,0.52559999999999996,0,False,Schema is not available for ORDER BY query.
benchmark,320,q5_orders_offset,0.84750000000000003,0,False,Schema is not available for ORDER BY query.
benchmark,321,q5_orders_offset,0.72050000000000003,0,False,Schema is not available for ORDER BY query.
benchmark,322,q5_orders_offset,0.67000000000000004,0,False,Schema is not available for ORDER BY query.
benchmark,323,q5_orders_offset,0.55389999999999995,0,False,Schema is not available for ORDER BY query.
benchmark,324,q5_orders_offset,0.60019999999999996,0,False,Schema is not available for ORDER BY query.
benchmark,325,q5_orders_offset,0.47849999999999998,0,False,Schema is not available for ORDER BY query.
benchmark,326,q5_orders_offset,0.52539999999999998,0,False,Schema is not available for ORDER BY query.
benchmark,327,q5_orders_offset,0.6431,0,False,Schema is not available for ORDER BY query.
benchmark,328,q5_orders_offset,0.57499999999999996,0,False,Schema is not available for ORDER BY query.
benchmark,329,q5_orders_offset,0.62960000000000005,0,False,Schema is not available for ORDER BY query.
benchmark,330,q5_orders_offset,0.62239999999999995,0,False,Schema is not available for ORDER BY query.
benchmark,331,q5_orders_offset,0.57269999999999999,0,False,Schema is not available for ORDER BY query.
benchmark,332,q5_orders_offset,0.55840000000000001,0,False,Schema is not available for ORDER BY query.
benchmark,333,q5_orders_offset,0.59350000000000003,0,False,Schema is not available for ORDER BY query.
benchmark,334,q5_orders_offset,0.6472,0,False,Schema is not available for ORDER BY query.
benchmark,335,q5_orders_offset,0.5766,0,False,Schema is not available for ORDER BY query.
benchmark,336,q5_orders_offset,0.60499999999999998,0,False,Schema is not available for ORDER BY query.
benchmark,337,q5_orders_offset,0.54430000000000001,0,False,Schema is not available for ORDER BY query.
benchmark,338,q5_orders_offset,0.78039999999999998,0,False,Schema is not available for ORDER BY query.
benchmark,339,q5_orders_offset,0.80289999999999995,0,False,Schema is not available for ORDER BY query.
benchmark,340,q5_orders_offset,0.51690000000000003,0,False,Schema is not available for ORDER BY query.
benchmark,341,q5_orders_offset,0.57750000000000001,0,False,Schema is not available for ORDER BY query.
benchmark,342,q5_orders_offset,0.73570000000000002,0,False,Schema is not available for ORDER BY query.
benchmark,343,q5_orders_offset,0.50690000000000002,0,False,Schema is not available for ORDER BY query.
benchmark,344,q5_orders_offset,0.47289999999999999,0,False,Schema is not available for ORDER BY query.
benchmark,345,q5_orders_offset,0.42530000000000001,0,False,Schema is not available for ORDER BY query.
benchmark,346,q5_orders_offset,0.47899999999999998,0,False,Schema is not available for ORDER BY query.
benchmark,347,q5_orders_offset,0.48089999999999999,0,False,Schema is not available for ORDER BY query.
benchmark,348,q5_orders_offset,0.56469999999999998,0,False,Schema is not available for ORDER BY query.
benchmark,349,q5_orders_offset,0.50890000000000002,0,False,Schema is not available for ORDER BY query.
benchmark,350,q5_orders_offset,0.56040000000000001,0,False,Schema is not available for ORDER BY query.
benchmark,351,q5_orders_offset,0.64580000000000004,0,False,Schema is not available for ORDER BY query.
benchmark,352,q5_orders_offset,0.52590000000000003,0,False,Schema is not available for ORDER BY query.
benchmark,353,q5_orders_offset,0.50929999999999997,0,False,Schema is not available for ORDER BY query.
benchmark,354,q5_orders_offset,0.56859999999999999,0,False,Schema is not available for ORDER BY query.
benchmark,355,q5_orders_offset,0.51670000000000005,0,False,Schema is not available for ORDER BY query.
benchmark,356,q5_orders_offset,0.68500000000000005,0,False,Schema is not available for ORDER BY query.
benchmark,357,q5_orders_offset,0.40589999999999998,0,False,Schema is not available for ORDER BY query.
benchmark,358,q5_orders_offset,0.69169999999999998,0,False,Schema is not available for ORDER BY query.
benchmark,359,q5_orders_offset,0.63700000000000001,0,False,Schema is not available for ORDER BY query.
benchmark,360,q5_orders_offset,0.63619999999999999,0,False,Schema is not available for ORDER BY query.
benchmark,361,q5_orders_offset,0.41810000000000003,0,False,Schema is not available for ORDER BY query.
benchmark,362,q5_orders_offset,0.3654,0,False,Schema is not available for ORDER BY query.
benchmark,363,q5_orders_offset,0.3705,0,False,Schema is not available for ORDER BY query.
benchmark,364,q5_orders_offset,0.44790000000000002,0,False,Schema is not available for ORDER BY query.
benchmark,365,q5_orders_offset,0.43109999999999998,0,False,Schema is not available for ORDER BY query.
benchmark,366,q5_orders_offset,0.36670000000000003,0,False,Schema is not available for ORDER BY query.
benchmark,367,q5_orders_offset,0.37780000000000002,0,False,Schema is not available for ORDER BY query.
benchmark,368,q5_orders_offset,0.34200000000000003,0,False,Schema is not available for ORDER BY query.
benchmark,369,q5_orders_offset,0.37630000000000002,0,False,Schema is not available for ORDER BY query.
benchmark,370,q5_orders_offset,0.43219999999999997,0,False,Schema is not available for ORDER BY query.
benchmark,371,q5_orders_offset,0.33069999999999999,0,False,Schema is not available for ORDER BY query.
benchmark,372,q5_orders_offset,0.37040000000000001,0,False,Schema is not available for ORDER BY query.
benchmark,373,q5_orders_offset,0.33639999999999998,0,False,Schema is not available for ORDER BY query.
benchmark,374,q5_orders_offset,0.30869999999999997,0,False,Schema is not available for ORDER BY query.
benchmark,375,q5_orders_offset,0.35099999999999998,0,False,Schema is not available for ORDER BY query.
benchmark,376,q5_orders_offset,0.35139999999999999,0,False,Schema is not available for ORDER BY query.
benchmark,377,q5_orders_offset,0.3115,0,False,Schema is not available for ORDER BY query.
benchmark,378,q5_orders_offset,0.36399999999999999,0,False,Schema is not available for ORDER BY query.
benchmark,379,q5_orders_offset,0.3639,0,False,Schema is not available for ORDER BY query.
benchmark,380,q5_orders_offset,0.29339999999999999,0,False,Schema is not available for ORDER BY query.
benchmark,381,q5_orders_offset,0.31069999999999998,0,False,Schema is not available for ORDER BY query.
benchmark,382,q5_orders_offset,0.31609999999999999,0,False,Schema is not available for ORDER BY query.
benchmark,383,q5_orders_offset,0.33939999999999998,0,False,Schema is not available for ORDER BY query.
benchmark,384,q5_orders_offset,0.29709999999999998,0,False,Schema is not available for ORDER BY query.
benchmark,385,q5_orders_offset,0.3407,0,False,Schema is not available for ORDER BY query.
benchmark,386,q5_orders_offset,0.28810000000000002,0,False,Schema is not available for ORDER BY query.
benchmark,387,q5_orders_offset,0.32379999999999998,0,False,Schema is not available for ORDER BY query.
benchmark,388,q5_orders_offset,0.3518,0,False,Schema is not available for ORDER BY query.
benchmark,389,q5_orders_offset,0.35199999999999998,0,False,Schema is not available for ORDER BY query.
benchmark,390,q5_orders_offset,0.36299999999999999,0,False,Schema is not available for ORDER BY query.
benchmark,391,q5_orders_offset,0.39389999999999997,0,False,Schema is not available for ORDER BY query.
benchmark,392,q5_orders_offset,0.44440000000000002,0,False,Schema is not available for ORDER BY query.
benchmark,393,q5_orders_offset,0.45700000000000002,0,False,Schema is not available for ORDER BY query.
benchmark,394,q5_orders_offset,1.1357999999999999,0,False,Schema is not available for ORDER BY query.
benchmark,395,q5_orders_offset,0.88470000000000004,0,False,Schema is not available for ORDER BY query.
benchmark,396,q5_orders_offset,0.3649,0,False,Schema is not available for ORDER BY query.
benchmark,397,q5_orders_offset,0.36509999999999998,0,False,Schema is not available for ORDER BY query.
benchmark,398,q5_orders_offset,0.2893,0,False,Schema is not available for ORDER BY query.
benchmark,399,q5_orders_offset,0.33650000000000002,0,False,Schema is not available for ORDER BY query.
benchmark,400,q5_orders_offset,0.26900000000000002,0,False,Schema is not available for ORDER BY query.
benchmark,401,q5_orders_offset,1.2136,0,False,Schema is not available for ORDER BY query.
benchmark,402,q5_orders_offset,0.77559999999999996,0,False,Schema is not available for ORDER BY query.
benchmark,403,q5_orders_offset,0.68410000000000004,0,False,Schema is not available for ORDER BY query.
benchmark,404,q5_orders_offset,0.60089999999999999,0,False,Schema is not available for ORDER BY query.
benchmark,405,q5_orders_offset,0.60999999999999999,0,False,Schema is not available for ORDER BY query.
benchmark,406,q5_orders_offset,0.58919999999999995,0,False,Schema is not available for ORDER BY query.
benchmark,407,q5_orders_offset,0.55569999999999997,0,False,Schema is not available for ORDER BY query.
benchmark,408,q5_orders_offset,0.50739999999999996,0,False,Schema is not available for ORDER BY query.
benchmark,409,q5_orders_offset,0.45400000000000001,0,False,Schema is not available for ORDER BY query.
benchmark,410,q5_orders_offset,0.46850000000000003,0,False,Schema is not available for ORDER BY query.
benchmark,411,q5_orders_offset,0.49070000000000003,0,False,Schema is not available for ORDER BY query.
benchmark,412,q5_orders_offset,0.43640000000000001,0,False,Schema is not available for ORDER BY query.
benchmark,413,q5_orders_offset,0.47610000000000002,0,False,Schema is not available for ORDER BY query.
benchmark,414,q5_orders_offset,0.45000000000000001,0,False,Schema is not available for ORDER BY query.
benchmark,415,q5_orders_offset,0.44900000000000001,0,False,Schema is not available for ORDER BY query.
benchmark,416,q5_orders_offset,0.37740000000000001,0,False,Schema is not available for ORDER BY query.
benchmark,417,q5_orders_offset,0.41170000000000001,0,False,Schema is not available for ORDER BY query.
benchmark,418,q5_orders_offset,0.3982,0,False,Schema is not available for ORDER BY query.
benchmark,419,q5_orders_offset,0.39000000000000001,0,False,Schema is not available for ORDER BY query.
benchmark,420,q5_orders_offset,0.52380000000000004,0,False,Schema is not available for ORDER BY query.
benchmark,421,q5_orders_offset,0.89270000000000005,0,False,Schema is not available for ORDER BY query.
benchmark,422,q5_orders_offset,0.80159999999999998,0,False,Schema is not available for ORDER BY query.
benchmark,423,q5_orders_offset,0.70309999999999995,0,False,Schema is not available for ORDER BY query.
benchmark,424,q5_orders_offset,0.65820000000000001,0,False,Schema is not available for ORDER BY query.
benchmark,425,q5_orders_offset,0.72929999999999995,0,False,Schema is not available for ORDER BY query.
benchmark,426,q5_orders_offset,0.64629999999999999,0,False,Schema is not available for ORDER BY query.
benchmark,427,q5_orders_offset,0.70099999999999996,0,False,Schema is not available for ORDER BY query.
benchmark,428,q5_orders_offset,0.68489999999999995,0,False,Schema is not available for ORDER BY query.
benchmark,429,q5_orders_offset,0.49120000000000003,0,False,Schema is not available for ORDER BY query.
benchmark,430,q5_orders_offset,0.52070000000000005,0,False,Schema is not available for ORDER BY query.
benchmark,431,q5_orders_offset,0.46079999999999999,0,False,Schema is not available for ORDER BY query.
benchmark,432,q5_orders_offset,0.48670000000000002,0,False,Schema is not available for ORDER BY query.
benchmark,433,q5_orders_offset,0.45090000000000002,0,False,Schema is not available for ORDER BY query.
benchmark,434,q5_orders_offset,0.51270000000000004,0,False,Schema is not available for ORDER BY query.
benchmark,435,q5_orders_offset,0.44890000000000002,0,False,Schema is not available for ORDER BY query.
benchmark,436,q5_orders_offset,0.45179999999999998,0,False,Schema is not available for ORDER BY query.
benchmark,437,q5_orders_offset,0.44269999999999998,0,False,Schema is not available for ORDER BY query.
benchmark,438,q5_orders_offset,0.51170000000000004,0,False,Schema is not available for ORDER BY query.
benchmark,439,q5_orders_offset,0.47789999999999999,0,False,Schema is not available for ORDER BY query.
benchmark,440,q5_orders_offset,0.46050000000000002,0,False,Schema is not available for ORDER BY query.
benchmark,441,q5_orders_offset,0.49590000000000001,0,False,Schema is not available for ORDER BY query.
benchmark,442,q5_orders_offset,0.46229999999999999,0,False,Schema is not available for ORDER BY query.
benchmark,443,q5_orders_offset,0.47820000000000001,0,False,Schema is not available for ORDER BY query.
benchmark,444,q5_orders_offset,0.46389999999999998,0,False,Schema is not available for ORDER BY query.
benchmark,445,q5_orders_offset,0.42409999999999998,0,False,Schema is not available for ORDER BY query.
benchmark,446,q5_orders_offset,0.40999999999999998,0,False,Schema is not available for ORDER BY query.
benchmark,447,q5_orders_offset,0.39090000000000003,0,False,Schema is not available for ORDER BY query.
benchmark,448,q5_orders_offset,0.36699999999999999,0,False,Schema is not available for ORDER BY query.
benchmark,449,q5_orders_offset,0.35039999999999999,0,False,Schema is not available for ORDER BY query.
benchmark,450,q5_orders_offset,0.34899999999999998,0,False,Schema is not available for ORDER BY query.
benchmark,451,q5_orders_offset,0.4355,0,False,Schema is not available for ORDER BY query.
benchmark,452,q5_orders_offset,0.44669999999999999,0,False,Schema is not available for ORDER BY query.
benchmark,453,q5_orders_offset,0.43030000000000002,0,False,Schema is not available for ORDER BY query.
benchmark,454,q5_orders_offset,0.53459999999999996,0,False,Schema is not available for ORDER BY query.
benchmark,455,q5_orders_offset,0.496,0,False,Schema is not available for ORDER BY query.
benchmark,456,q5_orders_offset,0.46250000000000002,0,False,Schema is not available for ORDER BY query.
benchmark,457,q5_orders_offset,0.50129999999999997,0,False,Schema is not available for ORDER BY query.
benchmark,458,q5_orders_offset,0.39439999999999997,0,False,Schema is not available for ORDER BY query.
benchmark,459,q5_orders_offset,0.38590000000000002,0,False,Schema is not available for ORDER BY query.
benchmark,460,q5_orders_offset,0.37130000000000002,0,False,Schema is not available for ORDER BY query.
benchmark,461,q5_orders_offset,0.36370000000000002,0,False,Schema is not available for ORDER BY query.
benchmark,462,q5_orders_offset,0.35899999999999999,0,False,Schema is not available for ORDER BY query.
benchmark,463,q5_orders_offset,0.3715,0,False,Schema is not available for ORDER BY query.
benchmark,464,q5_orders_offset,0.38,0,False,Schema is not available for ORDER BY query.
benchmark,465,q5_orders_offset,0.36830000000000002,0,False,Schema is not available for ORDER BY query.
benchmark,466,q5_orders_offset,0.42359999999999998,0,False,Schema is not available for ORDER BY query.
benchmark,467,q5_orders_offset,0.34060000000000001,0,False,Schema is not available for ORDER BY query.
benchmark,468,q5_orders_offset,0.34889999999999999,0,False,Schema is not available for ORDER BY query.
benchmark,469,q5_orders_offset,0.36259999999999998,0,False,Schema is not available for ORDER BY query.
benchmark,470,q5_orders_offset,0.36349999999999999,0,False,Schema is not available for ORDER BY query.
benchmark,471,q5_orders_offset,0.37030000000000002,0,False,Schema is not available for ORDER BY query.
benchmark,472,q5_orders_offset,0.33139999999999997,0,False,Schema is not available for ORDER BY query.
benchmark,473,q5_orders_offset,0.33350000000000002,0,False,Schema is not available for ORDER BY query.
benchmark,474,q5_orders_offset,0.35599999999999998,0,False,Schema is not available for ORDER BY query.
benchmark,475,q5_orders_offset,0.37190000000000001,0,False,Schema is not available for ORDER BY query.
benchmark,476,q5_orders_offset,0.39190000000000003,0,False,Schema is not available for ORDER BY query.
benchmark,477,q5_orders_offset,0.3322,0,False,Schema is not available for ORDER BY query.
benchmark,478,q5_orders_offset,0.35809999999999997,0,False,Schema is not available for ORDER BY query.
benchmark,479,q5_orders_offset,0.35649999999999998,0,False,Schema is not available for ORDER BY query.
benchmark,480,q5_orders_offset,0.51519999999999999,0,False,Schema is not available for ORDER BY query.
benchmark,481,q5_orders_offset,0.31369999999999998,0,False,Schema is not available for ORDER BY query.
benchmark,482,q5_orders_offset,0.30380000000000001,0,False,Schema is not available for ORDER BY query.
benchmark,483,q5_orders_offset,0.38400000000000001,0,False,Schema is not available for ORDER BY query.
benchmark,484,q5_orders_offset,0.3135,0,False,Schema is not available for ORDER BY query.
benchmark,485,q5_orders_offset,0.30259999999999998,0,False,Schema is not available for ORDER BY query.
benchmark,486,q5_orders_offset,0.36580000000000001,0,False,Schema is not available for ORDER BY query.
benchmark,487,q5_orders_offset,0.38650000000000001,0,False,Schema is not available for ORDER BY query.
benchmark,488,q5_orders_offset,0.29709999999999998,0,False,Schema is not available for ORDER BY query.
benchmark,489,q5_orders_offset,0.36270000000000002,0,False,Schema is not available for ORDER BY query.
benchmark,490,q5_orders_offset,0.31730000000000003,0,False,Schema is not available for ORDER BY query.
benchmark,491,q5_orders_offset,0.34260000000000002,0,False,Schema is not available for ORDER BY query.
benchmark,492,q5_orders_offset,0.35120000000000001,0,False,Schema is not available for ORDER BY query.
benchmark,493,q5_orders_offset,0.33710000000000001,0,False,Schema is not available for ORDER BY query.
benchmark,494,q5_orders_offset,0.36180000000000001,0,False,Schema is not available for ORDER BY query.
benchmark,495,q5_orders_offset,0.3135,0,False,Schema is not available for ORDER BY query.
benchmark,496,q5_orders_offset,0.37669999999999998,0,False,Schema is not available for ORDER BY query.
benchmark,497,q5_orders_offset,0.29830000000000001,0,False,Schema is not available for ORDER BY query.
benchmark,498,q5_orders_offset,0.33889999999999998,0,False,Schema is not available for ORDER BY query.
benchmark,499,q5_orders_offset,0.32700000000000001,0,False,Schema is not available for ORDER BY query.
benchmark,500,q5_orders_offset,0.3054,0,False,Schema is not available for ORDER BY query.
benchmark,501,q5_orders_offset,1.7347999999999999,0,False,Schema is not available for ORDER BY query.
benchmark,502,q5_orders_offset,0.82089999999999996,0,False,Schema is not available for ORDER BY query.
benchmark,503,q5_orders_offset,0.69010000000000005,0,False,Schema is not available for ORDER BY query.
benchmark,504,q5_orders_offset,0.67759999999999998,0,False,Schema is not available for ORDER BY query.
benchmark,505,q5_orders_offset,0.58699999999999997,0,False,Schema is not available for ORDER BY query.
benchmark,506,q5_orders_offset,0.5383,0,False,Schema is not available for ORDER BY query.
benchmark,507,q5_orders_offset,0.52969999999999995,0,False,Schema is not available for ORDER BY query.
benchmark,508,q5_orders_offset,0.59399999999999997,0,False,Schema is not available for ORDER BY query.
benchmark,509,q5_orders_offset,0.5252,0,False,Schema is not available for ORDER BY query.
benchmark,510,q5_orders_offset,0.49919999999999998,0,False,Schema is not available for ORDER BY query.
benchmark,511,q5_orders_offset,0.56289999999999996,0,False,Schema is not available for ORDER BY query.
benchmark,512,q5_orders_offset,0.47970000000000002,0,False,Schema is not available for ORDER BY query.
benchmark,513,q5_orders_offset,0.39119999999999999,0,False,Schema is not available for ORDER BY query.
benchmark,514,q5_orders_offset,0.4128,0,False,Schema is not available for ORDER BY query.
benchmark,515,q5_orders_offset,0.42880000000000001,0,False,Schema is not available for ORDER BY query.
benchmark,516,q5_orders_offset,0.41110000000000002,0,False,Schema is not available for ORDER BY query.
benchmark,517,q5_orders_offset,0.70040000000000002,0,False,Schema is not available for ORDER BY query.
benchmark,518,q5_orders_offset,0.61470000000000002,0,False,Schema is not available for ORDER BY query.
benchmark,519,q5_orders_offset,0.59999999999999998,0,False,Schema is not available for ORDER BY query.
benchmark,520,q5_orders_offset,0.57809999999999995,0,False,Schema is not available for ORDER BY query.
benchmark,521,q5_orders_offset,0.60129999999999995,0,False,Schema is not available for ORDER BY query.
benchmark,522,q5_orders_offset,0.56420000000000003,0,False,Schema is not available for ORDER BY query.
benchmark,523,q5_orders_offset,0.57699999999999996,0,False,Schema is not available for ORDER BY query.
benchmark,524,q5_orders_offset,0.55789999999999995,0,False,Schema is not available for ORDER BY query.
benchmark,525,q5_orders_offset,0.52849999999999997,0,False,Schema is not available for ORDER BY query.
benchmark,526,q5_orders_offset,0.52080000000000004,0,False,Schema is not available for ORDER BY query.
benchmark,527,q5_orders_offset,0.68930000000000002,0,False,Schema is not available for ORDER BY query.
benchmark,528,q5_orders_offset,0.62490000000000001,0,False,Schema is not available for ORDER BY query.
benchmark,529,q5_orders_offset,0.57330000000000003,0,False,Schema is not available for ORDER BY query.
benchmark,530,q5_orders_offset,0.62519999999999998,0,False,Schema is not available for ORDER BY query.
benchmark,531,q5_orders_offset,0.57040000000000002,0,False,Schema is not available for ORDER BY query.
benchmark,532,q5_orders_offset,0.83260000000000001,0,False,Schema is not available for ORDER BY query.
benchmark,533,q5_orders_offset,0.60770000000000002,0,False,Schema is not available for ORDER BY query.
benchmark,534,q5_orders_offset,0.52110000000000001,0,False,Schema is not available for ORDER BY query.
benchmark,535,q5_orders_offset,0.52380000000000004,0,False,Schema is not available for ORDER BY query.
benchmark,536,q5_orders_offset,0.52859999999999996,0,False,Schema is not available for ORDER BY query.
benchmark,537,q5_orders_offset,0.4637,0,False,Schema is not available for ORDER BY query.
benchmark,538,q5_orders_offset,0.46239999999999998,0,False,Schema is not available for ORDER BY query.
benchmark,539,q5_orders_offset,0.48720000000000002,0,False,Schema is not available for ORDER BY query.
benchmark,540,q5_orders_offset,0.52429999999999999,0,False,Schema is not available for ORDER BY query.
benchmark,541,q5_orders_offset,0.52110000000000001,0,False,Schema is not available for ORDER BY query.
benchmark,542,q5_orders_offset,0.47520000000000001,0,False,Schema is not available for ORDER BY query.
benchmark,543,q5_orders_offset,0.4985,0,False,Schema is not available for ORDER BY query.
benchmark,544,q5_orders_offset,0.50309999999999999,0,False,Schema is not available for ORDER BY query.
benchmark,545,q5_orders_offset,0.44019999999999998,0,False,Schema is not available for ORDER BY query.
benchmark,546,q5_orders_offset,0.46510000000000001,0,False,Schema is not available for ORDER BY query.
benchmark,547,q5_orders_offset,0.46800000000000003,0,False,Schema is not available for ORDER BY query.
benchmark,548,q5_orders_offset,0.44069999999999998,0,False,Schema is not available for ORDER BY query.
benchmark,549,q5_orders_offset,0.48230000000000001,0,False,Schema is not available for ORDER BY query.
benchmark,550,q5_orders_offset,0.48430000000000001,0,False,Schema is not available for ORDER BY query.
benchmark,551,q5_orders_offset,0.50919999999999999,0,False,Schema is not available for ORDER BY query.
benchmark,552,q5_orders_offset,0.41249999999999998,0,False,Schema is not available for ORDER BY query.
benchmark,553,q5_orders_offset,0.42180000000000001,0,False,Schema is not available for ORDER BY query.
benchmark,554,q5_orders_offset,0.43930000000000002,0,False,Schema is not available for ORDER BY query.
benchmark,555,q5_orders_offset,0.4743,0,False,Schema is not available for ORDER BY query.
benchmark,556,q5_orders_offset,0.41760000000000003,0,False,Schema is not available for ORDER BY query.
benchmark,557,q5_orders_offset,0.45610000000000001,0,False,Schema is not available for ORDER BY query.
benchmark,558,q5_orders_offset,0.36940000000000001,0,False,Schema is not available for ORDER BY query.
benchmark,559,q5_orders_offset,0.35830000000000001,0,False,Schema is not available for ORDER BY query.
benchmark,560,q5_orders_offset,0.3906,0,False,Schema is not available for ORDER BY query.
benchmark,561,q5_orders_offset,0.35570000000000002,0,False,Schema is not available for ORDER BY query.
benchmark,562,q5_orders_offset,0.3402,0,False,Schema is not available for ORDER BY query.
benchmark,563,q5_orders_offset,0.3286,0,False,Schema is not available for ORDER BY query.
benchmark,564,q5_orders_offset,0.3745,0,False,Schema is not available for ORDER BY query.
benchmark,565,q5_orders_offset,0.34449999999999997,0,False,Schema is not available for ORDER BY query.
benchmark,566,q5_orders_offset,0.40600000000000003,0,False,Schema is not available for ORDER BY query.
benchmark,567,q5_orders_offset,0.38519999999999999,0,False,Schema is not available for ORDER BY query.
benchmark,568,q5_orders_offset,0.37809999999999999,0,False,Schema is not available for ORDER BY query.
benchmark,569,q5_orders_offset,0.37619999999999998,0,False,Schema is not available for ORDER BY query.
benchmark,570,q5_orders_offset,0.36299999999999999,0,False,Schema is not available for ORDER BY query.
benchmark,571,q5_orders_offset,0.36919999999999997,0,False,Schema is not available for ORDER BY query.
benchmark,572,q5_orders_offset,0.37380000000000002,0,False,Schema is not available for ORDER BY query.
benchmark,573,q5_orders_offset,0.39929999999999999,0,False,Schema is not available for ORDER BY query.
benchmark,574,q5_orders_offset,0.42370000000000002,0,False,Schema is not available for ORDER BY query.
benchmark,575,q5_orders_offset,0.34039999999999998,0,False,Schema is not available for ORDER BY query.
benchmark,576,q5_orders_offset,0.3992,0,False,Schema is not available for ORDER BY query.
benchmark,577,q5_orders_offset,0.35320000000000001,0,False,Schema is not available for ORDER BY query.
benchmark,578,q5_orders_offset,0.45650000000000002,0,False,Schema is not available for ORDER BY query.
benchmark,579,q5_orders_offset,0.43209999999999998,0,False,Schema is not available for ORDER BY query.
benchmark,580,q5_orders_offset,0.4047,0,False,Schema is not available for ORDER BY query.
benchmark,581,q5_orders_offset,0.39340000000000003,0,False,Schema is not available for ORDER BY query.
benchmark,582,q5_orders_offset,0.3987,0,False,Schema is not available for ORDER BY query.
benchmark,583,q5_orders_offset,0.41699999999999998,0,False,Schema is not available for ORDER BY query.
benchmark,584,q5_orders_offset,0.3256,0,False,Schema is not available for ORDER BY query.
benchmark,585,q5_orders_offset,0.377,0,False,Schema is not available for ORDER BY query.
benchmark,586,q5_orders_offset,0.34360000000000002,0,False,Schema is not available for ORDER BY query.
benchmark,587,q5_orders_offset,0.33479999999999999,0,False,Schema is not available for ORDER BY query.
benchmark,588,q5_orders_offset,0.30509999999999998,0,False,Schema is not available for ORDER BY query.
benchmark,589,q5_orders_offset,0.35630000000000001,0,False,Schema is not available for ORDER BY query.
benchmark,590,q5_orders_offset,0.47160000000000002,0,False,Schema is not available for ORDER BY query.
benchmark,591,q5_orders_offset,0.45739999999999997,0,False,Schema is not available for ORDER BY query.
benchmark,592,q5_orders_offset,0.41020000000000001,0,False,Schema is not available for ORDER BY query.
benchmark,593,q5_orders_offset,0.40789999999999998,0,False,Schema is not available for ORDER BY query.
benchmark,594,q5_orders_offset,0.47070000000000001,0,False,Schema is not available for ORDER BY query.
benchmark,595,q5_orders_offset,0.42420000000000002,0,False,Schema is not available for ORDER BY query.
benchmark,596,q5_orders_offset,0.39860000000000001,0,False,Schema is not available for ORDER BY query.
benchmark,597,q5_orders_offset,0.34599999999999997,0,False,Schema is not available for ORDER BY query.
benchmark,598,q5_orders_offset,0.29039999999999999,0,False,Schema is not available for ORDER BY query.
benchmark,599,q5_orders_offset,0.317,0,False,Schema is not available for ORDER BY query.
benchmark,600,q5_orders_offset,0.34350000000000003,0,False,Schema is not available for ORDER BY query.
benchmark,601,q5_orders_offset,1.8951,0,False,Schema is not available for ORDER BY query.
benchmark,602,q5_orders_offset,0.76329999999999998,0,False,Schema is not available for ORDER BY query.
benchmark,603,q5_orders_offset,0.57330000000000003,0,False,Schema is not available for ORDER BY query.
benchmark,604,q5_orders_offset,0.53300000000000003,0,False,Schema is not available for ORDER BY query.
benchmark,605,q5_orders_offset,0.53180000000000005,0,False,Schema is not available for ORDER BY query.
benchmark,606,q5_orders_offset,0.4617,0,False,Schema is not available for ORDER BY query.
benchmark,607,q5_orders_offset,0.45989999999999998,0,False,Schema is not available for ORDER BY query.
benchmark,608,q5_orders_offset,0.4582,0,False,Schema is not available for ORDER BY query.
benchmark,609,q5_orders_offset,1.0567,0,False,Schema is not available for ORDER BY query.
benchmark,610,q5_orders_offset,0.7681,0,False,Schema is not available for ORDER BY query.
benchmark,611,q5_orders_offset,0.65880000000000005,0,False,Schema is not available for ORDER BY query.
benchmark,612,q5_orders_offset,0.5605,0,False,Schema is not available for ORDER BY query.
benchmark,613,q5_orders_offset,0.57220000000000004,0,False,Schema is not available for ORDER BY query.
benchmark,614,q5_orders_offset,0.5706,0,False,Schema is not available for ORDER BY query.
benchmark,615,q5_orders_offset,0.56669999999999998,0,False,Schema is not available for ORDER BY query.
benchmark,616,q5_orders_offset,0.54490000000000005,0,False,Schema is not available for ORDER BY query.
benchmark,617,q5_orders_offset,0.55759999999999998,0,False,Schema is not available for ORDER BY query.
benchmark,618,q5_orders_offset,0.62060000000000004,0,False,Schema is not available for ORDER BY query.
benchmark,619,q5_orders_offset,0.53890000000000005,0,False,Schema is not available for ORDER BY query.
benchmark,620,q5_orders_offset,0.56210000000000004,0,False,Schema is not available for ORDER BY query.
benchmark,621,q5_orders_offset,0.54169999999999996,0,False,Schema is not available for ORDER BY query.
benchmark,622,q5_orders_offset,0.47039999999999998,0,False,Schema is not available for ORDER BY query.
benchmark,623,q5_orders_offset,0.49230000000000002,0,False,Schema is not available for ORDER BY query.
benchmark,624,q5_orders_offset,0.46739999999999998,0,False,Schema is not available for ORDER BY query.
benchmark,625,q5_orders_offset,0.47349999999999998,0,False,Schema is not available for ORDER BY query.
benchmark,626,q5_orders_offset,0.49559999999999998,0,False,Schema is not available for ORDER BY query.
benchmark,627,q5_orders_offset,0.46150000000000002,0,False,Schema is not available for ORDER BY query.
benchmark,628,q5_orders_offset,0.76170000000000004,0,False,Schema is not available for ORDER BY query.
benchmark,629,q5_orders_offset,0.44290000000000002,0,False,Schema is not available for ORDER BY query.
benchmark,630,q5_orders_offset,0.46250000000000002,0,False,Schema is not available for ORDER BY query.
benchmark,631,q5_orders_offset,0.45850000000000002,0,False,Schema is not available for ORDER BY query.
benchmark,632,q5_orders_offset,0.47320000000000001,0,False,Schema is not available for ORDER BY query.
benchmark,633,q5_orders_offset,0.43890000000000001,0,False,Schema is not available for ORDER BY query.
benchmark,634,q5_orders_offset,0.53300000000000003,0,False,Schema is not available for ORDER BY query.
benchmark,635,q5_orders_offset,0.54490000000000005,0,False,Schema is not available for ORDER BY query.
benchmark,636,q5_orders_offset,0.52259999999999995,0,False,Schema is not available for ORDER BY query.
benchmark,637,q5_orders_offset,0.52429999999999999,0,False,Schema is not available for ORDER BY query.
benchmark,638,q5_orders_offset,0.50939999999999996,0,False,Schema is not available for ORDER BY query.
benchmark,639,q5_orders_offset,0.54600000000000004,0,False,Schema is not available for ORDER BY query.
benchmark,640,q5_orders_offset,0.50490000000000002,0,False,Schema is not available for ORDER BY query.
benchmark,641,q5_orders_offset,0.53310000000000002,0,False,Schema is not available for ORDER BY query.
benchmark,642,q5_orders_offset,0.5081,0,False,Schema is not available for ORDER BY query.
benchmark,643,q5_orders_offset,0.53439999999999999,0,False,Schema is not available for ORDER BY query.
benchmark,644,q5_orders_offset,0.44719999999999999,0,False,Schema is not available for ORDER BY query.
benchmark,645,q5_orders_offset,0.48470000000000002,0,False,Schema is not available for ORDER BY query.
benchmark,646,q5_orders_offset,0.72050000000000003,0,False,Schema is not available for ORDER BY query.
benchmark,647,q5_orders_offset,0.61180000000000001,0,False,Schema is not available for ORDER BY query.
benchmark,648,q5_orders_offset,0.46389999999999998,0,False,Schema is not available for ORDER BY query.
benchmark,649,q5_orders_offset,0.44500000000000001,0,False,Schema is not available for ORDER BY query.
benchmark,650,q5_orders_offset,0.41299999999999998,0,False,Schema is not available for ORDER BY query.
benchmark,651,q5_orders_offset,0.49669999999999997,0,False,Schema is not available for ORDER BY query.
benchmark,652,q5_orders_offset,0.437,0,False,Schema is not available for ORDER BY query.
benchmark,653,q5_orders_offset,0.39789999999999998,0,False,Schema is not available for ORDER BY query.
benchmark,654,q5_orders_offset,0.38990000000000002,0,False,Schema is not available for ORDER BY query.
benchmark,655,q5_orders_offset,0.36770000000000003,0,False,Schema is not available for ORDER BY query.
benchmark,656,q5_orders_offset,0.3992,0,False,Schema is not available for ORDER BY query.
benchmark,657,q5_orders_offset,0.43319999999999997,0,False,Schema is not available for ORDER BY query.
benchmark,658,q5_orders_offset,0.39269999999999999,0,False,Schema is not available for ORDER BY query.
benchmark,659,q5_orders_offset,0.39429999999999998,0,False,Schema is not available for ORDER BY query.
benchmark,660,q5_orders_offset,0.40100000000000002,0,False,Schema is not available for ORDER BY query.
benchmark,661,q5_orders_offset,0.4163,0,False,Schema is not available for ORDER BY query.
benchmark,662,q5_orders_offset,0.3674,0,False,Schema is not available for ORDER BY query.
benchmark,663,q5_orders_offset,0.45579999999999998,0,False,Schema is not available for ORDER BY query.
benchmark,664,q5_orders_offset,0.56799999999999995,0,False,Schema is not available for ORDER BY query.
benchmark,665,q5_orders_offset,0.44900000000000001,0,False,Schema is not available for ORDER BY query.
benchmark,666,q5_orders_offset,0.4612,0,False,Schema is not available for ORDER BY query.
benchmark,667,q5_orders_offset,0.82179999999999997,0,False,Schema is not available for ORDER BY query.
benchmark,668,q5_orders_offset,0.84519999999999995,0,False,Schema is not available for ORDER BY query.
benchmark,669,q5_orders_offset,0.57120000000000004,0,False,Schema is not available for ORDER BY query.
benchmark,670,q5_orders_offset,0.69879999999999998,0,False,Schema is not available for ORDER BY query.
benchmark,671,q5_orders_offset,0.65190000000000003,0,False,Schema is not available for ORDER BY query.
benchmark,672,q5_orders_offset,1.2339,0,False,Schema is not available for ORDER BY query.
benchmark,673,q5_orders_offset,0.4995,0,False,Schema is not available for ORDER BY query.
benchmark,674,q5_orders_offset,0.55420000000000003,0,False,Schema is not available for ORDER BY query.
benchmark,675,q5_orders_offset,0.58889999999999998,0,False,Schema is not available for ORDER BY query.
benchmark,676,q5_orders_offset,0.38519999999999999,0,False,Schema is not available for ORDER BY query.
benchmark,677,q5_orders_offset,0.3276,0,False,Schema is not available for ORDER BY query.
benchmark,678,q5_orders_offset,0.36070000000000002,0,False,Schema is not available for ORDER BY query.
benchmark,679,q5_orders_offset,0.39379999999999998,0,False,Schema is not available for ORDER BY query.
benchmark,680,q5_orders_offset,0.39439999999999997,0,False,Schema is not available for ORDER BY query.
benchmark,681,q5_orders_offset,0.3392,0,False,Schema is not available for ORDER BY query.
benchmark,682,q5_orders_offset,0.34470000000000001,0,False,Schema is not available for ORDER BY query.
benchmark,683,q5_orders_offset,0.32550000000000001,0,False,Schema is not available for ORDER BY query.
benchmark,684,q5_orders_offset,0.36509999999999998,0,False,Schema is not available for ORDER BY query.
benchmark,685,q5_orders_offset,0.35799999999999998,0,False,Schema is not available for ORDER BY query.
benchmark,686,q5_orders_offset,0.3881,0,False,Schema is not available for ORDER BY query.
benchmark,687,q5_orders_offset,0.43080000000000002,0,False,Schema is not available for ORDER BY query.
benchmark,688,q5_orders_offset,0.42120000000000002,0,False,Schema is not available for ORDER BY query.
benchmark,689,q5_orders_offset,0.36570000000000003,0,False,Schema is not available for ORDER BY query.
benchmark,690,q5_orders_offset,0.33479999999999999,0,False,Schema is not available for ORDER BY query.
benchmark,691,q5_orders_offset,0.34300000000000003,0,False,Schema is not available for ORDER BY query.
benchmark,692,q5_orders_offset,0.37569999999999998,0,False,Schema is not available for ORDER BY query.
benchmark,693,q5_orders_offset,0.3362,0,False,Schema is not available for ORDER BY query.
benchmark,694,q5_orders_offset,0.3352,0,False,Schema is not available for ORDER BY query.
benchmark,695,q5_orders_offset,0.3463,0,False,Schema is not available for ORDER BY query.
benchmark,696,q5_orders_offset,0.3049,0,False,Schema is not available for ORDER BY query.
benchmark,697,q5_orders_offset,0.31440000000000001,0,False,Schema is not available for ORDER BY query.
benchmark,698,q5_orders_offset,0.32369999999999999,0,False,Schema is not available for ORDER BY query.
benchmark,699,q5_orders_offset,0.38379999999999997,0,False,Schema is not available for ORDER BY query.
benchmark,700,q5_orders_offset,0.34499999999999997,0,False,Schema is not available for ORDER BY query.
benchmark,701,q5_orders_offset,2.0733999999999999,0,False,Schema is not available for ORDER BY query.
benchmark,702,q5_orders_offset,0.83699999999999997,0,False,Schema is not available for ORDER BY query.
benchmark,703,q5_orders_offset,0.70830000000000004,0,False,Schema is not available for ORDER BY query.
benchmark,704,q5_orders_offset,0.67869999999999997,0,False,Schema is not available for ORDER BY query.
benchmark,705,q5_orders_offset,0.59660000000000002,0,False,Schema is not available for ORDER BY query.
benchmark,706,q5_orders_offset,0.57999999999999996,0,False,Schema is not available for ORDER BY query.
benchmark,707,q5_orders_offset,0.5897,0,False,Schema is not available for ORDER BY query.
benchmark,708,q5_orders_offset,0.52729999999999999,0,False,Schema is not available for ORDER BY query.
benchmark,709,q5_orders_offset,0.47499999999999998,0,False,Schema is not available for ORDER BY query.
benchmark,710,q5_orders_offset,0.48849999999999999,0,False,Schema is not available for ORDER BY query.
benchmark,711,q5_orders_offset,0.4859,0,False,Schema is not available for ORDER BY query.
benchmark,712,q5_orders_offset,0.4007,0,False,Schema is not available for ORDER BY query.
benchmark,713,q5_orders_offset,0.47399999999999998,0,False,Schema is not available for ORDER BY query.
benchmark,714,q5_orders_offset,0.38969999999999999,0,False,Schema is not available for ORDER BY query.
benchmark,715,q5_orders_offset,0.39689999999999998,0,False,Schema is not available for ORDER BY query.
benchmark,716,q5_orders_offset,0.91690000000000005,0,False,Schema is not available for ORDER BY query.
benchmark,717,q5_orders_offset,0.70079999999999998,0,False,Schema is not available for ORDER BY query.
benchmark,718,q5_orders_offset,0.63190000000000002,0,False,Schema is not available for ORDER BY query.
benchmark,719,q5_orders_offset,0.6179,0,False,Schema is not available for ORDER BY query.
benchmark,720,q5_orders_offset,1.4136,0,False,Schema is not available for ORDER BY query.
benchmark,721,q5_orders_offset,0.62039999999999995,0,False,Schema is not available for ORDER BY query.
benchmark,722,q5_orders_offset,0.57330000000000003,0,False,Schema is not available for ORDER BY query.
benchmark,723,q5_orders_offset,0.61050000000000004,0,False,Schema is not available for ORDER BY query.
benchmark,724,q5_orders_offset,0.59770000000000001,0,False,Schema is not available for ORDER BY query.
benchmark,725,q5_orders_offset,0.56630000000000003,0,False,Schema is not available for ORDER BY query.
benchmark,726,q5_orders_offset,0.58699999999999997,0,False,Schema is not available for ORDER BY query.
benchmark,727,q5_orders_offset,0.78610000000000002,0,False,Schema is not available for ORDER BY query.
benchmark,728,q5_orders_offset,0.73719999999999997,0,False,Schema is not available for ORDER BY query.
benchmark,729,q5_orders_offset,0.66310000000000002,0,False,Schema is not available for ORDER BY query.
benchmark,730,q5_orders_offset,0.50849999999999995,0,False,Schema is not available for ORDER BY query.
benchmark,731,q5_orders_offset,0.55640000000000001,0,False,Schema is not available for ORDER BY query.
benchmark,732,q5_orders_offset,0.56710000000000005,0,False,Schema is not available for ORDER BY query.
benchmark,733,q5_orders_offset,0.49220000000000003,0,False,Schema is not available for ORDER BY query.
benchmark,734,q5_orders_offset,0.4637,0,False,Schema is not available for ORDER BY query.
benchmark,735,q5_orders_offset,2.1173999999999999,0,False,Schema is not available for ORDER BY query.
benchmark,736,q5_orders_offset,0.53039999999999998,0,False,Schema is not available for ORDER BY query.
benchmark,737,q5_orders_offset,0.48730000000000001,0,False,Schema is not available for ORDER BY query.
benchmark,738,q5_orders_offset,0.50700000000000001,0,False,Schema is not available for ORDER BY query.
benchmark,739,q5_orders_offset,0.49120000000000003,0,False,Schema is not available for ORDER BY query.
benchmark,740,q5_orders_offset,0.48299999999999998,0,False,Schema is not available for ORDER BY query.
benchmark,741,q5_orders_offset,0.51500000000000001,0,False,Schema is not available for ORDER BY query.
benchmark,742,q5_orders_offset,0.5444,0,False,Schema is not available for ORDER BY query.
benchmark,743,q5_orders_offset,0.50929999999999997,0,False,Schema is not available for ORDER BY query.
benchmark,744,q5_orders_offset,0.45639999999999997,0,False,Schema is not available for ORDER BY query.
benchmark,745,q5_orders_offset,0.51819999999999999,0,False,Schema is not available for ORDER BY query.
benchmark,746,q5_orders_offset,0.43980000000000002,0,False,Schema is not available for ORDER BY query.
benchmark,747,q5_orders_offset,0.52090000000000003,0,False,Schema is not available for ORDER BY query.
benchmark,748,q5_orders_offset,0.42780000000000001,0,False,Schema is not available for ORDER BY query.
benchmark,749,q5_orders_offset,0.4511,0,False,Schema is not available for ORDER BY query.
benchmark,750,q5_orders_offset,0.46050000000000002,0,False,Schema is not available for ORDER BY query.
benchmark,751,q5_orders_offset,0.52100000000000002,0,False,Schema is not available for ORDER BY query.
benchmark,752,q5_orders_offset,0.47049999999999997,0,False,Schema is not available for ORDER BY query.
benchmark,753,q5_orders_offset,0.4506,0,False,Schema is not available for ORDER BY query.
benchmark,754,q5_orders_offset,0.4385,0,False,Schema is not available for ORDER BY query.
benchmark,755,q5_orders_offset,0.45639999999999997,0,False,Schema is not available for ORDER BY query.
benchmark,756,q5_orders_offset,0.48430000000000001,0,False,Schema is not available for ORDER BY query.
benchmark,757,q5_orders_offset,0.44309999999999999,0,False,Schema is not available for ORDER BY query.
benchmark,758,q5_orders_offset,0.49220000000000003,0,False,Schema is not available for ORDER BY query.
benchmark,759,q5_orders_offset,0.42920000000000003,0,False,Schema is not available for ORDER BY query.
benchmark,760,q5_orders_offset,0.43669999999999998,0,False,Schema is not available for ORDER BY query.
benchmark,761,q5_orders_offset,0.42349999999999999,0,False,Schema is not available for ORDER BY query.
benchmark,762,q5_orders_offset,0.39169999999999999,0,False,Schema is not available for ORDER BY query.
benchmark,763,q5_orders_offset,0.42299999999999999,0,False,Schema is not available for ORDER BY query.
benchmark,764,q5_orders_offset,0.37309999999999999,0,False,Schema is not available for ORDER BY query.
benchmark,765,q5_orders_offset,0.43869999999999998,0,False,Schema is not available for ORDER BY query.
benchmark,766,q5_orders_offset,0.34370000000000001,0,False,Schema is not available for ORDER BY query.
benchmark,767,q5_orders_offset,0.37819999999999998,0,False,Schema is not available for ORDER BY query.
benchmark,768,q5_orders_offset,0.4148,0,False,Schema is not available for ORDER BY query.
benchmark,769,q5_orders_offset,0.37590000000000001,0,False,Schema is not available for ORDER BY query.
benchmark,770,q5_orders_offset,0.38940000000000002,0,False,Schema is not available for ORDER BY query.
benchmark,771,q5_orders_offset,0.36199999999999999,0,False,Schema is not available for ORDER BY query.
benchmark,772,q5_orders_offset,0.36609999999999998,0,False,Schema is not available for ORDER BY query.
benchmark,773,q5_orders_offset,0.4138,0,False,Schema is not available for ORDER BY query.
benchmark,774,q5_orders_offset,0.41289999999999999,0,False,Schema is not available for ORDER BY query.
benchmark,775,q5_orders_offset,0.41170000000000001,0,False,Schema is not available for ORDER BY query.
benchmark,776,q5_orders_offset,0.49170000000000003,0,False,Schema is not available for ORDER BY query.
benchmark,777,q5_orders_offset,0.38269999999999998,0,False,Schema is not available for ORDER BY query.
benchmark,778,q5_orders_offset,0.35270000000000001,0,False,Schema is not available for ORDER BY query.
benchmark,779,q5_orders_offset,0.34050000000000002,0,False,Schema is not available for ORDER BY query.
benchmark,780,q5_orders_offset,0.42649999999999999,0,False,Schema is not available for ORDER BY query.
benchmark,781,q5_orders_offset,0.34350000000000003,0,False,Schema is not available for ORDER BY query.
benchmark,782,q5_orders_offset,0.33400000000000002,0,False,Schema is not available for ORDER BY query.
benchmark,783,q5_orders_offset,0.376,0,False,Schema is not available for ORDER BY query.
benchmark,784,q5_orders_offset,0.36780000000000002,0,False,Schema is not available for ORDER BY query.
benchmark,785,q5_orders_offset,0.36080000000000001,0,False,Schema is not available for ORDER BY query.
benchmark,786,q5_orders_offset,0.437,0,False,Schema is not available for ORDER BY query.
benchmark,787,q5_orders_offset,0.39800000000000002,0,False,Schema is not available for ORDER BY query.
benchmark,788,q5_orders_offset,0.41549999999999998,0,False,Schema is not available for ORDER BY query.
benchmark,789,q5_orders_offset,0.34960000000000002,0,False,Schema is not available for ORDER BY query.
benchmark,790,q5_orders_offset,0.38219999999999998,0,False,Schema is not available for ORDER BY query.
benchmark,791,q5_orders_offset,0.36120000000000002,0,False,Schema is not available for ORDER BY query.
benchmark,792,q5_orders_offset,0.4022,0,False,Schema is not available for ORDER BY query.
benchmark,793,q5_orders_offset,0.38219999999999998,0,False,Schema is not available for ORDER BY query.
benchmark,794,q5_orders_offset,0.35489999999999999,0,False,Schema is not available for ORDER BY query.
benchmark,795,q5_orders_offset,0.48149999999999998,0,False,Schema is not available for ORDER BY query.
benchmark,796,q5_orders_offset,0.35959999999999998,0,False,Schema is not available for ORDER BY query.
benchmark,797,q5_orders_offset,0.33779999999999999,0,False,Schema is not available for ORDER BY query.
benchmark,798,q5_orders_offset,0.35780000000000001,0,False,Schema is not available for ORDER BY query.
benchmark,799,q5_orders_offset,0.36449999999999999,0,False,Schema is not available for ORDER BY query.
benchmark,800,q5_orders_offset,0.35320000000000001,0,False,Schema is not available for ORDER BY query.
benchmark,801,q5_orders_offset,2.2728000000000002,0,False,Schema is not available for ORDER BY query.
benchmark,802,q5_orders_offset,0.91200000000000003,0,False,Schema is not available for ORDER BY query.
benchmark,803,q5_orders_offset,0.75539999999999996,0,False,Schema is not available for ORDER BY query.
benchmark,804,q5_orders_offset,0.63049999999999995,0,False,Schema is not available for ORDER BY query.
benchmark,805,q5_orders_offset,0.61009999999999998,0,False,Schema is not available for ORDER BY query.
benchmark,806,q5_orders_offset,0.59670000000000001,0,False,Schema is not available for ORDER BY query.
benchmark,807,q5_orders_offset,0.60329999999999995,0,False,Schema is not available for ORDER BY query.
benchmark,808,q5_orders_offset,0.64480000000000004,0,False,Schema is not available for ORDER BY query.
benchmark,809,q5_orders_offset,0.54559999999999997,0,False,Schema is not available for ORDER BY query.
benchmark,810,q5_orders_offset,0.49430000000000002,0,False,Schema is not available for ORDER BY query.
benchmark,811,q5_orders_offset,0.54349999999999998,0,False,Schema is not available for ORDER BY query.
benchmark,812,q5_orders_offset,0.47160000000000002,0,False,Schema is not available for ORDER BY query.
benchmark,813,q5_orders_offset,0.45469999999999999,0,False,Schema is not available for ORDER BY query.
benchmark,814,q5_orders_offset,0.43120000000000003,0,False,Schema is not available for ORDER BY query.
benchmark,815,q5_orders_offset,0.45910000000000001,0,False,Schema is not available for ORDER BY query.
benchmark,816,q5_orders_offset,0.78239999999999998,0,False,Schema is not available for ORDER BY query.
benchmark,817,q5_orders_offset,0.93600000000000005,0,False,Schema is not available for ORDER BY query.
benchmark,818,q5_orders_offset,0.70199999999999996,0,False,Schema is not available for ORDER BY query.
benchmark,819,q5_orders_offset,0.60640000000000005,0,False,Schema is not available for ORDER BY query.
benchmark,820,q5_orders_offset,0.61699999999999999,0,False,Schema is not available for ORDER BY query.
benchmark,821,q5_orders_offset,0.79720000000000002,0,False,Schema is not available for ORDER BY query.
benchmark,822,q5_orders_offset,0.74670000000000003,0,False,Schema is not available for ORDER BY query.
benchmark,823,q5_orders_offset,0.78669999999999995,0,False,Schema is not available for ORDER BY query.
benchmark,824,q5_orders_offset,0.84040000000000004,0,False,Schema is not available for ORDER BY query.
benchmark,825,q5_orders_offset,0.73729999999999996,0,False,Schema is not available for ORDER BY query.
benchmark,826,q5_orders_offset,0.70909999999999995,0,False,Schema is not available for ORDER BY query.
benchmark,827,q5_orders_offset,0.63959999999999995,0,False,Schema is not available for ORDER BY query.
benchmark,828,q5_orders_offset,0.63109999999999999,0,False,Schema is not available for ORDER BY query.
benchmark,829,q5_orders_offset,0.64500000000000002,0,False,Schema is not available for ORDER BY query.
benchmark,830,q5_orders_offset,0.54510000000000003,0,False,Schema is not available for ORDER BY query.
benchmark,831,q5_orders_offset,0.48880000000000001,0,False,Schema is not available for ORDER BY query.
benchmark,832,q5_orders_offset,0.48309999999999997,0,False,Schema is not available for ORDER BY query.
benchmark,833,q5_orders_offset,0.52170000000000005,0,False,Schema is not available for ORDER BY query.
benchmark,834,q5_orders_offset,0.49359999999999998,0,False,Schema is not available for ORDER BY query.
benchmark,835,q5_orders_offset,0.60519999999999996,0,False,Schema is not available for ORDER BY query.
benchmark,836,q5_orders_offset,0.53000000000000003,0,False,Schema is not available for ORDER BY query.
benchmark,837,q5_orders_offset,0.52829999999999999,0,False,Schema is not available for ORDER BY query.
benchmark,838,q5_orders_offset,0.52059999999999995,0,False,Schema is not available for ORDER BY query.
benchmark,839,q5_orders_offset,0.53120000000000001,0,False,Schema is not available for ORDER BY query.
benchmark,840,q5_orders_offset,0.49070000000000003,0,False,Schema is not available for ORDER BY query.
benchmark,841,q5_orders_offset,0.53259999999999996,0,False,Schema is not available for ORDER BY query.
benchmark,842,q5_orders_offset,0.42859999999999998,0,False,Schema is not available for ORDER BY query.
benchmark,843,q5_orders_offset,0.48299999999999998,0,False,Schema is not available for ORDER BY query.
benchmark,844,q5_orders_offset,0.46289999999999998,0,False,Schema is not available for ORDER BY query.
benchmark,845,q5_orders_offset,0.47399999999999998,0,False,Schema is not available for ORDER BY query.
benchmark,846,q5_orders_offset,0.43619999999999998,0,False,Schema is not available for ORDER BY query.
benchmark,847,q5_orders_offset,0.45550000000000002,0,False,Schema is not available for ORDER BY query.
benchmark,848,q5_orders_offset,0.44469999999999998,0,False,Schema is not available for ORDER BY query.
benchmark,849,q5_orders_offset,0.41820000000000002,0,False,Schema is not available for ORDER BY query.
benchmark,850,q5_orders_offset,0.44519999999999998,0,False,Schema is not available for ORDER BY query.
benchmark,851,q5_orders_offset,0.46820000000000001,0,False,Schema is not available for ORDER BY query.
benchmark,852,q5_orders_offset,0.42009999999999997,0,False,Schema is not available for ORDER BY query.
benchmark,853,q5_orders_offset,0.44619999999999999,0,False,Schema is not available for ORDER BY query.
benchmark,854,q5_orders_offset,0.38850000000000001,0,False,Schema is not available for ORDER BY query.
benchmark,855,q5_orders_offset,0.441,0,False,Schema is not available for ORDER BY query.
benchmark,856,q5_orders_offset,0.45040000000000002,0,False,Schema is not available for ORDER BY query.
benchmark,857,q5_orders_offset,0.44359999999999999,0,False,Schema is not available for ORDER BY query.
benchmark,858,q5_orders_offset,0.39219999999999999,0,False,Schema is not available for ORDER BY query.
benchmark,859,q5_orders_offset,0.3765,0,False,Schema is not available for ORDER BY query.
benchmark,860,q5_orders_offset,0.42330000000000001,0,False,Schema is not available for ORDER BY query.
benchmark,861,q5_orders_offset,0.432,0,False,Schema is not available for ORDER BY query.
benchmark,862,q5_orders_offset,0.37090000000000001,0,False,Schema is not available for ORDER BY query.
benchmark,863,q5_orders_offset,0.42220000000000002,0,False,Schema is not available for ORDER BY query.
benchmark,864,q5_orders_offset,0.3987,0,False,Schema is not available for ORDER BY query.
benchmark,865,q5_orders_offset,0.34839999999999999,0,False,Schema is not available for ORDER BY query.
benchmark,866,q5_orders_offset,0.39550000000000002,0,False,Schema is not available for ORDER BY query.
benchmark,867,q5_orders_offset,0.35980000000000001,0,False,Schema is not available for ORDER BY query.
benchmark,868,q5_orders_offset,0.38519999999999999,0,False,Schema is not available for ORDER BY query.
benchmark,869,q5_orders_offset,0.44769999999999999,0,False,Schema is not available for ORDER BY query.
benchmark,870,q5_orders_offset,0.38569999999999999,0,False,Schema is not available for ORDER BY query.
benchmark,871,q5_orders_offset,0.44319999999999998,0,False,Schema is not available for ORDER BY query.
benchmark,872,q5_orders_offset,0.52170000000000005,0,False,Schema is not available for ORDER BY query.
benchmark,873,q5_orders_offset,0.4637,0,False,Schema is not available for ORDER BY query.
benchmark,874,q5_orders_offset,0.50890000000000002,0,False,Schema is not available for ORDER BY query.
benchmark,875,q5_orders_offset,0.55989999999999995,0,False,Schema is not available for ORDER BY query.
benchmark,876,q5_orders_offset,0.436,0,False,Schema is not available for ORDER BY query.
benchmark,877,q5_orders_offset,0.4602,0,False,Schema is not available for ORDER BY query.
benchmark,878,q5_orders_offset,0.45989999999999998,0,False,Schema is not available for ORDER BY query.
benchmark,879,q5_orders_offset,0.35970000000000002,0,False,Schema is not available for ORDER BY query.
benchmark,880,q5_orders_offset,0.38740000000000002,0,False,Schema is not available for ORDER BY query.
benchmark,881,q5_orders_offset,0.34079999999999999,0,False,Schema is not available for ORDER BY query.
benchmark,882,q5_orders_offset,0.34610000000000002,0,False,Schema is not available for ORDER BY query.
benchmark,883,q5_orders_offset,0.35620000000000002,0,False,Schema is not available for ORDER BY query.
benchmark,884,q5_orders_offset,0.34849999999999998,0,False,Schema is not available for ORDER BY query.
benchmark,885,q5_orders_offset,0.3826,0,False,Schema is not available for ORDER BY query.
benchmark,886,q5_orders_offset,0.35099999999999998,0,False,Schema is not available for ORDER BY query.
benchmark,887,q5_orders_offset,0.37440000000000001,0,False,Schema is not available for ORDER BY query.
benchmark,888,q5_orders_offset,0.39810000000000001,0,False,Schema is not available for ORDER BY query.
benchmark,889,q5_orders_offset,0.37219999999999998,0,False,Schema is not available for ORDER BY query.
benchmark,890,q5_orders_offset,0.37440000000000001,0,False,Schema is not available for ORDER BY query.
benchmark,891,q5_orders_offset,0.35680000000000001,0,False,Schema is not available for ORDER BY query.
benchmark,892,q5_orders_offset,0.38519999999999999,0,False,Schema is not available for ORDER BY query.
benchmark,893,q5_orders_offset,0.39629999999999999,0,False,Schema is not available for ORDER BY query.
benchmark,894,q5_orders_offset,0.35420000000000001,0,False,Schema is not available for ORDER BY query.
benchmark,895,q5_orders_offset,0.34150000000000003,0,False,Schema is not available for ORDER BY query.
benchmark,896,q5_orders_offset,0.42370000000000002,0,False,Schema is not available for ORDER BY query.
benchmark,897,q5_orders_offset,0.2888,0,False,Schema is not available for ORDER BY query.
benchmark,898,q5_orders_offset,0.30209999999999998,0,False,Schema is not available for ORDER BY query.
benchmark,899,q5_orders_offset,0.39939999999999998,0,False,Schema is not available for ORDER BY query.
benchmark,900,q5_orders_offset,0.31459999999999999,0,False,Schema is not available for ORDER BY query.
benchmark,901,q5_orders_offset,3.0592000000000001,0,False,Schema is not available for ORDER BY query.
benchmark,902,q5_orders_offset,0.93420000000000003,0,False,Schema is not available for ORDER BY query.
benchmark,903,q5_orders_offset,0.77690000000000003,0,False,Schema is not available for ORDER BY query.
benchmark,904,q5_orders_offset,0.62809999999999999,0,False,Schema is not available for ORDER BY query.
benchmark,905,q5_orders_offset,0.87749999999999995,0,False,Schema is not available for ORDER BY query.
benchmark,906,q5_orders_offset,1.175,0,False,Schema is not available for ORDER BY query.
benchmark,907,q5_orders_offset,0.59209999999999996,0,False,Schema is not available for ORDER BY query.
benchmark,908,q5_orders_offset,0.55879999999999996,0,False,Schema is not available for ORDER BY query.
benchmark,909,q5_orders_offset,0.60409999999999997,0,False,Schema is not available for ORDER BY query.
benchmark,910,q5_orders_offset,0.64549999999999996,0,False,Schema is not available for ORDER BY query.
benchmark,911,q5_orders_offset,0.61890000000000001,0,False,Schema is not available for ORDER BY query.
benchmark,912,q5_orders_offset,0.59670000000000001,0,False,Schema is not available for ORDER BY query.
benchmark,913,q5_orders_offset,0.64100000000000001,0,False,Schema is not available for ORDER BY query.
benchmark,914,q5_orders_offset,0.53590000000000004,0,False,Schema is not available for ORDER BY query.
benchmark,915,q5_orders_offset,0.48970000000000002,0,False,Schema is not available for ORDER BY query.
benchmark,916,q5_orders_offset,0.51019999999999999,0,False,Schema is not available for ORDER BY query.
benchmark,917,q5_orders_offset,0.46510000000000001,0,False,Schema is not available for ORDER BY query.
benchmark,918,q5_orders_offset,0.43609999999999999,0,False,Schema is not available for ORDER BY query.
benchmark,919,q5_orders_offset,0.50270000000000004,0,False,Schema is not available for ORDER BY query.
benchmark,920,q5_orders_offset,0.43149999999999999,0,False,Schema is not available for ORDER BY query.
benchmark,921,q5_orders_offset,0.91949999999999998,0,False,Schema is not available for ORDER BY query.
benchmark,922,q5_orders_offset,0.99809999999999999,0,False,Schema is not available for ORDER BY query.
benchmark,923,q5_orders_offset,0.6351,0,False,Schema is not available for ORDER BY query.
benchmark,924,q5_orders_offset,0.6532,0,False,Schema is not available for ORDER BY query.
benchmark,925,q5_orders_offset,0.82720000000000005,0,False,Schema is not available for ORDER BY query.
benchmark,926,q5_orders_offset,0.75219999999999998,0,False,Schema is not available for ORDER BY query.
benchmark,927,q5_orders_offset,0.63139999999999996,0,False,Schema is not available for ORDER BY query.
benchmark,928,q5_orders_offset,0.67310000000000003,0,False,Schema is not available for ORDER BY query.
benchmark,929,q5_orders_offset,0.64900000000000002,0,False,Schema is not available for ORDER BY query.
benchmark,930,q5_orders_offset,0.56499999999999995,0,False,Schema is not available for ORDER BY query.
benchmark,931,q5_orders_offset,0.66990000000000005,0,False,Schema is not available for ORDER BY query.
benchmark,932,q5_orders_offset,0.48699999999999999,0,False,Schema is not available for ORDER BY query.
benchmark,933,q5_orders_offset,0.49940000000000001,0,False,Schema is not available for ORDER BY query.
benchmark,934,q5_orders_offset,0.51539999999999997,0,False,Schema is not available for ORDER BY query.
benchmark,935,q5_orders_offset,0.50449999999999995,0,False,Schema is not available for ORDER BY query.
benchmark,936,q5_orders_offset,0.51539999999999997,0,False,Schema is not available for ORDER BY query.
benchmark,937,q5_orders_offset,0.51890000000000003,0,False,Schema is not available for ORDER BY query.
benchmark,938,q5_orders_offset,0.51959999999999995,0,False,Schema is not available for ORDER BY query.
benchmark,939,q5_orders_offset,0.54679999999999995,0,False,Schema is not available for ORDER BY query.
benchmark,940,q5_orders_offset,0.4864,0,False,Schema is not available for ORDER BY query.
benchmark,941,q5_orders_offset,0.51170000000000004,0,False,Schema is not available for ORDER BY query.
benchmark,942,q5_orders_offset,0.50760000000000005,0,False,Schema is not available for ORDER BY query.
benchmark,943,q5_orders_offset,0.4834,0,False,Schema is not available for ORDER BY query.
benchmark,944,q5_orders_offset,0.42270000000000002,0,False,Schema is not available for ORDER BY query.
benchmark,945,q5_orders_offset,0.43180000000000002,0,False,Schema is not available for ORDER BY query.
benchmark,946,q5_orders_offset,0.44140000000000001,0,False,Schema is not available for ORDER BY query.
benchmark,947,q5_orders_offset,0.49990000000000001,0,False,Schema is not available for ORDER BY query.
benchmark,948,q5_orders_offset,0.44030000000000002,0,False,Schema is not available for ORDER BY query.
benchmark,949,q5_orders_offset,0.41710000000000003,0,False,Schema is not available for ORDER BY query.
benchmark,950,q5_orders_offset,0.45469999999999999,0,False,Schema is not available for ORDER BY query.
benchmark,951,q5_orders_offset,0.5121,0,False,Schema is not available for ORDER BY query.
benchmark,952,q5_orders_offset,0.41360000000000002,0,False,Schema is not available for ORDER BY query.
benchmark,953,q5_orders_offset,0.42249999999999999,0,False,Schema is not available for ORDER BY query.
benchmark,954,q5_orders_offset,0.4657,0,False,Schema is not available for ORDER BY query.
benchmark,955,q5_orders_offset,0.45200000000000001,0,False,Schema is not available for ORDER BY query.
benchmark,956,q5_orders_offset,0.38390000000000002,0,False,Schema is not available for ORDER BY query.
benchmark,957,q5_orders_offset,0.40400000000000003,0,False,Schema is not available for ORDER BY query.
benchmark,958,q5_orders_offset,0.42370000000000002,0,False,Schema is not available for ORDER BY query.
benchmark,959,q5_orders_offset,0.39629999999999999,0,False,Schema is not available for ORDER BY query.
benchmark,960,q5_orders_offset,0.39169999999999999,0,False,Schema is not available for ORDER BY query.
benchmark,961,q5_orders_offset,0.3755,0,False,Schema is not available for ORDER BY query.
benchmark,962,q5_orders_offset,0.36849999999999999,0,False,Schema is not available for ORDER BY query.
benchmark,963,q5_orders_offset,0.35539999999999999,0,False,Schema is not available for ORDER BY query.
benchmark,964,q5_orders_offset,0.4294,0,False,Schema is not available for ORDER BY query.
benchmark,965,q5_orders_offset,0.38159999999999999,0,False,Schema is not available for ORDER BY query.
benchmark,966,q5_orders_offset,0.42559999999999998,0,False,Schema is not available for ORDER BY query.
benchmark,967,q5_orders_offset,0.37280000000000002,0,False,Schema is not available for ORDER BY query.
benchmark,968,q5_orders_offset,0.36420000000000002,0,False,Schema is not available for ORDER BY query.
benchmark,969,q5_orders_offset,0.38100000000000001,0,False,Schema is not available for ORDER BY query.
benchmark,970,q5_orders_offset,0.38929999999999998,0,False,Schema is not available for ORDER BY query.
benchmark,971,q5_orders_offset,0.37409999999999999,0,False,Schema is not available for ORDER BY query.
benchmark,972,q5_orders_offset,0.4022,0,False,Schema is not available for ORDER BY query.
benchmark,973,q5_orders_offset,0.40139999999999998,0,False,Schema is not available for ORDER BY query.
benchmark,974,q5_orders_offset,0.38340000000000002,0,False,Schema is not available for ORDER BY query.
benchmark,975,q5_orders_offset,0.41599999999999998,0,False,Schema is not available for ORDER BY query.
benchmark,976,q5_orders_offset,0.38719999999999999,0,False,Schema is not available for ORDER BY query.
benchmark,977,q5_orders_offset,0.47499999999999998,0,False,Schema is not available for ORDER BY query.
benchmark,978,q5_orders_offset,0.50880000000000003,0,False,Schema is not available for ORDER BY query.
benchmark,979,q5_orders_offset,0.43130000000000002,0,False,Schema is not available for ORDER BY query.
benchmark,980,q5_orders_offset,0.5252,0,False,Schema is not available for ORDER BY query.
benchmark,981,q5_orders_offset,0.44159999999999999,0,False,Schema is not available for ORDER BY query.
benchmark,982,q5_orders_offset,0.52359999999999995,0,False,Schema is not available for ORDER BY query.
benchmark,983,q5_orders_offset,0.43259999999999998,0,False,Schema is not available for ORDER BY query.
benchmark,984,q5_orders_offset,0.55079999999999996,0,False,Schema is not available for ORDER BY query.
benchmark,985,q5_orders_offset,0.34899999999999998,0,False,Schema is not available for ORDER BY query.
benchmark,986,q5_orders_offset,0.40100000000000002,0,False,Schema is not available for ORDER BY query.
benchmark,987,q5_orders_offset,0.32990000000000003,0,False,Schema is not available for ORDER BY query.
benchmark,988,q5_orders_offset,0.3921,0,False,Schema is not available for ORDER BY query.
benchmark,989,q5_orders_offset,0.65039999999999998,0,False,Schema is not available for ORDER BY query.
benchmark,990,q5_orders_offset,0.4698,0,False,Schema is not available for ORDER BY query.
benchmark,991,q5_orders_offset,0.3871,0,False,Schema is not available for ORDER BY query.
benchmark,992,q5_orders_offset,0.39489999999999997,0,False,Schema is not available for ORDER BY query.
benchmark,993,q5_orders_offset,0.36580000000000001,0,False,Schema is not available for ORDER BY query.
benchmark,994,q5_orders_offset,0.35670000000000002,0,False,Schema is not available for ORDER BY query.
benchmark,995,q5_orders_offset,0.31369999999999998,0,False,Schema is not available for ORDER BY query.
benchmark,996,q5_orders_offset,0.36709999999999998,0,False,Schema is not available for ORDER BY query.
benchmark,997,q5_orders_offset,0.31130000000000002,0,False,Schema is not available for ORDER BY query.
benchmark,998,q5_orders_offset,0.31119999999999998,0,False,Schema is not available for ORDER BY query.
benchmark,999,q5_orders_offset,0.31059999999999999,0,False,Schema is not available for ORDER BY query.
benchmark,1000,q5_orders_offset,0.40239999999999998,0,False,Schema is not available for ORDER BY query.
benchmark,1,q6_products_by_seller,1.3294999999999999,0,True,
benchmark,2,q6_products_by_seller,1.0318000000000001,0,True,
benchmark,3,q6_products_by_seller,0.94750000000000001,0,True,
benchmark,4,q6_products_by_seller,0.93459999999999999,0,True,
benchmark,5,q6_products_by_seller,0.88719999999999999,0,True,
benchmark,6,q6_products_by_seller,0.88060000000000005,0,True,
benchmark,7,q6_products_by_seller,0.91920000000000002,0,True,
benchmark,8,q6_products_by_seller,0.96419999999999995,0,True,
benchmark,9,q6_products_by_seller,0.88529999999999998,0,True,
benchmark,10,q6_products_by_seller,0.86899999999999999,0,True,
benchmark,11,q6_products_by_seller,0.81779999999999997,0,True,
benchmark,12,q6_products_by_seller,0.88729999999999998,0,True,
benchmark,13,q6_products_by_seller,0.80020000000000002,0,True,
benchmark,14,q6_products_by_seller,0.81759999999999999,0,True,
benchmark,15,q6_products_by_seller,0.81830000000000003,0,True,
benchmark,16,q6_products_by_seller,0.7177,0,True,
benchmark,17,q6_products_by_seller,0.67279999999999995,0,True,
benchmark,18,q6_products_by_seller,0.67600000000000005,0,True,
benchmark,19,q6_products_by_seller,0.97770000000000001,0,True,
benchmark,20,q6_products_by_seller,0.89200000000000002,0,True,
benchmark,21,q6_products_by_seller,0.87919999999999998,0,True,
benchmark,22,q6_products_by_seller,1.5401,0,True,
benchmark,23,q6_products_by_seller,0.97499999999999998,0,True,
benchmark,24,q6_products_by_seller,0.82150000000000001,0,True,
benchmark,25,q6_products_by_seller,0.80689999999999995,0,True,
benchmark,26,q6_products_by_seller,0.74590000000000001,0,True,
benchmark,27,q6_products_by_seller,0.7591,0,True,
benchmark,28,q6_products_by_seller,0.73119999999999996,0,True,
benchmark,29,q6_products_by_seller,0.62250000000000005,0,True,
benchmark,30,q6_products_by_seller,0.59150000000000003,0,True,
benchmark,31,q6_products_by_seller,0.57979999999999998,0,True,
benchmark,32,q6_products_by_seller,0.57940000000000003,0,True,
benchmark,33,q6_products_by_seller,0.5746,0,True,
benchmark,34,q6_products_by_seller,0.61760000000000004,0,True,
benchmark,35,q6_products_by_seller,0.60919999999999996,0,True,
benchmark,36,q6_products_by_seller,0.61219999999999997,0,True,
benchmark,37,q6_products_by_seller,0.67620000000000002,0,True,
benchmark,38,q6_products_by_seller,0.62180000000000002,0,True,
benchmark,39,q6_products_by_seller,0.67259999999999998,0,True,
benchmark,40,q6_products_by_seller,0.58679999999999999,0,True,
benchmark,41,q6_products_by_seller,0.71609999999999996,0,True,
benchmark,42,q6_products_by_seller,0.59050000000000002,0,True,
benchmark,43,q6_products_by_seller,1.6717,0,True,
benchmark,44,q6_products_by_seller,0.629,0,True,
benchmark,45,q6_products_by_seller,0.55910000000000004,0,True,
benchmark,46,q6_products_by_seller,0.57830000000000004,0,True,
benchmark,47,q6_products_by_seller,0.61109999999999998,0,True,
benchmark,48,q6_products_by_seller,0.6139,0,True,
benchmark,49,q6_products_by_seller,0.62270000000000003,0,True,
benchmark,50,q6_products_by_seller,0.64790000000000003,0,True,
benchmark,51,q6_products_by_seller,0.57969999999999999,0,True,
benchmark,52,q6_products_by_seller,0.60240000000000005,0,True,
benchmark,53,q6_products_by_seller,0.61519999999999997,0,True,
benchmark,54,q6_products_by_seller,0.59370000000000001,0,True,
benchmark,55,q6_products_by_seller,0.59909999999999997,0,True,
benchmark,56,q6_products_by_seller,0.59309999999999996,0,True,
benchmark,57,q6_products_by_seller,0.60199999999999998,0,True,
benchmark,58,q6_products_by_seller,0.58589999999999998,0,True,
benchmark,59,q6_products_by_seller,0.58520000000000005,0,True,
benchmark,60,q6_products_by_seller,0.56720000000000004,0,True,
benchmark,61,q6_products_by_seller,0.67710000000000004,0,True,
benchmark,62,q6_products_by_seller,0.68200000000000005,0,True,
benchmark,63,q6_products_by_seller,0.66010000000000002,0,True,
benchmark,64,q6_products_by_seller,0.58579999999999999,0,True,
benchmark,65,q6_products_by_seller,0.55320000000000003,0,True,
benchmark,66,q6_products_by_seller,0.56769999999999998,0,True,
benchmark,67,q6_products_by_seller,0.56459999999999999,0,True,
benchmark,68,q6_products_by_seller,0.58919999999999995,0,True,
benchmark,69,q6_products_by_seller,0.53010000000000002,0,True,
benchmark,70,q6_products_by_seller,0.51080000000000003,0,True,
benchmark,71,q6_products_by_seller,0.56389999999999996,0,True,
benchmark,72,q6_products_by_seller,0.52939999999999998,0,True,
benchmark,73,q6_products_by_seller,0.58250000000000002,0,True,
benchmark,74,q6_products_by_seller,0.51890000000000003,0,True,
benchmark,75,q6_products_by_seller,0.51870000000000005,0,True,
benchmark,76,q6_products_by_seller,0.51749999999999996,0,True,
benchmark,77,q6_products_by_seller,0.50209999999999999,0,True,
benchmark,78,q6_products_by_seller,0.49059999999999998,0,True,
benchmark,79,q6_products_by_seller,0.49569999999999997,0,True,
benchmark,80,q6_products_by_seller,0.4929,0,True,
benchmark,81,q6_products_by_seller,0.5252,0,True,
benchmark,82,q6_products_by_seller,0.49590000000000001,0,True,
benchmark,83,q6_products_by_seller,0.4773,0,True,
benchmark,84,q6_products_by_seller,0.49580000000000002,0,True,
benchmark,85,q6_products_by_seller,0.49940000000000001,0,True,
benchmark,86,q6_products_by_seller,0.49690000000000001,0,True,
benchmark,87,q6_products_by_seller,0.49280000000000002,0,True,
benchmark,88,q6_products_by_seller,0.5181,0,True,
benchmark,89,q6_products_by_seller,0.47810000000000002,0,True,
benchmark,90,q6_products_by_seller,0.51500000000000001,0,True,
benchmark,91,q6_products_by_seller,0.50670000000000004,0,True,
benchmark,92,q6_products_by_seller,0.49859999999999999,0,True,
benchmark,93,q6_products_by_seller,0.47070000000000001,0,True,
benchmark,94,q6_products_by_seller,0.46910000000000002,0,True,
benchmark,95,q6_products_by_seller,0.47449999999999998,0,True,
benchmark,96,q6_products_by_seller,0.49399999999999999,0,True,
benchmark,97,q6_products_by_seller,0.50280000000000002,0,True,
benchmark,98,q6_products_by_seller,0.49630000000000002,0,True,
benchmark,99,q6_products_by_seller,0.51690000000000003,0,True,
benchmark,100,q6_products_by_seller,0.4985,0,True,
benchmark,101,q6_products_by_seller,2.5493999999999999,0,True,
benchmark,102,q6_products_by_seller,1.2862,0,True,
benchmark,103,q6_products_by_seller,1.0407,0,True,
benchmark,104,q6_products_by_seller,0.98950000000000005,0,True,
benchmark,105,q6_products_by_seller,0.99209999999999998,0,True,
benchmark,106,q6_products_by_seller,0.87790000000000001,0,True,
benchmark,107,q6_products_by_seller,1.3825000000000001,0,True,
benchmark,108,q6_products_by_seller,1.2875000000000001,0,True,
benchmark,109,q6_products_by_seller,1.1688000000000001,0,True,
benchmark,110,q6_products_by_seller,1.1432,0,True,
benchmark,111,q6_products_by_seller,1.1830000000000001,0,True,
benchmark,112,q6_products_by_seller,1.1949000000000001,0,True,
benchmark,113,q6_products_by_seller,1.1432,0,True,
benchmark,114,q6_products_by_seller,0.95730000000000004,0,True,
benchmark,115,q6_products_by_seller,0.95899999999999996,0,True,
benchmark,116,q6_products_by_seller,0.99770000000000003,0,True,
benchmark,117,q6_products_by_seller,0.95050000000000001,0,True,
benchmark,118,q6_products_by_seller,0.97770000000000001,0,True,
benchmark,119,q6_products_by_seller,1.0116000000000001,0,True,
benchmark,120,q6_products_by_seller,0.91649999999999998,0,True,
benchmark,121,q6_products_by_seller,0.85299999999999998,0,True,
benchmark,122,q6_products_by_seller,0.92320000000000002,0,True,
benchmark,123,q6_products_by_seller,0.84870000000000001,0,True,
benchmark,124,q6_products_by_seller,0.90300000000000002,0,True,
benchmark,125,q6_products_by_seller,1.0470999999999999,0,True,
benchmark,126,q6_products_by_seller,0.79969999999999997,0,True,
benchmark,127,q6_products_by_seller,0.82599999999999996,0,True,
benchmark,128,q6_products_by_seller,0.77480000000000004,0,True,
benchmark,129,q6_products_by_seller,0.81899999999999995,0,True,
benchmark,130,q6_products_by_seller,0.79200000000000004,0,True,
benchmark,131,q6_products_by_seller,0.7147,0,True,
benchmark,132,q6_products_by_seller,0.72389999999999999,0,True,
benchmark,133,q6_products_by_seller,0.74119999999999997,0,True,
benchmark,134,q6_products_by_seller,0.72270000000000001,0,True,
benchmark,135,q6_products_by_seller,0.84640000000000004,0,True,
benchmark,136,q6_products_by_seller,0.76759999999999995,0,True,
benchmark,137,q6_products_by_seller,0.63170000000000004,0,True,
benchmark,138,q6_products_by_seller,0.69630000000000003,0,True,
benchmark,139,q6_products_by_seller,0.70589999999999997,0,True,
benchmark,140,q6_products_by_seller,0.68220000000000003,0,True,
benchmark,141,q6_products_by_seller,0.69120000000000004,0,True,
benchmark,142,q6_products_by_seller,0.72850000000000004,0,True,
benchmark,143,q6_products_by_seller,0.73619999999999997,0,True,
benchmark,144,q6_products_by_seller,0.84199999999999997,0,True,
benchmark,145,q6_products_by_seller,0.90190000000000003,0,True,
benchmark,146,q6_products_by_seller,0.70340000000000003,0,True,
benchmark,147,q6_products_by_seller,0.71870000000000001,0,True,
benchmark,148,q6_products_by_seller,0.67379999999999995,0,True,
benchmark,149,q6_products_by_seller,0.63739999999999997,0,True,
benchmark,150,q6_products_by_seller,0.62739999999999996,0,True,
benchmark,151,q6_products_by_seller,0.69710000000000005,0,True,
benchmark,152,q6_products_by_seller,0.65880000000000005,0,True,
benchmark,153,q6_products_by_seller,0.71089999999999998,0,True,
benchmark,154,q6_products_by_seller,0.63280000000000003,0,True,
benchmark,155,q6_products_by_seller,1.575,0,True,
benchmark,156,q6_products_by_seller,0.75619999999999998,0,True,
benchmark,157,q6_products_by_seller,0.66610000000000003,0,True,
benchmark,158,q6_products_by_seller,0.65310000000000001,0,True,
benchmark,159,q6_products_by_seller,0.6764,0,True,
benchmark,160,q6_products_by_seller,0.59850000000000003,0,True,
benchmark,161,q6_products_by_seller,0.60550000000000004,0,True,
benchmark,162,q6_products_by_seller,0.71409999999999996,0,True,
benchmark,163,q6_products_by_seller,0.62619999999999998,0,True,
benchmark,164,q6_products_by_seller,0.58179999999999998,0,True,
benchmark,165,q6_products_by_seller,1.4499,0,True,
benchmark,166,q6_products_by_seller,0.76029999999999998,0,True,
benchmark,167,q6_products_by_seller,0.71889999999999998,0,True,
benchmark,168,q6_products_by_seller,0.69520000000000004,0,True,
benchmark,169,q6_products_by_seller,0.60270000000000001,0,True,
benchmark,170,q6_products_by_seller,0.58089999999999997,0,True,
benchmark,171,q6_products_by_seller,0.55230000000000001,0,True,
benchmark,172,q6_products_by_seller,0.55689999999999995,0,True,
benchmark,173,q6_products_by_seller,0.58830000000000005,0,True,
benchmark,174,q6_products_by_seller,0.61250000000000004,0,True,
benchmark,175,q6_products_by_seller,0.60319999999999996,0,True,
benchmark,176,q6_products_by_seller,0.56820000000000004,0,True,
benchmark,177,q6_products_by_seller,0.52659999999999996,0,True,
benchmark,178,q6_products_by_seller,0.57399999999999995,0,True,
benchmark,179,q6_products_by_seller,0.48930000000000001,0,True,
benchmark,180,q6_products_by_seller,0.52429999999999999,0,True,
benchmark,181,q6_products_by_seller,0.51400000000000001,0,True,
benchmark,182,q6_products_by_seller,0.61119999999999997,0,True,
benchmark,183,q6_products_by_seller,0.52539999999999998,0,True,
benchmark,184,q6_products_by_seller,0.52610000000000001,0,True,
benchmark,185,q6_products_by_seller,0.54810000000000003,0,True,
benchmark,186,q6_products_by_seller,0.71330000000000005,0,True,
benchmark,187,q6_products_by_seller,0.50490000000000002,0,True,
benchmark,188,q6_products_by_seller,0.55789999999999995,0,True,
benchmark,189,q6_products_by_seller,0.47120000000000001,0,True,
benchmark,190,q6_products_by_seller,0.5151,0,True,
benchmark,191,q6_products_by_seller,0.43909999999999999,0,True,
benchmark,192,q6_products_by_seller,0.44669999999999999,0,True,
benchmark,193,q6_products_by_seller,0.44900000000000001,0,True,
benchmark,194,q6_products_by_seller,0.42159999999999997,0,True,
benchmark,195,q6_products_by_seller,0.43909999999999999,0,True,
benchmark,196,q6_products_by_seller,0.42199999999999999,0,True,
benchmark,197,q6_products_by_seller,0.44800000000000001,0,True,
benchmark,198,q6_products_by_seller,0.4955,0,True,
benchmark,199,q6_products_by_seller,0.5786,0,True,
benchmark,200,q6_products_by_seller,0.49719999999999998,0,True,
benchmark,201,q6_products_by_seller,3.0621,0,True,
benchmark,202,q6_products_by_seller,1.4419999999999999,0,True,
benchmark,203,q6_products_by_seller,1.0676000000000001,0,True,
benchmark,204,q6_products_by_seller,0.94030000000000002,0,True,
benchmark,205,q6_products_by_seller,0.98629999999999995,0,True,
benchmark,206,q6_products_by_seller,1.1626000000000001,0,True,
benchmark,207,q6_products_by_seller,0.89949999999999997,0,True,
benchmark,208,q6_products_by_seller,1.0124,0,True,
benchmark,209,q6_products_by_seller,1.9117,0,True,
benchmark,210,q6_products_by_seller,1.4837,0,True,
benchmark,211,q6_products_by_seller,1.6618999999999999,0,True,
benchmark,212,q6_products_by_seller,1.3927,0,True,
benchmark,213,q6_products_by_seller,1.3337000000000001,0,True,
benchmark,214,q6_products_by_seller,1.0311999999999999,0,True,
benchmark,215,q6_products_by_seller,1.0130999999999999,0,True,
benchmark,216,q6_products_by_seller,1.7265999999999999,0,True,
benchmark,217,q6_products_by_seller,1.0785,0,True,
benchmark,218,q6_products_by_seller,1.0356000000000001,0,True,
benchmark,219,q6_products_by_seller,1.0427,0,True,
benchmark,220,q6_products_by_seller,1.0383,0,True,
benchmark,221,q6_products_by_seller,0.85270000000000001,0,True,
benchmark,222,q6_products_by_seller,0.8931,0,True,
benchmark,223,q6_products_by_seller,0.84219999999999995,0,True,
benchmark,224,q6_products_by_seller,0.90590000000000004,0,True,
benchmark,225,q6_products_by_seller,0.89219999999999999,0,True,
benchmark,226,q6_products_by_seller,0.82310000000000005,0,True,
benchmark,227,q6_products_by_seller,0.90780000000000005,0,True,
benchmark,228,q6_products_by_seller,0.91180000000000005,0,True,
benchmark,229,q6_products_by_seller,0.83750000000000002,0,True,
benchmark,230,q6_products_by_seller,0.77859999999999996,0,True,
benchmark,231,q6_products_by_seller,0.77329999999999999,0,True,
benchmark,232,q6_products_by_seller,0.83430000000000004,0,True,
benchmark,233,q6_products_by_seller,0.75539999999999996,0,True,
benchmark,234,q6_products_by_seller,0.6482,0,True,
benchmark,235,q6_products_by_seller,0.72519999999999996,0,True,
benchmark,236,q6_products_by_seller,0.82789999999999997,0,True,
benchmark,237,q6_products_by_seller,0.83079999999999998,0,True,
benchmark,238,q6_products_by_seller,0.82250000000000001,0,True,
benchmark,239,q6_products_by_seller,0.82010000000000005,0,True,
benchmark,240,q6_products_by_seller,0.749,0,True,
benchmark,241,q6_products_by_seller,0.74299999999999999,0,True,
benchmark,242,q6_products_by_seller,0.7117,0,True,
benchmark,243,q6_products_by_seller,0.64029999999999998,0,True,
benchmark,244,q6_products_by_seller,0.69389999999999996,0,True,
benchmark,245,q6_products_by_seller,0.73550000000000004,0,True,
benchmark,246,q6_products_by_seller,0.69450000000000001,0,True,
benchmark,247,q6_products_by_seller,0.69010000000000005,0,True,
benchmark,248,q6_products_by_seller,0.68269999999999997,0,True,
benchmark,249,q6_products_by_seller,0.77510000000000001,0,True,
benchmark,250,q6_products_by_seller,0.77249999999999996,0,True,
benchmark,251,q6_products_by_seller,0.78200000000000003,0,True,
benchmark,252,q6_products_by_seller,0.67810000000000004,0,True,
benchmark,253,q6_products_by_seller,0.67249999999999999,0,True,
benchmark,254,q6_products_by_seller,0.65880000000000005,0,True,
benchmark,255,q6_products_by_seller,0.70740000000000003,0,True,
benchmark,256,q6_products_by_seller,0.64149999999999996,0,True,
benchmark,257,q6_products_by_seller,0.65459999999999996,0,True,
benchmark,258,q6_products_by_seller,0.65949999999999998,0,True,
benchmark,259,q6_products_by_seller,0.61919999999999997,0,True,
benchmark,260,q6_products_by_seller,0.59799999999999998,0,True,
benchmark,261,q6_products_by_seller,0.63580000000000003,0,True,
benchmark,262,q6_products_by_seller,0.622,0,True,
benchmark,263,q6_products_by_seller,0.63800000000000001,0,True,
benchmark,264,q6_products_by_seller,0.70620000000000005,0,True,
benchmark,265,q6_products_by_seller,0.74890000000000001,0,True,
benchmark,266,q6_products_by_seller,0.68500000000000005,0,True,
benchmark,267,q6_products_by_seller,0.67949999999999999,0,True,
benchmark,268,q6_products_by_seller,0.62180000000000002,0,True,
benchmark,269,q6_products_by_seller,0.54690000000000005,0,True,
benchmark,270,q6_products_by_seller,0.51039999999999996,0,True,
benchmark,271,q6_products_by_seller,0.56920000000000004,0,True,
benchmark,272,q6_products_by_seller,0.54259999999999997,0,True,
benchmark,273,q6_products_by_seller,0.53820000000000001,0,True,
benchmark,274,q6_products_by_seller,0.52370000000000005,0,True,
benchmark,275,q6_products_by_seller,1.4833000000000001,0,True,
benchmark,276,q6_products_by_seller,0.52229999999999999,0,True,
benchmark,277,q6_products_by_seller,0.51249999999999996,0,True,
benchmark,278,q6_products_by_seller,0.49309999999999998,0,True,
benchmark,279,q6_products_by_seller,0.50949999999999995,0,True,
benchmark,280,q6_products_by_seller,0.58089999999999997,0,True,
benchmark,281,q6_products_by_seller,0.52129999999999999,0,True,
benchmark,282,q6_products_by_seller,0.5343,0,True,
benchmark,283,q6_products_by_seller,0.55710000000000004,0,True,
benchmark,284,q6_products_by_seller,0.51019999999999999,0,True,
benchmark,285,q6_products_by_seller,0.55369999999999997,0,True,
benchmark,286,q6_products_by_seller,0.56810000000000005,0,True,
benchmark,287,q6_products_by_seller,0.55049999999999999,0,True,
benchmark,288,q6_products_by_seller,0.52029999999999998,0,True,
benchmark,289,q6_products_by_seller,0.51019999999999999,0,True,
benchmark,290,q6_products_by_seller,0.46960000000000002,0,True,
benchmark,291,q6_products_by_seller,0.57820000000000005,0,True,
benchmark,292,q6_products_by_seller,0.54169999999999996,0,True,
benchmark,293,q6_products_by_seller,0.55279999999999996,0,True,
benchmark,294,q6_products_by_seller,0.5222,0,True,
benchmark,295,q6_products_by_seller,0.57140000000000002,0,True,
benchmark,296,q6_products_by_seller,0.49480000000000002,0,True,
benchmark,297,q6_products_by_seller,0.49980000000000002,0,True,
benchmark,298,q6_products_by_seller,0.50570000000000004,0,True,
benchmark,299,q6_products_by_seller,0.54430000000000001,0,True,
benchmark,300,q6_products_by_seller,0.48659999999999998,0,True,
benchmark,301,q6_products_by_seller,3.0047000000000001,0,True,
benchmark,302,q6_products_by_seller,2.2387000000000001,0,True,
benchmark,303,q6_products_by_seller,1.5794999999999999,0,True,
benchmark,304,q6_products_by_seller,1.6500999999999999,0,True,
benchmark,305,q6_products_by_seller,1.4519,0,True,
benchmark,306,q6_products_by_seller,1.2038,0,True,
benchmark,307,q6_products_by_seller,1.0971,0,True,
benchmark,308,q6_products_by_seller,1.2071000000000001,0,True,
benchmark,309,q6_products_by_seller,1.2919,0,True,
benchmark,310,q6_products_by_seller,1.1993,0,True,
benchmark,311,q6_products_by_seller,0.94379999999999997,0,True,
benchmark,312,q6_products_by_seller,1.5288999999999999,0,True,
benchmark,313,q6_products_by_seller,0.96209999999999996,0,True,
benchmark,314,q6_products_by_seller,1.2007000000000001,0,True,
benchmark,315,q6_products_by_seller,1.1866000000000001,0,True,
benchmark,316,q6_products_by_seller,1.0086999999999999,0,True,
benchmark,317,q6_products_by_seller,1.0808,0,True,
benchmark,318,q6_products_by_seller,1.0407999999999999,0,True,
benchmark,319,q6_products_by_seller,0.95789999999999997,0,True,
benchmark,320,q6_products_by_seller,1.0458000000000001,0,True,
benchmark,321,q6_products_by_seller,0.99439999999999995,0,True,
benchmark,322,q6_products_by_seller,0.92649999999999999,0,True,
benchmark,323,q6_products_by_seller,0.90690000000000004,0,True,
benchmark,324,q6_products_by_seller,0.87770000000000004,0,True,
benchmark,325,q6_products_by_seller,0.8962,0,True,
benchmark,326,q6_products_by_seller,0.79979999999999996,0,True,
benchmark,327,q6_products_by_seller,0.83120000000000005,0,True,
benchmark,328,q6_products_by_seller,0.86280000000000001,0,True,
benchmark,329,q6_products_by_seller,0.75449999999999995,0,True,
benchmark,330,q6_products_by_seller,0.73399999999999999,0,True,
benchmark,331,q6_products_by_seller,0.89600000000000002,0,True,
benchmark,332,q6_products_by_seller,0.81910000000000005,0,True,
benchmark,333,q6_products_by_seller,0.79390000000000005,0,True,
benchmark,334,q6_products_by_seller,0.74019999999999997,0,True,
benchmark,335,q6_products_by_seller,0.74239999999999995,0,True,
benchmark,336,q6_products_by_seller,0.68440000000000001,0,True,
benchmark,337,q6_products_by_seller,0.79830000000000001,0,True,
benchmark,338,q6_products_by_seller,0.75700000000000001,0,True,
benchmark,339,q6_products_by_seller,0.73450000000000004,0,True,
benchmark,340,q6_products_by_seller,0.71560000000000001,0,True,
benchmark,341,q6_products_by_seller,0.9405,0,True,
benchmark,342,q6_products_by_seller,0.72419999999999995,0,True,
benchmark,343,q6_products_by_seller,0.72319999999999995,0,True,
benchmark,344,q6_products_by_seller,0.73470000000000002,0,True,
benchmark,345,q6_products_by_seller,0.73699999999999999,0,True,
benchmark,346,q6_products_by_seller,0.69469999999999998,0,True,
benchmark,347,q6_products_by_seller,0.72060000000000002,0,True,
benchmark,348,q6_products_by_seller,0.70089999999999997,0,True,
benchmark,349,q6_products_by_seller,0.63149999999999995,0,True,
benchmark,350,q6_products_by_seller,0.6835,0,True,
benchmark,351,q6_products_by_seller,0.68730000000000002,0,True,
benchmark,352,q6_products_by_seller,0.64219999999999999,0,True,
benchmark,353,q6_products_by_seller,0.68530000000000002,0,True,
benchmark,354,q6_products_by_seller,0.67930000000000001,0,True,
benchmark,355,q6_products_by_seller,0.61960000000000004,0,True,
benchmark,356,q6_products_by_seller,0.60240000000000005,0,True,
benchmark,357,q6_products_by_seller,0.64459999999999995,0,True,
benchmark,358,q6_products_by_seller,0.62019999999999997,0,True,
benchmark,359,q6_products_by_seller,0.72499999999999998,0,True,
benchmark,360,q6_products_by_seller,0.75070000000000003,0,True,
benchmark,361,q6_products_by_seller,0.79079999999999995,0,True,
benchmark,362,q6_products_by_seller,0.88119999999999998,0,True,
benchmark,363,q6_products_by_seller,0.65649999999999997,0,True,
benchmark,364,q6_products_by_seller,0.5071,0,True,
benchmark,365,q6_products_by_seller,0.54810000000000003,0,True,
benchmark,366,q6_products_by_seller,0.51980000000000004,0,True,
benchmark,367,q6_products_by_seller,0.55000000000000004,0,True,
benchmark,368,q6_products_by_seller,0.57850000000000001,0,True,
benchmark,369,q6_products_by_seller,0.58199999999999996,0,True,
benchmark,370,q6_products_by_seller,0.56769999999999998,0,True,
benchmark,371,q6_products_by_seller,0.55789999999999995,0,True,
benchmark,372,q6_products_by_seller,0.54449999999999998,0,True,
benchmark,373,q6_products_by_seller,0.53029999999999999,0,True,
benchmark,374,q6_products_by_seller,0.51800000000000002,0,True,
benchmark,375,q6_products_by_seller,0.54579999999999995,0,True,
benchmark,376,q6_products_by_seller,0.5091,0,True,
benchmark,377,q6_products_by_seller,0.55920000000000003,0,True,
benchmark,378,q6_products_by_seller,0.59240000000000004,0,True,
benchmark,379,q6_products_by_seller,0.5534,0,True,
benchmark,380,q6_products_by_seller,0.55679999999999996,0,True,
benchmark,381,q6_products_by_seller,0.51570000000000005,0,True,
benchmark,382,q6_products_by_seller,0.55879999999999996,0,True,
benchmark,383,q6_products_by_seller,0.55420000000000003,0,True,
benchmark,384,q6_products_by_seller,0.52710000000000001,0,True,
benchmark,385,q6_products_by_seller,0.53090000000000004,0,True,
benchmark,386,q6_products_by_seller,0.50380000000000003,0,True,
benchmark,387,q6_products_by_seller,0.52790000000000004,0,True,
benchmark,388,q6_products_by_seller,0.54490000000000005,0,True,
benchmark,389,q6_products_by_seller,0.52710000000000001,0,True,
benchmark,390,q6_products_by_seller,0.49619999999999997,0,True,
benchmark,391,q6_products_by_seller,0.50609999999999999,0,True,
benchmark,392,q6_products_by_seller,0.53149999999999997,0,True,
benchmark,393,q6_products_by_seller,0.51680000000000004,0,True,
benchmark,394,q6_products_by_seller,0.46229999999999999,0,True,
benchmark,395,q6_products_by_seller,0.46779999999999999,0,True,
benchmark,396,q6_products_by_seller,0.46339999999999998,0,True,
benchmark,397,q6_products_by_seller,0.4995,0,True,
benchmark,398,q6_products_by_seller,0.54000000000000004,0,True,
benchmark,399,q6_products_by_seller,0.51580000000000004,0,True,
benchmark,400,q6_products_by_seller,0.48330000000000001,0,True,
benchmark,401,q6_products_by_seller,9.2858999999999998,0,True,
benchmark,402,q6_products_by_seller,1.3575999999999999,0,True,
benchmark,403,q6_products_by_seller,1.1724000000000001,0,True,
benchmark,404,q6_products_by_seller,1.1594,0,True,
benchmark,405,q6_products_by_seller,1.0960000000000001,0,True,
benchmark,406,q6_products_by_seller,1.101,0,True,
benchmark,407,q6_products_by_seller,1.2717000000000001,0,True,
benchmark,408,q6_products_by_seller,0.96750000000000003,0,True,
benchmark,409,q6_products_by_seller,0.92200000000000004,0,True,
benchmark,410,q6_products_by_seller,1.4104000000000001,0,True,
benchmark,411,q6_products_by_seller,1.1631,0,True,
benchmark,412,q6_products_by_seller,1.2048000000000001,0,True,
benchmark,413,q6_products_by_seller,1.0499000000000001,0,True,
benchmark,414,q6_products_by_seller,0.91810000000000003,0,True,
benchmark,415,q6_products_by_seller,0.98950000000000005,0,True,
benchmark,416,q6_products_by_seller,0.998,0,True,
benchmark,417,q6_products_by_seller,0.91900000000000004,0,True,
benchmark,418,q6_products_by_seller,0.90000000000000002,0,True,
benchmark,419,q6_products_by_seller,1.0089999999999999,0,True,
benchmark,420,q6_products_by_seller,0.87870000000000004,0,True,
benchmark,421,q6_products_by_seller,0.86829999999999996,0,True,
benchmark,422,q6_products_by_seller,0.73170000000000002,0,True,
benchmark,423,q6_products_by_seller,0.71240000000000003,0,True,
benchmark,424,q6_products_by_seller,0.7026,0,True,
benchmark,425,q6_products_by_seller,0.73860000000000003,0,True,
benchmark,426,q6_products_by_seller,0.70920000000000005,0,True,
benchmark,427,q6_products_by_seller,0.75870000000000004,0,True,
benchmark,428,q6_products_by_seller,0.77539999999999998,0,True,
benchmark,429,q6_products_by_seller,0.71619999999999995,0,True,
benchmark,430,q6_products_by_seller,0.78869999999999996,0,True,
benchmark,431,q6_products_by_seller,0.73240000000000005,0,True,
benchmark,432,q6_products_by_seller,0.6472,0,True,
benchmark,433,q6_products_by_seller,0.72450000000000003,0,True,
benchmark,434,q6_products_by_seller,0.64329999999999998,0,True,
benchmark,435,q6_products_by_seller,0.62360000000000004,0,True,
benchmark,436,q6_products_by_seller,0.64859999999999995,0,True,
benchmark,437,q6_products_by_seller,0.62439999999999996,0,True,
benchmark,438,q6_products_by_seller,0.65800000000000003,0,True,
benchmark,439,q6_products_by_seller,0.64429999999999998,0,True,
benchmark,440,q6_products_by_seller,0.6512,0,True,
benchmark,441,q6_products_by_seller,0.69279999999999997,0,True,
benchmark,442,q6_products_by_seller,0.65039999999999998,0,True,
benchmark,443,q6_products_by_seller,0.69810000000000005,0,True,
benchmark,444,q6_products_by_seller,0.58720000000000006,0,True,
benchmark,445,q6_products_by_seller,0.63249999999999995,0,True,
benchmark,446,q6_products_by_seller,0.61209999999999998,0,True,
benchmark,447,q6_products_by_seller,0.60250000000000004,0,True,
benchmark,448,q6_products_by_seller,0.58489999999999998,0,True,
benchmark,449,q6_products_by_seller,0.60019999999999996,0,True,
benchmark,450,q6_products_by_seller,0.63749999999999996,0,True,
benchmark,451,q6_products_by_seller,0.56140000000000001,0,True,
benchmark,452,q6_products_by_seller,0.58399999999999996,0,True,
benchmark,453,q6_products_by_seller,0.58689999999999998,0,True,
benchmark,454,q6_products_by_seller,0.57299999999999995,0,True,
benchmark,455,q6_products_by_seller,0.58130000000000004,0,True,
benchmark,456,q6_products_by_seller,0.55549999999999999,0,True,
benchmark,457,q6_products_by_seller,0.51910000000000001,0,True,
benchmark,458,q6_products_by_seller,0.58220000000000005,0,True,
benchmark,459,q6_products_by_seller,0.58919999999999995,0,True,
benchmark,460,q6_products_by_seller,0.59370000000000001,0,True,
benchmark,461,q6_products_by_seller,0.6552,0,True,
benchmark,462,q6_products_by_seller,0.63880000000000003,0,True,
benchmark,463,q6_products_by_seller,0.64200000000000002,0,True,
benchmark,464,q6_products_by_seller,0.71330000000000005,0,True,
benchmark,465,q6_products_by_seller,0.62719999999999998,0,True,
benchmark,466,q6_products_by_seller,0.52559999999999996,0,True,
benchmark,467,q6_products_by_seller,0.55569999999999997,0,True,
benchmark,468,q6_products_by_seller,0.5161,0,True,
benchmark,469,q6_products_by_seller,0.56000000000000005,0,True,
benchmark,470,q6_products_by_seller,0.54059999999999997,0,True,
benchmark,471,q6_products_by_seller,0.56069999999999998,0,True,
benchmark,472,q6_products_by_seller,0.53800000000000003,0,True,
benchmark,473,q6_products_by_seller,0.53139999999999998,0,True,
benchmark,474,q6_products_by_seller,0.52980000000000005,0,True,
benchmark,475,q6_products_by_seller,0.54459999999999997,0,True,
benchmark,476,q6_products_by_seller,0.5907,0,True,
benchmark,477,q6_products_by_seller,0.55030000000000001,0,True,
benchmark,478,q6_products_by_seller,0.48120000000000002,0,True,
benchmark,479,q6_products_by_seller,0.57550000000000001,0,True,
benchmark,480,q6_products_by_seller,0.60150000000000003,0,True,
benchmark,481,q6_products_by_seller,0.48559999999999998,0,True,
benchmark,482,q6_products_by_seller,0.49709999999999999,0,True,
benchmark,483,q6_products_by_seller,0.50019999999999998,0,True,
benchmark,484,q6_products_by_seller,0.51370000000000005,0,True,
benchmark,485,q6_products_by_seller,0.55230000000000001,0,True,
benchmark,486,q6_products_by_seller,0.52969999999999995,0,True,
benchmark,487,q6_products_by_seller,0.4975,0,True,
benchmark,488,q6_products_by_seller,0.54849999999999999,0,True,
benchmark,489,q6_products_by_seller,0.50380000000000003,0,True,
benchmark,490,q6_products_by_seller,0.48010000000000003,0,True,
benchmark,491,q6_products_by_seller,0.48139999999999999,0,True,
benchmark,492,q6_products_by_seller,0.48320000000000002,0,True,
benchmark,493,q6_products_by_seller,0.48670000000000002,0,True,
benchmark,494,q6_products_by_seller,0.4461,0,True,
benchmark,495,q6_products_by_seller,0.50319999999999998,0,True,
benchmark,496,q6_products_by_seller,0.4592,0,True,
benchmark,497,q6_products_by_seller,0.52649999999999997,0,True,
benchmark,498,q6_products_by_seller,0.51829999999999998,0,True,
benchmark,499,q6_products_by_seller,0.52969999999999995,0,True,
benchmark,500,q6_products_by_seller,0.52510000000000001,0,True,
benchmark,501,q6_products_by_seller,2.0964999999999998,0,True,
benchmark,502,q6_products_by_seller,1.1669,0,True,
benchmark,503,q6_products_by_seller,1.0630999999999999,0,True,
benchmark,504,q6_products_by_seller,0.96060000000000001,0,True,
benchmark,505,q6_products_by_seller,0.95399999999999996,0,True,
benchmark,506,q6_products_by_seller,1.3813,0,True,
benchmark,507,q6_products_by_seller,0.89449999999999996,0,True,
benchmark,508,q6_products_by_seller,0.85189999999999999,0,True,
benchmark,509,q6_products_by_seller,0.89949999999999997,0,True,
benchmark,510,q6_products_by_seller,0.96930000000000005,0,True,
benchmark,511,q6_products_by_seller,0.91469999999999996,0,True,
benchmark,512,q6_products_by_seller,0.95989999999999998,0,True,
benchmark,513,q6_products_by_seller,1.2673000000000001,0,True,
benchmark,514,q6_products_by_seller,1.0205,0,True,
benchmark,515,q6_products_by_seller,1.0873999999999999,0,True,
benchmark,516,q6_products_by_seller,1.0745,0,True,
benchmark,517,q6_products_by_seller,1.1939,0,True,
benchmark,518,q6_products_by_seller,1.2222,0,True,
benchmark,519,q6_products_by_seller,0.95569999999999999,0,True,
benchmark,520,q6_products_by_seller,0.78600000000000003,0,True,
benchmark,521,q6_products_by_seller,0.87780000000000002,0,True,
benchmark,522,q6_products_by_seller,0.75900000000000001,0,True,
benchmark,523,q6_products_by_seller,0.83309999999999995,0,True,
benchmark,524,q6_products_by_seller,0.86229999999999996,0,True,
benchmark,525,q6_products_by_seller,0.75039999999999996,0,True,
benchmark,526,q6_products_by_seller,0.70340000000000003,0,True,
benchmark,527,q6_products_by_seller,0.73980000000000001,0,True,
benchmark,528,q6_products_by_seller,0.72009999999999996,0,True,
benchmark,529,q6_products_by_seller,0.76759999999999995,0,True,
benchmark,530,q6_products_by_seller,0.79049999999999998,0,True,
benchmark,531,q6_products_by_seller,0.72699999999999998,0,True,
benchmark,532,q6_products_by_seller,0.71079999999999999,0,True,
benchmark,533,q6_products_by_seller,0.6452,0,True,
benchmark,534,q6_products_by_seller,0.70140000000000002,0,True,
benchmark,535,q6_products_by_seller,0.70440000000000003,0,True,
benchmark,536,q6_products_by_seller,0.7248,0,True,
benchmark,537,q6_products_by_seller,0.68479999999999996,0,True,
benchmark,538,q6_products_by_seller,0.7359,0,True,
benchmark,539,q6_products_by_seller,0.66820000000000002,0,True,
benchmark,540,q6_products_by_seller,0.68469999999999998,0,True,
benchmark,541,q6_products_by_seller,0.65210000000000001,0,True,
benchmark,542,q6_products_by_seller,0.65910000000000002,0,True,
benchmark,543,q6_products_by_seller,0.68000000000000005,0,True,
benchmark,544,q6_products_by_seller,0.68000000000000005,0,True,
benchmark,545,q6_products_by_seller,0.6462,0,True,
benchmark,546,q6_products_by_seller,0.6855,0,True,
benchmark,547,q6_products_by_seller,0.63900000000000001,0,True,
benchmark,548,q6_products_by_seller,0.65769999999999995,0,True,
benchmark,549,q6_products_by_seller,0.63429999999999997,0,True,
benchmark,550,q6_products_by_seller,0.63070000000000004,0,True,
benchmark,551,q6_products_by_seller,0.71840000000000004,0,True,
benchmark,552,q6_products_by_seller,0.61419999999999997,0,True,
benchmark,553,q6_products_by_seller,0.64470000000000005,0,True,
benchmark,554,q6_products_by_seller,0.55079999999999996,0,True,
benchmark,555,q6_products_by_seller,0.52249999999999996,0,True,
benchmark,556,q6_products_by_seller,0.63670000000000004,0,True,
benchmark,557,q6_products_by_seller,0.73640000000000005,0,True,
benchmark,558,q6_products_by_seller,0.64249999999999996,0,True,
benchmark,559,q6_products_by_seller,0.56820000000000004,0,True,
benchmark,560,q6_products_by_seller,0.63380000000000003,0,True,
benchmark,561,q6_products_by_seller,0.56120000000000003,0,True,
benchmark,562,q6_products_by_seller,0.53129999999999999,0,True,
benchmark,563,q6_products_by_seller,0.51870000000000005,0,True,
benchmark,564,q6_products_by_seller,0.495,0,True,
benchmark,565,q6_products_by_seller,0.58740000000000003,0,True,
benchmark,566,q6_products_by_seller,0.54659999999999997,0,True,
benchmark,567,q6_products_by_seller,0.5343,0,True,
benchmark,568,q6_products_by_seller,0.54449999999999998,0,True,
benchmark,569,q6_products_by_seller,0.57520000000000004,0,True,
benchmark,570,q6_products_by_seller,0.57530000000000003,0,True,
benchmark,571,q6_products_by_seller,0.50329999999999997,0,True,
benchmark,572,q6_products_by_seller,0.52049999999999996,0,True,
benchmark,573,q6_products_by_seller,0.52010000000000001,0,True,
benchmark,574,q6_products_by_seller,0.499,0,True,
benchmark,575,q6_products_by_seller,0.49840000000000001,0,True,
benchmark,576,q6_products_by_seller,0.50580000000000003,0,True,
benchmark,577,q6_products_by_seller,0.53700000000000003,0,True,
benchmark,578,q6_products_by_seller,0.52559999999999996,0,True,
benchmark,579,q6_products_by_seller,0.4904,0,True,
benchmark,580,q6_products_by_seller,0.50170000000000003,0,True,
benchmark,581,q6_products_by_seller,0.53520000000000001,0,True,
benchmark,582,q6_products_by_seller,0.45400000000000001,0,True,
benchmark,583,q6_products_by_seller,0.48949999999999999,0,True,
benchmark,584,q6_products_by_seller,0.50900000000000001,0,True,
benchmark,585,q6_products_by_seller,0.51070000000000004,0,True,
benchmark,586,q6_products_by_seller,0.5131,0,True,
benchmark,587,q6_products_by_seller,0.48409999999999997,0,True,
benchmark,588,q6_products_by_seller,1.3553999999999999,0,True,
benchmark,589,q6_products_by_seller,2.3128000000000002,0,True,
benchmark,590,q6_products_by_seller,0.90690000000000004,0,True,
benchmark,591,q6_products_by_seller,0.54669999999999996,0,True,
benchmark,592,q6_products_by_seller,0.5212,0,True,
benchmark,593,q6_products_by_seller,0.4501,0,True,
benchmark,594,q6_products_by_seller,0.43969999999999998,0,True,
benchmark,595,q6_products_by_seller,0.48580000000000001,0,True,
benchmark,596,q6_products_by_seller,0.45279999999999998,0,True,
benchmark,597,q6_products_by_seller,0.43609999999999999,0,True,
benchmark,598,q6_products_by_seller,0.48349999999999999,0,True,
benchmark,599,q6_products_by_seller,0.45290000000000002,0,True,
benchmark,600,q6_products_by_seller,0.50560000000000005,0,True,
benchmark,601,q6_products_by_seller,2.5750000000000002,0,True,
benchmark,602,q6_products_by_seller,1.3714999999999999,0,True,
benchmark,603,q6_products_by_seller,1.1556999999999999,0,True,
benchmark,604,q6_products_by_seller,1.1655,0,True,
benchmark,605,q6_products_by_seller,1.1085,0,True,
benchmark,606,q6_products_by_seller,1.0782,0,True,
benchmark,607,q6_products_by_seller,0.9698,0,True,
benchmark,608,q6_products_by_seller,1.0017,0,True,
benchmark,609,q6_products_by_seller,0.93149999999999999,0,True,
benchmark,610,q6_products_by_seller,1.0177,0,True,
benchmark,611,q6_products_by_seller,1.0342,0,True,
benchmark,612,q6_products_by_seller,0.9405,0,True,
benchmark,613,q6_products_by_seller,0.95499999999999996,0,True,
benchmark,614,q6_products_by_seller,0.97219999999999995,0,True,
benchmark,615,q6_products_by_seller,0.84370000000000001,0,True,
benchmark,616,q6_products_by_seller,0.86880000000000002,0,True,
benchmark,617,q6_products_by_seller,0.78739999999999999,0,True,
benchmark,618,q6_products_by_seller,0.82369999999999999,0,True,
benchmark,619,q6_products_by_seller,0.98899999999999999,0,True,
benchmark,620,q6_products_by_seller,0.99260000000000004,0,True,
benchmark,621,q6_products_by_seller,0.84850000000000003,0,True,
benchmark,622,q6_products_by_seller,0.96360000000000001,0,True,
benchmark,623,q6_products_by_seller,0.81320000000000003,0,True,
benchmark,624,q6_products_by_seller,0.75949999999999995,0,True,
benchmark,625,q6_products_by_seller,0.72670000000000001,0,True,
benchmark,626,q6_products_by_seller,0.79759999999999998,0,True,
benchmark,627,q6_products_by_seller,0.83150000000000002,0,True,
benchmark,628,q6_products_by_seller,0.81610000000000005,0,True,
benchmark,629,q6_products_by_seller,0.81740000000000002,0,True,
benchmark,630,q6_products_by_seller,0.73519999999999996,0,True,
benchmark,631,q6_products_by_seller,0.83030000000000004,0,True,
benchmark,632,q6_products_by_seller,0.83169999999999999,0,True,
benchmark,633,q6_products_by_seller,0.80059999999999998,0,True,
benchmark,634,q6_products_by_seller,0.79190000000000005,0,True,
benchmark,635,q6_products_by_seller,0.73250000000000004,0,True,
benchmark,636,q6_products_by_seller,0.75960000000000005,0,True,
benchmark,637,q6_products_by_seller,0.76070000000000004,0,True,
benchmark,638,q6_products_by_seller,0.65949999999999998,0,True,
benchmark,639,q6_products_by_seller,0.78410000000000002,0,True,
benchmark,640,q6_products_by_seller,0.71619999999999995,0,True,
benchmark,641,q6_products_by_seller,0.78249999999999997,0,True,
benchmark,642,q6_products_by_seller,0.71030000000000004,0,True,
benchmark,643,q6_products_by_seller,0.67390000000000005,0,True,
benchmark,644,q6_products_by_seller,0.61399999999999999,0,True,
benchmark,645,q6_products_by_seller,0.56769999999999998,0,True,
benchmark,646,q6_products_by_seller,0.63470000000000004,0,True,
benchmark,647,q6_products_by_seller,0.75229999999999997,0,True,
benchmark,648,q6_products_by_seller,0.67800000000000005,0,True,
benchmark,649,q6_products_by_seller,0.5917,0,True,
benchmark,650,q6_products_by_seller,0.61619999999999997,0,True,
benchmark,651,q6_products_by_seller,0.69330000000000003,0,True,
benchmark,652,q6_products_by_seller,0.67359999999999998,0,True,
benchmark,653,q6_products_by_seller,1.0452999999999999,0,True,
benchmark,654,q6_products_by_seller,0.6865,0,True,
benchmark,655,q6_products_by_seller,0.79669999999999996,0,True,
benchmark,656,q6_products_by_seller,0.67149999999999999,0,True,
benchmark,657,q6_products_by_seller,0.66800000000000004,0,True,
benchmark,658,q6_products_by_seller,0.65149999999999997,0,True,
benchmark,659,q6_products_by_seller,1.6176999999999999,0,True,
benchmark,660,q6_products_by_seller,0.60660000000000003,0,True,
benchmark,661,q6_products_by_seller,0.59089999999999998,0,True,
benchmark,662,q6_products_by_seller,0.61680000000000001,0,True,
benchmark,663,q6_products_by_seller,0.59670000000000001,0,True,
benchmark,664,q6_products_by_seller,0.6855,0,True,
benchmark,665,q6_products_by_seller,0.64659999999999995,0,True,
benchmark,666,q6_products_by_seller,0.60870000000000002,0,True,
benchmark,667,q6_products_by_seller,0.57620000000000005,0,True,
benchmark,668,q6_products_by_seller,0.56469999999999998,0,True,
benchmark,669,q6_products_by_seller,0.57289999999999996,0,True,
benchmark,670,q6_products_by_seller,0.57389999999999997,0,True,
benchmark,671,q6_products_by_seller,0.55120000000000002,0,True,
benchmark,672,q6_products_by_seller,0.5494,0,True,
benchmark,673,q6_products_by_seller,0.5101,0,True,
benchmark,674,q6_products_by_seller,0.55489999999999995,0,True,
benchmark,675,q6_products_by_seller,0.51759999999999995,0,True,
benchmark,676,q6_products_by_seller,0.52649999999999997,0,True,
benchmark,677,q6_products_by_seller,0.53510000000000002,0,True,
benchmark,678,q6_products_by_seller,0.55510000000000004,0,True,
benchmark,679,q6_products_by_seller,0.55449999999999999,0,True,
benchmark,680,q6_products_by_seller,1.0270999999999999,0,True,
benchmark,681,q6_products_by_seller,0.50229999999999997,0,True,
benchmark,682,q6_products_by_seller,0.54139999999999999,0,True,
benchmark,683,q6_products_by_seller,0.4995,0,True,
benchmark,684,q6_products_by_seller,0.49890000000000001,0,True,
benchmark,685,q6_products_by_seller,0.54779999999999995,0,True,
benchmark,686,q6_products_by_seller,0.57399999999999995,0,True,
benchmark,687,q6_products_by_seller,0.50919999999999999,0,True,
benchmark,688,q6_products_by_seller,0.4975,0,True,
benchmark,689,q6_products_by_seller,0.50960000000000005,0,True,
benchmark,690,q6_products_by_seller,0.54269999999999996,0,True,
benchmark,691,q6_products_by_seller,0.54349999999999998,0,True,
benchmark,692,q6_products_by_seller,0.49630000000000002,0,True,
benchmark,693,q6_products_by_seller,0.47210000000000002,0,True,
benchmark,694,q6_products_by_seller,0.48020000000000002,0,True,
benchmark,695,q6_products_by_seller,0.66739999999999999,0,True,
benchmark,696,q6_products_by_seller,0.52300000000000002,0,True,
benchmark,697,q6_products_by_seller,0.50339999999999996,0,True,
benchmark,698,q6_products_by_seller,0.47220000000000001,0,True,
benchmark,699,q6_products_by_seller,1.1268,0,True,
benchmark,700,q6_products_by_seller,0.49419999999999997,0,True,
benchmark,701,q6_products_by_seller,2.5602999999999998,0,True,
benchmark,702,q6_products_by_seller,1.4642999999999999,0,True,
benchmark,703,q6_products_by_seller,1.1539999999999999,0,True,
benchmark,704,q6_products_by_seller,1.0529999999999999,0,True,
benchmark,705,q6_products_by_seller,1.0118,0,True,
benchmark,706,q6_products_by_seller,1.613,0,True,
benchmark,707,q6_products_by_seller,1.2254,0,True,
benchmark,708,q6_products_by_seller,1.1612,0,True,
benchmark,709,q6_products_by_seller,1.4014,0,True,
benchmark,710,q6_products_by_seller,1.3637999999999999,0,True,
benchmark,711,q6_products_by_seller,1.2112000000000001,0,True,
benchmark,712,q6_products_by_seller,1.1981999999999999,0,True,
benchmark,713,q6_products_by_seller,1.1359999999999999,0,True,
benchmark,714,q6_products_by_seller,1.0651999999999999,0,True,
benchmark,715,q6_products_by_seller,1.0513999999999999,0,True,
benchmark,716,q6_products_by_seller,1.0766,0,True,
benchmark,717,q6_products_by_seller,1.0519000000000001,0,True,
benchmark,718,q6_products_by_seller,1.0067999999999999,0,True,
benchmark,719,q6_products_by_seller,0.99970000000000003,0,True,
benchmark,720,q6_products_by_seller,0.98099999999999998,0,True,
benchmark,721,q6_products_by_seller,0.8145,0,True,
benchmark,722,q6_products_by_seller,0.90000000000000002,0,True,
benchmark,723,q6_products_by_seller,0.91259999999999997,0,True,
benchmark,724,q6_products_by_seller,0.86860000000000004,0,True,
benchmark,725,q6_products_by_seller,0.92290000000000005,0,True,
benchmark,726,q6_products_by_seller,0.93069999999999997,0,True,
benchmark,727,q6_products_by_seller,0.88729999999999998,0,True,
benchmark,728,q6_products_by_seller,0.77849999999999997,0,True,
benchmark,729,q6_products_by_seller,0.73619999999999997,0,True,
benchmark,730,q6_products_by_seller,0.71409999999999996,0,True,
benchmark,731,q6_products_by_seller,0.77900000000000003,0,True,
benchmark,732,q6_products_by_seller,0.77729999999999999,0,True,
benchmark,733,q6_products_by_seller,0.80489999999999995,0,True,
benchmark,734,q6_products_by_seller,0.87070000000000003,0,True,
benchmark,735,q6_products_by_seller,0.85270000000000001,0,True,
benchmark,736,q6_products_by_seller,0.90839999999999999,0,True,
benchmark,737,q6_products_by_seller,0.8196,0,True,
benchmark,738,q6_products_by_seller,0.7117,0,True,
benchmark,739,q6_products_by_seller,0.68469999999999998,0,True,
benchmark,740,q6_products_by_seller,0.69440000000000002,0,True,
benchmark,741,q6_products_by_seller,0.69989999999999997,0,True,
benchmark,742,q6_products_by_seller,0.65700000000000003,0,True,
benchmark,743,q6_products_by_seller,0.65939999999999999,0,True,
benchmark,744,q6_products_by_seller,0.79279999999999995,0,True,
benchmark,745,q6_products_by_seller,0.70040000000000002,0,True,
benchmark,746,q6_products_by_seller,0.73750000000000004,0,True,
benchmark,747,q6_products_by_seller,0.66310000000000002,0,True,
benchmark,748,q6_products_by_seller,0.63900000000000001,0,True,
benchmark,749,q6_products_by_seller,0.65769999999999995,0,True,
benchmark,750,q6_products_by_seller,0.67069999999999996,0,True,
benchmark,751,q6_products_by_seller,0.66269999999999996,0,True,
benchmark,752,q6_products_by_seller,0.65720000000000001,0,True,
benchmark,753,q6_products_by_seller,0.65490000000000004,0,True,
benchmark,754,q6_products_by_seller,0.64459999999999995,0,True,
benchmark,755,q6_products_by_seller,0.78159999999999996,0,True,
benchmark,756,q6_products_by_seller,0.9194,0,True,
benchmark,757,q6_products_by_seller,0.88780000000000003,0,True,
benchmark,758,q6_products_by_seller,0.77159999999999995,0,True,
benchmark,759,q6_products_by_seller,0.69999999999999996,0,True,
benchmark,760,q6_products_by_seller,0.59809999999999997,0,True,
benchmark,761,q6_products_by_seller,0.53420000000000001,0,True,
benchmark,762,q6_products_by_seller,0.53400000000000003,0,True,
benchmark,763,q6_products_by_seller,0.53320000000000001,0,True,
benchmark,764,q6_products_by_seller,0.57630000000000003,0,True,
benchmark,765,q6_products_by_seller,0.56020000000000003,0,True,
benchmark,766,q6_products_by_seller,0.53969999999999996,0,True,
benchmark,767,q6_products_by_seller,0.5726,0,True,
benchmark,768,q6_products_by_seller,0.57979999999999998,0,True,
benchmark,769,q6_products_by_seller,0.59630000000000005,0,True,
benchmark,770,q6_products_by_seller,0.69040000000000001,0,True,
benchmark,771,q6_products_by_seller,0.50409999999999999,0,True,
benchmark,772,q6_products_by_seller,0.52239999999999998,0,True,
benchmark,773,q6_products_by_seller,0.54520000000000002,0,True,
benchmark,774,q6_products_by_seller,0.54659999999999997,0,True,
benchmark,775,q6_products_by_seller,0.53990000000000005,0,True,
benchmark,776,q6_products_by_seller,0.56869999999999998,0,True,
benchmark,777,q6_products_by_seller,0.57030000000000003,0,True,
benchmark,778,q6_products_by_seller,0.49919999999999998,0,True,
benchmark,779,q6_products_by_seller,0.55510000000000004,0,True,
benchmark,780,q6_products_by_seller,0.87749999999999995,0,True,
benchmark,781,q6_products_by_seller,0.46250000000000002,0,True,
benchmark,782,q6_products_by_seller,0.50849999999999995,0,True,
benchmark,783,q6_products_by_seller,0.57050000000000001,0,True,
benchmark,784,q6_products_by_seller,0.4899,0,True,
benchmark,785,q6_products_by_seller,0.47189999999999999,0,True,
benchmark,786,q6_products_by_seller,0.54810000000000003,0,True,
benchmark,787,q6_products_by_seller,0.55679999999999996,0,True,
benchmark,788,q6_products_by_seller,0.54169999999999996,0,True,
benchmark,789,q6_products_by_seller,0.50870000000000004,0,True,
benchmark,790,q6_products_by_seller,0.52649999999999997,0,True,
benchmark,791,q6_products_by_seller,0.51690000000000003,0,True,
benchmark,792,q6_products_by_seller,0.5292,0,True,
benchmark,793,q6_products_by_seller,0.49030000000000001,0,True,
benchmark,794,q6_products_by_seller,0.53639999999999999,0,True,
benchmark,795,q6_products_by_seller,0.49809999999999999,0,True,
benchmark,796,q6_products_by_seller,0.5212,0,True,
benchmark,797,q6_products_by_seller,0.55210000000000004,0,True,
benchmark,798,q6_products_by_seller,0.49030000000000001,0,True,
benchmark,799,q6_products_by_seller,0.47049999999999997,0,True,
benchmark,800,q6_products_by_seller,0.52649999999999997,0,True,
benchmark,801,q6_products_by_seller,3.1625999999999999,0,True,
benchmark,802,q6_products_by_seller,1.3987000000000001,0,True,
benchmark,803,q6_products_by_seller,1.2181,0,True,
benchmark,804,q6_products_by_seller,1.2432000000000001,0,True,
benchmark,805,q6_products_by_seller,1.081,0,True,
benchmark,806,q6_products_by_seller,0.9446,0,True,
benchmark,807,q6_products_by_seller,1.1857,0,True,
benchmark,808,q6_products_by_seller,1.4446000000000001,0,True,
benchmark,809,q6_products_by_seller,1.7343999999999999,0,True,
benchmark,810,q6_products_by_seller,1.3884000000000001,0,True,
benchmark,811,q6_products_by_seller,1.1834,0,True,
benchmark,812,q6_products_by_seller,1.4654,0,True,
benchmark,813,q6_products_by_seller,1.1765000000000001,0,True,
benchmark,814,q6_products_by_seller,1.1013999999999999,0,True,
benchmark,815,q6_products_by_seller,1.0488999999999999,0,True,
benchmark,816,q6_products_by_seller,1.0117,0,True,
benchmark,817,q6_products_by_seller,0.92490000000000006,0,True,
benchmark,818,q6_products_by_seller,0.95020000000000004,0,True,
benchmark,819,q6_products_by_seller,0.99509999999999998,0,True,
benchmark,820,q6_products_by_seller,0.96960000000000002,0,True,
benchmark,821,q6_products_by_seller,0.89349999999999996,0,True,
benchmark,822,q6_products_by_seller,0.83230000000000004,0,True,
benchmark,823,q6_products_by_seller,0.84499999999999997,0,True,
benchmark,824,q6_products_by_seller,0.84940000000000004,0,True,
benchmark,825,q6_products_by_seller,0.88880000000000003,0,True,
benchmark,826,q6_products_by_seller,0.89790000000000003,0,True,
benchmark,827,q6_products_by_seller,0.89370000000000005,0,True,
benchmark,828,q6_products_by_seller,1.7626999999999999,0,True,
benchmark,829,q6_products_by_seller,0.84150000000000003,0,True,
benchmark,830,q6_products_by_seller,0.84499999999999997,0,True,
benchmark,831,q6_products_by_seller,0.94940000000000002,0,True,
benchmark,832,q6_products_by_seller,0.82069999999999999,0,True,
benchmark,833,q6_products_by_seller,0.73270000000000002,0,True,
benchmark,834,q6_products_by_seller,0.78869999999999996,0,True,
benchmark,835,q6_products_by_seller,0.76870000000000005,0,True,
benchmark,836,q6_products_by_seller,0.72450000000000003,0,True,
benchmark,837,q6_products_by_seller,0.83499999999999996,0,True,
benchmark,838,q6_products_by_seller,0.76659999999999995,0,True,
benchmark,839,q6_products_by_seller,0.73009999999999997,0,True,
benchmark,840,q6_products_by_seller,0.84860000000000002,0,True,
benchmark,841,q6_products_by_seller,0.75890000000000002,0,True,
benchmark,842,q6_products_by_seller,0.81969999999999998,0,True,
benchmark,843,q6_products_by_seller,0.65810000000000002,0,True,
benchmark,844,q6_products_by_seller,0.7208,0,True,
benchmark,845,q6_products_by_seller,0.70509999999999995,0,True,
benchmark,846,q6_products_by_seller,0.78600000000000003,0,True,
benchmark,847,q6_products_by_seller,0.70330000000000004,0,True,
benchmark,848,q6_products_by_seller,0.78720000000000001,0,True,
benchmark,849,q6_products_by_seller,0.67490000000000006,0,True,
benchmark,850,q6_products_by_seller,0.69299999999999995,0,True,
benchmark,851,q6_products_by_seller,0.74450000000000005,0,True,
benchmark,852,q6_products_by_seller,0.70820000000000005,0,True,
benchmark,853,q6_products_by_seller,0.78339999999999999,0,True,
benchmark,854,q6_products_by_seller,0.73899999999999999,0,True,
benchmark,855,q6_products_by_seller,0.7046,0,True,
benchmark,856,q6_products_by_seller,0.753,0,True,
benchmark,857,q6_products_by_seller,0.86709999999999998,0,True,
benchmark,858,q6_products_by_seller,1.0491999999999999,0,True,
benchmark,859,q6_products_by_seller,1.1246,0,True,
benchmark,860,q6_products_by_seller,0.85650000000000004,0,True,
benchmark,861,q6_products_by_seller,0.91120000000000001,0,True,
benchmark,862,q6_products_by_seller,1.0013000000000001,0,True,
benchmark,863,q6_products_by_seller,0.81420000000000003,0,True,
benchmark,864,q6_products_by_seller,0.60419999999999996,0,True,
benchmark,865,q6_products_by_seller,0.59750000000000003,0,True,
benchmark,866,q6_products_by_seller,0.61109999999999998,0,True,
benchmark,867,q6_products_by_seller,0.58640000000000003,0,True,
benchmark,868,q6_products_by_seller,0.68869999999999998,0,True,
benchmark,869,q6_products_by_seller,0.58030000000000004,0,True,
benchmark,870,q6_products_by_seller,0.57399999999999995,0,True,
benchmark,871,q6_products_by_seller,0.53659999999999997,0,True,
benchmark,872,q6_products_by_seller,0.55169999999999997,0,True,
benchmark,873,q6_products_by_seller,0.54110000000000003,0,True,
benchmark,874,q6_products_by_seller,0.59330000000000005,0,True,
benchmark,875,q6_products_by_seller,0.54690000000000005,0,True,
benchmark,876,q6_products_by_seller,0.60450000000000004,0,True,
benchmark,877,q6_products_by_seller,0.56799999999999995,0,True,
benchmark,878,q6_products_by_seller,0.54679999999999995,0,True,
benchmark,879,q6_products_by_seller,0.54320000000000002,0,True,
benchmark,880,q6_products_by_seller,0.53490000000000004,0,True,
benchmark,881,q6_products_by_seller,0.54169999999999996,0,True,
benchmark,882,q6_products_by_seller,0.47739999999999999,0,True,
benchmark,883,q6_products_by_seller,0.49780000000000002,0,True,
benchmark,884,q6_products_by_seller,0.48430000000000001,0,True,
benchmark,885,q6_products_by_seller,0.51119999999999999,0,True,
benchmark,886,q6_products_by_seller,0.5262,0,True,
benchmark,887,q6_products_by_seller,0.51859999999999995,0,True,
benchmark,888,q6_products_by_seller,0.51570000000000005,0,True,
benchmark,889,q6_products_by_seller,0.58030000000000004,0,True,
benchmark,890,q6_products_by_seller,0.49909999999999999,0,True,
benchmark,891,q6_products_by_seller,0.4995,0,True,
benchmark,892,q6_products_by_seller,0.45779999999999998,0,True,
benchmark,893,q6_products_by_seller,0.52759999999999996,0,True,
benchmark,894,q6_products_by_seller,0.50839999999999996,0,True,
benchmark,895,q6_products_by_seller,0.50949999999999995,0,True,
benchmark,896,q6_products_by_seller,0.501,0,True,
benchmark,897,q6_products_by_seller,1.7648999999999999,0,True,
benchmark,898,q6_products_by_seller,0.46650000000000003,0,True,
benchmark,899,q6_products_by_seller,0.44290000000000002,0,True,
benchmark,900,q6_products_by_seller,0.47220000000000001,0,True,
benchmark,901,q6_products_by_seller,2.6810999999999998,0,True,
benchmark,902,q6_products_by_seller,1.3886000000000001,0,True,
benchmark,903,q6_products_by_seller,1.2181,0,True,
benchmark,904,q6_products_by_seller,1.121,0,True,
benchmark,905,q6_products_by_seller,1.0667,0,True,
benchmark,906,q6_products_by_seller,1.0747,0,True,
benchmark,907,q6_products_by_seller,1.0530999999999999,0,True,
benchmark,908,q6_products_by_seller,0.9556,0,True,
benchmark,909,q6_products_by_seller,1.5630999999999999,0,True,
benchmark,910,q6_products_by_seller,1.6636,0,True,
benchmark,911,q6_products_by_seller,1.4202999999999999,0,True,
benchmark,912,q6_products_by_seller,1.3442000000000001,0,True,
benchmark,913,q6_products_by_seller,1.3898999999999999,0,True,
benchmark,914,q6_products_by_seller,1.1592,0,True,
benchmark,915,q6_products_by_seller,1.0107999999999999,0,True,
benchmark,916,q6_products_by_seller,1.0194000000000001,0,True,
benchmark,917,q6_products_by_seller,1.0023,0,True,
benchmark,918,q6_products_by_seller,0.97529999999999994,0,True,
benchmark,919,q6_products_by_seller,1.0174000000000001,0,True,
benchmark,920,q6_products_by_seller,0.97999999999999998,0,True,
benchmark,921,q6_products_by_seller,0.92969999999999997,0,True,
benchmark,922,q6_products_by_seller,0.93059999999999998,0,True,
benchmark,923,q6_products_by_seller,0.86819999999999997,0,True,
benchmark,924,q6_products_by_seller,0.90590000000000004,0,True,
benchmark,925,q6_products_by_seller,0.87150000000000005,0,True,
benchmark,926,q6_products_by_seller,0.90990000000000004,0,True,
benchmark,927,q6_products_by_seller,0.82569999999999999,0,True,
benchmark,928,q6_products_by_seller,1.4177,0,True,
benchmark,929,q6_products_by_seller,0.9113,0,True,
benchmark,930,q6_products_by_seller,0.90800000000000003,0,True,
benchmark,931,q6_products_by_seller,0.93659999999999999,0,True,
benchmark,932,q6_products_by_seller,0.8276,0,True,
benchmark,933,q6_products_by_seller,0.75080000000000002,0,True,
benchmark,934,q6_products_by_seller,0.75800000000000001,0,True,
benchmark,935,q6_products_by_seller,0.76139999999999997,0,True,
benchmark,936,q6_products_by_seller,0.73570000000000002,0,True,
benchmark,937,q6_products_by_seller,0.74109999999999998,0,True,
benchmark,938,q6_products_by_seller,0.70999999999999996,0,True,
benchmark,939,q6_products_by_seller,0.77529999999999999,0,True,
benchmark,940,q6_products_by_seller,0.75270000000000004,0,True,
benchmark,941,q6_products_by_seller,0.75970000000000004,0,True,
benchmark,942,q6_products_by_seller,0.8196,0,True,
benchmark,943,q6_products_by_seller,0.77710000000000001,0,True,
benchmark,944,q6_products_by_seller,0.64459999999999995,0,True,
benchmark,945,q6_products_by_seller,0.61480000000000001,0,True,
benchmark,946,q6_products_by_seller,0.77310000000000001,0,True,
benchmark,947,q6_products_by_seller,0.70669999999999999,0,True,
benchmark,948,q6_products_by_seller,0.73599999999999999,0,True,
benchmark,949,q6_products_by_seller,0.67530000000000001,0,True,
benchmark,950,q6_products_by_seller,0.75649999999999995,0,True,
benchmark,951,q6_products_by_seller,0.69869999999999999,0,True,
benchmark,952,q6_products_by_seller,0.76449999999999996,0,True,
benchmark,953,q6_products_by_seller,0.73029999999999995,0,True,
benchmark,954,q6_products_by_seller,0.71750000000000003,0,True,
benchmark,955,q6_products_by_seller,0.66620000000000001,0,True,
benchmark,956,q6_products_by_seller,0.62229999999999996,0,True,
benchmark,957,q6_products_by_seller,0.66120000000000001,0,True,
benchmark,958,q6_products_by_seller,0.70220000000000005,0,True,
benchmark,959,q6_products_by_seller,0.67269999999999996,0,True,
benchmark,960,q6_products_by_seller,0.6069,0,True,
benchmark,961,q6_products_by_seller,0.58179999999999998,0,True,
benchmark,962,q6_products_by_seller,0.59670000000000001,0,True,
benchmark,963,q6_products_by_seller,0.64690000000000003,0,True,
benchmark,964,q6_products_by_seller,0.84260000000000002,0,True,
benchmark,965,q6_products_by_seller,0.85209999999999997,0,True,
benchmark,966,q6_products_by_seller,0.73819999999999997,0,True,
benchmark,967,q6_products_by_seller,0.64149999999999996,0,True,
benchmark,968,q6_products_by_seller,0.53810000000000002,0,True,
benchmark,969,q6_products_by_seller,0.55069999999999997,0,True,
benchmark,970,q6_products_by_seller,0.57840000000000003,0,True,
benchmark,971,q6_products_by_seller,0.5292,0,True,
benchmark,972,q6_products_by_seller,0.56299999999999994,0,True,
benchmark,973,q6_products_by_seller,0.54410000000000003,0,True,
benchmark,974,q6_products_by_seller,0.50570000000000004,0,True,
benchmark,975,q6_products_by_seller,0.4854,0,True,
benchmark,976,q6_products_by_seller,0.54690000000000005,0,True,
benchmark,977,q6_products_by_seller,0.52510000000000001,0,True,
benchmark,978,q6_products_by_seller,0.52390000000000003,0,True,
benchmark,979,q6_products_by_seller,0.51300000000000001,0,True,
benchmark,980,q6_products_by_seller,0.56140000000000001,0,True,
benchmark,981,q6_products_by_seller,0.54769999999999996,0,True,
benchmark,982,q6_products_by_seller,0.53059999999999996,0,True,
benchmark,983,q6_products_by_seller,0.51970000000000005,0,True,
benchmark,984,q6_products_by_seller,0.53639999999999999,0,True,
benchmark,985,q6_products_by_seller,0.5444,0,True,
benchmark,986,q6_products_by_seller,0.56869999999999998,0,True,
benchmark,987,q6_products_by_seller,0.52300000000000002,0,True,
benchmark,988,q6_products_by_seller,0.51339999999999997,0,True,
benchmark,989,q6_products_by_seller,0.51539999999999997,0,True,
benchmark,990,q6_products_by_seller,0.58679999999999999,0,True,
benchmark,991,q6_products_by_seller,0.50690000000000002,0,True,
benchmark,992,q6_products_by_seller,0.51970000000000005,0,True,
benchmark,993,q6_products_by_seller,0.53200000000000003,0,True,
benchmark,994,q6_products_by_seller,0.51060000000000005,0,True,
benchmark,995,q6_products_by_seller,0.53969999999999996,0,True,
benchmark,996,q6_products_by_seller,0.48999999999999999,0,True,
benchmark,997,q6_products_by_seller,0.50770000000000004,0,True,
benchmark,998,q6_products_by_seller,0.48330000000000001,0,True,
benchmark,999,q6_products_by_seller,0.502,0,True,
benchmark,1000,q6_products_by_seller,0.48809999999999998,0,True,
benchmark,1,q7_products_join_sellers,1.5587,0,True,
benchmark,2,q7_products_join_sellers,1.1462000000000001,0,True,
benchmark,3,q7_products_join_sellers,1.0732999999999999,0,True,
benchmark,4,q7_products_join_sellers,0.96619999999999995,0,True,
benchmark,5,q7_products_join_sellers,0.94650000000000001,0,True,
benchmark,6,q7_products_join_sellers,0.93310000000000004,0,True,
benchmark,7,q7_products_join_sellers,0.86270000000000002,0,True,
benchmark,8,q7_products_join_sellers,1.0202,0,True,
benchmark,9,q7_products_join_sellers,1.2606999999999999,0,True,
benchmark,10,q7_products_join_sellers,1.484,0,True,
benchmark,11,q7_products_join_sellers,1.4369000000000001,0,True,
benchmark,12,q7_products_join_sellers,1.4276,0,True,
benchmark,13,q7_products_join_sellers,1.2087000000000001,0,True,
benchmark,14,q7_products_join_sellers,1.1267,0,True,
benchmark,15,q7_products_join_sellers,0.97140000000000004,0,True,
benchmark,16,q7_products_join_sellers,1.0056,0,True,
benchmark,17,q7_products_join_sellers,0.94899999999999995,0,True,
benchmark,18,q7_products_join_sellers,0.98909999999999998,0,True,
benchmark,19,q7_products_join_sellers,0.98929999999999996,0,True,
benchmark,20,q7_products_join_sellers,0.90949999999999998,0,True,
benchmark,21,q7_products_join_sellers,0.84550000000000003,0,True,
benchmark,22,q7_products_join_sellers,0.79410000000000003,0,True,
benchmark,23,q7_products_join_sellers,0.92090000000000005,0,True,
benchmark,24,q7_products_join_sellers,0.87880000000000003,0,True,
benchmark,25,q7_products_join_sellers,0.85599999999999998,0,True,
benchmark,26,q7_products_join_sellers,0.93769999999999998,0,True,
benchmark,27,q7_products_join_sellers,0.73850000000000005,0,True,
benchmark,28,q7_products_join_sellers,0.68210000000000004,0,True,
benchmark,29,q7_products_join_sellers,0.69910000000000005,0,True,
benchmark,30,q7_products_join_sellers,0.74509999999999998,0,True,
benchmark,31,q7_products_join_sellers,0.74670000000000003,0,True,
benchmark,32,q7_products_join_sellers,0.73560000000000003,0,True,
benchmark,33,q7_products_join_sellers,0.78869999999999996,0,True,
benchmark,34,q7_products_join_sellers,0.76349999999999996,0,True,
benchmark,35,q7_products_join_sellers,0.73480000000000001,0,True,
benchmark,36,q7_products_join_sellers,0.7349,0,True,
benchmark,37,q7_products_join_sellers,0.67649999999999999,0,True,
benchmark,38,q7_products_join_sellers,0.68210000000000004,0,True,
benchmark,39,q7_products_join_sellers,0.58509999999999995,0,True,
benchmark,40,q7_products_join_sellers,0.7248,0,True,
benchmark,41,q7_products_join_sellers,0.6643,0,True,
benchmark,42,q7_products_join_sellers,0.67079999999999995,0,True,
benchmark,43,q7_products_join_sellers,0.72550000000000003,0,True,
benchmark,44,q7_products_join_sellers,0.62519999999999998,0,True,
benchmark,45,q7_products_join_sellers,0.64900000000000002,0,True,
benchmark,46,q7_products_join_sellers,0.69569999999999999,0,True,
benchmark,47,q7_products_join_sellers,0.61219999999999997,0,True,
benchmark,48,q7_products_join_sellers,0.70109999999999995,0,True,
benchmark,49,q7_products_join_sellers,0.6794,0,True,
benchmark,50,q7_products_join_sellers,0.71319999999999995,0,True,
benchmark,51,q7_products_join_sellers,0.61699999999999999,0,True,
benchmark,52,q7_products_join_sellers,0.59970000000000001,0,True,
benchmark,53,q7_products_join_sellers,0.67020000000000002,0,True,
benchmark,54,q7_products_join_sellers,0.65139999999999998,0,True,
benchmark,55,q7_products_join_sellers,0.60240000000000005,0,True,
benchmark,56,q7_products_join_sellers,0.55269999999999997,0,True,
benchmark,57,q7_products_join_sellers,0.65300000000000002,0,True,
benchmark,58,q7_products_join_sellers,0.64149999999999996,0,True,
benchmark,59,q7_products_join_sellers,0.62329999999999997,0,True,
benchmark,60,q7_products_join_sellers,0.63759999999999994,0,True,
benchmark,61,q7_products_join_sellers,0.58850000000000002,0,True,
benchmark,62,q7_products_join_sellers,0.58240000000000003,0,True,
benchmark,63,q7_products_join_sellers,0.61570000000000003,0,True,
benchmark,64,q7_products_join_sellers,0.57450000000000001,0,True,
benchmark,65,q7_products_join_sellers,0.54349999999999998,0,True,
benchmark,66,q7_products_join_sellers,0.51480000000000004,0,True,
benchmark,67,q7_products_join_sellers,0.5282,0,True,
benchmark,68,q7_products_join_sellers,0.60529999999999995,0,True,
benchmark,69,q7_products_join_sellers,0.58479999999999999,0,True,
benchmark,70,q7_products_join_sellers,0.57709999999999995,0,True,
benchmark,71,q7_products_join_sellers,0.58479999999999999,0,True,
benchmark,72,q7_products_join_sellers,0.67169999999999996,0,True,
benchmark,73,q7_products_join_sellers,0.82630000000000003,0,True,
benchmark,74,q7_products_join_sellers,0.6835,0,True,
benchmark,75,q7_products_join_sellers,0.52890000000000004,0,True,
benchmark,76,q7_products_join_sellers,0.55700000000000005,0,True,
benchmark,77,q7_products_join_sellers,0.55220000000000002,0,True,
benchmark,78,q7_products_join_sellers,0.51259999999999994,0,True,
benchmark,79,q7_products_join_sellers,0.54620000000000002,0,True,
benchmark,80,q7_products_join_sellers,0.52939999999999998,0,True,
benchmark,81,q7_products_join_sellers,0.51160000000000005,0,True,
benchmark,82,q7_products_join_sellers,0.53700000000000003,0,True,
benchmark,83,q7_products_join_sellers,0.49170000000000003,0,True,
benchmark,84,q7_products_join_sellers,0.496,0,True,
benchmark,85,q7_products_join_sellers,0.49390000000000001,0,True,
benchmark,86,q7_products_join_sellers,0.55679999999999996,0,True,
benchmark,87,q7_products_join_sellers,0.51190000000000002,0,True,
benchmark,88,q7_products_join_sellers,0.54569999999999996,0,True,
benchmark,89,q7_products_join_sellers,1.8573,0,True,
benchmark,90,q7_products_join_sellers,0.4955,0,True,
benchmark,91,q7_products_join_sellers,0.47720000000000001,0,True,
benchmark,92,q7_products_join_sellers,0.57299999999999995,0,True,
benchmark,93,q7_products_join_sellers,0.53990000000000005,0,True,
benchmark,94,q7_products_join_sellers,0.57899999999999996,0,True,
benchmark,95,q7_products_join_sellers,0.5504,0,True,
benchmark,96,q7_products_join_sellers,0.54190000000000005,0,True,
benchmark,97,q7_products_join_sellers,0.51129999999999998,0,True,
benchmark,98,q7_products_join_sellers,0.55800000000000005,0,True,
benchmark,99,q7_products_join_sellers,0.49170000000000003,0,True,
benchmark,100,q7_products_join_sellers,0.62190000000000001,0,True,
benchmark,101,q7_products_join_sellers,2.5263,0,True,
benchmark,102,q7_products_join_sellers,1.3420000000000001,0,True,
benchmark,103,q7_products_join_sellers,1.4149,0,True,
benchmark,104,q7_products_join_sellers,1.1963999999999999,0,True,
benchmark,105,q7_products_join_sellers,2.0024999999999999,0,True,
benchmark,106,q7_products_join_sellers,1.2294,0,True,
benchmark,107,q7_products_join_sellers,1.226,0,True,
benchmark,108,q7_products_join_sellers,1.036,0,True,
benchmark,109,q7_products_join_sellers,1.1293,0,True,
benchmark,110,q7_products_join_sellers,1.7101999999999999,0,True,
benchmark,111,q7_products_join_sellers,1.3796999999999999,0,True,
benchmark,112,q7_products_join_sellers,1.3355999999999999,0,True,
benchmark,113,q7_products_join_sellers,1.3823000000000001,0,True,
benchmark,114,q7_products_join_sellers,1.4632000000000001,0,True,
benchmark,115,q7_products_join_sellers,1.1517999999999999,0,True,
benchmark,116,q7_products_join_sellers,1.0219,0,True,
benchmark,117,q7_products_join_sellers,1.0617000000000001,0,True,
benchmark,118,q7_products_join_sellers,1.0919000000000001,0,True,
benchmark,119,q7_products_join_sellers,1.1034999999999999,0,True,
benchmark,120,q7_products_join_sellers,0.99680000000000002,0,True,
benchmark,121,q7_products_join_sellers,1.1707000000000001,0,True,
benchmark,122,q7_products_join_sellers,0.95199999999999996,0,True,
benchmark,123,q7_products_join_sellers,1.7657,0,True,
benchmark,124,q7_products_join_sellers,0.92469999999999997,0,True,
benchmark,125,q7_products_join_sellers,0.90190000000000003,0,True,
benchmark,126,q7_products_join_sellers,0.97419999999999995,0,True,
benchmark,127,q7_products_join_sellers,1.1180000000000001,0,True,
benchmark,128,q7_products_join_sellers,1.3801000000000001,0,True,
benchmark,129,q7_products_join_sellers,0.92179999999999995,0,True,
benchmark,130,q7_products_join_sellers,0.92130000000000001,0,True,
benchmark,131,q7_products_join_sellers,0.871,0,True,
benchmark,132,q7_products_join_sellers,1.0032000000000001,0,True,
benchmark,133,q7_products_join_sellers,0.83250000000000002,0,True,
benchmark,134,q7_products_join_sellers,0.78620000000000001,0,True,
benchmark,135,q7_products_join_sellers,0.74060000000000004,0,True,
benchmark,136,q7_products_join_sellers,0.752,0,True,
benchmark,137,q7_products_join_sellers,0.75529999999999997,0,True,
benchmark,138,q7_products_join_sellers,0.79500000000000004,0,True,
benchmark,139,q7_products_join_sellers,0.84040000000000004,0,True,
benchmark,140,q7_products_join_sellers,0.75349999999999995,0,True,
benchmark,141,q7_products_join_sellers,0.80010000000000003,0,True,
benchmark,142,q7_products_join_sellers,0.91000000000000003,0,True,
benchmark,143,q7_products_join_sellers,0.72219999999999995,0,True,
benchmark,144,q7_products_join_sellers,0.6623,0,True,
benchmark,145,q7_products_join_sellers,0.67249999999999999,0,True,
benchmark,146,q7_products_join_sellers,0.66459999999999997,0,True,
benchmark,147,q7_products_join_sellers,0.71050000000000002,0,True,
benchmark,148,q7_products_join_sellers,0.64990000000000003,0,True,
benchmark,149,q7_products_join_sellers,0.66300000000000003,0,True,
benchmark,150,q7_products_join_sellers,0.73999999999999999,0,True,
benchmark,151,q7_products_join_sellers,0.76939999999999997,0,True,
benchmark,152,q7_products_join_sellers,0.64890000000000003,0,True,
benchmark,153,q7_products_join_sellers,0.68120000000000003,0,True,
benchmark,154,q7_products_join_sellers,0.70940000000000003,0,True,
benchmark,155,q7_products_join_sellers,0.70020000000000004,0,True,
benchmark,156,q7_products_join_sellers,0.66769999999999996,0,True,
benchmark,157,q7_products_join_sellers,0.64549999999999996,0,True,
benchmark,158,q7_products_join_sellers,0.70150000000000001,0,True,
benchmark,159,q7_products_join_sellers,0.64500000000000002,0,True,
benchmark,160,q7_products_join_sellers,0.64480000000000004,0,True,
benchmark,161,q7_products_join_sellers,0.67179999999999995,0,True,
benchmark,162,q7_products_join_sellers,0.68200000000000005,0,True,
benchmark,163,q7_products_join_sellers,0.80210000000000004,0,True,
benchmark,164,q7_products_join_sellers,0.81420000000000003,0,True,
benchmark,165,q7_products_join_sellers,0.79749999999999999,0,True,
benchmark,166,q7_products_join_sellers,0.7117,0,True,
benchmark,167,q7_products_join_sellers,0.66290000000000004,0,True,
benchmark,168,q7_products_join_sellers,0.64019999999999999,0,True,
benchmark,169,q7_products_join_sellers,0.63949999999999996,0,True,
benchmark,170,q7_products_join_sellers,0.60329999999999995,0,True,
benchmark,171,q7_products_join_sellers,0.55100000000000005,0,True,
benchmark,172,q7_products_join_sellers,0.56779999999999997,0,True,
benchmark,173,q7_products_join_sellers,0.5877,0,True,
benchmark,174,q7_products_join_sellers,0.60899999999999999,0,True,
benchmark,175,q7_products_join_sellers,0.54630000000000001,0,True,
benchmark,176,q7_products_join_sellers,0.55210000000000004,0,True,
benchmark,177,q7_products_join_sellers,0.48609999999999998,0,True,
benchmark,178,q7_products_join_sellers,0.5131,0,True,
benchmark,179,q7_products_join_sellers,0.51249999999999996,0,True,
benchmark,180,q7_products_join_sellers,0.505,0,True,
benchmark,181,q7_products_join_sellers,0.51549999999999996,0,True,
benchmark,182,q7_products_join_sellers,0.55000000000000004,0,True,
benchmark,183,q7_products_join_sellers,0.51770000000000005,0,True,
benchmark,184,q7_products_join_sellers,0.54090000000000005,0,True,
benchmark,185,q7_products_join_sellers,0.52769999999999995,0,True,
benchmark,186,q7_products_join_sellers,0.52910000000000001,0,True,
benchmark,187,q7_products_join_sellers,0.48060000000000003,0,True,
benchmark,188,q7_products_join_sellers,0.53220000000000001,0,True,
benchmark,189,q7_products_join_sellers,0.51549999999999996,0,True,
benchmark,190,q7_products_join_sellers,0.51549999999999996,0,True,
benchmark,191,q7_products_join_sellers,0.50949999999999995,0,True,
benchmark,192,q7_products_join_sellers,0.50160000000000005,0,True,
benchmark,193,q7_products_join_sellers,0.53320000000000001,0,True,
benchmark,194,q7_products_join_sellers,0.49299999999999999,0,True,
benchmark,195,q7_products_join_sellers,0.50390000000000001,0,True,
benchmark,196,q7_products_join_sellers,0.50470000000000004,0,True,
benchmark,197,q7_products_join_sellers,0.55030000000000001,0,True,
benchmark,198,q7_products_join_sellers,0.5282,0,True,
benchmark,199,q7_products_join_sellers,0.48720000000000002,0,True,
benchmark,200,q7_products_join_sellers,0.47710000000000002,0,True,
benchmark,201,q7_products_join_sellers,2.3666,0,True,
benchmark,202,q7_products_join_sellers,1.2818000000000001,0,True,
benchmark,203,q7_products_join_sellers,1.4742,0,True,
benchmark,204,q7_products_join_sellers,1.0623,0,True,
benchmark,205,q7_products_join_sellers,1.0640000000000001,0,True,
benchmark,206,q7_products_join_sellers,0.99980000000000002,0,True,
benchmark,207,q7_products_join_sellers,1.488,0,True,
benchmark,208,q7_products_join_sellers,1.4864999999999999,0,True,
benchmark,209,q7_products_join_sellers,1.7413000000000001,0,True,
benchmark,210,q7_products_join_sellers,1.2011000000000001,0,True,
benchmark,211,q7_products_join_sellers,1.1636,0,True,
benchmark,212,q7_products_join_sellers,1.1932,0,True,
benchmark,213,q7_products_join_sellers,0.97060000000000002,0,True,
benchmark,214,q7_products_join_sellers,1.0238,0,True,
benchmark,215,q7_products_join_sellers,1.0737000000000001,0,True,
benchmark,216,q7_products_join_sellers,1.0057,0,True,
benchmark,217,q7_products_join_sellers,0.9879,0,True,
benchmark,218,q7_products_join_sellers,0.96079999999999999,0,True,
benchmark,219,q7_products_join_sellers,0.85950000000000004,0,True,
benchmark,220,q7_products_join_sellers,0.80630000000000002,0,True,
benchmark,221,q7_products_join_sellers,0.90329999999999999,0,True,
benchmark,222,q7_products_join_sellers,0.9022,0,True,
benchmark,223,q7_products_join_sellers,0.90239999999999998,0,True,
benchmark,224,q7_products_join_sellers,0.83479999999999999,0,True,
benchmark,225,q7_products_join_sellers,0.83530000000000004,0,True,
benchmark,226,q7_products_join_sellers,0.85199999999999998,0,True,
benchmark,227,q7_products_join_sellers,0.87229999999999996,0,True,
benchmark,228,q7_products_join_sellers,0.79569999999999996,0,True,
benchmark,229,q7_products_join_sellers,0.77239999999999998,0,True,
benchmark,230,q7_products_join_sellers,0.72599999999999998,0,True,
benchmark,231,q7_products_join_sellers,0.75970000000000004,0,True,
benchmark,232,q7_products_join_sellers,0.74819999999999998,0,True,
benchmark,233,q7_products_join_sellers,0.74239999999999995,0,True,
benchmark,234,q7_products_join_sellers,0.68759999999999999,0,True,
benchmark,235,q7_products_join_sellers,0.70340000000000003,0,True,
benchmark,236,q7_products_join_sellers,0.73660000000000003,0,True,
benchmark,237,q7_products_join_sellers,0.76639999999999997,0,True,
benchmark,238,q7_products_join_sellers,0.78539999999999999,0,True,
benchmark,239,q7_products_join_sellers,0.73750000000000004,0,True,
benchmark,240,q7_products_join_sellers,0.69940000000000002,0,True,
benchmark,241,q7_products_join_sellers,0.65469999999999995,0,True,
benchmark,242,q7_products_join_sellers,0.71589999999999998,0,True,
benchmark,243,q7_products_join_sellers,0.67700000000000005,0,True,
benchmark,244,q7_products_join_sellers,0.64129999999999998,0,True,
benchmark,245,q7_products_join_sellers,0.67520000000000002,0,True,
benchmark,246,q7_products_join_sellers,0.73919999999999997,0,True,
benchmark,247,q7_products_join_sellers,0.72199999999999998,0,True,
benchmark,248,q7_products_join_sellers,0.81169999999999998,0,True,
benchmark,249,q7_products_join_sellers,0.67169999999999996,0,True,
benchmark,250,q7_products_join_sellers,0.62719999999999998,0,True,
benchmark,251,q7_products_join_sellers,0.66790000000000005,0,True,
benchmark,252,q7_products_join_sellers,0.64570000000000005,0,True,
benchmark,253,q7_products_join_sellers,0.72850000000000004,0,True,
benchmark,254,q7_products_join_sellers,0.67720000000000002,0,True,
benchmark,255,q7_products_join_sellers,0.69950000000000001,0,True,
benchmark,256,q7_products_join_sellers,0.66859999999999997,0,True,
benchmark,257,q7_products_join_sellers,0.82350000000000001,0,True,
benchmark,258,q7_products_join_sellers,0.66300000000000003,0,True,
benchmark,259,q7_products_join_sellers,0.92179999999999995,0,True,
benchmark,260,q7_products_join_sellers,0.68720000000000003,0,True,
benchmark,261,q7_products_join_sellers,0.65890000000000004,0,True,
benchmark,262,q7_products_join_sellers,0.56120000000000003,0,True,
benchmark,263,q7_products_join_sellers,0.57599999999999996,0,True,
benchmark,264,q7_products_join_sellers,0.59040000000000004,0,True,
benchmark,265,q7_products_join_sellers,0.53300000000000003,0,True,
benchmark,266,q7_products_join_sellers,0.58399999999999996,0,True,
benchmark,267,q7_products_join_sellers,0.5444,0,True,
benchmark,268,q7_products_join_sellers,0.58279999999999998,0,True,
benchmark,269,q7_products_join_sellers,0.53059999999999996,0,True,
benchmark,270,q7_products_join_sellers,0.56620000000000004,0,True,
benchmark,271,q7_products_join_sellers,0.54159999999999997,0,True,
benchmark,272,q7_products_join_sellers,0.52490000000000003,0,True,
benchmark,273,q7_products_join_sellers,0.53990000000000005,0,True,
benchmark,274,q7_products_join_sellers,0.59819999999999995,0,True,
benchmark,275,q7_products_join_sellers,0.5302,0,True,
benchmark,276,q7_products_join_sellers,0.55089999999999995,0,True,
benchmark,277,q7_products_join_sellers,0.56200000000000006,0,True,
benchmark,278,q7_products_join_sellers,0.51139999999999997,0,True,
benchmark,279,q7_products_join_sellers,0.52259999999999995,0,True,
benchmark,280,q7_products_join_sellers,0.50049999999999994,0,True,
benchmark,281,q7_products_join_sellers,0.55649999999999999,0,True,
benchmark,282,q7_products_join_sellers,0.50170000000000003,0,True,
benchmark,283,q7_products_join_sellers,0.49990000000000001,0,True,
benchmark,284,q7_products_join_sellers,0.496,0,True,
benchmark,285,q7_products_join_sellers,0.53600000000000003,0,True,
benchmark,286,q7_products_join_sellers,0.46629999999999999,0,True,
benchmark,287,q7_products_join_sellers,0.51970000000000005,0,True,
benchmark,288,q7_products_join_sellers,0.55820000000000003,0,True,
benchmark,289,q7_products_join_sellers,0.55720000000000003,0,True,
benchmark,290,q7_products_join_sellers,0.51990000000000003,0,True,
benchmark,291,q7_products_join_sellers,0.54269999999999996,0,True,
benchmark,292,q7_products_join_sellers,0.53120000000000001,0,True,
benchmark,293,q7_products_join_sellers,0.4708,0,True,
benchmark,294,q7_products_join_sellers,0.48530000000000001,0,True,
benchmark,295,q7_products_join_sellers,0.49730000000000002,0,True,
benchmark,296,q7_products_join_sellers,0.47389999999999999,0,True,
benchmark,297,q7_products_join_sellers,0.47510000000000002,0,True,
benchmark,298,q7_products_join_sellers,0.4622,0,True,
benchmark,299,q7_products_join_sellers,0.50470000000000004,0,True,
benchmark,300,q7_products_join_sellers,0.48259999999999997,0,True,
benchmark,301,q7_products_join_sellers,2.6326000000000001,0,True,
benchmark,302,q7_products_join_sellers,1.4529000000000001,0,True,
benchmark,303,q7_products_join_sellers,4.1700999999999997,0,True,
benchmark,304,q7_products_join_sellers,1.9431,0,True,
benchmark,305,q7_products_join_sellers,1.3779999999999999,0,True,
benchmark,306,q7_products_join_sellers,1.1444000000000001,0,True,
benchmark,307,q7_products_join_sellers,1.0415000000000001,0,True,
benchmark,308,q7_products_join_sellers,1.3005,0,True,
benchmark,309,q7_products_join_sellers,1.4646999999999999,0,True,
benchmark,310,q7_products_join_sellers,1.3190999999999999,0,True,
benchmark,311,q7_products_join_sellers,1.2244999999999999,0,True,
benchmark,312,q7_products_join_sellers,1.0192000000000001,0,True,
benchmark,313,q7_products_join_sellers,0.97840000000000005,0,True,
benchmark,314,q7_products_join_sellers,1.0215000000000001,0,True,
benchmark,315,q7_products_join_sellers,0.97919999999999996,0,True,
benchmark,316,q7_products_join_sellers,0.97019999999999995,0,True,
benchmark,317,q7_products_join_sellers,1.0187999999999999,0,True,
benchmark,318,q7_products_join_sellers,0.93899999999999995,0,True,
benchmark,319,q7_products_join_sellers,0.88849999999999996,0,True,
benchmark,320,q7_products_join_sellers,1.1798999999999999,0,True,
benchmark,321,q7_products_join_sellers,1.2068000000000001,0,True,
benchmark,322,q7_products_join_sellers,1.1112,0,True,
benchmark,323,q7_products_join_sellers,1.21,0,True,
benchmark,324,q7_products_join_sellers,1.0914999999999999,0,True,
benchmark,325,q7_products_join_sellers,0.99470000000000003,0,True,
benchmark,326,q7_products_join_sellers,1.1720999999999999,0,True,
benchmark,327,q7_products_join_sellers,0.95099999999999996,0,True,
benchmark,328,q7_products_join_sellers,1.0555000000000001,0,True,
benchmark,329,q7_products_join_sellers,1.0296000000000001,0,True,
benchmark,330,q7_products_join_sellers,1.0979000000000001,0,True,
benchmark,331,q7_products_join_sellers,0.96260000000000001,0,True,
benchmark,332,q7_products_join_sellers,0.99560000000000004,0,True,
benchmark,333,q7_products_join_sellers,0.9375,0,True,
benchmark,334,q7_products_join_sellers,0.86919999999999997,0,True,
benchmark,335,q7_products_join_sellers,1.4601,0,True,
benchmark,336,q7_products_join_sellers,0.81930000000000003,0,True,
benchmark,337,q7_products_join_sellers,0.78349999999999997,0,True,
benchmark,338,q7_products_join_sellers,0.86699999999999999,0,True,
benchmark,339,q7_products_join_sellers,0.79520000000000002,0,True,
benchmark,340,q7_products_join_sellers,0.84260000000000002,0,True,
benchmark,341,q7_products_join_sellers,0.73150000000000004,0,True,
benchmark,342,q7_products_join_sellers,0.78580000000000005,0,True,
benchmark,343,q7_products_join_sellers,0.76439999999999997,0,True,
benchmark,344,q7_products_join_sellers,0.78820000000000001,0,True,
benchmark,345,q7_products_join_sellers,0.78290000000000004,0,True,
benchmark,346,q7_products_join_sellers,0.76160000000000005,0,True,
benchmark,347,q7_products_join_sellers,1.4326000000000001,0,True,
benchmark,348,q7_products_join_sellers,0.79949999999999999,0,True,
benchmark,349,q7_products_join_sellers,0.91539999999999999,0,True,
benchmark,350,q7_products_join_sellers,0.73860000000000003,0,True,
benchmark,351,q7_products_join_sellers,1.2442,0,True,
benchmark,352,q7_products_join_sellers,0.67579999999999996,0,True,
benchmark,353,q7_products_join_sellers,0.71389999999999998,0,True,
benchmark,354,q7_products_join_sellers,0.72760000000000002,0,True,
benchmark,355,q7_products_join_sellers,0.71060000000000001,0,True,
benchmark,356,q7_products_join_sellers,0.68610000000000004,0,True,
benchmark,357,q7_products_join_sellers,0.625,0,True,
benchmark,358,q7_products_join_sellers,0.80859999999999999,0,True,
benchmark,359,q7_products_join_sellers,0.72489999999999999,0,True,
benchmark,360,q7_products_join_sellers,0.70369999999999999,0,True,
benchmark,361,q7_products_join_sellers,0.63049999999999995,0,True,
benchmark,362,q7_products_join_sellers,0.6724,0,True,
benchmark,363,q7_products_join_sellers,0.68910000000000005,0,True,
benchmark,364,q7_products_join_sellers,0.64339999999999997,0,True,
benchmark,365,q7_products_join_sellers,0.63649999999999995,0,True,
benchmark,366,q7_products_join_sellers,0.5948,0,True,
benchmark,367,q7_products_join_sellers,0.61960000000000004,0,True,
benchmark,368,q7_products_join_sellers,0.92949999999999999,0,True,
benchmark,369,q7_products_join_sellers,0.57809999999999995,0,True,
benchmark,370,q7_products_join_sellers,0.58979999999999999,0,True,
benchmark,371,q7_products_join_sellers,0.60750000000000004,0,True,
benchmark,372,q7_products_join_sellers,0.68220000000000003,0,True,
benchmark,373,q7_products_join_sellers,1.0071000000000001,0,True,
benchmark,374,q7_products_join_sellers,0.98740000000000006,0,True,
benchmark,375,q7_products_join_sellers,0.8407,0,True,
benchmark,376,q7_products_join_sellers,0.66679999999999995,0,True,
benchmark,377,q7_products_join_sellers,0.5615,0,True,
benchmark,378,q7_products_join_sellers,1.2692000000000001,0,True,
benchmark,379,q7_products_join_sellers,0.69550000000000001,0,True,
benchmark,380,q7_products_join_sellers,0.69499999999999995,0,True,
benchmark,381,q7_products_join_sellers,0.67420000000000002,0,True,
benchmark,382,q7_products_join_sellers,0.60370000000000001,0,True,
benchmark,383,q7_products_join_sellers,0.66049999999999998,0,True,
benchmark,384,q7_products_join_sellers,0.56510000000000005,0,True,
benchmark,385,q7_products_join_sellers,0.62319999999999998,0,True,
benchmark,386,q7_products_join_sellers,0.59670000000000001,0,True,
benchmark,387,q7_products_join_sellers,3.7292999999999998,0,True,
benchmark,388,q7_products_join_sellers,0.68300000000000005,0,True,
benchmark,389,q7_products_join_sellers,0.77610000000000001,0,True,
benchmark,390,q7_products_join_sellers,0.8387,0,True,
benchmark,391,q7_products_join_sellers,0.69930000000000003,0,True,
benchmark,392,q7_products_join_sellers,1.4815,0,True,
benchmark,393,q7_products_join_sellers,0.61580000000000001,0,True,
benchmark,394,q7_products_join_sellers,0.63500000000000001,0,True,
benchmark,395,q7_products_join_sellers,0.54449999999999998,0,True,
benchmark,396,q7_products_join_sellers,0.53300000000000003,0,True,
benchmark,397,q7_products_join_sellers,0.59319999999999995,0,True,
benchmark,398,q7_products_join_sellers,0.63319999999999999,0,True,
benchmark,399,q7_products_join_sellers,0.61099999999999999,0,True,
benchmark,400,q7_products_join_sellers,0.55869999999999997,0,True,
benchmark,401,q7_products_join_sellers,2.4662999999999999,0,True,
benchmark,402,q7_products_join_sellers,1.2932999999999999,0,True,
benchmark,403,q7_products_join_sellers,1.0607,0,True,
benchmark,404,q7_products_join_sellers,1.0222,0,True,
benchmark,405,q7_products_join_sellers,0.98070000000000002,0,True,
benchmark,406,q7_products_join_sellers,0.84960000000000002,0,True,
benchmark,407,q7_products_join_sellers,1.0835999999999999,0,True,
benchmark,408,q7_products_join_sellers,1.9247000000000001,0,True,
benchmark,409,q7_products_join_sellers,1.4912000000000001,0,True,
benchmark,410,q7_products_join_sellers,1.6359999999999999,0,True,
benchmark,411,q7_products_join_sellers,1.4535,0,True,
benchmark,412,q7_products_join_sellers,1.4673,0,True,
benchmark,413,q7_products_join_sellers,1.0183,0,True,
benchmark,414,q7_products_join_sellers,1.0059,0,True,
benchmark,415,q7_products_join_sellers,1.0407,0,True,
benchmark,416,q7_products_join_sellers,0.9909,0,True,
benchmark,417,q7_products_join_sellers,1.0063,0,True,
benchmark,418,q7_products_join_sellers,1.0095000000000001,0,True,
benchmark,419,q7_products_join_sellers,0.89029999999999998,0,True,
benchmark,420,q7_products_join_sellers,0.96960000000000002,0,True,
benchmark,421,q7_products_join_sellers,0.90900000000000003,0,True,
benchmark,422,q7_products_join_sellers,0.84009999999999996,0,True,
benchmark,423,q7_products_join_sellers,0.90749999999999997,0,True,
benchmark,424,q7_products_join_sellers,0.88549999999999995,0,True,
benchmark,425,q7_products_join_sellers,0.93440000000000001,0,True,
benchmark,426,q7_products_join_sellers,0.88660000000000005,0,True,
benchmark,427,q7_products_join_sellers,0.82369999999999999,0,True,
benchmark,428,q7_products_join_sellers,0.80900000000000005,0,True,
benchmark,429,q7_products_join_sellers,0.85189999999999999,0,True,
benchmark,430,q7_products_join_sellers,0.72160000000000002,0,True,
benchmark,431,q7_products_join_sellers,0.81420000000000003,0,True,
benchmark,432,q7_products_join_sellers,0.85440000000000005,0,True,
benchmark,433,q7_products_join_sellers,0.77490000000000003,0,True,
benchmark,434,q7_products_join_sellers,0.74229999999999996,0,True,
benchmark,435,q7_products_join_sellers,0.77549999999999997,0,True,
benchmark,436,q7_products_join_sellers,0.84670000000000001,0,True,
benchmark,437,q7_products_join_sellers,0.63219999999999998,0,True,
benchmark,438,q7_products_join_sellers,0.60870000000000002,0,True,
benchmark,439,q7_products_join_sellers,0.65169999999999995,0,True,
benchmark,440,q7_products_join_sellers,0.70309999999999995,0,True,
benchmark,441,q7_products_join_sellers,1.1060000000000001,0,True,
benchmark,442,q7_products_join_sellers,0.64900000000000002,0,True,
benchmark,443,q7_products_join_sellers,0.73850000000000005,0,True,
benchmark,444,q7_products_join_sellers,0.65469999999999995,0,True,
benchmark,445,q7_products_join_sellers,0.71050000000000002,0,True,
benchmark,446,q7_products_join_sellers,0.70320000000000005,0,True,
benchmark,447,q7_products_join_sellers,0.68610000000000004,0,True,
benchmark,448,q7_products_join_sellers,0.68799999999999994,0,True,
benchmark,449,q7_products_join_sellers,0.68600000000000005,0,True,
benchmark,450,q7_products_join_sellers,1.6001000000000001,0,True,
benchmark,451,q7_products_join_sellers,0.68859999999999999,0,True,
benchmark,452,q7_products_join_sellers,0.64370000000000005,0,True,
benchmark,453,q7_products_join_sellers,0.68840000000000001,0,True,
benchmark,454,q7_products_join_sellers,0.67420000000000002,0,True,
benchmark,455,q7_products_join_sellers,0.63119999999999998,0,True,
benchmark,456,q7_products_join_sellers,0.63500000000000001,0,True,
benchmark,457,q7_products_join_sellers,0.68720000000000003,0,True,
benchmark,458,q7_products_join_sellers,0.68589999999999995,0,True,
benchmark,459,q7_products_join_sellers,0.6895,0,True,
benchmark,460,q7_products_join_sellers,0.62639999999999996,0,True,
benchmark,461,q7_products_join_sellers,0.61019999999999996,0,True,
benchmark,462,q7_products_join_sellers,0.66490000000000005,0,True,
benchmark,463,q7_products_join_sellers,0.79359999999999997,0,True,
benchmark,464,q7_products_join_sellers,0.74209999999999998,0,True,
benchmark,465,q7_products_join_sellers,0.68840000000000001,0,True,
benchmark,466,q7_products_join_sellers,0.64429999999999998,0,True,
benchmark,467,q7_products_join_sellers,0.65469999999999995,0,True,
benchmark,468,q7_products_join_sellers,0.62980000000000003,0,True,
benchmark,469,q7_products_join_sellers,0.69610000000000005,0,True,
benchmark,470,q7_products_join_sellers,0.59860000000000002,0,True,
benchmark,471,q7_products_join_sellers,0.56769999999999998,0,True,
benchmark,472,q7_products_join_sellers,0.58430000000000004,0,True,
benchmark,473,q7_products_join_sellers,0.55100000000000005,0,True,
benchmark,474,q7_products_join_sellers,0.55269999999999997,0,True,
benchmark,475,q7_products_join_sellers,0.51929999999999998,0,True,
benchmark,476,q7_products_join_sellers,0.57630000000000003,0,True,
benchmark,477,q7_products_join_sellers,0.54190000000000005,0,True,
benchmark,478,q7_products_join_sellers,0.64600000000000002,0,True,
benchmark,479,q7_products_join_sellers,0.87870000000000004,0,True,
benchmark,480,q7_products_join_sellers,0.52829999999999999,0,True,
benchmark,481,q7_products_join_sellers,0.59619999999999995,0,True,
benchmark,482,q7_products_join_sellers,0.60160000000000002,0,True,
benchmark,483,q7_products_join_sellers,0.52869999999999995,0,True,
benchmark,484,q7_products_join_sellers,0.53669999999999995,0,True,
benchmark,485,q7_products_join_sellers,0.52029999999999998,0,True,
benchmark,486,q7_products_join_sellers,0.49149999999999999,0,True,
benchmark,487,q7_products_join_sellers,0.53979999999999995,0,True,
benchmark,488,q7_products_join_sellers,0.54149999999999998,0,True,
benchmark,489,q7_products_join_sellers,0.51859999999999995,0,True,
benchmark,490,q7_products_join_sellers,0.52410000000000001,0,True,
benchmark,491,q7_products_join_sellers,0.50790000000000002,0,True,
benchmark,492,q7_products_join_sellers,0.58450000000000002,0,True,
benchmark,493,q7_products_join_sellers,0.5242,0,True,
benchmark,494,q7_products_join_sellers,0.49049999999999999,0,True,
benchmark,495,q7_products_join_sellers,0.49070000000000003,0,True,
benchmark,496,q7_products_join_sellers,0.54549999999999998,0,True,
benchmark,497,q7_products_join_sellers,0.5111,0,True,
benchmark,498,q7_products_join_sellers,0.52669999999999995,0,True,
benchmark,499,q7_products_join_sellers,0.499,0,True,
benchmark,500,q7_products_join_sellers,0.53590000000000004,0,True,
benchmark,501,q7_products_join_sellers,2.5956000000000001,0,True,
benchmark,502,q7_products_join_sellers,1.5754999999999999,0,True,
benchmark,503,q7_products_join_sellers,1.1364000000000001,0,True,
benchmark,504,q7_products_join_sellers,1.0934999999999999,0,True,
benchmark,505,q7_products_join_sellers,1.0141,0,True,
benchmark,506,q7_products_join_sellers,0.88109999999999999,0,True,
benchmark,507,q7_products_join_sellers,1.3574999999999999,0,True,
benchmark,508,q7_products_join_sellers,1.2536,0,True,
benchmark,509,q7_products_join_sellers,1.1525000000000001,0,True,
benchmark,510,q7_products_join_sellers,1.4138999999999999,0,True,
benchmark,511,q7_products_join_sellers,1.1766000000000001,0,True,
benchmark,512,q7_products_join_sellers,1.3745000000000001,0,True,
benchmark,513,q7_products_join_sellers,1.0415000000000001,0,True,
benchmark,514,q7_products_join_sellers,1.0979000000000001,0,True,
benchmark,515,q7_products_join_sellers,1.0206,0,True,
benchmark,516,q7_products_join_sellers,1.0265,0,True,
benchmark,517,q7_products_join_sellers,0.93530000000000002,0,True,
benchmark,518,q7_products_join_sellers,0.95920000000000005,0,True,
benchmark,519,q7_products_join_sellers,0.9597,0,True,
benchmark,520,q7_products_join_sellers,1.2007000000000001,0,True,
benchmark,521,q7_products_join_sellers,0.87749999999999995,0,True,
benchmark,522,q7_products_join_sellers,0.83420000000000005,0,True,
benchmark,523,q7_products_join_sellers,0.86219999999999997,0,True,
benchmark,524,q7_products_join_sellers,0.90029999999999999,0,True,
benchmark,525,q7_products_join_sellers,0.87749999999999995,0,True,
benchmark,526,q7_products_join_sellers,0.81850000000000001,0,True,
benchmark,527,q7_products_join_sellers,0.86619999999999997,0,True,
benchmark,528,q7_products_join_sellers,0.84230000000000005,0,True,
benchmark,529,q7_products_join_sellers,0.73160000000000003,0,True,
benchmark,530,q7_products_join_sellers,0.78500000000000003,0,True,
benchmark,531,q7_products_join_sellers,0.75600000000000001,0,True,
benchmark,532,q7_products_join_sellers,0.74770000000000003,0,True,
benchmark,533,q7_products_join_sellers,0.70679999999999998,0,True,
benchmark,534,q7_products_join_sellers,0.75,0,True,
benchmark,535,q7_products_join_sellers,0.76600000000000001,0,True,
benchmark,536,q7_products_join_sellers,0.75490000000000002,0,True,
benchmark,537,q7_products_join_sellers,0.72270000000000001,0,True,
benchmark,538,q7_products_join_sellers,0.7026,0,True,
benchmark,539,q7_products_join_sellers,0.69779999999999998,0,True,
benchmark,540,q7_products_join_sellers,0.68500000000000005,0,True,
benchmark,541,q7_products_join_sellers,0.72470000000000001,0,True,
benchmark,542,q7_products_join_sellers,0.69910000000000005,0,True,
benchmark,543,q7_products_join_sellers,0.72750000000000004,0,True,
benchmark,544,q7_products_join_sellers,0.69120000000000004,0,True,
benchmark,545,q7_products_join_sellers,0.73180000000000001,0,True,
benchmark,546,q7_products_join_sellers,0.78510000000000002,0,True,
benchmark,547,q7_products_join_sellers,0.78149999999999997,0,True,
benchmark,548,q7_products_join_sellers,0.72289999999999999,0,True,
benchmark,549,q7_products_join_sellers,0.64139999999999997,0,True,
benchmark,550,q7_products_join_sellers,0.65039999999999998,0,True,
benchmark,551,q7_products_join_sellers,0.73619999999999997,0,True,
benchmark,552,q7_products_join_sellers,0.68530000000000002,0,True,
benchmark,553,q7_products_join_sellers,0.67910000000000004,0,True,
benchmark,554,q7_products_join_sellers,0.66290000000000004,0,True,
benchmark,555,q7_products_join_sellers,0.65849999999999997,0,True,
benchmark,556,q7_products_join_sellers,0.65490000000000004,0,True,
benchmark,557,q7_products_join_sellers,0.71909999999999996,0,True,
benchmark,558,q7_products_join_sellers,0.68300000000000005,0,True,
benchmark,559,q7_products_join_sellers,0.6734,0,True,
benchmark,560,q7_products_join_sellers,0.66759999999999997,0,True,
benchmark,561,q7_products_join_sellers,0.58169999999999999,0,True,
benchmark,562,q7_products_join_sellers,0.54859999999999998,0,True,
benchmark,563,q7_products_join_sellers,0.56120000000000003,0,True,
benchmark,564,q7_products_join_sellers,0.64400000000000002,0,True,
benchmark,565,q7_products_join_sellers,0.68179999999999996,0,True,
benchmark,566,q7_products_join_sellers,0.70620000000000005,0,True,
benchmark,567,q7_products_join_sellers,0.75780000000000003,0,True,
benchmark,568,q7_products_join_sellers,0.64729999999999999,0,True,
benchmark,569,q7_products_join_sellers,0.60350000000000004,0,True,
benchmark,570,q7_products_join_sellers,0.5585,0,True,
benchmark,571,q7_products_join_sellers,0.51959999999999995,0,True,
benchmark,572,q7_products_join_sellers,0.55569999999999997,0,True,
benchmark,573,q7_products_join_sellers,0.56399999999999995,0,True,
benchmark,574,q7_products_join_sellers,0.51849999999999996,0,True,
benchmark,575,q7_products_join_sellers,0.53149999999999997,0,True,
benchmark,576,q7_products_join_sellers,0.61409999999999998,0,True,
benchmark,577,q7_products_join_sellers,0.52429999999999999,0,True,
benchmark,578,q7_products_join_sellers,0.55279999999999996,0,True,
benchmark,579,q7_products_join_sellers,0.56940000000000002,0,True,
benchmark,580,q7_products_join_sellers,0.4879,0,True,
benchmark,581,q7_products_join_sellers,0.52969999999999995,0,True,
benchmark,582,q7_products_join_sellers,0.55679999999999996,0,True,
benchmark,583,q7_products_join_sellers,0.50770000000000004,0,True,
benchmark,584,q7_products_join_sellers,0.52810000000000001,0,True,
benchmark,585,q7_products_join_sellers,0.51639999999999997,0,True,
benchmark,586,q7_products_join_sellers,0.51580000000000004,0,True,
benchmark,587,q7_products_join_sellers,0.53990000000000005,0,True,
benchmark,588,q7_products_join_sellers,0.47670000000000001,0,True,
benchmark,589,q7_products_join_sellers,0.55379999999999996,0,True,
benchmark,590,q7_products_join_sellers,0.53380000000000005,0,True,
benchmark,591,q7_products_join_sellers,0.54310000000000003,0,True,
benchmark,592,q7_products_join_sellers,0.51170000000000004,0,True,
benchmark,593,q7_products_join_sellers,0.47720000000000001,0,True,
benchmark,594,q7_products_join_sellers,0.49819999999999998,0,True,
benchmark,595,q7_products_join_sellers,0.48070000000000002,0,True,
benchmark,596,q7_products_join_sellers,0.48599999999999999,0,True,
benchmark,597,q7_products_join_sellers,0.43309999999999998,0,True,
benchmark,598,q7_products_join_sellers,0.43169999999999997,0,True,
benchmark,599,q7_products_join_sellers,0.43940000000000001,0,True,
benchmark,600,q7_products_join_sellers,0.45069999999999999,0,True,
benchmark,601,q7_products_join_sellers,3.0569999999999999,0,True,
benchmark,602,q7_products_join_sellers,1.1234999999999999,0,True,
benchmark,603,q7_products_join_sellers,0.96919999999999995,0,True,
benchmark,604,q7_products_join_sellers,0.99480000000000002,0,True,
benchmark,605,q7_products_join_sellers,0.90849999999999997,0,True,
benchmark,606,q7_products_join_sellers,0.92390000000000005,0,True,
benchmark,607,q7_products_join_sellers,0.88119999999999998,0,True,
benchmark,608,q7_products_join_sellers,0.87,0,True,
benchmark,609,q7_products_join_sellers,0.86019999999999996,0,True,
benchmark,610,q7_products_join_sellers,5.6548999999999996,0,True,
benchmark,611,q7_products_join_sellers,5.1136999999999997,0,True,
benchmark,612,q7_products_join_sellers,1.6931,0,True,
benchmark,613,q7_products_join_sellers,1.1742999999999999,0,True,
benchmark,614,q7_products_join_sellers,11.355700000000001,0,True,
benchmark,615,q7_products_join_sellers,6.4480000000000004,0,True,
benchmark,616,q7_products_join_sellers,1.1027,0,True,
benchmark,617,q7_products_join_sellers,1.3960999999999999,0,True,
benchmark,618,q7_products_join_sellers,0.73329999999999995,0,True,
benchmark,619,q7_products_join_sellers,0.65549999999999997,0,True,
benchmark,620,q7_products_join_sellers,0.62039999999999995,0,True,
benchmark,621,q7_products_join_sellers,0.66720000000000002,0,True,
benchmark,622,q7_products_join_sellers,1.0896999999999999,0,True,
benchmark,623,q7_products_join_sellers,0.6331,0,True,
benchmark,624,q7_products_join_sellers,0.63100000000000001,0,True,
benchmark,625,q7_products_join_sellers,0.5887,0,True,
benchmark,626,q7_products_join_sellers,0.62170000000000003,0,True,
benchmark,627,q7_products_join_sellers,0.59409999999999996,0,True,
benchmark,628,q7_products_join_sellers,0.68059999999999998,0,True,
benchmark,629,q7_products_join_sellers,0.64219999999999999,0,True,
benchmark,630,q7_products_join_sellers,0.62219999999999998,0,True,
benchmark,631,q7_products_join_sellers,0.64500000000000002,0,True,
benchmark,632,q7_products_join_sellers,0.55720000000000003,0,True,
benchmark,633,q7_products_join_sellers,0.67469999999999997,0,True,
benchmark,634,q7_products_join_sellers,0.6099,0,True,
benchmark,635,q7_products_join_sellers,0.57569999999999999,0,True,
benchmark,636,q7_products_join_sellers,0.55900000000000005,0,True,
benchmark,637,q7_products_join_sellers,0.58050000000000002,0,True,
benchmark,638,q7_products_join_sellers,0.55610000000000004,0,True,
benchmark,639,q7_products_join_sellers,0.53859999999999997,0,True,
benchmark,640,q7_products_join_sellers,0.5615,0,True,
benchmark,641,q7_products_join_sellers,0.68020000000000003,0,True,
benchmark,642,q7_products_join_sellers,0.54800000000000004,0,True,
benchmark,643,q7_products_join_sellers,0.57569999999999999,0,True,
benchmark,644,q7_products_join_sellers,0.57920000000000005,0,True,
benchmark,645,q7_products_join_sellers,0.52429999999999999,0,True,
benchmark,646,q7_products_join_sellers,0.50600000000000001,0,True,
benchmark,647,q7_products_join_sellers,0.5514,0,True,
benchmark,648,q7_products_join_sellers,0.50939999999999996,0,True,
benchmark,649,q7_products_join_sellers,0.50239999999999996,0,True,
benchmark,650,q7_products_join_sellers,0.50470000000000004,0,True,
benchmark,651,q7_products_join_sellers,0.59909999999999997,0,True,
benchmark,652,q7_products_join_sellers,0.52900000000000003,0,True,
benchmark,653,q7_products_join_sellers,0.55759999999999998,0,True,
benchmark,654,q7_products_join_sellers,0.57320000000000004,0,True,
benchmark,655,q7_products_join_sellers,0.52729999999999999,0,True,
benchmark,656,q7_products_join_sellers,0.50849999999999995,0,True,
benchmark,657,q7_products_join_sellers,0.5444,0,True,
benchmark,658,q7_products_join_sellers,0.52500000000000002,0,True,
benchmark,659,q7_products_join_sellers,0.53649999999999998,0,True,
benchmark,660,q7_products_join_sellers,0.52890000000000004,0,True,
benchmark,661,q7_products_join_sellers,0.51759999999999995,0,True,
benchmark,662,q7_products_join_sellers,0.52129999999999999,0,True,
benchmark,663,q7_products_join_sellers,0.4854,0,True,
benchmark,664,q7_products_join_sellers,0.54490000000000005,0,True,
benchmark,665,q7_products_join_sellers,0.67059999999999997,0,True,
benchmark,666,q7_products_join_sellers,0.45850000000000002,0,True,
benchmark,667,q7_products_join_sellers,0.4824,0,True,
benchmark,668,q7_products_join_sellers,0.47399999999999998,0,True,
benchmark,669,q7_products_join_sellers,0.48230000000000001,0,True,
benchmark,670,q7_products_join_sellers,0.46829999999999999,0,True,
benchmark,671,q7_products_join_sellers,0.47599999999999998,0,True,
benchmark,672,q7_products_join_sellers,0.48199999999999998,0,True,
benchmark,673,q7_products_join_sellers,0.47910000000000003,0,True,
benchmark,674,q7_products_join_sellers,0.53069999999999995,0,True,
benchmark,675,q7_products_join_sellers,0.50600000000000001,0,True,
benchmark,676,q7_products_join_sellers,0.5353,0,True,
benchmark,677,q7_products_join_sellers,0.52129999999999999,0,True,
benchmark,678,q7_products_join_sellers,0.49130000000000001,0,True,
benchmark,679,q7_products_join_sellers,0.48849999999999999,0,True,
benchmark,680,q7_products_join_sellers,0.48720000000000002,0,True,
benchmark,681,q7_products_join_sellers,0.92520000000000002,0,True,
benchmark,682,q7_products_join_sellers,0.49590000000000001,0,True,
benchmark,683,q7_products_join_sellers,0.51919999999999999,0,True,
benchmark,684,q7_products_join_sellers,0.59819999999999995,0,True,
benchmark,685,q7_products_join_sellers,1.5773999999999999,0,True,
benchmark,686,q7_products_join_sellers,0.54700000000000004,0,True,
benchmark,687,q7_products_join_sellers,0.50049999999999994,0,True,
benchmark,688,q7_products_join_sellers,0.51290000000000002,0,True,
benchmark,689,q7_products_join_sellers,0.54410000000000003,0,True,
benchmark,690,q7_products_join_sellers,0.49469999999999997,0,True,
benchmark,691,q7_products_join_sellers,0.5383,0,True,
benchmark,692,q7_products_join_sellers,0.48299999999999998,0,True,
benchmark,693,q7_products_join_sellers,0.4904,0,True,
benchmark,694,q7_products_join_sellers,0.60309999999999997,0,True,
benchmark,695,q7_products_join_sellers,0.52710000000000001,0,True,
benchmark,696,q7_products_join_sellers,0.48110000000000003,0,True,
benchmark,697,q7_products_join_sellers,0.47839999999999999,0,True,
benchmark,698,q7_products_join_sellers,0.44440000000000002,0,True,
benchmark,699,q7_products_join_sellers,0.50960000000000005,0,True,
benchmark,700,q7_products_join_sellers,0.49130000000000001,0,True,
benchmark,701,q7_products_join_sellers,2.7033,0,True,
benchmark,702,q7_products_join_sellers,1.5177,0,True,
benchmark,703,q7_products_join_sellers,1.1141000000000001,0,True,
benchmark,704,q7_products_join_sellers,1.0971,0,True,
benchmark,705,q7_products_join_sellers,1.0001,0,True,
benchmark,706,q7_products_join_sellers,1.0710999999999999,0,True,
benchmark,707,q7_products_join_sellers,1.0555000000000001,0,True,
benchmark,708,q7_products_join_sellers,1.0213000000000001,0,True,
benchmark,709,q7_products_join_sellers,1.0679000000000001,0,True,
benchmark,710,q7_products_join_sellers,1.0031000000000001,0,True,
benchmark,711,q7_products_join_sellers,1.1189,0,True,
benchmark,712,q7_products_join_sellers,1.6491,0,True,
benchmark,713,q7_products_join_sellers,1.1180000000000001,0,True,
benchmark,714,q7_products_join_sellers,0.95669999999999999,0,True,
benchmark,715,q7_products_join_sellers,0.9617,0,True,
benchmark,716,q7_products_join_sellers,0.97519999999999996,0,True,
benchmark,717,q7_products_join_sellers,1.0462,0,True,
benchmark,718,q7_products_join_sellers,1.1597,0,True,
benchmark,719,q7_products_join_sellers,0.89749999999999996,0,True,
benchmark,720,q7_products_join_sellers,0.86819999999999997,0,True,
benchmark,721,q7_products_join_sellers,0.8821,0,True,
benchmark,722,q7_products_join_sellers,0.89359999999999995,0,True,
benchmark,723,q7_products_join_sellers,0.85489999999999999,0,True,
benchmark,724,q7_products_join_sellers,0.8871,0,True,
benchmark,725,q7_products_join_sellers,1.5164,0,True,
benchmark,726,q7_products_join_sellers,0.88949999999999996,0,True,
benchmark,727,q7_products_join_sellers,0.88590000000000002,0,True,
benchmark,728,q7_products_join_sellers,0.87270000000000003,0,True,
benchmark,729,q7_products_join_sellers,0.85060000000000002,0,True,
benchmark,730,q7_products_join_sellers,0.81399999999999995,0,True,
benchmark,731,q7_products_join_sellers,0.7994,0,True,
benchmark,732,q7_products_join_sellers,0.76080000000000003,0,True,
benchmark,733,q7_products_join_sellers,0.78700000000000003,0,True,
benchmark,734,q7_products_join_sellers,0.78900000000000003,0,True,
benchmark,735,q7_products_join_sellers,0.8548,0,True,
benchmark,736,q7_products_join_sellers,0.79869999999999997,0,True,
benchmark,737,q7_products_join_sellers,0.80230000000000001,0,True,
benchmark,738,q7_products_join_sellers,0.80720000000000003,0,True,
benchmark,739,q7_products_join_sellers,0.71819999999999995,0,True,
benchmark,740,q7_products_join_sellers,0.7883,0,True,
benchmark,741,q7_products_join_sellers,0.71220000000000006,0,True,
benchmark,742,q7_products_join_sellers,0.745,0,True,
benchmark,743,q7_products_join_sellers,0.7147,0,True,
benchmark,744,q7_products_join_sellers,0.73470000000000002,0,True,
benchmark,745,q7_products_join_sellers,0.70669999999999999,0,True,
benchmark,746,q7_products_join_sellers,0.69999999999999996,0,True,
benchmark,747,q7_products_join_sellers,0.75560000000000005,0,True,
benchmark,748,q7_products_join_sellers,0.78139999999999998,0,True,
benchmark,749,q7_products_join_sellers,0.71189999999999998,0,True,
benchmark,750,q7_products_join_sellers,0.6966,0,True,
benchmark,751,q7_products_join_sellers,0.74139999999999995,0,True,
benchmark,752,q7_products_join_sellers,0.67610000000000003,0,True,
benchmark,753,q7_products_join_sellers,0.71030000000000004,0,True,
benchmark,754,q7_products_join_sellers,0.68779999999999997,0,True,
benchmark,755,q7_products_join_sellers,0.70899999999999996,0,True,
benchmark,756,q7_products_join_sellers,0.65720000000000001,0,True,
benchmark,757,q7_products_join_sellers,0.66959999999999997,0,True,
benchmark,758,q7_products_join_sellers,0.66420000000000001,0,True,
benchmark,759,q7_products_join_sellers,0.61160000000000003,0,True,
benchmark,760,q7_products_join_sellers,0.59819999999999995,0,True,
benchmark,761,q7_products_join_sellers,0.59050000000000002,0,True,
benchmark,762,q7_products_join_sellers,0.5907,0,True,
benchmark,763,q7_products_join_sellers,0.58050000000000002,0,True,
benchmark,764,q7_products_join_sellers,0.62670000000000003,0,True,
benchmark,765,q7_products_join_sellers,0.73599999999999999,0,True,
benchmark,766,q7_products_join_sellers,0.67159999999999997,0,True,
benchmark,767,q7_products_join_sellers,0.62690000000000001,0,True,
benchmark,768,q7_products_join_sellers,0.56030000000000002,0,True,
benchmark,769,q7_products_join_sellers,0.53720000000000001,0,True,
benchmark,770,q7_products_join_sellers,0.58530000000000004,0,True,
benchmark,771,q7_products_join_sellers,1.5671999999999999,0,True,
benchmark,772,q7_products_join_sellers,0.51600000000000001,0,True,
benchmark,773,q7_products_join_sellers,0.58850000000000002,0,True,
benchmark,774,q7_products_join_sellers,0.51829999999999998,0,True,
benchmark,775,q7_products_join_sellers,1.6171,0,True,
benchmark,776,q7_products_join_sellers,0.54469999999999996,0,True,
benchmark,777,q7_products_join_sellers,0.54300000000000004,0,True,
benchmark,778,q7_products_join_sellers,0.52339999999999998,0,True,
benchmark,779,q7_products_join_sellers,0.54630000000000001,0,True,
benchmark,780,q7_products_join_sellers,0.48280000000000001,0,True,
benchmark,781,q7_products_join_sellers,0.56830000000000003,0,True,
benchmark,782,q7_products_join_sellers,0.54549999999999998,0,True,
benchmark,783,q7_products_join_sellers,1.1169,0,True,
benchmark,784,q7_products_join_sellers,0.54549999999999998,0,True,
benchmark,785,q7_products_join_sellers,0.55720000000000003,0,True,
benchmark,786,q7_products_join_sellers,0.53520000000000001,0,True,
benchmark,787,q7_products_join_sellers,0.55869999999999997,0,True,
benchmark,788,q7_products_join_sellers,0.52559999999999996,0,True,
benchmark,789,q7_products_join_sellers,0.52270000000000005,0,True,
benchmark,790,q7_products_join_sellers,0.56140000000000001,0,True,
benchmark,791,q7_products_join_sellers,0.52229999999999999,0,True,
benchmark,792,q7_products_join_sellers,0.49930000000000002,0,True,
benchmark,793,q7_products_join_sellers,1.1615,0,True,
benchmark,794,q7_products_join_sellers,0.56740000000000002,0,True,
benchmark,795,q7_products_join_sellers,0.52769999999999995,0,True,
benchmark,796,q7_products_join_sellers,0.53149999999999997,0,True,
benchmark,797,q7_products_join_sellers,0.53139999999999998,0,True,
benchmark,798,q7_products_join_sellers,0.4985,0,True,
benchmark,799,q7_products_join_sellers,0.51219999999999999,0,True,
benchmark,800,q7_products_join_sellers,0.55110000000000003,0,True,
benchmark,801,q7_products_join_sellers,2.8153000000000001,0,True,
benchmark,802,q7_products_join_sellers,1.3782000000000001,0,True,
benchmark,803,q7_products_join_sellers,1.1272,0,True,
benchmark,804,q7_products_join_sellers,1.0232000000000001,0,True,
benchmark,805,q7_products_join_sellers,1.036,0,True,
benchmark,806,q7_products_join_sellers,1.0267999999999999,0,True,
benchmark,807,q7_products_join_sellers,1.0745,0,True,
benchmark,808,q7_products_join_sellers,1.5246999999999999,0,True,
benchmark,809,q7_products_join_sellers,1.6971000000000001,0,True,
benchmark,810,q7_products_join_sellers,1.4801,0,True,
benchmark,811,q7_products_join_sellers,1.5533999999999999,0,True,
benchmark,812,q7_products_join_sellers,1.4157999999999999,0,True,
benchmark,813,q7_products_join_sellers,1.3250999999999999,0,True,
benchmark,814,q7_products_join_sellers,1.1935,0,True,
benchmark,815,q7_products_join_sellers,1.0217000000000001,0,True,
benchmark,816,q7_products_join_sellers,0.99780000000000002,0,True,
benchmark,817,q7_products_join_sellers,0.98619999999999997,0,True,
benchmark,818,q7_products_join_sellers,1.0484,0,True,
benchmark,819,q7_products_join_sellers,1.0062,0,True,
benchmark,820,q7_products_join_sellers,0.91159999999999997,0,True,
benchmark,821,q7_products_join_sellers,0.93969999999999998,0,True,
benchmark,822,q7_products_join_sellers,1.0247999999999999,0,True,
benchmark,823,q7_products_join_sellers,0.83789999999999998,0,True,
benchmark,824,q7_products_join_sellers,0.78320000000000001,0,True,
benchmark,825,q7_products_join_sellers,0.80500000000000005,0,True,
benchmark,826,q7_products_join_sellers,0.83289999999999997,0,True,
benchmark,827,q7_products_join_sellers,0.89900000000000002,0,True,
benchmark,828,q7_products_join_sellers,0.92290000000000005,0,True,
benchmark,829,q7_products_join_sellers,0.77649999999999997,0,True,
benchmark,830,q7_products_join_sellers,0.77439999999999998,0,True,
benchmark,831,q7_products_join_sellers,0.83109999999999995,0,True,
benchmark,832,q7_products_join_sellers,0.76470000000000005,0,True,
benchmark,833,q7_products_join_sellers,0.85040000000000004,0,True,
benchmark,834,q7_products_join_sellers,0.84160000000000001,0,True,
benchmark,835,q7_products_join_sellers,0.79300000000000004,0,True,
benchmark,836,q7_products_join_sellers,0.7782,0,True,
benchmark,837,q7_products_join_sellers,0.75749999999999995,0,True,
benchmark,838,q7_products_join_sellers,0.78659999999999997,0,True,
benchmark,839,q7_products_join_sellers,0.74560000000000004,0,True,
benchmark,840,q7_products_join_sellers,0.71199999999999997,0,True,
benchmark,841,q7_products_join_sellers,0.73070000000000002,0,True,
benchmark,842,q7_products_join_sellers,0.69799999999999995,0,True,
benchmark,843,q7_products_join_sellers,0.77800000000000002,0,True,
benchmark,844,q7_products_join_sellers,0.72130000000000005,0,True,
benchmark,845,q7_products_join_sellers,0.81200000000000006,0,True,
benchmark,846,q7_products_join_sellers,0.70669999999999999,0,True,
benchmark,847,q7_products_join_sellers,0.754,0,True,
benchmark,848,q7_products_join_sellers,0.73460000000000003,0,True,
benchmark,849,q7_products_join_sellers,0.7419,0,True,
benchmark,850,q7_products_join_sellers,0.65639999999999998,0,True,
benchmark,851,q7_products_join_sellers,0.77569999999999995,0,True,
benchmark,852,q7_products_join_sellers,0.7137,0,True,
benchmark,853,q7_products_join_sellers,0.6704,0,True,
benchmark,854,q7_products_join_sellers,0.7097,0,True,
benchmark,855,q7_products_join_sellers,0.66439999999999999,0,True,
benchmark,856,q7_products_join_sellers,0.64400000000000002,0,True,
benchmark,857,q7_products_join_sellers,0.66020000000000001,0,True,
benchmark,858,q7_products_join_sellers,0.62619999999999998,0,True,
benchmark,859,q7_products_join_sellers,0.58899999999999997,0,True,
benchmark,860,q7_products_join_sellers,0.64749999999999996,0,True,
benchmark,861,q7_products_join_sellers,0.6371,0,True,
benchmark,862,q7_products_join_sellers,0.73429999999999995,0,True,
benchmark,863,q7_products_join_sellers,0.78149999999999997,0,True,
benchmark,864,q7_products_join_sellers,0.58650000000000002,0,True,
benchmark,865,q7_products_join_sellers,0.63160000000000005,0,True,
benchmark,866,q7_products_join_sellers,0.65429999999999999,0,True,
benchmark,867,q7_products_join_sellers,0.58069999999999999,0,True,
benchmark,868,q7_products_join_sellers,0.5363,0,True,
benchmark,869,q7_products_join_sellers,0.50229999999999997,0,True,
benchmark,870,q7_products_join_sellers,0.56410000000000005,0,True,
benchmark,871,q7_products_join_sellers,0.58679999999999999,0,True,
benchmark,872,q7_products_join_sellers,0.55289999999999995,0,True,
benchmark,873,q7_products_join_sellers,0.5161,0,True,
benchmark,874,q7_products_join_sellers,0.54510000000000003,0,True,
benchmark,875,q7_products_join_sellers,0.54390000000000005,0,True,
benchmark,876,q7_products_join_sellers,0.55159999999999998,0,True,
benchmark,877,q7_products_join_sellers,0.64100000000000001,0,True,
benchmark,878,q7_products_join_sellers,0.58720000000000006,0,True,
benchmark,879,q7_products_join_sellers,0.52280000000000004,0,True,
benchmark,880,q7_products_join_sellers,0.54879999999999995,0,True,
benchmark,881,q7_products_join_sellers,0.53090000000000004,0,True,
benchmark,882,q7_products_join_sellers,0.47439999999999999,0,True,
benchmark,883,q7_products_join_sellers,0.4924,0,True,
benchmark,884,q7_products_join_sellers,0.53159999999999996,0,True,
benchmark,885,q7_products_join_sellers,0.504,0,True,
benchmark,886,q7_products_join_sellers,0.52300000000000002,0,True,
benchmark,887,q7_products_join_sellers,0.52029999999999998,0,True,
benchmark,888,q7_products_join_sellers,0.52910000000000001,0,True,
benchmark,889,q7_products_join_sellers,0.52729999999999999,0,True,
benchmark,890,q7_products_join_sellers,0.54090000000000005,0,True,
benchmark,891,q7_products_join_sellers,0.54379999999999995,0,True,
benchmark,892,q7_products_join_sellers,0.50770000000000004,0,True,
benchmark,893,q7_products_join_sellers,0.51690000000000003,0,True,
benchmark,894,q7_products_join_sellers,0.50780000000000003,0,True,
benchmark,895,q7_products_join_sellers,0.50739999999999996,0,True,
benchmark,896,q7_products_join_sellers,0.48830000000000001,0,True,
benchmark,897,q7_products_join_sellers,0.55200000000000005,0,True,
benchmark,898,q7_products_join_sellers,0.49840000000000001,0,True,
benchmark,899,q7_products_join_sellers,0.49890000000000001,0,True,
benchmark,900,q7_products_join_sellers,0.49619999999999997,0,True,
benchmark,901,q7_products_join_sellers,2.7536,0,True,
benchmark,902,q7_products_join_sellers,1.2845,0,True,
benchmark,903,q7_products_join_sellers,1.0550999999999999,0,True,
benchmark,904,q7_products_join_sellers,0.9012,0,True,
benchmark,905,q7_products_join_sellers,1.7522,0,True,
benchmark,906,q7_products_join_sellers,1.5901000000000001,0,True,
benchmark,907,q7_products_join_sellers,1.2829999999999999,0,True,
benchmark,908,q7_products_join_sellers,1.1992,0,True,
benchmark,909,q7_products_join_sellers,1.4167000000000001,0,True,
benchmark,910,q7_products_join_sellers,1.4983,0,True,
benchmark,911,q7_products_join_sellers,1.744,0,True,
benchmark,912,q7_products_join_sellers,1.1802999999999999,0,True,
benchmark,913,q7_products_join_sellers,1.4641,0,True,
benchmark,914,q7_products_join_sellers,1.7583,0,True,
benchmark,915,q7_products_join_sellers,1.6667000000000001,0,True,
benchmark,916,q7_products_join_sellers,1.1748000000000001,0,True,
benchmark,917,q7_products_join_sellers,1.0115000000000001,0,True,
benchmark,918,q7_products_join_sellers,0.93389999999999995,0,True,
benchmark,919,q7_products_join_sellers,1.1408,0,True,
benchmark,920,q7_products_join_sellers,1.1229,0,True,
benchmark,921,q7_products_join_sellers,2.5003000000000002,0,True,
benchmark,922,q7_products_join_sellers,1.3778999999999999,0,True,
benchmark,923,q7_products_join_sellers,1.1100000000000001,0,True,
benchmark,924,q7_products_join_sellers,0.95550000000000002,0,True,
benchmark,925,q7_products_join_sellers,2.0165999999999999,0,True,
benchmark,926,q7_products_join_sellers,0.84609999999999996,0,True,
benchmark,927,q7_products_join_sellers,0.76659999999999995,0,True,
benchmark,928,q7_products_join_sellers,0.76690000000000003,0,True,
benchmark,929,q7_products_join_sellers,0.90159999999999996,0,True,
benchmark,930,q7_products_join_sellers,0.81079999999999997,0,True,
benchmark,931,q7_products_join_sellers,1.1429,0,True,
benchmark,932,q7_products_join_sellers,0.70520000000000005,0,True,
benchmark,933,q7_products_join_sellers,0.74360000000000004,0,True,
benchmark,934,q7_products_join_sellers,0.8659,0,True,
benchmark,935,q7_products_join_sellers,0.77080000000000004,0,True,
benchmark,936,q7_products_join_sellers,0.74319999999999997,0,True,
benchmark,937,q7_products_join_sellers,0.6794,0,True,
benchmark,938,q7_products_join_sellers,0.66320000000000001,0,True,
benchmark,939,q7_products_join_sellers,0.79590000000000005,0,True,
benchmark,940,q7_products_join_sellers,0.69140000000000001,0,True,
benchmark,941,q7_products_join_sellers,0.69130000000000003,0,True,
benchmark,942,q7_products_join_sellers,0.64639999999999997,0,True,
benchmark,943,q7_products_join_sellers,0.67190000000000005,0,True,
benchmark,944,q7_products_join_sellers,0.65900000000000003,0,True,
benchmark,945,q7_products_join_sellers,0.67730000000000001,0,True,
benchmark,946,q7_products_join_sellers,0.67789999999999995,0,True,
benchmark,947,q7_products_join_sellers,0.64280000000000004,0,True,
benchmark,948,q7_products_join_sellers,0.67969999999999997,0,True,
benchmark,949,q7_products_join_sellers,0.5917,0,True,
benchmark,950,q7_products_join_sellers,0.67649999999999999,0,True,
benchmark,951,q7_products_join_sellers,0.70860000000000001,0,True,
benchmark,952,q7_products_join_sellers,0.65200000000000002,0,True,
benchmark,953,q7_products_join_sellers,0.69640000000000002,0,True,
benchmark,954,q7_products_join_sellers,0.67669999999999997,0,True,
benchmark,955,q7_products_join_sellers,0.72099999999999997,0,True,
benchmark,956,q7_products_join_sellers,0.7238,0,True,
benchmark,957,q7_products_join_sellers,0.78769999999999996,0,True,
benchmark,958,q7_products_join_sellers,0.7198,0,True,
benchmark,959,q7_products_join_sellers,0.7087,0,True,
benchmark,960,q7_products_join_sellers,0.66800000000000004,0,True,
benchmark,961,q7_products_join_sellers,0.55120000000000002,0,True,
benchmark,962,q7_products_join_sellers,0.55110000000000003,0,True,
benchmark,963,q7_products_join_sellers,0.57599999999999996,0,True,
benchmark,964,q7_products_join_sellers,0.55430000000000001,0,True,
benchmark,965,q7_products_join_sellers,0.55320000000000003,0,True,
benchmark,966,q7_products_join_sellers,0.58020000000000005,0,True,
benchmark,967,q7_products_join_sellers,0.57779999999999998,0,True,
benchmark,968,q7_products_join_sellers,0.5292,0,True,
benchmark,969,q7_products_join_sellers,0.50490000000000002,0,True,
benchmark,970,q7_products_join_sellers,0.5605,0,True,
benchmark,971,q7_products_join_sellers,0.55269999999999997,0,True,
benchmark,972,q7_products_join_sellers,0.50649999999999995,0,True,
benchmark,973,q7_products_join_sellers,0.56030000000000002,0,True,
benchmark,974,q7_products_join_sellers,0.53710000000000002,0,True,
benchmark,975,q7_products_join_sellers,0.50509999999999999,0,True,
benchmark,976,q7_products_join_sellers,0.57310000000000005,0,True,
benchmark,977,q7_products_join_sellers,0.51470000000000005,0,True,
benchmark,978,q7_products_join_sellers,0.50480000000000003,0,True,
benchmark,979,q7_products_join_sellers,0.50519999999999998,0,True,
benchmark,980,q7_products_join_sellers,0.51670000000000005,0,True,
benchmark,981,q7_products_join_sellers,0.53129999999999999,0,True,
benchmark,982,q7_products_join_sellers,0.55000000000000004,0,True,
benchmark,983,q7_products_join_sellers,0.52549999999999997,0,True,
benchmark,984,q7_products_join_sellers,0.51459999999999995,0,True,
benchmark,985,q7_products_join_sellers,0.50960000000000005,0,True,
benchmark,986,q7_products_join_sellers,0.49819999999999998,0,True,
benchmark,987,q7_products_join_sellers,0.495,0,True,
benchmark,988,q7_products_join_sellers,0.5323,0,True,
benchmark,989,q7_products_join_sellers,0.54949999999999999,0,True,
benchmark,990,q7_products_join_sellers,0.51039999999999996,0,True,
benchmark,991,q7_products_join_sellers,0.49080000000000001,0,True,
benchmark,992,q7_products_join_sellers,0.48359999999999997,0,True,
benchmark,993,q7_products_join_sellers,0.5595,0,True,
benchmark,994,q7_products_join_sellers,0.52990000000000004,0,True,
benchmark,995,q7_products_join_sellers,0.4708,0,True,
benchmark,996,q7_products_join_sellers,0.52400000000000002,0,True,
benchmark,997,q7_products_join_sellers,0.51349999999999996,0,True,
benchmark,998,q7_products_join_sellers,0.51419999999999999,0,True,
benchmark,999,q7_products_join_sellers,0.57679999999999998,0,True,
benchmark,1000,q7_products_join_sellers,0.49859999999999999,0,True,
benchmark,1,q8_order_items_join_products,2.2492999999999999,0,True,
benchmark,2,q8_order_items_join_products,1.5501,0,True,
benchmark,3,q8_order_items_join_products,1.1176999999999999,0,True,
benchmark,4,q8_order_items_join_products,1.0619000000000001,0,True,
benchmark,5,q8_order_items_join_products,0.97009999999999996,0,True,
benchmark,6,q8_order_items_join_products,0.95340000000000003,0,True,
benchmark,7,q8_order_items_join_products,1.4779,0,True,
benchmark,8,q8_order_items_join_products,1.4147000000000001,0,True,
benchmark,9,q8_order_items_join_products,4.7384000000000004,0,True,
benchmark,10,q8_order_items_join_products,1.5731999999999999,0,True,
benchmark,11,q8_order_items_join_products,1.3599000000000001,0,True,
benchmark,12,q8_order_items_join_products,1.0851999999999999,0,True,
benchmark,13,q8_order_items_join_products,1.0136000000000001,0,True,
benchmark,14,q8_order_items_join_products,1.0412999999999999,0,True,
benchmark,15,q8_order_items_join_products,0.92710000000000004,0,True,
benchmark,16,q8_order_items_join_products,0.85299999999999998,0,True,
benchmark,17,q8_order_items_join_products,0.98780000000000001,0,True,
benchmark,18,q8_order_items_join_products,0.89510000000000001,0,True,
benchmark,19,q8_order_items_join_products,0.92510000000000003,0,True,
benchmark,20,q8_order_items_join_products,0.91739999999999999,0,True,
benchmark,21,q8_order_items_join_products,0.84609999999999996,0,True,
benchmark,22,q8_order_items_join_products,0.879,0,True,
benchmark,23,q8_order_items_join_products,0.87609999999999999,0,True,
benchmark,24,q8_order_items_join_products,0.78720000000000001,0,True,
benchmark,25,q8_order_items_join_products,0.80320000000000003,0,True,
benchmark,26,q8_order_items_join_products,0.86080000000000001,0,True,
benchmark,27,q8_order_items_join_products,0.71560000000000001,0,True,
benchmark,28,q8_order_items_join_products,0.8165,0,True,
benchmark,29,q8_order_items_join_products,0.78920000000000001,0,True,
benchmark,30,q8_order_items_join_products,0.8649,0,True,
benchmark,31,q8_order_items_join_products,0.81830000000000003,0,True,
benchmark,32,q8_order_items_join_products,0.77149999999999996,0,True,
benchmark,33,q8_order_items_join_products,0.84150000000000003,0,True,
benchmark,34,q8_order_items_join_products,0.73380000000000001,0,True,
benchmark,35,q8_order_items_join_products,0.7792,0,True,
benchmark,36,q8_order_items_join_products,0.75380000000000003,0,True,
benchmark,37,q8_order_items_join_products,1.0589,0,True,
benchmark,38,q8_order_items_join_products,0.80930000000000002,0,True,
benchmark,39,q8_order_items_join_products,0.70940000000000003,0,True,
benchmark,40,q8_order_items_join_products,0.78749999999999998,0,True,
benchmark,41,q8_order_items_join_products,0.76939999999999997,0,True,
benchmark,42,q8_order_items_join_products,0.68020000000000003,0,True,
benchmark,43,q8_order_items_join_products,0.6552,0,True,
benchmark,44,q8_order_items_join_products,0.73799999999999999,0,True,
benchmark,45,q8_order_items_join_products,0.70250000000000001,0,True,
benchmark,46,q8_order_items_join_products,0.69620000000000004,0,True,
benchmark,47,q8_order_items_join_products,0.70289999999999997,0,True,
benchmark,48,q8_order_items_join_products,0.73570000000000002,0,True,
benchmark,49,q8_order_items_join_products,0.66500000000000004,0,True,
benchmark,50,q8_order_items_join_products,0.69289999999999996,0,True,
benchmark,51,q8_order_items_join_products,0.73060000000000003,0,True,
benchmark,52,q8_order_items_join_products,0.82830000000000004,0,True,
benchmark,53,q8_order_items_join_products,0.76270000000000004,0,True,
benchmark,54,q8_order_items_join_products,0.80269999999999997,0,True,
benchmark,55,q8_order_items_join_products,0.69720000000000004,0,True,
benchmark,56,q8_order_items_join_products,0.65339999999999998,0,True,
benchmark,57,q8_order_items_join_products,0.59040000000000004,0,True,
benchmark,58,q8_order_items_join_products,0.56340000000000001,0,True,
benchmark,59,q8_order_items_join_products,0.62450000000000006,0,True,
benchmark,60,q8_order_items_join_products,0.59019999999999995,0,True,
benchmark,61,q8_order_items_join_products,0.55830000000000002,0,True,
benchmark,62,q8_order_items_join_products,0.60840000000000005,0,True,
benchmark,63,q8_order_items_join_products,0.57869999999999999,0,True,
benchmark,64,q8_order_items_join_products,0.55910000000000004,0,True,
benchmark,65,q8_order_items_join_products,0.54069999999999996,0,True,
benchmark,66,q8_order_items_join_products,0.54990000000000006,0,True,
benchmark,67,q8_order_items_join_products,0.57240000000000002,0,True,
benchmark,68,q8_order_items_join_products,0.55959999999999999,0,True,
benchmark,69,q8_order_items_join_products,0.51529999999999998,0,True,
benchmark,70,q8_order_items_join_products,0.52249999999999996,0,True,
benchmark,71,q8_order_items_join_products,0.5383,0,True,
benchmark,72,q8_order_items_join_products,0.53190000000000004,0,True,
benchmark,73,q8_order_items_join_products,0.53710000000000002,0,True,
benchmark,74,q8_order_items_join_products,0.54410000000000003,0,True,
benchmark,75,q8_order_items_join_products,0.56310000000000004,0,True,
benchmark,76,q8_order_items_join_products,0.57499999999999996,0,True,
benchmark,77,q8_order_items_join_products,0.56830000000000003,0,True,
benchmark,78,q8_order_items_join_products,0.54120000000000001,0,True,
benchmark,79,q8_order_items_join_products,0.54379999999999995,0,True,
benchmark,80,q8_order_items_join_products,0.52370000000000005,0,True,
benchmark,81,q8_order_items_join_products,0.54849999999999999,0,True,
benchmark,82,q8_order_items_join_products,0.5071,0,True,
benchmark,83,q8_order_items_join_products,0.49120000000000003,0,True,
benchmark,84,q8_order_items_join_products,0.52710000000000001,0,True,
benchmark,85,q8_order_items_join_products,0.49049999999999999,0,True,
benchmark,86,q8_order_items_join_products,0.53790000000000004,0,True,
benchmark,87,q8_order_items_join_products,0.49519999999999997,0,True,
benchmark,88,q8_order_items_join_products,0.51459999999999995,0,True,
benchmark,89,q8_order_items_join_products,0.50790000000000002,0,True,
benchmark,90,q8_order_items_join_products,0.52669999999999995,0,True,
benchmark,91,q8_order_items_join_products,0.51639999999999997,0,True,
benchmark,92,q8_order_items_join_products,0.50600000000000001,0,True,
benchmark,93,q8_order_items_join_products,0.503,0,True,
benchmark,94,q8_order_items_join_products,0.49170000000000003,0,True,
benchmark,95,q8_order_items_join_products,0.58699999999999997,0,True,
benchmark,96,q8_order_items_join_products,0.51839999999999997,0,True,
benchmark,97,q8_order_items_join_products,0.48399999999999999,0,True,
benchmark,98,q8_order_items_join_products,0.49170000000000003,0,True,
benchmark,99,q8_order_items_join_products,0.50639999999999996,0,True,
benchmark,100,q8_order_items_join_products,0.503,0,True,
benchmark,101,q8_order_items_join_products,2.2505000000000002,0,True,
benchmark,102,q8_order_items_join_products,1.1895,0,True,
benchmark,103,q8_order_items_join_products,0.92500000000000004,0,True,
benchmark,104,q8_order_items_join_products,0.93420000000000003,0,True,
benchmark,105,q8_order_items_join_products,1.8811,0,True,
benchmark,106,q8_order_items_join_products,0.84670000000000001,0,True,
benchmark,107,q8_order_items_join_products,0.81389999999999996,0,True,
benchmark,108,q8_order_items_join_products,0.73299999999999998,0,True,
benchmark,109,q8_order_items_join_products,0.73699999999999999,0,True,
benchmark,110,q8_order_items_join_products,0.75260000000000005,0,True,
benchmark,111,q8_order_items_join_products,0.69869999999999999,0,True,
benchmark,112,q8_order_items_join_products,0.78959999999999997,0,True,
benchmark,113,q8_order_items_join_products,0.75209999999999999,0,True,
benchmark,114,q8_order_items_join_products,0.76659999999999995,0,True,
benchmark,115,q8_order_items_join_products,0.84199999999999997,0,True,
benchmark,116,q8_order_items_join_products,0.76300000000000001,0,True,
benchmark,117,q8_order_items_join_products,0.75760000000000005,0,True,
benchmark,118,q8_order_items_join_products,0.87860000000000005,0,True,
benchmark,119,q8_order_items_join_products,0.81850000000000001,0,True,
benchmark,120,q8_order_items_join_products,0.86099999999999999,0,True,
benchmark,121,q8_order_items_join_products,0.81850000000000001,0,True,
benchmark,122,q8_order_items_join_products,0.92169999999999996,0,True,
benchmark,123,q8_order_items_join_products,0.75560000000000005,0,True,
benchmark,124,q8_order_items_join_products,0.68710000000000004,0,True,
benchmark,125,q8_order_items_join_products,0.64600000000000002,0,True,
benchmark,126,q8_order_items_join_products,0.69199999999999995,0,True,
benchmark,127,q8_order_items_join_products,0.63859999999999995,0,True,
benchmark,128,q8_order_items_join_products,0.59699999999999998,0,True,
benchmark,129,q8_order_items_join_products,0.64529999999999998,0,True,
benchmark,130,q8_order_items_join_products,0.59960000000000002,0,True,
benchmark,131,q8_order_items_join_products,1.6816,0,True,
benchmark,132,q8_order_items_join_products,0.66610000000000003,0,True,
benchmark,133,q8_order_items_join_products,1.6374,0,True,
benchmark,134,q8_order_items_join_products,0.5575,0,True,
benchmark,135,q8_order_items_join_products,0.62649999999999995,0,True,
benchmark,136,q8_order_items_join_products,0.60660000000000003,0,True,
benchmark,137,q8_order_items_join_products,0.61419999999999997,0,True,
benchmark,138,q8_order_items_join_products,0.63519999999999999,0,True,
benchmark,139,q8_order_items_join_products,0.62109999999999999,0,True,
benchmark,140,q8_order_items_join_products,0.60850000000000004,0,True,
benchmark,141,q8_order_items_join_products,0.62139999999999995,0,True,
benchmark,142,q8_order_items_join_products,0.61850000000000005,0,True,
benchmark,143,q8_order_items_join_products,0.60240000000000005,0,True,
benchmark,144,q8_order_items_join_products,0.58069999999999999,0,True,
benchmark,145,q8_order_items_join_products,0.61350000000000005,0,True,
benchmark,146,q8_order_items_join_products,0.54700000000000004,0,True,
benchmark,147,q8_order_items_join_products,0.57750000000000001,0,True,
benchmark,148,q8_order_items_join_products,1.0900000000000001,0,True,
benchmark,149,q8_order_items_join_products,0.55359999999999998,0,True,
benchmark,150,q8_order_items_join_products,0.57869999999999999,0,True,
benchmark,151,q8_order_items_join_products,0.63480000000000003,0,True,
benchmark,152,q8_order_items_join_products,0.58140000000000003,0,True,
benchmark,153,q8_order_items_join_products,0.59970000000000001,0,True,
benchmark,154,q8_order_items_join_products,0.5544,0,True,
benchmark,155,q8_order_items_join_products,0.57179999999999997,0,True,
benchmark,156,q8_order_items_join_products,0.65180000000000005,0,True,
benchmark,157,q8_order_items_join_products,0.5655,0,True,
benchmark,158,q8_order_items_join_products,0.5413,0,True,
benchmark,159,q8_order_items_join_products,0.54969999999999997,0,True,
benchmark,160,q8_order_items_join_products,0.55559999999999998,0,True,
benchmark,161,q8_order_items_join_products,0.51060000000000005,0,True,
benchmark,162,q8_order_items_join_products,0.52549999999999997,0,True,
benchmark,163,q8_order_items_join_products,0.56000000000000005,0,True,
benchmark,164,q8_order_items_join_products,0.56169999999999998,0,True,
benchmark,165,q8_order_items_join_products,0.67969999999999997,0,True,
benchmark,166,q8_order_items_join_products,0.65500000000000003,0,True,
benchmark,167,q8_order_items_join_products,0.69720000000000004,0,True,
benchmark,168,q8_order_items_join_products,0.60050000000000003,0,True,
benchmark,169,q8_order_items_join_products,0.53749999999999998,0,True,
benchmark,170,q8_order_items_join_products,0.58320000000000005,0,True,
benchmark,171,q8_order_items_join_products,0.52280000000000004,0,True,
benchmark,172,q8_order_items_join_products,0.53269999999999995,0,True,
benchmark,173,q8_order_items_join_products,0.52629999999999999,0,True,
benchmark,174,q8_order_items_join_products,0.49359999999999998,0,True,
benchmark,175,q8_order_items_join_products,0.49630000000000002,0,True,
benchmark,176,q8_order_items_join_products,0.50790000000000002,0,True,
benchmark,177,q8_order_items_join_products,0.4541,0,True,
benchmark,178,q8_order_items_join_products,0.51219999999999999,0,True,
benchmark,179,q8_order_items_join_products,0.52710000000000001,0,True,
benchmark,180,q8_order_items_join_products,0.52949999999999997,0,True,
benchmark,181,q8_order_items_join_products,0.51419999999999999,0,True,
benchmark,182,q8_order_items_join_products,0.53010000000000002,0,True,
benchmark,183,q8_order_items_join_products,0.50360000000000005,0,True,
benchmark,184,q8_order_items_join_products,0.49619999999999997,0,True,
benchmark,185,q8_order_items_join_products,0.52669999999999995,0,True,
benchmark,186,q8_order_items_join_products,0.47939999999999999,0,True,
benchmark,187,q8_order_items_join_products,0.53139999999999998,0,True,
benchmark,188,q8_order_items_join_products,0.54090000000000005,0,True,
benchmark,189,q8_order_items_join_products,0.495,0,True,
benchmark,190,q8_order_items_join_products,0.51249999999999996,0,True,
benchmark,191,q8_order_items_join_products,0.51080000000000003,0,True,
benchmark,192,q8_order_items_join_products,0.495,0,True,
benchmark,193,q8_order_items_join_products,0.48930000000000001,0,True,
benchmark,194,q8_order_items_join_products,0.50209999999999999,0,True,
benchmark,195,q8_order_items_join_products,0.49540000000000001,0,True,
benchmark,196,q8_order_items_join_products,0.49299999999999999,0,True,
benchmark,197,q8_order_items_join_products,0.47070000000000001,0,True,
benchmark,198,q8_order_items_join_products,0.50729999999999997,0,True,
benchmark,199,q8_order_items_join_products,0.44679999999999997,0,True,
benchmark,200,q8_order_items_join_products,0.48349999999999999,0,True,
benchmark,201,q8_order_items_join_products,2.3098000000000001,0,True,
benchmark,202,q8_order_items_join_products,2.3866999999999998,0,True,
benchmark,203,q8_order_items_join_products,1.5525,0,True,
benchmark,204,q8_order_items_join_products,1.3957999999999999,0,True,
benchmark,205,q8_order_items_join_products,1.1132,0,True,
benchmark,206,q8_order_items_join_products,1.2450000000000001,0,True,
benchmark,207,q8_order_items_join_products,1.2559,0,True,
benchmark,208,q8_order_items_join_products,1.1440999999999999,0,True,
benchmark,209,q8_order_items_join_products,1.1095999999999999,0,True,
benchmark,210,q8_order_items_join_products,1.0322,0,True,
benchmark,211,q8_order_items_join_products,1.2165999999999999,0,True,
benchmark,212,q8_order_items_join_products,1.9958,0,True,
benchmark,213,q8_order_items_join_products,1.4999,0,True,
benchmark,214,q8_order_items_join_products,1.4347000000000001,0,True,
benchmark,215,q8_order_items_join_products,1.0114000000000001,0,True,
benchmark,216,q8_order_items_join_products,0.98839999999999995,0,True,
benchmark,217,q8_order_items_join_products,1.2289000000000001,0,True,
benchmark,218,q8_order_items_join_products,0.93920000000000003,0,True,
benchmark,219,q8_order_items_join_products,1.0839000000000001,0,True,
benchmark,220,q8_order_items_join_products,0.87609999999999999,0,True,
benchmark,221,q8_order_items_join_products,0.89280000000000004,0,True,
benchmark,222,q8_order_items_join_products,0.90920000000000001,0,True,
benchmark,223,q8_order_items_join_products,0.83420000000000005,0,True,
benchmark,224,q8_order_items_join_products,0.93200000000000005,0,True,
benchmark,225,q8_order_items_join_products,0.78710000000000002,0,True,
benchmark,226,q8_order_items_join_products,1.4867999999999999,0,True,
benchmark,227,q8_order_items_join_products,2.0152000000000001,0,True,
benchmark,228,q8_order_items_join_products,0.87760000000000005,0,True,
benchmark,229,q8_order_items_join_products,0.82699999999999996,0,True,
benchmark,230,q8_order_items_join_products,1.6930000000000001,0,True,
benchmark,231,q8_order_items_join_products,0.77139999999999997,0,True,
benchmark,232,q8_order_items_join_products,0.70540000000000003,0,True,
benchmark,233,q8_order_items_join_products,0.6895,0,True,
benchmark,234,q8_order_items_join_products,1.3448,0,True,
benchmark,235,q8_order_items_join_products,0.8095,0,True,
benchmark,236,q8_order_items_join_products,0.77710000000000001,0,True,
benchmark,237,q8_order_items_join_products,0.79210000000000003,0,True,
benchmark,238,q8_order_items_join_products,0.75390000000000001,0,True,
benchmark,239,q8_order_items_join_products,0.77739999999999998,0,True,
benchmark,240,q8_order_items_join_products,0.72619999999999996,0,True,
benchmark,241,q8_order_items_join_products,0.72750000000000004,0,True,
benchmark,242,q8_order_items_join_products,0.76100000000000001,0,True,
benchmark,243,q8_order_items_join_products,0.80879999999999996,0,True,
benchmark,244,q8_order_items_join_products,0.69410000000000005,0,True,
benchmark,245,q8_order_items_join_products,0.73939999999999995,0,True,
benchmark,246,q8_order_items_join_products,0.79830000000000001,0,True,
benchmark,247,q8_order_items_join_products,0.71779999999999999,0,True,
benchmark,248,q8_order_items_join_products,0.69279999999999997,0,True,
benchmark,249,q8_order_items_join_products,0.64680000000000004,0,True,
benchmark,250,q8_order_items_join_products,0.72450000000000003,0,True,
benchmark,251,q8_order_items_join_products,0.7036,0,True,
benchmark,252,q8_order_items_join_products,0.70430000000000004,0,True,
benchmark,253,q8_order_items_join_products,0.71419999999999995,0,True,
benchmark,254,q8_order_items_join_products,0.64670000000000005,0,True,
benchmark,255,q8_order_items_join_products,0.85140000000000005,0,True,
benchmark,256,q8_order_items_join_products,0.87409999999999999,0,True,
benchmark,257,q8_order_items_join_products,0.79449999999999998,0,True,
benchmark,258,q8_order_items_join_products,0.85760000000000003,0,True,
benchmark,259,q8_order_items_join_products,0.70489999999999997,0,True,
benchmark,260,q8_order_items_join_products,0.58819999999999995,0,True,
benchmark,261,q8_order_items_join_products,0.59799999999999998,0,True,
benchmark,262,q8_order_items_join_products,0.62680000000000002,0,True,
benchmark,263,q8_order_items_join_products,1.1752,0,True,
benchmark,264,q8_order_items_join_products,1.3238000000000001,0,True,
benchmark,265,q8_order_items_join_products,0.54010000000000002,0,True,
benchmark,266,q8_order_items_join_products,0.6018,0,True,
benchmark,267,q8_order_items_join_products,0.5353,0,True,
benchmark,268,q8_order_items_join_products,0.5484,0,True,
benchmark,269,q8_order_items_join_products,0.56499999999999995,0,True,
benchmark,270,q8_order_items_join_products,2.8447,0,True,
benchmark,271,q8_order_items_join_products,0.59099999999999997,0,True,
benchmark,272,q8_order_items_join_products,0.61680000000000001,0,True,
benchmark,273,q8_order_items_join_products,0.58289999999999997,0,True,
benchmark,274,q8_order_items_join_products,0.5474,0,True,
benchmark,275,q8_order_items_join_products,0.5595,0,True,
benchmark,276,q8_order_items_join_products,0.55600000000000005,0,True,
benchmark,277,q8_order_items_join_products,0.60319999999999996,0,True,
benchmark,278,q8_order_items_join_products,0.55269999999999997,0,True,
benchmark,279,q8_order_items_join_products,0.63260000000000005,0,True,
benchmark,280,q8_order_items_join_products,0.63170000000000004,0,True,
benchmark,281,q8_order_items_join_products,0.56499999999999995,0,True,
benchmark,282,q8_order_items_join_products,0.59130000000000005,0,True,
benchmark,283,q8_order_items_join_products,0.51659999999999995,0,True,
benchmark,284,q8_order_items_join_products,0.54200000000000004,0,True,
benchmark,285,q8_order_items_join_products,0.53249999999999997,0,True,
benchmark,286,q8_order_items_join_products,0.61319999999999997,0,True,
benchmark,287,q8_order_items_join_products,0.74309999999999998,0,True,
benchmark,288,q8_order_items_join_products,0.69450000000000001,0,True,
benchmark,289,q8_order_items_join_products,0.65180000000000005,0,True,
benchmark,290,q8_order_items_join_products,0.68469999999999998,0,True,
benchmark,291,q8_order_items_join_products,0.63449999999999995,0,True,
benchmark,292,q8_order_items_join_products,0.66080000000000005,0,True,
benchmark,293,q8_order_items_join_products,0.6452,0,True,
benchmark,294,q8_order_items_join_products,0.60570000000000002,0,True,
benchmark,295,q8_order_items_join_products,0.61219999999999997,0,True,
benchmark,296,q8_order_items_join_products,0.62719999999999998,0,True,
benchmark,297,q8_order_items_join_products,0.59099999999999997,0,True,
benchmark,298,q8_order_items_join_products,0.57920000000000005,0,True,
benchmark,299,q8_order_items_join_products,0.70030000000000003,0,True,
benchmark,300,q8_order_items_join_products,0.55189999999999995,0,True,
benchmark,301,q8_order_items_join_products,2.4780000000000002,0,True,
benchmark,302,q8_order_items_join_products,1.4958,0,True,
benchmark,303,q8_order_items_join_products,1.248,0,True,
benchmark,304,q8_order_items_join_products,1.0337000000000001,0,True,
benchmark,305,q8_order_items_join_products,1.0205,0,True,
benchmark,306,q8_order_items_join_products,1.0454000000000001,0,True,
benchmark,307,q8_order_items_join_products,1.0210999999999999,0,True,
benchmark,308,q8_order_items_join_products,0.99770000000000003,0,True,
benchmark,309,q8_order_items_join_products,1.1299999999999999,0,True,
benchmark,310,q8_order_items_join_products,0.89380000000000004,0,True,
benchmark,311,q8_order_items_join_products,1.0503,0,True,
benchmark,312,q8_order_items_join_products,1.1437999999999999,0,True,
benchmark,313,q8_order_items_join_products,1.8300000000000001,0,True,
benchmark,314,q8_order_items_join_products,1.5989,0,True,
benchmark,315,q8_order_items_join_products,0.96050000000000002,0,True,
benchmark,316,q8_order_items_join_products,0.9647,0,True,
benchmark,317,q8_order_items_join_products,0.88800000000000001,0,True,
benchmark,318,q8_order_items_join_products,0.75319999999999998,0,True,
benchmark,319,q8_order_items_join_products,0.79179999999999995,0,True,
benchmark,320,q8_order_items_join_products,0.8256,0,True,
benchmark,321,q8_order_items_join_products,0.78739999999999999,0,True,
benchmark,322,q8_order_items_join_products,0.79979999999999996,0,True,
benchmark,323,q8_order_items_join_products,0.71340000000000003,0,True,
benchmark,324,q8_order_items_join_products,0.7268,0,True,
benchmark,325,q8_order_items_join_products,0.80230000000000001,0,True,
benchmark,326,q8_order_items_join_products,0.80559999999999998,0,True,
benchmark,327,q8_order_items_join_products,0.90159999999999996,0,True,
benchmark,328,q8_order_items_join_products,0.64839999999999998,0,True,
benchmark,329,q8_order_items_join_products,0.69879999999999998,0,True,
benchmark,330,q8_order_items_join_products,0.74670000000000003,0,True,
benchmark,331,q8_order_items_join_products,0.72870000000000001,0,True,
benchmark,332,q8_order_items_join_products,0.71699999999999997,0,True,
benchmark,333,q8_order_items_join_products,0.6663,0,True,
benchmark,334,q8_order_items_join_products,0.7147,0,True,
benchmark,335,q8_order_items_join_products,0.83650000000000002,0,True,
benchmark,336,q8_order_items_join_products,0.6996,0,True,
benchmark,337,q8_order_items_join_products,0.66900000000000004,0,True,
benchmark,338,q8_order_items_join_products,0.61560000000000004,0,True,
benchmark,339,q8_order_items_join_products,0.69999999999999996,0,True,
benchmark,340,q8_order_items_join_products,0.68999999999999995,0,True,
benchmark,341,q8_order_items_join_products,0.62339999999999995,0,True,
benchmark,342,q8_order_items_join_products,0.58099999999999996,0,True,
benchmark,343,q8_order_items_join_products,0.64090000000000003,0,True,
benchmark,344,q8_order_items_join_products,0.66110000000000002,0,True,
benchmark,345,q8_order_items_join_products,0.65620000000000001,0,True,
benchmark,346,q8_order_items_join_products,0.70499999999999996,0,True,
benchmark,347,q8_order_items_join_products,0.62360000000000004,0,True,
benchmark,348,q8_order_items_join_products,0.68820000000000003,0,True,
benchmark,349,q8_order_items_join_products,0.67679999999999996,0,True,
benchmark,350,q8_order_items_join_products,0.5968,0,True,
benchmark,351,q8_order_items_join_products,0.61819999999999997,0,True,
benchmark,352,q8_order_items_join_products,0.61270000000000002,0,True,
benchmark,353,q8_order_items_join_products,0.63560000000000005,0,True,
benchmark,354,q8_order_items_join_products,0.5806,0,True,
benchmark,355,q8_order_items_join_products,0.53549999999999998,0,True,
benchmark,356,q8_order_items_join_products,0.63029999999999997,0,True,
benchmark,357,q8_order_items_join_products,0.55320000000000003,0,True,
benchmark,358,q8_order_items_join_products,0.59030000000000005,0,True,
benchmark,359,q8_order_items_join_products,0.55069999999999997,0,True,
benchmark,360,q8_order_items_join_products,0.54759999999999998,0,True,
benchmark,361,q8_order_items_join_products,0.51000000000000001,0,True,
benchmark,362,q8_order_items_join_products,0.54120000000000001,0,True,
benchmark,363,q8_order_items_join_products,0.54210000000000003,0,True,
benchmark,364,q8_order_items_join_products,0.60909999999999997,0,True,
benchmark,365,q8_order_items_join_products,0.53949999999999998,0,True,
benchmark,366,q8_order_items_join_products,0.54520000000000002,0,True,
benchmark,367,q8_order_items_join_products,0.51400000000000001,0,True,
benchmark,368,q8_order_items_join_products,0.69299999999999995,0,True,
benchmark,369,q8_order_items_join_products,0.68859999999999999,0,True,
benchmark,370,q8_order_items_join_products,0.67589999999999995,0,True,
benchmark,371,q8_order_items_join_products,0.63619999999999999,0,True,
benchmark,372,q8_order_items_join_products,0.49370000000000003,0,True,
benchmark,373,q8_order_items_join_products,0.49490000000000001,0,True,
benchmark,374,q8_order_items_join_products,0.50190000000000001,0,True,
benchmark,375,q8_order_items_join_products,0.52490000000000003,0,True,
benchmark,376,q8_order_items_join_products,0.55130000000000001,0,True,
benchmark,377,q8_order_items_join_products,0.56879999999999997,0,True,
benchmark,378,q8_order_items_join_products,0.53659999999999997,0,True,
benchmark,379,q8_order_items_join_products,0.52000000000000002,0,True,
benchmark,380,q8_order_items_join_products,0.4975,0,True,
benchmark,381,q8_order_items_join_products,0.5171,0,True,
benchmark,382,q8_order_items_join_products,0.52429999999999999,0,True,
benchmark,383,q8_order_items_join_products,0.50700000000000001,0,True,
benchmark,384,q8_order_items_join_products,0.51129999999999998,0,True,
benchmark,385,q8_order_items_join_products,0.55649999999999999,0,True,
benchmark,386,q8_order_items_join_products,0.49020000000000002,0,True,
benchmark,387,q8_order_items_join_products,0.50660000000000005,0,True,
benchmark,388,q8_order_items_join_products,0.50129999999999997,0,True,
benchmark,389,q8_order_items_join_products,0.51400000000000001,0,True,
benchmark,390,q8_order_items_join_products,0.51959999999999995,0,True,
benchmark,391,q8_order_items_join_products,0.4733,0,True,
benchmark,392,q8_order_items_join_products,0.5,0,True,
benchmark,393,q8_order_items_join_products,0.45250000000000001,0,True,
benchmark,394,q8_order_items_join_products,0.53759999999999997,0,True,
benchmark,395,q8_order_items_join_products,0.52849999999999997,0,True,
benchmark,396,q8_order_items_join_products,0.4698,0,True,
benchmark,397,q8_order_items_join_products,0.49969999999999998,0,True,
benchmark,398,q8_order_items_join_products,0.48070000000000002,0,True,
benchmark,399,q8_order_items_join_products,0.51690000000000003,0,True,
benchmark,400,q8_order_items_join_products,0.47849999999999998,0,True,
benchmark,401,q8_order_items_join_products,2.6286999999999998,0,True,
benchmark,402,q8_order_items_join_products,1.4555,0,True,
benchmark,403,q8_order_items_join_products,1.3342000000000001,0,True,
benchmark,404,q8_order_items_join_products,1.1462000000000001,0,True,
benchmark,405,q8_order_items_join_products,1.1335,0,True,
benchmark,406,q8_order_items_join_products,1.0604,0,True,
benchmark,407,q8_order_items_join_products,0.92669999999999997,0,True,
benchmark,408,q8_order_items_join_products,1.0888,0,True,
benchmark,409,q8_order_items_join_products,1.6606000000000001,0,True,
benchmark,410,q8_order_items_join_products,1.4554,0,True,
benchmark,411,q8_order_items_join_products,1.4447000000000001,0,True,
benchmark,412,q8_order_items_join_products,1.3461000000000001,0,True,
benchmark,413,q8_order_items_join_products,1.1709000000000001,0,True,
benchmark,414,q8_order_items_join_products,1.0585,0,True,
benchmark,415,q8_order_items_join_products,1.2175,0,True,
benchmark,416,q8_order_items_join_products,1.3994,0,True,
benchmark,417,q8_order_items_join_products,0.95550000000000002,0,True,
benchmark,418,q8_order_items_join_products,0.87970000000000004,0,True,
benchmark,419,q8_order_items_join_products,0.89270000000000005,0,True,
benchmark,420,q8_order_items_join_products,1.0177,0,True,
benchmark,421,q8_order_items_join_products,1.1356999999999999,0,True,
benchmark,422,q8_order_items_join_products,1.6521999999999999,0,True,
benchmark,423,q8_order_items_join_products,0.79620000000000002,0,True,
benchmark,424,q8_order_items_join_products,0.80889999999999995,0,True,
benchmark,425,q8_order_items_join_products,0.82069999999999999,0,True,
benchmark,426,q8_order_items_join_products,0.81940000000000002,0,True,
benchmark,427,q8_order_items_join_products,0.8337,0,True,
benchmark,428,q8_order_items_join_products,0.84550000000000003,0,True,
benchmark,429,q8_order_items_join_products,0.82720000000000005,0,True,
benchmark,430,q8_order_items_join_products,0.90359999999999996,0,True,
benchmark,431,q8_order_items_join_products,0.8669,0,True,
benchmark,432,q8_order_items_join_products,0.74070000000000003,0,True,
benchmark,433,q8_order_items_join_products,0.78790000000000004,0,True,
benchmark,434,q8_order_items_join_products,0.73950000000000005,0,True,
benchmark,435,q8_order_items_join_products,0.74350000000000005,0,True,
benchmark,436,q8_order_items_join_products,0.66610000000000003,0,True,
benchmark,437,q8_order_items_join_products,0.72570000000000001,0,True,
benchmark,438,q8_order_items_join_products,0.72119999999999995,0,True,
benchmark,439,q8_order_items_join_products,0.7077,0,True,
benchmark,440,q8_order_items_join_products,0.78169999999999995,0,True,
benchmark,441,q8_order_items_join_products,0.75280000000000002,0,True,
benchmark,442,q8_order_items_join_products,0.74709999999999999,0,True,
benchmark,443,q8_order_items_join_products,0.75819999999999999,0,True,
benchmark,444,q8_order_items_join_products,0.65439999999999998,0,True,
benchmark,445,q8_order_items_join_products,0.66420000000000001,0,True,
benchmark,446,q8_order_items_join_products,0.69410000000000005,0,True,
benchmark,447,q8_order_items_join_products,0.63400000000000001,0,True,
benchmark,448,q8_order_items_join_products,0.72819999999999996,0,True,
benchmark,449,q8_order_items_join_products,0.71479999999999999,0,True,
benchmark,450,q8_order_items_join_products,0.74309999999999998,0,True,
benchmark,451,q8_order_items_join_products,0.74019999999999997,0,True,
benchmark,452,q8_order_items_join_products,0.6633,0,True,
benchmark,453,q8_order_items_join_products,0.73699999999999999,0,True,
benchmark,454,q8_order_items_join_products,1.4601999999999999,0,True,
benchmark,455,q8_order_items_join_products,0.67869999999999997,0,True,
benchmark,456,q8_order_items_join_products,0.59719999999999995,0,True,
benchmark,457,q8_order_items_join_products,0.59770000000000001,0,True,
benchmark,458,q8_order_items_join_products,0.64080000000000004,0,True,
benchmark,459,q8_order_items_join_products,1.8551,0,True,
benchmark,460,q8_order_items_join_products,0.85309999999999997,0,True,
benchmark,461,q8_order_items_join_products,0.74199999999999999,0,True,
benchmark,462,q8_order_items_join_products,0.84319999999999995,0,True,
benchmark,463,q8_order_items_join_products,0.91200000000000003,0,True,
benchmark,464,q8_order_items_join_products,0.74690000000000001,0,True,
benchmark,465,q8_order_items_join_products,0.76200000000000001,0,True,
benchmark,466,q8_order_items_join_products,0.56440000000000001,0,True,
benchmark,467,q8_order_items_join_products,0.61150000000000004,0,True,
benchmark,468,q8_order_items_join_products,0.57799999999999996,0,True,
benchmark,469,q8_order_items_join_products,0.55259999999999998,0,True,
benchmark,470,q8_order_items_join_products,0.52959999999999996,0,True,
benchmark,471,q8_order_items_join_products,0.57679999999999998,0,True,
benchmark,472,q8_order_items_join_products,0.57020000000000004,0,True,
benchmark,473,q8_order_items_join_products,0.52529999999999999,0,True,
benchmark,474,q8_order_items_join_products,0.50209999999999999,0,True,
benchmark,475,q8_order_items_join_products,0.50449999999999995,0,True,
benchmark,476,q8_order_items_join_products,0.52729999999999999,0,True,
benchmark,477,q8_order_items_join_products,0.47820000000000001,0,True,
benchmark,478,q8_order_items_join_products,0.504,0,True,
benchmark,479,q8_order_items_join_products,0.49070000000000003,0,True,
benchmark,480,q8_order_items_join_products,0.55789999999999995,0,True,
benchmark,481,q8_order_items_join_products,0.51519999999999999,0,True,
benchmark,482,q8_order_items_join_products,0.51849999999999996,0,True,
benchmark,483,q8_order_items_join_products,0.50670000000000004,0,True,
benchmark,484,q8_order_items_join_products,0.50990000000000002,0,True,
benchmark,485,q8_order_items_join_products,0.53180000000000005,0,True,
benchmark,486,q8_order_items_join_products,0.47770000000000001,0,True,
benchmark,487,q8_order_items_join_products,0.52349999999999997,0,True,
benchmark,488,q8_order_items_join_products,0.52849999999999997,0,True,
benchmark,489,q8_order_items_join_products,0.55769999999999997,0,True,
benchmark,490,q8_order_items_join_products,0.53400000000000003,0,True,
benchmark,491,q8_order_items_join_products,0.53820000000000001,0,True,
benchmark,492,q8_order_items_join_products,0.56569999999999998,0,True,
benchmark,493,q8_order_items_join_products,0.54569999999999996,0,True,
benchmark,494,q8_order_items_join_products,0.4879,0,True,
benchmark,495,q8_order_items_join_products,0.54220000000000002,0,True,
benchmark,496,q8_order_items_join_products,0.53469999999999995,0,True,
benchmark,497,q8_order_items_join_products,0.53210000000000002,0,True,
benchmark,498,q8_order_items_join_products,0.52439999999999998,0,True,
benchmark,499,q8_order_items_join_products,0.52969999999999995,0,True,
benchmark,500,q8_order_items_join_products,1.6062000000000001,0,True,
benchmark,501,q8_order_items_join_products,2.5547,0,True,
benchmark,502,q8_order_items_join_products,1.3061,0,True,
benchmark,503,q8_order_items_join_products,1.0811999999999999,0,True,
benchmark,504,q8_order_items_join_products,1.0204,0,True,
benchmark,505,q8_order_items_join_products,0.91049999999999998,0,True,
benchmark,506,q8_order_items_join_products,0.87150000000000005,0,True,
benchmark,507,q8_order_items_join_products,0.84240000000000004,0,True,
benchmark,508,q8_order_items_join_products,1.3177000000000001,0,True,
benchmark,509,q8_order_items_join_products,1.4677,0,True,
benchmark,510,q8_order_items_join_products,1.5754999999999999,0,True,
benchmark,511,q8_order_items_join_products,1.5690999999999999,0,True,
benchmark,512,q8_order_items_join_products,1.2415,0,True,
benchmark,513,q8_order_items_join_products,1.276,0,True,
benchmark,514,q8_order_items_join_products,1.9846999999999999,0,True,
benchmark,515,q8_order_items_join_products,1.2048000000000001,0,True,
benchmark,516,q8_order_items_join_products,1.2176,0,True,
benchmark,517,q8_order_items_join_products,1.3514999999999999,0,True,
benchmark,518,q8_order_items_join_products,1.4187000000000001,0,True,
benchmark,519,q8_order_items_join_products,1.2923,0,True,
benchmark,520,q8_order_items_join_products,1.1588000000000001,0,True,
benchmark,521,q8_order_items_join_products,1.2564,0,True,
benchmark,522,q8_order_items_join_products,0.97440000000000004,0,True,
benchmark,523,q8_order_items_join_products,0.91879999999999995,0,True,
benchmark,524,q8_order_items_join_products,0.85860000000000003,0,True,
benchmark,525,q8_order_items_join_products,1.2971999999999999,0,True,
benchmark,526,q8_order_items_join_products,0.8347,0,True,
benchmark,527,q8_order_items_join_products,0.74750000000000005,0,True,
benchmark,528,q8_order_items_join_products,0.67949999999999999,0,True,
benchmark,529,q8_order_items_join_products,0.6462,0,True,
benchmark,530,q8_order_items_join_products,0.69440000000000002,0,True,
benchmark,531,q8_order_items_join_products,0.72699999999999998,0,True,
benchmark,532,q8_order_items_join_products,0.73819999999999997,0,True,
benchmark,533,q8_order_items_join_products,0.80820000000000003,0,True,
benchmark,534,q8_order_items_join_products,0.97399999999999998,0,True,
benchmark,535,q8_order_items_join_products,1.6156999999999999,0,True,
benchmark,536,q8_order_items_join_products,0.7349,0,True,
benchmark,537,q8_order_items_join_products,0.67500000000000004,0,True,
benchmark,538,q8_order_items_join_products,0.69489999999999996,0,True,
benchmark,539,q8_order_items_join_products,0.70109999999999995,0,True,
benchmark,540,q8_order_items_join_products,0.67420000000000002,0,True,
benchmark,541,q8_order_items_join_products,0.63300000000000001,0,True,
benchmark,542,q8_order_items_join_products,0.65710000000000002,0,True,
benchmark,543,q8_order_items_join_products,0.69030000000000002,0,True,
benchmark,544,q8_order_items_join_products,0.65290000000000004,0,True,
benchmark,545,q8_order_items_join_products,0.69520000000000004,0,True,
benchmark,546,q8_order_items_join_products,0.64900000000000002,0,True,
benchmark,547,q8_order_items_join_products,0.70420000000000005,0,True,
benchmark,548,q8_order_items_join_products,0.60770000000000002,0,True,
benchmark,549,q8_order_items_join_products,0.5675,0,True,
benchmark,550,q8_order_items_join_products,0.63619999999999999,0,True,
benchmark,551,q8_order_items_join_products,0.64400000000000002,0,True,
benchmark,552,q8_order_items_join_products,0.61070000000000002,0,True,
benchmark,553,q8_order_items_join_products,0.57540000000000002,0,True,
benchmark,554,q8_order_items_join_products,0.53800000000000003,0,True,
benchmark,555,q8_order_items_join_products,0.54359999999999997,0,True,
benchmark,556,q8_order_items_join_products,0.55559999999999998,0,True,
benchmark,557,q8_order_items_join_products,0.77490000000000003,0,True,
benchmark,558,q8_order_items_join_products,1.3351999999999999,0,True,
benchmark,559,q8_order_items_join_products,0.73119999999999996,0,True,
benchmark,560,q8_order_items_join_products,0.71499999999999997,0,True,
benchmark,561,q8_order_items_join_products,0.72619999999999996,0,True,
benchmark,562,q8_order_items_join_products,0.86460000000000004,0,True,
benchmark,563,q8_order_items_join_products,0.875,0,True,
benchmark,564,q8_order_items_join_products,0.76090000000000002,0,True,
benchmark,565,q8_order_items_join_products,1.2004999999999999,0,True,
benchmark,566,q8_order_items_join_products,0.82869999999999999,0,True,
benchmark,567,q8_order_items_join_products,0.91300000000000003,0,True,
benchmark,568,q8_order_items_join_products,0.75880000000000003,0,True,
benchmark,569,q8_order_items_join_products,0.63849999999999996,0,True,
benchmark,570,q8_order_items_join_products,0.63149999999999995,0,True,
benchmark,571,q8_order_items_join_products,0.69120000000000004,0,True,
benchmark,572,q8_order_items_join_products,0.65080000000000005,0,True,
benchmark,573,q8_order_items_join_products,0.50649999999999995,0,True,
benchmark,574,q8_order_items_join_products,0.51500000000000001,0,True,
benchmark,575,q8_order_items_join_products,0.47270000000000001,0,True,
benchmark,576,q8_order_items_join_products,0.45250000000000001,0,True,
benchmark,577,q8_order_items_join_products,0.49070000000000003,0,True,
benchmark,578,q8_order_items_join_products,0.4965,0,True,
benchmark,579,q8_order_items_join_products,0.56769999999999998,0,True,
benchmark,580,q8_order_items_join_products,0.51429999999999998,0,True,
benchmark,581,q8_order_items_join_products,0.52900000000000003,0,True,
benchmark,582,q8_order_items_join_products,0.5,0,True,
benchmark,583,q8_order_items_join_products,0.50700000000000001,0,True,
benchmark,584,q8_order_items_join_products,0.502,0,True,
benchmark,585,q8_order_items_join_products,0.46779999999999999,0,True,
benchmark,586,q8_order_items_join_products,0.50580000000000003,0,True,
benchmark,587,q8_order_items_join_products,0.4904,0,True,
benchmark,588,q8_order_items_join_products,0.50580000000000003,0,True,
benchmark,589,q8_order_items_join_products,0.5403,0,True,
benchmark,590,q8_order_items_join_products,0.505,0,True,
benchmark,591,q8_order_items_join_products,0.52569999999999995,0,True,
benchmark,592,q8_order_items_join_products,0.53080000000000005,0,True,
benchmark,593,q8_order_items_join_products,0.53649999999999998,0,True,
benchmark,594,q8_order_items_join_products,0.85599999999999998,0,True,
benchmark,595,q8_order_items_join_products,1.4248000000000001,0,True,
benchmark,596,q8_order_items_join_products,0.51400000000000001,0,True,
benchmark,597,q8_order_items_join_products,0.4839,0,True,
benchmark,598,q8_order_items_join_products,0.52710000000000001,0,True,
benchmark,599,q8_order_items_join_products,0.51319999999999999,0,True,
benchmark,600,q8_order_items_join_products,0.51480000000000004,0,True,
benchmark,601,q8_order_items_join_products,2.8191999999999999,0,True,
benchmark,602,q8_order_items_join_products,1.2622,0,True,
benchmark,603,q8_order_items_join_products,1.2527999999999999,0,True,
benchmark,604,q8_order_items_join_products,2.2400000000000002,0,True,
benchmark,605,q8_order_items_join_products,0.98119999999999996,0,True,
benchmark,606,q8_order_items_join_products,0.93989999999999996,0,True,
benchmark,607,q8_order_items_join_products,0.89990000000000003,0,True,
benchmark,608,q8_order_items_join_products,1.0921000000000001,0,True,
benchmark,609,q8_order_items_join_products,1.4819,0,True,
benchmark,610,q8_order_items_join_products,1.2144999999999999,0,True,
benchmark,611,q8_order_items_join_products,1.2139,0,True,
benchmark,612,q8_order_items_join_products,1.2015,0,True,
benchmark,613,q8_order_items_join_products,1.1849000000000001,0,True,
benchmark,614,q8_order_items_join_products,1.1375999999999999,0,True,
benchmark,615,q8_order_items_join_products,1.1467000000000001,0,True,
benchmark,616,q8_order_items_join_products,1.1265000000000001,0,True,
benchmark,617,q8_order_items_join_products,1.0751999999999999,0,True,
benchmark,618,q8_order_items_join_products,1.2403999999999999,0,True,
benchmark,619,q8_order_items_join_products,1.0673999999999999,0,True,
benchmark,620,q8_order_items_join_products,0.93740000000000001,0,True,
benchmark,621,q8_order_items_join_products,0.87839999999999996,0,True,
benchmark,622,q8_order_items_join_products,0.82289999999999996,0,True,
benchmark,623,q8_order_items_join_products,0.94199999999999995,0,True,
benchmark,624,q8_order_items_join_products,0.90010000000000001,0,True,
benchmark,625,q8_order_items_join_products,0.94279999999999997,0,True,
benchmark,626,q8_order_items_join_products,0.91879999999999995,0,True,
benchmark,627,q8_order_items_join_products,0.89019999999999999,0,True,
benchmark,628,q8_order_items_join_products,0.88419999999999999,0,True,
benchmark,629,q8_order_items_join_products,0.80300000000000005,0,True,
benchmark,630,q8_order_items_join_products,0.75060000000000004,0,True,
benchmark,631,q8_order_items_join_products,0.77070000000000005,0,True,
benchmark,632,q8_order_items_join_products,0.78939999999999999,0,True,
benchmark,633,q8_order_items_join_products,0.80489999999999995,0,True,
benchmark,634,q8_order_items_join_products,0.73319999999999996,0,True,
benchmark,635,q8_order_items_join_products,0.72270000000000001,0,True,
benchmark,636,q8_order_items_join_products,0.7298,0,True,
benchmark,637,q8_order_items_join_products,0.81810000000000005,0,True,
benchmark,638,q8_order_items_join_products,0.7762,0,True,
benchmark,639,q8_order_items_join_products,0.76729999999999998,0,True,
benchmark,640,q8_order_items_join_products,0.72240000000000004,0,True,
benchmark,641,q8_order_items_join_products,0.73519999999999996,0,True,
benchmark,642,q8_order_items_join_products,0.70569999999999999,0,True,
benchmark,643,q8_order_items_join_products,0.70220000000000005,0,True,
benchmark,644,q8_order_items_join_products,0.63990000000000002,0,True,
benchmark,645,q8_order_items_join_products,0.77059999999999995,0,True,
benchmark,646,q8_order_items_join_products,0.69369999999999998,0,True,
benchmark,647,q8_order_items_join_products,0.71050000000000002,0,True,
benchmark,648,q8_order_items_join_products,0.71889999999999998,0,True,
benchmark,649,q8_order_items_join_products,0.68369999999999997,0,True,
benchmark,650,q8_order_items_join_products,0.67989999999999995,0,True,
benchmark,651,q8_order_items_join_products,0.65739999999999998,0,True,
benchmark,652,q8_order_items_join_products,0.65269999999999995,0,True,
benchmark,653,q8_order_items_join_products,0.65000000000000002,0,True,
benchmark,654,q8_order_items_join_products,0.68340000000000001,0,True,
benchmark,655,q8_order_items_join_products,0.62029999999999996,0,True,
benchmark,656,q8_order_items_join_products,0.72050000000000003,0,True,
benchmark,657,q8_order_items_join_products,0.7016,0,True,
benchmark,658,q8_order_items_join_products,0.71789999999999998,0,True,
benchmark,659,q8_order_items_join_products,0.60850000000000004,0,True,
benchmark,660,q8_order_items_join_products,0.64380000000000004,0,True,
benchmark,661,q8_order_items_join_products,0.59140000000000004,0,True,
benchmark,662,q8_order_items_join_products,0.61899999999999999,0,True,
benchmark,663,q8_order_items_join_products,0.63429999999999997,0,True,
benchmark,664,q8_order_items_join_products,0.62409999999999999,0,True,
benchmark,665,q8_order_items_join_products,0.59330000000000005,0,True,
benchmark,666,q8_order_items_join_products,0.59099999999999997,0,True,
benchmark,667,q8_order_items_join_products,0.55879999999999996,0,True,
benchmark,668,q8_order_items_join_products,0.56830000000000003,0,True,
benchmark,669,q8_order_items_join_products,0.51219999999999999,0,True,
benchmark,670,q8_order_items_join_products,0.54479999999999995,0,True,
benchmark,671,q8_order_items_join_products,0.58999999999999997,0,True,
benchmark,672,q8_order_items_join_products,0.61629999999999996,0,True,
benchmark,673,q8_order_items_join_products,0.69750000000000001,0,True,
benchmark,674,q8_order_items_join_products,0.59989999999999999,0,True,
benchmark,675,q8_order_items_join_products,0.5968,0,True,
benchmark,676,q8_order_items_join_products,0.55800000000000005,0,True,
benchmark,677,q8_order_items_join_products,0.55010000000000003,0,True,
benchmark,678,q8_order_items_join_products,0.57220000000000004,0,True,
benchmark,679,q8_order_items_join_products,0.56369999999999998,0,True,
benchmark,680,q8_order_items_join_products,0.5554,0,True,
benchmark,681,q8_order_items_join_products,0.57340000000000002,0,True,
benchmark,682,q8_order_items_join_products,0.53890000000000005,0,True,
benchmark,683,q8_order_items_join_products,0.54620000000000002,0,True,
benchmark,684,q8_order_items_join_products,0.5413,0,True,
benchmark,685,q8_order_items_join_products,0.51729999999999998,0,True,
benchmark,686,q8_order_items_join_products,0.49819999999999998,0,True,
benchmark,687,q8_order_items_join_products,0.61319999999999997,0,True,
benchmark,688,q8_order_items_join_products,0.4859,0,True,
benchmark,689,q8_order_items_join_products,0.52939999999999998,0,True,
benchmark,690,q8_order_items_join_products,0.51170000000000004,0,True,
benchmark,691,q8_order_items_join_products,0.52490000000000003,0,True,
benchmark,692,q8_order_items_join_products,1.2021999999999999,0,True,
benchmark,693,q8_order_items_join_products,0.55430000000000001,0,True,
benchmark,694,q8_order_items_join_products,0.49809999999999999,0,True,
benchmark,695,q8_order_items_join_products,0.56379999999999997,0,True,
benchmark,696,q8_order_items_join_products,0.52959999999999996,0,True,
benchmark,697,q8_order_items_join_products,0.50729999999999997,0,True,
benchmark,698,q8_order_items_join_products,1.2356,0,True,
benchmark,699,q8_order_items_join_products,0.50480000000000003,0,True,
benchmark,700,q8_order_items_join_products,0.4592,0,True,
benchmark,701,q8_order_items_join_products,2.5831,0,True,
benchmark,702,q8_order_items_join_products,1.6752,0,True,
benchmark,703,q8_order_items_join_products,1.4557,0,True,
benchmark,704,q8_order_items_join_products,1.2753000000000001,0,True,
benchmark,705,q8_order_items_join_products,1.1364000000000001,0,True,
benchmark,706,q8_order_items_join_products,1.121,0,True,
benchmark,707,q8_order_items_join_products,1.1352,0,True,
benchmark,708,q8_order_items_join_products,1.1696,0,True,
benchmark,709,q8_order_items_join_products,1.8231999999999999,0,True,
benchmark,710,q8_order_items_join_products,1.022,0,True,
benchmark,711,q8_order_items_join_products,0.98229999999999995,0,True,
benchmark,712,q8_order_items_join_products,1.0401,0,True,
benchmark,713,q8_order_items_join_products,0.9617,0,True,
benchmark,714,q8_order_items_join_products,0.96819999999999995,0,True,
benchmark,715,q8_order_items_join_products,0.95699999999999996,0,True,
benchmark,716,q8_order_items_join_products,0.96220000000000006,0,True,
benchmark,717,q8_order_items_join_products,0.90510000000000002,0,True,
benchmark,718,q8_order_items_join_products,0.99670000000000003,0,True,
benchmark,719,q8_order_items_join_products,0.99690000000000001,0,True,
benchmark,720,q8_order_items_join_products,1.0745,0,True,
benchmark,721,q8_order_items_join_products,0.96989999999999998,0,True,
benchmark,722,q8_order_items_join_products,0.88270000000000004,0,True,
benchmark,723,q8_order_items_join_products,0.92090000000000005,0,True,
benchmark,724,q8_order_items_join_products,0.94899999999999995,0,True,
benchmark,725,q8_order_items_join_products,0.81210000000000004,0,True,
benchmark,726,q8_order_items_join_products,0.82640000000000002,0,True,
benchmark,727,q8_order_items_join_products,1.6135999999999999,0,True,
benchmark,728,q8_order_items_join_products,0.79259999999999997,0,True,
benchmark,729,q8_order_items_join_products,0.77910000000000001,0,True,
benchmark,730,q8_order_items_join_products,0.92249999999999999,0,True,
benchmark,731,q8_order_items_join_products,0.89170000000000005,0,True,
benchmark,732,q8_order_items_join_products,0.77600000000000002,0,True,
benchmark,733,q8_order_items_join_products,0.81730000000000003,0,True,
benchmark,734,q8_order_items_join_products,0.82999999999999996,0,True,
benchmark,735,q8_order_items_join_products,0.76160000000000005,0,True,
benchmark,736,q8_order_items_join_products,0.64390000000000003,0,True,
benchmark,737,q8_order_items_join_products,0.63419999999999999,0,True,
benchmark,738,q8_order_items_join_products,0.71020000000000005,0,True,
benchmark,739,q8_order_items_join_products,0.71689999999999998,0,True,
benchmark,740,q8_order_items_join_products,0.76670000000000005,0,True,
benchmark,741,q8_order_items_join_products,0.74150000000000005,0,True,
benchmark,742,q8_order_items_join_products,0.77249999999999996,0,True,
benchmark,743,q8_order_items_join_products,0.71899999999999997,0,True,
benchmark,744,q8_order_items_join_products,0.81310000000000004,0,True,
benchmark,745,q8_order_items_join_products,1.0617000000000001,0,True,
benchmark,746,q8_order_items_join_products,0.69350000000000001,0,True,
benchmark,747,q8_order_items_join_products,0.74150000000000005,0,True,
benchmark,748,q8_order_items_join_products,0.64939999999999998,0,True,
benchmark,749,q8_order_items_join_products,0.75370000000000004,0,True,
benchmark,750,q8_order_items_join_products,0.76259999999999994,0,True,
benchmark,751,q8_order_items_join_products,0.66539999999999999,0,True,
benchmark,752,q8_order_items_join_products,0.66549999999999998,0,True,
benchmark,753,q8_order_items_join_products,0.65380000000000005,0,True,
benchmark,754,q8_order_items_join_products,0.78649999999999998,0,True,
benchmark,755,q8_order_items_join_products,0.74160000000000004,0,True,
benchmark,756,q8_order_items_join_products,0.73050000000000004,0,True,
benchmark,757,q8_order_items_join_products,0.65669999999999995,0,True,
benchmark,758,q8_order_items_join_products,0.69569999999999999,0,True,
benchmark,759,q8_order_items_join_products,0.66349999999999998,0,True,
benchmark,760,q8_order_items_join_products,0.70520000000000005,0,True,
benchmark,761,q8_order_items_join_products,0.68230000000000002,0,True,
benchmark,762,q8_order_items_join_products,0.65100000000000002,0,True,
benchmark,763,q8_order_items_join_products,0.63470000000000004,0,True,
benchmark,764,q8_order_items_join_products,0.58120000000000005,0,True,
benchmark,765,q8_order_items_join_products,0.55649999999999999,0,True,
benchmark,766,q8_order_items_join_products,0.53420000000000001,0,True,
benchmark,767,q8_order_items_join_products,0.54300000000000004,0,True,
benchmark,768,q8_order_items_join_products,0.59730000000000005,0,True,
benchmark,769,q8_order_items_join_products,0.59530000000000005,0,True,
benchmark,770,q8_order_items_join_products,0.61040000000000005,0,True,
benchmark,771,q8_order_items_join_products,0.51300000000000001,0,True,
benchmark,772,q8_order_items_join_products,0.68120000000000003,0,True,
benchmark,773,q8_order_items_join_products,0.69059999999999999,0,True,
benchmark,774,q8_order_items_join_products,0.6331,0,True,
benchmark,775,q8_order_items_join_products,0.66290000000000004,0,True,
benchmark,776,q8_order_items_join_products,0.53420000000000001,0,True,
benchmark,777,q8_order_items_join_products,0.56100000000000005,0,True,
benchmark,778,q8_order_items_join_products,0.60499999999999998,0,True,
benchmark,779,q8_order_items_join_products,0.51429999999999998,0,True,
benchmark,780,q8_order_items_join_products,0.52639999999999998,0,True,
benchmark,781,q8_order_items_join_products,0.51649999999999996,0,True,
benchmark,782,q8_order_items_join_products,0.53320000000000001,0,True,
benchmark,783,q8_order_items_join_products,0.54590000000000005,0,True,
benchmark,784,q8_order_items_join_products,0.52480000000000004,0,True,
benchmark,785,q8_order_items_join_products,0.53500000000000003,0,True,
benchmark,786,q8_order_items_join_products,0.52190000000000003,0,True,
benchmark,787,q8_order_items_join_products,0.53380000000000005,0,True,
benchmark,788,q8_order_items_join_products,0.48999999999999999,0,True,
benchmark,789,q8_order_items_join_products,0.5444,0,True,
benchmark,790,q8_order_items_join_products,0.51649999999999996,0,True,
benchmark,791,q8_order_items_join_products,0.5484,0,True,
benchmark,792,q8_order_items_join_products,0.5121,0,True,
benchmark,793,q8_order_items_join_products,0.4622,0,True,
benchmark,794,q8_order_items_join_products,0.47599999999999998,0,True,
benchmark,795,q8_order_items_join_products,0.44479999999999997,0,True,
benchmark,796,q8_order_items_join_products,0.49480000000000002,0,True,
benchmark,797,q8_order_items_join_products,0.501,0,True,
benchmark,798,q8_order_items_join_products,0.50070000000000003,0,True,
benchmark,799,q8_order_items_join_products,0.49540000000000001,0,True,
benchmark,800,q8_order_items_join_products,0.50490000000000002,0,True,
benchmark,801,q8_order_items_join_products,2.6112000000000002,0,True,
benchmark,802,q8_order_items_join_products,1.4970000000000001,0,True,
benchmark,803,q8_order_items_join_products,1.1321000000000001,0,True,
benchmark,804,q8_order_items_join_products,2.0194999999999999,0,True,
benchmark,805,q8_order_items_join_products,0.93400000000000005,0,True,
benchmark,806,q8_order_items_join_products,1.7684,0,True,
benchmark,807,q8_order_items_join_products,1.3038000000000001,0,True,
benchmark,808,q8_order_items_join_products,1.2339,0,True,
benchmark,809,q8_order_items_join_products,1.2064999999999999,0,True,
benchmark,810,q8_order_items_join_products,1.1454,0,True,
benchmark,811,q8_order_items_join_products,0.9758,0,True,
benchmark,812,q8_order_items_join_products,0.94910000000000005,0,True,
benchmark,813,q8_order_items_join_products,0.97370000000000001,0,True,
benchmark,814,q8_order_items_join_products,1.1369,0,True,
benchmark,815,q8_order_items_join_products,1.4054,0,True,
benchmark,816,q8_order_items_join_products,1.2149000000000001,0,True,
benchmark,817,q8_order_items_join_products,1.1517999999999999,0,True,
benchmark,818,q8_order_items_join_products,1.3923000000000001,0,True,
benchmark,819,q8_order_items_join_products,1.1746000000000001,0,True,
benchmark,820,q8_order_items_join_products,0.87270000000000003,0,True,
benchmark,821,q8_order_items_join_products,0.87229999999999996,0,True,
benchmark,822,q8_order_items_join_products,0.95209999999999995,0,True,
benchmark,823,q8_order_items_join_products,0.99219999999999997,0,True,
benchmark,824,q8_order_items_join_products,0.86350000000000005,0,True,
benchmark,825,q8_order_items_join_products,0.92230000000000001,0,True,
benchmark,826,q8_order_items_join_products,0.92669999999999997,0,True,
benchmark,827,q8_order_items_join_products,0.86099999999999999,0,True,
benchmark,828,q8_order_items_join_products,0.75570000000000004,0,True,
benchmark,829,q8_order_items_join_products,0.78039999999999998,0,True,
benchmark,830,q8_order_items_join_products,0.76600000000000001,0,True,
benchmark,831,q8_order_items_join_products,0.91180000000000005,0,True,
benchmark,832,q8_order_items_join_products,0.82199999999999995,0,True,
benchmark,833,q8_order_items_join_products,0.85299999999999998,0,True,
benchmark,834,q8_order_items_join_products,0.80479999999999996,0,True,
benchmark,835,q8_order_items_join_products,0.82430000000000003,0,True,
benchmark,836,q8_order_items_join_products,0.88139999999999996,0,True,
benchmark,837,q8_order_items_join_products,0.81169999999999998,0,True,
benchmark,838,q8_order_items_join_products,0.93889999999999996,0,True,
benchmark,839,q8_order_items_join_products,0.68300000000000005,0,True,
benchmark,840,q8_order_items_join_products,2.0232000000000001,0,True,
benchmark,841,q8_order_items_join_products,0.78359999999999996,0,True,
benchmark,842,q8_order_items_join_products,0.70389999999999997,0,True,
benchmark,843,q8_order_items_join_products,0.68320000000000003,0,True,
benchmark,844,q8_order_items_join_products,0.98240000000000005,0,True,
benchmark,845,q8_order_items_join_products,0.65810000000000002,0,True,
benchmark,846,q8_order_items_join_products,0.81569999999999998,0,True,
benchmark,847,q8_order_items_join_products,0.67849999999999999,0,True,
benchmark,848,q8_order_items_join_products,0.61299999999999999,0,True,
benchmark,849,q8_order_items_join_products,0.71050000000000002,0,True,
benchmark,850,q8_order_items_join_products,0.70030000000000003,0,True,
benchmark,851,q8_order_items_join_products,0.79959999999999998,0,True,
benchmark,852,q8_order_items_join_products,0.69369999999999998,0,True,
benchmark,853,q8_order_items_join_products,0.72270000000000001,0,True,
benchmark,854,q8_order_items_join_products,0.64470000000000005,0,True,
benchmark,855,q8_order_items_join_products,0.67969999999999997,0,True,
benchmark,856,q8_order_items_join_products,0.67490000000000006,0,True,
benchmark,857,q8_order_items_join_products,0.69750000000000001,0,True,
benchmark,858,q8_order_items_join_products,0.65569999999999995,0,True,
benchmark,859,q8_order_items_join_products,0.73170000000000002,0,True,
benchmark,860,q8_order_items_join_products,0.68489999999999995,0,True,
benchmark,861,q8_order_items_join_products,0.61219999999999997,0,True,
benchmark,862,q8_order_items_join_products,0.66520000000000001,0,True,
benchmark,863,q8_order_items_join_products,0.69199999999999995,0,True,
benchmark,864,q8_order_items_join_products,0.61839999999999995,0,True,
benchmark,865,q8_order_items_join_products,0.62539999999999996,0,True,
benchmark,866,q8_order_items_join_products,0.57289999999999996,0,True,
benchmark,867,q8_order_items_join_products,0.53820000000000001,0,True,
benchmark,868,q8_order_items_join_products,0.55859999999999999,0,True,
benchmark,869,q8_order_items_join_products,0.55289999999999995,0,True,
benchmark,870,q8_order_items_join_products,0.56679999999999997,0,True,
benchmark,871,q8_order_items_join_products,0.53490000000000004,0,True,
benchmark,872,q8_order_items_join_products,0.57799999999999996,0,True,
benchmark,873,q8_order_items_join_products,0.55979999999999996,0,True,
benchmark,874,q8_order_items_join_products,0.7157,0,True,
benchmark,875,q8_order_items_join_products,0.66979999999999995,0,True,
benchmark,876,q8_order_items_join_products,0.99519999999999997,0,True,
benchmark,877,q8_order_items_join_products,0.54949999999999999,0,True,
benchmark,878,q8_order_items_join_products,0.54690000000000005,0,True,
benchmark,879,q8_order_items_join_products,0.50549999999999995,0,True,
benchmark,880,q8_order_items_join_products,0.56950000000000001,0,True,
benchmark,881,q8_order_items_join_products,0.57240000000000002,0,True,
benchmark,882,q8_order_items_join_products,0.56169999999999998,0,True,
benchmark,883,q8_order_items_join_products,0.57120000000000004,0,True,
benchmark,884,q8_order_items_join_products,0.55110000000000003,0,True,
benchmark,885,q8_order_items_join_products,0.52990000000000004,0,True,
benchmark,886,q8_order_items_join_products,0.55320000000000003,0,True,
benchmark,887,q8_order_items_join_products,0.53449999999999998,0,True,
benchmark,888,q8_order_items_join_products,0.55200000000000005,0,True,
benchmark,889,q8_order_items_join_products,0.49790000000000001,0,True,
benchmark,890,q8_order_items_join_products,0.48070000000000002,0,True,
benchmark,891,q8_order_items_join_products,0.49969999999999998,0,True,
benchmark,892,q8_order_items_join_products,0.5161,0,True,
benchmark,893,q8_order_items_join_products,0.53300000000000003,0,True,
benchmark,894,q8_order_items_join_products,0.55320000000000003,0,True,
benchmark,895,q8_order_items_join_products,0.54449999999999998,0,True,
benchmark,896,q8_order_items_join_products,0.55600000000000005,0,True,
benchmark,897,q8_order_items_join_products,0.55730000000000002,0,True,
benchmark,898,q8_order_items_join_products,0.52470000000000006,0,True,
benchmark,899,q8_order_items_join_products,0.50590000000000002,0,True,
benchmark,900,q8_order_items_join_products,0.51119999999999999,0,True,
benchmark,901,q8_order_items_join_products,2.6758999999999999,0,True,
benchmark,902,q8_order_items_join_products,1.4195,0,True,
benchmark,903,q8_order_items_join_products,1.1634,0,True,
benchmark,904,q8_order_items_join_products,1.0835999999999999,0,True,
benchmark,905,q8_order_items_join_products,0.97609999999999997,0,True,
benchmark,906,q8_order_items_join_products,0.92130000000000001,0,True,
benchmark,907,q8_order_items_join_products,1.5024,0,True,
benchmark,908,q8_order_items_join_products,1.3812,0,True,
benchmark,909,q8_order_items_join_products,1.2742,0,True,
benchmark,910,q8_order_items_join_products,1.2007000000000001,0,True,
benchmark,911,q8_order_items_join_products,1.1164000000000001,0,True,
benchmark,912,q8_order_items_join_products,1.1419999999999999,0,True,
benchmark,913,q8_order_items_join_products,1.0864,0,True,
benchmark,914,q8_order_items_join_products,1.2027000000000001,0,True,
benchmark,915,q8_order_items_join_products,1.3062,0,True,
benchmark,916,q8_order_items_join_products,1.3082,0,True,
benchmark,917,q8_order_items_join_products,1.2613000000000001,0,True,
benchmark,918,q8_order_items_join_products,1.2615000000000001,0,True,
benchmark,919,q8_order_items_join_products,1.1963999999999999,0,True,
benchmark,920,q8_order_items_join_products,1.0399,0,True,
benchmark,921,q8_order_items_join_products,0.93400000000000005,0,True,
benchmark,922,q8_order_items_join_products,0.79700000000000004,0,True,
benchmark,923,q8_order_items_join_products,0.85680000000000001,0,True,
benchmark,924,q8_order_items_join_products,0.89910000000000001,0,True,
benchmark,925,q8_order_items_join_products,2.0785999999999998,0,True,
benchmark,926,q8_order_items_join_products,0.89810000000000001,0,True,
benchmark,927,q8_order_items_join_products,0.86170000000000002,0,True,
benchmark,928,q8_order_items_join_products,0.84630000000000005,0,True,
benchmark,929,q8_order_items_join_products,0.94189999999999996,0,True,
benchmark,930,q8_order_items_join_products,0.86599999999999999,0,True,
benchmark,931,q8_order_items_join_products,0.89939999999999998,0,True,
benchmark,932,q8_order_items_join_products,0.74850000000000005,0,True,
benchmark,933,q8_order_items_join_products,0.79049999999999998,0,True,
benchmark,934,q8_order_items_join_products,0.79649999999999999,0,True,
benchmark,935,q8_order_items_join_products,0.79969999999999997,0,True,
benchmark,936,q8_order_items_join_products,0.7732,0,True,
benchmark,937,q8_order_items_join_products,0.81069999999999998,0,True,
benchmark,938,q8_order_items_join_products,0.78249999999999997,0,True,
benchmark,939,q8_order_items_join_products,0.81610000000000005,0,True,
benchmark,940,q8_order_items_join_products,0.78569999999999995,0,True,
benchmark,941,q8_order_items_join_products,0.81559999999999999,0,True,
benchmark,942,q8_order_items_join_products,0.7208,0,True,
benchmark,943,q8_order_items_join_products,0.69099999999999995,0,True,
benchmark,944,q8_order_items_join_products,0.71040000000000003,0,True,
benchmark,945,q8_order_items_join_products,0.74280000000000002,0,True,
benchmark,946,q8_order_items_join_products,0.75249999999999995,0,True,
benchmark,947,q8_order_items_join_products,0.67230000000000001,0,True,
benchmark,948,q8_order_items_join_products,0.68320000000000003,0,True,
benchmark,949,q8_order_items_join_products,0.63009999999999999,0,True,
benchmark,950,q8_order_items_join_products,0.78300000000000003,0,True,
benchmark,951,q8_order_items_join_products,0.66879999999999995,0,True,
benchmark,952,q8_order_items_join_products,0.74180000000000001,0,True,
benchmark,953,q8_order_items_join_products,0.64190000000000003,0,True,
benchmark,954,q8_order_items_join_products,0.66320000000000001,0,True,
benchmark,955,q8_order_items_join_products,0.74139999999999995,0,True,
benchmark,956,q8_order_items_join_products,0.66969999999999996,0,True,
benchmark,957,q8_order_items_join_products,0.71140000000000003,0,True,
benchmark,958,q8_order_items_join_products,0.67859999999999998,0,True,
benchmark,959,q8_order_items_join_products,0.69340000000000002,0,True,
benchmark,960,q8_order_items_join_products,0.65359999999999996,0,True,
benchmark,961,q8_order_items_join_products,0.68869999999999998,0,True,
benchmark,962,q8_order_items_join_products,0.66100000000000003,0,True,
benchmark,963,q8_order_items_join_products,0.66020000000000001,0,True,
benchmark,964,q8_order_items_join_products,0.60580000000000001,0,True,
benchmark,965,q8_order_items_join_products,0.59789999999999999,0,True,
benchmark,966,q8_order_items_join_products,0.71750000000000003,0,True,
benchmark,967,q8_order_items_join_products,0.627,0,True,
benchmark,968,q8_order_items_join_products,0.60119999999999996,0,True,
benchmark,969,q8_order_items_join_products,0.56399999999999995,0,True,
benchmark,970,q8_order_items_join_products,0.57550000000000001,0,True,
benchmark,971,q8_order_items_join_products,0.62280000000000002,0,True,
benchmark,972,q8_order_items_join_products,0.57169999999999999,0,True,
benchmark,973,q8_order_items_join_products,0.58009999999999995,0,True,
benchmark,974,q8_order_items_join_products,0.50949999999999995,0,True,
benchmark,975,q8_order_items_join_products,0.53190000000000004,0,True,
benchmark,976,q8_order_items_join_products,0.56110000000000004,0,True,
benchmark,977,q8_order_items_join_products,0.58530000000000004,0,True,
benchmark,978,q8_order_items_join_products,0.6502,0,True,
benchmark,979,q8_order_items_join_products,0.54620000000000002,0,True,
benchmark,980,q8_order_items_join_products,1.4585999999999999,0,True,
benchmark,981,q8_order_items_join_products,0.57199999999999995,0,True,
benchmark,982,q8_order_items_join_products,0.53559999999999997,0,True,
benchmark,983,q8_order_items_join_products,0.57110000000000005,0,True,
benchmark,984,q8_order_items_join_products,0.55879999999999996,0,True,
benchmark,985,q8_order_items_join_products,0.55640000000000001,0,True,
benchmark,986,q8_order_items_join_products,0.51329999999999998,0,True,
benchmark,987,q8_order_items_join_products,0.54649999999999999,0,True,
benchmark,988,q8_order_items_join_products,0.55049999999999999,0,True,
benchmark,989,q8_order_items_join_products,0.52210000000000001,0,True,
benchmark,990,q8_order_items_join_products,0.48520000000000002,0,True,
benchmark,991,q8_order_items_join_products,0.50929999999999997,0,True,
benchmark,992,q8_order_items_join_products,0.49380000000000002,0,True,
benchmark,993,q8_order_items_join_products,0.52600000000000002,0,True,
benchmark,994,q8_order_items_join_products,0.54459999999999997,0,True,
benchmark,995,q8_order_items_join_products,0.4945,0,True,
benchmark,996,q8_order_items_join_products,0.57110000000000005,0,True,
benchmark,997,q8_order_items_join_products,0.53669999999999995,0,True,
benchmark,998,q8_order_items_join_products,0.49349999999999999,0,True,
benchmark,999,q8_order_items_join_products,0.51790000000000003,0,True,
benchmark,1000,q8_order_items_join_products,0.4924,0,True,
benchmark,1,q9_orders_items_products_by_user,0.63500000000000001,0,True,
benchmark,2,q9_orders_items_products_by_user,0.57130000000000003,0,True,
benchmark,3,q9_orders_items_products_by_user,0.45679999999999998,0,True,
benchmark,4,q9_orders_items_products_by_user,0.48670000000000002,0,True,
benchmark,5,q9_orders_items_products_by_user,0.44850000000000001,0,True,
benchmark,6,q9_orders_items_products_by_user,0.45590000000000003,0,True,
benchmark,7,q9_orders_items_products_by_user,0.44230000000000003,0,True,
benchmark,8,q9_orders_items_products_by_user,1.2782,0,True,
benchmark,9,q9_orders_items_products_by_user,0.53510000000000002,0,True,
benchmark,10,q9_orders_items_products_by_user,0.52429999999999999,0,True,
benchmark,11,q9_orders_items_products_by_user,0.52859999999999996,0,True,
benchmark,12,q9_orders_items_products_by_user,0.51739999999999997,0,True,
benchmark,13,q9_orders_items_products_by_user,0.65559999999999996,0,True,
benchmark,14,q9_orders_items_products_by_user,0.91049999999999998,0,True,
benchmark,15,q9_orders_items_products_by_user,0.41639999999999999,0,True,
benchmark,16,q9_orders_items_products_by_user,0.40460000000000002,0,True,
benchmark,17,q9_orders_items_products_by_user,0.38219999999999998,0,True,
benchmark,18,q9_orders_items_products_by_user,0.40379999999999999,0,True,
benchmark,19,q9_orders_items_products_by_user,0.39789999999999998,0,True,
benchmark,20,q9_orders_items_products_by_user,0.38540000000000002,0,True,
benchmark,21,q9_orders_items_products_by_user,0.38150000000000001,0,True,
benchmark,22,q9_orders_items_products_by_user,0.37869999999999998,0,True,
benchmark,23,q9_orders_items_products_by_user,0.39950000000000002,0,True,
benchmark,24,q9_orders_items_products_by_user,0.4224,0,True,
benchmark,25,q9_orders_items_products_by_user,0.38369999999999999,0,True,
benchmark,26,q9_orders_items_products_by_user,0.36549999999999999,0,True,
benchmark,27,q9_orders_items_products_by_user,0.32990000000000003,0,True,
benchmark,28,q9_orders_items_products_by_user,0.35649999999999998,0,True,
benchmark,29,q9_orders_items_products_by_user,0.3654,0,True,
benchmark,30,q9_orders_items_products_by_user,0.37840000000000001,0,True,
benchmark,31,q9_orders_items_products_by_user,0.37319999999999998,0,True,
benchmark,32,q9_orders_items_products_by_user,0.36799999999999999,0,True,
benchmark,33,q9_orders_items_products_by_user,0.33710000000000001,0,True,
benchmark,34,q9_orders_items_products_by_user,0.36659999999999998,0,True,
benchmark,35,q9_orders_items_products_by_user,0.41839999999999999,0,True,
benchmark,36,q9_orders_items_products_by_user,0.32790000000000002,0,True,
benchmark,37,q9_orders_items_products_by_user,0.31619999999999998,0,True,
benchmark,38,q9_orders_items_products_by_user,0.32669999999999999,0,True,
benchmark,39,q9_orders_items_products_by_user,0.32150000000000001,0,True,
benchmark,40,q9_orders_items_products_by_user,0.3221,0,True,
benchmark,41,q9_orders_items_products_by_user,0.32719999999999999,0,True,
benchmark,42,q9_orders_items_products_by_user,0.31419999999999998,0,True,
benchmark,43,q9_orders_items_products_by_user,0.32869999999999999,0,True,
benchmark,44,q9_orders_items_products_by_user,0.35560000000000003,0,True,
benchmark,45,q9_orders_items_products_by_user,0.3362,0,True,
benchmark,46,q9_orders_items_products_by_user,0.3402,0,True,
benchmark,47,q9_orders_items_products_by_user,0.33029999999999998,0,True,
benchmark,48,q9_orders_items_products_by_user,0.36220000000000002,0,True,
benchmark,49,q9_orders_items_products_by_user,0.3533,0,True,
benchmark,50,q9_orders_items_products_by_user,0.30830000000000002,0,True,
benchmark,51,q9_orders_items_products_by_user,0.36559999999999998,0,True,
benchmark,52,q9_orders_items_products_by_user,0.31769999999999998,0,True,
benchmark,53,q9_orders_items_products_by_user,0.32829999999999998,0,True,
benchmark,54,q9_orders_items_products_by_user,0.30819999999999997,0,True,
benchmark,55,q9_orders_items_products_by_user,0.35020000000000001,0,True,
benchmark,56,q9_orders_items_products_by_user,0.31480000000000002,0,True,
benchmark,57,q9_orders_items_products_by_user,0.3543,0,True,
benchmark,58,q9_orders_items_products_by_user,0.31730000000000003,0,True,
benchmark,59,q9_orders_items_products_by_user,0.3019,0,True,
benchmark,60,q9_orders_items_products_by_user,0.30299999999999999,0,True,
benchmark,61,q9_orders_items_products_by_user,0.26910000000000001,0,True,
benchmark,62,q9_orders_items_products_by_user,0.29659999999999997,0,True,
benchmark,63,q9_orders_items_products_by_user,0.30809999999999998,0,True,
benchmark,64,q9_orders_items_products_by_user,0.28410000000000002,0,True,
benchmark,65,q9_orders_items_products_by_user,0.31290000000000001,0,True,
benchmark,66,q9_orders_items_products_by_user,0.2954,0,True,
benchmark,67,q9_orders_items_products_by_user,0.31850000000000001,0,True,
benchmark,68,q9_orders_items_products_by_user,0.36280000000000001,0,True,
benchmark,69,q9_orders_items_products_by_user,0.29720000000000002,0,True,
benchmark,70,q9_orders_items_products_by_user,0.31840000000000002,0,True,
benchmark,71,q9_orders_items_products_by_user,0.32740000000000002,0,True,
benchmark,72,q9_orders_items_products_by_user,0.28970000000000001,0,True,
benchmark,73,q9_orders_items_products_by_user,0.3085,0,True,
benchmark,74,q9_orders_items_products_by_user,0.30990000000000001,0,True,
benchmark,75,q9_orders_items_products_by_user,0.30349999999999999,0,True,
benchmark,76,q9_orders_items_products_by_user,0.28639999999999999,0,True,
benchmark,77,q9_orders_items_products_by_user,0.31509999999999999,0,True,
benchmark,78,q9_orders_items_products_by_user,0.27389999999999998,0,True,
benchmark,79,q9_orders_items_products_by_user,0.29430000000000001,0,True,
benchmark,80,q9_orders_items_products_by_user,0.30509999999999998,0,True,
benchmark,81,q9_orders_items_products_by_user,0.2954,0,True,
benchmark,82,q9_orders_items_products_by_user,0.28949999999999998,0,True,
benchmark,83,q9_orders_items_products_by_user,0.29249999999999998,0,True,
benchmark,84,q9_orders_items_products_by_user,0.36149999999999999,0,True,
benchmark,85,q9_orders_items_products_by_user,0.3377,0,True,
benchmark,86,q9_orders_items_products_by_user,0.38400000000000001,0,True,
benchmark,87,q9_orders_items_products_by_user,3.3727,0,True,
benchmark,88,q9_orders_items_products_by_user,0.33250000000000002,0,True,
benchmark,89,q9_orders_items_products_by_user,0.3775,0,True,
benchmark,90,q9_orders_items_products_by_user,0.42270000000000002,0,True,
benchmark,91,q9_orders_items_products_by_user,0.34139999999999998,0,True,
benchmark,92,q9_orders_items_products_by_user,0.31869999999999998,0,True,
benchmark,93,q9_orders_items_products_by_user,0.35439999999999999,0,True,
benchmark,94,q9_orders_items_products_by_user,0.35820000000000002,0,True,
benchmark,95,q9_orders_items_products_by_user,0.31269999999999998,0,True,
benchmark,96,q9_orders_items_products_by_user,0.37669999999999998,0,True,
benchmark,97,q9_orders_items_products_by_user,0.29509999999999997,0,True,
benchmark,98,q9_orders_items_products_by_user,0.33350000000000002,0,True,
benchmark,99,q9_orders_items_products_by_user,0.33779999999999999,0,True,
benchmark,100,q9_orders_items_products_by_user,0.32790000000000002,0,True,
benchmark,101,q9_orders_items_products_by_user,1.6315999999999999,0,True,
benchmark,102,q9_orders_items_products_by_user,0.84730000000000005,0,True,
benchmark,103,q9_orders_items_products_by_user,0.70150000000000001,0,True,
benchmark,104,q9_orders_items_products_by_user,0.62519999999999998,0,True,
benchmark,105,q9_orders_items_products_by_user,0.59250000000000003,0,True,
benchmark,106,q9_orders_items_products_by_user,0.61680000000000001,0,True,
benchmark,107,q9_orders_items_products_by_user,0.54869999999999997,0,True,
benchmark,108,q9_orders_items_products_by_user,0.59850000000000003,0,True,
benchmark,109,q9_orders_items_products_by_user,0.46250000000000002,0,True,
benchmark,110,q9_orders_items_products_by_user,0.52049999999999996,0,True,
benchmark,111,q9_orders_items_products_by_user,0.75209999999999999,0,True,
benchmark,112,q9_orders_items_products_by_user,0.72270000000000001,0,True,
benchmark,113,q9_orders_items_products_by_user,0.54049999999999998,0,True,
benchmark,114,q9_orders_items_products_by_user,0.44479999999999997,0,True,
benchmark,115,q9_orders_items_products_by_user,0.70640000000000003,0,True,
benchmark,116,q9_orders_items_products_by_user,0.70420000000000005,0,True,
benchmark,117,q9_orders_items_products_by_user,0.68069999999999997,0,True,
benchmark,118,q9_orders_items_products_by_user,0.72719999999999996,0,True,
benchmark,119,q9_orders_items_products_by_user,0.76390000000000002,0,True,
benchmark,120,q9_orders_items_products_by_user,0.7056,0,True,
benchmark,121,q9_orders_items_products_by_user,0.59540000000000004,0,True,
benchmark,122,q9_orders_items_products_by_user,0.628,0,True,
benchmark,123,q9_orders_items_products_by_user,0.61719999999999997,0,True,
benchmark,124,q9_orders_items_products_by_user,0.55900000000000005,0,True,
benchmark,125,q9_orders_items_products_by_user,0.56789999999999996,0,True,
benchmark,126,q9_orders_items_products_by_user,0.55089999999999995,0,True,
benchmark,127,q9_orders_items_products_by_user,0.54020000000000001,0,True,
benchmark,128,q9_orders_items_products_by_user,0.503,0,True,
benchmark,129,q9_orders_items_products_by_user,0.48049999999999998,0,True,
benchmark,130,q9_orders_items_products_by_user,0.4778,0,True,
benchmark,131,q9_orders_items_products_by_user,0.47049999999999997,0,True,
benchmark,132,q9_orders_items_products_by_user,0.49159999999999998,0,True,
benchmark,133,q9_orders_items_products_by_user,0.51259999999999994,0,True,
benchmark,134,q9_orders_items_products_by_user,0.46810000000000002,0,True,
benchmark,135,q9_orders_items_products_by_user,0.4592,0,True,
benchmark,136,q9_orders_items_products_by_user,0.46920000000000001,0,True,
benchmark,137,q9_orders_items_products_by_user,0.4677,0,True,
benchmark,138,q9_orders_items_products_by_user,0.48049999999999998,0,True,
benchmark,139,q9_orders_items_products_by_user,0.497,0,True,
benchmark,140,q9_orders_items_products_by_user,0.46300000000000002,0,True,
benchmark,141,q9_orders_items_products_by_user,0.50970000000000004,0,True,
benchmark,142,q9_orders_items_products_by_user,0.47420000000000001,0,True,
benchmark,143,q9_orders_items_products_by_user,0.44590000000000002,0,True,
benchmark,144,q9_orders_items_products_by_user,0.4516,0,True,
benchmark,145,q9_orders_items_products_by_user,0.39860000000000001,0,True,
benchmark,146,q9_orders_items_products_by_user,0.45100000000000001,0,True,
benchmark,147,q9_orders_items_products_by_user,0.42199999999999999,0,True,
benchmark,148,q9_orders_items_products_by_user,0.39340000000000003,0,True,
benchmark,149,q9_orders_items_products_by_user,0.45700000000000002,0,True,
benchmark,150,q9_orders_items_products_by_user,0.41220000000000001,0,True,
benchmark,151,q9_orders_items_products_by_user,1.2323999999999999,0,True,
benchmark,152,q9_orders_items_products_by_user,0.44,0,True,
benchmark,153,q9_orders_items_products_by_user,0.40820000000000001,0,True,
benchmark,154,q9_orders_items_products_by_user,0.38250000000000001,0,True,
benchmark,155,q9_orders_items_products_by_user,0.44119999999999998,0,True,
benchmark,156,q9_orders_items_products_by_user,0.4718,0,True,
benchmark,157,q9_orders_items_products_by_user,0.432,0,True,
benchmark,158,q9_orders_items_products_by_user,0.49730000000000002,0,True,
benchmark,159,q9_orders_items_products_by_user,0.39119999999999999,0,True,
benchmark,160,q9_orders_items_products_by_user,0.42009999999999997,0,True,
benchmark,161,q9_orders_items_products_by_user,0.45019999999999999,0,True,
benchmark,162,q9_orders_items_products_by_user,0.46650000000000003,0,True,
benchmark,163,q9_orders_items_products_by_user,0.37719999999999998,0,True,
benchmark,164,q9_orders_items_products_by_user,0.39150000000000001,0,True,
benchmark,165,q9_orders_items_products_by_user,0.3906,0,True,
benchmark,166,q9_orders_items_products_by_user,0.38590000000000002,0,True,
benchmark,167,q9_orders_items_products_by_user,0.44330000000000003,0,True,
benchmark,168,q9_orders_items_products_by_user,0.40970000000000001,0,True,
benchmark,169,q9_orders_items_products_by_user,0.44159999999999999,0,True,
benchmark,170,q9_orders_items_products_by_user,0.56669999999999998,0,True,
benchmark,171,q9_orders_items_products_by_user,0.42080000000000001,0,True,
benchmark,172,q9_orders_items_products_by_user,0.51819999999999999,0,True,
benchmark,173,q9_orders_items_products_by_user,0.4219,0,True,
benchmark,174,q9_orders_items_products_by_user,0.4647,0,True,
benchmark,175,q9_orders_items_products_by_user,0.40139999999999998,0,True,
benchmark,176,q9_orders_items_products_by_user,0.36570000000000003,0,True,
benchmark,177,q9_orders_items_products_by_user,0.34460000000000002,0,True,
benchmark,178,q9_orders_items_products_by_user,0.37890000000000001,0,True,
benchmark,179,q9_orders_items_products_by_user,0.34429999999999999,0,True,
benchmark,180,q9_orders_items_products_by_user,0.38219999999999998,0,True,
benchmark,181,q9_orders_items_products_by_user,0.34379999999999999,0,True,
benchmark,182,q9_orders_items_products_by_user,0.37240000000000001,0,True,
benchmark,183,q9_orders_items_products_by_user,0.316,0,True,
benchmark,184,q9_orders_items_products_by_user,0.29720000000000002,0,True,
benchmark,185,q9_orders_items_products_by_user,0.33700000000000002,0,True,
benchmark,186,q9_orders_items_products_by_user,0.36870000000000003,0,True,
benchmark,187,q9_orders_items_products_by_user,0.36840000000000001,0,True,
benchmark,188,q9_orders_items_products_by_user,0.36899999999999999,0,True,
benchmark,189,q9_orders_items_products_by_user,0.3306,0,True,
benchmark,190,q9_orders_items_products_by_user,0.33260000000000001,0,True,
benchmark,191,q9_orders_items_products_by_user,0.38329999999999997,0,True,
benchmark,192,q9_orders_items_products_by_user,0.3241,0,True,
benchmark,193,q9_orders_items_products_by_user,0.32019999999999998,0,True,
benchmark,194,q9_orders_items_products_by_user,0.37430000000000002,0,True,
benchmark,195,q9_orders_items_products_by_user,0.3725,0,True,
benchmark,196,q9_orders_items_products_by_user,0.307,0,True,
benchmark,197,q9_orders_items_products_by_user,0.35270000000000001,0,True,
benchmark,198,q9_orders_items_products_by_user,0.39079999999999998,0,True,
benchmark,199,q9_orders_items_products_by_user,0.39689999999999998,0,True,
benchmark,200,q9_orders_items_products_by_user,0.33689999999999998,0,True,
benchmark,201,q9_orders_items_products_by_user,1.5358000000000001,0,True,
benchmark,202,q9_orders_items_products_by_user,0.68289999999999995,0,True,
benchmark,203,q9_orders_items_products_by_user,0.58179999999999998,0,True,
benchmark,204,q9_orders_items_products_by_user,0.48120000000000002,0,True,
benchmark,205,q9_orders_items_products_by_user,0.98619999999999997,0,True,
benchmark,206,q9_orders_items_products_by_user,0.90159999999999996,0,True,
benchmark,207,q9_orders_items_products_by_user,0.62339999999999995,0,True,
benchmark,208,q9_orders_items_products_by_user,0.5786,0,True,
benchmark,209,q9_orders_items_products_by_user,0.5837,0,True,
benchmark,210,q9_orders_items_products_by_user,0.57220000000000004,0,True,
benchmark,211,q9_orders_items_products_by_user,0.55089999999999995,0,True,
benchmark,212,q9_orders_items_products_by_user,0.54139999999999999,0,True,
benchmark,213,q9_orders_items_products_by_user,0.60719999999999996,0,True,
benchmark,214,q9_orders_items_products_by_user,0.58750000000000002,0,True,
benchmark,215,q9_orders_items_products_by_user,0.58289999999999997,0,True,
benchmark,216,q9_orders_items_products_by_user,0.53269999999999995,0,True,
benchmark,217,q9_orders_items_products_by_user,0.63749999999999996,0,True,
benchmark,218,q9_orders_items_products_by_user,0.55720000000000003,0,True,
benchmark,219,q9_orders_items_products_by_user,0.60419999999999996,0,True,
benchmark,220,q9_orders_items_products_by_user,1.0979000000000001,0,True,
benchmark,221,q9_orders_items_products_by_user,0.4955,0,True,
benchmark,222,q9_orders_items_products_by_user,0.48980000000000001,0,True,
benchmark,223,q9_orders_items_products_by_user,0.44419999999999998,0,True,
benchmark,224,q9_orders_items_products_by_user,0.5716,0,True,
benchmark,225,q9_orders_items_products_by_user,0.50860000000000005,0,True,
benchmark,226,q9_orders_items_products_by_user,0.56130000000000002,0,True,
benchmark,227,q9_orders_items_products_by_user,0.47399999999999998,0,True,
benchmark,228,q9_orders_items_products_by_user,0.53249999999999997,0,True,
benchmark,229,q9_orders_items_products_by_user,0.54590000000000005,0,True,
benchmark,230,q9_orders_items_products_by_user,0.49359999999999998,0,True,
benchmark,231,q9_orders_items_products_by_user,0.39400000000000002,0,True,
benchmark,232,q9_orders_items_products_by_user,0.41039999999999999,0,True,
benchmark,233,q9_orders_items_products_by_user,0.41470000000000001,0,True,
benchmark,234,q9_orders_items_products_by_user,0.43930000000000002,0,True,
benchmark,235,q9_orders_items_products_by_user,0.38590000000000002,0,True,
benchmark,236,q9_orders_items_products_by_user,0.39050000000000001,0,True,
benchmark,237,q9_orders_items_products_by_user,0.40670000000000001,0,True,
benchmark,238,q9_orders_items_products_by_user,0.42770000000000002,0,True,
benchmark,239,q9_orders_items_products_by_user,0.60899999999999999,0,True,
benchmark,240,q9_orders_items_products_by_user,0.39129999999999998,0,True,
benchmark,241,q9_orders_items_products_by_user,0.4919,0,True,
benchmark,242,q9_orders_items_products_by_user,0.41010000000000002,0,True,
benchmark,243,q9_orders_items_products_by_user,0.39360000000000001,0,True,
benchmark,244,q9_orders_items_products_by_user,0.40639999999999998,0,True,
benchmark,245,q9_orders_items_products_by_user,0.44800000000000001,0,True,
benchmark,246,q9_orders_items_products_by_user,0.40100000000000002,0,True,
benchmark,247,q9_orders_items_products_by_user,0.44219999999999998,0,True,
benchmark,248,q9_orders_items_products_by_user,0.36899999999999999,0,True,
benchmark,249,q9_orders_items_products_by_user,0.41660000000000003,0,True,
benchmark,250,q9_orders_items_products_by_user,0.80249999999999999,0,True,
benchmark,251,q9_orders_items_products_by_user,0.44390000000000002,0,True,
benchmark,252,q9_orders_items_products_by_user,0.42009999999999997,0,True,
benchmark,253,q9_orders_items_products_by_user,0.3871,0,True,
benchmark,254,q9_orders_items_products_by_user,0.36919999999999997,0,True,
benchmark,255,q9_orders_items_products_by_user,0.33460000000000001,0,True,
benchmark,256,q9_orders_items_products_by_user,0.38400000000000001,0,True,
benchmark,257,q9_orders_items_products_by_user,0.3906,0,True,
benchmark,258,q9_orders_items_products_by_user,0.38550000000000001,0,True,
benchmark,259,q9_orders_items_products_by_user,0.36209999999999998,0,True,
benchmark,260,q9_orders_items_products_by_user,0.36009999999999998,0,True,
benchmark,261,q9_orders_items_products_by_user,0.3538,0,True,
benchmark,262,q9_orders_items_products_by_user,0.35699999999999998,0,True,
benchmark,263,q9_orders_items_products_by_user,0.33529999999999999,0,True,
benchmark,264,q9_orders_items_products_by_user,0.35199999999999998,0,True,
benchmark,265,q9_orders_items_products_by_user,0.35599999999999998,0,True,
benchmark,266,q9_orders_items_products_by_user,0.37119999999999997,0,True,
benchmark,267,q9_orders_items_products_by_user,0.34449999999999997,0,True,
benchmark,268,q9_orders_items_products_by_user,0.36570000000000003,0,True,
benchmark,269,q9_orders_items_products_by_user,0.35489999999999999,0,True,
benchmark,270,q9_orders_items_products_by_user,0.34549999999999997,0,True,
benchmark,271,q9_orders_items_products_by_user,0.3639,0,True,
benchmark,272,q9_orders_items_products_by_user,0.37669999999999998,0,True,
benchmark,273,q9_orders_items_products_by_user,0.37659999999999999,0,True,
benchmark,274,q9_orders_items_products_by_user,0.35599999999999998,0,True,
benchmark,275,q9_orders_items_products_by_user,0.3367,0,True,
benchmark,276,q9_orders_items_products_by_user,0.3266,0,True,
benchmark,277,q9_orders_items_products_by_user,0.33739999999999998,0,True,
benchmark,278,q9_orders_items_products_by_user,0.39950000000000002,0,True,
benchmark,279,q9_orders_items_products_by_user,0.62880000000000003,0,True,
benchmark,280,q9_orders_items_products_by_user,0.39500000000000002,0,True,
benchmark,281,q9_orders_items_products_by_user,0.39439999999999997,0,True,
benchmark,282,q9_orders_items_products_by_user,0.39100000000000001,0,True,
benchmark,283,q9_orders_items_products_by_user,0.40150000000000002,0,True,
benchmark,284,q9_orders_items_products_by_user,0.4516,0,True,
benchmark,285,q9_orders_items_products_by_user,0.3846,0,True,
benchmark,286,q9_orders_items_products_by_user,0.3604,0,True,
benchmark,287,q9_orders_items_products_by_user,0.34329999999999999,0,True,
benchmark,288,q9_orders_items_products_by_user,0.3075,0,True,
benchmark,289,q9_orders_items_products_by_user,0.27479999999999999,0,True,
benchmark,290,q9_orders_items_products_by_user,0.34429999999999999,0,True,
benchmark,291,q9_orders_items_products_by_user,0.31509999999999999,0,True,
benchmark,292,q9_orders_items_products_by_user,0.33250000000000002,0,True,
benchmark,293,q9_orders_items_products_by_user,0.33739999999999998,0,True,
benchmark,294,q9_orders_items_products_by_user,0.33960000000000001,0,True,
benchmark,295,q9_orders_items_products_by_user,0.3271,0,True,
benchmark,296,q9_orders_items_products_by_user,0.29470000000000002,0,True,
benchmark,297,q9_orders_items_products_by_user,1.054,0,True,
benchmark,298,q9_orders_items_products_by_user,0.3085,0,True,
benchmark,299,q9_orders_items_products_by_user,0.34189999999999998,0,True,
benchmark,300,q9_orders_items_products_by_user,0.32319999999999999,0,True,
benchmark,301,q9_orders_items_products_by_user,1.8894,0,True,
benchmark,302,q9_orders_items_products_by_user,0.9345,0,True,
benchmark,303,q9_orders_items_products_by_user,0.91510000000000002,0,True,
benchmark,304,q9_orders_items_products_by_user,0.79259999999999997,0,True,
benchmark,305,q9_orders_items_products_by_user,0.76090000000000002,0,True,
benchmark,306,q9_orders_items_products_by_user,0.64370000000000005,0,True,
benchmark,307,q9_orders_items_products_by_user,0.6431,0,True,
benchmark,308,q9_orders_items_products_by_user,0.63900000000000001,0,True,
benchmark,309,q9_orders_items_products_by_user,0.64400000000000002,0,True,
benchmark,310,q9_orders_items_products_by_user,0.66200000000000003,0,True,
benchmark,311,q9_orders_items_products_by_user,0.56000000000000005,0,True,
benchmark,312,q9_orders_items_products_by_user,0.57769999999999999,0,True,
benchmark,313,q9_orders_items_products_by_user,1.6619999999999999,0,True,
benchmark,314,q9_orders_items_products_by_user,0.49580000000000002,0,True,
benchmark,315,q9_orders_items_products_by_user,0.68100000000000005,0,True,
benchmark,316,q9_orders_items_products_by_user,0.61070000000000002,0,True,
benchmark,317,q9_orders_items_products_by_user,0.58950000000000002,0,True,
benchmark,318,q9_orders_items_products_by_user,0.68359999999999999,0,True,
benchmark,319,q9_orders_items_products_by_user,0.60019999999999996,0,True,
benchmark,320,q9_orders_items_products_by_user,0.46429999999999999,0,True,
benchmark,321,q9_orders_items_products_by_user,0.48130000000000001,0,True,
benchmark,322,q9_orders_items_products_by_user,0.96250000000000002,0,True,
benchmark,323,q9_orders_items_products_by_user,0.75580000000000003,0,True,
benchmark,324,q9_orders_items_products_by_user,0.74039999999999995,0,True,
benchmark,325,q9_orders_items_products_by_user,0.67010000000000003,0,True,
benchmark,326,q9_orders_items_products_by_user,0.66749999999999998,0,True,
benchmark,327,q9_orders_items_products_by_user,0.65900000000000003,0,True,
benchmark,328,q9_orders_items_products_by_user,0.60019999999999996,0,True,
benchmark,329,q9_orders_items_products_by_user,0.64180000000000004,0,True,
benchmark,330,q9_orders_items_products_by_user,0.5625,0,True,
benchmark,331,q9_orders_items_products_by_user,0.51619999999999999,0,True,
benchmark,332,q9_orders_items_products_by_user,0.56479999999999997,0,True,
benchmark,333,q9_orders_items_products_by_user,0.76749999999999996,0,True,
benchmark,334,q9_orders_items_products_by_user,0.4894,0,True,
benchmark,335,q9_orders_items_products_by_user,0.46479999999999999,0,True,
benchmark,336,q9_orders_items_products_by_user,0.55069999999999997,0,True,
benchmark,337,q9_orders_items_products_by_user,0.52590000000000003,0,True,
benchmark,338,q9_orders_items_products_by_user,0.4738,0,True,
benchmark,339,q9_orders_items_products_by_user,0.48599999999999999,0,True,
benchmark,340,q9_orders_items_products_by_user,0.52280000000000004,0,True,
benchmark,341,q9_orders_items_products_by_user,0.43669999999999998,0,True,
benchmark,342,q9_orders_items_products_by_user,0.44190000000000002,0,True,
benchmark,343,q9_orders_items_products_by_user,0.48320000000000002,0,True,
benchmark,344,q9_orders_items_products_by_user,0.39800000000000002,0,True,
benchmark,345,q9_orders_items_products_by_user,0.45300000000000001,0,True,
benchmark,346,q9_orders_items_products_by_user,0.50639999999999996,0,True,
benchmark,347,q9_orders_items_products_by_user,0.38950000000000001,0,True,
benchmark,348,q9_orders_items_products_by_user,0.41560000000000002,0,True,
benchmark,349,q9_orders_items_products_by_user,0.41970000000000002,0,True,
benchmark,350,q9_orders_items_products_by_user,0.49619999999999997,0,True,
benchmark,351,q9_orders_items_products_by_user,0.49530000000000002,0,True,
benchmark,352,q9_orders_items_products_by_user,0.41909999999999997,0,True,
benchmark,353,q9_orders_items_products_by_user,0.46760000000000002,0,True,
benchmark,354,q9_orders_items_products_by_user,0.45639999999999997,0,True,
benchmark,355,q9_orders_items_products_by_user,0.40699999999999997,0,True,
benchmark,356,q9_orders_items_products_by_user,0.48309999999999997,0,True,
benchmark,357,q9_orders_items_products_by_user,0.39190000000000003,0,True,
benchmark,358,q9_orders_items_products_by_user,0.45190000000000002,0,True,
benchmark,359,q9_orders_items_products_by_user,0.37630000000000002,0,True,
benchmark,360,q9_orders_items_products_by_user,0.40720000000000001,0,True,
benchmark,361,q9_orders_items_products_by_user,0.38850000000000001,0,True,
benchmark,362,q9_orders_items_products_by_user,0.58479999999999999,0,True,
benchmark,363,q9_orders_items_products_by_user,0.53249999999999997,0,True,
benchmark,364,q9_orders_items_products_by_user,0.51590000000000003,0,True,
benchmark,365,q9_orders_items_products_by_user,0.54049999999999998,0,True,
benchmark,366,q9_orders_items_products_by_user,0.47020000000000001,0,True,
benchmark,367,q9_orders_items_products_by_user,0.5091,0,True,
benchmark,368,q9_orders_items_products_by_user,0.47870000000000001,0,True,
benchmark,369,q9_orders_items_products_by_user,0.47799999999999998,0,True,
benchmark,370,q9_orders_items_products_by_user,0.41670000000000001,0,True,
benchmark,371,q9_orders_items_products_by_user,0.35339999999999999,0,True,
benchmark,372,q9_orders_items_products_by_user,0.34050000000000002,0,True,
benchmark,373,q9_orders_items_products_by_user,0.33639999999999998,0,True,
benchmark,374,q9_orders_items_products_by_user,0.372,0,True,
benchmark,375,q9_orders_items_products_by_user,0.39629999999999999,0,True,
benchmark,376,q9_orders_items_products_by_user,0.37619999999999998,0,True,
benchmark,377,q9_orders_items_products_by_user,0.37130000000000002,0,True,
benchmark,378,q9_orders_items_products_by_user,0.34820000000000001,0,True,
benchmark,379,q9_orders_items_products_by_user,0.35420000000000001,0,True,
benchmark,380,q9_orders_items_products_by_user,0.38550000000000001,0,True,
benchmark,381,q9_orders_items_products_by_user,0.35310000000000002,0,True,
benchmark,382,q9_orders_items_products_by_user,0.36380000000000001,0,True,
benchmark,383,q9_orders_items_products_by_user,0.33910000000000001,0,True,
benchmark,384,q9_orders_items_products_by_user,0.32819999999999999,0,True,
benchmark,385,q9_orders_items_products_by_user,0.33529999999999999,0,True,
benchmark,386,q9_orders_items_products_by_user,0.34289999999999998,0,True,
benchmark,387,q9_orders_items_products_by_user,0.39389999999999997,0,True,
benchmark,388,q9_orders_items_products_by_user,0.33900000000000002,0,True,
benchmark,389,q9_orders_items_products_by_user,0.3634,0,True,
benchmark,390,q9_orders_items_products_by_user,0.4153,0,True,
benchmark,391,q9_orders_items_products_by_user,0.37180000000000002,0,True,
benchmark,392,q9_orders_items_products_by_user,0.37469999999999998,0,True,
benchmark,393,q9_orders_items_products_by_user,0.35470000000000002,0,True,
benchmark,394,q9_orders_items_products_by_user,0.3805,0,True,
benchmark,395,q9_orders_items_products_by_user,0.34429999999999999,0,True,
benchmark,396,q9_orders_items_products_by_user,0.34760000000000002,0,True,
benchmark,397,q9_orders_items_products_by_user,0.33360000000000001,0,True,
benchmark,398,q9_orders_items_products_by_user,0.32769999999999999,0,True,
benchmark,399,q9_orders_items_products_by_user,0.29570000000000002,0,True,
benchmark,400,q9_orders_items_products_by_user,0.34470000000000001,0,True,
benchmark,401,q9_orders_items_products_by_user,3.1206999999999998,0,True,
benchmark,402,q9_orders_items_products_by_user,0.91169999999999995,0,True,
benchmark,403,q9_orders_items_products_by_user,0.61019999999999996,0,True,
benchmark,404,q9_orders_items_products_by_user,0.58230000000000004,0,True,
benchmark,405,q9_orders_items_products_by_user,0.48659999999999998,0,True,
benchmark,406,q9_orders_items_products_by_user,0.45100000000000001,0,True,
benchmark,407,q9_orders_items_products_by_user,0.47460000000000002,0,True,
benchmark,408,q9_orders_items_products_by_user,0.43309999999999998,0,True,
benchmark,409,q9_orders_items_products_by_user,1.0789,0,True,
benchmark,410,q9_orders_items_products_by_user,0.86109999999999998,0,True,
benchmark,411,q9_orders_items_products_by_user,0.68669999999999998,0,True,
benchmark,412,q9_orders_items_products_by_user,0.59689999999999999,0,True,
benchmark,413,q9_orders_items_products_by_user,0.58320000000000005,0,True,
benchmark,414,q9_orders_items_products_by_user,0.66369999999999996,0,True,
benchmark,415,q9_orders_items_products_by_user,0.62050000000000005,0,True,
benchmark,416,q9_orders_items_products_by_user,0.59809999999999997,0,True,
benchmark,417,q9_orders_items_products_by_user,0.63719999999999999,0,True,
benchmark,418,q9_orders_items_products_by_user,0.65229999999999999,0,True,
benchmark,419,q9_orders_items_products_by_user,0.55679999999999996,0,True,
benchmark,420,q9_orders_items_products_by_user,0.61380000000000001,0,True,
benchmark,421,q9_orders_items_products_by_user,0.64639999999999997,0,True,
benchmark,422,q9_orders_items_products_by_user,0.57899999999999996,0,True,
benchmark,423,q9_orders_items_products_by_user,0.56720000000000004,0,True,
benchmark,424,q9_orders_items_products_by_user,0.50949999999999995,0,True,
benchmark,425,q9_orders_items_products_by_user,0.50439999999999996,0,True,
benchmark,426,q9_orders_items_products_by_user,0.48549999999999999,0,True,
benchmark,427,q9_orders_items_products_by_user,0.504,0,True,
benchmark,428,q9_orders_items_products_by_user,0.54069999999999996,0,True,
benchmark,429,q9_orders_items_products_by_user,0.66400000000000003,0,True,
benchmark,430,q9_orders_items_products_by_user,0.66069999999999995,0,True,
benchmark,431,q9_orders_items_products_by_user,0.48830000000000001,0,True,
benchmark,432,q9_orders_items_products_by_user,0.38069999999999998,0,True,
benchmark,433,q9_orders_items_products_by_user,0.4022,0,True,
benchmark,434,q9_orders_items_products_by_user,0.4587,0,True,
benchmark,435,q9_orders_items_products_by_user,0.47210000000000002,0,True,
benchmark,436,q9_orders_items_products_by_user,0.49009999999999998,0,True,
benchmark,437,q9_orders_items_products_by_user,0.42680000000000001,0,True,
benchmark,438,q9_orders_items_products_by_user,0.47539999999999999,0,True,
benchmark,439,q9_orders_items_products_by_user,0.45900000000000002,0,True,
benchmark,440,q9_orders_items_products_by_user,0.42499999999999999,0,True,
benchmark,441,q9_orders_items_products_by_user,0.46650000000000003,0,True,
benchmark,442,q9_orders_items_products_by_user,0.45800000000000002,0,True,
benchmark,443,q9_orders_items_products_by_user,0.44690000000000002,0,True,
benchmark,444,q9_orders_items_products_by_user,0.4889,0,True,
benchmark,445,q9_orders_items_products_by_user,0.41980000000000001,0,True,
benchmark,446,q9_orders_items_products_by_user,0.48920000000000002,0,True,
benchmark,447,q9_orders_items_products_by_user,0.43719999999999998,0,True,
benchmark,448,q9_orders_items_products_by_user,0.376,0,True,
benchmark,449,q9_orders_items_products_by_user,0.40389999999999998,0,True,
benchmark,450,q9_orders_items_products_by_user,0.41360000000000002,0,True,
benchmark,451,q9_orders_items_products_by_user,0.45029999999999998,0,True,
benchmark,452,q9_orders_items_products_by_user,0.41570000000000001,0,True,
benchmark,453,q9_orders_items_products_by_user,0.41149999999999998,0,True,
benchmark,454,q9_orders_items_products_by_user,0.39500000000000002,0,True,
benchmark,455,q9_orders_items_products_by_user,0.36420000000000002,0,True,
benchmark,456,q9_orders_items_products_by_user,0.50729999999999997,0,True,
benchmark,457,q9_orders_items_products_by_user,0.40649999999999997,0,True,
benchmark,458,q9_orders_items_products_by_user,0.40410000000000001,0,True,
benchmark,459,q9_orders_items_products_by_user,0.35299999999999998,0,True,
benchmark,460,q9_orders_items_products_by_user,0.34370000000000001,0,True,
benchmark,461,q9_orders_items_products_by_user,0.34870000000000001,0,True,
benchmark,462,q9_orders_items_products_by_user,0.37359999999999999,0,True,
benchmark,463,q9_orders_items_products_by_user,0.38369999999999999,0,True,
benchmark,464,q9_orders_items_products_by_user,0.39910000000000001,0,True,
benchmark,465,q9_orders_items_products_by_user,0.36399999999999999,0,True,
benchmark,466,q9_orders_items_products_by_user,1.6561999999999999,0,True,
benchmark,467,q9_orders_items_products_by_user,0.42330000000000001,0,True,
benchmark,468,q9_orders_items_products_by_user,0.36299999999999999,0,True,
benchmark,469,q9_orders_items_products_by_user,0.39279999999999998,0,True,
benchmark,470,q9_orders_items_products_by_user,0.3745,0,True,
benchmark,471,q9_orders_items_products_by_user,0.36499999999999999,0,True,
benchmark,472,q9_orders_items_products_by_user,0.39839999999999998,0,True,
benchmark,473,q9_orders_items_products_by_user,0.44969999999999999,0,True,
benchmark,474,q9_orders_items_products_by_user,0.3412,0,True,
benchmark,475,q9_orders_items_products_by_user,0.33289999999999997,0,True,
benchmark,476,q9_orders_items_products_by_user,0.3468,0,True,
benchmark,477,q9_orders_items_products_by_user,0.37369999999999998,0,True,
benchmark,478,q9_orders_items_products_by_user,0.35859999999999997,0,True,
benchmark,479,q9_orders_items_products_by_user,0.32379999999999998,0,True,
benchmark,480,q9_orders_items_products_by_user,0.3342,0,True,
benchmark,481,q9_orders_items_products_by_user,0.3962,0,True,
benchmark,482,q9_orders_items_products_by_user,0.47489999999999999,0,True,
benchmark,483,q9_orders_items_products_by_user,0.4299,0,True,
benchmark,484,q9_orders_items_products_by_user,0.49669999999999997,0,True,
benchmark,485,q9_orders_items_products_by_user,0.48399999999999999,0,True,
benchmark,486,q9_orders_items_products_by_user,0.50519999999999998,0,True,
benchmark,487,q9_orders_items_products_by_user,0.52139999999999997,0,True,
benchmark,488,q9_orders_items_products_by_user,0.47960000000000003,0,True,
benchmark,489,q9_orders_items_products_by_user,0.438,0,True,
benchmark,490,q9_orders_items_products_by_user,0.35670000000000002,0,True,
benchmark,491,q9_orders_items_products_by_user,0.34539999999999998,0,True,
benchmark,492,q9_orders_items_products_by_user,0.31669999999999998,0,True,
benchmark,493,q9_orders_items_products_by_user,0.32479999999999998,0,True,
benchmark,494,q9_orders_items_products_by_user,0.37019999999999997,0,True,
benchmark,495,q9_orders_items_products_by_user,0.33810000000000001,0,True,
benchmark,496,q9_orders_items_products_by_user,0.40000000000000002,0,True,
benchmark,497,q9_orders_items_products_by_user,0.30399999999999999,0,True,
benchmark,498,q9_orders_items_products_by_user,0.3211,0,True,
benchmark,499,q9_orders_items_products_by_user,0.318,0,True,
benchmark,500,q9_orders_items_products_by_user,0.36449999999999999,0,True,
benchmark,501,q9_orders_items_products_by_user,1.5600000000000001,0,True,
benchmark,502,q9_orders_items_products_by_user,0.80489999999999995,0,True,
benchmark,503,q9_orders_items_products_by_user,0.63360000000000005,0,True,
benchmark,504,q9_orders_items_products_by_user,1.7142999999999999,0,True,
benchmark,505,q9_orders_items_products_by_user,0.65780000000000005,0,True,
benchmark,506,q9_orders_items_products_by_user,0.56899999999999995,0,True,
benchmark,507,q9_orders_items_products_by_user,0.59809999999999997,0,True,
benchmark,508,q9_orders_items_products_by_user,0.57979999999999998,0,True,
benchmark,509,q9_orders_items_products_by_user,0.59530000000000005,0,True,
benchmark,510,q9_orders_items_products_by_user,0.51659999999999995,0,True,
benchmark,511,q9_orders_items_products_by_user,0.52529999999999999,0,True,
benchmark,512,q9_orders_items_products_by_user,0.5726,0,True,
benchmark,513,q9_orders_items_products_by_user,0.52149999999999996,0,True,
benchmark,514,q9_orders_items_products_by_user,0.50319999999999998,0,True,
benchmark,515,q9_orders_items_products_by_user,0.46710000000000002,0,True,
benchmark,516,q9_orders_items_products_by_user,0.44969999999999999,0,True,
benchmark,517,q9_orders_items_products_by_user,0.39860000000000001,0,True,
benchmark,518,q9_orders_items_products_by_user,0.40739999999999998,0,True,
benchmark,519,q9_orders_items_products_by_user,0.56320000000000003,0,True,
benchmark,520,q9_orders_items_products_by_user,0.90649999999999997,0,True,
benchmark,521,q9_orders_items_products_by_user,0.79569999999999996,0,True,
benchmark,522,q9_orders_items_products_by_user,0.65100000000000002,0,True,
benchmark,523,q9_orders_items_products_by_user,0.7157,0,True,
benchmark,524,q9_orders_items_products_by_user,0.63339999999999996,0,True,
benchmark,525,q9_orders_items_products_by_user,0.68959999999999999,0,True,
benchmark,526,q9_orders_items_products_by_user,0.61760000000000004,0,True,
benchmark,527,q9_orders_items_products_by_user,0.66930000000000001,0,True,
benchmark,528,q9_orders_items_products_by_user,0.68049999999999999,0,True,
benchmark,529,q9_orders_items_products_by_user,0.5605,0,True,
benchmark,530,q9_orders_items_products_by_user,0.60919999999999996,0,True,
benchmark,531,q9_orders_items_products_by_user,0.51580000000000004,0,True,
benchmark,532,q9_orders_items_products_by_user,0.49769999999999998,0,True,
benchmark,533,q9_orders_items_products_by_user,0.46870000000000001,0,True,
benchmark,534,q9_orders_items_products_by_user,0.53669999999999995,0,True,
benchmark,535,q9_orders_items_products_by_user,0.68720000000000003,0,True,
benchmark,536,q9_orders_items_products_by_user,0.53800000000000003,0,True,
benchmark,537,q9_orders_items_products_by_user,0.44550000000000001,0,True,
benchmark,538,q9_orders_items_products_by_user,0.48630000000000001,0,True,
benchmark,539,q9_orders_items_products_by_user,0.55410000000000004,0,True,
benchmark,540,q9_orders_items_products_by_user,0.50329999999999997,0,True,
benchmark,541,q9_orders_items_products_by_user,0.54779999999999995,0,True,
benchmark,542,q9_orders_items_products_by_user,0.51980000000000004,0,True,
benchmark,543,q9_orders_items_products_by_user,0.47899999999999998,0,True,
benchmark,544,q9_orders_items_products_by_user,0.53420000000000001,0,True,
benchmark,545,q9_orders_items_products_by_user,0.50970000000000004,0,True,
benchmark,546,q9_orders_items_products_by_user,0.45829999999999999,0,True,
benchmark,547,q9_orders_items_products_by_user,0.50049999999999994,0,True,
benchmark,548,q9_orders_items_products_by_user,0.44290000000000002,0,True,
benchmark,549,q9_orders_items_products_by_user,0.43280000000000002,0,True,
benchmark,550,q9_orders_items_products_by_user,0.46689999999999998,0,True,
benchmark,551,q9_orders_items_products_by_user,0.52010000000000001,0,True,
benchmark,552,q9_orders_items_products_by_user,0.53969999999999996,0,True,
benchmark,553,q9_orders_items_products_by_user,0.49170000000000003,0,True,
benchmark,554,q9_orders_items_products_by_user,0.50260000000000005,0,True,
benchmark,555,q9_orders_items_products_by_user,0.6431,0,True,
benchmark,556,q9_orders_items_products_by_user,0.55869999999999997,0,True,
benchmark,557,q9_orders_items_products_by_user,0.57909999999999995,0,True,
benchmark,558,q9_orders_items_products_by_user,0.4456,0,True,
benchmark,559,q9_orders_items_products_by_user,0.44829999999999998,0,True,
benchmark,560,q9_orders_items_products_by_user,0.42599999999999999,0,True,
benchmark,561,q9_orders_items_products_by_user,0.43330000000000002,0,True,
benchmark,562,q9_orders_items_products_by_user,0.38500000000000001,0,True,
benchmark,563,q9_orders_items_products_by_user,0.37459999999999999,0,True,
benchmark,564,q9_orders_items_products_by_user,0.40949999999999998,0,True,
benchmark,565,q9_orders_items_products_by_user,0.41110000000000002,0,True,
benchmark,566,q9_orders_items_products_by_user,0.38319999999999999,0,True,
benchmark,567,q9_orders_items_products_by_user,0.41389999999999999,0,True,
benchmark,568,q9_orders_items_products_by_user,0.40899999999999997,0,True,
benchmark,569,q9_orders_items_products_by_user,0.44540000000000002,0,True,
benchmark,570,q9_orders_items_products_by_user,0.35170000000000001,0,True,
benchmark,571,q9_orders_items_products_by_user,0.3745,0,True,
benchmark,572,q9_orders_items_products_by_user,0.3448,0,True,
benchmark,573,q9_orders_items_products_by_user,0.3619,0,True,
benchmark,574,q9_orders_items_products_by_user,0.35709999999999997,0,True,
benchmark,575,q9_orders_items_products_by_user,0.3695,0,True,
benchmark,576,q9_orders_items_products_by_user,0.34449999999999997,0,True,
benchmark,577,q9_orders_items_products_by_user,0.37519999999999998,0,True,
benchmark,578,q9_orders_items_products_by_user,0.41060000000000002,0,True,
benchmark,579,q9_orders_items_products_by_user,0.3962,0,True,
benchmark,580,q9_orders_items_products_by_user,0.4002,0,True,
benchmark,581,q9_orders_items_products_by_user,0.36659999999999998,0,True,
benchmark,582,q9_orders_items_products_by_user,0.39290000000000003,0,True,
benchmark,583,q9_orders_items_products_by_user,0.35020000000000001,0,True,
benchmark,584,q9_orders_items_products_by_user,0.31630000000000003,0,True,
benchmark,585,q9_orders_items_products_by_user,0.37090000000000001,0,True,
benchmark,586,q9_orders_items_products_by_user,0.35220000000000001,0,True,
benchmark,587,q9_orders_items_products_by_user,0.39069999999999999,0,True,
benchmark,588,q9_orders_items_products_by_user,0.45529999999999998,0,True,
benchmark,589,q9_orders_items_products_by_user,0.35709999999999997,0,True,
benchmark,590,q9_orders_items_products_by_user,0.36030000000000001,0,True,
benchmark,591,q9_orders_items_products_by_user,0.39900000000000002,0,True,
benchmark,592,q9_orders_items_products_by_user,0.3654,0,True,
benchmark,593,q9_orders_items_products_by_user,0.34499999999999997,0,True,
benchmark,594,q9_orders_items_products_by_user,0.3886,0,True,
benchmark,595,q9_orders_items_products_by_user,0.3281,0,True,
benchmark,596,q9_orders_items_products_by_user,0.33960000000000001,0,True,
benchmark,597,q9_orders_items_products_by_user,0.35260000000000002,0,True,
benchmark,598,q9_orders_items_products_by_user,0.35770000000000002,0,True,
benchmark,599,q9_orders_items_products_by_user,0.33839999999999998,0,True,
benchmark,600,q9_orders_items_products_by_user,0.34599999999999997,0,True,
benchmark,601,q9_orders_items_products_by_user,2.3397000000000001,0,True,
benchmark,602,q9_orders_items_products_by_user,0.8175,0,True,
benchmark,603,q9_orders_items_products_by_user,0.63700000000000001,0,True,
benchmark,604,q9_orders_items_products_by_user,0.63539999999999996,0,True,
benchmark,605,q9_orders_items_products_by_user,0.57689999999999997,0,True,
benchmark,606,q9_orders_items_products_by_user,0.58460000000000001,0,True,
benchmark,607,q9_orders_items_products_by_user,0.56869999999999998,0,True,
benchmark,608,q9_orders_items_products_by_user,0.50919999999999999,0,True,
benchmark,609,q9_orders_items_products_by_user,0.55110000000000003,0,True,
benchmark,610,q9_orders_items_products_by_user,0.48649999999999999,0,True,
benchmark,611,q9_orders_items_products_by_user,0.46529999999999999,0,True,
benchmark,612,q9_orders_items_products_by_user,0.41539999999999999,0,True,
benchmark,613,q9_orders_items_products_by_user,0.38800000000000001,0,True,
benchmark,614,q9_orders_items_products_by_user,0.45040000000000002,0,True,
benchmark,615,q9_orders_items_products_by_user,0.78169999999999995,0,True,
benchmark,616,q9_orders_items_products_by_user,0.67600000000000005,0,True,
benchmark,617,q9_orders_items_products_by_user,0.62419999999999998,0,True,
benchmark,618,q9_orders_items_products_by_user,0.6371,0,True,
benchmark,619,q9_orders_items_products_by_user,1.6920999999999999,0,True,
benchmark,620,q9_orders_items_products_by_user,5.0987999999999998,0,True,
benchmark,621,q9_orders_items_products_by_user,1.9323999999999999,0,True,
benchmark,622,q9_orders_items_products_by_user,0.7228,0,True,
benchmark,623,q9_orders_items_products_by_user,0.52700000000000002,0,True,
benchmark,624,q9_orders_items_products_by_user,0.50780000000000003,0,True,
benchmark,625,q9_orders_items_products_by_user,0.46379999999999999,0,True,
benchmark,626,q9_orders_items_products_by_user,0.44269999999999998,0,True,
benchmark,627,q9_orders_items_products_by_user,0.43619999999999998,0,True,
benchmark,628,q9_orders_items_products_by_user,0.42970000000000003,0,True,
benchmark,629,q9_orders_items_products_by_user,0.38969999999999999,0,True,
benchmark,630,q9_orders_items_products_by_user,0.38940000000000002,0,True,
benchmark,631,q9_orders_items_products_by_user,0.4173,0,True,
benchmark,632,q9_orders_items_products_by_user,0.47570000000000001,0,True,
benchmark,633,q9_orders_items_products_by_user,0.38279999999999997,0,True,
benchmark,634,q9_orders_items_products_by_user,0.3962,0,True,
benchmark,635,q9_orders_items_products_by_user,0.40899999999999997,0,True,
benchmark,636,q9_orders_items_products_by_user,0.42970000000000003,0,True,
benchmark,637,q9_orders_items_products_by_user,0.39150000000000001,0,True,
benchmark,638,q9_orders_items_products_by_user,0.39360000000000001,0,True,
benchmark,639,q9_orders_items_products_by_user,0.38,0,True,
benchmark,640,q9_orders_items_products_by_user,0.39589999999999997,0,True,
benchmark,641,q9_orders_items_products_by_user,0.40639999999999998,0,True,
benchmark,642,q9_orders_items_products_by_user,0.39429999999999998,0,True,
benchmark,643,q9_orders_items_products_by_user,0.41649999999999998,0,True,
benchmark,644,q9_orders_items_products_by_user,0.40250000000000002,0,True,
benchmark,645,q9_orders_items_products_by_user,0.34770000000000001,0,True,
benchmark,646,q9_orders_items_products_by_user,0.32650000000000001,0,True,
benchmark,647,q9_orders_items_products_by_user,0.38100000000000001,0,True,
benchmark,648,q9_orders_items_products_by_user,0.37509999999999999,0,True,
benchmark,649,q9_orders_items_products_by_user,0.34350000000000003,0,True,
benchmark,650,q9_orders_items_products_by_user,0.35980000000000001,0,True,
benchmark,651,q9_orders_items_products_by_user,0.4002,0,True,
benchmark,652,q9_orders_items_products_by_user,0.3392,0,True,
benchmark,653,q9_orders_items_products_by_user,0.34089999999999998,0,True,
benchmark,654,q9_orders_items_products_by_user,0.36649999999999999,0,True,
benchmark,655,q9_orders_items_products_by_user,0.3594,0,True,
benchmark,656,q9_orders_items_products_by_user,0.4093,0,True,
benchmark,657,q9_orders_items_products_by_user,0.3417,0,True,
benchmark,658,q9_orders_items_products_by_user,0.34449999999999997,0,True,
benchmark,659,q9_orders_items_products_by_user,0.37590000000000001,0,True,
benchmark,660,q9_orders_items_products_by_user,0.34300000000000003,0,True,
benchmark,661,q9_orders_items_products_by_user,0.36420000000000002,0,True,
benchmark,662,q9_orders_items_products_by_user,0.36649999999999999,0,True,
benchmark,663,q9_orders_items_products_by_user,0.4037,0,True,
benchmark,664,q9_orders_items_products_by_user,0.36170000000000002,0,True,
benchmark,665,q9_orders_items_products_by_user,1.3102,0,True,
benchmark,666,q9_orders_items_products_by_user,0.43469999999999998,0,True,
benchmark,667,q9_orders_items_products_by_user,0.36230000000000001,0,True,
benchmark,668,q9_orders_items_products_by_user,0.34429999999999999,0,True,
benchmark,669,q9_orders_items_products_by_user,0.35420000000000001,0,True,
benchmark,670,q9_orders_items_products_by_user,0.36609999999999998,0,True,
benchmark,671,q9_orders_items_products_by_user,0.37119999999999997,0,True,
benchmark,672,q9_orders_items_products_by_user,0.35970000000000002,0,True,
benchmark,673,q9_orders_items_products_by_user,0.35439999999999999,0,True,
benchmark,674,q9_orders_items_products_by_user,0.32450000000000001,0,True,
benchmark,675,q9_orders_items_products_by_user,0.34300000000000003,0,True,
benchmark,676,q9_orders_items_products_by_user,0.31030000000000002,0,True,
benchmark,677,q9_orders_items_products_by_user,0.33389999999999997,0,True,
benchmark,678,q9_orders_items_products_by_user,0.35489999999999999,0,True,
benchmark,679,q9_orders_items_products_by_user,0.3448,0,True,
benchmark,680,q9_orders_items_products_by_user,0.32190000000000002,0,True,
benchmark,681,q9_orders_items_products_by_user,0.38419999999999999,0,True,
benchmark,682,q9_orders_items_products_by_user,0.33600000000000002,0,True,
benchmark,683,q9_orders_items_products_by_user,0.32250000000000001,0,True,
benchmark,684,q9_orders_items_products_by_user,0.38279999999999997,0,True,
benchmark,685,q9_orders_items_products_by_user,0.3952,0,True,
benchmark,686,q9_orders_items_products_by_user,0.38950000000000001,0,True,
benchmark,687,q9_orders_items_products_by_user,0.37580000000000002,0,True,
benchmark,688,q9_orders_items_products_by_user,0.379,0,True,
benchmark,689,q9_orders_items_products_by_user,0.39179999999999998,0,True,
benchmark,690,q9_orders_items_products_by_user,0.40400000000000003,0,True,
benchmark,691,q9_orders_items_products_by_user,0.36759999999999998,0,True,
benchmark,692,q9_orders_items_products_by_user,0.38090000000000002,0,True,
benchmark,693,q9_orders_items_products_by_user,0.32800000000000001,0,True,
benchmark,694,q9_orders_items_products_by_user,0.32669999999999999,0,True,
benchmark,695,q9_orders_items_products_by_user,0.32600000000000001,0,True,
benchmark,696,q9_orders_items_products_by_user,0.32090000000000002,0,True,
benchmark,697,q9_orders_items_products_by_user,0.30669999999999997,0,True,
benchmark,698,q9_orders_items_products_by_user,0.31069999999999998,0,True,
benchmark,699,q9_orders_items_products_by_user,0.33339999999999997,0,True,
benchmark,700,q9_orders_items_products_by_user,0.30220000000000002,0,True,
benchmark,701,q9_orders_items_products_by_user,1.2107000000000001,0,True,
benchmark,702,q9_orders_items_products_by_user,0.67620000000000002,0,True,
benchmark,703,q9_orders_items_products_by_user,0.61899999999999999,0,True,
benchmark,704,q9_orders_items_products_by_user,0.76049999999999995,0,True,
benchmark,705,q9_orders_items_products_by_user,0.59340000000000004,0,True,
benchmark,706,q9_orders_items_products_by_user,0.61099999999999999,0,True,
benchmark,707,q9_orders_items_products_by_user,0.56510000000000005,0,True,
benchmark,708,q9_orders_items_products_by_user,0.56169999999999998,0,True,
benchmark,709,q9_orders_items_products_by_user,0.64300000000000002,0,True,
benchmark,710,q9_orders_items_products_by_user,0.62339999999999995,0,True,
benchmark,711,q9_orders_items_products_by_user,0.58489999999999998,0,True,
benchmark,712,q9_orders_items_products_by_user,0.63870000000000005,0,True,
benchmark,713,q9_orders_items_products_by_user,1.0266,0,True,
benchmark,714,q9_orders_items_products_by_user,0.54020000000000001,0,True,
benchmark,715,q9_orders_items_products_by_user,0.54039999999999999,0,True,
benchmark,716,q9_orders_items_products_by_user,0.46379999999999999,0,True,
benchmark,717,q9_orders_items_products_by_user,0.4904,0,True,
benchmark,718,q9_orders_items_products_by_user,0.40389999999999998,0,True,
benchmark,719,q9_orders_items_products_by_user,0.49380000000000002,0,True,
benchmark,720,q9_orders_items_products_by_user,0.44679999999999997,0,True,
benchmark,721,q9_orders_items_products_by_user,0.51280000000000003,0,True,
benchmark,722,q9_orders_items_products_by_user,0.47339999999999999,0,True,
benchmark,723,q9_orders_items_products_by_user,0.46839999999999998,0,True,
benchmark,724,q9_orders_items_products_by_user,0.51929999999999998,0,True,
benchmark,725,q9_orders_items_products_by_user,0.49640000000000001,0,True,
benchmark,726,q9_orders_items_products_by_user,0.52600000000000002,0,True,
benchmark,727,q9_orders_items_products_by_user,0.58399999999999996,0,True,
benchmark,728,q9_orders_items_products_by_user,0.4965,0,True,
benchmark,729,q9_orders_items_products_by_user,0.51500000000000001,0,True,
benchmark,730,q9_orders_items_products_by_user,0.52190000000000003,0,True,
benchmark,731,q9_orders_items_products_by_user,0.51690000000000003,0,True,
benchmark,732,q9_orders_items_products_by_user,0.4965,0,True,
benchmark,733,q9_orders_items_products_by_user,0.41070000000000001,0,True,
benchmark,734,q9_orders_items_products_by_user,0.73150000000000004,0,True,
benchmark,735,q9_orders_items_products_by_user,0.39400000000000002,0,True,
benchmark,736,q9_orders_items_products_by_user,0.46970000000000001,0,True,
benchmark,737,q9_orders_items_products_by_user,0.33729999999999999,0,True,
benchmark,738,q9_orders_items_products_by_user,0.3362,0,True,
benchmark,739,q9_orders_items_products_by_user,0.36559999999999998,0,True,
benchmark,740,q9_orders_items_products_by_user,0.34749999999999998,0,True,
benchmark,741,q9_orders_items_products_by_user,0.34599999999999997,0,True,
benchmark,742,q9_orders_items_products_by_user,0.3589,0,True,
benchmark,743,q9_orders_items_products_by_user,0.3327,0,True,
benchmark,744,q9_orders_items_products_by_user,0.41620000000000001,0,True,
benchmark,745,q9_orders_items_products_by_user,0.40989999999999999,0,True,
benchmark,746,q9_orders_items_products_by_user,0.35049999999999998,0,True,
benchmark,747,q9_orders_items_products_by_user,0.45950000000000002,0,True,
benchmark,748,q9_orders_items_products_by_user,0.39650000000000002,0,True,
benchmark,749,q9_orders_items_products_by_user,0.40310000000000001,0,True,
benchmark,750,q9_orders_items_products_by_user,0.44450000000000001,0,True,
benchmark,751,q9_orders_items_products_by_user,0.38369999999999999,0,True,
benchmark,752,q9_orders_items_products_by_user,0.33410000000000001,0,True,
benchmark,753,q9_orders_items_products_by_user,0.37240000000000001,0,True,
benchmark,754,q9_orders_items_products_by_user,0.35920000000000002,0,True,
benchmark,755,q9_orders_items_products_by_user,0.4153,0,True,
benchmark,756,q9_orders_items_products_by_user,0.3947,0,True,
benchmark,757,q9_orders_items_products_by_user,0.40910000000000002,0,True,
benchmark,758,q9_orders_items_products_by_user,0.44069999999999998,0,True,
benchmark,759,q9_orders_items_products_by_user,0.49230000000000002,0,True,
benchmark,760,q9_orders_items_products_by_user,0.37,0,True,
benchmark,761,q9_orders_items_products_by_user,0.53549999999999998,0,True,
benchmark,762,q9_orders_items_products_by_user,0.4546,0,True,
benchmark,763,q9_orders_items_products_by_user,0.35499999999999998,0,True,
benchmark,764,q9_orders_items_products_by_user,0.35920000000000002,0,True,
benchmark,765,q9_orders_items_products_by_user,0.37669999999999998,0,True,
benchmark,766,q9_orders_items_products_by_user,0.34010000000000001,0,True,
benchmark,767,q9_orders_items_products_by_user,0.31619999999999998,0,True,
benchmark,768,q9_orders_items_products_by_user,0.34010000000000001,0,True,
benchmark,769,q9_orders_items_products_by_user,0.30790000000000001,0,True,
benchmark,770,q9_orders_items_products_by_user,0.34350000000000003,0,True,
benchmark,771,q9_orders_items_products_by_user,0.35420000000000001,0,True,
benchmark,772,q9_orders_items_products_by_user,0.34179999999999999,0,True,
benchmark,773,q9_orders_items_products_by_user,0.36549999999999999,0,True,
benchmark,774,q9_orders_items_products_by_user,0.33289999999999997,0,True,
benchmark,775,q9_orders_items_products_by_user,0.34499999999999997,0,True,
benchmark,776,q9_orders_items_products_by_user,0.35139999999999999,0,True,
benchmark,777,q9_orders_items_products_by_user,0.33139999999999997,0,True,
benchmark,778,q9_orders_items_products_by_user,0.3085,0,True,
benchmark,779,q9_orders_items_products_by_user,0.34410000000000002,0,True,
benchmark,780,q9_orders_items_products_by_user,1.1473,0,True,
benchmark,781,q9_orders_items_products_by_user,0.34799999999999998,0,True,
benchmark,782,q9_orders_items_products_by_user,0.35549999999999998,0,True,
benchmark,783,q9_orders_items_products_by_user,0.33400000000000002,0,True,
benchmark,784,q9_orders_items_products_by_user,0.30009999999999998,0,True,
benchmark,785,q9_orders_items_products_by_user,0.29749999999999999,0,True,
benchmark,786,q9_orders_items_products_by_user,0.36509999999999998,0,True,
benchmark,787,q9_orders_items_products_by_user,0.32300000000000001,0,True,
benchmark,788,q9_orders_items_products_by_user,0.31309999999999999,0,True,
benchmark,789,q9_orders_items_products_by_user,0.36630000000000001,0,True,
benchmark,790,q9_orders_items_products_by_user,0.3417,0,True,
benchmark,791,q9_orders_items_products_by_user,0.29659999999999997,0,True,
benchmark,792,q9_orders_items_products_by_user,0.30659999999999998,0,True,
benchmark,793,q9_orders_items_products_by_user,0.31369999999999998,0,True,
benchmark,794,q9_orders_items_products_by_user,0.3332,0,True,
benchmark,795,q9_orders_items_products_by_user,0.2727,0,True,
benchmark,796,q9_orders_items_products_by_user,0.29770000000000002,0,True,
benchmark,797,q9_orders_items_products_by_user,0.3211,0,True,
benchmark,798,q9_orders_items_products_by_user,0.28410000000000002,0,True,
benchmark,799,q9_orders_items_products_by_user,0.3261,0,True,
benchmark,800,q9_orders_items_products_by_user,0.33479999999999999,0,True,
benchmark,801,q9_orders_items_products_by_user,2.1549999999999998,0,True,
benchmark,802,q9_orders_items_products_by_user,0.90700000000000003,0,True,
benchmark,803,q9_orders_items_products_by_user,0.71660000000000001,0,True,
benchmark,804,q9_orders_items_products_by_user,0.65480000000000005,0,True,
benchmark,805,q9_orders_items_products_by_user,0.65880000000000005,0,True,
benchmark,806,q9_orders_items_products_by_user,0.59450000000000003,0,True,
benchmark,807,q9_orders_items_products_by_user,0.62070000000000003,0,True,
benchmark,808,q9_orders_items_products_by_user,0.64329999999999998,0,True,
benchmark,809,q9_orders_items_products_by_user,1.8869,0,True,
benchmark,810,q9_orders_items_products_by_user,0.64090000000000003,0,True,
benchmark,811,q9_orders_items_products_by_user,0.62019999999999997,0,True,
benchmark,812,q9_orders_items_products_by_user,0.61399999999999999,0,True,
benchmark,813,q9_orders_items_products_by_user,0.60270000000000001,0,True,
benchmark,814,q9_orders_items_products_by_user,0.59009999999999996,0,True,
benchmark,815,q9_orders_items_products_by_user,0.5897,0,True,
benchmark,816,q9_orders_items_products_by_user,0.62590000000000001,0,True,
benchmark,817,q9_orders_items_products_by_user,0.56030000000000002,0,True,
benchmark,818,q9_orders_items_products_by_user,0.78510000000000002,0,True,
benchmark,819,q9_orders_items_products_by_user,0.58709999999999996,0,True,
benchmark,820,q9_orders_items_products_by_user,0.60540000000000005,0,True,
benchmark,821,q9_orders_items_products_by_user,0.57450000000000001,0,True,
benchmark,822,q9_orders_items_products_by_user,0.55879999999999996,0,True,
benchmark,823,q9_orders_items_products_by_user,0.55579999999999996,0,True,
benchmark,824,q9_orders_items_products_by_user,0.51329999999999998,0,True,
benchmark,825,q9_orders_items_products_by_user,0.498,0,True,
benchmark,826,q9_orders_items_products_by_user,0.50839999999999996,0,True,
benchmark,827,q9_orders_items_products_by_user,0.49559999999999998,0,True,
benchmark,828,q9_orders_items_products_by_user,0.46820000000000001,0,True,
benchmark,829,q9_orders_items_products_by_user,0.50249999999999995,0,True,
benchmark,830,q9_orders_items_products_by_user,0.504,0,True,
benchmark,831,q9_orders_items_products_by_user,0.47120000000000001,0,True,
benchmark,832,q9_orders_items_products_by_user,0.47970000000000002,0,True,
benchmark,833,q9_orders_items_products_by_user,0.53639999999999999,0,True,
benchmark,834,q9_orders_items_products_by_user,1.0335000000000001,0,True,
benchmark,835,q9_orders_items_products_by_user,1.2325999999999999,0,True,
benchmark,836,q9_orders_items_products_by_user,0.56820000000000004,0,True,
benchmark,837,q9_orders_items_products_by_user,0.54300000000000004,0,True,
benchmark,838,q9_orders_items_products_by_user,0.5393,0,True,
benchmark,839,q9_orders_items_products_by_user,0.51049999999999995,0,True,
benchmark,840,q9_orders_items_products_by_user,0.56120000000000003,0,True,
benchmark,841,q9_orders_items_products_by_user,0.51129999999999998,0,True,
benchmark,842,q9_orders_items_products_by_user,0.4582,0,True,
benchmark,843,q9_orders_items_products_by_user,0.47070000000000001,0,True,
benchmark,844,q9_orders_items_products_by_user,0.49569999999999997,0,True,
benchmark,845,q9_orders_items_products_by_user,0.44929999999999998,0,True,
benchmark,846,q9_orders_items_products_by_user,0.54390000000000005,0,True,
benchmark,847,q9_orders_items_products_by_user,0.48420000000000002,0,True,
benchmark,848,q9_orders_items_products_by_user,0.40949999999999998,0,True,
benchmark,849,q9_orders_items_products_by_user,0.47720000000000001,0,True,
benchmark,850,q9_orders_items_products_by_user,0.41720000000000002,0,True,
benchmark,851,q9_orders_items_products_by_user,0.50129999999999997,0,True,
benchmark,852,q9_orders_items_products_by_user,0.49159999999999998,0,True,
benchmark,853,q9_orders_items_products_by_user,0.4708,0,True,
benchmark,854,q9_orders_items_products_by_user,0.44490000000000002,0,True,
benchmark,855,q9_orders_items_products_by_user,0.48470000000000002,0,True,
benchmark,856,q9_orders_items_products_by_user,0.40610000000000002,0,True,
benchmark,857,q9_orders_items_products_by_user,0.46879999999999999,0,True,
benchmark,858,q9_orders_items_products_by_user,0.40350000000000003,0,True,
benchmark,859,q9_orders_items_products_by_user,0.42870000000000003,0,True,
benchmark,860,q9_orders_items_products_by_user,0.3962,0,True,
benchmark,861,q9_orders_items_products_by_user,0.39510000000000001,0,True,
benchmark,862,q9_orders_items_products_by_user,0.37240000000000001,0,True,
benchmark,863,q9_orders_items_products_by_user,0.43930000000000002,0,True,
benchmark,864,q9_orders_items_products_by_user,0.37069999999999997,0,True,
benchmark,865,q9_orders_items_products_by_user,0.42559999999999998,0,True,
benchmark,866,q9_orders_items_products_by_user,0.39660000000000001,0,True,
benchmark,867,q9_orders_items_products_by_user,0.40739999999999998,0,True,
benchmark,868,q9_orders_items_products_by_user,0.38719999999999999,0,True,
benchmark,869,q9_orders_items_products_by_user,0.40479999999999999,0,True,
benchmark,870,q9_orders_items_products_by_user,0.35749999999999998,0,True,
benchmark,871,q9_orders_items_products_by_user,0.35420000000000001,0,True,
benchmark,872,q9_orders_items_products_by_user,0.39190000000000003,0,True,
benchmark,873,q9_orders_items_products_by_user,0.46820000000000001,0,True,
benchmark,874,q9_orders_items_products_by_user,0.36399999999999999,0,True,
benchmark,875,q9_orders_items_products_by_user,0.39429999999999998,0,True,
benchmark,876,q9_orders_items_products_by_user,0.37969999999999998,0,True,
benchmark,877,q9_orders_items_products_by_user,0.32069999999999999,0,True,
benchmark,878,q9_orders_items_products_by_user,0.35370000000000001,0,True,
benchmark,879,q9_orders_items_products_by_user,0.44850000000000001,0,True,
benchmark,880,q9_orders_items_products_by_user,0.38129999999999997,0,True,
benchmark,881,q9_orders_items_products_by_user,0.3533,0,True,
benchmark,882,q9_orders_items_products_by_user,0.41249999999999998,0,True,
benchmark,883,q9_orders_items_products_by_user,0.34339999999999998,0,True,
benchmark,884,q9_orders_items_products_by_user,0.35959999999999998,0,True,
benchmark,885,q9_orders_items_products_by_user,0.37340000000000001,0,True,
benchmark,886,q9_orders_items_products_by_user,0.38479999999999998,0,True,
benchmark,887,q9_orders_items_products_by_user,0.38750000000000001,0,True,
benchmark,888,q9_orders_items_products_by_user,0.49380000000000002,0,True,
benchmark,889,q9_orders_items_products_by_user,0.43759999999999999,0,True,
benchmark,890,q9_orders_items_products_by_user,0.40100000000000002,0,True,
benchmark,891,q9_orders_items_products_by_user,0.48349999999999999,0,True,
benchmark,892,q9_orders_items_products_by_user,0.48999999999999999,0,True,
benchmark,893,q9_orders_items_products_by_user,0.4294,0,True,
benchmark,894,q9_orders_items_products_by_user,0.48470000000000002,0,True,
benchmark,895,q9_orders_items_products_by_user,0.4446,0,True,
benchmark,896,q9_orders_items_products_by_user,0.40579999999999999,0,True,
benchmark,897,q9_orders_items_products_by_user,0.33229999999999998,0,True,
benchmark,898,q9_orders_items_products_by_user,0.32319999999999999,0,True,
benchmark,899,q9_orders_items_products_by_user,3.5922999999999998,0,True,
benchmark,900,q9_orders_items_products_by_user,0.31369999999999998,0,True,
benchmark,901,q9_orders_items_products_by_user,1.831,0,True,
benchmark,902,q9_orders_items_products_by_user,0.87929999999999997,0,True,
benchmark,903,q9_orders_items_products_by_user,0.75590000000000002,0,True,
benchmark,904,q9_orders_items_products_by_user,0.64559999999999995,0,True,
benchmark,905,q9_orders_items_products_by_user,0.65329999999999999,0,True,
benchmark,906,q9_orders_items_products_by_user,0.62619999999999998,0,True,
benchmark,907,q9_orders_items_products_by_user,0.60399999999999998,0,True,
benchmark,908,q9_orders_items_products_by_user,0.65639999999999998,0,True,
benchmark,909,q9_orders_items_products_by_user,0.55659999999999998,0,True,
benchmark,910,q9_orders_items_products_by_user,0.67479999999999996,0,True,
benchmark,911,q9_orders_items_products_by_user,0.53129999999999999,0,True,
benchmark,912,q9_orders_items_products_by_user,0.47370000000000001,0,True,
benchmark,913,q9_orders_items_products_by_user,0.498,0,True,
benchmark,914,q9_orders_items_products_by_user,0.51739999999999997,0,True,
benchmark,915,q9_orders_items_products_by_user,0.95830000000000004,0,True,
benchmark,916,q9_orders_items_products_by_user,1.2226999999999999,0,True,
benchmark,917,q9_orders_items_products_by_user,0.77049999999999996,0,True,
benchmark,918,q9_orders_items_products_by_user,0.68120000000000003,0,True,
benchmark,919,q9_orders_items_products_by_user,0.73850000000000005,0,True,
benchmark,920,q9_orders_items_products_by_user,0.71970000000000001,0,True,
benchmark,921,q9_orders_items_products_by_user,0.63249999999999995,0,True,
benchmark,922,q9_orders_items_products_by_user,0.66279999999999994,0,True,
benchmark,923,q9_orders_items_products_by_user,0.63400000000000001,0,True,
benchmark,924,q9_orders_items_products_by_user,0.61970000000000003,0,True,
benchmark,925,q9_orders_items_products_by_user,0.62980000000000003,0,True,
benchmark,926,q9_orders_items_products_by_user,0.65159999999999996,0,True,
benchmark,927,q9_orders_items_products_by_user,0.67569999999999997,0,True,
benchmark,928,q9_orders_items_products_by_user,0.62919999999999998,0,True,
benchmark,929,q9_orders_items_products_by_user,0.52669999999999995,0,True,
benchmark,930,q9_orders_items_products_by_user,0.53820000000000001,0,True,
benchmark,931,q9_orders_items_products_by_user,0.49170000000000003,0,True,
benchmark,932,q9_orders_items_products_by_user,0.51359999999999995,0,True,
benchmark,933,q9_orders_items_products_by_user,0.4778,0,True,
benchmark,934,q9_orders_items_products_by_user,0.56559999999999999,0,True,
benchmark,935,q9_orders_items_products_by_user,0.70599999999999996,0,True,
benchmark,936,q9_orders_items_products_by_user,0.51500000000000001,0,True,
benchmark,937,q9_orders_items_products_by_user,0.50600000000000001,0,True,
benchmark,938,q9_orders_items_products_by_user,0.52500000000000002,0,True,
benchmark,939,q9_orders_items_products_by_user,0.51719999999999999,0,True,
benchmark,940,q9_orders_items_products_by_user,0.44280000000000003,0,True,
benchmark,941,q9_orders_items_products_by_user,0.43309999999999998,0,True,
benchmark,942,q9_orders_items_products_by_user,0.44590000000000002,0,True,
benchmark,943,q9_orders_items_products_by_user,0.46650000000000003,0,True,
benchmark,944,q9_orders_items_products_by_user,0.40710000000000002,0,True,
benchmark,945,q9_orders_items_products_by_user,0.40970000000000001,0,True,
benchmark,946,q9_orders_items_products_by_user,0.40639999999999998,0,True,
benchmark,947,q9_orders_items_products_by_user,0.42149999999999999,0,True,
benchmark,948,q9_orders_items_products_by_user,0.44,0,True,
benchmark,949,q9_orders_items_products_by_user,0.41589999999999999,0,True,
benchmark,950,q9_orders_items_products_by_user,0.45910000000000001,0,True,
benchmark,951,q9_orders_items_products_by_user,0.46239999999999998,0,True,
benchmark,952,q9_orders_items_products_by_user,0.4123,0,True,
benchmark,953,q9_orders_items_products_by_user,0.46550000000000002,0,True,
benchmark,954,q9_orders_items_products_by_user,0.38469999999999999,0,True,
benchmark,955,q9_orders_items_products_by_user,0.46710000000000002,0,True,
benchmark,956,q9_orders_items_products_by_user,0.42599999999999999,0,True,
benchmark,957,q9_orders_items_products_by_user,0.43740000000000001,0,True,
benchmark,958,q9_orders_items_products_by_user,0.41339999999999999,0,True,
benchmark,959,q9_orders_items_products_by_user,0.58620000000000005,0,True,
benchmark,960,q9_orders_items_products_by_user,0.4602,0,True,
benchmark,961,q9_orders_items_products_by_user,0.44850000000000001,0,True,
benchmark,962,q9_orders_items_products_by_user,0.53359999999999996,0,True,
benchmark,963,q9_orders_items_products_by_user,0.44130000000000003,0,True,
benchmark,964,q9_orders_items_products_by_user,0.47970000000000002,0,True,
benchmark,965,q9_orders_items_products_by_user,0.51649999999999996,0,True,
benchmark,966,q9_orders_items_products_by_user,0.47070000000000001,0,True,
benchmark,967,q9_orders_items_products_by_user,0.437,0,True,
benchmark,968,q9_orders_items_products_by_user,0.39650000000000002,0,True,
benchmark,969,q9_orders_items_products_by_user,0.3876,0,True,
benchmark,970,q9_orders_items_products_by_user,0.39810000000000001,0,True,
benchmark,971,q9_orders_items_products_by_user,0.40200000000000002,0,True,
benchmark,972,q9_orders_items_products_by_user,0.39479999999999998,0,True,
benchmark,973,q9_orders_items_products_by_user,0.43140000000000001,0,True,
benchmark,974,q9_orders_items_products_by_user,0.36180000000000001,0,True,
benchmark,975,q9_orders_items_products_by_user,0.37440000000000001,0,True,
benchmark,976,q9_orders_items_products_by_user,0.34849999999999998,0,True,
benchmark,977,q9_orders_items_products_by_user,0.32629999999999998,0,True,
benchmark,978,q9_orders_items_products_by_user,0.36670000000000003,0,True,
benchmark,979,q9_orders_items_products_by_user,0.37930000000000003,0,True,
benchmark,980,q9_orders_items_products_by_user,0.34379999999999999,0,True,
benchmark,981,q9_orders_items_products_by_user,0.34889999999999999,0,True,
benchmark,982,q9_orders_items_products_by_user,0.39960000000000001,0,True,
benchmark,983,q9_orders_items_products_by_user,0.32350000000000001,0,True,
benchmark,984,q9_orders_items_products_by_user,0.34599999999999997,0,True,
benchmark,985,q9_orders_items_products_by_user,0.36599999999999999,0,True,
benchmark,986,q9_orders_items_products_by_user,0.36799999999999999,0,True,
benchmark,987,q9_orders_items_products_by_user,0.37,0,True,
benchmark,988,q9_orders_items_products_by_user,0.39489999999999997,0,True,
benchmark,989,q9_orders_items_products_by_user,0.35959999999999998,0,True,
benchmark,990,q9_orders_items_products_by_user,0.33689999999999998,0,True,
benchmark,991,q9_orders_items_products_by_user,0.38269999999999998,0,True,
benchmark,992,q9_orders_items_products_by_user,0.31769999999999998,0,True,
benchmark,993,q9_orders_items_products_by_user,0.35410000000000003,0,True,
benchmark,994,q9_orders_items_products_by_user,0.3513,0,True,
benchmark,995,q9_orders_items_products_by_user,0.39250000000000002,0,True,
benchmark,996,q9_orders_items_products_by_user,0.3886,0,True,
benchmark,997,q9_orders_items_products_by_user,0.43099999999999999,0,True,
benchmark,998,q9_orders_items_products_by_user,0.33110000000000001,0,True,
benchmark,999,q9_orders_items_products_by_user,0.31280000000000002,0,True,
benchmark,1000,q9_orders_items_products_by_user,0.33119999999999999,0,True,
benchmark,1,q10_top_sellers_qty,1.8237000000000001,0,True,
benchmark,2,q10_top_sellers_qty,1.4994000000000001,0,True,
benchmark,3,q10_top_sellers_qty,1.3912,0,True,
benchmark,4,q10_top_sellers_qty,1.1428,0,True,
benchmark,5,q10_top_sellers_qty,1.1997,0,True,
benchmark,6,q10_top_sellers_qty,1.5467,0,True,
benchmark,7,q10_top_sellers_qty,0.94830000000000003,0,True,
benchmark,8,q10_top_sellers_qty,1.3664000000000001,0,True,
benchmark,9,q10_top_sellers_qty,1.444,0,True,
benchmark,10,q10_top_sellers_qty,1.3329,0,True,
benchmark,11,q10_top_sellers_qty,1.2118,0,True,
benchmark,12,q10_top_sellers_qty,1.238,0,True,
benchmark,13,q10_top_sellers_qty,1.0616000000000001,0,True,
benchmark,14,q10_top_sellers_qty,1.0182,0,True,
benchmark,15,q10_top_sellers_qty,0.99270000000000003,0,True,
benchmark,16,q10_top_sellers_qty,1.2355,0,True,
benchmark,17,q10_top_sellers_qty,1.0226999999999999,0,True,
benchmark,18,q10_top_sellers_qty,0.98089999999999999,0,True,
benchmark,19,q10_top_sellers_qty,0.96279999999999999,0,True,
benchmark,20,q10_top_sellers_qty,0.88180000000000003,0,True,
benchmark,21,q10_top_sellers_qty,0.8659,0,True,
benchmark,22,q10_top_sellers_qty,0.8619,0,True,
benchmark,23,q10_top_sellers_qty,0.93799999999999994,0,True,
benchmark,24,q10_top_sellers_qty,0.86809999999999998,0,True,
benchmark,25,q10_top_sellers_qty,0.8952,0,True,
benchmark,26,q10_top_sellers_qty,0.83899999999999997,0,True,
benchmark,27,q10_top_sellers_qty,0.88939999999999997,0,True,
benchmark,28,q10_top_sellers_qty,0.99099999999999999,0,True,
benchmark,29,q10_top_sellers_qty,0.83540000000000003,0,True,
benchmark,30,q10_top_sellers_qty,0.70589999999999997,0,True,
benchmark,31,q10_top_sellers_qty,0.85529999999999995,0,True,
benchmark,32,q10_top_sellers_qty,0.77449999999999997,0,True,
benchmark,33,q10_top_sellers_qty,1.7795000000000001,0,True,
benchmark,34,q10_top_sellers_qty,0.81000000000000005,0,True,
benchmark,35,q10_top_sellers_qty,0.75680000000000003,0,True,
benchmark,36,q10_top_sellers_qty,0.7954,0,True,
benchmark,37,q10_top_sellers_qty,0.72629999999999995,0,True,
benchmark,38,q10_top_sellers_qty,0.78210000000000002,0,True,
benchmark,39,q10_top_sellers_qty,0.70599999999999996,0,True,
benchmark,40,q10_top_sellers_qty,0.7369,0,True,
benchmark,41,q10_top_sellers_qty,0.6905,0,True,
benchmark,42,q10_top_sellers_qty,0.73819999999999997,0,True,
benchmark,43,q10_top_sellers_qty,0.79249999999999998,0,True,
benchmark,44,q10_top_sellers_qty,0.71130000000000004,0,True,
benchmark,45,q10_top_sellers_qty,0.66000000000000003,0,True,
benchmark,46,q10_top_sellers_qty,0.76570000000000005,0,True,
benchmark,47,q10_top_sellers_qty,0.66800000000000004,0,True,
benchmark,48,q10_top_sellers_qty,0.60660000000000003,0,True,
benchmark,49,q10_top_sellers_qty,0.64939999999999998,0,True,
benchmark,50,q10_top_sellers_qty,0.76019999999999999,0,True,
benchmark,51,q10_top_sellers_qty,0.69589999999999996,0,True,
benchmark,52,q10_top_sellers_qty,0.61080000000000001,0,True,
benchmark,53,q10_top_sellers_qty,0.64849999999999997,0,True,
benchmark,54,q10_top_sellers_qty,0.61819999999999997,0,True,
benchmark,55,q10_top_sellers_qty,0.62619999999999998,0,True,
benchmark,56,q10_top_sellers_qty,0.63429999999999997,0,True,
benchmark,57,q10_top_sellers_qty,0.65649999999999997,0,True,
benchmark,58,q10_top_sellers_qty,0.68110000000000004,0,True,
benchmark,59,q10_top_sellers_qty,0.68769999999999998,0,True,
benchmark,60,q10_top_sellers_qty,0.6835,0,True,
benchmark,61,q10_top_sellers_qty,0.63780000000000003,0,True,
benchmark,62,q10_top_sellers_qty,0.65639999999999998,0,True,
benchmark,63,q10_top_sellers_qty,0.6008,0,True,
benchmark,64,q10_top_sellers_qty,0.62539999999999996,0,True,
benchmark,65,q10_top_sellers_qty,0.67159999999999997,0,True,
benchmark,66,q10_top_sellers_qty,0.62570000000000003,0,True,
benchmark,67,q10_top_sellers_qty,0.54810000000000003,0,True,
benchmark,68,q10_top_sellers_qty,0.50849999999999995,0,True,
benchmark,69,q10_top_sellers_qty,0.58650000000000002,0,True,
benchmark,70,q10_top_sellers_qty,0.55940000000000001,0,True,
benchmark,71,q10_top_sellers_qty,0.58989999999999998,0,True,
benchmark,72,q10_top_sellers_qty,0.57769999999999999,0,True,
benchmark,73,q10_top_sellers_qty,0.58240000000000003,0,True,
benchmark,74,q10_top_sellers_qty,0.55930000000000002,0,True,
benchmark,75,q10_top_sellers_qty,0.53900000000000003,0,True,
benchmark,76,q10_top_sellers_qty,1.575,0,True,
benchmark,77,q10_top_sellers_qty,0.68910000000000005,0,True,
benchmark,78,q10_top_sellers_qty,0.58640000000000003,0,True,
benchmark,79,q10_top_sellers_qty,0.51070000000000004,0,True,
benchmark,80,q10_top_sellers_qty,0.4975,0,True,
benchmark,81,q10_top_sellers_qty,0.54510000000000003,0,True,
benchmark,82,q10_top_sellers_qty,0.52300000000000002,0,True,
benchmark,83,q10_top_sellers_qty,0.48930000000000001,0,True,
benchmark,84,q10_top_sellers_qty,0.5131,0,True,
benchmark,85,q10_top_sellers_qty,0.53139999999999998,0,True,
benchmark,86,q10_top_sellers_qty,0.56140000000000001,0,True,
benchmark,87,q10_top_sellers_qty,0.53349999999999997,0,True,
benchmark,88,q10_top_sellers_qty,0.49320000000000003,0,True,
benchmark,89,q10_top_sellers_qty,0.4894,0,True,
benchmark,90,q10_top_sellers_qty,0.46820000000000001,0,True,
benchmark,91,q10_top_sellers_qty,0.5,0,True,
benchmark,92,q10_top_sellers_qty,0.49130000000000001,0,True,
benchmark,93,q10_top_sellers_qty,0.499,0,True,
benchmark,94,q10_top_sellers_qty,0.4632,0,True,
benchmark,95,q10_top_sellers_qty,0.4824,0,True,
benchmark,96,q10_top_sellers_qty,0.50039999999999996,0,True,
benchmark,97,q10_top_sellers_qty,0.47470000000000001,0,True,
benchmark,98,q10_top_sellers_qty,0.51519999999999999,0,True,
benchmark,99,q10_top_sellers_qty,0.4894,0,True,
benchmark,100,q10_top_sellers_qty,0.49349999999999999,0,True,
benchmark,101,q10_top_sellers_qty,2.8652000000000002,0,True,
benchmark,102,q10_top_sellers_qty,1.5444,0,True,
benchmark,103,q10_top_sellers_qty,1.4213,0,True,
benchmark,104,q10_top_sellers_qty,1.2270000000000001,0,True,
benchmark,105,q10_top_sellers_qty,1.2729999999999999,0,True,
benchmark,106,q10_top_sellers_qty,0.98309999999999997,0,True,
benchmark,107,q10_top_sellers_qty,1.4387000000000001,0,True,
benchmark,108,q10_top_sellers_qty,1.3786,0,True,
benchmark,109,q10_top_sellers_qty,1.0742,0,True,
benchmark,110,q10_top_sellers_qty,0.95350000000000001,0,True,
benchmark,111,q10_top_sellers_qty,1.0502,0,True,
benchmark,112,q10_top_sellers_qty,1.5968,0,True,
benchmark,113,q10_top_sellers_qty,1.1345000000000001,0,True,
benchmark,114,q10_top_sellers_qty,1.0069999999999999,0,True,
benchmark,115,q10_top_sellers_qty,1.0783,0,True,
benchmark,116,q10_top_sellers_qty,1.0045999999999999,0,True,
benchmark,117,q10_top_sellers_qty,1.0645,0,True,
benchmark,118,q10_top_sellers_qty,0.99550000000000005,0,True,
benchmark,119,q10_top_sellers_qty,1.0248999999999999,0,True,
benchmark,120,q10_top_sellers_qty,0.94820000000000004,0,True,
benchmark,121,q10_top_sellers_qty,0.82489999999999997,0,True,
benchmark,122,q10_top_sellers_qty,0.96640000000000004,0,True,
benchmark,123,q10_top_sellers_qty,0.88580000000000003,0,True,
benchmark,124,q10_top_sellers_qty,0.90080000000000005,0,True,
benchmark,125,q10_top_sellers_qty,0.82899999999999996,0,True,
benchmark,126,q10_top_sellers_qty,0.94510000000000005,0,True,
benchmark,127,q10_top_sellers_qty,0.85660000000000003,0,True,
benchmark,128,q10_top_sellers_qty,1.3004,0,True,
benchmark,129,q10_top_sellers_qty,0.79410000000000003,0,True,
benchmark,130,q10_top_sellers_qty,0.75,0,True,
benchmark,131,q10_top_sellers_qty,0.73719999999999997,0,True,
benchmark,132,q10_top_sellers_qty,0.82820000000000005,0,True,
benchmark,133,q10_top_sellers_qty,0.80010000000000003,0,True,
benchmark,134,q10_top_sellers_qty,0.69440000000000002,0,True,
benchmark,135,q10_top_sellers_qty,0.75739999999999996,0,True,
benchmark,136,q10_top_sellers_qty,0.73929999999999996,0,True,
benchmark,137,q10_top_sellers_qty,0.7137,0,True,
benchmark,138,q10_top_sellers_qty,0.63419999999999999,0,True,
benchmark,139,q10_top_sellers_qty,0.71289999999999998,0,True,
benchmark,140,q10_top_sellers_qty,0.67010000000000003,0,True,
benchmark,141,q10_top_sellers_qty,0.70550000000000002,0,True,
benchmark,142,q10_top_sellers_qty,0.62839999999999996,0,True,
benchmark,143,q10_top_sellers_qty,0.73409999999999997,0,True,
benchmark,144,q10_top_sellers_qty,0.70069999999999999,0,True,
benchmark,145,q10_top_sellers_qty,0.64380000000000004,0,True,
benchmark,146,q10_top_sellers_qty,0.77190000000000003,0,True,
benchmark,147,q10_top_sellers_qty,0.88700000000000001,0,True,
benchmark,148,q10_top_sellers_qty,0.69569999999999999,0,True,
benchmark,149,q10_top_sellers_qty,0.66930000000000001,0,True,
benchmark,150,q10_top_sellers_qty,0.6976,0,True,
benchmark,151,q10_top_sellers_qty,0.88919999999999999,0,True,
benchmark,152,q10_top_sellers_qty,0.73350000000000004,0,True,
benchmark,153,q10_top_sellers_qty,0.54200000000000004,0,True,
benchmark,154,q10_top_sellers_qty,0.53949999999999998,0,True,
benchmark,155,q10_top_sellers_qty,0.71260000000000001,0,True,
benchmark,156,q10_top_sellers_qty,0.7823,0,True,
benchmark,157,q10_top_sellers_qty,0.76419999999999999,0,True,
benchmark,158,q10_top_sellers_qty,0.90249999999999997,0,True,
benchmark,159,q10_top_sellers_qty,0.60499999999999998,0,True,
benchmark,160,q10_top_sellers_qty,0.52290000000000003,0,True,
benchmark,161,q10_top_sellers_qty,0.54359999999999997,0,True,
benchmark,162,q10_top_sellers_qty,0.54069999999999996,0,True,
benchmark,163,q10_top_sellers_qty,0.52849999999999997,0,True,
benchmark,164,q10_top_sellers_qty,0.5716,0,True,
benchmark,165,q10_top_sellers_qty,0.58799999999999997,0,True,
benchmark,166,q10_top_sellers_qty,0.56469999999999998,0,True,
benchmark,167,q10_top_sellers_qty,0.54179999999999995,0,True,
benchmark,168,q10_top_sellers_qty,0.52590000000000003,0,True,
benchmark,169,q10_top_sellers_qty,1.6087,0,True,
benchmark,170,q10_top_sellers_qty,0.54520000000000002,0,True,
benchmark,171,q10_top_sellers_qty,0.5161,0,True,
benchmark,172,q10_top_sellers_qty,0.52329999999999999,0,True,
benchmark,173,q10_top_sellers_qty,0.5181,0,True,
benchmark,174,q10_top_sellers_qty,0.4929,0,True,
benchmark,175,q10_top_sellers_qty,0.49270000000000003,0,True,
benchmark,176,q10_top_sellers_qty,0.51939999999999997,0,True,
benchmark,177,q10_top_sellers_qty,0.53879999999999995,0,True,
benchmark,178,q10_top_sellers_qty,0.55010000000000003,0,True,
benchmark,179,q10_top_sellers_qty,0.53510000000000002,0,True,
benchmark,180,q10_top_sellers_qty,0.53090000000000004,0,True,
benchmark,181,q10_top_sellers_qty,0.51280000000000003,0,True,
benchmark,182,q10_top_sellers_qty,0.5222,0,True,
benchmark,183,q10_top_sellers_qty,0.50519999999999998,0,True,
benchmark,184,q10_top_sellers_qty,0.49249999999999999,0,True,
benchmark,185,q10_top_sellers_qty,0.49109999999999998,0,True,
benchmark,186,q10_top_sellers_qty,0.51200000000000001,0,True,
benchmark,187,q10_top_sellers_qty,0.48580000000000001,0,True,
benchmark,188,q10_top_sellers_qty,0.50380000000000003,0,True,
benchmark,189,q10_top_sellers_qty,0.55320000000000003,0,True,
benchmark,190,q10_top_sellers_qty,0.5393,0,True,
benchmark,191,q10_top_sellers_qty,0.51739999999999997,0,True,
benchmark,192,q10_top_sellers_qty,0.51329999999999998,0,True,
benchmark,193,q10_top_sellers_qty,0.59109999999999996,0,True,
benchmark,194,q10_top_sellers_qty,0.50129999999999997,0,True,
benchmark,195,q10_top_sellers_qty,0.4909,0,True,
benchmark,196,q10_top_sellers_qty,0.49940000000000001,0,True,
benchmark,197,q10_top_sellers_qty,0.51259999999999994,0,True,
benchmark,198,q10_top_sellers_qty,0.54830000000000001,0,True,
benchmark,199,q10_top_sellers_qty,0.47039999999999998,0,True,
benchmark,200,q10_top_sellers_qty,0.4929,0,True,
benchmark,201,q10_top_sellers_qty,1.7665999999999999,0,True,
benchmark,202,q10_top_sellers_qty,0.82699999999999996,0,True,
benchmark,203,q10_top_sellers_qty,0.83160000000000001,0,True,
benchmark,204,q10_top_sellers_qty,0.87639999999999996,0,True,
benchmark,205,q10_top_sellers_qty,1.0049999999999999,0,True,
benchmark,206,q10_top_sellers_qty,0.82050000000000001,0,True,
benchmark,207,q10_top_sellers_qty,1.1027,0,True,
benchmark,208,q10_top_sellers_qty,0.94379999999999997,0,True,
benchmark,209,q10_top_sellers_qty,0.62380000000000002,0,True,
benchmark,210,q10_top_sellers_qty,0.59909999999999997,0,True,
benchmark,211,q10_top_sellers_qty,0.73440000000000005,0,True,
benchmark,212,q10_top_sellers_qty,1.0173000000000001,0,True,
benchmark,213,q10_top_sellers_qty,0.7641,0,True,
benchmark,214,q10_top_sellers_qty,0.60189999999999999,0,True,
benchmark,215,q10_top_sellers_qty,0.52390000000000003,0,True,
benchmark,216,q10_top_sellers_qty,0.67900000000000005,0,True,
benchmark,217,q10_top_sellers_qty,0.62360000000000004,0,True,
benchmark,218,q10_top_sellers_qty,0.72409999999999997,0,True,
benchmark,219,q10_top_sellers_qty,0.59119999999999995,0,True,
benchmark,220,q10_top_sellers_qty,1.6588000000000001,0,True,
benchmark,221,q10_top_sellers_qty,0.60389999999999999,0,True,
benchmark,222,q10_top_sellers_qty,0.59250000000000003,0,True,
benchmark,223,q10_top_sellers_qty,0.61350000000000005,0,True,
benchmark,224,q10_top_sellers_qty,0.66190000000000004,0,True,
benchmark,225,q10_top_sellers_qty,0.70020000000000004,0,True,
benchmark,226,q10_top_sellers_qty,0.66620000000000001,0,True,
benchmark,227,q10_top_sellers_qty,0.6472,0,True,
benchmark,228,q10_top_sellers_qty,0.69620000000000004,0,True,
benchmark,229,q10_top_sellers_qty,0.69689999999999996,0,True,
benchmark,230,q10_top_sellers_qty,0.65780000000000005,0,True,
benchmark,231,q10_top_sellers_qty,0.70220000000000005,0,True,
benchmark,232,q10_top_sellers_qty,0.66810000000000003,0,True,
benchmark,233,q10_top_sellers_qty,0.63419999999999999,0,True,
benchmark,234,q10_top_sellers_qty,0.65449999999999997,0,True,
benchmark,235,q10_top_sellers_qty,0.6905,0,True,
benchmark,236,q10_top_sellers_qty,0.6573,0,True,
benchmark,237,q10_top_sellers_qty,0.73670000000000002,0,True,
benchmark,238,q10_top_sellers_qty,0.72299999999999998,0,True,
benchmark,239,q10_top_sellers_qty,0.73319999999999996,0,True,
benchmark,240,q10_top_sellers_qty,0.67889999999999995,0,True,
benchmark,241,q10_top_sellers_qty,0.81510000000000005,0,True,
benchmark,242,q10_top_sellers_qty,0.7107,0,True,
benchmark,243,q10_top_sellers_qty,0.76449999999999996,0,True,
benchmark,244,q10_top_sellers_qty,0.77000000000000002,0,True,
benchmark,245,q10_top_sellers_qty,0.75980000000000003,0,True,
benchmark,246,q10_top_sellers_qty,0.75749999999999995,0,True,
benchmark,247,q10_top_sellers_qty,0.7601,0,True,
benchmark,248,q10_top_sellers_qty,0.79900000000000004,0,True,
benchmark,249,q10_top_sellers_qty,0.7369,0,True,
benchmark,250,q10_top_sellers_qty,0.74429999999999996,0,True,
benchmark,251,q10_top_sellers_qty,0.77100000000000002,0,True,
benchmark,252,q10_top_sellers_qty,0.65269999999999995,0,True,
benchmark,253,q10_top_sellers_qty,0.58299999999999996,0,True,
benchmark,254,q10_top_sellers_qty,0.5827,0,True,
benchmark,255,q10_top_sellers_qty,0.59470000000000001,0,True,
benchmark,256,q10_top_sellers_qty,0.61670000000000003,0,True,
benchmark,257,q10_top_sellers_qty,0.5484,0,True,
benchmark,258,q10_top_sellers_qty,0.69610000000000005,0,True,
benchmark,259,q10_top_sellers_qty,0.66659999999999997,0,True,
benchmark,260,q10_top_sellers_qty,2.278,0,True,
benchmark,261,q10_top_sellers_qty,0.81459999999999999,0,True,
benchmark,262,q10_top_sellers_qty,0.91310000000000002,0,True,
benchmark,263,q10_top_sellers_qty,0.78220000000000001,0,True,
benchmark,264,q10_top_sellers_qty,0.8861,0,True,
benchmark,265,q10_top_sellers_qty,0.86250000000000004,0,True,
benchmark,266,q10_top_sellers_qty,0.91479999999999995,0,True,
benchmark,267,q10_top_sellers_qty,0.71999999999999997,0,True,
benchmark,268,q10_top_sellers_qty,0.81459999999999999,0,True,
benchmark,269,q10_top_sellers_qty,1.1393,0,True,
benchmark,270,q10_top_sellers_qty,1.323,0,True,
benchmark,271,q10_top_sellers_qty,1.0507,0,True,
benchmark,272,q10_top_sellers_qty,1.6126,0,True,
benchmark,273,q10_top_sellers_qty,1.3329,0,True,
benchmark,274,q10_top_sellers_qty,1.3466,0,True,
benchmark,275,q10_top_sellers_qty,1.3282,0,True,
benchmark,276,q10_top_sellers_qty,0.52000000000000002,0,True,
benchmark,277,q10_top_sellers_qty,1.7935000000000001,0,True,
benchmark,278,q10_top_sellers_qty,0.59019999999999995,0,True,
benchmark,279,q10_top_sellers_qty,0.54239999999999999,0,True,
benchmark,280,q10_top_sellers_qty,0.60140000000000005,0,True,
benchmark,281,q10_top_sellers_qty,0.60229999999999995,0,True,
benchmark,282,q10_top_sellers_qty,0.54139999999999999,0,True,
benchmark,283,q10_top_sellers_qty,0.54790000000000005,0,True,
benchmark,284,q10_top_sellers_qty,0.52680000000000005,0,True,
benchmark,285,q10_top_sellers_qty,0.55700000000000005,0,True,
benchmark,286,q10_top_sellers_qty,0.52239999999999998,0,True,
benchmark,287,q10_top_sellers_qty,0.50729999999999997,0,True,
benchmark,288,q10_top_sellers_qty,0.54359999999999997,0,True,
benchmark,289,q10_top_sellers_qty,0.63449999999999995,0,True,
benchmark,290,q10_top_sellers_qty,0.63349999999999995,0,True,
benchmark,291,q10_top_sellers_qty,0.63649999999999995,0,True,
benchmark,292,q10_top_sellers_qty,0.62760000000000005,0,True,
benchmark,293,q10_top_sellers_qty,0.62529999999999997,0,True,
benchmark,294,q10_top_sellers_qty,0.59319999999999995,0,True,
benchmark,295,q10_top_sellers_qty,0.61729999999999996,0,True,
benchmark,296,q10_top_sellers_qty,0.5363,0,True,
benchmark,297,q10_top_sellers_qty,0.59999999999999998,0,True,
benchmark,298,q10_top_sellers_qty,0.55459999999999998,0,True,
benchmark,299,q10_top_sellers_qty,0.61519999999999997,0,True,
benchmark,300,q10_top_sellers_qty,0.55889999999999995,0,True,
benchmark,301,q10_top_sellers_qty,3.0842999999999998,0,True,
benchmark,302,q10_top_sellers_qty,1.2908999999999999,0,True,
benchmark,303,q10_top_sellers_qty,1.0686,0,True,
benchmark,304,q10_top_sellers_qty,1.1077999999999999,0,True,
benchmark,305,q10_top_sellers_qty,1.768,0,True,
benchmark,306,q10_top_sellers_qty,1.3456999999999999,0,True,
benchmark,307,q10_top_sellers_qty,1.2487999999999999,0,True,
benchmark,308,q10_top_sellers_qty,3.1095000000000002,0,True,
benchmark,309,q10_top_sellers_qty,2.2465999999999999,0,True,
benchmark,310,q10_top_sellers_qty,0.88919999999999999,0,True,
benchmark,311,q10_top_sellers_qty,0.62919999999999998,0,True,
benchmark,312,q10_top_sellers_qty,0.65090000000000003,0,True,
benchmark,313,q10_top_sellers_qty,0.60229999999999995,0,True,
benchmark,314,q10_top_sellers_qty,0.63239999999999996,0,True,
benchmark,315,q10_top_sellers_qty,0.63800000000000001,0,True,
benchmark,316,q10_top_sellers_qty,0.60599999999999998,0,True,
benchmark,317,q10_top_sellers_qty,0.59089999999999998,0,True,
benchmark,318,q10_top_sellers_qty,0.52400000000000002,0,True,
benchmark,319,q10_top_sellers_qty,0.51100000000000001,0,True,
benchmark,320,q10_top_sellers_qty,0.56359999999999999,0,True,
benchmark,321,q10_top_sellers_qty,0.52329999999999999,0,True,
benchmark,322,q10_top_sellers_qty,0.54930000000000001,0,True,
benchmark,323,q10_top_sellers_qty,0.54669999999999996,0,True,
benchmark,324,q10_top_sellers_qty,0.57199999999999995,0,True,
benchmark,325,q10_top_sellers_qty,0.47860000000000003,0,True,
benchmark,326,q10_top_sellers_qty,0.51700000000000002,0,True,
benchmark,327,q10_top_sellers_qty,0.47120000000000001,0,True,
benchmark,328,q10_top_sellers_qty,0.52569999999999995,0,True,
benchmark,329,q10_top_sellers_qty,0.501,0,True,
benchmark,330,q10_top_sellers_qty,0.49819999999999998,0,True,
benchmark,331,q10_top_sellers_qty,0.48010000000000003,0,True,
benchmark,332,q10_top_sellers_qty,0.61770000000000003,0,True,
benchmark,333,q10_top_sellers_qty,1.6463000000000001,0,True,
benchmark,334,q10_top_sellers_qty,0.5323,0,True,
benchmark,335,q10_top_sellers_qty,0.52290000000000003,0,True,
benchmark,336,q10_top_sellers_qty,0.48209999999999997,0,True,
benchmark,337,q10_top_sellers_qty,0.46510000000000001,0,True,
benchmark,338,q10_top_sellers_qty,0.52510000000000001,0,True,
benchmark,339,q10_top_sellers_qty,0.50319999999999998,0,True,
benchmark,340,q10_top_sellers_qty,0.4496,0,True,
benchmark,341,q10_top_sellers_qty,0.49270000000000003,0,True,
benchmark,342,q10_top_sellers_qty,0.49109999999999998,0,True,
benchmark,343,q10_top_sellers_qty,0.52149999999999996,0,True,
benchmark,344,q10_top_sellers_qty,0.48409999999999997,0,True,
benchmark,345,q10_top_sellers_qty,0.5464,0,True,
benchmark,346,q10_top_sellers_qty,0.50409999999999999,0,True,
benchmark,347,q10_top_sellers_qty,0.54200000000000004,0,True,
benchmark,348,q10_top_sellers_qty,0.52900000000000003,0,True,
benchmark,349,q10_top_sellers_qty,0.64200000000000002,0,True,
benchmark,350,q10_top_sellers_qty,0.62770000000000004,0,True,
benchmark,351,q10_top_sellers_qty,0.69440000000000002,0,True,
benchmark,352,q10_top_sellers_qty,1.6866000000000001,0,True,
benchmark,353,q10_top_sellers_qty,0.69569999999999999,0,True,
benchmark,354,q10_top_sellers_qty,0.67710000000000004,0,True,
benchmark,355,q10_top_sellers_qty,0.68859999999999999,0,True,
benchmark,356,q10_top_sellers_qty,0.79469999999999996,0,True,
benchmark,357,q10_top_sellers_qty,0.76339999999999997,0,True,
benchmark,358,q10_top_sellers_qty,0.81379999999999997,0,True,
benchmark,359,q10_top_sellers_qty,0.71340000000000003,0,True,
benchmark,360,q10_top_sellers_qty,0.71619999999999995,0,True,
benchmark,361,q10_top_sellers_qty,0.62270000000000003,0,True,
benchmark,362,q10_top_sellers_qty,0.58320000000000005,0,True,
benchmark,363,q10_top_sellers_qty,0.62029999999999996,0,True,
benchmark,364,q10_top_sellers_qty,0.65669999999999995,0,True,
benchmark,365,q10_top_sellers_qty,0.62319999999999998,0,True,
benchmark,366,q10_top_sellers_qty,0.61890000000000001,0,True,
benchmark,367,q10_top_sellers_qty,0.91339999999999999,0,True,
benchmark,368,q10_top_sellers_qty,0.6855,0,True,
benchmark,369,q10_top_sellers_qty,0.88700000000000001,0,True,
benchmark,370,q10_top_sellers_qty,0.73850000000000005,0,True,
benchmark,371,q10_top_sellers_qty,0.71460000000000001,0,True,
benchmark,372,q10_top_sellers_qty,0.56869999999999998,0,True,
benchmark,373,q10_top_sellers_qty,0.59809999999999997,0,True,
benchmark,374,q10_top_sellers_qty,0.56820000000000004,0,True,
benchmark,375,q10_top_sellers_qty,0.56999999999999995,0,True,
benchmark,376,q10_top_sellers_qty,0.57540000000000002,0,True,
benchmark,377,q10_top_sellers_qty,0.60609999999999997,0,True,
benchmark,378,q10_top_sellers_qty,0.58330000000000004,0,True,
benchmark,379,q10_top_sellers_qty,0.58999999999999997,0,True,
benchmark,380,q10_top_sellers_qty,0.64990000000000003,0,True,
benchmark,381,q10_top_sellers_qty,0.66500000000000004,0,True,
benchmark,382,q10_top_sellers_qty,0.56630000000000003,0,True,
benchmark,383,q10_top_sellers_qty,0.55469999999999997,0,True,
benchmark,384,q10_top_sellers_qty,0.56710000000000005,0,True,
benchmark,385,q10_top_sellers_qty,0.57920000000000005,0,True,
benchmark,386,q10_top_sellers_qty,0.60070000000000001,0,True,
benchmark,387,q10_top_sellers_qty,0.57979999999999998,0,True,
benchmark,388,q10_top_sellers_qty,0.59460000000000002,0,True,
benchmark,389,q10_top_sellers_qty,0.59699999999999998,0,True,
benchmark,390,q10_top_sellers_qty,0.58530000000000004,0,True,
benchmark,391,q10_top_sellers_qty,0.5746,0,True,
benchmark,392,q10_top_sellers_qty,0.50290000000000001,0,True,
benchmark,393,q10_top_sellers_qty,0.57450000000000001,0,True,
benchmark,394,q10_top_sellers_qty,0.55349999999999999,0,True,
benchmark,395,q10_top_sellers_qty,0.57879999999999998,0,True,
benchmark,396,q10_top_sellers_qty,0.50870000000000004,0,True,
benchmark,397,q10_top_sellers_qty,0.53969999999999996,0,True,
benchmark,398,q10_top_sellers_qty,0.53520000000000001,0,True,
benchmark,399,q10_top_sellers_qty,0.52869999999999995,0,True,
benchmark,400,q10_top_sellers_qty,0.5585,0,True,
benchmark,401,q10_top_sellers_qty,3.1898,0,True,
benchmark,402,q10_top_sellers_qty,1.6269,0,True,
benchmark,403,q10_top_sellers_qty,1.2157,0,True,
benchmark,404,q10_top_sellers_qty,1.2494000000000001,0,True,
benchmark,405,q10_top_sellers_qty,1.0629,0,True,
benchmark,406,q10_top_sellers_qty,0.99780000000000002,0,True,
benchmark,407,q10_top_sellers_qty,2.5192999999999999,0,True,
benchmark,408,q10_top_sellers_qty,1.5538000000000001,0,True,
benchmark,409,q10_top_sellers_qty,1.4138999999999999,0,True,
benchmark,410,q10_top_sellers_qty,1.2801,0,True,
benchmark,411,q10_top_sellers_qty,1.2827999999999999,0,True,
benchmark,412,q10_top_sellers_qty,1.1431,0,True,
benchmark,413,q10_top_sellers_qty,1.0678000000000001,0,True,
benchmark,414,q10_top_sellers_qty,1.1336999999999999,0,True,
benchmark,415,q10_top_sellers_qty,1.0762,0,True,
benchmark,416,q10_top_sellers_qty,1.0033000000000001,0,True,
benchmark,417,q10_top_sellers_qty,1.0185,0,True,
benchmark,418,q10_top_sellers_qty,0.86739999999999995,0,True,
benchmark,419,q10_top_sellers_qty,0.96040000000000003,0,True,
benchmark,420,q10_top_sellers_qty,0.87219999999999998,0,True,
benchmark,421,q10_top_sellers_qty,1.0018,0,True,
benchmark,422,q10_top_sellers_qty,0.87919999999999998,0,True,
benchmark,423,q10_top_sellers_qty,0.92049999999999998,0,True,
benchmark,424,q10_top_sellers_qty,0.84350000000000003,0,True,
benchmark,425,q10_top_sellers_qty,0.98880000000000001,0,True,
benchmark,426,q10_top_sellers_qty,0.86760000000000004,0,True,
benchmark,427,q10_top_sellers_qty,0.74519999999999997,0,True,
benchmark,428,q10_top_sellers_qty,0.71499999999999997,0,True,
benchmark,429,q10_top_sellers_qty,0.78920000000000001,0,True,
benchmark,430,q10_top_sellers_qty,0.873,0,True,
benchmark,431,q10_top_sellers_qty,0.82089999999999996,0,True,
benchmark,432,q10_top_sellers_qty,0.95350000000000001,0,True,
benchmark,433,q10_top_sellers_qty,0.72919999999999996,0,True,
benchmark,434,q10_top_sellers_qty,0.81810000000000005,0,True,
benchmark,435,q10_top_sellers_qty,0.76559999999999995,0,True,
benchmark,436,q10_top_sellers_qty,0.7571,0,True,
benchmark,437,q10_top_sellers_qty,0.7026,0,True,
benchmark,438,q10_top_sellers_qty,0.72770000000000001,0,True,
benchmark,439,q10_top_sellers_qty,0.70920000000000005,0,True,
benchmark,440,q10_top_sellers_qty,0.66720000000000002,0,True,
benchmark,441,q10_top_sellers_qty,0.75600000000000001,0,True,
benchmark,442,q10_top_sellers_qty,0.70599999999999996,0,True,
benchmark,443,q10_top_sellers_qty,0.78000000000000003,0,True,
benchmark,444,q10_top_sellers_qty,0.80049999999999999,0,True,
benchmark,445,q10_top_sellers_qty,0.75470000000000004,0,True,
benchmark,446,q10_top_sellers_qty,0.70289999999999997,0,True,
benchmark,447,q10_top_sellers_qty,0.67500000000000004,0,True,
benchmark,448,q10_top_sellers_qty,0.6391,0,True,
benchmark,449,q10_top_sellers_qty,0.63649999999999995,0,True,
benchmark,450,q10_top_sellers_qty,0.69469999999999998,0,True,
benchmark,451,q10_top_sellers_qty,0.73870000000000002,0,True,
benchmark,452,q10_top_sellers_qty,0.7208,0,True,
benchmark,453,q10_top_sellers_qty,0.88819999999999999,0,True,
benchmark,454,q10_top_sellers_qty,0.85840000000000005,0,True,
benchmark,455,q10_top_sellers_qty,0.71499999999999997,0,True,
benchmark,456,q10_top_sellers_qty,0.68159999999999998,0,True,
benchmark,457,q10_top_sellers_qty,0.621,0,True,
benchmark,458,q10_top_sellers_qty,0.55510000000000004,0,True,
benchmark,459,q10_top_sellers_qty,0.55049999999999999,0,True,
benchmark,460,q10_top_sellers_qty,0.59789999999999999,0,True,
benchmark,461,q10_top_sellers_qty,0.59830000000000005,0,True,
benchmark,462,q10_top_sellers_qty,0.57289999999999996,0,True,
benchmark,463,q10_top_sellers_qty,0.55510000000000004,0,True,
benchmark,464,q10_top_sellers_qty,0.55969999999999998,0,True,
benchmark,465,q10_top_sellers_qty,0.56859999999999999,0,True,
benchmark,466,q10_top_sellers_qty,0.56140000000000001,0,True,
benchmark,467,q10_top_sellers_qty,0.53749999999999998,0,True,
benchmark,468,q10_top_sellers_qty,0.53990000000000005,0,True,
benchmark,469,q10_top_sellers_qty,0.56320000000000003,0,True,
benchmark,470,q10_top_sellers_qty,0.57310000000000005,0,True,
benchmark,471,q10_top_sellers_qty,0.49569999999999997,0,True,
benchmark,472,q10_top_sellers_qty,0.55410000000000004,0,True,
benchmark,473,q10_top_sellers_qty,0.52880000000000005,0,True,
benchmark,474,q10_top_sellers_qty,0.53800000000000003,0,True,
benchmark,475,q10_top_sellers_qty,0.52500000000000002,0,True,
benchmark,476,q10_top_sellers_qty,0.57550000000000001,0,True,
benchmark,477,q10_top_sellers_qty,0.58840000000000003,0,True,
benchmark,478,q10_top_sellers_qty,1.4869000000000001,0,True,
benchmark,479,q10_top_sellers_qty,0.54220000000000002,0,True,
benchmark,480,q10_top_sellers_qty,0.54579999999999995,0,True,
benchmark,481,q10_top_sellers_qty,0.53220000000000001,0,True,
benchmark,482,q10_top_sellers_qty,0.50580000000000003,0,True,
benchmark,483,q10_top_sellers_qty,0.52500000000000002,0,True,
benchmark,484,q10_top_sellers_qty,0.51539999999999997,0,True,
benchmark,485,q10_top_sellers_qty,1.7422,0,True,
benchmark,486,q10_top_sellers_qty,0.52159999999999995,0,True,
benchmark,487,q10_top_sellers_qty,0.53900000000000003,0,True,
benchmark,488,q10_top_sellers_qty,0.55549999999999999,0,True,
benchmark,489,q10_top_sellers_qty,0.51849999999999996,0,True,
benchmark,490,q10_top_sellers_qty,0.52059999999999995,0,True,
benchmark,491,q10_top_sellers_qty,0.52669999999999995,0,True,
benchmark,492,q10_top_sellers_qty,0.51700000000000002,0,True,
benchmark,493,q10_top_sellers_qty,0.51219999999999999,0,True,
benchmark,494,q10_top_sellers_qty,0.53749999999999998,0,True,
benchmark,495,q10_top_sellers_qty,0.52600000000000002,0,True,
benchmark,496,q10_top_sellers_qty,0.52510000000000001,0,True,
benchmark,497,q10_top_sellers_qty,0.52449999999999997,0,True,
benchmark,498,q10_top_sellers_qty,0.48670000000000002,0,True,
benchmark,499,q10_top_sellers_qty,0.5232,0,True,
benchmark,500,q10_top_sellers_qty,0.53069999999999995,0,True,
benchmark,501,q10_top_sellers_qty,2.3441000000000001,0,True,
benchmark,502,q10_top_sellers_qty,2.1086,0,True,
benchmark,503,q10_top_sellers_qty,1.8987000000000001,0,True,
benchmark,504,q10_top_sellers_qty,1.4755,0,True,
benchmark,505,q10_top_sellers_qty,1.2637,0,True,
benchmark,506,q10_top_sellers_qty,1.2729999999999999,0,True,
benchmark,507,q10_top_sellers_qty,1.8253999999999999,0,True,
benchmark,508,q10_top_sellers_qty,1.8782000000000001,0,True,
benchmark,509,q10_top_sellers_qty,1.3454999999999999,0,True,
benchmark,510,q10_top_sellers_qty,1.28,0,True,
benchmark,511,q10_top_sellers_qty,1.1129,0,True,
benchmark,512,q10_top_sellers_qty,0.99490000000000001,0,True,
benchmark,513,q10_top_sellers_qty,0.99560000000000004,0,True,
benchmark,514,q10_top_sellers_qty,0.99750000000000005,0,True,
benchmark,515,q10_top_sellers_qty,1.0286999999999999,0,True,
benchmark,516,q10_top_sellers_qty,0.90169999999999995,0,True,
benchmark,517,q10_top_sellers_qty,0.87070000000000003,0,True,
benchmark,518,q10_top_sellers_qty,0.87919999999999998,0,True,
benchmark,519,q10_top_sellers_qty,0.95699999999999996,0,True,
benchmark,520,q10_top_sellers_qty,0.87970000000000004,0,True,
benchmark,521,q10_top_sellers_qty,0.86170000000000002,0,True,
benchmark,522,q10_top_sellers_qty,0.87639999999999996,0,True,
benchmark,523,q10_top_sellers_qty,1,0,True,
benchmark,524,q10_top_sellers_qty,0.86650000000000005,0,True,
benchmark,525,q10_top_sellers_qty,0.75019999999999998,0,True,
benchmark,526,q10_top_sellers_qty,0.69140000000000001,0,True,
benchmark,527,q10_top_sellers_qty,1.2183999999999999,0,True,
benchmark,528,q10_top_sellers_qty,0.82020000000000004,0,True,
benchmark,529,q10_top_sellers_qty,0.72770000000000001,0,True,
benchmark,530,q10_top_sellers_qty,0.85089999999999999,0,True,
benchmark,531,q10_top_sellers_qty,0.88690000000000002,0,True,
benchmark,532,q10_top_sellers_qty,0.81850000000000001,0,True,
benchmark,533,q10_top_sellers_qty,0.75170000000000003,0,True,
benchmark,534,q10_top_sellers_qty,0.67479999999999996,0,True,
benchmark,535,q10_top_sellers_qty,0.75929999999999997,0,True,
benchmark,536,q10_top_sellers_qty,0.79959999999999998,0,True,
benchmark,537,q10_top_sellers_qty,0.76749999999999996,0,True,
benchmark,538,q10_top_sellers_qty,0.71030000000000004,0,True,
benchmark,539,q10_top_sellers_qty,0.82969999999999999,0,True,
benchmark,540,q10_top_sellers_qty,0.75619999999999998,0,True,
benchmark,541,q10_top_sellers_qty,0.63919999999999999,0,True,
benchmark,542,q10_top_sellers_qty,0.68369999999999997,0,True,
benchmark,543,q10_top_sellers_qty,0.76180000000000003,0,True,
benchmark,544,q10_top_sellers_qty,0.67969999999999997,0,True,
benchmark,545,q10_top_sellers_qty,0.63219999999999998,0,True,
benchmark,546,q10_top_sellers_qty,0.62890000000000001,0,True,
benchmark,547,q10_top_sellers_qty,0.63119999999999998,0,True,
benchmark,548,q10_top_sellers_qty,0.68830000000000002,0,True,
benchmark,549,q10_top_sellers_qty,0.60070000000000001,0,True,
benchmark,550,q10_top_sellers_qty,0.65090000000000003,0,True,
benchmark,551,q10_top_sellers_qty,0.7077,0,True,
benchmark,552,q10_top_sellers_qty,0.62250000000000005,0,True,
benchmark,553,q10_top_sellers_qty,0.71740000000000004,0,True,
benchmark,554,q10_top_sellers_qty,0.74299999999999999,0,True,
benchmark,555,q10_top_sellers_qty,0.78400000000000003,0,True,
benchmark,556,q10_top_sellers_qty,0.75870000000000004,0,True,
benchmark,557,q10_top_sellers_qty,0.72719999999999996,0,True,
benchmark,558,q10_top_sellers_qty,0.69550000000000001,0,True,
benchmark,559,q10_top_sellers_qty,0.628,0,True,
benchmark,560,q10_top_sellers_qty,0.61670000000000003,0,True,
benchmark,561,q10_top_sellers_qty,0.57589999999999997,0,True,
benchmark,562,q10_top_sellers_qty,0.57550000000000001,0,True,
benchmark,563,q10_top_sellers_qty,0.58399999999999996,0,True,
benchmark,564,q10_top_sellers_qty,0.58450000000000002,0,True,
benchmark,565,q10_top_sellers_qty,0.65720000000000001,0,True,
benchmark,566,q10_top_sellers_qty,0.55420000000000003,0,True,
benchmark,567,q10_top_sellers_qty,0.54649999999999999,0,True,
benchmark,568,q10_top_sellers_qty,0.52710000000000001,0,True,
benchmark,569,q10_top_sellers_qty,0.57399999999999995,0,True,
benchmark,570,q10_top_sellers_qty,0.58689999999999998,0,True,
benchmark,571,q10_top_sellers_qty,0.626,0,True,
benchmark,572,q10_top_sellers_qty,0.55869999999999997,0,True,
benchmark,573,q10_top_sellers_qty,0.53690000000000004,0,True,
benchmark,574,q10_top_sellers_qty,0.60150000000000003,0,True,
benchmark,575,q10_top_sellers_qty,0.52869999999999995,0,True,
benchmark,576,q10_top_sellers_qty,0.53959999999999997,0,True,
benchmark,577,q10_top_sellers_qty,0.53469999999999995,0,True,
benchmark,578,q10_top_sellers_qty,0.51539999999999997,0,True,
benchmark,579,q10_top_sellers_qty,0.51719999999999999,0,True,
benchmark,580,q10_top_sellers_qty,0.55710000000000004,0,True,
benchmark,581,q10_top_sellers_qty,0.50829999999999997,0,True,
benchmark,582,q10_top_sellers_qty,0.47999999999999998,0,True,
benchmark,583,q10_top_sellers_qty,0.52329999999999999,0,True,
benchmark,584,q10_top_sellers_qty,0.56579999999999997,0,True,
benchmark,585,q10_top_sellers_qty,0.50739999999999996,0,True,
benchmark,586,q10_top_sellers_qty,0.54190000000000005,0,True,
benchmark,587,q10_top_sellers_qty,0.51570000000000005,0,True,
benchmark,588,q10_top_sellers_qty,0.51759999999999995,0,True,
benchmark,589,q10_top_sellers_qty,0.49869999999999998,0,True,
benchmark,590,q10_top_sellers_qty,0.47089999999999999,0,True,
benchmark,591,q10_top_sellers_qty,0.49249999999999999,0,True,
benchmark,592,q10_top_sellers_qty,0.50860000000000005,0,True,
benchmark,593,q10_top_sellers_qty,0.53590000000000004,0,True,
benchmark,594,q10_top_sellers_qty,0.45000000000000001,0,True,
benchmark,595,q10_top_sellers_qty,0.48149999999999998,0,True,
benchmark,596,q10_top_sellers_qty,0.48020000000000002,0,True,
benchmark,597,q10_top_sellers_qty,0.56369999999999998,0,True,
benchmark,598,q10_top_sellers_qty,0.49049999999999999,0,True,
benchmark,599,q10_top_sellers_qty,0.48899999999999999,0,True,
benchmark,600,q10_top_sellers_qty,0.4773,0,True,
benchmark,601,q10_top_sellers_qty,3.2585999999999999,0,True,
benchmark,602,q10_top_sellers_qty,1.4162999999999999,0,True,
benchmark,603,q10_top_sellers_qty,1.2633000000000001,0,True,
benchmark,604,q10_top_sellers_qty,1.0604,0,True,
benchmark,605,q10_top_sellers_qty,0.98240000000000005,0,True,
benchmark,606,q10_top_sellers_qty,1.0987,0,True,
benchmark,607,q10_top_sellers_qty,1.0406,0,True,
benchmark,608,q10_top_sellers_qty,1.7337,0,True,
benchmark,609,q10_top_sellers_qty,1.8694999999999999,0,True,
benchmark,610,q10_top_sellers_qty,1.0600000000000001,0,True,
benchmark,611,q10_top_sellers_qty,1.22,0,True,
benchmark,612,q10_top_sellers_qty,1.3038000000000001,0,True,
benchmark,613,q10_top_sellers_qty,1.0129999999999999,0,True,
benchmark,614,q10_top_sellers_qty,1.0411999999999999,0,True,
benchmark,615,q10_top_sellers_qty,1.0077,0,True,
benchmark,616,q10_top_sellers_qty,0.99839999999999995,0,True,
benchmark,617,q10_top_sellers_qty,0.93120000000000003,0,True,
benchmark,618,q10_top_sellers_qty,0.93540000000000001,0,True,
benchmark,619,q10_top_sellers_qty,0.97829999999999995,0,True,
benchmark,620,q10_top_sellers_qty,2.2351000000000001,0,True,
benchmark,621,q10_top_sellers_qty,0.9264,0,True,
benchmark,622,q10_top_sellers_qty,0.86329999999999996,0,True,
benchmark,623,q10_top_sellers_qty,0.88890000000000002,0,True,
benchmark,624,q10_top_sellers_qty,0.83709999999999996,0,True,
benchmark,625,q10_top_sellers_qty,0.81240000000000001,0,True,
benchmark,626,q10_top_sellers_qty,0.78820000000000001,0,True,
benchmark,627,q10_top_sellers_qty,0.80389999999999995,0,True,
benchmark,628,q10_top_sellers_qty,0.80469999999999997,0,True,
benchmark,629,q10_top_sellers_qty,0.89080000000000004,0,True,
benchmark,630,q10_top_sellers_qty,0.84050000000000002,0,True,
benchmark,631,q10_top_sellers_qty,0.96050000000000002,0,True,
benchmark,632,q10_top_sellers_qty,0.82750000000000001,0,True,
benchmark,633,q10_top_sellers_qty,0.748,0,True,
benchmark,634,q10_top_sellers_qty,0.6865,0,True,
benchmark,635,q10_top_sellers_qty,0.74990000000000001,0,True,
benchmark,636,q10_top_sellers_qty,0.71870000000000001,0,True,
benchmark,637,q10_top_sellers_qty,1.077,0,True,
benchmark,638,q10_top_sellers_qty,0.73699999999999999,0,True,
benchmark,639,q10_top_sellers_qty,0.76070000000000004,0,True,
benchmark,640,q10_top_sellers_qty,0.80559999999999998,0,True,
benchmark,641,q10_top_sellers_qty,0.78720000000000001,0,True,
benchmark,642,q10_top_sellers_qty,0.74390000000000001,0,True,
benchmark,643,q10_top_sellers_qty,0.77359999999999995,0,True,
benchmark,644,q10_top_sellers_qty,0.755,0,True,
benchmark,645,q10_top_sellers_qty,0.70520000000000005,0,True,
benchmark,646,q10_top_sellers_qty,0.66600000000000004,0,True,
benchmark,647,q10_top_sellers_qty,0.65049999999999997,0,True,
benchmark,648,q10_top_sellers_qty,0.63929999999999998,0,True,
benchmark,649,q10_top_sellers_qty,0.74160000000000004,0,True,
benchmark,650,q10_top_sellers_qty,0.68200000000000005,0,True,
benchmark,651,q10_top_sellers_qty,0.7349,0,True,
benchmark,652,q10_top_sellers_qty,0.7137,0,True,
benchmark,653,q10_top_sellers_qty,0.76419999999999999,0,True,
benchmark,654,q10_top_sellers_qty,0.71970000000000001,0,True,
benchmark,655,q10_top_sellers_qty,0.72299999999999998,0,True,
benchmark,656,q10_top_sellers_qty,0.7843,0,True,
benchmark,657,q10_top_sellers_qty,0.8115,0,True,
benchmark,658,q10_top_sellers_qty,0.68689999999999996,0,True,
benchmark,659,q10_top_sellers_qty,0.57450000000000001,0,True,
benchmark,660,q10_top_sellers_qty,0.58940000000000003,0,True,
benchmark,661,q10_top_sellers_qty,0.65880000000000005,0,True,
benchmark,662,q10_top_sellers_qty,0.65539999999999998,0,True,
benchmark,663,q10_top_sellers_qty,0.96599999999999997,0,True,
benchmark,664,q10_top_sellers_qty,0.59470000000000001,0,True,
benchmark,665,q10_top_sellers_qty,1.6349,0,True,
benchmark,666,q10_top_sellers_qty,0.61819999999999997,0,True,
benchmark,667,q10_top_sellers_qty,0.61050000000000004,0,True,
benchmark,668,q10_top_sellers_qty,0.69310000000000005,0,True,
benchmark,669,q10_top_sellers_qty,0.65900000000000003,0,True,
benchmark,670,q10_top_sellers_qty,0.55300000000000005,0,True,
benchmark,671,q10_top_sellers_qty,0.57789999999999997,0,True,
benchmark,672,q10_top_sellers_qty,0.5585,0,True,
benchmark,673,q10_top_sellers_qty,0.57809999999999995,0,True,
benchmark,674,q10_top_sellers_qty,0.55640000000000001,0,True,
benchmark,675,q10_top_sellers_qty,0.58040000000000003,0,True,
benchmark,676,q10_top_sellers_qty,0.61719999999999997,0,True,
benchmark,677,q10_top_sellers_qty,0.5373,0,True,
benchmark,678,q10_top_sellers_qty,0.58420000000000005,0,True,
benchmark,679,q10_top_sellers_qty,0.56299999999999994,0,True,
benchmark,680,q10_top_sellers_qty,0.59860000000000002,0,True,
benchmark,681,q10_top_sellers_qty,0.55130000000000001,0,True,
benchmark,682,q10_top_sellers_qty,0.53080000000000005,0,True,
benchmark,683,q10_top_sellers_qty,0.54679999999999995,0,True,
benchmark,684,q10_top_sellers_qty,0.54279999999999995,0,True,
benchmark,685,q10_top_sellers_qty,0.54420000000000002,0,True,
benchmark,686,q10_top_sellers_qty,0.52890000000000004,0,True,
benchmark,687,q10_top_sellers_qty,0.51590000000000003,0,True,
benchmark,688,q10_top_sellers_qty,1.3722000000000001,0,True,
benchmark,689,q10_top_sellers_qty,0.58220000000000005,0,True,
benchmark,690,q10_top_sellers_qty,0.54530000000000001,0,True,
benchmark,691,q10_top_sellers_qty,0.59519999999999995,0,True,
benchmark,692,q10_top_sellers_qty,0.52049999999999996,0,True,
benchmark,693,q10_top_sellers_qty,0.57840000000000003,0,True,
benchmark,694,q10_top_sellers_qty,0.56520000000000004,0,True,
benchmark,695,q10_top_sellers_qty,0.56040000000000001,0,True,
benchmark,696,q10_top_sellers_qty,0.55630000000000002,0,True,
benchmark,697,q10_top_sellers_qty,0.5272,0,True,
benchmark,698,q10_top_sellers_qty,0.55089999999999995,0,True,
benchmark,699,q10_top_sellers_qty,0.54179999999999995,0,True,
benchmark,700,q10_top_sellers_qty,0.52270000000000005,0,True,
benchmark,701,q10_top_sellers_qty,5.1688999999999998,0,True,
benchmark,702,q10_top_sellers_qty,1.4942,0,True,
benchmark,703,q10_top_sellers_qty,1.2204999999999999,0,True,
benchmark,704,q10_top_sellers_qty,1.1795,0,True,
benchmark,705,q10_top_sellers_qty,1.2210000000000001,0,True,
benchmark,706,q10_top_sellers_qty,1.3991,0,True,
benchmark,707,q10_top_sellers_qty,1.1717,0,True,
benchmark,708,q10_top_sellers_qty,1.1762999999999999,0,True,
benchmark,709,q10_top_sellers_qty,1.5545,0,True,
benchmark,710,q10_top_sellers_qty,1.4131,0,True,
benchmark,711,q10_top_sellers_qty,1.2849999999999999,0,True,
benchmark,712,q10_top_sellers_qty,4.8033999999999999,0,True,
benchmark,713,q10_top_sellers_qty,5.8169000000000004,0,True,
benchmark,714,q10_top_sellers_qty,1.3142,0,True,
benchmark,715,q10_top_sellers_qty,1.0085,0,True,
benchmark,716,q10_top_sellers_qty,1.0710999999999999,0,True,
benchmark,717,q10_top_sellers_qty,1.0688,0,True,
benchmark,718,q10_top_sellers_qty,1.0213000000000001,0,True,
benchmark,719,q10_top_sellers_qty,0.85770000000000002,0,True,
benchmark,720,q10_top_sellers_qty,0.8105,0,True,
benchmark,721,q10_top_sellers_qty,0.86739999999999995,0,True,
benchmark,722,q10_top_sellers_qty,0.83779999999999999,0,True,
benchmark,723,q10_top_sellers_qty,0.94999999999999996,0,True,
benchmark,724,q10_top_sellers_qty,0.8085,0,True,
benchmark,725,q10_top_sellers_qty,0.81740000000000002,0,True,
benchmark,726,q10_top_sellers_qty,0.96499999999999997,0,True,
benchmark,727,q10_top_sellers_qty,0.7863,0,True,
benchmark,728,q10_top_sellers_qty,0.84470000000000001,0,True,
benchmark,729,q10_top_sellers_qty,0.74139999999999995,0,True,
benchmark,730,q10_top_sellers_qty,0.80720000000000003,0,True,
benchmark,731,q10_top_sellers_qty,0.74690000000000001,0,True,
benchmark,732,q10_top_sellers_qty,0.75719999999999998,0,True,
benchmark,733,q10_top_sellers_qty,0.79190000000000005,0,True,
benchmark,734,q10_top_sellers_qty,0.80279999999999996,0,True,
benchmark,735,q10_top_sellers_qty,0.77039999999999997,0,True,
benchmark,736,q10_top_sellers_qty,0.75829999999999997,0,True,
benchmark,737,q10_top_sellers_qty,0.74439999999999995,0,True,
benchmark,738,q10_top_sellers_qty,0.71319999999999995,0,True,
benchmark,739,q10_top_sellers_qty,0.68030000000000002,0,True,
benchmark,740,q10_top_sellers_qty,0.71940000000000004,0,True,
benchmark,741,q10_top_sellers_qty,0.79139999999999999,0,True,
benchmark,742,q10_top_sellers_qty,0.72419999999999995,0,True,
benchmark,743,q10_top_sellers_qty,2.2038000000000002,0,True,
benchmark,744,q10_top_sellers_qty,0.71930000000000005,0,True,
benchmark,745,q10_top_sellers_qty,0.63890000000000002,0,True,
benchmark,746,q10_top_sellers_qty,0.63949999999999996,0,True,
benchmark,747,q10_top_sellers_qty,0.64200000000000002,0,True,
benchmark,748,q10_top_sellers_qty,0.66669999999999996,0,True,
benchmark,749,q10_top_sellers_qty,0.69220000000000004,0,True,
benchmark,750,q10_top_sellers_qty,0.72419999999999995,0,True,
benchmark,751,q10_top_sellers_qty,0.69720000000000004,0,True,
benchmark,752,q10_top_sellers_qty,0.67689999999999995,0,True,
benchmark,753,q10_top_sellers_qty,0.65310000000000001,0,True,
benchmark,754,q10_top_sellers_qty,0.64749999999999996,0,True,
benchmark,755,q10_top_sellers_qty,0.67469999999999997,0,True,
benchmark,756,q10_top_sellers_qty,0.73609999999999998,0,True,
benchmark,757,q10_top_sellers_qty,0.62050000000000005,0,True,
benchmark,758,q10_top_sellers_qty,0.66420000000000001,0,True,
benchmark,759,q10_top_sellers_qty,0.6159,0,True,
benchmark,760,q10_top_sellers_qty,0.57950000000000002,0,True,
benchmark,761,q10_top_sellers_qty,0.61040000000000005,0,True,
benchmark,762,q10_top_sellers_qty,0.61750000000000005,0,True,
benchmark,763,q10_top_sellers_qty,0.57589999999999997,0,True,
benchmark,764,q10_top_sellers_qty,0.62139999999999995,0,True,
benchmark,765,q10_top_sellers_qty,0.5867,0,True,
benchmark,766,q10_top_sellers_qty,0.59799999999999998,0,True,
benchmark,767,q10_top_sellers_qty,0.60509999999999997,0,True,
benchmark,768,q10_top_sellers_qty,0.55820000000000003,0,True,
benchmark,769,q10_top_sellers_qty,0.60499999999999998,0,True,
benchmark,770,q10_top_sellers_qty,0.57050000000000001,0,True,
benchmark,771,q10_top_sellers_qty,0.54520000000000002,0,True,
benchmark,772,q10_top_sellers_qty,0.58179999999999998,0,True,
benchmark,773,q10_top_sellers_qty,0.51529999999999998,0,True,
benchmark,774,q10_top_sellers_qty,0.58650000000000002,0,True,
benchmark,775,q10_top_sellers_qty,0.59289999999999998,0,True,
benchmark,776,q10_top_sellers_qty,0.57750000000000001,0,True,
benchmark,777,q10_top_sellers_qty,0.94350000000000001,0,True,
benchmark,778,q10_top_sellers_qty,0.65620000000000001,0,True,
benchmark,779,q10_top_sellers_qty,0.70009999999999994,0,True,
benchmark,780,q10_top_sellers_qty,1.1912,0,True,
benchmark,781,q10_top_sellers_qty,0.80149999999999999,0,True,
benchmark,782,q10_top_sellers_qty,0.53390000000000004,0,True,
benchmark,783,q10_top_sellers_qty,0.54659999999999997,0,True,
benchmark,784,q10_top_sellers_qty,0.57609999999999995,0,True,
benchmark,785,q10_top_sellers_qty,0.60050000000000003,0,True,
benchmark,786,q10_top_sellers_qty,0.56469999999999998,0,True,
benchmark,787,q10_top_sellers_qty,0.49809999999999999,0,True,
benchmark,788,q10_top_sellers_qty,0.54659999999999997,0,True,
benchmark,789,q10_top_sellers_qty,0.57930000000000004,0,True,
benchmark,790,q10_top_sellers_qty,1.5411999999999999,0,True,
benchmark,791,q10_top_sellers_qty,0.48130000000000001,0,True,
benchmark,792,q10_top_sellers_qty,0.56279999999999997,0,True,
benchmark,793,q10_top_sellers_qty,0.59119999999999995,0,True,
benchmark,794,q10_top_sellers_qty,0.68259999999999998,0,True,
benchmark,795,q10_top_sellers_qty,0.50629999999999997,0,True,
benchmark,796,q10_top_sellers_qty,0.57799999999999996,0,True,
benchmark,797,q10_top_sellers_qty,0.51060000000000005,0,True,
benchmark,798,q10_top_sellers_qty,0.52149999999999996,0,True,
benchmark,799,q10_top_sellers_qty,0.4874,0,True,
benchmark,800,q10_top_sellers_qty,0.51980000000000004,0,True,
benchmark,801,q10_top_sellers_qty,2.8050999999999999,0,True,
benchmark,802,q10_top_sellers_qty,1.3698999999999999,0,True,
benchmark,803,q10_top_sellers_qty,1.1273,0,True,
benchmark,804,q10_top_sellers_qty,1.0079,0,True,
benchmark,805,q10_top_sellers_qty,0.98099999999999998,0,True,
benchmark,806,q10_top_sellers_qty,0.90410000000000001,0,True,
benchmark,807,q10_top_sellers_qty,1.3529,0,True,
benchmark,808,q10_top_sellers_qty,1.2000999999999999,0,True,
benchmark,809,q10_top_sellers_qty,1.2511000000000001,0,True,
benchmark,810,q10_top_sellers_qty,1.1531,0,True,
benchmark,811,q10_top_sellers_qty,1.1271,0,True,
benchmark,812,q10_top_sellers_qty,1.0880000000000001,0,True,
benchmark,813,q10_top_sellers_qty,1.0965,0,True,
benchmark,814,q10_top_sellers_qty,1.3407,0,True,
benchmark,815,q10_top_sellers_qty,1.3685,0,True,
benchmark,816,q10_top_sellers_qty,1.3277000000000001,0,True,
benchmark,817,q10_top_sellers_qty,1.2506999999999999,0,True,
benchmark,818,q10_top_sellers_qty,3.2629000000000001,0,True,
benchmark,819,q10_top_sellers_qty,1.2652000000000001,0,True,
benchmark,820,q10_top_sellers_qty,0.89849999999999997,0,True,
benchmark,821,q10_top_sellers_qty,0.96240000000000003,0,True,
benchmark,822,q10_top_sellers_qty,0.84019999999999995,0,True,
benchmark,823,q10_top_sellers_qty,0.89639999999999997,0,True,
benchmark,824,q10_top_sellers_qty,1.2822,0,True,
benchmark,825,q10_top_sellers_qty,1.3421000000000001,0,True,
benchmark,826,q10_top_sellers_qty,1.1492,0,True,
benchmark,827,q10_top_sellers_qty,0.8488,0,True,
benchmark,828,q10_top_sellers_qty,0.78000000000000003,0,True,
benchmark,829,q10_top_sellers_qty,0.90500000000000003,0,True,
benchmark,830,q10_top_sellers_qty,0.79510000000000003,0,True,
benchmark,831,q10_top_sellers_qty,0.75470000000000004,0,True,
benchmark,832,q10_top_sellers_qty,0.83030000000000004,0,True,
benchmark,833,q10_top_sellers_qty,0.81040000000000001,0,True,
benchmark,834,q10_top_sellers_qty,0.76549999999999996,0,True,
benchmark,835,q10_top_sellers_qty,0.77849999999999997,0,True,
benchmark,836,q10_top_sellers_qty,0.76829999999999998,0,True,
benchmark,837,q10_top_sellers_qty,0.71150000000000002,0,True,
benchmark,838,q10_top_sellers_qty,0.62649999999999995,0,True,
benchmark,839,q10_top_sellers_qty,0.71819999999999995,0,True,
benchmark,840,q10_top_sellers_qty,0.73850000000000005,0,True,
benchmark,841,q10_top_sellers_qty,0.68269999999999997,0,True,
benchmark,842,q10_top_sellers_qty,0.68400000000000005,0,True,
benchmark,843,q10_top_sellers_qty,0.78280000000000005,0,True,
benchmark,844,q10_top_sellers_qty,0.80369999999999997,0,True,
benchmark,845,q10_top_sellers_qty,0.71179999999999999,0,True,
benchmark,846,q10_top_sellers_qty,0.71279999999999999,0,True,
benchmark,847,q10_top_sellers_qty,0.69610000000000005,0,True,
benchmark,848,q10_top_sellers_qty,0.75800000000000001,0,True,
benchmark,849,q10_top_sellers_qty,0.69120000000000004,0,True,
benchmark,850,q10_top_sellers_qty,0.69610000000000005,0,True,
benchmark,851,q10_top_sellers_qty,0.67920000000000003,0,True,
benchmark,852,q10_top_sellers_qty,0.58660000000000001,0,True,
benchmark,853,q10_top_sellers_qty,0.63180000000000003,0,True,
benchmark,854,q10_top_sellers_qty,0.61519999999999997,0,True,
benchmark,855,q10_top_sellers_qty,0.62770000000000004,0,True,
benchmark,856,q10_top_sellers_qty,0.58120000000000005,0,True,
benchmark,857,q10_top_sellers_qty,0.63629999999999998,0,True,
benchmark,858,q10_top_sellers_qty,0.55049999999999999,0,True,
benchmark,859,q10_top_sellers_qty,0.62229999999999996,0,True,
benchmark,860,q10_top_sellers_qty,0.57740000000000002,0,True,
benchmark,861,q10_top_sellers_qty,0.71599999999999997,0,True,
benchmark,862,q10_top_sellers_qty,0.60319999999999996,0,True,
benchmark,863,q10_top_sellers_qty,0.60680000000000001,0,True,
benchmark,864,q10_top_sellers_qty,0.57750000000000001,0,True,
benchmark,865,q10_top_sellers_qty,0.53749999999999998,0,True,
benchmark,866,q10_top_sellers_qty,0.54039999999999999,0,True,
benchmark,867,q10_top_sellers_qty,0.56110000000000004,0,True,
benchmark,868,q10_top_sellers_qty,0.58399999999999996,0,True,
benchmark,869,q10_top_sellers_qty,0.53180000000000005,0,True,
benchmark,870,q10_top_sellers_qty,0.59060000000000001,0,True,
benchmark,871,q10_top_sellers_qty,0.63180000000000003,0,True,
benchmark,872,q10_top_sellers_qty,0.67579999999999996,0,True,
benchmark,873,q10_top_sellers_qty,0.61250000000000004,0,True,
benchmark,874,q10_top_sellers_qty,0.5736,0,True,
benchmark,875,q10_top_sellers_qty,0.53480000000000005,0,True,
benchmark,876,q10_top_sellers_qty,0.57509999999999994,0,True,
benchmark,877,q10_top_sellers_qty,0.58750000000000002,0,True,
benchmark,878,q10_top_sellers_qty,0.67069999999999996,0,True,
benchmark,879,q10_top_sellers_qty,0.60119999999999996,0,True,
benchmark,880,q10_top_sellers_qty,0.54269999999999996,0,True,
benchmark,881,q10_top_sellers_qty,0.4723,0,True,
benchmark,882,q10_top_sellers_qty,0.53380000000000005,0,True,
benchmark,883,q10_top_sellers_qty,0.48920000000000002,0,True,
benchmark,884,q10_top_sellers_qty,0.4728,0,True,
benchmark,885,q10_top_sellers_qty,0.52390000000000003,0,True,
benchmark,886,q10_top_sellers_qty,0.48730000000000001,0,True,
benchmark,887,q10_top_sellers_qty,0.47670000000000001,0,True,
benchmark,888,q10_top_sellers_qty,0.48280000000000001,0,True,
benchmark,889,q10_top_sellers_qty,0.51649999999999996,0,True,
benchmark,890,q10_top_sellers_qty,0.50280000000000002,0,True,
benchmark,891,q10_top_sellers_qty,0.52969999999999995,0,True,
benchmark,892,q10_top_sellers_qty,0.5716,0,True,
benchmark,893,q10_top_sellers_qty,0.52000000000000002,0,True,
benchmark,894,q10_top_sellers_qty,0.51259999999999994,0,True,
benchmark,895,q10_top_sellers_qty,0.52149999999999996,0,True,
benchmark,896,q10_top_sellers_qty,0.4733,0,True,
benchmark,897,q10_top_sellers_qty,0.48399999999999999,0,True,
benchmark,898,q10_top_sellers_qty,0.55579999999999996,0,True,
benchmark,899,q10_top_sellers_qty,0.53659999999999997,0,True,
benchmark,900,q10_top_sellers_qty,1.2010000000000001,0,True,
benchmark,901,q10_top_sellers_qty,3.7465000000000002,0,True,
benchmark,902,q10_top_sellers_qty,1.5859000000000001,0,True,
benchmark,903,q10_top_sellers_qty,1.4107000000000001,0,True,
benchmark,904,q10_top_sellers_qty,1.3193999999999999,0,True,
benchmark,905,q10_top_sellers_qty,1.3376999999999999,0,True,
benchmark,906,q10_top_sellers_qty,1.2782,0,True,
benchmark,907,q10_top_sellers_qty,1.1922999999999999,0,True,
benchmark,908,q10_top_sellers_qty,1.1296999999999999,0,True,
benchmark,909,q10_top_sellers_qty,0.99870000000000003,0,True,
benchmark,910,q10_top_sellers_qty,0.91990000000000005,0,True,
benchmark,911,q10_top_sellers_qty,0.98109999999999997,0,True,
benchmark,912,q10_top_sellers_qty,1.3546,0,True,
benchmark,913,q10_top_sellers_qty,1.3033999999999999,0,True,
benchmark,914,q10_top_sellers_qty,1.147,0,True,
benchmark,915,q10_top_sellers_qty,0.99160000000000004,0,True,
benchmark,916,q10_top_sellers_qty,0.93400000000000005,0,True,
benchmark,917,q10_top_sellers_qty,0.84709999999999996,0,True,
benchmark,918,q10_top_sellers_qty,1.0337000000000001,0,True,
benchmark,919,q10_top_sellers_qty,0.96150000000000002,0,True,
benchmark,920,q10_top_sellers_qty,0.90100000000000002,0,True,
benchmark,921,q10_top_sellers_qty,0.96440000000000003,0,True,
benchmark,922,q10_top_sellers_qty,0.7984,0,True,
benchmark,923,q10_top_sellers_qty,0.85870000000000002,0,True,
benchmark,924,q10_top_sellers_qty,0.77490000000000003,0,True,
benchmark,925,q10_top_sellers_qty,0.8054,0,True,
benchmark,926,q10_top_sellers_qty,0.99580000000000002,0,True,
benchmark,927,q10_top_sellers_qty,0.86970000000000003,0,True,
benchmark,928,q10_top_sellers_qty,0.73870000000000002,0,True,
benchmark,929,q10_top_sellers_qty,0.79690000000000005,0,True,
benchmark,930,q10_top_sellers_qty,0.82410000000000005,0,True,
benchmark,931,q10_top_sellers_qty,0.76149999999999995,0,True,
benchmark,932,q10_top_sellers_qty,0.76400000000000001,0,True,
benchmark,933,q10_top_sellers_qty,0.68459999999999999,0,True,
benchmark,934,q10_top_sellers_qty,0.71930000000000005,0,True,
benchmark,935,q10_top_sellers_qty,0.70489999999999997,0,True,
benchmark,936,q10_top_sellers_qty,1.3888,0,True,
benchmark,937,q10_top_sellers_qty,0.70130000000000003,0,True,
benchmark,938,q10_top_sellers_qty,0.80969999999999998,0,True,
benchmark,939,q10_top_sellers_qty,0.65280000000000005,0,True,
benchmark,940,q10_top_sellers_qty,0.69769999999999999,0,True,
benchmark,941,q10_top_sellers_qty,0.54620000000000002,0,True,
benchmark,942,q10_top_sellers_qty,0.57699999999999996,0,True,
benchmark,943,q10_top_sellers_qty,0.67369999999999997,0,True,
benchmark,944,q10_top_sellers_qty,0.72389999999999999,0,True,
benchmark,945,q10_top_sellers_qty,0.64419999999999999,0,True,
benchmark,946,q10_top_sellers_qty,0.72670000000000001,0,True,
benchmark,947,q10_top_sellers_qty,0.754,0,True,
benchmark,948,q10_top_sellers_qty,0.71640000000000004,0,True,
benchmark,949,q10_top_sellers_qty,0.85980000000000001,0,True,
benchmark,950,q10_top_sellers_qty,0.83850000000000002,0,True,
benchmark,951,q10_top_sellers_qty,0.92500000000000004,0,True,
benchmark,952,q10_top_sellers_qty,0.69010000000000005,0,True,
benchmark,953,q10_top_sellers_qty,0.80810000000000004,0,True,
benchmark,954,q10_top_sellers_qty,0.69399999999999995,0,True,
benchmark,955,q10_top_sellers_qty,0.7087,0,True,
benchmark,956,q10_top_sellers_qty,0.70669999999999999,0,True,
benchmark,957,q10_top_sellers_qty,0.70189999999999997,0,True,
benchmark,958,q10_top_sellers_qty,0.74260000000000004,0,True,
benchmark,959,q10_top_sellers_qty,0.75290000000000001,0,True,
benchmark,960,q10_top_sellers_qty,0.75880000000000003,0,True,
benchmark,961,q10_top_sellers_qty,0.73040000000000005,0,True,
benchmark,962,q10_top_sellers_qty,0.66569999999999996,0,True,
benchmark,963,q10_top_sellers_qty,0.89780000000000004,0,True,
benchmark,964,q10_top_sellers_qty,0.9163,0,True,
benchmark,965,q10_top_sellers_qty,0.78910000000000002,0,True,
benchmark,966,q10_top_sellers_qty,0.85219999999999996,0,True,
benchmark,967,q10_top_sellers_qty,0.77790000000000004,0,True,
benchmark,968,q10_top_sellers_qty,0.61499999999999999,0,True,
benchmark,969,q10_top_sellers_qty,0.63719999999999999,0,True,
benchmark,970,q10_top_sellers_qty,0.57199999999999995,0,True,
benchmark,971,q10_top_sellers_qty,0.5575,0,True,
benchmark,972,q10_top_sellers_qty,0.48380000000000001,0,True,
benchmark,973,q10_top_sellers_qty,0.55559999999999998,0,True,
benchmark,974,q10_top_sellers_qty,0.60499999999999998,0,True,
benchmark,975,q10_top_sellers_qty,1.3913,0,True,
benchmark,976,q10_top_sellers_qty,0.63149999999999995,0,True,
benchmark,977,q10_top_sellers_qty,0.54690000000000005,0,True,
benchmark,978,q10_top_sellers_qty,0.56120000000000003,0,True,
benchmark,979,q10_top_sellers_qty,0.61570000000000003,0,True,
benchmark,980,q10_top_sellers_qty,0.60540000000000005,0,True,
benchmark,981,q10_top_sellers_qty,0.73470000000000002,0,True,
benchmark,982,q10_top_sellers_qty,0.59799999999999998,0,True,
benchmark,983,q10_top_sellers_qty,0.62939999999999996,0,True,
benchmark,984,q10_top_sellers_qty,0.58750000000000002,0,True,
benchmark,985,q10_top_sellers_qty,0.4965,0,True,
benchmark,986,q10_top_sellers_qty,0.44779999999999998,0,True,
benchmark,987,q10_top_sellers_qty,0.4955,0,True,
benchmark,988,q10_top_sellers_qty,0.43070000000000003,0,True,
benchmark,989,q10_top_sellers_qty,0.42580000000000001,0,True,
benchmark,990,q10_top_sellers_qty,0.44869999999999999,0,True,
benchmark,991,q10_top_sellers_qty,0.47970000000000002,0,True,
benchmark,992,q10_top_sellers_qty,0.439,0,True,
benchmark,993,q10_top_sellers_qty,0.44080000000000003,0,True,
benchmark,994,q10_top_sellers_qty,0.43690000000000001,0,True,
benchmark,995,q10_top_sellers_qty,0.42909999999999998,0,True,
benchmark,996,q10_top_sellers_qty,0.48039999999999999,0,True,
benchmark,997,q10_top_sellers_qty,0.41299999999999998,0,True,
benchmark,998,q10_top_sellers_qty,0.45700000000000002,0,True,
benchmark,999,q10_top_sellers_qty,0.46039999999999998,0,True,
benchmark,1000,q10_top_sellers_qty,0.47710000000000002,0,True,
benchmark,1,q11_top_categories,1.9458,0,True,
benchmark,2,q11_top_categories,1.3645,0,True,
benchmark,3,q11_top_categories,1.1705000000000001,0,True,
benchmark,4,q11_top_categories,1.0911999999999999,0,True,
benchmark,5,q11_top_categories,0.9788,0,True,
benchmark,6,q11_top_categories,1.256,0,True,
benchmark,7,q11_top_categories,1.5190999999999999,0,True,
benchmark,8,q11_top_categories,1.2737000000000001,0,True,
benchmark,9,q11_top_categories,1.0432999999999999,0,True,
benchmark,10,q11_top_categories,1.1195999999999999,0,True,
benchmark,11,q11_top_categories,1.2257,0,True,
benchmark,12,q11_top_categories,1.1067,0,True,
benchmark,13,q11_top_categories,1.1154999999999999,0,True,
benchmark,14,q11_top_categories,1.5337000000000001,0,True,
benchmark,15,q11_top_categories,1.3349,0,True,
benchmark,16,q11_top_categories,1.3176000000000001,0,True,
benchmark,17,q11_top_categories,1.4995000000000001,0,True,
benchmark,18,q11_top_categories,0.94669999999999999,0,True,
benchmark,19,q11_top_categories,0.93830000000000002,0,True,
benchmark,20,q11_top_categories,0.97489999999999999,0,True,
benchmark,21,q11_top_categories,1.2481,0,True,
benchmark,22,q11_top_categories,0.84640000000000004,0,True,
benchmark,23,q11_top_categories,0.94079999999999997,0,True,
benchmark,24,q11_top_categories,0.89659999999999995,0,True,
benchmark,25,q11_top_categories,0.87360000000000004,0,True,
benchmark,26,q11_top_categories,0.92310000000000003,0,True,
benchmark,27,q11_top_categories,0.94199999999999995,0,True,
benchmark,28,q11_top_categories,0.91410000000000002,0,True,
benchmark,29,q11_top_categories,1.7271000000000001,0,True,
benchmark,30,q11_top_categories,0.81730000000000003,0,True,
benchmark,31,q11_top_categories,0.81589999999999996,0,True,
benchmark,32,q11_top_categories,0.83979999999999999,0,True,
benchmark,33,q11_top_categories,1.1640999999999999,0,True,
benchmark,34,q11_top_categories,1.1668000000000001,0,True,
benchmark,35,q11_top_categories,0.88670000000000004,0,True,
benchmark,36,q11_top_categories,0.67190000000000005,0,True,
benchmark,37,q11_top_categories,0.67920000000000003,0,True,
benchmark,38,q11_top_categories,0.89549999999999996,0,True,
benchmark,39,q11_top_categories,0.65659999999999996,0,True,
benchmark,40,q11_top_categories,0.74450000000000005,0,True,
benchmark,41,q11_top_categories,0.75509999999999999,0,True,
benchmark,42,q11_top_categories,0.86539999999999995,0,True,
benchmark,43,q11_top_categories,1.5496000000000001,0,True,
benchmark,44,q11_top_categories,1.0901000000000001,0,True,
benchmark,45,q11_top_categories,0.75319999999999998,0,True,
benchmark,46,q11_top_categories,0.97950000000000004,0,True,
benchmark,47,q11_top_categories,0.9879,0,True,
benchmark,48,q11_top_categories,0.97450000000000003,0,True,
benchmark,49,q11_top_categories,1.5062,0,True,
benchmark,50,q11_top_categories,0.96050000000000002,0,True,
benchmark,51,q11_top_categories,0.90439999999999998,0,True,
benchmark,52,q11_top_categories,0.71730000000000005,0,True,
benchmark,53,q11_top_categories,0.83050000000000002,0,True,
benchmark,54,q11_top_categories,0.87960000000000005,0,True,
benchmark,55,q11_top_categories,0.77380000000000004,0,True,
benchmark,56,q11_top_categories,0.74970000000000003,0,True,
benchmark,57,q11_top_categories,1.0799000000000001,0,True,
benchmark,58,q11_top_categories,0.7772,0,True,
benchmark,59,q11_top_categories,0.69669999999999999,0,True,
benchmark,60,q11_top_categories,0.87390000000000001,0,True,
benchmark,61,q11_top_categories,1.0722,0,True,
benchmark,62,q11_top_categories,1.2484,0,True,
benchmark,63,q11_top_categories,0.8952,0,True,
benchmark,64,q11_top_categories,0.77790000000000004,0,True,
benchmark,65,q11_top_categories,0.76380000000000003,0,True,
benchmark,66,q11_top_categories,1.5235000000000001,0,True,
benchmark,67,q11_top_categories,0.64959999999999996,0,True,
benchmark,68,q11_top_categories,0.75019999999999998,0,True,
benchmark,69,q11_top_categories,0.89800000000000002,0,True,
benchmark,70,q11_top_categories,0.67430000000000001,0,True,
benchmark,71,q11_top_categories,0.73860000000000003,0,True,
benchmark,72,q11_top_categories,0.6784,0,True,
benchmark,73,q11_top_categories,0.80369999999999997,0,True,
benchmark,74,q11_top_categories,0.83160000000000001,0,True,
benchmark,75,q11_top_categories,0.78469999999999995,0,True,
benchmark,76,q11_top_categories,0.71719999999999995,0,True,
benchmark,77,q11_top_categories,0.76319999999999999,0,True,
benchmark,78,q11_top_categories,0.72219999999999995,0,True,
benchmark,79,q11_top_categories,0.70630000000000004,0,True,
benchmark,80,q11_top_categories,0.64429999999999998,0,True,
benchmark,81,q11_top_categories,0.62360000000000004,0,True,
benchmark,82,q11_top_categories,0.6472,0,True,
benchmark,83,q11_top_categories,0.61339999999999995,0,True,
benchmark,84,q11_top_categories,0.67900000000000005,0,True,
benchmark,85,q11_top_categories,0.67300000000000004,0,True,
benchmark,86,q11_top_categories,0.5927,0,True,
benchmark,87,q11_top_categories,0.59309999999999996,0,True,
benchmark,88,q11_top_categories,0.66649999999999998,0,True,
benchmark,89,q11_top_categories,0.5736,0,True,
benchmark,90,q11_top_categories,0.62360000000000004,0,True,
benchmark,91,q11_top_categories,0.5837,0,True,
benchmark,92,q11_top_categories,0.62239999999999995,0,True,
benchmark,93,q11_top_categories,0.55720000000000003,0,True,
benchmark,94,q11_top_categories,0.64639999999999997,0,True,
benchmark,95,q11_top_categories,0.62580000000000002,0,True,
benchmark,96,q11_top_categories,0.51770000000000005,0,True,
benchmark,97,q11_top_categories,0.4733,0,True,
benchmark,98,q11_top_categories,0.48380000000000001,0,True,
benchmark,99,q11_top_categories,0.49330000000000002,0,True,
benchmark,100,q11_top_categories,0.47220000000000001,0,True,
benchmark,101,q11_top_categories,2.8266,0,True,
benchmark,102,q11_top_categories,1.2955000000000001,0,True,
benchmark,103,q11_top_categories,1.1775,0,True,
benchmark,104,q11_top_categories,1.179,0,True,
benchmark,105,q11_top_categories,1.0235000000000001,0,True,
benchmark,106,q11_top_categories,0.96250000000000002,0,True,
benchmark,107,q11_top_categories,0.84619999999999995,0,True,
benchmark,108,q11_top_categories,0.84660000000000002,0,True,
benchmark,109,q11_top_categories,1.4657,0,True,
benchmark,110,q11_top_categories,1.4662999999999999,0,True,
benchmark,111,q11_top_categories,1.2182999999999999,0,True,
benchmark,112,q11_top_categories,1.3392999999999999,0,True,
benchmark,113,q11_top_categories,1.7176,0,True,
benchmark,114,q11_top_categories,1.083,0,True,
benchmark,115,q11_top_categories,1.1476,0,True,
benchmark,116,q11_top_categories,1.1331,0,True,
benchmark,117,q11_top_categories,1.2405999999999999,0,True,
benchmark,118,q11_top_categories,1.1241000000000001,0,True,
benchmark,119,q11_top_categories,0.97250000000000003,0,True,
benchmark,120,q11_top_categories,0.88109999999999999,0,True,
benchmark,121,q11_top_categories,0.85580000000000001,0,True,
benchmark,122,q11_top_categories,0.85970000000000002,0,True,
benchmark,123,q11_top_categories,0.81850000000000001,0,True,
benchmark,124,q11_top_categories,0.87929999999999997,0,True,
benchmark,125,q11_top_categories,0.88200000000000001,0,True,
benchmark,126,q11_top_categories,0.84189999999999998,0,True,
benchmark,127,q11_top_categories,0.79239999999999999,0,True,
benchmark,128,q11_top_categories,0.76600000000000001,0,True,
benchmark,129,q11_top_categories,0.78000000000000003,0,True,
benchmark,130,q11_top_categories,0.71350000000000002,0,True,
benchmark,131,q11_top_categories,0.77449999999999997,0,True,
benchmark,132,q11_top_categories,0.78739999999999999,0,True,
benchmark,133,q11_top_categories,0.75929999999999997,0,True,
benchmark,134,q11_top_categories,0.72819999999999996,0,True,
benchmark,135,q11_top_categories,0.73299999999999998,0,True,
benchmark,136,q11_top_categories,0.77639999999999998,0,True,
benchmark,137,q11_top_categories,0.69440000000000002,0,True,
benchmark,138,q11_top_categories,0.70930000000000004,0,True,
benchmark,139,q11_top_categories,0.72970000000000002,0,True,
benchmark,140,q11_top_categories,0.73219999999999996,0,True,
benchmark,141,q11_top_categories,0.78120000000000001,0,True,
benchmark,142,q11_top_categories,0.71560000000000001,0,True,
benchmark,143,q11_top_categories,0.6663,0,True,
benchmark,144,q11_top_categories,0.70030000000000003,0,True,
benchmark,145,q11_top_categories,0.68820000000000003,0,True,
benchmark,146,q11_top_categories,0.70369999999999999,0,True,
benchmark,147,q11_top_categories,0.64410000000000001,0,True,
benchmark,148,q11_top_categories,0.72689999999999999,0,True,
benchmark,149,q11_top_categories,0.68710000000000004,0,True,
benchmark,150,q11_top_categories,0.64810000000000001,0,True,
benchmark,151,q11_top_categories,0.625,0,True,
benchmark,152,q11_top_categories,0.66569999999999996,0,True,
benchmark,153,q11_top_categories,0.63539999999999996,0,True,
benchmark,154,q11_top_categories,0.6804,0,True,
benchmark,155,q11_top_categories,0.84670000000000001,0,True,
benchmark,156,q11_top_categories,1.1725000000000001,0,True,
benchmark,157,q11_top_categories,0.80740000000000001,0,True,
benchmark,158,q11_top_categories,3.2925,0,True,
benchmark,159,q11_top_categories,0.80920000000000003,0,True,
benchmark,160,q11_top_categories,0.69359999999999999,0,True,
benchmark,161,q11_top_categories,0.52329999999999999,0,True,
benchmark,162,q11_top_categories,0.57879999999999998,0,True,
benchmark,163,q11_top_categories,0.51180000000000003,0,True,
benchmark,164,q11_top_categories,0.55249999999999999,0,True,
benchmark,165,q11_top_categories,0.53069999999999995,0,True,
benchmark,166,q11_top_categories,0.53090000000000004,0,True,
benchmark,167,q11_top_categories,0.51319999999999999,0,True,
benchmark,168,q11_top_categories,0.57709999999999995,0,True,
benchmark,169,q11_top_categories,0.5948,0,True,
benchmark,170,q11_top_categories,0.59870000000000001,0,True,
benchmark,171,q11_top_categories,0.56499999999999995,0,True,
benchmark,172,q11_top_categories,0.59889999999999999,0,True,
benchmark,173,q11_top_categories,0.56179999999999997,0,True,
benchmark,174,q11_top_categories,0.55469999999999997,0,True,
benchmark,175,q11_top_categories,0.5131,0,True,
benchmark,176,q11_top_categories,0.5353,0,True,
benchmark,177,q11_top_categories,0.55269999999999997,0,True,
benchmark,178,q11_top_categories,0.50609999999999999,0,True,
benchmark,179,q11_top_categories,0.52100000000000002,0,True,
benchmark,180,q11_top_categories,0.53069999999999995,0,True,
benchmark,181,q11_top_categories,0.55259999999999998,0,True,
benchmark,182,q11_top_categories,0.57679999999999998,0,True,
benchmark,183,q11_top_categories,0.54279999999999995,0,True,
benchmark,184,q11_top_categories,0.53539999999999999,0,True,
benchmark,185,q11_top_categories,0.54649999999999999,0,True,
benchmark,186,q11_top_categories,0.5373,0,True,
benchmark,187,q11_top_categories,0.58840000000000003,0,True,
benchmark,188,q11_top_categories,0.51870000000000005,0,True,
benchmark,189,q11_top_categories,0.52649999999999997,0,True,
benchmark,190,q11_top_categories,0.50719999999999998,0,True,
benchmark,191,q11_top_categories,0.51790000000000003,0,True,
benchmark,192,q11_top_categories,0.501,0,True,
benchmark,193,q11_top_categories,0.56810000000000005,0,True,
benchmark,194,q11_top_categories,0.51700000000000002,0,True,
benchmark,195,q11_top_categories,0.53949999999999998,0,True,
benchmark,196,q11_top_categories,0.47849999999999998,0,True,
benchmark,197,q11_top_categories,0.60270000000000001,0,True,
benchmark,198,q11_top_categories,0.4834,0,True,
benchmark,199,q11_top_categories,0.61980000000000002,0,True,
benchmark,200,q11_top_categories,0.49399999999999999,0,True,
benchmark,201,q11_top_categories,2.3908,0,True,
benchmark,202,q11_top_categories,1.5507,0,True,
benchmark,203,q11_top_categories,1.2234,0,True,
benchmark,204,q11_top_categories,1.1494,0,True,
benchmark,205,q11_top_categories,1.1454,0,True,
benchmark,206,q11_top_categories,1.1053999999999999,0,True,
benchmark,207,q11_top_categories,1.1395,0,True,
benchmark,208,q11_top_categories,1.0998000000000001,0,True,
benchmark,209,q11_top_categories,0.95689999999999997,0,True,
benchmark,210,q11_top_categories,1.079,0,True,
benchmark,211,q11_top_categories,1.0331999999999999,0,True,
benchmark,212,q11_top_categories,1.1639999999999999,0,True,
benchmark,213,q11_top_categories,0.9819,0,True,
benchmark,214,q11_top_categories,0.99329999999999996,0,True,
benchmark,215,q11_top_categories,1.0185,0,True,
benchmark,216,q11_top_categories,0.85299999999999998,0,True,
benchmark,217,q11_top_categories,0.84140000000000004,0,True,
benchmark,218,q11_top_categories,1.0697000000000001,0,True,
benchmark,219,q11_top_categories,0.96999999999999997,0,True,
benchmark,220,q11_top_categories,0.85089999999999999,0,True,
benchmark,221,q11_top_categories,0.873,0,True,
benchmark,222,q11_top_categories,0.88149999999999995,0,True,
benchmark,223,q11_top_categories,1.1023000000000001,0,True,
benchmark,224,q11_top_categories,0.84040000000000004,0,True,
benchmark,225,q11_top_categories,0.83360000000000001,0,True,
benchmark,226,q11_top_categories,0.86529999999999996,0,True,
benchmark,227,q11_top_categories,0.79479999999999995,0,True,
benchmark,228,q11_top_categories,0.74319999999999997,0,True,
benchmark,229,q11_top_categories,0.68010000000000004,0,True,
benchmark,230,q11_top_categories,0.81820000000000004,0,True,
benchmark,231,q11_top_categories,0.80000000000000004,0,True,
benchmark,232,q11_top_categories,0.82120000000000004,0,True,
benchmark,233,q11_top_categories,0.74729999999999996,0,True,
benchmark,234,q11_top_categories,0.84870000000000001,0,True,
benchmark,235,q11_top_categories,0.76029999999999998,0,True,
benchmark,236,q11_top_categories,0.80549999999999999,0,True,
benchmark,237,q11_top_categories,0.67349999999999999,0,True,
benchmark,238,q11_top_categories,0.78590000000000004,0,True,
benchmark,239,q11_top_categories,0.79300000000000004,0,True,
benchmark,240,q11_top_categories,0.71579999999999999,0,True,
benchmark,241,q11_top_categories,0.84570000000000001,0,True,
benchmark,242,q11_top_categories,0.7681,0,True,
benchmark,243,q11_top_categories,0.69099999999999995,0,True,
benchmark,244,q11_top_categories,0.72460000000000002,0,True,
benchmark,245,q11_top_categories,0.60070000000000001,0,True,
benchmark,246,q11_top_categories,0.65239999999999998,0,True,
benchmark,247,q11_top_categories,0.79500000000000004,0,True,
benchmark,248,q11_top_categories,0.65500000000000003,0,True,
benchmark,249,q11_top_categories,0.67279999999999995,0,True,
benchmark,250,q11_top_categories,1.726,0,True,
benchmark,251,q11_top_categories,0.75009999999999999,0,True,
benchmark,252,q11_top_categories,0.59730000000000005,0,True,
benchmark,253,q11_top_categories,0.5897,0,True,
benchmark,254,q11_top_categories,0.60440000000000005,0,True,
benchmark,255,q11_top_categories,0.61919999999999997,0,True,
benchmark,256,q11_top_categories,0.623,0,True,
benchmark,257,q11_top_categories,0.61150000000000004,0,True,
benchmark,258,q11_top_categories,0.62139999999999995,0,True,
benchmark,259,q11_top_categories,0.59760000000000002,0,True,
benchmark,260,q11_top_categories,0.59730000000000005,0,True,
benchmark,261,q11_top_categories,0.58530000000000004,0,True,
benchmark,262,q11_top_categories,0.6321,0,True,
benchmark,263,q11_top_categories,0.59189999999999998,0,True,
benchmark,264,q11_top_categories,0.6804,0,True,
benchmark,265,q11_top_categories,0.57220000000000004,0,True,
benchmark,266,q11_top_categories,0.54579999999999995,0,True,
benchmark,267,q11_top_categories,0.54649999999999999,0,True,
benchmark,268,q11_top_categories,0.60819999999999996,0,True,
benchmark,269,q11_top_categories,0.57869999999999999,0,True,
benchmark,270,q11_top_categories,0.59909999999999997,0,True,
benchmark,271,q11_top_categories,0.61180000000000001,0,True,
benchmark,272,q11_top_categories,0.4617,0,True,
benchmark,273,q11_top_categories,0.51849999999999996,0,True,
benchmark,274,q11_top_categories,0.53049999999999997,0,True,
benchmark,275,q11_top_categories,0.57540000000000002,0,True,
benchmark,276,q11_top_categories,0.54900000000000004,0,True,
benchmark,277,q11_top_categories,0.58989999999999998,0,True,
benchmark,278,q11_top_categories,0.56110000000000004,0,True,
benchmark,279,q11_top_categories,0.53649999999999998,0,True,
benchmark,280,q11_top_categories,0.56330000000000002,0,True,
benchmark,281,q11_top_categories,0.65139999999999998,0,True,
benchmark,282,q11_top_categories,0.56220000000000003,0,True,
benchmark,283,q11_top_categories,0.66449999999999998,0,True,
benchmark,284,q11_top_categories,0.629,0,True,
benchmark,285,q11_top_categories,0.47760000000000002,0,True,
benchmark,286,q11_top_categories,0.45500000000000002,0,True,
benchmark,287,q11_top_categories,0.501,0,True,
benchmark,288,q11_top_categories,0.51819999999999999,0,True,
benchmark,289,q11_top_categories,0.49170000000000003,0,True,
benchmark,290,q11_top_categories,0.4889,0,True,
benchmark,291,q11_top_categories,0.48230000000000001,0,True,
benchmark,292,q11_top_categories,0.52049999999999996,0,True,
benchmark,293,q11_top_categories,0.51439999999999997,0,True,
benchmark,294,q11_top_categories,0.48299999999999998,0,True,
benchmark,295,q11_top_categories,0.54300000000000004,0,True,
benchmark,296,q11_top_categories,0.50049999999999994,0,True,
benchmark,297,q11_top_categories,0.49580000000000002,0,True,
benchmark,298,q11_top_categories,0.52790000000000004,0,True,
benchmark,299,q11_top_categories,0.51280000000000003,0,True,
benchmark,300,q11_top_categories,0.51639999999999997,0,True,
benchmark,301,q11_top_categories,2.5350000000000001,0,True,
benchmark,302,q11_top_categories,1.5405,0,True,
benchmark,303,q11_top_categories,1.2275,0,True,
benchmark,304,q11_top_categories,1.0960000000000001,0,True,
benchmark,305,q11_top_categories,1.0934999999999999,0,True,
benchmark,306,q11_top_categories,0.92469999999999997,0,True,
benchmark,307,q11_top_categories,1.2684,0,True,
benchmark,308,q11_top_categories,1.3542000000000001,0,True,
benchmark,309,q11_top_categories,1.7677,0,True,
benchmark,310,q11_top_categories,1.3593,0,True,
benchmark,311,q11_top_categories,1.2175,0,True,
benchmark,312,q11_top_categories,1.2755000000000001,0,True,
benchmark,313,q11_top_categories,1.2595000000000001,0,True,
benchmark,314,q11_top_categories,1.0911999999999999,0,True,
benchmark,315,q11_top_categories,1.0484,0,True,
benchmark,316,q11_top_categories,1.0287999999999999,0,True,
benchmark,317,q11_top_categories,0.96960000000000002,0,True,
benchmark,318,q11_top_categories,0.99309999999999998,0,True,
benchmark,319,q11_top_categories,1.0512999999999999,0,True,
benchmark,320,q11_top_categories,0.94869999999999999,0,True,
benchmark,321,q11_top_categories,0.84660000000000002,0,True,
benchmark,322,q11_top_categories,0.85089999999999999,0,True,
benchmark,323,q11_top_categories,0.83209999999999995,0,True,
benchmark,324,q11_top_categories,0.88139999999999996,0,True,
benchmark,325,q11_top_categories,0.93100000000000005,0,True,
benchmark,326,q11_top_categories,0.91020000000000001,0,True,
benchmark,327,q11_top_categories,0.79300000000000004,0,True,
benchmark,328,q11_top_categories,0.7923,0,True,
benchmark,329,q11_top_categories,0.77310000000000001,0,True,
benchmark,330,q11_top_categories,0.77900000000000003,0,True,
benchmark,331,q11_top_categories,0.90969999999999995,0,True,
benchmark,332,q11_top_categories,0.79369999999999996,0,True,
benchmark,333,q11_top_categories,0.82410000000000005,0,True,
benchmark,334,q11_top_categories,0.76670000000000005,0,True,
benchmark,335,q11_top_categories,0.80920000000000003,0,True,
benchmark,336,q11_top_categories,0.79400000000000004,0,True,
benchmark,337,q11_top_categories,0.754,0,True,
benchmark,338,q11_top_categories,0.72450000000000003,0,True,
benchmark,339,q11_top_categories,0.71719999999999995,0,True,
benchmark,340,q11_top_categories,0.6552,0,True,
benchmark,341,q11_top_categories,0.70669999999999999,0,True,
benchmark,342,q11_top_categories,0.75039999999999996,0,True,
benchmark,343,q11_top_categories,0.63470000000000004,0,True,
benchmark,344,q11_top_categories,0.65959999999999996,0,True,
benchmark,345,q11_top_categories,0.74860000000000004,0,True,
benchmark,346,q11_top_categories,0.7641,0,True,
benchmark,347,q11_top_categories,0.69120000000000004,0,True,
benchmark,348,q11_top_categories,0.71479999999999999,0,True,
benchmark,349,q11_top_categories,0.89549999999999996,0,True,
benchmark,350,q11_top_categories,0.72270000000000001,0,True,
benchmark,351,q11_top_categories,0.73999999999999999,0,True,
benchmark,352,q11_top_categories,1.6536999999999999,0,True,
benchmark,353,q11_top_categories,0.7349,0,True,
benchmark,354,q11_top_categories,0.75629999999999997,0,True,
benchmark,355,q11_top_categories,0.8125,0,True,
benchmark,356,q11_top_categories,0.80989999999999995,0,True,
benchmark,357,q11_top_categories,0.98670000000000002,0,True,
benchmark,358,q11_top_categories,0.6956,0,True,
benchmark,359,q11_top_categories,0.61419999999999997,0,True,
benchmark,360,q11_top_categories,0.58550000000000002,0,True,
benchmark,361,q11_top_categories,0.58840000000000003,0,True,
benchmark,362,q11_top_categories,0.54979999999999996,0,True,
benchmark,363,q11_top_categories,0.57489999999999997,0,True,
benchmark,364,q11_top_categories,0.56820000000000004,0,True,
benchmark,365,q11_top_categories,0.55779999999999996,0,True,
benchmark,366,q11_top_categories,1.8006,0,True,
benchmark,367,q11_top_categories,0.61229999999999996,0,True,
benchmark,368,q11_top_categories,0.63849999999999996,0,True,
benchmark,369,q11_top_categories,0.59179999999999999,0,True,
benchmark,370,q11_top_categories,0.58779999999999999,0,True,
benchmark,371,q11_top_categories,0.56440000000000001,0,True,
benchmark,372,q11_top_categories,0.55449999999999999,0,True,
benchmark,373,q11_top_categories,0.58150000000000002,0,True,
benchmark,374,q11_top_categories,0.60070000000000001,0,True,
benchmark,375,q11_top_categories,0.5655,0,True,
benchmark,376,q11_top_categories,0.51929999999999998,0,True,
benchmark,377,q11_top_categories,0.53720000000000001,0,True,
benchmark,378,q11_top_categories,0.54910000000000003,0,True,
benchmark,379,q11_top_categories,0.56079999999999997,0,True,
benchmark,380,q11_top_categories,0.60140000000000005,0,True,
benchmark,381,q11_top_categories,0.57289999999999996,0,True,
benchmark,382,q11_top_categories,0.5353,0,True,
benchmark,383,q11_top_categories,0.52370000000000005,0,True,
benchmark,384,q11_top_categories,0.54720000000000002,0,True,
benchmark,385,q11_top_categories,0.47820000000000001,0,True,
benchmark,386,q11_top_categories,0.51790000000000003,0,True,
benchmark,387,q11_top_categories,0.49430000000000002,0,True,
benchmark,388,q11_top_categories,0.50770000000000004,0,True,
benchmark,389,q11_top_categories,0.52349999999999997,0,True,
benchmark,390,q11_top_categories,0.52939999999999998,0,True,
benchmark,391,q11_top_categories,0.47149999999999997,0,True,
benchmark,392,q11_top_categories,0.48699999999999999,0,True,
benchmark,393,q11_top_categories,0.53510000000000002,0,True,
benchmark,394,q11_top_categories,0.51770000000000005,0,True,
benchmark,395,q11_top_categories,0.54369999999999996,0,True,
benchmark,396,q11_top_categories,0.52629999999999999,0,True,
benchmark,397,q11_top_categories,0.50890000000000002,0,True,
benchmark,398,q11_top_categories,0.51039999999999996,0,True,
benchmark,399,q11_top_categories,0.53010000000000002,0,True,
benchmark,400,q11_top_categories,0.51370000000000005,0,True,
benchmark,401,q11_top_categories,2.3839999999999999,0,True,
benchmark,402,q11_top_categories,1.2279,0,True,
benchmark,403,q11_top_categories,1.0851999999999999,0,True,
benchmark,404,q11_top_categories,1.0873999999999999,0,True,
benchmark,405,q11_top_categories,1.1322000000000001,0,True,
benchmark,406,q11_top_categories,0.94199999999999995,0,True,
benchmark,407,q11_top_categories,0.86229999999999996,0,True,
benchmark,408,q11_top_categories,1.3426,0,True,
benchmark,409,q11_top_categories,1.2713000000000001,0,True,
benchmark,410,q11_top_categories,1.2699,0,True,
benchmark,411,q11_top_categories,1.3696999999999999,0,True,
benchmark,412,q11_top_categories,1.3560000000000001,0,True,
benchmark,413,q11_top_categories,1.0062,0,True,
benchmark,414,q11_top_categories,1.1706000000000001,0,True,
benchmark,415,q11_top_categories,0.93459999999999999,0,True,
benchmark,416,q11_top_categories,1.0184,0,True,
benchmark,417,q11_top_categories,0.9597,0,True,
benchmark,418,q11_top_categories,1.0049999999999999,0,True,
benchmark,419,q11_top_categories,0.96140000000000003,0,True,
benchmark,420,q11_top_categories,1.0226,0,True,
benchmark,421,q11_top_categories,0.86639999999999995,0,True,
benchmark,422,q11_top_categories,0.89990000000000003,0,True,
benchmark,423,q11_top_categories,0.86850000000000005,0,True,
benchmark,424,q11_top_categories,0.90749999999999997,0,True,
benchmark,425,q11_top_categories,0.8972,0,True,
benchmark,426,q11_top_categories,0.89529999999999998,0,True,
benchmark,427,q11_top_categories,0.8095,0,True,
benchmark,428,q11_top_categories,0.79690000000000005,0,True,
benchmark,429,q11_top_categories,0.73270000000000002,0,True,
benchmark,430,q11_top_categories,0.79790000000000005,0,True,
benchmark,431,q11_top_categories,0.7147,0,True,
benchmark,432,q11_top_categories,0.79549999999999998,0,True,
benchmark,433,q11_top_categories,0.75019999999999998,0,True,
benchmark,434,q11_top_categories,0.76719999999999999,0,True,
benchmark,435,q11_top_categories,0.69299999999999995,0,True,
benchmark,436,q11_top_categories,0.69289999999999996,0,True,
benchmark,437,q11_top_categories,0.70450000000000002,0,True,
benchmark,438,q11_top_categories,0.71870000000000001,0,True,
benchmark,439,q11_top_categories,0.68230000000000002,0,True,
benchmark,440,q11_top_categories,0.8004,0,True,
benchmark,441,q11_top_categories,0.77200000000000002,0,True,
benchmark,442,q11_top_categories,0.83420000000000005,0,True,
benchmark,443,q11_top_categories,0.74639999999999995,0,True,
benchmark,444,q11_top_categories,0.68000000000000005,0,True,
benchmark,445,q11_top_categories,0.65000000000000002,0,True,
benchmark,446,q11_top_categories,0.64670000000000005,0,True,
benchmark,447,q11_top_categories,0.66569999999999996,0,True,
benchmark,448,q11_top_categories,0.67449999999999999,0,True,
benchmark,449,q11_top_categories,0.69940000000000002,0,True,
benchmark,450,q11_top_categories,0.70179999999999998,0,True,
benchmark,451,q11_top_categories,0.73270000000000002,0,True,
benchmark,452,q11_top_categories,0.65380000000000005,0,True,
benchmark,453,q11_top_categories,0.6462,0,True,
benchmark,454,q11_top_categories,0.6452,0,True,
benchmark,455,q11_top_categories,0.65990000000000004,0,True,
benchmark,456,q11_top_categories,0.72599999999999998,0,True,
benchmark,457,q11_top_categories,0.59689999999999999,0,True,
benchmark,458,q11_top_categories,0.63629999999999998,0,True,
benchmark,459,q11_top_categories,0.63629999999999998,0,True,
benchmark,460,q11_top_categories,0.56320000000000003,0,True,
benchmark,461,q11_top_categories,0.58240000000000003,0,True,
benchmark,462,q11_top_categories,0.60029999999999994,0,True,
benchmark,463,q11_top_categories,0.58250000000000002,0,True,
benchmark,464,q11_top_categories,0.5554,0,True,
benchmark,465,q11_top_categories,0.59630000000000005,0,True,
benchmark,466,q11_top_categories,0.57420000000000004,0,True,
benchmark,467,q11_top_categories,0.70369999999999999,0,True,
benchmark,468,q11_top_categories,0.76160000000000005,0,True,
benchmark,469,q11_top_categories,0.63460000000000005,0,True,
benchmark,470,q11_top_categories,0.53849999999999998,0,True,
benchmark,471,q11_top_categories,0.57540000000000002,0,True,
benchmark,472,q11_top_categories,0.51149999999999995,0,True,
benchmark,473,q11_top_categories,0.55120000000000002,0,True,
benchmark,474,q11_top_categories,0.54600000000000004,0,True,
benchmark,475,q11_top_categories,0.6139,0,True,
benchmark,476,q11_top_categories,0.55769999999999997,0,True,
benchmark,477,q11_top_categories,0.59350000000000003,0,True,
benchmark,478,q11_top_categories,0.499,0,True,
benchmark,479,q11_top_categories,0.59689999999999999,0,True,
benchmark,480,q11_top_categories,0.5071,0,True,
benchmark,481,q11_top_categories,0.49419999999999997,0,True,
benchmark,482,q11_top_categories,0.51349999999999996,0,True,
benchmark,483,q11_top_categories,0.52900000000000003,0,True,
benchmark,484,q11_top_categories,0.50680000000000003,0,True,
benchmark,485,q11_top_categories,0.54569999999999996,0,True,
benchmark,486,q11_top_categories,0.5212,0,True,
benchmark,487,q11_top_categories,0.57509999999999994,0,True,
benchmark,488,q11_top_categories,0.54069999999999996,0,True,
benchmark,489,q11_top_categories,0.52900000000000003,0,True,
benchmark,490,q11_top_categories,0.56310000000000004,0,True,
benchmark,491,q11_top_categories,0.52280000000000004,0,True,
benchmark,492,q11_top_categories,0.55430000000000001,0,True,
benchmark,493,q11_top_categories,0.53669999999999995,0,True,
benchmark,494,q11_top_categories,0.50980000000000003,0,True,
benchmark,495,q11_top_categories,0.48749999999999999,0,True,
benchmark,496,q11_top_categories,0.48770000000000002,0,True,
benchmark,497,q11_top_categories,0.51470000000000005,0,True,
benchmark,498,q11_top_categories,0.50649999999999995,0,True,
benchmark,499,q11_top_categories,0.51200000000000001,0,True,
benchmark,500,q11_top_categories,0.5474,0,True,
benchmark,501,q11_top_categories,3.1124999999999998,0,True,
benchmark,502,q11_top_categories,1.3612,0,True,
benchmark,503,q11_top_categories,1.2605,0,True,
benchmark,504,q11_top_categories,1.2444999999999999,0,True,
benchmark,505,q11_top_categories,1.1928000000000001,0,True,
benchmark,506,q11_top_categories,1.0753999999999999,0,True,
benchmark,507,q11_top_categories,0.9385,0,True,
benchmark,508,q11_top_categories,0.96589999999999998,0,True,
benchmark,509,q11_top_categories,0.99139999999999995,0,True,
benchmark,510,q11_top_categories,1.4547000000000001,0,True,
benchmark,511,q11_top_categories,1.0215000000000001,0,True,
benchmark,512,q11_top_categories,0.99660000000000004,0,True,
benchmark,513,q11_top_categories,1.2237,0,True,
benchmark,514,q11_top_categories,0.96220000000000006,0,True,
benchmark,515,q11_top_categories,1.1950000000000001,0,True,
benchmark,516,q11_top_categories,1.1278999999999999,0,True,
benchmark,517,q11_top_categories,1.1698,0,True,
benchmark,518,q11_top_categories,1.0914999999999999,0,True,
benchmark,519,q11_top_categories,1.2885,0,True,
benchmark,520,q11_top_categories,0.97340000000000004,0,True,
benchmark,521,q11_top_categories,0.84609999999999996,0,True,
benchmark,522,q11_top_categories,0.81599999999999995,0,True,
benchmark,523,q11_top_categories,0.76419999999999999,0,True,
benchmark,524,q11_top_categories,0.75880000000000003,0,True,
benchmark,525,q11_top_categories,0.74529999999999996,0,True,
benchmark,526,q11_top_categories,0.80489999999999995,0,True,
benchmark,527,q11_top_categories,0.90149999999999997,0,True,
benchmark,528,q11_top_categories,0.85589999999999999,0,True,
benchmark,529,q11_top_categories,0.78110000000000002,0,True,
benchmark,530,q11_top_categories,0.83069999999999999,0,True,
benchmark,531,q11_top_categories,0.72130000000000005,0,True,
benchmark,532,q11_top_categories,0.76870000000000005,0,True,
benchmark,533,q11_top_categories,0.70230000000000004,0,True,
benchmark,534,q11_top_categories,0.62919999999999998,0,True,
benchmark,535,q11_top_categories,0.67579999999999996,0,True,
benchmark,536,q11_top_categories,0.73760000000000003,0,True,
benchmark,537,q11_top_categories,0.74970000000000003,0,True,
benchmark,538,q11_top_categories,0.75560000000000005,0,True,
benchmark,539,q11_top_categories,0.75090000000000001,0,True,
benchmark,540,q11_top_categories,0.71089999999999998,0,True,
benchmark,541,q11_top_categories,0.69879999999999998,0,True,
benchmark,542,q11_top_categories,0.63270000000000004,0,True,
benchmark,543,q11_top_categories,0.64849999999999997,0,True,
benchmark,544,q11_top_categories,0.64439999999999997,0,True,
benchmark,545,q11_top_categories,0.65820000000000001,0,True,
benchmark,546,q11_top_categories,0.67230000000000001,0,True,
benchmark,547,q11_top_categories,0.6371,0,True,
benchmark,548,q11_top_categories,0.63770000000000004,0,True,
benchmark,549,q11_top_categories,0.60360000000000003,0,True,
benchmark,550,q11_top_categories,0.68289999999999995,0,True,
benchmark,551,q11_top_categories,0.6179,0,True,
benchmark,552,q11_top_categories,1.9538,0,True,
benchmark,553,q11_top_categories,0.77280000000000004,0,True,
benchmark,554,q11_top_categories,0.78159999999999996,0,True,
benchmark,555,q11_top_categories,0.71409999999999996,0,True,
benchmark,556,q11_top_categories,0.61519999999999997,0,True,
benchmark,557,q11_top_categories,0.58150000000000002,0,True,
benchmark,558,q11_top_categories,0.62880000000000003,0,True,
benchmark,559,q11_top_categories,1.875,0,True,
benchmark,560,q11_top_categories,0.49180000000000001,0,True,
benchmark,561,q11_top_categories,0.56389999999999996,0,True,
benchmark,562,q11_top_categories,0.60829999999999995,0,True,
benchmark,563,q11_top_categories,0.59570000000000001,0,True,
benchmark,564,q11_top_categories,0.54679999999999995,0,True,
benchmark,565,q11_top_categories,0.61060000000000003,0,True,
benchmark,566,q11_top_categories,0.58379999999999999,0,True,
benchmark,567,q11_top_categories,0.55020000000000002,0,True,
benchmark,568,q11_top_categories,0.59609999999999996,0,True,
benchmark,569,q11_top_categories,0.5323,0,True,
benchmark,570,q11_top_categories,0.54449999999999998,0,True,
benchmark,571,q11_top_categories,0.53910000000000002,0,True,
benchmark,572,q11_top_categories,0.53380000000000005,0,True,
benchmark,573,q11_top_categories,0.52849999999999997,0,True,
benchmark,574,q11_top_categories,0.50700000000000001,0,True,
benchmark,575,q11_top_categories,0.53100000000000003,0,True,
benchmark,576,q11_top_categories,0.56120000000000003,0,True,
benchmark,577,q11_top_categories,0.5333,0,True,
benchmark,578,q11_top_categories,0.52739999999999998,0,True,
benchmark,579,q11_top_categories,0.54400000000000004,0,True,
benchmark,580,q11_top_categories,0.53290000000000004,0,True,
benchmark,581,q11_top_categories,0.56299999999999994,0,True,
benchmark,582,q11_top_categories,0.51780000000000004,0,True,
benchmark,583,q11_top_categories,0.49270000000000003,0,True,
benchmark,584,q11_top_categories,0.51519999999999999,0,True,
benchmark,585,q11_top_categories,0.53239999999999998,0,True,
benchmark,586,q11_top_categories,0.51859999999999995,0,True,
benchmark,587,q11_top_categories,0.55589999999999995,0,True,
benchmark,588,q11_top_categories,0.51029999999999998,0,True,
benchmark,589,q11_top_categories,0.5262,0,True,
benchmark,590,q11_top_categories,0.54149999999999998,0,True,
benchmark,591,q11_top_categories,0.53149999999999997,0,True,
benchmark,592,q11_top_categories,0.49170000000000003,0,True,
benchmark,593,q11_top_categories,0.51000000000000001,0,True,
benchmark,594,q11_top_categories,0.46550000000000002,0,True,
benchmark,595,q11_top_categories,0.47639999999999999,0,True,
benchmark,596,q11_top_categories,0.53710000000000002,0,True,
benchmark,597,q11_top_categories,0.51780000000000004,0,True,
benchmark,598,q11_top_categories,0.51790000000000003,0,True,
benchmark,599,q11_top_categories,0.48380000000000001,0,True,
benchmark,600,q11_top_categories,0.49120000000000003,0,True,
benchmark,601,q11_top_categories,2.6141000000000001,0,True,
benchmark,602,q11_top_categories,1.3210999999999999,0,True,
benchmark,603,q11_top_categories,1.2013,0,True,
benchmark,604,q11_top_categories,1.0126999999999999,0,True,
benchmark,605,q11_top_categories,1.2766999999999999,0,True,
benchmark,606,q11_top_categories,0.84699999999999998,0,True,
benchmark,607,q11_top_categories,1.3264,0,True,
benchmark,608,q11_top_categories,1.2548999999999999,0,True,
benchmark,609,q11_top_categories,1.1599999999999999,0,True,
benchmark,610,q11_top_categories,1.2456,0,True,
benchmark,611,q11_top_categories,1.1438999999999999,0,True,
benchmark,612,q11_top_categories,1.131,0,True,
benchmark,613,q11_top_categories,1.2081,0,True,
benchmark,614,q11_top_categories,1.1565000000000001,0,True,
benchmark,615,q11_top_categories,1.0874999999999999,0,True,
benchmark,616,q11_top_categories,1.1600999999999999,0,True,
benchmark,617,q11_top_categories,1.3004,0,True,
benchmark,618,q11_top_categories,0.97989999999999999,0,True,
benchmark,619,q11_top_categories,0.91610000000000003,0,True,
benchmark,620,q11_top_categories,0.87080000000000002,0,True,
benchmark,621,q11_top_categories,0.89500000000000002,0,True,
benchmark,622,q11_top_categories,0.85250000000000004,0,True,
benchmark,623,q11_top_categories,0.84860000000000002,0,True,
benchmark,624,q11_top_categories,0.87660000000000005,0,True,
benchmark,625,q11_top_categories,0.91139999999999999,0,True,
benchmark,626,q11_top_categories,0.86809999999999998,0,True,
benchmark,627,q11_top_categories,0.94779999999999998,0,True,
benchmark,628,q11_top_categories,0.8377,0,True,
benchmark,629,q11_top_categories,0.76339999999999997,0,True,
benchmark,630,q11_top_categories,0.72140000000000004,0,True,
benchmark,631,q11_top_categories,0.78949999999999998,0,True,
benchmark,632,q11_top_categories,0.82050000000000001,0,True,
benchmark,633,q11_top_categories,0.79730000000000001,0,True,
benchmark,634,q11_top_categories,0.72860000000000003,0,True,
benchmark,635,q11_top_categories,0.78480000000000005,0,True,
benchmark,636,q11_top_categories,0.80700000000000005,0,True,
benchmark,637,q11_top_categories,0.72140000000000004,0,True,
benchmark,638,q11_top_categories,0.70689999999999997,0,True,
benchmark,639,q11_top_categories,0.68020000000000003,0,True,
benchmark,640,q11_top_categories,0.67989999999999995,0,True,
benchmark,641,q11_top_categories,0.71919999999999995,0,True,
benchmark,642,q11_top_categories,0.6855,0,True,
benchmark,643,q11_top_categories,0.70350000000000001,0,True,
benchmark,644,q11_top_categories,0.76339999999999997,0,True,
benchmark,645,q11_top_categories,0.72799999999999998,0,True,
benchmark,646,q11_top_categories,0.69510000000000005,0,True,
benchmark,647,q11_top_categories,0.66510000000000002,0,True,
benchmark,648,q11_top_categories,0.68340000000000001,0,True,
benchmark,649,q11_top_categories,0.71160000000000001,0,True,
benchmark,650,q11_top_categories,0.62639999999999996,0,True,
benchmark,651,q11_top_categories,0.73070000000000002,0,True,
benchmark,652,q11_top_categories,0.6744,0,True,
benchmark,653,q11_top_categories,0.61580000000000001,0,True,
benchmark,654,q11_top_categories,0.61880000000000002,0,True,
benchmark,655,q11_top_categories,0.65910000000000002,0,True,
benchmark,656,q11_top_categories,0.63619999999999999,0,True,
benchmark,657,q11_top_categories,0.67259999999999998,0,True,
benchmark,658,q11_top_categories,0.62849999999999995,0,True,
benchmark,659,q11_top_categories,0.66069999999999995,0,True,
benchmark,660,q11_top_categories,0.61719999999999997,0,True,
benchmark,661,q11_top_categories,0.59050000000000002,0,True,
benchmark,662,q11_top_categories,0.62339999999999995,0,True,
benchmark,663,q11_top_categories,0.57010000000000005,0,True,
benchmark,664,q11_top_categories,0.60699999999999998,0,True,
benchmark,665,q11_top_categories,0.55579999999999996,0,True,
benchmark,666,q11_top_categories,0.62150000000000005,0,True,
benchmark,667,q11_top_categories,0.55630000000000002,0,True,
benchmark,668,q11_top_categories,1.4121999999999999,0,True,
benchmark,669,q11_top_categories,0.56879999999999997,0,True,
benchmark,670,q11_top_categories,0.51500000000000001,0,True,
benchmark,671,q11_top_categories,0.51910000000000001,0,True,
benchmark,672,q11_top_categories,0.59370000000000001,0,True,
benchmark,673,q11_top_categories,0.60319999999999996,0,True,
benchmark,674,q11_top_categories,0.56230000000000002,0,True,
benchmark,675,q11_top_categories,0.56289999999999996,0,True,
benchmark,676,q11_top_categories,0.52690000000000003,0,True,
benchmark,677,q11_top_categories,0.51470000000000005,0,True,
benchmark,678,q11_top_categories,0.55479999999999996,0,True,
benchmark,679,q11_top_categories,0.50880000000000003,0,True,
benchmark,680,q11_top_categories,0.52249999999999996,0,True,
benchmark,681,q11_top_categories,0.53059999999999996,0,True,
benchmark,682,q11_top_categories,0.55900000000000005,0,True,
benchmark,683,q11_top_categories,0.50700000000000001,0,True,
benchmark,684,q11_top_categories,0.55349999999999999,0,True,
benchmark,685,q11_top_categories,0.48759999999999998,0,True,
benchmark,686,q11_top_categories,0.54400000000000004,0,True,
benchmark,687,q11_top_categories,0.50770000000000004,0,True,
benchmark,688,q11_top_categories,0.52000000000000002,0,True,
benchmark,689,q11_top_categories,0.48420000000000002,0,True,
benchmark,690,q11_top_categories,0.46779999999999999,0,True,
benchmark,691,q11_top_categories,0.57069999999999999,0,True,
benchmark,692,q11_top_categories,0.49880000000000002,0,True,
benchmark,693,q11_top_categories,0.48320000000000002,0,True,
benchmark,694,q11_top_categories,0.48909999999999998,0,True,
benchmark,695,q11_top_categories,0.50790000000000002,0,True,
benchmark,696,q11_top_categories,0.51959999999999995,0,True,
benchmark,697,q11_top_categories,0.51549999999999996,0,True,
benchmark,698,q11_top_categories,0.58309999999999995,0,True,
benchmark,699,q11_top_categories,0.4748,0,True,
benchmark,700,q11_top_categories,0.52910000000000001,0,True,
benchmark,701,q11_top_categories,2.6175000000000002,0,True,
benchmark,702,q11_top_categories,1.3774999999999999,0,True,
benchmark,703,q11_top_categories,1.2443,0,True,
benchmark,704,q11_top_categories,1.1454,0,True,
benchmark,705,q11_top_categories,1.1373,0,True,
benchmark,706,q11_top_categories,1.1861999999999999,0,True,
benchmark,707,q11_top_categories,1.0854999999999999,0,True,
benchmark,708,q11_top_categories,1.3904000000000001,0,True,
benchmark,709,q11_top_categories,1.6849000000000001,0,True,
benchmark,710,q11_top_categories,1.1094999999999999,0,True,
benchmark,711,q11_top_categories,1.0469999999999999,0,True,
benchmark,712,q11_top_categories,1.0108999999999999,0,True,
benchmark,713,q11_top_categories,1.0033000000000001,0,True,
benchmark,714,q11_top_categories,0.98140000000000005,0,True,
benchmark,715,q11_top_categories,0.98880000000000001,0,True,
benchmark,716,q11_top_categories,0.99099999999999999,0,True,
benchmark,717,q11_top_categories,0.89229999999999998,0,True,
benchmark,718,q11_top_categories,0.91839999999999999,0,True,
benchmark,719,q11_top_categories,0.91259999999999997,0,True,
benchmark,720,q11_top_categories,0.8498,0,True,
benchmark,721,q11_top_categories,0.87790000000000001,0,True,
benchmark,722,q11_top_categories,0.88629999999999998,0,True,
benchmark,723,q11_top_categories,0.92300000000000004,0,True,
benchmark,724,q11_top_categories,0.76039999999999996,0,True,
benchmark,725,q11_top_categories,0.76680000000000004,0,True,
benchmark,726,q11_top_categories,0.85470000000000002,0,True,
benchmark,727,q11_top_categories,0.78149999999999997,0,True,
benchmark,728,q11_top_categories,0.78339999999999999,0,True,
benchmark,729,q11_top_categories,0.80069999999999997,0,True,
benchmark,730,q11_top_categories,0.80179999999999996,0,True,
benchmark,731,q11_top_categories,0.71050000000000002,0,True,
benchmark,732,q11_top_categories,0.82050000000000001,0,True,
benchmark,733,q11_top_categories,0.83750000000000002,0,True,
benchmark,734,q11_top_categories,0.72199999999999998,0,True,
benchmark,735,q11_top_categories,0.66949999999999998,0,True,
benchmark,736,q11_top_categories,0.75370000000000004,0,True,
benchmark,737,q11_top_categories,0.70350000000000001,0,True,
benchmark,738,q11_top_categories,0.67220000000000002,0,True,
benchmark,739,q11_top_categories,0.7198,0,True,
benchmark,740,q11_top_categories,0.68069999999999997,0,True,
benchmark,741,q11_top_categories,0.6825,0,True,
benchmark,742,q11_top_categories,0.68059999999999998,0,True,
benchmark,743,q11_top_categories,0.74260000000000004,0,True,
benchmark,744,q11_top_categories,0.68220000000000003,0,True,
benchmark,745,q11_top_categories,0.72399999999999998,0,True,
benchmark,746,q11_top_categories,0.62839999999999996,0,True,
benchmark,747,q11_top_categories,0.64749999999999996,0,True,
benchmark,748,q11_top_categories,0.62319999999999998,0,True,
benchmark,749,q11_top_categories,0.66700000000000004,0,True,
benchmark,750,q11_top_categories,0.61240000000000006,0,True,
benchmark,751,q11_top_categories,0.66400000000000003,0,True,
benchmark,752,q11_top_categories,0.68510000000000004,0,True,
benchmark,753,q11_top_categories,0.65500000000000003,0,True,
benchmark,754,q11_top_categories,0.63929999999999998,0,True,
benchmark,755,q11_top_categories,0.53839999999999999,0,True,
benchmark,756,q11_top_categories,0.61099999999999999,0,True,
benchmark,757,q11_top_categories,0.63700000000000001,0,True,
benchmark,758,q11_top_categories,0.64610000000000001,0,True,
benchmark,759,q11_top_categories,0.76619999999999999,0,True,
benchmark,760,q11_top_categories,0.64910000000000001,0,True,
benchmark,761,q11_top_categories,0.63319999999999999,0,True,
benchmark,762,q11_top_categories,0.67300000000000004,0,True,
benchmark,763,q11_top_categories,0.64529999999999998,0,True,
benchmark,764,q11_top_categories,0.52629999999999999,0,True,
benchmark,765,q11_top_categories,0.65690000000000004,0,True,
benchmark,766,q11_top_categories,0.57089999999999996,0,True,
benchmark,767,q11_top_categories,0.64880000000000004,0,True,
benchmark,768,q11_top_categories,0.49819999999999998,0,True,
benchmark,769,q11_top_categories,0.53759999999999997,0,True,
benchmark,770,q11_top_categories,0.51749999999999996,0,True,
benchmark,771,q11_top_categories,0.53190000000000004,0,True,
benchmark,772,q11_top_categories,0.5423,0,True,
benchmark,773,q11_top_categories,0.53190000000000004,0,True,
benchmark,774,q11_top_categories,0.62590000000000001,0,True,
benchmark,775,q11_top_categories,0.51100000000000001,0,True,
benchmark,776,q11_top_categories,0.57809999999999995,0,True,
benchmark,777,q11_top_categories,0.47999999999999998,0,True,
benchmark,778,q11_top_categories,0.47039999999999998,0,True,
benchmark,779,q11_top_categories,0.56399999999999995,0,True,
benchmark,780,q11_top_categories,0.60009999999999997,0,True,
benchmark,781,q11_top_categories,0.58579999999999999,0,True,
benchmark,782,q11_top_categories,0.60150000000000003,0,True,
benchmark,783,q11_top_categories,0.5343,0,True,
benchmark,784,q11_top_categories,0.52910000000000001,0,True,
benchmark,785,q11_top_categories,0.53149999999999997,0,True,
benchmark,786,q11_top_categories,0.54610000000000003,0,True,
benchmark,787,q11_top_categories,0.57940000000000003,0,True,
benchmark,788,q11_top_categories,0.52190000000000003,0,True,
benchmark,789,q11_top_categories,0.50839999999999996,0,True,
benchmark,790,q11_top_categories,0.51300000000000001,0,True,
benchmark,791,q11_top_categories,0.49690000000000001,0,True,
benchmark,792,q11_top_categories,0.45729999999999998,0,True,
benchmark,793,q11_top_categories,0.45500000000000002,0,True,
benchmark,794,q11_top_categories,1.6268,0,True,
benchmark,795,q11_top_categories,0.50149999999999995,0,True,
benchmark,796,q11_top_categories,0.49409999999999998,0,True,
benchmark,797,q11_top_categories,0.50670000000000004,0,True,
benchmark,798,q11_top_categories,0.60399999999999998,0,True,
benchmark,799,q11_top_categories,0.47289999999999999,0,True,
benchmark,800,q11_top_categories,0.44030000000000002,0,True,
benchmark,801,q11_top_categories,2.1389999999999998,0,True,
benchmark,802,q11_top_categories,1.3484,0,True,
benchmark,803,q11_top_categories,1.4101999999999999,0,True,
benchmark,804,q11_top_categories,1.2533000000000001,0,True,
benchmark,805,q11_top_categories,1.1929000000000001,0,True,
benchmark,806,q11_top_categories,1.0237000000000001,0,True,
benchmark,807,q11_top_categories,0.97399999999999998,0,True,
benchmark,808,q11_top_categories,0.96399999999999997,0,True,
benchmark,809,q11_top_categories,0.93340000000000001,0,True,
benchmark,810,q11_top_categories,1.0887,0,True,
benchmark,811,q11_top_categories,1.1203000000000001,0,True,
benchmark,812,q11_top_categories,0.96099999999999997,0,True,
benchmark,813,q11_top_categories,0.88470000000000004,0,True,
benchmark,814,q11_top_categories,0.89710000000000001,0,True,
benchmark,815,q11_top_categories,0.82269999999999999,0,True,
benchmark,816,q11_top_categories,0.93540000000000001,0,True,
benchmark,817,q11_top_categories,0.83330000000000004,0,True,
benchmark,818,q11_top_categories,0.86360000000000003,0,True,
benchmark,819,q11_top_categories,0.84809999999999997,0,True,
benchmark,820,q11_top_categories,0.80320000000000003,0,True,
benchmark,821,q11_top_categories,0.70279999999999998,0,True,
benchmark,822,q11_top_categories,0.71550000000000002,0,True,
benchmark,823,q11_top_categories,0.70730000000000004,0,True,
benchmark,824,q11_top_categories,0.70499999999999996,0,True,
benchmark,825,q11_top_categories,0.66210000000000002,0,True,
benchmark,826,q11_top_categories,0.67459999999999998,0,True,
benchmark,827,q11_top_categories,0.71240000000000003,0,True,
benchmark,828,q11_top_categories,0.68230000000000002,0,True,
benchmark,829,q11_top_categories,0.7742,0,True,
benchmark,830,q11_top_categories,0.79069999999999996,0,True,
benchmark,831,q11_top_categories,0.8075,0,True,
benchmark,832,q11_top_categories,0.69030000000000002,0,True,
benchmark,833,q11_top_categories,0.63239999999999996,0,True,
benchmark,834,q11_top_categories,0.66049999999999998,0,True,
benchmark,835,q11_top_categories,0.69979999999999998,0,True,
benchmark,836,q11_top_categories,0.69810000000000005,0,True,
benchmark,837,q11_top_categories,0.71260000000000001,0,True,
benchmark,838,q11_top_categories,0.76529999999999998,0,True,
benchmark,839,q11_top_categories,0.68340000000000001,0,True,
benchmark,840,q11_top_categories,0.68989999999999996,0,True,
benchmark,841,q11_top_categories,0.72609999999999997,0,True,
benchmark,842,q11_top_categories,0.71050000000000002,0,True,
benchmark,843,q11_top_categories,0.75619999999999998,0,True,
benchmark,844,q11_top_categories,0.75090000000000001,0,True,
benchmark,845,q11_top_categories,0.5675,0,True,
benchmark,846,q11_top_categories,0.59389999999999998,0,True,
benchmark,847,q11_top_categories,0.65029999999999999,0,True,
benchmark,848,q11_top_categories,0.60640000000000005,0,True,
benchmark,849,q11_top_categories,0.57240000000000002,0,True,
benchmark,850,q11_top_categories,0.56100000000000005,0,True,
benchmark,851,q11_top_categories,0.61319999999999997,0,True,
benchmark,852,q11_top_categories,0.61380000000000001,0,True,
benchmark,853,q11_top_categories,0.54159999999999997,0,True,
benchmark,854,q11_top_categories,0.55320000000000003,0,True,
benchmark,855,q11_top_categories,0.55779999999999996,0,True,
benchmark,856,q11_top_categories,0.55510000000000004,0,True,
benchmark,857,q11_top_categories,0.56210000000000004,0,True,
benchmark,858,q11_top_categories,0.55359999999999998,0,True,
benchmark,859,q11_top_categories,0.60099999999999998,0,True,
benchmark,860,q11_top_categories,0.57630000000000003,0,True,
benchmark,861,q11_top_categories,0.52080000000000004,0,True,
benchmark,862,q11_top_categories,0.53590000000000004,0,True,
benchmark,863,q11_top_categories,0.53290000000000004,0,True,
benchmark,864,q11_top_categories,0.4839,0,True,
benchmark,865,q11_top_categories,0.54049999999999998,0,True,
benchmark,866,q11_top_categories,0.49940000000000001,0,True,
benchmark,867,q11_top_categories,0.50409999999999999,0,True,
benchmark,868,q11_top_categories,0.52239999999999998,0,True,
benchmark,869,q11_top_categories,0.50600000000000001,0,True,
benchmark,870,q11_top_categories,0.51580000000000004,0,True,
benchmark,871,q11_top_categories,0.59760000000000002,0,True,
benchmark,872,q11_top_categories,0.78280000000000005,0,True,
benchmark,873,q11_top_categories,0.75580000000000003,0,True,
benchmark,874,q11_top_categories,0.5514,0,True,
benchmark,875,q11_top_categories,0.5464,0,True,
benchmark,876,q11_top_categories,0.51359999999999995,0,True,
benchmark,877,q11_top_categories,0.53049999999999997,0,True,
benchmark,878,q11_top_categories,0.4834,0,True,
benchmark,879,q11_top_categories,0.54300000000000004,0,True,
benchmark,880,q11_top_categories,0.5262,0,True,
benchmark,881,q11_top_categories,0.61570000000000003,0,True,
benchmark,882,q11_top_categories,0.47620000000000001,0,True,
benchmark,883,q11_top_categories,0.49280000000000002,0,True,
benchmark,884,q11_top_categories,0.51849999999999996,0,True,
benchmark,885,q11_top_categories,0.4995,0,True,
benchmark,886,q11_top_categories,0.54730000000000001,0,True,
benchmark,887,q11_top_categories,0.52649999999999997,0,True,
benchmark,888,q11_top_categories,0.56979999999999997,0,True,
benchmark,889,q11_top_categories,0.45700000000000002,0,True,
benchmark,890,q11_top_categories,0.47889999999999999,0,True,
benchmark,891,q11_top_categories,0.53790000000000004,0,True,
benchmark,892,q11_top_categories,0.47170000000000001,0,True,
benchmark,893,q11_top_categories,0.48570000000000002,0,True,
benchmark,894,q11_top_categories,0.47420000000000001,0,True,
benchmark,895,q11_top_categories,0.53269999999999995,0,True,
benchmark,896,q11_top_categories,0.46860000000000002,0,True,
benchmark,897,q11_top_categories,0.50860000000000005,0,True,
benchmark,898,q11_top_categories,0.46050000000000002,0,True,
benchmark,899,q11_top_categories,0.48970000000000002,0,True,
benchmark,900,q11_top_categories,0.44829999999999998,0,True,
benchmark,901,q11_top_categories,2.4580000000000002,0,True,
benchmark,902,q11_top_categories,1.3297000000000001,0,True,
benchmark,903,q11_top_categories,1.0736000000000001,0,True,
benchmark,904,q11_top_categories,1.002,0,True,
benchmark,905,q11_top_categories,0.94479999999999997,0,True,
benchmark,906,q11_top_categories,0.87050000000000005,0,True,
benchmark,907,q11_top_categories,1.5831,0,True,
benchmark,908,q11_top_categories,1.2042999999999999,0,True,
benchmark,909,q11_top_categories,1.2037,0,True,
benchmark,910,q11_top_categories,1.1738999999999999,0,True,
benchmark,911,q11_top_categories,1.1677,0,True,
benchmark,912,q11_top_categories,1.2664,0,True,
benchmark,913,q11_top_categories,1.4913000000000001,0,True,
benchmark,914,q11_top_categories,1.1167,0,True,
benchmark,915,q11_top_categories,1.0975999999999999,0,True,
benchmark,916,q11_top_categories,0.92949999999999999,0,True,
benchmark,917,q11_top_categories,1.018,0,True,
benchmark,918,q11_top_categories,1.1274999999999999,0,True,
benchmark,919,q11_top_categories,0.84689999999999999,0,True,
benchmark,920,q11_top_categories,0.88339999999999996,0,True,
benchmark,921,q11_top_categories,0.91979999999999995,0,True,
benchmark,922,q11_top_categories,0.87919999999999998,0,True,
benchmark,923,q11_top_categories,0.80020000000000002,0,True,
benchmark,924,q11_top_categories,1.0804,0,True,
benchmark,925,q11_top_categories,1.4390000000000001,0,True,
benchmark,926,q11_top_categories,0.92469999999999997,0,True,
benchmark,927,q11_top_categories,0.81920000000000004,0,True,
benchmark,928,q11_top_categories,0.92500000000000004,0,True,
benchmark,929,q11_top_categories,0.85489999999999999,0,True,
benchmark,930,q11_top_categories,0.81169999999999998,0,True,
benchmark,931,q11_top_categories,0.95030000000000003,0,True,
benchmark,932,q11_top_categories,0.77539999999999998,0,True,
benchmark,933,q11_top_categories,0.75119999999999998,0,True,
benchmark,934,q11_top_categories,0.79269999999999996,0,True,
benchmark,935,q11_top_categories,0.81130000000000002,0,True,
benchmark,936,q11_top_categories,0.78559999999999997,0,True,
benchmark,937,q11_top_categories,0.77929999999999999,0,True,
benchmark,938,q11_top_categories,0.80640000000000001,0,True,
benchmark,939,q11_top_categories,0.85680000000000001,0,True,
benchmark,940,q11_top_categories,0.73740000000000006,0,True,
benchmark,941,q11_top_categories,0.75819999999999999,0,True,
benchmark,942,q11_top_categories,0.68630000000000002,0,True,
benchmark,943,q11_top_categories,0.69120000000000004,0,True,
benchmark,944,q11_top_categories,0.69420000000000004,0,True,
benchmark,945,q11_top_categories,0.65780000000000005,0,True,
benchmark,946,q11_top_categories,0.70420000000000005,0,True,
benchmark,947,q11_top_categories,0.67720000000000002,0,True,
benchmark,948,q11_top_categories,0.70840000000000003,0,True,
benchmark,949,q11_top_categories,0.73409999999999997,0,True,
benchmark,950,q11_top_categories,0.73240000000000005,0,True,
benchmark,951,q11_top_categories,0.76300000000000001,0,True,
benchmark,952,q11_top_categories,0.65280000000000005,0,True,
benchmark,953,q11_top_categories,0.73070000000000002,0,True,
benchmark,954,q11_top_categories,0.70469999999999999,0,True,
benchmark,955,q11_top_categories,0.65429999999999999,0,True,
benchmark,956,q11_top_categories,0.68330000000000002,0,True,
benchmark,957,q11_top_categories,0.64129999999999998,0,True,
benchmark,958,q11_top_categories,0.68520000000000003,0,True,
benchmark,959,q11_top_categories,0.67359999999999998,0,True,
benchmark,960,q11_top_categories,0.6855,0,True,
benchmark,961,q11_top_categories,0.63160000000000005,0,True,
benchmark,962,q11_top_categories,0.65349999999999997,0,True,
benchmark,963,q11_top_categories,0.7742,0,True,
benchmark,964,q11_top_categories,0.85499999999999998,0,True,
benchmark,965,q11_top_categories,0.81220000000000003,0,True,
benchmark,966,q11_top_categories,0.69479999999999997,0,True,
benchmark,967,q11_top_categories,0.62350000000000005,0,True,
benchmark,968,q11_top_categories,0.57320000000000004,0,True,
benchmark,969,q11_top_categories,0.75080000000000002,0,True,
benchmark,970,q11_top_categories,0.59609999999999996,0,True,
benchmark,971,q11_top_categories,0.53669999999999995,0,True,
benchmark,972,q11_top_categories,1.5954999999999999,0,True,
benchmark,973,q11_top_categories,0.5595,0,True,
benchmark,974,q11_top_categories,0.54610000000000003,0,True,
benchmark,975,q11_top_categories,0.51280000000000003,0,True,
benchmark,976,q11_top_categories,0.58069999999999999,0,True,
benchmark,977,q11_top_categories,0.51849999999999996,0,True,
benchmark,978,q11_top_categories,0.57030000000000003,0,True,
benchmark,979,q11_top_categories,0.50719999999999998,0,True,
benchmark,980,q11_top_categories,1.2763,0,True,
benchmark,981,q11_top_categories,1.0435000000000001,0,True,
benchmark,982,q11_top_categories,0.52929999999999999,0,True,
benchmark,983,q11_top_categories,0.55859999999999999,0,True,
benchmark,984,q11_top_categories,0.53949999999999998,0,True,
benchmark,985,q11_top_categories,0.57040000000000002,0,True,
benchmark,986,q11_top_categories,0.5615,0,True,
benchmark,987,q11_top_categories,0.5514,0,True,
benchmark,988,q11_top_categories,0.53180000000000005,0,True,
benchmark,989,q11_top_categories,0.51100000000000001,0,True,
benchmark,990,q11_top_categories,0.51119999999999999,0,True,
benchmark,991,q11_top_categories,0.52580000000000005,0,True,
benchmark,992,q11_top_categories,1.7497,0,True,
benchmark,993,q11_top_categories,0.52239999999999998,0,True,
benchmark,994,q11_top_categories,0.45960000000000001,0,True,
benchmark,995,q11_top_categories,0.54610000000000003,0,True,
benchmark,996,q11_top_categories,0.52680000000000005,0,True,
benchmark,997,q11_top_categories,0.54690000000000005,0,True,
benchmark,998,q11_top_categories,0.53069999999999995,0,True,
benchmark,999,q11_top_categories,1.5789,0,True,
benchmark,1000,q11_top_categories,0.50180000000000002,0,True,
