phase,request_index,query_name,latency_ms,rows_returned,ok,error
warmup,0,q1_user_by_id,3.1819000000000002,1,True,
warmup,1,q2_all_users,24.842500000000001,200,True,
warmup,2,q3_user_by_login,2.2376,1,True,
warmup,3,q4_sellers_rating,159.209,100,True,
warmup,4,q5_orders_offset,66.168499999999995,50,True,
warmup,5,q6_products_by_seller,1.9736,1,True,
warmup,6,q7_products_join_sellers,57.299199999999999,1,True,
warmup,7,q8_order_items_join_products,27.924499999999998,2,True,
warmup,8,q9_orders_items_products_by_user,12.2096,7,True,
warmup,9,q10_top_sellers_qty,820.73580000000004,20,True,
warmup,10,q11_top_categories,182.3683,10,True,
warmup,11,q1_user_by_id,2.1015999999999999,1,True,
warmup,12,q2_all_users,11.630599999999999,200,True,
warmup,13,q3_user_by_login,1.8978999999999999,1,True,
warmup,14,q4_sellers_rating,126.14570000000001,100,True,
warmup,15,q5_orders_offset,43.101500000000001,50,True,
warmup,16,q6_products_by_seller,1.8293999999999999,1,True,
warmup,17,q7_products_join_sellers,1.0704,0,True,
warmup,18,q8_order_items_join_products,2.8271000000000002,5,True,
warmup,19,q9_orders_items_products_by_user,4.3140999999999998,3,True,
warmup,20,q10_top_sellers_qty,449.61669999999998,20,True,
warmup,21,q11_top_categories,161.53,10,True,
warmup,22,q1_user_by_id,2.1282000000000001,1,True,
warmup,23,q2_all_users,8.8019999999999996,200,True,
warmup,24,q3_user_by_login,1.8967000000000001,1,True,
warmup,25,q4_sellers_rating,117.4866,100,True,
warmup,26,q5_orders_offset,32.816600000000001,50,True,
warmup,27,q6_products_by_seller,1.5225,1,True,
warmup,28,q7_products_join_sellers,0.90769999999999995,0,True,
warmup,29,q8_order_items_join_products,2.4382000000000001,1,True,
warmup,30,q9_orders_items_products_by_user,8.9847000000000001,15,True,
warmup,31,q10_top_sellers_qty,403.66899999999998,20,True,
warmup,32,q11_top_categories,169.64410000000001,10,True,
warmup,33,q1_user_by_id,1.9394,1,True,
warmup,34,q2_all_users,8.8308999999999997,200,True,
warmup,35,q3_user_by_login,1.7553000000000001,1,True,
warmup,36,q4_sellers_rating,114.68810000000001,100,True,
warmup,37,q5_orders_offset,34.653199999999998,50,True,
warmup,38,q6_products_by_seller,1.7144999999999999,3,True,
warmup,39,q7_products_join_sellers,2.3220999999999998,1,True,
warmup,40,q8_order_items_join_products,2.0680999999999998,1,True,
warmup,41,q9_orders_items_products_by_user,0.54190000000000005,0,True,
warmup,42,q10_top_sellers_qty,385.05869999999999,20,True,
warmup,43,q11_top_categories,147.54400000000001,10,True,
warmup,44,q1_user_by_id,1.8734,1,True,
warmup,45,q2_all_users,8.8989999999999991,200,True,
warmup,46,q3_user_by_login,1.6829000000000001,1,True,
warmup,47,q4_sellers_rating,120.6763,100,True,
warmup,48,q5_orders_offset,33.906300000000002,50,True,
warmup,49,q6_products_by_seller,1.7945,1,True,
warmup,50,q7_products_join_sellers,2.3714,2,True,
warmup,51,q8_order_items_join_products,2.7553999999999998,1,True,
warmup,52,q9_orders_items_products_by_user,2.9649999999999999,1,True,
warmup,53,q10_top_sellers_qty,399.98930000000001,20,True,
warmup,54,q11_top_categories,141.49000000000001,10,True,
warmup,55,q1_user_by_id,2.0613000000000001,1,True,
warmup,56,q2_all_users,11.9658,200,True,
warmup,57,q3_user_by_login,1.8847,1,True,
warmup,58,q4_sellers_rating,110.1121,100,True,
warmup,59,q5_orders_offset,31.444400000000002,50,True,
warmup,60,q6_products_by_seller,1.7365999999999999,1,True,
warmup,61,q7_products_join_sellers,2.4834000000000001,3,True,
warmup,62,q8_order_items_join_products,2.0325000000000002,1,True,
warmup,63,q9_orders_items_products_by_user,7.4405999999999999,10,True,
warmup,64,q10_top_sellers_qty,403.04079999999999,20,True,
warmup,65,q11_top_categories,129.4102,10,True,
warmup,66,q1_user_by_id,1.9643999999999999,1,True,
warmup,67,q2_all_users,9.4779,200,True,
warmup,68,q3_user_by_login,1.6576,1,True,
warmup,69,q4_sellers_rating,114.3901,100,True,
warmup,70,q5_orders_offset,30.5198,50,True,
warmup,71,q6_products_by_seller,0.92420000000000002,0,True,
warmup,72,q7_products_join_sellers,2.2921999999999998,2,True,
warmup,73,q8_order_items_join_products,2.6514000000000002,4,True,
warmup,74,q9_orders_items_products_by_user,3.9674,2,True,
warmup,75,q10_top_sellers_qty,392.97789999999998,20,True,
warmup,76,q11_top_categories,156.65899999999999,10,True,
warmup,77,q1_user_by_id,1.4518,1,True,
warmup,78,q2_all_users,9.3109999999999999,200,True,
warmup,79,q3_user_by_login,1.3292999999999999,1,True,
warmup,80,q4_sellers_rating,121.68219999999999,100,True,
warmup,81,q5_orders_offset,35.886499999999998,50,True,
warmup,82,q6_products_by_seller,1.4562999999999999,2,True,
warmup,83,q7_products_join_sellers,1.9754,4,True,
warmup,84,q8_order_items_join_products,2.5630999999999999,4,True,
warmup,85,q9_orders_items_products_by_user,0.8135,0,True,
warmup,86,q10_top_sellers_qty,430.16480000000001,20,True,
warmup,87,q11_top_categories,149.14080000000001,10,True,
warmup,88,q1_user_by_id,1.7602,1,True,
warmup,89,q2_all_users,8.1206999999999994,200,True,
warmup,90,q3_user_by_login,1.7435,1,True,
warmup,91,q4_sellers_rating,115.6944,100,True,
warmup,92,q5_orders_offset,32.356499999999997,50,True,
warmup,93,q6_products_by_seller,1.8421000000000001,1,True,
warmup,94,q7_products_join_sellers,2.234,2,True,
warmup,95,q8_order_items_join_products,2.0457000000000001,3,True,
warmup,96,q9_orders_items_products_by_user,0.53359999999999996,0,True,
warmup,97,q10_top_sellers_qty,477.7561,20,True,
warmup,98,q11_top_categories,140.67140000000001,10,True,
warmup,99,q1_user_by_id,1.7568999999999999,1,True,
warmup,100,q2_all_users,10.238200000000001,200,True,
warmup,101,q3_user_by_login,1.5898000000000001,1,True,
warmup,102,q4_sellers_rating,117.0279,100,True,
warmup,103,q5_orders_offset,30.352399999999999,50,True,
warmup,104,q6_products_by_seller,0.58760000000000001,0,True,
warmup,105,q7_products_join_sellers,2.3696000000000002,1,True,
warmup,106,q8_order_items_join_products,2.0230000000000001,5,True,
warmup,107,q9_orders_items_products_by_user,0.49430000000000002,0,True,
warmup,108,q10_top_sellers_qty,432.34160000000003,20,True,
warmup,109,q11_top_categories,130.34559999999999,10,True,
warmup,110,q1_user_by_id,1.8141,1,True,
warmup,111,q2_all_users,9.5808999999999997,200,True,
warmup,112,q3_user_by_login,1.5118,1,True,
warmup,113,q4_sellers_rating,116.4149,100,True,
warmup,114,q5_orders_offset,30.739100000000001,50,True,
warmup,115,q6_products_by_seller,0.97219999999999995,0,True,
warmup,116,q7_products_join_sellers,2.7808999999999999,1,True,
warmup,117,q8_order_items_join_products,2.7772999999999999,4,True,
warmup,118,q9_orders_items_products_by_user,0.83550000000000002,0,True,
warmup,119,q10_top_sellers_qty,384.52870000000001,20,True,
warmup,120,q11_top_categories,148.39330000000001,10,True,
warmup,121,q1_user_by_id,1.8887,1,True,
warmup,122,q2_all_users,8.25,200,True,
warmup,123,q3_user_by_login,1.6664000000000001,1,True,
warmup,124,q4_sellers_rating,114.3205,100,True,
warmup,125,q5_orders_offset,40.569200000000002,50,True,
warmup,126,q6_products_by_seller,1.8873,1,True,
warmup,127,q7_products_join_sellers,2.5095999999999998,1,True,
warmup,128,q8_order_items_join_products,2.3285999999999998,3,True,
warmup,129,q9_orders_items_products_by_user,9.3238000000000003,8,True,
warmup,130,q10_top_sellers_qty,391.98079999999999,20,True,
warmup,131,q11_top_categories,167.3998,10,True,
warmup,132,q1_user_by_id,1.9283999999999999,1,True,
warmup,133,q2_all_users,8.0900999999999996,200,True,
warmup,134,q3_user_by_login,1.6627000000000001,1,True,
warmup,135,q4_sellers_rating,113.9423,100,True,
warmup,136,q5_orders_offset,33.715600000000002,50,True,
warmup,137,q6_products_by_seller,0.92779999999999996,0,True,
warmup,138,q7_products_join_sellers,2.4093,3,True,
warmup,139,q8_order_items_join_products,2.4906000000000001,2,True,
warmup,140,q9_orders_items_products_by_user,0.42770000000000002,0,True,
warmup,141,q10_top_sellers_qty,409.65620000000001,20,True,
warmup,142,q11_top_categories,149.227,10,True,
warmup,143,q1_user_by_id,1.7786999999999999,1,True,
warmup,144,q2_all_users,10.397500000000001,200,True,
warmup,145,q3_user_by_login,1.776,1,True,
warmup,146,q4_sellers_rating,114.82640000000001,100,True,
warmup,147,q5_orders_offset,30.9315,50,True,
warmup,148,q6_products_by_seller,0.92400000000000004,0,True,
warmup,149,q7_products_join_sellers,2.3448000000000002,1,True,
warmup,150,q8_order_items_join_products,2.1269999999999998,2,True,
warmup,151,q9_orders_items_products_by_user,2.7519,4,True,
warmup,152,q10_top_sellers_qty,427.60430000000002,20,True,
warmup,153,q11_top_categories,164.773,10,True,
warmup,154,q1_user_by_id,1.5474000000000001,1,True,
warmup,155,q2_all_users,9.0639000000000003,200,True,
warmup,156,q3_user_by_login,1.4530000000000001,1,True,
warmup,157,q4_sellers_rating,115.4808,100,True,
warmup,158,q5_orders_offset,30.081099999999999,50,True,
warmup,159,q6_products_by_seller,0.90149999999999997,1,True,
warmup,160,q7_products_join_sellers,1.7858000000000001,1,True,
warmup,161,q8_order_items_join_products,1.8328,3,True,
warmup,162,q9_orders_items_products_by_user,3.8919999999999999,5,True,
warmup,163,q10_top_sellers_qty,429.36040000000003,20,True,
warmup,164,q11_top_categories,153.7824,10,True,
warmup,165,q1_user_by_id,1.6449,1,True,
warmup,166,q2_all_users,7.8319999999999999,200,True,
warmup,167,q3_user_by_login,1.3637999999999999,1,True,
warmup,168,q4_sellers_rating,118.22410000000001,100,True,
warmup,169,q5_orders_offset,34.686900000000001,50,True,
warmup,170,q6_products_by_seller,0.86929999999999996,0,True,
warmup,171,q7_products_join_sellers,0.97550000000000003,0,True,
warmup,172,q8_order_items_join_products,2.4264999999999999,1,True,
warmup,173,q9_orders_items_products_by_user,3.7094,3,True,
warmup,174,q10_top_sellers_qty,380.17160000000001,20,True,
warmup,175,q11_top_categories,156.11170000000001,10,True,
warmup,176,q1_user_by_id,1.4835,1,True,
warmup,177,q2_all_users,8.1250999999999998,200,True,
warmup,178,q3_user_by_login,1.2195,1,True,
warmup,179,q4_sellers_rating,114.9393,100,True,
warmup,180,q5_orders_offset,40.351700000000001,50,True,
warmup,181,q6_products_by_seller,1.1724000000000001,2,True,
warmup,182,q7_products_join_sellers,1.6653,2,True,
warmup,183,q8_order_items_join_products,1.3933,1,True,
warmup,184,q9_orders_items_products_by_user,3.9407000000000001,4,True,
warmup,185,q10_top_sellers_qty,413.42059999999998,20,True,
warmup,186,q11_top_categories,158.67910000000001,10,True,
warmup,187,q1_user_by_id,1.478,1,True,
warmup,188,q2_all_users,11.2668,200,True,
warmup,189,q3_user_by_login,1.5441,1,True,
warmup,190,q4_sellers_rating,114.7445,100,True,
warmup,191,q5_orders_offset,30.661200000000001,50,True,
warmup,192,q6_products_by_seller,1.849,2,True,
warmup,193,q7_products_join_sellers,2.4634999999999998,1,True,
warmup,194,q8_order_items_join_products,2.4499,4,True,
warmup,195,q9_orders_items_products_by_user,3.3586,1,True,
warmup,196,q10_top_sellers_qty,416.57799999999997,20,True,
warmup,197,q11_top_categories,143.16319999999999,10,True,
warmup,198,q1_user_by_id,1.4193,1,True,
warmup,199,q2_all_users,9.1837,200,True,
benchmark,1,q1_user_by_id,1.8197000000000001,1,True,
benchmark,2,q1_user_by_id,1.2061999999999999,1,True,
benchmark,3,q1_user_by_id,1.1648000000000001,1,True,
benchmark,4,q1_user_by_id,1.1941999999999999,1,True,
benchmark,5,q1_user_by_id,1.0722,1,True,
benchmark,6,q1_user_by_id,0.86160000000000003,1,True,
benchmark,7,q1_user_by_id,1.1225000000000001,1,True,
benchmark,8,q1_user_by_id,0.72119999999999995,1,True,
benchmark,9,q1_user_by_id,0.96909999999999996,1,True,
benchmark,10,q1_user_by_id,0.87780000000000002,1,True,
benchmark,11,q1_user_by_id,0.95679999999999998,1,True,
benchmark,12,q1_user_by_id,0.90859999999999996,1,True,
benchmark,13,q1_user_by_id,0.75409999999999999,1,True,
benchmark,14,q1_user_by_id,1.0924,1,True,
benchmark,15,q1_user_by_id,1.1281000000000001,1,True,
benchmark,16,q1_user_by_id,1.0471999999999999,1,True,
benchmark,17,q1_user_by_id,1.0217000000000001,1,True,
benchmark,18,q1_user_by_id,0.70650000000000002,1,True,
benchmark,19,q1_user_by_id,0.85319999999999996,1,True,
benchmark,20,q1_user_by_id,0.83509999999999995,1,True,
benchmark,21,q1_user_by_id,0.7147,1,True,
benchmark,22,q1_user_by_id,0.68489999999999995,1,True,
benchmark,23,q1_user_by_id,0.89339999999999997,1,True,
benchmark,24,q1_user_by_id,0.82230000000000003,1,True,
benchmark,25,q1_user_by_id,1.0095000000000001,1,True,
benchmark,26,q1_user_by_id,1.0178,1,True,
benchmark,27,q1_user_by_id,0.69820000000000004,1,True,
benchmark,28,q1_user_by_id,0.67669999999999997,1,True,
benchmark,29,q1_user_by_id,1.0346,1,True,
benchmark,30,q1_user_by_id,1.181,1,True,
benchmark,31,q1_user_by_id,0.92710000000000004,1,True,
benchmark,32,q1_user_by_id,1.0966,1,True,
benchmark,33,q1_user_by_id,0.90010000000000001,1,True,
benchmark,34,q1_user_by_id,0.89280000000000004,1,True,
benchmark,35,q1_user_by_id,0.73599999999999999,1,True,
benchmark,36,q1_user_by_id,0.70520000000000005,1,True,
benchmark,37,q1_user_by_id,0.73040000000000005,1,True,
benchmark,38,q1_user_by_id,0.74039999999999995,1,True,
benchmark,39,q1_user_by_id,0.84819999999999995,1,True,
benchmark,40,q1_user_by_id,0.74570000000000003,1,True,
benchmark,41,q1_user_by_id,0.77070000000000005,1,True,
benchmark,42,q1_user_by_id,0.92989999999999995,1,True,
benchmark,43,q1_user_by_id,0.8659,1,True,
benchmark,44,q1_user_by_id,0.89690000000000003,1,True,
benchmark,45,q1_user_by_id,0.76719999999999999,1,True,
benchmark,46,q1_user_by_id,0.77349999999999997,1,True,
benchmark,47,q1_user_by_id,0.69530000000000003,1,True,
benchmark,48,q1_user_by_id,0.74580000000000002,1,True,
benchmark,49,q1_user_by_id,0.71879999999999999,1,True,
benchmark,50,q1_user_by_id,0.77980000000000005,1,True,
benchmark,51,q1_user_by_id,0.8276,1,True,
benchmark,52,q1_user_by_id,0.88570000000000004,1,True,
benchmark,53,q1_user_by_id,0.85019999999999996,1,True,
benchmark,54,q1_user_by_id,0.88800000000000001,1,True,
benchmark,55,q1_user_by_id,0.72989999999999999,1,True,
benchmark,56,q1_user_by_id,0.90810000000000002,1,True,
benchmark,57,q1_user_by_id,0.7248,1,True,
benchmark,58,q1_user_by_id,0.78290000000000004,1,True,
benchmark,59,q1_user_by_id,0.88649999999999995,1,True,
benchmark,60,q1_user_by_id,0.70350000000000001,1,True,
benchmark,61,q1_user_by_id,0.72070000000000001,1,True,
benchmark,62,q1_user_by_id,0.7298,1,True,
benchmark,63,q1_user_by_id,0.79259999999999997,1,True,
benchmark,64,q1_user_by_id,0.92330000000000001,1,True,
benchmark,65,q1_user_by_id,0.83399999999999996,1,True,
benchmark,66,q1_user_by_id,0.81499999999999995,1,True,
benchmark,67,q1_user_by_id,0.72309999999999997,1,True,
benchmark,68,q1_user_by_id,0.73040000000000005,1,True,
benchmark,69,q1_user_by_id,0.76939999999999997,1,True,
benchmark,70,q1_user_by_id,0.72219999999999995,1,True,
benchmark,71,q1_user_by_id,0.71699999999999997,1,True,
benchmark,72,q1_user_by_id,0.84799999999999998,1,True,
benchmark,73,q1_user_by_id,0.69569999999999999,1,True,
benchmark,74,q1_user_by_id,0.68300000000000005,1,True,
benchmark,75,q1_user_by_id,0.70369999999999999,1,True,
benchmark,76,q1_user_by_id,0.71050000000000002,1,True,
benchmark,77,q1_user_by_id,0.71209999999999996,1,True,
benchmark,78,q1_user_by_id,0.67800000000000005,1,True,
benchmark,79,q1_user_by_id,0.71350000000000002,1,True,
benchmark,80,q1_user_by_id,0.68479999999999996,1,True,
benchmark,81,q1_user_by_id,0.68210000000000004,1,True,
benchmark,82,q1_user_by_id,0.69799999999999995,1,True,
benchmark,83,q1_user_by_id,0.72319999999999995,1,True,
benchmark,84,q1_user_by_id,0.68049999999999999,1,True,
benchmark,85,q1_user_by_id,0.70630000000000004,1,True,
benchmark,86,q1_user_by_id,0.76800000000000002,1,True,
benchmark,87,q1_user_by_id,0.72060000000000002,1,True,
benchmark,88,q1_user_by_id,0.73399999999999999,1,True,
benchmark,89,q1_user_by_id,0.97699999999999998,1,True,
benchmark,90,q1_user_by_id,0.80130000000000001,1,True,
benchmark,91,q1_user_by_id,0.73470000000000002,1,True,
benchmark,92,q1_user_by_id,0.73250000000000004,1,True,
benchmark,93,q1_user_by_id,0.73440000000000005,1,True,
benchmark,94,q1_user_by_id,0.71660000000000001,1,True,
benchmark,95,q1_user_by_id,0.84050000000000002,1,True,
benchmark,96,q1_user_by_id,0.89539999999999997,1,True,
benchmark,97,q1_user_by_id,0.76480000000000004,1,True,
benchmark,98,q1_user_by_id,0.76029999999999998,1,True,
benchmark,99,q1_user_by_id,0.7198,1,True,
benchmark,100,q1_user_by_id,0.7258,1,True,
benchmark,101,q1_user_by_id,1.5726,1,True,
benchmark,102,q1_user_by_id,1.4198,1,True,
benchmark,103,q1_user_by_id,1.4280999999999999,1,True,
benchmark,104,q1_user_by_id,1.522,1,True,
benchmark,105,q1_user_by_id,1.3742000000000001,1,True,
benchmark,106,q1_user_by_id,1.8044,1,True,
benchmark,107,q1_user_by_id,1.5253000000000001,1,True,
benchmark,108,q1_user_by_id,2.1379999999999999,1,True,
benchmark,109,q1_user_by_id,2.161,1,True,
benchmark,110,q1_user_by_id,1.1778999999999999,1,True,
benchmark,111,q1_user_by_id,1.8386,1,True,
benchmark,112,q1_user_by_id,1.9305000000000001,1,True,
benchmark,113,q1_user_by_id,1.3566,1,True,
benchmark,114,q1_user_by_id,1.7406999999999999,1,True,
benchmark,115,q1_user_by_id,3.3498000000000001,1,True,
benchmark,116,q1_user_by_id,1.2712000000000001,1,True,
benchmark,117,q1_user_by_id,2.1414,1,True,
benchmark,118,q1_user_by_id,2.1223000000000001,1,True,
benchmark,119,q1_user_by_id,2.5482,1,True,
benchmark,120,q1_user_by_id,1.1640999999999999,1,True,
benchmark,121,q1_user_by_id,1.5325,1,True,
benchmark,122,q1_user_by_id,1.1560999999999999,1,True,
benchmark,123,q1_user_by_id,1.8635999999999999,1,True,
benchmark,124,q1_user_by_id,1.3109,1,True,
benchmark,125,q1_user_by_id,1.3071999999999999,1,True,
benchmark,126,q1_user_by_id,0.97319999999999995,1,True,
benchmark,127,q1_user_by_id,1.2021999999999999,1,True,
benchmark,128,q1_user_by_id,1.0867,1,True,
benchmark,129,q1_user_by_id,1.0111000000000001,1,True,
benchmark,130,q1_user_by_id,0.8841,1,True,
benchmark,131,q1_user_by_id,1.2259,1,True,
benchmark,132,q1_user_by_id,0.91669999999999996,1,True,
benchmark,133,q1_user_by_id,1.3817999999999999,1,True,
benchmark,134,q1_user_by_id,1.0766,1,True,
benchmark,135,q1_user_by_id,1.0101,1,True,
benchmark,136,q1_user_by_id,0.8891,1,True,
benchmark,137,q1_user_by_id,0.92600000000000005,1,True,
benchmark,138,q1_user_by_id,0.87680000000000002,1,True,
benchmark,139,q1_user_by_id,1.1984999999999999,1,True,
benchmark,140,q1_user_by_id,1.3811,1,True,
benchmark,141,q1_user_by_id,1.0951,1,True,
benchmark,142,q1_user_by_id,1.0246,1,True,
benchmark,143,q1_user_by_id,5.1447000000000003,1,True,
benchmark,144,q1_user_by_id,0.97919999999999996,1,True,
benchmark,145,q1_user_by_id,2.0781999999999998,1,True,
benchmark,146,q1_user_by_id,3.0697000000000001,1,True,
benchmark,147,q1_user_by_id,1.3942000000000001,1,True,
benchmark,148,q1_user_by_id,1.6589,1,True,
benchmark,149,q1_user_by_id,1.0979000000000001,1,True,
benchmark,150,q1_user_by_id,1.5567,1,True,
benchmark,151,q1_user_by_id,1.6295999999999999,1,True,
benchmark,152,q1_user_by_id,1.5310999999999999,1,True,
benchmark,153,q1_user_by_id,1.1669,1,True,
benchmark,154,q1_user_by_id,1.1828000000000001,1,True,
benchmark,155,q1_user_by_id,0.76980000000000004,1,True,
benchmark,156,q1_user_by_id,1.0278,1,True,
benchmark,157,q1_user_by_id,0.79800000000000004,1,True,
benchmark,158,q1_user_by_id,0.79239999999999999,1,True,
benchmark,159,q1_user_by_id,0.88390000000000002,1,True,
benchmark,160,q1_user_by_id,0.70860000000000001,1,True,
benchmark,161,q1_user_by_id,0.72030000000000005,1,True,
benchmark,162,q1_user_by_id,0.67969999999999997,1,True,
benchmark,163,q1_user_by_id,0.69179999999999997,1,True,
benchmark,164,q1_user_by_id,0.6482,1,True,
benchmark,165,q1_user_by_id,0.70679999999999998,1,True,
benchmark,166,q1_user_by_id,0.67910000000000004,1,True,
benchmark,167,q1_user_by_id,0.68069999999999997,1,True,
benchmark,168,q1_user_by_id,0.66469999999999996,1,True,
benchmark,169,q1_user_by_id,0.73009999999999997,1,True,
benchmark,170,q1_user_by_id,0.90629999999999999,1,True,
benchmark,171,q1_user_by_id,1.0266,1,True,
benchmark,172,q1_user_by_id,0.76100000000000001,1,True,
benchmark,173,q1_user_by_id,0.72850000000000004,1,True,
benchmark,174,q1_user_by_id,0.72309999999999997,1,True,
benchmark,175,q1_user_by_id,0.75680000000000003,1,True,
benchmark,176,q1_user_by_id,0.67279999999999995,1,True,
benchmark,177,q1_user_by_id,0.65600000000000003,1,True,
benchmark,178,q1_user_by_id,0.68320000000000003,1,True,
benchmark,179,q1_user_by_id,0.66959999999999997,1,True,
benchmark,180,q1_user_by_id,0.65949999999999998,1,True,
benchmark,181,q1_user_by_id,0.67269999999999996,1,True,
benchmark,182,q1_user_by_id,0.69120000000000004,1,True,
benchmark,183,q1_user_by_id,0.67330000000000001,1,True,
benchmark,184,q1_user_by_id,0.68310000000000004,1,True,
benchmark,185,q1_user_by_id,0.67379999999999995,1,True,
benchmark,186,q1_user_by_id,0.67800000000000005,1,True,
benchmark,187,q1_user_by_id,0.70950000000000002,1,True,
benchmark,188,q1_user_by_id,0.70179999999999998,1,True,
benchmark,189,q1_user_by_id,0.68679999999999997,1,True,
benchmark,190,q1_user_by_id,0.65269999999999995,1,True,
benchmark,191,q1_user_by_id,0.65690000000000004,1,True,
benchmark,192,q1_user_by_id,0.69620000000000004,1,True,
benchmark,193,q1_user_by_id,0.84289999999999998,1,True,
benchmark,194,q1_user_by_id,0.70030000000000003,1,True,
benchmark,195,q1_user_by_id,0.66649999999999998,1,True,
benchmark,196,q1_user_by_id,0.92889999999999995,1,True,
benchmark,197,q1_user_by_id,0.68530000000000002,1,True,
benchmark,198,q1_user_by_id,0.69950000000000001,1,True,
benchmark,199,q1_user_by_id,0.70640000000000003,1,True,
benchmark,200,q1_user_by_id,0.77629999999999999,1,True,
benchmark,201,q1_user_by_id,1.0736000000000001,1,True,
benchmark,202,q1_user_by_id,0.73050000000000004,1,True,
benchmark,203,q1_user_by_id,0.69889999999999997,1,True,
benchmark,204,q1_user_by_id,0.64639999999999997,1,True,
benchmark,205,q1_user_by_id,0.63139999999999996,1,True,
benchmark,206,q1_user_by_id,0.61399999999999999,1,True,
benchmark,207,q1_user_by_id,0.65820000000000001,1,True,
benchmark,208,q1_user_by_id,0.66900000000000004,1,True,
benchmark,209,q1_user_by_id,0.70450000000000002,1,True,
benchmark,210,q1_user_by_id,0.68240000000000001,1,True,
benchmark,211,q1_user_by_id,0.68559999999999999,1,True,
benchmark,212,q1_user_by_id,0.64649999999999996,1,True,
benchmark,213,q1_user_by_id,0.63519999999999999,1,True,
benchmark,214,q1_user_by_id,0.63080000000000003,1,True,
benchmark,215,q1_user_by_id,0.63060000000000005,1,True,
benchmark,216,q1_user_by_id,0.62990000000000002,1,True,
benchmark,217,q1_user_by_id,0.61760000000000004,1,True,
benchmark,218,q1_user_by_id,0.60250000000000004,1,True,
benchmark,219,q1_user_by_id,0.61719999999999997,1,True,
benchmark,220,q1_user_by_id,0.6845,1,True,
benchmark,221,q1_user_by_id,2.2204000000000002,1,True,
benchmark,222,q1_user_by_id,0.66859999999999997,1,True,
benchmark,223,q1_user_by_id,0.623,1,True,
benchmark,224,q1_user_by_id,0.60360000000000003,1,True,
benchmark,225,q1_user_by_id,0.63160000000000005,1,True,
benchmark,226,q1_user_by_id,0.63600000000000001,1,True,
benchmark,227,q1_user_by_id,0.60909999999999997,1,True,
benchmark,228,q1_user_by_id,0.60170000000000001,1,True,
benchmark,229,q1_user_by_id,0.61850000000000005,1,True,
benchmark,230,q1_user_by_id,0.62760000000000005,1,True,
benchmark,231,q1_user_by_id,0.63090000000000002,1,True,
benchmark,232,q1_user_by_id,0.69089999999999996,1,True,
benchmark,233,q1_user_by_id,0.64870000000000005,1,True,
benchmark,234,q1_user_by_id,0.63749999999999996,1,True,
benchmark,235,q1_user_by_id,1.1175999999999999,1,True,
benchmark,236,q1_user_by_id,0.62839999999999996,1,True,
benchmark,237,q1_user_by_id,0.67579999999999996,1,True,
benchmark,238,q1_user_by_id,0.63270000000000004,1,True,
benchmark,239,q1_user_by_id,0.64670000000000005,1,True,
benchmark,240,q1_user_by_id,0.61739999999999995,1,True,
benchmark,241,q1_user_by_id,0.62419999999999998,1,True,
benchmark,242,q1_user_by_id,0.59830000000000005,1,True,
benchmark,243,q1_user_by_id,0.64749999999999996,1,True,
benchmark,244,q1_user_by_id,0.72160000000000002,1,True,
benchmark,245,q1_user_by_id,0.62429999999999997,1,True,
benchmark,246,q1_user_by_id,0.67190000000000005,1,True,
benchmark,247,q1_user_by_id,0.69289999999999996,1,True,
benchmark,248,q1_user_by_id,0.61309999999999998,1,True,
benchmark,249,q1_user_by_id,0.67349999999999999,1,True,
benchmark,250,q1_user_by_id,0.61450000000000005,1,True,
benchmark,251,q1_user_by_id,0.68200000000000005,1,True,
benchmark,252,q1_user_by_id,0.68869999999999998,1,True,
benchmark,253,q1_user_by_id,0.6583,1,True,
benchmark,254,q1_user_by_id,0.68700000000000006,1,True,
benchmark,255,q1_user_by_id,0.85319999999999996,1,True,
benchmark,256,q1_user_by_id,0.75449999999999995,1,True,
benchmark,257,q1_user_by_id,0.78390000000000004,1,True,
benchmark,258,q1_user_by_id,0.78339999999999999,1,True,
benchmark,259,q1_user_by_id,0.62539999999999996,1,True,
benchmark,260,q1_user_by_id,0.61229999999999996,1,True,
benchmark,261,q1_user_by_id,0.60780000000000001,1,True,
benchmark,262,q1_user_by_id,0.59109999999999996,1,True,
benchmark,263,q1_user_by_id,0.60409999999999997,1,True,
benchmark,264,q1_user_by_id,0.60209999999999997,1,True,
benchmark,265,q1_user_by_id,0.60160000000000002,1,True,
benchmark,266,q1_user_by_id,0.59560000000000002,1,True,
benchmark,267,q1_user_by_id,0.60419999999999996,1,True,
benchmark,268,q1_user_by_id,0.86319999999999997,1,True,
benchmark,269,q1_user_by_id,0.72640000000000005,1,True,
benchmark,270,q1_user_by_id,0.62560000000000004,1,True,
benchmark,271,q1_user_by_id,0.62829999999999997,1,True,
benchmark,272,q1_user_by_id,0.60119999999999996,1,True,
benchmark,273,q1_user_by_id,0.60109999999999997,1,True,
benchmark,274,q1_user_by_id,0.61450000000000005,1,True,
benchmark,275,q1_user_by_id,0.62019999999999997,1,True,
benchmark,276,q1_user_by_id,0.60870000000000002,1,True,
benchmark,277,q1_user_by_id,0.61209999999999998,1,True,
benchmark,278,q1_user_by_id,0.60589999999999999,1,True,
benchmark,279,q1_user_by_id,0.59709999999999996,1,True,
benchmark,280,q1_user_by_id,0.62,1,True,
benchmark,281,q1_user_by_id,0.64890000000000003,1,True,
benchmark,282,q1_user_by_id,0.67749999999999999,1,True,
benchmark,283,q1_user_by_id,0.64380000000000004,1,True,
benchmark,284,q1_user_by_id,0.60870000000000002,1,True,
benchmark,285,q1_user_by_id,1.0338000000000001,1,True,
benchmark,286,q1_user_by_id,0.64219999999999999,1,True,
benchmark,287,q1_user_by_id,0.60009999999999997,1,True,
benchmark,288,q1_user_by_id,0.90610000000000002,1,True,
benchmark,289,q1_user_by_id,1.2150000000000001,1,True,
benchmark,290,q1_user_by_id,1.3197000000000001,1,True,
benchmark,291,q1_user_by_id,0.9415,1,True,
benchmark,292,q1_user_by_id,0.88190000000000002,1,True,
benchmark,293,q1_user_by_id,0.83689999999999998,1,True,
benchmark,294,q1_user_by_id,0.88190000000000002,1,True,
benchmark,295,q1_user_by_id,0.85540000000000005,1,True,
benchmark,296,q1_user_by_id,0.94820000000000004,1,True,
benchmark,297,q1_user_by_id,0.80759999999999998,1,True,
benchmark,298,q1_user_by_id,0.6452,1,True,
benchmark,299,q1_user_by_id,0.62749999999999995,1,True,
benchmark,300,q1_user_by_id,0.61980000000000002,1,True,
benchmark,301,q1_user_by_id,1.8265,1,True,
benchmark,302,q1_user_by_id,1.0174000000000001,1,True,
benchmark,303,q1_user_by_id,0.9355,1,True,
benchmark,304,q1_user_by_id,0.91759999999999997,1,True,
benchmark,305,q1_user_by_id,1.2605,1,True,
benchmark,306,q1_user_by_id,0.86050000000000004,1,True,
benchmark,307,q1_user_by_id,0.67049999999999998,1,True,
benchmark,308,q1_user_by_id,0.65669999999999995,1,True,
benchmark,309,q1_user_by_id,0.71120000000000005,1,True,
benchmark,310,q1_user_by_id,0.72989999999999999,1,True,
benchmark,311,q1_user_by_id,0.76600000000000001,1,True,
benchmark,312,q1_user_by_id,0.66249999999999998,1,True,
benchmark,313,q1_user_by_id,0.69820000000000004,1,True,
benchmark,314,q1_user_by_id,0.68069999999999997,1,True,
benchmark,315,q1_user_by_id,0.65259999999999996,1,True,
benchmark,316,q1_user_by_id,0.69520000000000004,1,True,
benchmark,317,q1_user_by_id,0.68279999999999996,1,True,
benchmark,318,q1_user_by_id,0.65690000000000004,1,True,
benchmark,319,q1_user_by_id,0.64810000000000001,1,True,
benchmark,320,q1_user_by_id,0.66600000000000004,1,True,
benchmark,321,q1_user_by_id,0.66159999999999997,1,True,
benchmark,322,q1_user_by_id,0.64229999999999998,1,True,
benchmark,323,q1_user_by_id,0.64219999999999999,1,True,
benchmark,324,q1_user_by_id,0.63800000000000001,1,True,
benchmark,325,q1_user_by_id,0.64610000000000001,1,True,
benchmark,326,q1_user_by_id,0.7278,1,True,
benchmark,327,q1_user_by_id,0.72789999999999999,1,True,
benchmark,328,q1_user_by_id,0.70540000000000003,1,True,
benchmark,329,q1_user_by_id,0.65769999999999995,1,True,
benchmark,330,q1_user_by_id,0.65880000000000005,1,True,
benchmark,331,q1_user_by_id,0.64959999999999996,1,True,
benchmark,332,q1_user_by_id,0.64629999999999999,1,True,
benchmark,333,q1_user_by_id,0.70089999999999997,1,True,
benchmark,334,q1_user_by_id,0.70440000000000003,1,True,
benchmark,335,q1_user_by_id,0.69930000000000003,1,True,
benchmark,336,q1_user_by_id,0.66690000000000005,1,True,
benchmark,337,q1_user_by_id,0.65090000000000003,1,True,
benchmark,338,q1_user_by_id,1.1343000000000001,1,True,
benchmark,339,q1_user_by_id,0.70530000000000004,1,True,
benchmark,340,q1_user_by_id,0.67079999999999995,1,True,
benchmark,341,q1_user_by_id,0.66539999999999999,1,True,
benchmark,342,q1_user_by_id,0.67230000000000001,1,True,
benchmark,343,q1_user_by_id,0.64570000000000005,1,True,
benchmark,344,q1_user_by_id,0.65129999999999999,1,True,
benchmark,345,q1_user_by_id,0.66859999999999997,1,True,
benchmark,346,q1_user_by_id,0.64939999999999998,1,True,
benchmark,347,q1_user_by_id,0.64900000000000002,1,True,
benchmark,348,q1_user_by_id,0.64590000000000003,1,True,
benchmark,349,q1_user_by_id,0.6421,1,True,
benchmark,350,q1_user_by_id,0.65429999999999999,1,True,
benchmark,351,q1_user_by_id,0.755,1,True,
benchmark,352,q1_user_by_id,0.6804,1,True,
benchmark,353,q1_user_by_id,0.66000000000000003,1,True,
benchmark,354,q1_user_by_id,0.66169999999999995,1,True,
benchmark,355,q1_user_by_id,0.69430000000000003,1,True,
benchmark,356,q1_user_by_id,0.76170000000000004,1,True,
benchmark,357,q1_user_by_id,0.68320000000000003,1,True,
benchmark,358,q1_user_by_id,0.73519999999999996,1,True,
benchmark,359,q1_user_by_id,0.77410000000000001,1,True,
benchmark,360,q1_user_by_id,0.66659999999999997,1,True,
benchmark,361,q1_user_by_id,0.70760000000000001,1,True,
benchmark,362,q1_user_by_id,0.65559999999999996,1,True,
benchmark,363,q1_user_by_id,0.6472,1,True,
benchmark,364,q1_user_by_id,0.64219999999999999,1,True,
benchmark,365,q1_user_by_id,0.62560000000000004,1,True,
benchmark,366,q1_user_by_id,0.64490000000000003,1,True,
benchmark,367,q1_user_by_id,0.65659999999999996,1,True,
benchmark,368,q1_user_by_id,0.66490000000000005,1,True,
benchmark,369,q1_user_by_id,0.67779999999999996,1,True,
benchmark,370,q1_user_by_id,0.70379999999999998,1,True,
benchmark,371,q1_user_by_id,0.68159999999999998,1,True,
benchmark,372,q1_user_by_id,0.6532,1,True,
benchmark,373,q1_user_by_id,0.65949999999999998,1,True,
benchmark,374,q1_user_by_id,0.68220000000000003,1,True,
benchmark,375,q1_user_by_id,0.64049999999999996,1,True,
benchmark,376,q1_user_by_id,0.62580000000000002,1,True,
benchmark,377,q1_user_by_id,0.63959999999999995,1,True,
benchmark,378,q1_user_by_id,0.62849999999999995,1,True,
benchmark,379,q1_user_by_id,0.62890000000000001,1,True,
benchmark,380,q1_user_by_id,0.63360000000000005,1,True,
benchmark,381,q1_user_by_id,0.78620000000000001,1,True,
benchmark,382,q1_user_by_id,0.89900000000000002,1,True,
benchmark,383,q1_user_by_id,0.82050000000000001,1,True,
benchmark,384,q1_user_by_id,0.80320000000000003,1,True,
benchmark,385,q1_user_by_id,0.96850000000000003,1,True,
benchmark,386,q1_user_by_id,0.76239999999999997,1,True,
benchmark,387,q1_user_by_id,0.67079999999999995,1,True,
benchmark,388,q1_user_by_id,0.65049999999999997,1,True,
benchmark,389,q1_user_by_id,0.65839999999999999,1,True,
benchmark,390,q1_user_by_id,0.65680000000000005,1,True,
benchmark,391,q1_user_by_id,0.62929999999999997,1,True,
benchmark,392,q1_user_by_id,0.65169999999999995,1,True,
benchmark,393,q1_user_by_id,0.64729999999999999,1,True,
benchmark,394,q1_user_by_id,0.64810000000000001,1,True,
benchmark,395,q1_user_by_id,0.62170000000000003,1,True,
benchmark,396,q1_user_by_id,0.63560000000000005,1,True,
benchmark,397,q1_user_by_id,0.66959999999999997,1,True,
benchmark,398,q1_user_by_id,0.6462,1,True,
benchmark,399,q1_user_by_id,0.64670000000000005,1,True,
benchmark,400,q1_user_by_id,0.77359999999999995,1,True,
benchmark,401,q1_user_by_id,1.0972999999999999,1,True,
benchmark,402,q1_user_by_id,0.7964,1,True,
benchmark,403,q1_user_by_id,0.80479999999999996,1,True,
benchmark,404,q1_user_by_id,0.72009999999999996,1,True,
benchmark,405,q1_user_by_id,0.74039999999999995,1,True,
benchmark,406,q1_user_by_id,0.62729999999999997,1,True,
benchmark,407,q1_user_by_id,0.63800000000000001,1,True,
benchmark,408,q1_user_by_id,0.65739999999999998,1,True,
benchmark,409,q1_user_by_id,0.65369999999999995,1,True,
benchmark,410,q1_user_by_id,0.62939999999999996,1,True,
benchmark,411,q1_user_by_id,0.6089,1,True,
benchmark,412,q1_user_by_id,0.61580000000000001,1,True,
benchmark,413,q1_user_by_id,0.62939999999999996,1,True,
benchmark,414,q1_user_by_id,0.70609999999999995,1,True,
benchmark,415,q1_user_by_id,0.65139999999999998,1,True,
benchmark,416,q1_user_by_id,0.63470000000000004,1,True,
benchmark,417,q1_user_by_id,0.63490000000000002,1,True,
benchmark,418,q1_user_by_id,0.629,1,True,
benchmark,419,q1_user_by_id,0.60489999999999999,1,True,
benchmark,420,q1_user_by_id,0.65029999999999999,1,True,
benchmark,421,q1_user_by_id,0.75219999999999998,1,True,
benchmark,422,q1_user_by_id,0.68089999999999995,1,True,
benchmark,423,q1_user_by_id,0.67769999999999997,1,True,
benchmark,424,q1_user_by_id,0.66320000000000001,1,True,
benchmark,425,q1_user_by_id,0.63780000000000003,1,True,
benchmark,426,q1_user_by_id,0.65059999999999996,1,True,
benchmark,427,q1_user_by_id,0.63029999999999997,1,True,
benchmark,428,q1_user_by_id,0.65229999999999999,1,True,
benchmark,429,q1_user_by_id,0.6361,1,True,
benchmark,430,q1_user_by_id,0.62450000000000006,1,True,
benchmark,431,q1_user_by_id,0.62549999999999994,1,True,
benchmark,432,q1_user_by_id,0.66169999999999995,1,True,
benchmark,433,q1_user_by_id,0.65200000000000002,1,True,
benchmark,434,q1_user_by_id,0.61399999999999999,1,True,
benchmark,435,q1_user_by_id,0.63460000000000005,1,True,
benchmark,436,q1_user_by_id,0.65839999999999999,1,True,
benchmark,437,q1_user_by_id,0.64100000000000001,1,True,
benchmark,438,q1_user_by_id,0.62129999999999996,1,True,
benchmark,439,q1_user_by_id,0.74919999999999998,1,True,
benchmark,440,q1_user_by_id,0.67190000000000005,1,True,
benchmark,441,q1_user_by_id,0.62609999999999999,1,True,
benchmark,442,q1_user_by_id,0.60819999999999996,1,True,
benchmark,443,q1_user_by_id,0.62009999999999998,1,True,
benchmark,444,q1_user_by_id,0.63500000000000001,1,True,
benchmark,445,q1_user_by_id,0.65590000000000004,1,True,
benchmark,446,q1_user_by_id,0.71230000000000004,1,True,
benchmark,447,q1_user_by_id,0.65480000000000005,1,True,
benchmark,448,q1_user_by_id,0.68710000000000004,1,True,
benchmark,449,q1_user_by_id,0.65410000000000001,1,True,
benchmark,450,q1_user_by_id,0.62290000000000001,1,True,
benchmark,451,q1_user_by_id,1.1435999999999999,1,True,
benchmark,452,q1_user_by_id,0.63160000000000005,1,True,
benchmark,453,q1_user_by_id,0.64449999999999996,1,True,
benchmark,454,q1_user_by_id,0.62180000000000002,1,True,
benchmark,455,q1_user_by_id,0.62519999999999998,1,True,
benchmark,456,q1_user_by_id,0.61570000000000003,1,True,
benchmark,457,q1_user_by_id,0.61080000000000001,1,True,
benchmark,458,q1_user_by_id,0.63849999999999996,1,True,
benchmark,459,q1_user_by_id,0.62919999999999998,1,True,
benchmark,460,q1_user_by_id,0.61499999999999999,1,True,
benchmark,461,q1_user_by_id,0.63800000000000001,1,True,
benchmark,462,q1_user_by_id,0.6149,1,True,
benchmark,463,q1_user_by_id,0.61270000000000002,1,True,
benchmark,464,q1_user_by_id,0.62549999999999994,1,True,
benchmark,465,q1_user_by_id,0.629,1,True,
benchmark,466,q1_user_by_id,0.72509999999999997,1,True,
benchmark,467,q1_user_by_id,0.61160000000000003,1,True,
benchmark,468,q1_user_by_id,0.63680000000000003,1,True,
benchmark,469,q1_user_by_id,0.74760000000000004,1,True,
benchmark,470,q1_user_by_id,0.70909999999999995,1,True,
benchmark,471,q1_user_by_id,0.65110000000000001,1,True,
benchmark,472,q1_user_by_id,0.66849999999999998,1,True,
benchmark,473,q1_user_by_id,0.69969999999999999,1,True,
benchmark,474,q1_user_by_id,0.63100000000000001,1,True,
benchmark,475,q1_user_by_id,0.74639999999999995,1,True,
benchmark,476,q1_user_by_id,0.66520000000000001,1,True,
benchmark,477,q1_user_by_id,0.68179999999999996,1,True,
benchmark,478,q1_user_by_id,0.68540000000000001,1,True,
benchmark,479,q1_user_by_id,0.65080000000000005,1,True,
benchmark,480,q1_user_by_id,0.66290000000000004,1,True,
benchmark,481,q1_user_by_id,0.66180000000000005,1,True,
benchmark,482,q1_user_by_id,0.66100000000000003,1,True,
benchmark,483,q1_user_by_id,0.65510000000000002,1,True,
benchmark,484,q1_user_by_id,0.67330000000000001,1,True,
benchmark,485,q1_user_by_id,0.67269999999999996,1,True,
benchmark,486,q1_user_by_id,0.66710000000000003,1,True,
benchmark,487,q1_user_by_id,0.6522,1,True,
benchmark,488,q1_user_by_id,0.66510000000000002,1,True,
benchmark,489,q1_user_by_id,0.66220000000000001,1,True,
benchmark,490,q1_user_by_id,0.67830000000000001,1,True,
benchmark,491,q1_user_by_id,0.65900000000000003,1,True,
benchmark,492,q1_user_by_id,0.68379999999999996,1,True,
benchmark,493,q1_user_by_id,0.68220000000000003,1,True,
benchmark,494,q1_user_by_id,0.65569999999999995,1,True,
benchmark,495,q1_user_by_id,0.74639999999999995,1,True,
benchmark,496,q1_user_by_id,0.87180000000000002,1,True,
benchmark,497,q1_user_by_id,0.75670000000000004,1,True,
benchmark,498,q1_user_by_id,0.71850000000000003,1,True,
benchmark,499,q1_user_by_id,0.67859999999999998,1,True,
benchmark,500,q1_user_by_id,0.81869999999999998,1,True,
benchmark,501,q1_user_by_id,1.7133,1,True,
benchmark,502,q1_user_by_id,1.1215999999999999,1,True,
benchmark,503,q1_user_by_id,0.96230000000000004,1,True,
benchmark,504,q1_user_by_id,0.84489999999999998,1,True,
benchmark,505,q1_user_by_id,0.7772,1,True,
benchmark,506,q1_user_by_id,0.83599999999999997,1,True,
benchmark,507,q1_user_by_id,0.71419999999999995,1,True,
benchmark,508,q1_user_by_id,0.6714,1,True,
benchmark,509,q1_user_by_id,0.66679999999999995,1,True,
benchmark,510,q1_user_by_id,0.67379999999999995,1,True,
benchmark,511,q1_user_by_id,0.65469999999999995,1,True,
benchmark,512,q1_user_by_id,0.73129999999999995,1,True,
benchmark,513,q1_user_by_id,0.63759999999999994,1,True,
benchmark,514,q1_user_by_id,0.64459999999999995,1,True,
benchmark,515,q1_user_by_id,0.63500000000000001,1,True,
benchmark,516,q1_user_by_id,0.63380000000000003,1,True,
benchmark,517,q1_user_by_id,0.63139999999999996,1,True,
benchmark,518,q1_user_by_id,0.64059999999999995,1,True,
benchmark,519,q1_user_by_id,0.63229999999999997,1,True,
benchmark,520,q1_user_by_id,0.63629999999999998,1,True,
benchmark,521,q1_user_by_id,0.66180000000000005,1,True,
benchmark,522,q1_user_by_id,0.6643,1,True,
benchmark,523,q1_user_by_id,0.63560000000000005,1,True,
benchmark,524,q1_user_by_id,0.6653,1,True,
benchmark,525,q1_user_by_id,0.66549999999999998,1,True,
benchmark,526,q1_user_by_id,0.65280000000000005,1,True,
benchmark,527,q1_user_by_id,0.68100000000000005,1,True,
benchmark,528,q1_user_by_id,0.84109999999999996,1,True,
benchmark,529,q1_user_by_id,0.67589999999999995,1,True,
benchmark,530,q1_user_by_id,0.67589999999999995,1,True,
benchmark,531,q1_user_by_id,1.1618999999999999,1,True,
benchmark,532,q1_user_by_id,0.66930000000000001,1,True,
benchmark,533,q1_user_by_id,0.66549999999999998,1,True,
benchmark,534,q1_user_by_id,0.66890000000000005,1,True,
benchmark,535,q1_user_by_id,0.69020000000000004,1,True,
benchmark,536,q1_user_by_id,0.67449999999999999,1,True,
benchmark,537,q1_user_by_id,0.67230000000000001,1,True,
benchmark,538,q1_user_by_id,0.66749999999999998,1,True,
benchmark,539,q1_user_by_id,0.69230000000000003,1,True,
benchmark,540,q1_user_by_id,0.66579999999999995,1,True,
benchmark,541,q1_user_by_id,0.67479999999999996,1,True,
benchmark,542,q1_user_by_id,0.65969999999999995,1,True,
benchmark,543,q1_user_by_id,0.64780000000000004,1,True,
benchmark,544,q1_user_by_id,0.65190000000000003,1,True,
benchmark,545,q1_user_by_id,0.67469999999999997,1,True,
benchmark,546,q1_user_by_id,0.66249999999999998,1,True,
benchmark,547,q1_user_by_id,0.68140000000000001,1,True,
benchmark,548,q1_user_by_id,0.65410000000000001,1,True,
benchmark,549,q1_user_by_id,0.64729999999999999,1,True,
benchmark,550,q1_user_by_id,0.68430000000000002,1,True,
benchmark,551,q1_user_by_id,0.74609999999999999,1,True,
benchmark,552,q1_user_by_id,0.74199999999999999,1,True,
benchmark,553,q1_user_by_id,0.6905,1,True,
benchmark,554,q1_user_by_id,0.74480000000000002,1,True,
benchmark,555,q1_user_by_id,0.68210000000000004,1,True,
benchmark,556,q1_user_by_id,0.7601,1,True,
benchmark,557,q1_user_by_id,0.78269999999999995,1,True,
benchmark,558,q1_user_by_id,0.67230000000000001,1,True,
benchmark,559,q1_user_by_id,0.65869999999999995,1,True,
benchmark,560,q1_user_by_id,0.66379999999999995,1,True,
benchmark,561,q1_user_by_id,0.65049999999999997,1,True,
benchmark,562,q1_user_by_id,0.65590000000000004,1,True,
benchmark,563,q1_user_by_id,0.65649999999999997,1,True,
benchmark,564,q1_user_by_id,0.6653,1,True,
benchmark,565,q1_user_by_id,0.65069999999999995,1,True,
benchmark,566,q1_user_by_id,0.69230000000000003,1,True,
benchmark,567,q1_user_by_id,0.65759999999999996,1,True,
benchmark,568,q1_user_by_id,0.65539999999999998,1,True,
benchmark,569,q1_user_by_id,0.66500000000000004,1,True,
benchmark,570,q1_user_by_id,0.66349999999999998,1,True,
benchmark,571,q1_user_by_id,0.66610000000000003,1,True,
benchmark,572,q1_user_by_id,0.65859999999999996,1,True,
benchmark,573,q1_user_by_id,0.65700000000000003,1,True,
benchmark,574,q1_user_by_id,0.65229999999999999,1,True,
benchmark,575,q1_user_by_id,0.68030000000000002,1,True,
benchmark,576,q1_user_by_id,0.74490000000000001,1,True,
benchmark,577,q1_user_by_id,0.70530000000000004,1,True,
benchmark,578,q1_user_by_id,0.67869999999999997,1,True,
benchmark,579,q1_user_by_id,0.90280000000000005,1,True,
benchmark,580,q1_user_by_id,0.68630000000000002,1,True,
benchmark,581,q1_user_by_id,0.67510000000000003,1,True,
benchmark,582,q1_user_by_id,0.68469999999999998,1,True,
benchmark,583,q1_user_by_id,0.68179999999999996,1,True,
benchmark,584,q1_user_by_id,0.66849999999999998,1,True,
benchmark,585,q1_user_by_id,0.70130000000000003,1,True,
benchmark,586,q1_user_by_id,0.74360000000000004,1,True,
benchmark,587,q1_user_by_id,0.65290000000000004,1,True,
benchmark,588,q1_user_by_id,0.69030000000000002,1,True,
benchmark,589,q1_user_by_id,0.6704,1,True,
benchmark,590,q1_user_by_id,0.6623,1,True,
benchmark,591,q1_user_by_id,0.6502,1,True,
benchmark,592,q1_user_by_id,0.65920000000000001,1,True,
benchmark,593,q1_user_by_id,0.6915,1,True,
benchmark,594,q1_user_by_id,0.66490000000000005,1,True,
benchmark,595,q1_user_by_id,0.6482,1,True,
benchmark,596,q1_user_by_id,0.67349999999999999,1,True,
benchmark,597,q1_user_by_id,0.66259999999999997,1,True,
benchmark,598,q1_user_by_id,0.66059999999999997,1,True,
benchmark,599,q1_user_by_id,0.76139999999999997,1,True,
benchmark,600,q1_user_by_id,0.68030000000000002,1,True,
benchmark,601,q1_user_by_id,1.097,1,True,
benchmark,602,q1_user_by_id,0.72019999999999995,1,True,
benchmark,603,q1_user_by_id,0.71089999999999998,1,True,
benchmark,604,q1_user_by_id,0.68000000000000005,1,True,
benchmark,605,q1_user_by_id,0.68100000000000005,1,True,
benchmark,606,q1_user_by_id,0.66969999999999996,1,True,
benchmark,607,q1_user_by_id,0.65069999999999995,1,True,
benchmark,608,q1_user_by_id,0.64539999999999997,1,True,
benchmark,609,q1_user_by_id,0.68240000000000001,1,True,
benchmark,610,q1_user_by_id,0.69059999999999999,1,True,
benchmark,611,q1_user_by_id,0.68720000000000003,1,True,
benchmark,612,q1_user_by_id,0.68540000000000001,1,True,
benchmark,613,q1_user_by_id,0.75819999999999999,1,True,
benchmark,614,q1_user_by_id,0.72699999999999998,1,True,
benchmark,615,q1_user_by_id,0.70950000000000002,1,True,
benchmark,616,q1_user_by_id,0.69940000000000002,1,True,
benchmark,617,q1_user_by_id,0.73760000000000003,1,True,
benchmark,618,q1_user_by_id,0.64049999999999996,1,True,
benchmark,619,q1_user_by_id,0.62390000000000001,1,True,
benchmark,620,q1_user_by_id,0.62880000000000003,1,True,
benchmark,621,q1_user_by_id,0.65369999999999995,1,True,
benchmark,622,q1_user_by_id,0.70589999999999997,1,True,
benchmark,623,q1_user_by_id,0.65159999999999996,1,True,
benchmark,624,q1_user_by_id,0.64729999999999999,1,True,
benchmark,625,q1_user_by_id,0.68130000000000002,1,True,
benchmark,626,q1_user_by_id,0.70899999999999996,1,True,
benchmark,627,q1_user_by_id,0.65069999999999995,1,True,
benchmark,628,q1_user_by_id,0.66920000000000002,1,True,
benchmark,629,q1_user_by_id,0.65639999999999998,1,True,
benchmark,630,q1_user_by_id,0.66820000000000002,1,True,
benchmark,631,q1_user_by_id,0.66559999999999997,1,True,
benchmark,632,q1_user_by_id,0.65469999999999995,1,True,
benchmark,633,q1_user_by_id,0.64990000000000003,1,True,
benchmark,634,q1_user_by_id,0.64910000000000001,1,True,
benchmark,635,q1_user_by_id,0.64370000000000005,1,True,
benchmark,636,q1_user_by_id,0.65969999999999995,1,True,
benchmark,637,q1_user_by_id,0.71650000000000003,1,True,
benchmark,638,q1_user_by_id,0.6996,1,True,
benchmark,639,q1_user_by_id,0.7127,1,True,
benchmark,640,q1_user_by_id,0.65759999999999996,1,True,
benchmark,641,q1_user_by_id,0.65259999999999996,1,True,
benchmark,642,q1_user_by_id,0.92059999999999997,1,True,
benchmark,643,q1_user_by_id,0.66139999999999999,1,True,
benchmark,644,q1_user_by_id,0.64219999999999999,1,True,
benchmark,645,q1_user_by_id,0.64200000000000002,1,True,
benchmark,646,q1_user_by_id,0.63390000000000002,1,True,
benchmark,647,q1_user_by_id,0.63639999999999997,1,True,
benchmark,648,q1_user_by_id,0.65139999999999998,1,True,
benchmark,649,q1_user_by_id,0.64839999999999998,1,True,
benchmark,650,q1_user_by_id,0.6653,1,True,
benchmark,651,q1_user_by_id,0.77800000000000002,1,True,
benchmark,652,q1_user_by_id,0.78639999999999999,1,True,
benchmark,653,q1_user_by_id,0.66339999999999999,1,True,
benchmark,654,q1_user_by_id,0.63370000000000004,1,True,
benchmark,655,q1_user_by_id,0.64470000000000005,1,True,
benchmark,656,q1_user_by_id,0.66279999999999994,1,True,
benchmark,657,q1_user_by_id,0.64219999999999999,1,True,
benchmark,658,q1_user_by_id,0.66859999999999997,1,True,
benchmark,659,q1_user_by_id,0.66039999999999999,1,True,
benchmark,660,q1_user_by_id,0.6593,1,True,
benchmark,661,q1_user_by_id,0.65269999999999995,1,True,
benchmark,662,q1_user_by_id,0.68030000000000002,1,True,
benchmark,663,q1_user_by_id,0.76090000000000002,1,True,
benchmark,664,q1_user_by_id,0.73150000000000004,1,True,
benchmark,665,q1_user_by_id,0.8377,1,True,
benchmark,666,q1_user_by_id,0.72629999999999995,1,True,
benchmark,667,q1_user_by_id,0.70509999999999995,1,True,
benchmark,668,q1_user_by_id,0.6774,1,True,
benchmark,669,q1_user_by_id,0.66139999999999999,1,True,
benchmark,670,q1_user_by_id,0.64370000000000005,1,True,
benchmark,671,q1_user_by_id,0.66269999999999996,1,True,
benchmark,672,q1_user_by_id,0.6663,1,True,
benchmark,673,q1_user_by_id,0.66600000000000004,1,True,
benchmark,674,q1_user_by_id,0.66510000000000002,1,True,
benchmark,675,q1_user_by_id,0.69820000000000004,1,True,
benchmark,676,q1_user_by_id,1.6727000000000001,1,True,
benchmark,677,q1_user_by_id,0.72750000000000004,1,True,
benchmark,678,q1_user_by_id,0.67959999999999998,1,True,
benchmark,679,q1_user_by_id,0.90969999999999995,1,True,
benchmark,680,q1_user_by_id,1.1466000000000001,1,True,
benchmark,681,q1_user_by_id,0.74539999999999995,1,True,
benchmark,682,q1_user_by_id,0.92020000000000002,1,True,
benchmark,683,q1_user_by_id,1.2450000000000001,1,True,
benchmark,684,q1_user_by_id,1.0411999999999999,1,True,
benchmark,685,q1_user_by_id,0.71760000000000002,1,True,
benchmark,686,q1_user_by_id,1.1045,1,True,
benchmark,687,q1_user_by_id,0.6946,1,True,
benchmark,688,q1_user_by_id,0.67479999999999996,1,True,
benchmark,689,q1_user_by_id,0.70150000000000001,1,True,
benchmark,690,q1_user_by_id,0.71899999999999997,1,True,
benchmark,691,q1_user_by_id,0.73880000000000001,1,True,
benchmark,692,q1_user_by_id,0.84309999999999996,1,True,
benchmark,693,q1_user_by_id,0.86060000000000003,1,True,
benchmark,694,q1_user_by_id,0.84419999999999995,1,True,
benchmark,695,q1_user_by_id,0.82599999999999996,1,True,
benchmark,696,q1_user_by_id,0.87819999999999998,1,True,
benchmark,697,q1_user_by_id,0.81869999999999998,1,True,
benchmark,698,q1_user_by_id,0.70540000000000003,1,True,
benchmark,699,q1_user_by_id,0.66600000000000004,1,True,
benchmark,700,q1_user_by_id,0.64649999999999996,1,True,
benchmark,701,q1_user_by_id,1.1314,1,True,
benchmark,702,q1_user_by_id,0.90790000000000004,1,True,
benchmark,703,q1_user_by_id,0.84899999999999998,1,True,
benchmark,704,q1_user_by_id,0.75929999999999997,1,True,
benchmark,705,q1_user_by_id,0.95879999999999999,1,True,
benchmark,706,q1_user_by_id,0.77129999999999999,1,True,
benchmark,707,q1_user_by_id,0.91020000000000001,1,True,
benchmark,708,q1_user_by_id,0.66200000000000003,1,True,
benchmark,709,q1_user_by_id,0.84689999999999999,1,True,
benchmark,710,q1_user_by_id,0.77070000000000005,1,True,
benchmark,711,q1_user_by_id,0.751,1,True,
benchmark,712,q1_user_by_id,0.67430000000000001,1,True,
benchmark,713,q1_user_by_id,0.6512,1,True,
benchmark,714,q1_user_by_id,0.63170000000000004,1,True,
benchmark,715,q1_user_by_id,0.6724,1,True,
benchmark,716,q1_user_by_id,0.63770000000000004,1,True,
benchmark,717,q1_user_by_id,0.64159999999999995,1,True,
benchmark,718,q1_user_by_id,0.62619999999999998,1,True,
benchmark,719,q1_user_by_id,0.6361,1,True,
benchmark,720,q1_user_by_id,0.66859999999999997,1,True,
benchmark,721,q1_user_by_id,0.69569999999999999,1,True,
benchmark,722,q1_user_by_id,0.68420000000000003,1,True,
benchmark,723,q1_user_by_id,0.66300000000000003,1,True,
benchmark,724,q1_user_by_id,1.1518999999999999,1,True,
benchmark,725,q1_user_by_id,0.81220000000000003,1,True,
benchmark,726,q1_user_by_id,0.96009999999999995,1,True,
benchmark,727,q1_user_by_id,0.77900000000000003,1,True,
benchmark,728,q1_user_by_id,0.81520000000000004,1,True,
benchmark,729,q1_user_by_id,0.83589999999999998,1,True,
benchmark,730,q1_user_by_id,0.83809999999999996,1,True,
benchmark,731,q1_user_by_id,1.0914999999999999,1,True,
benchmark,732,q1_user_by_id,1.288,1,True,
benchmark,733,q1_user_by_id,0.97609999999999997,1,True,
benchmark,734,q1_user_by_id,1.3956,1,True,
benchmark,735,q1_user_by_id,0.84660000000000002,1,True,
benchmark,736,q1_user_by_id,0.83289999999999997,1,True,
benchmark,737,q1_user_by_id,0.88759999999999994,1,True,
benchmark,738,q1_user_by_id,0.85260000000000002,1,True,
benchmark,739,q1_user_by_id,0.89700000000000002,1,True,
benchmark,740,q1_user_by_id,0.72399999999999998,1,True,
benchmark,741,q1_user_by_id,0.70289999999999997,1,True,
benchmark,742,q1_user_by_id,0.78439999999999999,1,True,
benchmark,743,q1_user_by_id,0.77780000000000005,1,True,
benchmark,744,q1_user_by_id,0.81850000000000001,1,True,
benchmark,745,q1_user_by_id,0.68420000000000003,1,True,
benchmark,746,q1_user_by_id,0.66890000000000005,1,True,
benchmark,747,q1_user_by_id,0.68110000000000004,1,True,
benchmark,748,q1_user_by_id,0.68069999999999997,1,True,
benchmark,749,q1_user_by_id,0.69499999999999995,1,True,
benchmark,750,q1_user_by_id,0.64590000000000003,1,True,
benchmark,751,q1_user_by_id,0.95399999999999996,1,True,
benchmark,752,q1_user_by_id,0.77480000000000004,1,True,
benchmark,753,q1_user_by_id,0.9133,1,True,
benchmark,754,q1_user_by_id,0.74229999999999996,1,True,
benchmark,755,q1_user_by_id,0.70699999999999996,1,True,
benchmark,756,q1_user_by_id,0.74119999999999997,1,True,
benchmark,757,q1_user_by_id,0.66339999999999999,1,True,
benchmark,758,q1_user_by_id,0.65659999999999996,1,True,
benchmark,759,q1_user_by_id,0.65620000000000001,1,True,
benchmark,760,q1_user_by_id,0.69499999999999995,1,True,
benchmark,761,q1_user_by_id,0.66100000000000003,1,True,
benchmark,762,q1_user_by_id,0.66590000000000005,1,True,
benchmark,763,q1_user_by_id,0.66020000000000001,1,True,
benchmark,764,q1_user_by_id,0.67190000000000005,1,True,
benchmark,765,q1_user_by_id,0.66669999999999996,1,True,
benchmark,766,q1_user_by_id,0.67559999999999998,1,True,
benchmark,767,q1_user_by_id,0.66200000000000003,1,True,
benchmark,768,q1_user_by_id,0.66400000000000003,1,True,
benchmark,769,q1_user_by_id,0.66779999999999995,1,True,
benchmark,770,q1_user_by_id,0.64159999999999995,1,True,
benchmark,771,q1_user_by_id,0.66859999999999997,1,True,
benchmark,772,q1_user_by_id,0.78639999999999999,1,True,
benchmark,773,q1_user_by_id,0.65690000000000004,1,True,
benchmark,774,q1_user_by_id,0.75490000000000002,1,True,
benchmark,775,q1_user_by_id,0.76239999999999997,1,True,
benchmark,776,q1_user_by_id,0.72660000000000002,1,True,
benchmark,777,q1_user_by_id,0.68600000000000005,1,True,
benchmark,778,q1_user_by_id,1.0723,1,True,
benchmark,779,q1_user_by_id,0.68440000000000001,1,True,
benchmark,780,q1_user_by_id,0.65559999999999996,1,True,
benchmark,781,q1_user_by_id,0.65980000000000005,1,True,
benchmark,782,q1_user_by_id,0.64200000000000002,1,True,
benchmark,783,q1_user_by_id,0.65259999999999996,1,True,
benchmark,784,q1_user_by_id,0.64529999999999998,1,True,
benchmark,785,q1_user_by_id,0.65549999999999997,1,True,
benchmark,786,q1_user_by_id,0.63859999999999995,1,True,
benchmark,787,q1_user_by_id,0.64639999999999997,1,True,
benchmark,788,q1_user_by_id,0.65139999999999998,1,True,
benchmark,789,q1_user_by_id,0.68630000000000002,1,True,
benchmark,790,q1_user_by_id,0.65969999999999995,1,True,
benchmark,791,q1_user_by_id,0.66220000000000001,1,True,
benchmark,792,q1_user_by_id,0.64970000000000006,1,True,
benchmark,793,q1_user_by_id,0.65300000000000002,1,True,
benchmark,794,q1_user_by_id,0.6472,1,True,
benchmark,795,q1_user_by_id,0.63729999999999998,1,True,
benchmark,796,q1_user_by_id,0.73040000000000005,1,True,
benchmark,797,q1_user_by_id,0.65769999999999995,1,True,
benchmark,798,q1_user_by_id,0.63790000000000002,1,True,
benchmark,799,q1_user_by_id,0.70630000000000004,1,True,
benchmark,800,q1_user_by_id,0.7107,1,True,
benchmark,801,q1_user_by_id,1.355,1,True,
benchmark,802,q1_user_by_id,0.93830000000000002,1,True,
benchmark,803,q1_user_by_id,0.91369999999999996,1,True,
benchmark,804,q1_user_by_id,0.80779999999999996,1,True,
benchmark,805,q1_user_by_id,0.73419999999999996,1,True,
benchmark,806,q1_user_by_id,0.79769999999999996,1,True,
benchmark,807,q1_user_by_id,0.93520000000000003,1,True,
benchmark,808,q1_user_by_id,0.93100000000000005,1,True,
benchmark,809,q1_user_by_id,1.0001,1,True,
benchmark,810,q1_user_by_id,1.0005999999999999,1,True,
benchmark,811,q1_user_by_id,0.89329999999999998,1,True,
benchmark,812,q1_user_by_id,0.66049999999999998,1,True,
benchmark,813,q1_user_by_id,0.62939999999999996,1,True,
benchmark,814,q1_user_by_id,0.63690000000000002,1,True,
benchmark,815,q1_user_by_id,0.64219999999999999,1,True,
benchmark,816,q1_user_by_id,0.64510000000000001,1,True,
benchmark,817,q1_user_by_id,0.64580000000000004,1,True,
benchmark,818,q1_user_by_id,0.64629999999999999,1,True,
benchmark,819,q1_user_by_id,0.6351,1,True,
benchmark,820,q1_user_by_id,0.64219999999999999,1,True,
benchmark,821,q1_user_by_id,0.66559999999999997,1,True,
benchmark,822,q1_user_by_id,0.65659999999999996,1,True,
benchmark,823,q1_user_by_id,0.65210000000000001,1,True,
benchmark,824,q1_user_by_id,0.65300000000000002,1,True,
benchmark,825,q1_user_by_id,0.64970000000000006,1,True,
benchmark,826,q1_user_by_id,0.65280000000000005,1,True,
benchmark,827,q1_user_by_id,0.68010000000000004,1,True,
benchmark,828,q1_user_by_id,0.66659999999999997,1,True,
benchmark,829,q1_user_by_id,0.64790000000000003,1,True,
benchmark,830,q1_user_by_id,0.74839999999999995,1,True,
benchmark,831,q1_user_by_id,0.70569999999999999,1,True,
benchmark,832,q1_user_by_id,0.78569999999999995,1,True,
benchmark,833,q1_user_by_id,0.70499999999999996,1,True,
benchmark,834,q1_user_by_id,1.0481,1,True,
benchmark,835,q1_user_by_id,0.65900000000000003,1,True,
benchmark,836,q1_user_by_id,0.66249999999999998,1,True,
benchmark,837,q1_user_by_id,0.65939999999999999,1,True,
benchmark,838,q1_user_by_id,0.70879999999999999,1,True,
benchmark,839,q1_user_by_id,0.65900000000000003,1,True,
benchmark,840,q1_user_by_id,0.64880000000000004,1,True,
benchmark,841,q1_user_by_id,0.64059999999999995,1,True,
benchmark,842,q1_user_by_id,0.62760000000000005,1,True,
benchmark,843,q1_user_by_id,0.63270000000000004,1,True,
benchmark,844,q1_user_by_id,0.67800000000000005,1,True,
benchmark,845,q1_user_by_id,0.65269999999999995,1,True,
benchmark,846,q1_user_by_id,0.69710000000000005,1,True,
benchmark,847,q1_user_by_id,0.66790000000000005,1,True,
benchmark,848,q1_user_by_id,0.65059999999999996,1,True,
benchmark,849,q1_user_by_id,0.65010000000000001,1,True,
benchmark,850,q1_user_by_id,0.66300000000000003,1,True,
benchmark,851,q1_user_by_id,0.73780000000000001,1,True,
benchmark,852,q1_user_by_id,0.66749999999999998,1,True,
benchmark,853,q1_user_by_id,0.66520000000000001,1,True,
benchmark,854,q1_user_by_id,0.80189999999999995,1,True,
benchmark,855,q1_user_by_id,0.75239999999999996,1,True,
benchmark,856,q1_user_by_id,0.70330000000000004,1,True,
benchmark,857,q1_user_by_id,0.79679999999999995,1,True,
benchmark,858,q1_user_by_id,0.70350000000000001,1,True,
benchmark,859,q1_user_by_id,0.68979999999999997,1,True,
benchmark,860,q1_user_by_id,0.72870000000000001,1,True,
benchmark,861,q1_user_by_id,0.72509999999999997,1,True,
benchmark,862,q1_user_by_id,0.65210000000000001,1,True,
benchmark,863,q1_user_by_id,0.64890000000000003,1,True,
benchmark,864,q1_user_by_id,0.64900000000000002,1,True,
benchmark,865,q1_user_by_id,0.64759999999999995,1,True,
benchmark,866,q1_user_by_id,0.64149999999999996,1,True,
benchmark,867,q1_user_by_id,0.66590000000000005,1,True,
benchmark,868,q1_user_by_id,0.64290000000000003,1,True,
benchmark,869,q1_user_by_id,0.63849999999999996,1,True,
benchmark,870,q1_user_by_id,0.6532,1,True,
benchmark,871,q1_user_by_id,0.64710000000000001,1,True,
benchmark,872,q1_user_by_id,0.62909999999999999,1,True,
benchmark,873,q1_user_by_id,0.63819999999999999,1,True,
benchmark,874,q1_user_by_id,0.66779999999999995,1,True,
benchmark,875,q1_user_by_id,0.64810000000000001,1,True,
benchmark,876,q1_user_by_id,0.63439999999999996,1,True,
benchmark,877,q1_user_by_id,0.65780000000000005,1,True,
benchmark,878,q1_user_by_id,0.63600000000000001,1,True,
benchmark,879,q1_user_by_id,0.67710000000000004,1,True,
benchmark,880,q1_user_by_id,0.74890000000000001,1,True,
benchmark,881,q1_user_by_id,0.65080000000000005,1,True,
benchmark,882,q1_user_by_id,0.64729999999999999,1,True,
benchmark,883,q1_user_by_id,0.8236,1,True,
benchmark,884,q1_user_by_id,0.75529999999999997,1,True,
benchmark,885,q1_user_by_id,0.68859999999999999,1,True,
benchmark,886,q1_user_by_id,0.66300000000000003,1,True,
benchmark,887,q1_user_by_id,0.64600000000000002,1,True,
benchmark,888,q1_user_by_id,0.65739999999999998,1,True,
benchmark,889,q1_user_by_id,0.67520000000000002,1,True,
benchmark,890,q1_user_by_id,0.65159999999999996,1,True,
benchmark,891,q1_user_by_id,0.68259999999999998,1,True,
benchmark,892,q1_user_by_id,0.64749999999999996,1,True,
benchmark,893,q1_user_by_id,0.6522,1,True,
benchmark,894,q1_user_by_id,0.65649999999999997,1,True,
benchmark,895,q1_user_by_id,0.64800000000000002,1,True,
benchmark,896,q1_user_by_id,0.65059999999999996,1,True,
benchmark,897,q1_user_by_id,0.64949999999999997,1,True,
benchmark,898,q1_user_by_id,0.64649999999999996,1,True,
benchmark,899,q1_user_by_id,0.6522,1,True,
benchmark,900,q1_user_by_id,0.65269999999999995,1,True,
benchmark,901,q1_user_by_id,1.2102999999999999,1,True,
benchmark,902,q1_user_by_id,0.90710000000000002,1,True,
benchmark,903,q1_user_by_id,0.88329999999999997,1,True,
benchmark,904,q1_user_by_id,0.76239999999999997,1,True,
benchmark,905,q1_user_by_id,0.68840000000000001,1,True,
benchmark,906,q1_user_by_id,0.65769999999999995,1,True,
benchmark,907,q1_user_by_id,0.70509999999999995,1,True,
benchmark,908,q1_user_by_id,0.64270000000000005,1,True,
benchmark,909,q1_user_by_id,0.67310000000000003,1,True,
benchmark,910,q1_user_by_id,0.6704,1,True,
benchmark,911,q1_user_by_id,0.63370000000000004,1,True,
benchmark,912,q1_user_by_id,0.64029999999999998,1,True,
benchmark,913,q1_user_by_id,0.67969999999999997,1,True,
benchmark,914,q1_user_by_id,0.63500000000000001,1,True,
benchmark,915,q1_user_by_id,0.63790000000000002,1,True,
benchmark,916,q1_user_by_id,0.63349999999999995,1,True,
benchmark,917,q1_user_by_id,0.68689999999999996,1,True,
benchmark,918,q1_user_by_id,0.71009999999999995,1,True,
benchmark,919,q1_user_by_id,0.71830000000000005,1,True,
benchmark,920,q1_user_by_id,0.69259999999999999,1,True,
benchmark,921,q1_user_by_id,0.67390000000000005,1,True,
benchmark,922,q1_user_by_id,0.63649999999999995,1,True,
benchmark,923,q1_user_by_id,0.64570000000000005,1,True,
benchmark,924,q1_user_by_id,0.66710000000000003,1,True,
benchmark,925,q1_user_by_id,0.67689999999999995,1,True,
benchmark,926,q1_user_by_id,0.6603,1,True,
benchmark,927,q1_user_by_id,0.82010000000000005,1,True,
benchmark,928,q1_user_by_id,0.67210000000000003,1,True,
benchmark,929,q1_user_by_id,0.67130000000000001,1,True,
benchmark,930,q1_user_by_id,0.72919999999999996,1,True,
benchmark,931,q1_user_by_id,0.64790000000000003,1,True,
benchmark,932,q1_user_by_id,0.66849999999999998,1,True,
benchmark,933,q1_user_by_id,0.67889999999999995,1,True,
benchmark,934,q1_user_by_id,0.65339999999999998,1,True,
benchmark,935,q1_user_by_id,0.86629999999999996,1,True,
benchmark,936,q1_user_by_id,0.76100000000000001,1,True,
benchmark,937,q1_user_by_id,0.79679999999999995,1,True,
benchmark,938,q1_user_by_id,0.71179999999999999,1,True,
benchmark,939,q1_user_by_id,0.6714,1,True,
benchmark,940,q1_user_by_id,0.6835,1,True,
benchmark,941,q1_user_by_id,0.69620000000000004,1,True,
benchmark,942,q1_user_by_id,0.72560000000000002,1,True,
benchmark,943,q1_user_by_id,0.68220000000000003,1,True,
benchmark,944,q1_user_by_id,0.65790000000000004,1,True,
benchmark,945,q1_user_by_id,1.1931,1,True,
benchmark,946,q1_user_by_id,0.66590000000000005,1,True,
benchmark,947,q1_user_by_id,0.66510000000000002,1,True,
benchmark,948,q1_user_by_id,0.66139999999999999,1,True,
benchmark,949,q1_user_by_id,0.66279999999999994,1,True,
benchmark,950,q1_user_by_id,0.65200000000000002,1,True,
benchmark,951,q1_user_by_id,0.68140000000000001,1,True,
benchmark,952,q1_user_by_id,0.68059999999999998,1,True,
benchmark,953,q1_user_by_id,0.66579999999999995,1,True,
benchmark,954,q1_user_by_id,0.65339999999999998,1,True,
benchmark,955,q1_user_by_id,0.6714,1,True,
benchmark,956,q1_user_by_id,0.76649999999999996,1,True,
benchmark,957,q1_user_by_id,0.68400000000000005,1,True,
benchmark,958,q1_user_by_id,0.73129999999999995,1,True,
benchmark,959,q1_user_by_id,0.67110000000000003,1,True,
benchmark,960,q1_user_by_id,0.6794,1,True,
benchmark,961,q1_user_by_id,0.66180000000000005,1,True,
benchmark,962,q1_user_by_id,0.64959999999999996,1,True,
benchmark,963,q1_user_by_id,0.66790000000000005,1,True,
benchmark,964,q1_user_by_id,0.77410000000000001,1,True,
benchmark,965,q1_user_by_id,0.74750000000000005,1,True,
benchmark,966,q1_user_by_id,0.7147,1,True,
benchmark,967,q1_user_by_id,0.68169999999999997,1,True,
benchmark,968,q1_user_by_id,0.73140000000000005,1,True,
benchmark,969,q1_user_by_id,0.67579999999999996,1,True,
benchmark,970,q1_user_by_id,0.66559999999999997,1,True,
benchmark,971,q1_user_by_id,0.67300000000000004,1,True,
benchmark,972,q1_user_by_id,0.67359999999999998,1,True,
benchmark,973,q1_user_by_id,0.67490000000000006,1,True,
benchmark,974,q1_user_by_id,0.66259999999999997,1,True,
benchmark,975,q1_user_by_id,0.65100000000000002,1,True,
benchmark,976,q1_user_by_id,0.66359999999999997,1,True,
benchmark,977,q1_user_by_id,0.66700000000000004,1,True,
benchmark,978,q1_user_by_id,0.66139999999999999,1,True,
benchmark,979,q1_user_by_id,0.67400000000000004,1,True,
benchmark,980,q1_user_by_id,0.67149999999999999,1,True,
benchmark,981,q1_user_by_id,0.6532,1,True,
benchmark,982,q1_user_by_id,0.64900000000000002,1,True,
benchmark,983,q1_user_by_id,0.65529999999999999,1,True,
benchmark,984,q1_user_by_id,0.65749999999999997,1,True,
benchmark,985,q1_user_by_id,0.72330000000000005,1,True,
benchmark,986,q1_user_by_id,0.74350000000000005,1,True,
benchmark,987,q1_user_by_id,0.71299999999999997,1,True,
benchmark,988,q1_user_by_id,0.68669999999999998,1,True,
benchmark,989,q1_user_by_id,0.80920000000000003,1,True,
benchmark,990,q1_user_by_id,0.72099999999999997,1,True,
benchmark,991,q1_user_by_id,0.70909999999999995,1,True,
benchmark,992,q1_user_by_id,1.0622,1,True,
benchmark,993,q1_user_by_id,0.80830000000000002,1,True,
benchmark,994,q1_user_by_id,0.78439999999999999,1,True,
benchmark,995,q1_user_by_id,0.71089999999999998,1,True,
benchmark,996,q1_user_by_id,0.82889999999999997,1,True,
benchmark,997,q1_user_by_id,0.81630000000000003,1,True,
benchmark,998,q1_user_by_id,0.82569999999999999,1,True,
benchmark,999,q1_user_by_id,0.81579999999999997,1,True,
benchmark,1000,q1_user_by_id,0.66349999999999998,1,True,
benchmark,1,q2_all_users,10.868600000000001,200,True,
benchmark,2,q2_all_users,8.4427000000000003,200,True,
benchmark,3,q2_all_users,12.505100000000001,200,True,
benchmark,4,q2_all_users,8.5343999999999998,200,True,
benchmark,5,q2_all_users,8.6109000000000009,200,True,
benchmark,6,q2_all_users,14.1828,200,True,
benchmark,7,q2_all_users,10.076499999999999,200,True,
benchmark,8,q2_all_users,8.2304999999999993,200,True,
benchmark,9,q2_all_users,12.4841,200,True,
benchmark,10,q2_all_users,8.4004999999999992,200,True,
benchmark,11,q2_all_users,8.3983000000000008,200,True,
benchmark,12,q2_all_users,11.4711,200,True,
benchmark,13,q2_all_users,8.4677000000000007,200,True,
benchmark,14,q2_all_users,8.3201000000000001,200,True,
benchmark,15,q2_all_users,13.711,200,True,
benchmark,16,q2_all_users,8.3844999999999992,200,True,
benchmark,17,q2_all_users,9.8175000000000008,200,True,
benchmark,18,q2_all_users,10.298299999999999,200,True,
benchmark,19,q2_all_users,9.5958000000000006,200,True,
benchmark,20,q2_all_users,8.3132000000000001,200,True,
benchmark,21,q2_all_users,8.4236000000000004,200,True,
benchmark,22,q2_all_users,13.2509,200,True,
benchmark,23,q2_all_users,9.6973000000000003,200,True,
benchmark,24,q2_all_users,8.2064000000000004,200,True,
benchmark,25,q2_all_users,11.976599999999999,200,True,
benchmark,26,q2_all_users,8.2235999999999994,200,True,
benchmark,27,q2_all_users,8.5455000000000005,200,True,
benchmark,28,q2_all_users,15.9695,200,True,
benchmark,29,q2_all_users,9.6786999999999992,200,True,
benchmark,30,q2_all_users,8.2207000000000008,200,True,
benchmark,31,q2_all_users,12.129300000000001,200,True,
benchmark,32,q2_all_users,8.3849999999999998,200,True,
benchmark,33,q2_all_users,8.1633999999999993,200,True,
benchmark,34,q2_all_users,11.254300000000001,200,True,
benchmark,35,q2_all_users,8.5498999999999992,200,True,
benchmark,36,q2_all_users,8.3726000000000003,200,True,
benchmark,37,q2_all_users,13.734999999999999,200,True,
benchmark,38,q2_all_users,8.4209999999999994,200,True,
benchmark,39,q2_all_users,8.7117000000000004,200,True,
benchmark,40,q2_all_users,10.1653,200,True,
benchmark,41,q2_all_users,9.2775999999999996,200,True,
benchmark,42,q2_all_users,8.4384999999999994,200,True,
benchmark,43,q2_all_users,8.3231999999999999,200,True,
benchmark,44,q2_all_users,13.447699999999999,200,True,
benchmark,45,q2_all_users,16.205100000000002,200,True,
benchmark,46,q2_all_users,8.8666999999999998,200,True,
benchmark,47,q2_all_users,8.6789000000000005,200,True,
benchmark,48,q2_all_users,14.8177,200,True,
benchmark,49,q2_all_users,8.3550000000000004,200,True,
benchmark,50,q2_all_users,9.7411999999999992,200,True,
benchmark,51,q2_all_users,11.5802,200,True,
benchmark,52,q2_all_users,8.8048000000000002,200,True,
benchmark,53,q2_all_users,8.0214999999999996,200,True,
benchmark,54,q2_all_users,14.7058,200,True,
benchmark,55,q2_all_users,10.0014,200,True,
benchmark,56,q2_all_users,8.2912999999999997,200,True,
benchmark,57,q2_all_users,12.286199999999999,200,True,
benchmark,58,q2_all_users,8.4518000000000004,200,True,
benchmark,59,q2_all_users,8.3893000000000004,200,True,
benchmark,60,q2_all_users,16.722300000000001,200,True,
benchmark,61,q2_all_users,9.4332999999999991,200,True,
benchmark,62,q2_all_users,8.5764999999999993,200,True,
benchmark,63,q2_all_users,9.6945999999999994,200,True,
benchmark,64,q2_all_users,14.3956,200,True,
benchmark,65,q2_all_users,8.6534999999999993,200,True,
benchmark,66,q2_all_users,8.9007000000000005,200,True,
benchmark,67,q2_all_users,16.469100000000001,200,True,
benchmark,68,q2_all_users,8.6712000000000007,200,True,
benchmark,69,q2_all_users,9.4882000000000009,200,True,
benchmark,70,q2_all_users,14.555099999999999,200,True,
benchmark,71,q2_all_users,16.610800000000001,200,True,
benchmark,72,q2_all_users,8.7888999999999999,200,True,
benchmark,73,q2_all_users,14.370699999999999,200,True,
benchmark,74,q2_all_users,8.2024000000000008,200,True,
benchmark,75,q2_all_users,8.6712000000000007,200,True,
benchmark,76,q2_all_users,13.0267,200,True,
benchmark,77,q2_all_users,8.0338999999999992,200,True,
benchmark,78,q2_all_users,8.1328999999999994,200,True,
benchmark,79,q2_all_users,16.110299999999999,200,True,
benchmark,80,q2_all_users,11.3925,200,True,
benchmark,81,q2_all_users,7.9992999999999999,200,True,
benchmark,82,q2_all_users,12.8028,200,True,
benchmark,83,q2_all_users,8.4229000000000003,200,True,
benchmark,84,q2_all_users,8.2335999999999991,200,True,
benchmark,85,q2_all_users,8.3641000000000005,200,True,
benchmark,86,q2_all_users,14.676399999999999,200,True,
benchmark,87,q2_all_users,8.2400000000000002,200,True,
benchmark,88,q2_all_users,8.2543000000000006,200,True,
benchmark,89,q2_all_users,13.002000000000001,200,True,
benchmark,90,q2_all_users,8.3666999999999998,200,True,
benchmark,91,q2_all_users,8.3498000000000001,200,True,
benchmark,92,q2_all_users,14.981999999999999,200,True,
benchmark,93,q2_all_users,8.3277000000000001,200,True,
benchmark,94,q2_all_users,8.5076999999999998,200,True,
benchmark,95,q2_all_users,13.5787,200,True,
benchmark,96,q2_all_users,8.1392000000000007,200,True,
benchmark,97,q2_all_users,8.0615000000000006,200,True,
benchmark,98,q2_all_users,14.0916,200,True,
benchmark,99,q2_all_users,8.7593999999999994,200,True,
benchmark,100,q2_all_users,8.1059999999999999,200,True,
benchmark,101,q2_all_users,13.7295,200,True,
benchmark,102,q2_all_users,8.6648999999999994,200,True,
benchmark,103,q2_all_users,8.3988999999999994,200,True,
benchmark,104,q2_all_users,16.424700000000001,200,True,
benchmark,105,q2_all_users,9.8363999999999994,200,True,
benchmark,106,q2_all_users,8.2036999999999995,200,True,
benchmark,107,q2_all_users,8.3826000000000001,200,True,
benchmark,108,q2_all_users,12.3733,200,True,
benchmark,109,q2_all_users,8.3603000000000005,200,True,
benchmark,110,q2_all_users,8.6984999999999992,200,True,
benchmark,111,q2_all_users,16.107500000000002,200,True,
benchmark,112,q2_all_users,9.7265999999999995,200,True,
benchmark,113,q2_all_users,8.4770000000000003,200,True,
benchmark,114,q2_all_users,11.2659,200,True,
benchmark,115,q2_all_users,8.8147000000000002,200,True,
benchmark,116,q2_all_users,8.1029,200,True,
benchmark,117,q2_all_users,13.7133,200,True,
benchmark,118,q2_all_users,8.2256999999999998,200,True,
benchmark,119,q2_all_users,9.8088999999999995,200,True,
benchmark,120,q2_all_users,10.6562,200,True,
benchmark,121,q2_all_users,8.1041000000000007,200,True,
benchmark,122,q2_all_users,8.3475000000000001,200,True,
benchmark,123,q2_all_users,13.9552,200,True,
benchmark,124,q2_all_users,8.4358000000000004,200,True,
benchmark,125,q2_all_users,8.2607999999999997,200,True,
benchmark,126,q2_all_users,11.218,200,True,
benchmark,127,q2_all_users,8.2737999999999996,200,True,
benchmark,128,q2_all_users,8.0920000000000005,200,True,
benchmark,129,q2_all_users,8.298,200,True,
benchmark,130,q2_all_users,12.6328,200,True,
benchmark,131,q2_all_users,8.4118999999999993,200,True,
benchmark,132,q2_all_users,8.3065999999999995,200,True,
benchmark,133,q2_all_users,18.901700000000002,200,True,
benchmark,134,q2_all_users,8.1146999999999991,200,True,
benchmark,135,q2_all_users,8.2683,200,True,
benchmark,136,q2_all_users,12.350899999999999,200,True,
benchmark,137,q2_all_users,8.0930999999999997,200,True,
benchmark,138,q2_all_users,8.0492000000000008,200,True,
benchmark,139,q2_all_users,14.9777,200,True,
benchmark,140,q2_all_users,8.2797999999999998,200,True,
benchmark,141,q2_all_users,8.6915999999999993,200,True,
benchmark,142,q2_all_users,14.667,200,True,
benchmark,143,q2_all_users,8.0606000000000009,200,True,
benchmark,144,q2_all_users,8.4215999999999998,200,True,
benchmark,145,q2_all_users,15.4339,200,True,
benchmark,146,q2_all_users,9.1798000000000002,200,True,
benchmark,147,q2_all_users,8.4504999999999999,200,True,
benchmark,148,q2_all_users,14.0114,200,True,
benchmark,149,q2_all_users,8.8110999999999997,200,True,
benchmark,150,q2_all_users,9.3896999999999995,200,True,
benchmark,151,q2_all_users,9.6865000000000006,200,True,
benchmark,152,q2_all_users,18.395800000000001,200,True,
benchmark,153,q2_all_users,9.4766999999999992,200,True,
benchmark,154,q2_all_users,8.6753999999999998,200,True,
benchmark,155,q2_all_users,13.5862,200,True,
benchmark,156,q2_all_users,8.4977999999999998,200,True,
benchmark,157,q2_all_users,10.194800000000001,200,True,
benchmark,158,q2_all_users,15.047499999999999,200,True,
benchmark,159,q2_all_users,11.522500000000001,200,True,
benchmark,160,q2_all_users,9.2265999999999995,200,True,
benchmark,161,q2_all_users,12.713800000000001,200,True,
benchmark,162,q2_all_users,8.5076000000000001,200,True,
benchmark,163,q2_all_users,9.1031999999999993,200,True,
benchmark,164,q2_all_users,15.398300000000001,200,True,
benchmark,165,q2_all_users,8.6477000000000004,200,True,
benchmark,166,q2_all_users,11.301500000000001,200,True,
benchmark,167,q2_all_users,12.4657,200,True,
benchmark,168,q2_all_users,8.8635000000000002,200,True,
benchmark,169,q2_all_users,8.2835000000000001,200,True,
benchmark,170,q2_all_users,13.5054,200,True,
benchmark,171,q2_all_users,8.1914999999999996,200,True,
benchmark,172,q2_all_users,8.3887999999999998,200,True,
benchmark,173,q2_all_users,11.6676,200,True,
benchmark,174,q2_all_users,8.3160000000000007,200,True,
benchmark,175,q2_all_users,8.1492000000000004,200,True,
benchmark,176,q2_all_users,8.3862000000000005,200,True,
benchmark,177,q2_all_users,13.156599999999999,200,True,
benchmark,178,q2_all_users,8.3184000000000005,200,True,
benchmark,179,q2_all_users,8.423,200,True,
benchmark,180,q2_all_users,18.037099999999999,200,True,
benchmark,181,q2_all_users,8.1166,200,True,
benchmark,182,q2_all_users,8.3109999999999999,200,True,
benchmark,183,q2_all_users,12.6142,200,True,
benchmark,184,q2_all_users,8.5007999999999999,200,True,
benchmark,185,q2_all_users,8.1110000000000007,200,True,
benchmark,186,q2_all_users,14.3271,200,True,
benchmark,187,q2_all_users,8.1487999999999996,200,True,
benchmark,188,q2_all_users,8.4415999999999993,200,True,
benchmark,189,q2_all_users,13.226800000000001,200,True,
benchmark,190,q2_all_users,8.4974000000000007,200,True,
benchmark,191,q2_all_users,9.0892999999999997,200,True,
benchmark,192,q2_all_users,17.357500000000002,200,True,
benchmark,193,q2_all_users,13.5215,200,True,
benchmark,194,q2_all_users,8.4114000000000004,200,True,
benchmark,195,q2_all_users,13.004099999999999,200,True,
benchmark,196,q2_all_users,8.3712,200,True,
benchmark,197,q2_all_users,8.2886000000000006,200,True,
benchmark,198,q2_all_users,8.2632999999999992,200,True,
benchmark,199,q2_all_users,14.7415,200,True,
benchmark,200,q2_all_users,8.1485000000000003,200,True,
benchmark,201,q2_all_users,8.6374999999999993,200,True,
benchmark,202,q2_all_users,13.534599999999999,200,True,
benchmark,203,q2_all_users,8.4487000000000005,200,True,
benchmark,204,q2_all_users,8.1763999999999992,200,True,
benchmark,205,q2_all_users,13.601699999999999,200,True,
benchmark,206,q2_all_users,9.8732000000000006,200,True,
benchmark,207,q2_all_users,8.4063999999999997,200,True,
benchmark,208,q2_all_users,12.5114,200,True,
benchmark,209,q2_all_users,8.1874000000000002,200,True,
benchmark,210,q2_all_users,8.3547999999999991,200,True,
benchmark,211,q2_all_users,15.3956,200,True,
benchmark,212,q2_all_users,8.3678000000000008,200,True,
benchmark,213,q2_all_users,10.0069,200,True,
benchmark,214,q2_all_users,11.1395,200,True,
benchmark,215,q2_all_users,8.3018999999999998,200,True,
benchmark,216,q2_all_users,8.2484999999999999,200,True,
benchmark,217,q2_all_users,13.392099999999999,200,True,
benchmark,218,q2_all_users,8.4816000000000003,200,True,
benchmark,219,q2_all_users,8.2775999999999996,200,True,
benchmark,220,q2_all_users,10.2013,200,True,
benchmark,221,q2_all_users,9.5391999999999992,200,True,
benchmark,222,q2_all_users,8.1053999999999995,200,True,
benchmark,223,q2_all_users,8.1783999999999999,200,True,
benchmark,224,q2_all_users,13.4977,200,True,
benchmark,225,q2_all_users,8.4550999999999998,200,True,
benchmark,226,q2_all_users,8.2408000000000001,200,True,
benchmark,227,q2_all_users,16.2821,200,True,
benchmark,228,q2_all_users,8.3539999999999992,200,True,
benchmark,229,q2_all_users,9.1039999999999992,200,True,
benchmark,230,q2_all_users,13.1859,200,True,
benchmark,231,q2_all_users,8.2863000000000007,200,True,
benchmark,232,q2_all_users,8.1758000000000006,200,True,
benchmark,233,q2_all_users,14.500299999999999,200,True,
benchmark,234,q2_all_users,26.125,200,True,
benchmark,235,q2_all_users,8.1929999999999996,200,True,
benchmark,236,q2_all_users,13.1005,200,True,
benchmark,237,q2_all_users,9.5577000000000005,200,True,
benchmark,238,q2_all_users,8.4633000000000003,200,True,
benchmark,239,q2_all_users,8.3777000000000008,200,True,
benchmark,240,q2_all_users,16.969999999999999,200,True,
benchmark,241,q2_all_users,8.2224000000000004,200,True,
benchmark,242,q2_all_users,8.5785,200,True,
benchmark,243,q2_all_users,12.088200000000001,200,True,
benchmark,244,q2_all_users,8.2536000000000005,200,True,
benchmark,245,q2_all_users,8.5120000000000005,200,True,
benchmark,246,q2_all_users,14.283200000000001,200,True,
benchmark,247,q2_all_users,9.9199999999999999,200,True,
benchmark,248,q2_all_users,8.5200999999999993,200,True,
benchmark,249,q2_all_users,11.7455,200,True,
benchmark,250,q2_all_users,8.4130000000000003,200,True,
benchmark,251,q2_all_users,8.2181999999999995,200,True,
benchmark,252,q2_all_users,15.693,200,True,
benchmark,253,q2_all_users,8.1849000000000007,200,True,
benchmark,254,q2_all_users,10.281499999999999,200,True,
benchmark,255,q2_all_users,10.646000000000001,200,True,
benchmark,256,q2_all_users,8.3347999999999995,200,True,
benchmark,257,q2_all_users,8.3463999999999992,200,True,
benchmark,258,q2_all_users,13.765000000000001,200,True,
benchmark,259,q2_all_users,8.3788999999999998,200,True,
benchmark,260,q2_all_users,8.5122,200,True,
benchmark,261,q2_all_users,11.833600000000001,200,True,
benchmark,262,q2_all_users,8.3176000000000005,200,True,
benchmark,263,q2_all_users,8.2102000000000004,200,True,
benchmark,264,q2_all_users,8.3652999999999995,200,True,
benchmark,265,q2_all_users,13.1221,200,True,
benchmark,266,q2_all_users,8.3346999999999998,200,True,
benchmark,267,q2_all_users,8.4437999999999995,200,True,
benchmark,268,q2_all_users,18.353000000000002,200,True,
benchmark,269,q2_all_users,8.2444000000000006,200,True,
benchmark,270,q2_all_users,8.2148000000000003,200,True,
benchmark,271,q2_all_users,14.0724,200,True,
benchmark,272,q2_all_users,8.2426999999999992,200,True,
benchmark,273,q2_all_users,8.2195999999999998,200,True,
benchmark,274,q2_all_users,14.140700000000001,200,True,
benchmark,275,q2_all_users,8.2196999999999996,200,True,
benchmark,276,q2_all_users,8.4276,200,True,
benchmark,277,q2_all_users,13.491099999999999,200,True,
benchmark,278,q2_all_users,8.3696000000000002,200,True,
benchmark,279,q2_all_users,8.1920999999999999,200,True,
benchmark,280,q2_all_users,16.766500000000001,200,True,
benchmark,281,q2_all_users,13.785500000000001,200,True,
benchmark,282,q2_all_users,8.1631999999999998,200,True,
benchmark,283,q2_all_users,8.3764000000000003,200,True,
benchmark,284,q2_all_users,12.5502,200,True,
benchmark,285,q2_all_users,8.4787999999999997,200,True,
benchmark,286,q2_all_users,8.3452999999999999,200,True,
benchmark,287,q2_all_users,15.0504,200,True,
benchmark,288,q2_all_users,8.2623999999999995,200,True,
benchmark,289,q2_all_users,8.0050000000000008,200,True,
benchmark,290,q2_all_users,13.286199999999999,200,True,
benchmark,291,q2_all_users,8.3545999999999996,200,True,
benchmark,292,q2_all_users,8.9724000000000004,200,True,
benchmark,293,q2_all_users,15.017300000000001,200,True,
benchmark,294,q2_all_users,8.4751999999999992,200,True,
benchmark,295,q2_all_users,8.6539000000000001,200,True,
benchmark,296,q2_all_users,13.0741,200,True,
benchmark,297,q2_all_users,8.4167000000000005,200,True,
benchmark,298,q2_all_users,8.1636000000000006,200,True,
benchmark,299,q2_all_users,14.365,200,True,
benchmark,300,q2_all_users,9.0230999999999995,200,True,
benchmark,301,q2_all_users,9.4405000000000001,200,True,
benchmark,302,q2_all_users,15.4358,200,True,
benchmark,303,q2_all_users,8.6206999999999994,200,True,
benchmark,304,q2_all_users,8.3773,200,True,
benchmark,305,q2_all_users,15.7745,200,True,
benchmark,306,q2_all_users,9.8643999999999998,200,True,
benchmark,307,q2_all_users,8.3801000000000005,200,True,
benchmark,308,q2_all_users,8.4474999999999998,200,True,
benchmark,309,q2_all_users,12.336399999999999,200,True,
benchmark,310,q2_all_users,8.4499999999999993,200,True,
benchmark,311,q2_all_users,8.7902000000000005,200,True,
benchmark,312,q2_all_users,16.577500000000001,200,True,
benchmark,313,q2_all_users,9.8581000000000003,200,True,
benchmark,314,q2_all_users,8.2942,200,True,
benchmark,315,q2_all_users,11.673299999999999,200,True,
benchmark,316,q2_all_users,8.6179000000000006,200,True,
benchmark,317,q2_all_users,8.1365999999999996,200,True,
benchmark,318,q2_all_users,13.748100000000001,200,True,
benchmark,319,q2_all_users,8.25,200,True,
benchmark,320,q2_all_users,10.1228,200,True,
benchmark,321,q2_all_users,10.6911,200,True,
benchmark,322,q2_all_users,8.5711999999999993,200,True,
benchmark,323,q2_all_users,8.6712000000000007,200,True,
benchmark,324,q2_all_users,14.427899999999999,200,True,
benchmark,325,q2_all_users,8.4867000000000008,200,True,
benchmark,326,q2_all_users,8.4114000000000004,200,True,
benchmark,327,q2_all_users,11.583600000000001,200,True,
benchmark,328,q2_all_users,9.2050999999999998,200,True,
benchmark,329,q2_all_users,8.6111000000000004,200,True,
benchmark,330,q2_all_users,8.4399999999999995,200,True,
benchmark,331,q2_all_users,13.664,200,True,
benchmark,332,q2_all_users,8.2827999999999999,200,True,
benchmark,333,q2_all_users,8.3668999999999993,200,True,
benchmark,334,q2_all_users,19.140599999999999,200,True,
benchmark,335,q2_all_users,8.3262999999999998,200,True,
benchmark,336,q2_all_users,8.3797999999999995,200,True,
benchmark,337,q2_all_users,12.3482,200,True,
benchmark,338,q2_all_users,8.3449000000000009,200,True,
benchmark,339,q2_all_users,8.1575000000000006,200,True,
benchmark,340,q2_all_users,14.7498,200,True,
benchmark,341,q2_all_users,8.2840000000000007,200,True,
benchmark,342,q2_all_users,8.7935999999999996,200,True,
benchmark,343,q2_all_users,12.318899999999999,200,True,
benchmark,344,q2_all_users,8.5724999999999998,200,True,
benchmark,345,q2_all_users,8.2413000000000007,200,True,
benchmark,346,q2_all_users,14.329700000000001,200,True,
benchmark,347,q2_all_users,38.120899999999999,200,True,
benchmark,348,q2_all_users,16.3933,200,True,
benchmark,349,q2_all_users,18.157,200,True,
benchmark,350,q2_all_users,9.5411000000000001,200,True,
benchmark,351,q2_all_users,9.1865000000000006,200,True,
benchmark,352,q2_all_users,8.3762000000000008,200,True,
benchmark,353,q2_all_users,17.068000000000001,200,True,
benchmark,354,q2_all_users,8.3949999999999996,200,True,
benchmark,355,q2_all_users,8.1713000000000005,200,True,
benchmark,356,q2_all_users,12.9148,200,True,
benchmark,357,q2_all_users,8.2462999999999997,200,True,
benchmark,358,q2_all_users,8.3634000000000004,200,True,
benchmark,359,q2_all_users,13.7308,200,True,
benchmark,360,q2_all_users,10.0364,200,True,
benchmark,361,q2_all_users,8.5568000000000008,200,True,
benchmark,362,q2_all_users,11.946999999999999,200,True,
benchmark,363,q2_all_users,8.1319999999999997,200,True,
benchmark,364,q2_all_users,8.1608999999999998,200,True,
benchmark,365,q2_all_users,15.0633,200,True,
benchmark,366,q2_all_users,8.3241999999999994,200,True,
benchmark,367,q2_all_users,9.8841999999999999,200,True,
benchmark,368,q2_all_users,11.189399999999999,200,True,
benchmark,369,q2_all_users,8.3604000000000003,200,True,
benchmark,370,q2_all_users,8.1267999999999994,200,True,
benchmark,371,q2_all_users,14.1548,200,True,
benchmark,372,q2_all_users,8.4479000000000006,200,True,
benchmark,373,q2_all_users,8.2075999999999993,200,True,
benchmark,374,q2_all_users,11.9099,200,True,
benchmark,375,q2_all_users,8.2236999999999991,200,True,
benchmark,376,q2_all_users,8.3610000000000007,200,True,
benchmark,377,q2_all_users,8.1516000000000002,200,True,
benchmark,378,q2_all_users,13.2698,200,True,
benchmark,379,q2_all_users,8.3780999999999999,200,True,
benchmark,380,q2_all_users,8.1463000000000001,200,True,
benchmark,381,q2_all_users,18.456900000000001,200,True,
benchmark,382,q2_all_users,8.2964000000000002,200,True,
benchmark,383,q2_all_users,8.1660000000000004,200,True,
benchmark,384,q2_all_users,12.7432,200,True,
benchmark,385,q2_all_users,8.1989999999999998,200,True,
benchmark,386,q2_all_users,8.0513999999999992,200,True,
benchmark,387,q2_all_users,14.4902,200,True,
benchmark,388,q2_all_users,8.2482000000000006,200,True,
benchmark,389,q2_all_users,8.6189,200,True,
benchmark,390,q2_all_users,13.232699999999999,200,True,
benchmark,391,q2_all_users,8.3625000000000007,200,True,
benchmark,392,q2_all_users,8.1403999999999996,200,True,
benchmark,393,q2_all_users,16.167400000000001,200,True,
benchmark,394,q2_all_users,14.7128,200,True,
benchmark,395,q2_all_users,8.5876000000000001,200,True,
benchmark,396,q2_all_users,8.5408000000000008,200,True,
benchmark,397,q2_all_users,12.2135,200,True,
benchmark,398,q2_all_users,8.0569000000000006,200,True,
benchmark,399,q2_all_users,7.9164000000000003,200,True,
benchmark,400,q2_all_users,14.857799999999999,200,True,
benchmark,401,q2_all_users,8.8268000000000004,200,True,
benchmark,402,q2_all_users,10.2273,200,True,
benchmark,403,q2_all_users,12.980600000000001,200,True,
benchmark,404,q2_all_users,8.4545999999999992,200,True,
benchmark,405,q2_all_users,8.3396000000000008,200,True,
benchmark,406,q2_all_users,15.221500000000001,200,True,
benchmark,407,q2_all_users,8.2988,200,True,
benchmark,408,q2_all_users,8.7982999999999993,200,True,
benchmark,409,q2_all_users,13.764900000000001,200,True,
benchmark,410,q2_all_users,8.4605999999999995,200,True,
benchmark,411,q2_all_users,8.3544999999999998,200,True,
benchmark,412,q2_all_users,13.757199999999999,200,True,
benchmark,413,q2_all_users,8.8908000000000005,200,True,
benchmark,414,q2_all_users,8.2155000000000005,200,True,
benchmark,415,q2_all_users,12.6229,200,True,
benchmark,416,q2_all_users,8.4534000000000002,200,True,
benchmark,417,q2_all_users,8.2348999999999997,200,True,
benchmark,418,q2_all_users,16.107800000000001,200,True,
benchmark,419,q2_all_users,9.6514000000000006,200,True,
benchmark,420,q2_all_users,8.3699999999999992,200,True,
benchmark,421,q2_all_users,8.4704999999999995,200,True,
benchmark,422,q2_all_users,12.8279,200,True,
benchmark,423,q2_all_users,8.2660999999999998,200,True,
benchmark,424,q2_all_users,8.702,200,True,
benchmark,425,q2_all_users,16.290700000000001,200,True,
benchmark,426,q2_all_users,10.7067,200,True,
benchmark,427,q2_all_users,8.1365999999999996,200,True,
benchmark,428,q2_all_users,11.7088,200,True,
benchmark,429,q2_all_users,8.375,200,True,
benchmark,430,q2_all_users,8.3129000000000008,200,True,
benchmark,431,q2_all_users,13.3203,200,True,
benchmark,432,q2_all_users,8.1266999999999996,200,True,
benchmark,433,q2_all_users,9.7909000000000006,200,True,
benchmark,434,q2_all_users,10.769299999999999,200,True,
benchmark,435,q2_all_users,8.1732999999999993,200,True,
benchmark,436,q2_all_users,8.3333999999999993,200,True,
benchmark,437,q2_all_users,13.9497,200,True,
benchmark,438,q2_all_users,8.5503999999999998,200,True,
benchmark,439,q2_all_users,8.1186000000000007,200,True,
benchmark,440,q2_all_users,32.429200000000002,200,True,
benchmark,441,q2_all_users,8.2283000000000008,200,True,
benchmark,442,q2_all_users,8.3356999999999992,200,True,
benchmark,443,q2_all_users,9.2063000000000006,200,True,
benchmark,444,q2_all_users,12.7395,200,True,
benchmark,445,q2_all_users,9.1224000000000007,200,True,
benchmark,446,q2_all_users,8.1555,200,True,
benchmark,447,q2_all_users,18.9041,200,True,
benchmark,448,q2_all_users,7.9835000000000003,200,True,
benchmark,449,q2_all_users,8.1883999999999997,200,True,
benchmark,450,q2_all_users,12.145200000000001,200,True,
benchmark,451,q2_all_users,8.0218000000000007,200,True,
benchmark,452,q2_all_users,8.2007999999999992,200,True,
benchmark,453,q2_all_users,14.488099999999999,200,True,
benchmark,454,q2_all_users,8.1621000000000006,200,True,
benchmark,455,q2_all_users,8.6323000000000008,200,True,
benchmark,456,q2_all_users,13.326700000000001,200,True,
benchmark,457,q2_all_users,8.2067999999999994,200,True,
benchmark,458,q2_all_users,8.1608000000000001,200,True,
benchmark,459,q2_all_users,14.1919,200,True,
benchmark,460,q2_all_users,15.7394,200,True,
benchmark,461,q2_all_users,8.1096000000000004,200,True,
benchmark,462,q2_all_users,13.050000000000001,200,True,
benchmark,463,q2_all_users,8.3328000000000007,200,True,
benchmark,464,q2_all_users,8.2990999999999993,200,True,
benchmark,465,q2_all_users,8.1224000000000007,200,True,
benchmark,466,q2_all_users,16.9129,200,True,
benchmark,467,q2_all_users,8.2675000000000001,200,True,
benchmark,468,q2_all_users,8.3576999999999995,200,True,
benchmark,469,q2_all_users,12.7255,200,True,
benchmark,470,q2_all_users,8.2500999999999998,200,True,
benchmark,471,q2_all_users,8.2967999999999993,200,True,
benchmark,472,q2_all_users,14.0335,200,True,
benchmark,473,q2_all_users,9.7667999999999999,200,True,
benchmark,474,q2_all_users,8.5512999999999995,200,True,
benchmark,475,q2_all_users,11.9068,200,True,
benchmark,476,q2_all_users,8.2155000000000005,200,True,
benchmark,477,q2_all_users,8.5233000000000008,200,True,
benchmark,478,q2_all_users,15.2311,200,True,
benchmark,479,q2_all_users,8.1348000000000003,200,True,
benchmark,480,q2_all_users,10.061199999999999,200,True,
benchmark,481,q2_all_users,10.348000000000001,200,True,
benchmark,482,q2_all_users,8.3435000000000006,200,True,
benchmark,483,q2_all_users,8.1904000000000003,200,True,
benchmark,484,q2_all_users,13.7807,200,True,
benchmark,485,q2_all_users,8.5272000000000006,200,True,
benchmark,486,q2_all_users,8.3141999999999996,200,True,
benchmark,487,q2_all_users,12.0603,200,True,
benchmark,488,q2_all_users,8.3483000000000001,200,True,
benchmark,489,q2_all_users,8.2751000000000001,200,True,
benchmark,490,q2_all_users,8.3003,200,True,
benchmark,491,q2_all_users,13.2545,200,True,
benchmark,492,q2_all_users,8.3483999999999998,200,True,
benchmark,493,q2_all_users,8.2469000000000001,200,True,
benchmark,494,q2_all_users,18.386299999999999,200,True,
benchmark,495,q2_all_users,8.6099999999999994,200,True,
benchmark,496,q2_all_users,8.8180999999999994,200,True,
benchmark,497,q2_all_users,13.1388,200,True,
benchmark,498,q2_all_users,8.3385999999999996,200,True,
benchmark,499,q2_all_users,8.4786000000000001,200,True,
benchmark,500,q2_all_users,13.882300000000001,200,True,
benchmark,501,q2_all_users,8.4446999999999992,200,True,
benchmark,502,q2_all_users,9.1852,200,True,
benchmark,503,q2_all_users,13.5777,200,True,
benchmark,504,q2_all_users,8.4931999999999999,200,True,
benchmark,505,q2_all_users,8.0242000000000004,200,True,
benchmark,506,q2_all_users,15.9072,200,True,
benchmark,507,q2_all_users,29.3765,200,True,
benchmark,508,q2_all_users,8.3827999999999996,200,True,
benchmark,509,q2_all_users,13.126899999999999,200,True,
benchmark,510,q2_all_users,8.3660999999999994,200,True,
benchmark,511,q2_all_users,8.4018999999999995,200,True,
benchmark,512,q2_all_users,8.5216999999999992,200,True,
benchmark,513,q2_all_users,14.914,200,True,
benchmark,514,q2_all_users,8.2903000000000002,200,True,
benchmark,515,q2_all_users,8.4151000000000007,200,True,
benchmark,516,q2_all_users,12.5718,200,True,
benchmark,517,q2_all_users,8.3560999999999996,200,True,
benchmark,518,q2_all_users,8.2241999999999997,200,True,
benchmark,519,q2_all_users,16.337700000000002,200,True,
benchmark,520,q2_all_users,8.1514000000000006,200,True,
benchmark,521,q2_all_users,8.1835000000000004,200,True,
benchmark,522,q2_all_users,12.8094,200,True,
benchmark,523,q2_all_users,8.3115000000000006,200,True,
benchmark,524,q2_all_users,8.3339999999999996,200,True,
benchmark,525,q2_all_users,14.067,200,True,
benchmark,526,q2_all_users,8.7948000000000004,200,True,
benchmark,527,q2_all_users,8.3119999999999994,200,True,
benchmark,528,q2_all_users,12.524800000000001,200,True,
benchmark,529,q2_all_users,8.5295000000000005,200,True,
benchmark,530,q2_all_users,8.6654999999999998,200,True,
benchmark,531,q2_all_users,8.1967999999999996,200,True,
benchmark,532,q2_all_users,16.715900000000001,200,True,
benchmark,533,q2_all_users,8.0874000000000006,200,True,
benchmark,534,q2_all_users,8.2196999999999996,200,True,
benchmark,535,q2_all_users,12.096399999999999,200,True,
benchmark,536,q2_all_users,8.2996999999999996,200,True,
benchmark,537,q2_all_users,8.2250999999999994,200,True,
benchmark,538,q2_all_users,14.3773,200,True,
benchmark,539,q2_all_users,9.7624999999999993,200,True,
benchmark,540,q2_all_users,8.2558000000000007,200,True,
benchmark,541,q2_all_users,11.7996,200,True,
benchmark,542,q2_all_users,8.6134000000000004,200,True,
benchmark,543,q2_all_users,8.3232999999999997,200,True,
benchmark,544,q2_all_users,15.160600000000001,200,True,
benchmark,545,q2_all_users,8.2904999999999998,200,True,
benchmark,546,q2_all_users,11.3987,200,True,
benchmark,547,q2_all_users,12.168200000000001,200,True,
benchmark,548,q2_all_users,8.9863,200,True,
benchmark,549,q2_all_users,8.7408000000000001,200,True,
benchmark,550,q2_all_users,14.658899999999999,200,True,
benchmark,551,q2_all_users,9.2974999999999994,200,True,
benchmark,552,q2_all_users,9.5523000000000007,200,True,
benchmark,553,q2_all_users,11.5365,200,True,
benchmark,554,q2_all_users,9.2011000000000003,200,True,
benchmark,555,q2_all_users,8.0745000000000005,200,True,
benchmark,556,q2_all_users,8.0404999999999998,200,True,
benchmark,557,q2_all_users,13.2056,200,True,
benchmark,558,q2_all_users,7.9192,200,True,
benchmark,559,q2_all_users,7.8316999999999997,200,True,
benchmark,560,q2_all_users,17.7319,200,True,
benchmark,561,q2_all_users,7.8715000000000002,200,True,
benchmark,562,q2_all_users,7.9428000000000001,200,True,
benchmark,563,q2_all_users,12.183400000000001,200,True,
benchmark,564,q2_all_users,7.9051,200,True,
benchmark,565,q2_all_users,7.8985000000000003,200,True,
benchmark,566,q2_all_users,14.336600000000001,200,True,
benchmark,567,q2_all_users,7.9524999999999997,200,True,
benchmark,568,q2_all_users,7.9966999999999997,200,True,
benchmark,569,q2_all_users,12.0875,200,True,
benchmark,570,q2_all_users,7.8784999999999998,200,True,
benchmark,571,q2_all_users,7.9484000000000004,200,True,
benchmark,572,q2_all_users,13.7738,200,True,
benchmark,573,q2_all_users,19.721800000000002,200,True,
benchmark,574,q2_all_users,7.7808000000000002,200,True,
benchmark,575,q2_all_users,12.5905,200,True,
benchmark,576,q2_all_users,8.1250999999999998,200,True,
benchmark,577,q2_all_users,7.8303000000000003,200,True,
benchmark,578,q2_all_users,7.9774000000000003,200,True,
benchmark,579,q2_all_users,16.056899999999999,200,True,
benchmark,580,q2_all_users,7.7066999999999997,200,True,
benchmark,581,q2_all_users,8.3257999999999992,200,True,
benchmark,582,q2_all_users,12.2654,200,True,
benchmark,583,q2_all_users,7.7983000000000002,200,True,
benchmark,584,q2_all_users,7.9505999999999997,200,True,
benchmark,585,q2_all_users,13.4308,200,True,
benchmark,586,q2_all_users,22.065899999999999,200,True,
benchmark,587,q2_all_users,8.0077999999999996,200,True,
benchmark,588,q2_all_users,11.131600000000001,200,True,
benchmark,589,q2_all_users,8.1148000000000007,200,True,
benchmark,590,q2_all_users,7.7710999999999997,200,True,
benchmark,591,q2_all_users,15.0227,200,True,
benchmark,592,q2_all_users,7.9542000000000002,200,True,
benchmark,593,q2_all_users,9.1562000000000001,200,True,
benchmark,594,q2_all_users,10.3619,200,True,
benchmark,595,q2_all_users,8.0535999999999994,200,True,
benchmark,596,q2_all_users,7.8921999999999999,200,True,
benchmark,597,q2_all_users,13.9032,200,True,
benchmark,598,q2_all_users,8.6157000000000004,200,True,
benchmark,599,q2_all_users,8.2997999999999994,200,True,
benchmark,600,q2_all_users,13.236000000000001,200,True,
benchmark,601,q2_all_users,10.6104,200,True,
benchmark,602,q2_all_users,10.196199999999999,200,True,
benchmark,603,q2_all_users,10.6473,200,True,
benchmark,604,q2_all_users,14.2186,200,True,
benchmark,605,q2_all_users,8.0813000000000006,200,True,
benchmark,606,q2_all_users,7.9612999999999996,200,True,
benchmark,607,q2_all_users,18.035,200,True,
benchmark,608,q2_all_users,8.0591000000000008,200,True,
benchmark,609,q2_all_users,8.1923999999999992,200,True,
benchmark,610,q2_all_users,12.404500000000001,200,True,
benchmark,611,q2_all_users,8.3035999999999994,200,True,
benchmark,612,q2_all_users,8.5175999999999998,200,True,
benchmark,613,q2_all_users,14.866099999999999,200,True,
benchmark,614,q2_all_users,8.4797999999999991,200,True,
benchmark,615,q2_all_users,8.3292000000000002,200,True,
benchmark,616,q2_all_users,14.470000000000001,200,True,
benchmark,617,q2_all_users,9.2081,200,True,
benchmark,618,q2_all_users,9.0020000000000007,200,True,
benchmark,619,q2_all_users,15.172800000000001,200,True,
benchmark,620,q2_all_users,11.3287,200,True,
benchmark,621,q2_all_users,8.7466000000000008,200,True,
benchmark,622,q2_all_users,13.741300000000001,200,True,
benchmark,623,q2_all_users,9.2100000000000009,200,True,
benchmark,624,q2_all_users,8.8301999999999996,200,True,
benchmark,625,q2_all_users,16.660799999999998,200,True,
benchmark,626,q2_all_users,9.2628000000000004,200,True,
benchmark,627,q2_all_users,7.8669000000000002,200,True,
benchmark,628,q2_all_users,7.8937999999999997,200,True,
benchmark,629,q2_all_users,11.958500000000001,200,True,
benchmark,630,q2_all_users,7.9973999999999998,200,True,
benchmark,631,q2_all_users,8.0721000000000007,200,True,
benchmark,632,q2_all_users,15.9274,200,True,
benchmark,633,q2_all_users,9.4183000000000003,200,True,
benchmark,634,q2_all_users,8.2619000000000007,200,True,
benchmark,635,q2_all_users,11.1774,200,True,
benchmark,636,q2_all_users,8.2684999999999995,200,True,
benchmark,637,q2_all_users,8.0252999999999997,200,True,
benchmark,638,q2_all_users,13.984299999999999,200,True,
benchmark,639,q2_all_users,8.0770999999999997,200,True,
benchmark,640,q2_all_users,9.6809999999999992,200,True,
benchmark,641,q2_all_users,10.8673,200,True,
benchmark,642,q2_all_users,8.1425999999999998,200,True,
benchmark,643,q2_all_users,8.1097999999999999,200,True,
benchmark,644,q2_all_users,14.334199999999999,200,True,
benchmark,645,q2_all_users,8.3917000000000002,200,True,
benchmark,646,q2_all_users,8.2498000000000005,200,True,
benchmark,647,q2_all_users,11.116400000000001,200,True,
benchmark,648,q2_all_users,8.7238000000000007,200,True,
benchmark,649,q2_all_users,7.9630999999999998,200,True,
benchmark,650,q2_all_users,8.2660999999999998,200,True,
benchmark,651,q2_all_users,13.0472,200,True,
benchmark,652,q2_all_users,8.7957000000000001,200,True,
benchmark,653,q2_all_users,8.5985999999999994,200,True,
benchmark,654,q2_all_users,18.842199999999998,200,True,
benchmark,655,q2_all_users,8.1575000000000006,200,True,
benchmark,656,q2_all_users,8.3329000000000004,200,True,
benchmark,657,q2_all_users,12.319599999999999,200,True,
benchmark,658,q2_all_users,8.4202999999999992,200,True,
benchmark,659,q2_all_users,8.1881000000000004,200,True,
benchmark,660,q2_all_users,14.4964,200,True,
benchmark,661,q2_all_users,8.4149999999999991,200,True,
benchmark,662,q2_all_users,8.2416999999999998,200,True,
benchmark,663,q2_all_users,13.552300000000001,200,True,
benchmark,664,q2_all_users,8.5296000000000003,200,True,
benchmark,665,q2_all_users,8.2090999999999994,200,True,
benchmark,666,q2_all_users,16.278600000000001,200,True,
benchmark,667,q2_all_users,18.645600000000002,200,True,
benchmark,668,q2_all_users,8.2453000000000003,200,True,
benchmark,669,q2_all_users,12.8995,200,True,
benchmark,670,q2_all_users,8.3564000000000007,200,True,
benchmark,671,q2_all_users,8.4122000000000003,200,True,
benchmark,672,q2_all_users,8.3409999999999993,200,True,
benchmark,673,q2_all_users,14.8231,200,True,
benchmark,674,q2_all_users,8.1447000000000003,200,True,
benchmark,675,q2_all_users,9.2380999999999993,200,True,
benchmark,676,q2_all_users,12.3703,200,True,
benchmark,677,q2_all_users,8.2723999999999993,200,True,
benchmark,678,q2_all_users,8.3009000000000004,200,True,
benchmark,679,q2_all_users,16.758500000000002,200,True,
benchmark,680,q2_all_users,8.1640999999999995,200,True,
benchmark,681,q2_all_users,8.3885000000000005,200,True,
benchmark,682,q2_all_users,12.9414,200,True,
benchmark,683,q2_all_users,8.4067000000000007,200,True,
benchmark,684,q2_all_users,8.1948000000000008,200,True,
benchmark,685,q2_all_users,13.9756,200,True,
benchmark,686,q2_all_users,8.8344000000000005,200,True,
benchmark,687,q2_all_users,8.2124000000000006,200,True,
benchmark,688,q2_all_users,12.4015,200,True,
benchmark,689,q2_all_users,8.6727000000000007,200,True,
benchmark,690,q2_all_users,8.6038999999999994,200,True,
benchmark,691,q2_all_users,15.7401,200,True,
benchmark,692,q2_all_users,9.6317000000000004,200,True,
benchmark,693,q2_all_users,8.2820999999999998,200,True,
benchmark,694,q2_all_users,8.2995000000000001,200,True,
benchmark,695,q2_all_users,12.6973,200,True,
benchmark,696,q2_all_users,8.3164999999999996,200,True,
benchmark,697,q2_all_users,8.3949999999999996,200,True,
benchmark,698,q2_all_users,16.001000000000001,200,True,
benchmark,699,q2_all_users,10.4184,200,True,
benchmark,700,q2_all_users,10.6159,200,True,
benchmark,701,q2_all_users,12.915800000000001,200,True,
benchmark,702,q2_all_users,8.3636999999999997,200,True,
benchmark,703,q2_all_users,8.2512000000000008,200,True,
benchmark,704,q2_all_users,14.127700000000001,200,True,
benchmark,705,q2_all_users,8.3950999999999993,200,True,
benchmark,706,q2_all_users,9.8804999999999996,200,True,
benchmark,707,q2_all_users,10.8071,200,True,
benchmark,708,q2_all_users,8.2721,200,True,
benchmark,709,q2_all_users,8.2142999999999997,200,True,
benchmark,710,q2_all_users,14.3865,200,True,
benchmark,711,q2_all_users,8.5381999999999998,200,True,
benchmark,712,q2_all_users,8.2606999999999999,200,True,
benchmark,713,q2_all_users,11.7014,200,True,
benchmark,714,q2_all_users,8.3132000000000001,200,True,
benchmark,715,q2_all_users,8.3998000000000008,200,True,
benchmark,716,q2_all_users,8.2925000000000004,200,True,
benchmark,717,q2_all_users,12.7957,200,True,
benchmark,718,q2_all_users,8.2971000000000004,200,True,
benchmark,719,q2_all_users,8.3064999999999998,200,True,
benchmark,720,q2_all_users,18.6418,200,True,
benchmark,721,q2_all_users,8.1847999999999992,200,True,
benchmark,722,q2_all_users,8.4190000000000005,200,True,
benchmark,723,q2_all_users,12.4245,200,True,
benchmark,724,q2_all_users,8.1517999999999997,200,True,
benchmark,725,q2_all_users,8.2317,200,True,
benchmark,726,q2_all_users,14.008599999999999,200,True,
benchmark,727,q2_all_users,8.3834,200,True,
benchmark,728,q2_all_users,8.3646999999999991,200,True,
benchmark,729,q2_all_users,13.571099999999999,200,True,
benchmark,730,q2_all_users,8.2910000000000004,200,True,
benchmark,731,q2_all_users,8.3247999999999998,200,True,
benchmark,732,q2_all_users,16.071899999999999,200,True,
benchmark,733,q2_all_users,24.768699999999999,200,True,
benchmark,734,q2_all_users,8.0581999999999994,200,True,
benchmark,735,q2_all_users,13.1122,200,True,
benchmark,736,q2_all_users,8.3051999999999992,200,True,
benchmark,737,q2_all_users,8.5238999999999994,200,True,
benchmark,738,q2_all_users,8.1896000000000004,200,True,
benchmark,739,q2_all_users,14.6821,200,True,
benchmark,740,q2_all_users,8.1895000000000007,200,True,
benchmark,741,q2_all_users,7.9516999999999998,200,True,
benchmark,742,q2_all_users,12.255100000000001,200,True,
benchmark,743,q2_all_users,8.4728999999999992,200,True,
benchmark,744,q2_all_users,8.4662000000000006,200,True,
benchmark,745,q2_all_users,15.498799999999999,200,True,
benchmark,746,q2_all_users,9.6097999999999999,200,True,
benchmark,747,q2_all_users,8.6030999999999995,200,True,
benchmark,748,q2_all_users,11.867800000000001,200,True,
benchmark,749,q2_all_users,8.4613999999999994,200,True,
benchmark,750,q2_all_users,8.1915999999999993,200,True,
benchmark,751,q2_all_users,13.6729,200,True,
benchmark,752,q2_all_users,8.4001000000000001,200,True,
benchmark,753,q2_all_users,29.5092,200,True,
benchmark,754,q2_all_users,11.052199999999999,200,True,
benchmark,755,q2_all_users,8.3879999999999999,200,True,
benchmark,756,q2_all_users,8.5018999999999991,200,True,
benchmark,757,q2_all_users,14.785299999999999,200,True,
benchmark,758,q2_all_users,8.4756999999999998,200,True,
benchmark,759,q2_all_users,8.5703999999999994,200,True,
benchmark,760,q2_all_users,9.7062000000000008,200,True,
benchmark,761,q2_all_users,9.1442999999999994,200,True,
benchmark,762,q2_all_users,8.4812999999999992,200,True,
benchmark,763,q2_all_users,8.2576000000000001,200,True,
benchmark,764,q2_all_users,13.6676,200,True,
benchmark,765,q2_all_users,8.2922999999999991,200,True,
benchmark,766,q2_all_users,8.3480000000000008,200,True,
benchmark,767,q2_all_users,15.928800000000001,200,True,
benchmark,768,q2_all_users,8.2552000000000003,200,True,
benchmark,769,q2_all_users,8.1171000000000006,200,True,
benchmark,770,q2_all_users,13.4186,200,True,
benchmark,771,q2_all_users,8.0871999999999993,200,True,
benchmark,772,q2_all_users,8.3336000000000006,200,True,
benchmark,773,q2_all_users,13.416399999999999,200,True,
benchmark,774,q2_all_users,8.5922999999999998,200,True,
benchmark,775,q2_all_users,8.2393000000000001,200,True,
benchmark,776,q2_all_users,12.7563,200,True,
benchmark,777,q2_all_users,8.6579999999999995,200,True,
benchmark,778,q2_all_users,8.8567999999999998,200,True,
benchmark,779,q2_all_users,16.138400000000001,200,True,
benchmark,780,q2_all_users,9.5195000000000007,200,True,
benchmark,781,q2_all_users,8.1755999999999993,200,True,
benchmark,782,q2_all_users,8.4345999999999997,200,True,
benchmark,783,q2_all_users,12.2898,200,True,
benchmark,784,q2_all_users,8.4286999999999992,200,True,
benchmark,785,q2_all_users,8.1287000000000003,200,True,
benchmark,786,q2_all_users,16.7118,200,True,
benchmark,787,q2_all_users,9.5763999999999996,200,True,
benchmark,788,q2_all_users,8.4734999999999996,200,True,
benchmark,789,q2_all_users,13.5517,200,True,
benchmark,790,q2_all_users,9.9080999999999992,200,True,
benchmark,791,q2_all_users,8.9431999999999992,200,True,
benchmark,792,q2_all_users,14.199,200,True,
benchmark,793,q2_all_users,8.7395999999999994,200,True,
benchmark,794,q2_all_users,10.331799999999999,200,True,
benchmark,795,q2_all_users,12.732699999999999,200,True,
benchmark,796,q2_all_users,8.4553999999999991,200,True,
benchmark,797,q2_all_users,8.9619,200,True,
benchmark,798,q2_all_users,14.7828,200,True,
benchmark,799,q2_all_users,8.2281999999999993,200,True,
benchmark,800,q2_all_users,8.1919000000000004,200,True,
benchmark,801,q2_all_users,12.0807,200,True,
benchmark,802,q2_all_users,8.5365000000000002,200,True,
benchmark,803,q2_all_users,8.5282999999999998,200,True,
benchmark,804,q2_all_users,8.4212000000000007,200,True,
benchmark,805,q2_all_users,12.555,200,True,
benchmark,806,q2_all_users,8.2493999999999996,200,True,
benchmark,807,q2_all_users,8.2615999999999996,200,True,
benchmark,808,q2_all_users,21.472899999999999,200,True,
benchmark,809,q2_all_users,8.5084,200,True,
benchmark,810,q2_all_users,8.2509999999999994,200,True,
benchmark,811,q2_all_users,12.8292,200,True,
benchmark,812,q2_all_users,8.5955999999999992,200,True,
benchmark,813,q2_all_users,8.4578000000000007,200,True,
benchmark,814,q2_all_users,14.882899999999999,200,True,
benchmark,815,q2_all_users,8.4341000000000008,200,True,
benchmark,816,q2_all_users,8.5221,200,True,
benchmark,817,q2_all_users,13.7601,200,True,
benchmark,818,q2_all_users,8.2039000000000009,200,True,
benchmark,819,q2_all_users,8.5503999999999998,200,True,
benchmark,820,q2_all_users,14.241899999999999,200,True,
benchmark,821,q2_all_users,9.2274999999999991,200,True,
benchmark,822,q2_all_users,8.3916000000000004,200,True,
benchmark,823,q2_all_users,12.6617,200,True,
benchmark,824,q2_all_users,8.3871000000000002,200,True,
benchmark,825,q2_all_users,8.6739999999999995,200,True,
benchmark,826,q2_all_users,15.830399999999999,200,True,
benchmark,827,q2_all_users,9.5548000000000002,200,True,
benchmark,828,q2_all_users,8.3634000000000004,200,True,
benchmark,829,q2_all_users,8.3810000000000002,200,True,
benchmark,830,q2_all_users,12.523,200,True,
benchmark,831,q2_all_users,8.1281999999999996,200,True,
benchmark,832,q2_all_users,8.2532999999999994,200,True,
benchmark,833,q2_all_users,16.038599999999999,200,True,
benchmark,834,q2_all_users,9.7929999999999993,200,True,
benchmark,835,q2_all_users,8.3283000000000005,200,True,
benchmark,836,q2_all_users,11.7674,200,True,
benchmark,837,q2_all_users,8.3498999999999999,200,True,
benchmark,838,q2_all_users,8.2459000000000007,200,True,
benchmark,839,q2_all_users,13.582700000000001,200,True,
benchmark,840,q2_all_users,8.2141999999999999,200,True,
benchmark,841,q2_all_users,9.7731999999999992,200,True,
benchmark,842,q2_all_users,10.6668,200,True,
benchmark,843,q2_all_users,8.5596999999999994,200,True,
benchmark,844,q2_all_users,8.2841000000000005,200,True,
benchmark,845,q2_all_users,14.1838,200,True,
benchmark,846,q2_all_users,8.3785000000000007,200,True,
benchmark,847,q2_all_users,8.4715000000000007,200,True,
benchmark,848,q2_all_users,11.4186,200,True,
benchmark,849,q2_all_users,8.3420000000000005,200,True,
benchmark,850,q2_all_users,8.1669,200,True,
benchmark,851,q2_all_users,8.1034000000000006,200,True,
benchmark,852,q2_all_users,12.696099999999999,200,True,
benchmark,853,q2_all_users,8.0711999999999993,200,True,
benchmark,854,q2_all_users,8.3286999999999995,200,True,
benchmark,855,q2_all_users,19.168900000000001,200,True,
benchmark,856,q2_all_users,8.0847999999999995,200,True,
benchmark,857,q2_all_users,8.3411000000000008,200,True,
benchmark,858,q2_all_users,12.4954,200,True,
benchmark,859,q2_all_users,8.1320999999999994,200,True,
benchmark,860,q2_all_users,8.1672999999999991,200,True,
benchmark,861,q2_all_users,14.420500000000001,200,True,
benchmark,862,q2_all_users,8.0852000000000004,200,True,
benchmark,863,q2_all_users,8.4061000000000003,200,True,
benchmark,864,q2_all_users,13.179600000000001,200,True,
benchmark,865,q2_all_users,8.4804999999999993,200,True,
benchmark,866,q2_all_users,8.0776000000000003,200,True,
benchmark,867,q2_all_users,15.8912,200,True,
benchmark,868,q2_all_users,18.012599999999999,200,True,
benchmark,869,q2_all_users,8.3895999999999997,200,True,
benchmark,870,q2_all_users,12.9641,200,True,
benchmark,871,q2_all_users,8.2673000000000005,200,True,
benchmark,872,q2_all_users,8.4350000000000005,200,True,
benchmark,873,q2_all_users,8.4197000000000006,200,True,
benchmark,874,q2_all_users,14.7216,200,True,
benchmark,875,q2_all_users,8.2249999999999996,200,True,
benchmark,876,q2_all_users,8.4498999999999995,200,True,
benchmark,877,q2_all_users,12.217499999999999,200,True,
benchmark,878,q2_all_users,8.2527000000000008,200,True,
benchmark,879,q2_all_users,8.1339000000000006,200,True,
benchmark,880,q2_all_users,16.2942,200,True,
benchmark,881,q2_all_users,8.1821999999999999,200,True,
benchmark,882,q2_all_users,8.4359000000000002,200,True,
benchmark,883,q2_all_users,12.914300000000001,200,True,
benchmark,884,q2_all_users,8.4457000000000004,200,True,
benchmark,885,q2_all_users,8.2222000000000008,200,True,
benchmark,886,q2_all_users,14.075799999999999,200,True,
benchmark,887,q2_all_users,8.8546999999999993,200,True,
benchmark,888,q2_all_users,8.2699999999999996,200,True,
benchmark,889,q2_all_users,12.6447,200,True,
benchmark,890,q2_all_users,8.6159999999999997,200,True,
benchmark,891,q2_all_users,8.1300000000000008,200,True,
benchmark,892,q2_all_users,8.3192000000000004,200,True,
benchmark,893,q2_all_users,17.392499999999998,200,True,
benchmark,894,q2_all_users,8.3211999999999993,200,True,
benchmark,895,q2_all_users,8.2279999999999998,200,True,
benchmark,896,q2_all_users,12.7051,200,True,
benchmark,897,q2_all_users,8.2138000000000009,200,True,
benchmark,898,q2_all_users,8.2373999999999992,200,True,
benchmark,899,q2_all_users,15.7316,200,True,
benchmark,900,q2_all_users,10.465299999999999,200,True,
benchmark,901,q2_all_users,9.0851000000000006,200,True,
benchmark,902,q2_all_users,11.907400000000001,200,True,
benchmark,903,q2_all_users,8.6118000000000006,200,True,
benchmark,904,q2_all_users,8.1555,200,True,
benchmark,905,q2_all_users,14.213900000000001,200,True,
benchmark,906,q2_all_users,8.3114000000000008,200,True,
benchmark,907,q2_all_users,9.6899999999999995,200,True,
benchmark,908,q2_all_users,10.428900000000001,200,True,
benchmark,909,q2_all_users,8.2091999999999992,200,True,
benchmark,910,q2_all_users,8.1004000000000005,200,True,
benchmark,911,q2_all_users,14.053800000000001,200,True,
benchmark,912,q2_all_users,8.2574000000000005,200,True,
benchmark,913,q2_all_users,8.1600000000000001,200,True,
benchmark,914,q2_all_users,21.570499999999999,200,True,
benchmark,915,q2_all_users,15.973000000000001,200,True,
benchmark,916,q2_all_users,10.6319,200,True,
benchmark,917,q2_all_users,8.9141999999999992,200,True,
benchmark,918,q2_all_users,12.859400000000001,200,True,
benchmark,919,q2_all_users,8.3170000000000002,200,True,
benchmark,920,q2_all_users,8.3023000000000007,200,True,
benchmark,921,q2_all_users,18.6008,200,True,
benchmark,922,q2_all_users,8.2670999999999992,200,True,
benchmark,923,q2_all_users,8.2466000000000008,200,True,
benchmark,924,q2_all_users,12.432700000000001,200,True,
benchmark,925,q2_all_users,8.3816000000000006,200,True,
benchmark,926,q2_all_users,8.4135000000000009,200,True,
benchmark,927,q2_all_users,14.5824,200,True,
benchmark,928,q2_all_users,8.3313000000000006,200,True,
benchmark,929,q2_all_users,8.5191999999999997,200,True,
benchmark,930,q2_all_users,12.8749,200,True,
benchmark,931,q2_all_users,8.2743000000000002,200,True,
benchmark,932,q2_all_users,8.0100999999999996,200,True,
benchmark,933,q2_all_users,13.848100000000001,200,True,
benchmark,934,q2_all_users,34.716700000000003,200,True,
benchmark,935,q2_all_users,15.0146,200,True,
benchmark,936,q2_all_users,15.013,200,True,
benchmark,937,q2_all_users,8.4765999999999995,200,True,
benchmark,938,q2_all_users,8.8459000000000003,200,True,
benchmark,939,q2_all_users,8.4006000000000007,200,True,
benchmark,940,q2_all_users,17.051200000000001,200,True,
benchmark,941,q2_all_users,8.125,200,True,
benchmark,942,q2_all_users,8.2652000000000001,200,True,
benchmark,943,q2_all_users,12.360900000000001,200,True,
benchmark,944,q2_all_users,9.4163999999999994,200,True,
benchmark,945,q2_all_users,8.1273,200,True,
benchmark,946,q2_all_users,14.084899999999999,200,True,
benchmark,947,q2_all_users,9.3780000000000001,200,True,
benchmark,948,q2_all_users,8.2982999999999993,200,True,
benchmark,949,q2_all_users,11.959199999999999,200,True,
benchmark,950,q2_all_users,8.2603000000000009,200,True,
benchmark,951,q2_all_users,8.5276999999999994,200,True,
benchmark,952,q2_all_users,15.482699999999999,200,True,
benchmark,953,q2_all_users,8.0787999999999993,200,True,
benchmark,954,q2_all_users,10.1572,200,True,
benchmark,955,q2_all_users,10.8063,200,True,
benchmark,956,q2_all_users,8.7444000000000006,200,True,
benchmark,957,q2_all_users,8.7737999999999996,200,True,
benchmark,958,q2_all_users,13.2295,200,True,
benchmark,959,q2_all_users,9.4610000000000003,200,True,
benchmark,960,q2_all_users,8.6616,200,True,
benchmark,961,q2_all_users,15.1671,200,True,
benchmark,962,q2_all_users,9.3580000000000005,200,True,
benchmark,963,q2_all_users,8.1953999999999994,200,True,
benchmark,964,q2_all_users,8.2418999999999993,200,True,
benchmark,965,q2_all_users,13.4679,200,True,
benchmark,966,q2_all_users,8.0892999999999997,200,True,
benchmark,967,q2_all_users,8.2811000000000003,200,True,
benchmark,968,q2_all_users,15.3794,200,True,
benchmark,969,q2_all_users,7.9699,200,True,
benchmark,970,q2_all_users,8.3727,200,True,
benchmark,971,q2_all_users,13.196099999999999,200,True,
benchmark,972,q2_all_users,8.1868999999999996,200,True,
benchmark,973,q2_all_users,8.1821999999999999,200,True,
benchmark,974,q2_all_users,13.604100000000001,200,True,
benchmark,975,q2_all_users,8.6479999999999997,200,True,
benchmark,976,q2_all_users,8.0371000000000006,200,True,
benchmark,977,q2_all_users,12.138199999999999,200,True,
benchmark,978,q2_all_users,8.4430999999999994,200,True,
benchmark,979,q2_all_users,8.3867999999999991,200,True,
benchmark,980,q2_all_users,15.6082,200,True,
benchmark,981,q2_all_users,10.0799,200,True,
benchmark,982,q2_all_users,8.2042999999999999,200,True,
benchmark,983,q2_all_users,7.8776000000000002,200,True,
benchmark,984,q2_all_users,12.0059,200,True,
benchmark,985,q2_all_users,7.9535,200,True,
benchmark,986,q2_all_users,8.1526999999999994,200,True,
benchmark,987,q2_all_users,14.097899999999999,200,True,
benchmark,988,q2_all_users,9.3992000000000004,200,True,
benchmark,989,q2_all_users,7.9800000000000004,200,True,
benchmark,990,q2_all_users,11.1363,200,True,
benchmark,991,q2_all_users,7.9980000000000002,200,True,
benchmark,992,q2_all_users,8.1441999999999997,200,True,
benchmark,993,q2_all_users,14.635,200,True,
benchmark,994,q2_all_users,8.0800999999999998,200,True,
benchmark,995,q2_all_users,9.7448999999999995,200,True,
benchmark,996,q2_all_users,10.3828,200,True,
benchmark,997,q2_all_users,8.1071000000000009,200,True,
benchmark,998,q2_all_users,7.9801000000000002,200,True,
benchmark,999,q2_all_users,13.1371,200,True,
benchmark,1000,q2_all_users,8.3826000000000001,200,True,
benchmark,1,q3_user_by_login,2.4748000000000001,1,True,
benchmark,2,q3_user_by_login,1.7958000000000001,1,True,
benchmark,3,q3_user_by_login,1.6700999999999999,1,True,
benchmark,4,q3_user_by_login,0.98780000000000001,1,True,
benchmark,5,q3_user_by_login,0.94040000000000001,1,True,
benchmark,6,q3_user_by_login,0.7712,1,True,
benchmark,7,q3_user_by_login,0.77139999999999997,1,True,
benchmark,8,q3_user_by_login,0.82079999999999997,1,True,
benchmark,9,q3_user_by_login,0.75329999999999997,1,True,
benchmark,10,q3_user_by_login,0.66180000000000005,1,True,
benchmark,11,q3_user_by_login,0.65510000000000002,1,True,
benchmark,12,q3_user_by_login,0.66949999999999998,1,True,
benchmark,13,q3_user_by_login,0.70369999999999999,1,True,
benchmark,14,q3_user_by_login,0.66649999999999998,1,True,
benchmark,15,q3_user_by_login,0.6804,1,True,
benchmark,16,q3_user_by_login,0.64580000000000004,1,True,
benchmark,17,q3_user_by_login,0.66759999999999997,1,True,
benchmark,18,q3_user_by_login,0.78359999999999996,1,True,
benchmark,19,q3_user_by_login,0.73899999999999999,1,True,
benchmark,20,q3_user_by_login,0.75929999999999997,1,True,
benchmark,21,q3_user_by_login,0.70199999999999996,1,True,
benchmark,22,q3_user_by_login,0.67079999999999995,1,True,
benchmark,23,q3_user_by_login,0.98470000000000002,1,True,
benchmark,24,q3_user_by_login,0.73380000000000001,1,True,
benchmark,25,q3_user_by_login,0.67859999999999998,1,True,
benchmark,26,q3_user_by_login,0.67290000000000005,1,True,
benchmark,27,q3_user_by_login,0.66090000000000004,1,True,
benchmark,28,q3_user_by_login,0.64629999999999999,1,True,
benchmark,29,q3_user_by_login,0.64349999999999996,1,True,
benchmark,30,q3_user_by_login,0.64680000000000004,1,True,
benchmark,31,q3_user_by_login,0.64880000000000004,1,True,
benchmark,32,q3_user_by_login,0.66300000000000003,1,True,
benchmark,33,q3_user_by_login,0.64600000000000002,1,True,
benchmark,34,q3_user_by_login,0.66059999999999997,1,True,
benchmark,35,q3_user_by_login,0.66569999999999996,1,True,
benchmark,36,q3_user_by_login,0.65169999999999995,1,True,
benchmark,37,q3_user_by_login,0.64829999999999999,1,True,
benchmark,38,q3_user_by_login,0.65780000000000005,1,True,
benchmark,39,q3_user_by_login,0.68440000000000001,1,True,
benchmark,40,q3_user_by_login,0.67500000000000004,1,True,
benchmark,41,q3_user_by_login,0.66610000000000003,1,True,
benchmark,42,q3_user_by_login,0.74680000000000002,1,True,
benchmark,43,q3_user_by_login,0.74180000000000001,1,True,
benchmark,44,q3_user_by_login,0.69220000000000004,1,True,
benchmark,45,q3_user_by_login,0.65810000000000002,1,True,
benchmark,46,q3_user_by_login,0.66359999999999997,1,True,
benchmark,47,q3_user_by_login,0.66920000000000002,1,True,
benchmark,48,q3_user_by_login,0.65939999999999999,1,True,
benchmark,49,q3_user_by_login,0.66769999999999996,1,True,
benchmark,50,q3_user_by_login,0.66710000000000003,1,True,
benchmark,51,q3_user_by_login,0.67789999999999995,1,True,
benchmark,52,q3_user_by_login,0.66410000000000002,1,True,
benchmark,53,q3_user_by_login,0.71719999999999995,1,True,
benchmark,54,q3_user_by_login,0.73309999999999997,1,True,
benchmark,55,q3_user_by_login,0.67049999999999998,1,True,
benchmark,56,q3_user_by_login,0.68149999999999999,1,True,
benchmark,57,q3_user_by_login,0.66249999999999998,1,True,
benchmark,58,q3_user_by_login,0.66039999999999999,1,True,
benchmark,59,q3_user_by_login,0.66020000000000001,1,True,
benchmark,60,q3_user_by_login,0.65990000000000004,1,True,
benchmark,61,q3_user_by_login,0.68579999999999997,1,True,
benchmark,62,q3_user_by_login,0.66259999999999997,1,True,
benchmark,63,q3_user_by_login,0.66090000000000004,1,True,
benchmark,64,q3_user_by_login,0.68149999999999999,1,True,
benchmark,65,q3_user_by_login,0.65749999999999997,1,True,
benchmark,66,q3_user_by_login,0.74480000000000002,1,True,
benchmark,67,q3_user_by_login,0.71889999999999998,1,True,
benchmark,68,q3_user_by_login,0.74570000000000003,1,True,
benchmark,69,q3_user_by_login,0.69969999999999999,1,True,
benchmark,70,q3_user_by_login,0.78169999999999995,1,True,
benchmark,71,q3_user_by_login,0.71460000000000001,1,True,
benchmark,72,q3_user_by_login,0.66859999999999997,1,True,
benchmark,73,q3_user_by_login,0.67149999999999999,1,True,
benchmark,74,q3_user_by_login,0.64700000000000002,1,True,
benchmark,75,q3_user_by_login,0.65229999999999999,1,True,
benchmark,76,q3_user_by_login,0.76800000000000002,1,True,
benchmark,77,q3_user_by_login,0.64810000000000001,1,True,
benchmark,78,q3_user_by_login,0.6734,1,True,
benchmark,79,q3_user_by_login,0.67459999999999998,1,True,
benchmark,80,q3_user_by_login,0.64380000000000004,1,True,
benchmark,81,q3_user_by_login,0.64590000000000003,1,True,
benchmark,82,q3_user_by_login,0.65629999999999999,1,True,
benchmark,83,q3_user_by_login,0.73180000000000001,1,True,
benchmark,84,q3_user_by_login,0.68659999999999999,1,True,
benchmark,85,q3_user_by_login,0.69479999999999997,1,True,
benchmark,86,q3_user_by_login,0.65369999999999995,1,True,
benchmark,87,q3_user_by_login,0.67789999999999995,1,True,
benchmark,88,q3_user_by_login,0.64449999999999996,1,True,
benchmark,89,q3_user_by_login,0.63549999999999995,1,True,
benchmark,90,q3_user_by_login,0.65239999999999998,1,True,
benchmark,91,q3_user_by_login,0.77959999999999996,1,True,
benchmark,92,q3_user_by_login,0.74770000000000003,1,True,
benchmark,93,q3_user_by_login,0.69010000000000005,1,True,
benchmark,94,q3_user_by_login,0.67190000000000005,1,True,
benchmark,95,q3_user_by_login,1.1842999999999999,1,True,
benchmark,96,q3_user_by_login,0.71419999999999995,1,True,
benchmark,97,q3_user_by_login,0.66300000000000003,1,True,
benchmark,98,q3_user_by_login,0.64449999999999996,1,True,
benchmark,99,q3_user_by_login,0.6552,1,True,
benchmark,100,q3_user_by_login,0.64339999999999997,1,True,
benchmark,101,q3_user_by_login,1.8085,1,True,
benchmark,102,q3_user_by_login,1.3029999999999999,1,True,
benchmark,103,q3_user_by_login,0.99299999999999999,1,True,
benchmark,104,q3_user_by_login,0.68520000000000003,1,True,
benchmark,105,q3_user_by_login,0.65890000000000004,1,True,
benchmark,106,q3_user_by_login,0.66469999999999996,1,True,
benchmark,107,q3_user_by_login,0.63980000000000004,1,True,
benchmark,108,q3_user_by_login,0.63990000000000002,1,True,
benchmark,109,q3_user_by_login,0.68240000000000001,1,True,
benchmark,110,q3_user_by_login,0.68200000000000005,1,True,
benchmark,111,q3_user_by_login,0.64380000000000004,1,True,
benchmark,112,q3_user_by_login,0.6401,1,True,
benchmark,113,q3_user_by_login,0.63160000000000005,1,True,
benchmark,114,q3_user_by_login,0.63770000000000004,1,True,
benchmark,115,q3_user_by_login,0.79110000000000003,1,True,
benchmark,116,q3_user_by_login,0.77559999999999996,1,True,
benchmark,117,q3_user_by_login,0.7409,1,True,
benchmark,118,q3_user_by_login,0.7107,1,True,
benchmark,119,q3_user_by_login,0.67549999999999999,1,True,
benchmark,120,q3_user_by_login,0.69730000000000003,1,True,
benchmark,121,q3_user_by_login,0.67769999999999997,1,True,
benchmark,122,q3_user_by_login,0.65990000000000004,1,True,
benchmark,123,q3_user_by_login,0.64890000000000003,1,True,
benchmark,124,q3_user_by_login,0.64480000000000004,1,True,
benchmark,125,q3_user_by_login,0.67859999999999998,1,True,
benchmark,126,q3_user_by_login,0.67800000000000005,1,True,
benchmark,127,q3_user_by_login,0.68269999999999997,1,True,
benchmark,128,q3_user_by_login,0.68679999999999997,1,True,
benchmark,129,q3_user_by_login,0.67730000000000001,1,True,
benchmark,130,q3_user_by_login,0.67120000000000002,1,True,
benchmark,131,q3_user_by_login,0.67010000000000003,1,True,
benchmark,132,q3_user_by_login,0.66349999999999998,1,True,
benchmark,133,q3_user_by_login,0.65759999999999996,1,True,
benchmark,134,q3_user_by_login,0.65959999999999996,1,True,
benchmark,135,q3_user_by_login,0.84009999999999996,1,True,
benchmark,136,q3_user_by_login,0.72660000000000002,1,True,
benchmark,137,q3_user_by_login,0.68069999999999997,1,True,
benchmark,138,q3_user_by_login,0.67459999999999998,1,True,
benchmark,139,q3_user_by_login,0.69110000000000005,1,True,
benchmark,140,q3_user_by_login,0.75900000000000001,1,True,
benchmark,141,q3_user_by_login,0.68600000000000005,1,True,
benchmark,142,q3_user_by_login,0.70569999999999999,1,True,
benchmark,143,q3_user_by_login,1.2505999999999999,1,True,
benchmark,144,q3_user_by_login,0.69310000000000005,1,True,
benchmark,145,q3_user_by_login,0.70389999999999997,1,True,
benchmark,146,q3_user_by_login,0.68230000000000002,1,True,
benchmark,147,q3_user_by_login,0.67410000000000003,1,True,
benchmark,148,q3_user_by_login,0.6744,1,True,
benchmark,149,q3_user_by_login,0.69750000000000001,1,True,
benchmark,150,q3_user_by_login,0.69399999999999995,1,True,
benchmark,151,q3_user_by_login,0.69269999999999998,1,True,
benchmark,152,q3_user_by_login,0.67179999999999995,1,True,
benchmark,153,q3_user_by_login,0.68030000000000002,1,True,
benchmark,154,q3_user_by_login,0.66879999999999995,1,True,
benchmark,155,q3_user_by_login,0.64080000000000004,1,True,
benchmark,156,q3_user_by_login,0.64670000000000005,1,True,
benchmark,157,q3_user_by_login,0.65239999999999998,1,True,
benchmark,158,q3_user_by_login,0.64780000000000004,1,True,
benchmark,159,q3_user_by_login,0.64449999999999996,1,True,
benchmark,160,q3_user_by_login,0.64480000000000004,1,True,
benchmark,161,q3_user_by_login,0.64700000000000002,1,True,
benchmark,162,q3_user_by_login,0.64600000000000002,1,True,
benchmark,163,q3_user_by_login,0.78520000000000001,1,True,
benchmark,164,q3_user_by_login,0.82369999999999999,1,True,
benchmark,165,q3_user_by_login,0.71399999999999997,1,True,
benchmark,166,q3_user_by_login,0.71870000000000001,1,True,
benchmark,167,q3_user_by_login,0.70209999999999995,1,True,
benchmark,168,q3_user_by_login,0.68789999999999996,1,True,
benchmark,169,q3_user_by_login,0.6694,1,True,
benchmark,170,q3_user_by_login,0.68459999999999999,1,True,
benchmark,171,q3_user_by_login,0.67310000000000003,1,True,
benchmark,172,q3_user_by_login,0.68289999999999995,1,True,
benchmark,173,q3_user_by_login,0.68979999999999997,1,True,
benchmark,174,q3_user_by_login,0.68769999999999998,1,True,
benchmark,175,q3_user_by_login,0.67269999999999996,1,True,
benchmark,176,q3_user_by_login,0.68049999999999999,1,True,
benchmark,177,q3_user_by_login,0.67000000000000004,1,True,
benchmark,178,q3_user_by_login,0.71399999999999997,1,True,
benchmark,179,q3_user_by_login,0.65590000000000004,1,True,
benchmark,180,q3_user_by_login,0.65429999999999999,1,True,
benchmark,181,q3_user_by_login,0.66410000000000002,1,True,
benchmark,182,q3_user_by_login,0.66020000000000001,1,True,
benchmark,183,q3_user_by_login,0.66039999999999999,1,True,
benchmark,184,q3_user_by_login,0.65790000000000004,1,True,
benchmark,185,q3_user_by_login,0.6522,1,True,
benchmark,186,q3_user_by_login,0.6482,1,True,
benchmark,187,q3_user_by_login,0.68100000000000005,1,True,
benchmark,188,q3_user_by_login,0.75429999999999997,1,True,
benchmark,189,q3_user_by_login,0.69040000000000001,1,True,
benchmark,190,q3_user_by_login,0.66390000000000005,1,True,
benchmark,191,q3_user_by_login,0.96309999999999996,1,True,
benchmark,192,q3_user_by_login,0.76529999999999998,1,True,
benchmark,193,q3_user_by_login,0.7944,1,True,
benchmark,194,q3_user_by_login,0.70979999999999999,1,True,
benchmark,195,q3_user_by_login,0.70999999999999996,1,True,
benchmark,196,q3_user_by_login,0.66359999999999997,1,True,
benchmark,197,q3_user_by_login,0.65559999999999996,1,True,
benchmark,198,q3_user_by_login,0.65049999999999997,1,True,
benchmark,199,q3_user_by_login,0.68079999999999996,1,True,
benchmark,200,q3_user_by_login,0.68840000000000001,1,True,
benchmark,201,q3_user_by_login,1.9431,1,True,
benchmark,202,q3_user_by_login,1.3062,1,True,
benchmark,203,q3_user_by_login,0.89280000000000004,1,True,
benchmark,204,q3_user_by_login,0.72470000000000001,1,True,
benchmark,205,q3_user_by_login,0.82999999999999996,1,True,
benchmark,206,q3_user_by_login,0.78469999999999995,1,True,
benchmark,207,q3_user_by_login,1.0164,1,True,
benchmark,208,q3_user_by_login,0.90280000000000005,1,True,
benchmark,209,q3_user_by_login,0.76680000000000004,1,True,
benchmark,210,q3_user_by_login,0.75490000000000002,1,True,
benchmark,211,q3_user_by_login,0.69379999999999997,1,True,
benchmark,212,q3_user_by_login,0.73980000000000001,1,True,
benchmark,213,q3_user_by_login,0.68410000000000004,1,True,
benchmark,214,q3_user_by_login,0.67879999999999996,1,True,
benchmark,215,q3_user_by_login,0.67420000000000002,1,True,
benchmark,216,q3_user_by_login,0.66549999999999998,1,True,
benchmark,217,q3_user_by_login,0.67220000000000002,1,True,
benchmark,218,q3_user_by_login,0.66600000000000004,1,True,
benchmark,219,q3_user_by_login,0.66269999999999996,1,True,
benchmark,220,q3_user_by_login,0.6653,1,True,
benchmark,221,q3_user_by_login,0.66279999999999994,1,True,
benchmark,222,q3_user_by_login,0.6603,1,True,
benchmark,223,q3_user_by_login,0.66520000000000001,1,True,
benchmark,224,q3_user_by_login,0.66039999999999999,1,True,
benchmark,225,q3_user_by_login,0.66790000000000005,1,True,
benchmark,226,q3_user_by_login,0.66910000000000003,1,True,
benchmark,227,q3_user_by_login,0.67559999999999998,1,True,
benchmark,228,q3_user_by_login,0.67120000000000002,1,True,
benchmark,229,q3_user_by_login,0.66310000000000002,1,True,
benchmark,230,q3_user_by_login,0.74219999999999997,1,True,
benchmark,231,q3_user_by_login,0.69299999999999995,1,True,
benchmark,232,q3_user_by_login,0.74399999999999999,1,True,
benchmark,233,q3_user_by_login,0.69730000000000003,1,True,
benchmark,234,q3_user_by_login,0.67610000000000003,1,True,
benchmark,235,q3_user_by_login,1.0694999999999999,1,True,
benchmark,236,q3_user_by_login,0.68910000000000005,1,True,
benchmark,237,q3_user_by_login,0.66779999999999995,1,True,
benchmark,238,q3_user_by_login,0.68020000000000003,1,True,
benchmark,239,q3_user_by_login,0.6613,1,True,
benchmark,240,q3_user_by_login,0.64859999999999995,1,True,
benchmark,241,q3_user_by_login,0.9133,1,True,
benchmark,242,q3_user_by_login,0.75139999999999996,1,True,
benchmark,243,q3_user_by_login,0.7117,1,True,
benchmark,244,q3_user_by_login,0.66569999999999996,1,True,
benchmark,245,q3_user_by_login,0.68669999999999998,1,True,
benchmark,246,q3_user_by_login,0.68469999999999998,1,True,
benchmark,247,q3_user_by_login,0.68989999999999996,1,True,
benchmark,248,q3_user_by_login,0.68100000000000005,1,True,
benchmark,249,q3_user_by_login,8.0460999999999991,1,True,
benchmark,250,q3_user_by_login,1.9303999999999999,1,True,
benchmark,251,q3_user_by_login,1.7521,1,True,
benchmark,252,q3_user_by_login,1.4282999999999999,1,True,
benchmark,253,q3_user_by_login,1.3672,1,True,
benchmark,254,q3_user_by_login,1.1498999999999999,1,True,
benchmark,255,q3_user_by_login,1.4317,1,True,
benchmark,256,q3_user_by_login,1.3572,1,True,
benchmark,257,q3_user_by_login,1.1349,1,True,
benchmark,258,q3_user_by_login,1.0378000000000001,1,True,
benchmark,259,q3_user_by_login,0.9546,1,True,
benchmark,260,q3_user_by_login,0.79049999999999998,1,True,
benchmark,261,q3_user_by_login,0.82650000000000001,1,True,
benchmark,262,q3_user_by_login,0.67030000000000001,1,True,
benchmark,263,q3_user_by_login,0.72470000000000001,1,True,
benchmark,264,q3_user_by_login,0.72619999999999996,1,True,
benchmark,265,q3_user_by_login,0.66810000000000003,1,True,
benchmark,266,q3_user_by_login,0.65429999999999999,1,True,
benchmark,267,q3_user_by_login,0.65600000000000003,1,True,
benchmark,268,q3_user_by_login,0.64390000000000003,1,True,
benchmark,269,q3_user_by_login,0.6764,1,True,
benchmark,270,q3_user_by_login,0.66539999999999999,1,True,
benchmark,271,q3_user_by_login,0.64659999999999995,1,True,
benchmark,272,q3_user_by_login,0.65359999999999996,1,True,
benchmark,273,q3_user_by_login,0.66569999999999996,1,True,
benchmark,274,q3_user_by_login,0.63660000000000005,1,True,
benchmark,275,q3_user_by_login,0.66700000000000004,1,True,
benchmark,276,q3_user_by_login,0.65490000000000004,1,True,
benchmark,277,q3_user_by_login,0.65659999999999996,1,True,
benchmark,278,q3_user_by_login,0.6694,1,True,
benchmark,279,q3_user_by_login,0.71540000000000004,1,True,
benchmark,280,q3_user_by_login,0.67669999999999997,1,True,
benchmark,281,q3_user_by_login,0.6754,1,True,
benchmark,282,q3_user_by_login,0.69979999999999998,1,True,
benchmark,283,q3_user_by_login,0.73480000000000001,1,True,
benchmark,284,q3_user_by_login,0.68889999999999996,1,True,
benchmark,285,q3_user_by_login,0.66669999999999996,1,True,
benchmark,286,q3_user_by_login,1.0642,1,True,
benchmark,287,q3_user_by_login,0.68469999999999998,1,True,
benchmark,288,q3_user_by_login,0.66400000000000003,1,True,
benchmark,289,q3_user_by_login,0.66200000000000003,1,True,
benchmark,290,q3_user_by_login,0.65649999999999997,1,True,
benchmark,291,q3_user_by_login,0.65920000000000001,1,True,
benchmark,292,q3_user_by_login,0.68469999999999998,1,True,
benchmark,293,q3_user_by_login,0.68169999999999997,1,True,
benchmark,294,q3_user_by_login,0.66920000000000002,1,True,
benchmark,295,q3_user_by_login,0.67569999999999997,1,True,
benchmark,296,q3_user_by_login,0.6744,1,True,
benchmark,297,q3_user_by_login,0.66749999999999998,1,True,
benchmark,298,q3_user_by_login,0.68889999999999996,1,True,
benchmark,299,q3_user_by_login,0.65229999999999999,1,True,
benchmark,300,q3_user_by_login,0.69640000000000002,1,True,
benchmark,301,q3_user_by_login,1.8391999999999999,1,True,
benchmark,302,q3_user_by_login,1.2123999999999999,1,True,
benchmark,303,q3_user_by_login,0.94040000000000001,1,True,
benchmark,304,q3_user_by_login,0.83069999999999999,1,True,
benchmark,305,q3_user_by_login,0.68210000000000004,1,True,
benchmark,306,q3_user_by_login,0.70250000000000001,1,True,
benchmark,307,q3_user_by_login,0.6915,1,True,
benchmark,308,q3_user_by_login,0.85189999999999999,1,True,
benchmark,309,q3_user_by_login,0.98950000000000005,1,True,
benchmark,310,q3_user_by_login,0.79169999999999996,1,True,
benchmark,311,q3_user_by_login,0.72560000000000002,1,True,
benchmark,312,q3_user_by_login,0.76690000000000003,1,True,
benchmark,313,q3_user_by_login,0.69830000000000003,1,True,
benchmark,314,q3_user_by_login,0.68820000000000003,1,True,
benchmark,315,q3_user_by_login,0.67920000000000003,1,True,
benchmark,316,q3_user_by_login,0.66369999999999996,1,True,
benchmark,317,q3_user_by_login,0.66920000000000002,1,True,
benchmark,318,q3_user_by_login,0.6905,1,True,
benchmark,319,q3_user_by_login,0.67620000000000002,1,True,
benchmark,320,q3_user_by_login,0.68289999999999995,1,True,
benchmark,321,q3_user_by_login,0.67649999999999999,1,True,
benchmark,322,q3_user_by_login,0.6603,1,True,
benchmark,323,q3_user_by_login,0.64859999999999995,1,True,
benchmark,324,q3_user_by_login,0.65510000000000002,1,True,
benchmark,325,q3_user_by_login,0.65210000000000001,1,True,
benchmark,326,q3_user_by_login,0.67020000000000002,1,True,
benchmark,327,q3_user_by_login,0.67959999999999998,1,True,
benchmark,328,q3_user_by_login,0.66510000000000002,1,True,
benchmark,329,q3_user_by_login,0.65869999999999995,1,True,
benchmark,330,q3_user_by_login,0.76070000000000004,1,True,
benchmark,331,q3_user_by_login,0.81299999999999994,1,True,
benchmark,332,q3_user_by_login,0.76290000000000002,1,True,
benchmark,333,q3_user_by_login,0.76160000000000005,1,True,
benchmark,334,q3_user_by_login,0.69120000000000004,1,True,
benchmark,335,q3_user_by_login,0.67789999999999995,1,True,
benchmark,336,q3_user_by_login,0.96309999999999996,1,True,
benchmark,337,q3_user_by_login,0.66520000000000001,1,True,
benchmark,338,q3_user_by_login,0.64839999999999998,1,True,
benchmark,339,q3_user_by_login,0.66590000000000005,1,True,
benchmark,340,q3_user_by_login,0.70140000000000002,1,True,
benchmark,341,q3_user_by_login,0.65849999999999997,1,True,
benchmark,342,q3_user_by_login,0.6704,1,True,
benchmark,343,q3_user_by_login,0.67059999999999997,1,True,
benchmark,344,q3_user_by_login,0.68989999999999996,1,True,
benchmark,345,q3_user_by_login,0.66520000000000001,1,True,
benchmark,346,q3_user_by_login,0.66579999999999995,1,True,
benchmark,347,q3_user_by_login,0.68369999999999997,1,True,
benchmark,348,q3_user_by_login,0.65669999999999995,1,True,
benchmark,349,q3_user_by_login,0.65600000000000003,1,True,
benchmark,350,q3_user_by_login,0.67169999999999996,1,True,
benchmark,351,q3_user_by_login,0.68159999999999998,1,True,
benchmark,352,q3_user_by_login,0.70240000000000002,1,True,
benchmark,353,q3_user_by_login,0.67589999999999995,1,True,
benchmark,354,q3_user_by_login,0.65890000000000004,1,True,
benchmark,355,q3_user_by_login,0.76619999999999999,1,True,
benchmark,356,q3_user_by_login,0.72670000000000001,1,True,
benchmark,357,q3_user_by_login,0.89859999999999995,1,True,
benchmark,358,q3_user_by_login,0.81230000000000002,1,True,
benchmark,359,q3_user_by_login,0.84719999999999995,1,True,
benchmark,360,q3_user_by_login,0.68720000000000003,1,True,
benchmark,361,q3_user_by_login,0.66049999999999998,1,True,
benchmark,362,q3_user_by_login,0.66549999999999998,1,True,
benchmark,363,q3_user_by_login,0.67789999999999995,1,True,
benchmark,364,q3_user_by_login,0.68049999999999999,1,True,
benchmark,365,q3_user_by_login,0.65800000000000003,1,True,
benchmark,366,q3_user_by_login,0.65680000000000005,1,True,
benchmark,367,q3_user_by_login,0.67869999999999997,1,True,
benchmark,368,q3_user_by_login,0.66039999999999999,1,True,
benchmark,369,q3_user_by_login,0.65949999999999998,1,True,
benchmark,370,q3_user_by_login,0.66620000000000001,1,True,
benchmark,371,q3_user_by_login,0.64749999999999996,1,True,
benchmark,372,q3_user_by_login,0.65590000000000004,1,True,
benchmark,373,q3_user_by_login,0.68459999999999999,1,True,
benchmark,374,q3_user_by_login,0.65290000000000004,1,True,
benchmark,375,q3_user_by_login,0.65980000000000005,1,True,
benchmark,376,q3_user_by_login,0.65969999999999995,1,True,
benchmark,377,q3_user_by_login,0.66569999999999996,1,True,
benchmark,378,q3_user_by_login,0.66349999999999998,1,True,
benchmark,379,q3_user_by_login,0.67800000000000005,1,True,
benchmark,380,q3_user_by_login,0.70140000000000002,1,True,
benchmark,381,q3_user_by_login,0.69850000000000001,1,True,
benchmark,382,q3_user_by_login,0.67159999999999997,1,True,
benchmark,383,q3_user_by_login,1.1293,1,True,
benchmark,384,q3_user_by_login,0.68200000000000005,1,True,
benchmark,385,q3_user_by_login,0.66539999999999999,1,True,
benchmark,386,q3_user_by_login,0.68369999999999997,1,True,
benchmark,387,q3_user_by_login,0.75649999999999995,1,True,
benchmark,388,q3_user_by_login,0.78749999999999998,1,True,
benchmark,389,q3_user_by_login,0.70420000000000005,1,True,
benchmark,390,q3_user_by_login,0.6744,1,True,
benchmark,391,q3_user_by_login,0.66200000000000003,1,True,
benchmark,392,q3_user_by_login,0.66820000000000002,1,True,
benchmark,393,q3_user_by_login,0.67869999999999997,1,True,
benchmark,394,q3_user_by_login,0.66490000000000005,1,True,
benchmark,395,q3_user_by_login,0.66110000000000002,1,True,
benchmark,396,q3_user_by_login,0.66759999999999997,1,True,
benchmark,397,q3_user_by_login,0.66569999999999996,1,True,
benchmark,398,q3_user_by_login,0.67269999999999996,1,True,
benchmark,399,q3_user_by_login,0.65200000000000002,1,True,
benchmark,400,q3_user_by_login,0.66049999999999998,1,True,
benchmark,401,q3_user_by_login,1.2638,1,True,
benchmark,402,q3_user_by_login,1.0029999999999999,1,True,
benchmark,403,q3_user_by_login,0.97230000000000005,1,True,
benchmark,404,q3_user_by_login,1.1734,1,True,
benchmark,405,q3_user_by_login,0.97750000000000004,1,True,
benchmark,406,q3_user_by_login,1.0801000000000001,1,True,
benchmark,407,q3_user_by_login,0.68359999999999999,1,True,
benchmark,408,q3_user_by_login,0.66720000000000002,1,True,
benchmark,409,q3_user_by_login,0.73250000000000004,1,True,
benchmark,410,q3_user_by_login,0.76949999999999996,1,True,
benchmark,411,q3_user_by_login,0.66710000000000003,1,True,
benchmark,412,q3_user_by_login,0.65059999999999996,1,True,
benchmark,413,q3_user_by_login,0.65269999999999995,1,True,
benchmark,414,q3_user_by_login,0.66539999999999999,1,True,
benchmark,415,q3_user_by_login,0.66969999999999996,1,True,
benchmark,416,q3_user_by_login,0.64790000000000003,1,True,
benchmark,417,q3_user_by_login,0.65690000000000004,1,True,
benchmark,418,q3_user_by_login,0.64190000000000003,1,True,
benchmark,419,q3_user_by_login,0.64280000000000004,1,True,
benchmark,420,q3_user_by_login,0.64629999999999999,1,True,
benchmark,421,q3_user_by_login,0.65910000000000002,1,True,
benchmark,422,q3_user_by_login,0.65539999999999998,1,True,
benchmark,423,q3_user_by_login,0.64600000000000002,1,True,
benchmark,424,q3_user_by_login,0.67789999999999995,1,True,
benchmark,425,q3_user_by_login,0.65439999999999998,1,True,
benchmark,426,q3_user_by_login,0.65549999999999997,1,True,
benchmark,427,q3_user_by_login,0.75049999999999994,1,True,
benchmark,428,q3_user_by_login,0.71740000000000004,1,True,
benchmark,429,q3_user_by_login,0.69350000000000001,1,True,
benchmark,430,q3_user_by_login,0.6754,1,True,
benchmark,431,q3_user_by_login,1.0576000000000001,1,True,
benchmark,432,q3_user_by_login,0.6502,1,True,
benchmark,433,q3_user_by_login,0.64870000000000005,1,True,
benchmark,434,q3_user_by_login,0.63829999999999998,1,True,
benchmark,435,q3_user_by_login,0.7177,1,True,
benchmark,436,q3_user_by_login,0.64459999999999995,1,True,
benchmark,437,q3_user_by_login,0.64049999999999996,1,True,
benchmark,438,q3_user_by_login,0.71299999999999997,1,True,
benchmark,439,q3_user_by_login,0.70420000000000005,1,True,
benchmark,440,q3_user_by_login,0.67359999999999998,1,True,
benchmark,441,q3_user_by_login,0.62719999999999998,1,True,
benchmark,442,q3_user_by_login,0.62709999999999999,1,True,
benchmark,443,q3_user_by_login,0.62709999999999999,1,True,
benchmark,444,q3_user_by_login,0.62839999999999996,1,True,
benchmark,445,q3_user_by_login,0.62980000000000003,1,True,
benchmark,446,q3_user_by_login,0.76180000000000003,1,True,
benchmark,447,q3_user_by_login,0.61799999999999999,1,True,
benchmark,448,q3_user_by_login,0.62429999999999997,1,True,
benchmark,449,q3_user_by_login,0.63370000000000004,1,True,
benchmark,450,q3_user_by_login,0.62280000000000002,1,True,
benchmark,451,q3_user_by_login,0.78349999999999997,1,True,
benchmark,452,q3_user_by_login,0.7087,1,True,
benchmark,453,q3_user_by_login,0.6764,1,True,
benchmark,454,q3_user_by_login,0.64380000000000004,1,True,
benchmark,455,q3_user_by_login,0.66700000000000004,1,True,
benchmark,456,q3_user_by_login,0.62929999999999997,1,True,
benchmark,457,q3_user_by_login,0.64349999999999996,1,True,
benchmark,458,q3_user_by_login,0.64180000000000004,1,True,
benchmark,459,q3_user_by_login,0.63929999999999998,1,True,
benchmark,460,q3_user_by_login,0.60850000000000004,1,True,
benchmark,461,q3_user_by_login,0.61819999999999997,1,True,
benchmark,462,q3_user_by_login,0.63339999999999996,1,True,
benchmark,463,q3_user_by_login,0.6502,1,True,
benchmark,464,q3_user_by_login,0.62029999999999996,1,True,
benchmark,465,q3_user_by_login,0.60699999999999998,1,True,
benchmark,466,q3_user_by_login,0.62549999999999994,1,True,
benchmark,467,q3_user_by_login,0.61939999999999995,1,True,
benchmark,468,q3_user_by_login,0.61299999999999999,1,True,
benchmark,469,q3_user_by_login,0.68830000000000002,1,True,
benchmark,470,q3_user_by_login,0.75429999999999997,1,True,
benchmark,471,q3_user_by_login,0.65410000000000001,1,True,
benchmark,472,q3_user_by_login,0.67130000000000001,1,True,
benchmark,473,q3_user_by_login,0.63680000000000003,1,True,
benchmark,474,q3_user_by_login,0.65910000000000002,1,True,
benchmark,475,q3_user_by_login,0.66320000000000001,1,True,
benchmark,476,q3_user_by_login,0.7772,1,True,
benchmark,477,q3_user_by_login,0.90780000000000005,1,True,
benchmark,478,q3_user_by_login,0.76119999999999999,1,True,
benchmark,479,q3_user_by_login,1.2741,1,True,
benchmark,480,q3_user_by_login,0.70550000000000002,1,True,
benchmark,481,q3_user_by_login,0.6804,1,True,
benchmark,482,q3_user_by_login,0.6724,1,True,
benchmark,483,q3_user_by_login,0.66739999999999999,1,True,
benchmark,484,q3_user_by_login,0.69550000000000001,1,True,
benchmark,485,q3_user_by_login,0.72970000000000002,1,True,
benchmark,486,q3_user_by_login,0.69030000000000002,1,True,
benchmark,487,q3_user_by_login,0.75509999999999999,1,True,
benchmark,488,q3_user_by_login,0.72519999999999996,1,True,
benchmark,489,q3_user_by_login,0.71870000000000001,1,True,
benchmark,490,q3_user_by_login,0.69159999999999999,1,True,
benchmark,491,q3_user_by_login,0.81140000000000001,1,True,
benchmark,492,q3_user_by_login,0.63570000000000004,1,True,
benchmark,493,q3_user_by_login,0.64280000000000004,1,True,
benchmark,494,q3_user_by_login,0.62570000000000003,1,True,
benchmark,495,q3_user_by_login,0.63990000000000002,1,True,
benchmark,496,q3_user_by_login,0.63349999999999995,1,True,
benchmark,497,q3_user_by_login,0.67920000000000003,1,True,
benchmark,498,q3_user_by_login,0.76180000000000003,1,True,
benchmark,499,q3_user_by_login,0.76539999999999997,1,True,
benchmark,500,q3_user_by_login,0.64319999999999999,1,True,
benchmark,501,q3_user_by_login,2.0600999999999998,1,True,
benchmark,502,q3_user_by_login,1.2962,1,True,
benchmark,503,q3_user_by_login,1.3802000000000001,1,True,
benchmark,504,q3_user_by_login,1.2526999999999999,1,True,
benchmark,505,q3_user_by_login,1.2781,1,True,
benchmark,506,q3_user_by_login,0.94589999999999996,1,True,
benchmark,507,q3_user_by_login,0.75739999999999996,1,True,
benchmark,508,q3_user_by_login,0.76919999999999999,1,True,
benchmark,509,q3_user_by_login,0.69199999999999995,1,True,
benchmark,510,q3_user_by_login,0.73060000000000003,1,True,
benchmark,511,q3_user_by_login,0.63619999999999999,1,True,
benchmark,512,q3_user_by_login,0.65069999999999995,1,True,
benchmark,513,q3_user_by_login,0.63390000000000002,1,True,
benchmark,514,q3_user_by_login,0.63429999999999997,1,True,
benchmark,515,q3_user_by_login,0.64929999999999999,1,True,
benchmark,516,q3_user_by_login,0.62370000000000003,1,True,
benchmark,517,q3_user_by_login,0.63729999999999998,1,True,
benchmark,518,q3_user_by_login,0.62749999999999995,1,True,
benchmark,519,q3_user_by_login,0.75060000000000004,1,True,
benchmark,520,q3_user_by_login,0.67589999999999995,1,True,
benchmark,521,q3_user_by_login,0.69930000000000003,1,True,
benchmark,522,q3_user_by_login,0.75309999999999999,1,True,
benchmark,523,q3_user_by_login,0.65439999999999998,1,True,
benchmark,524,q3_user_by_login,0.63500000000000001,1,True,
benchmark,525,q3_user_by_login,1.1936,1,True,
benchmark,526,q3_user_by_login,0.63580000000000003,1,True,
benchmark,527,q3_user_by_login,0.6452,1,True,
benchmark,528,q3_user_by_login,0.63370000000000004,1,True,
benchmark,529,q3_user_by_login,0.64139999999999997,1,True,
benchmark,530,q3_user_by_login,0.69230000000000003,1,True,
benchmark,531,q3_user_by_login,0.63429999999999997,1,True,
benchmark,532,q3_user_by_login,0.62949999999999995,1,True,
benchmark,533,q3_user_by_login,0.68869999999999998,1,True,
benchmark,534,q3_user_by_login,0.63929999999999998,1,True,
benchmark,535,q3_user_by_login,0.63490000000000002,1,True,
benchmark,536,q3_user_by_login,0.66869999999999996,1,True,
benchmark,537,q3_user_by_login,0.62580000000000002,1,True,
benchmark,538,q3_user_by_login,0.62409999999999999,1,True,
benchmark,539,q3_user_by_login,0.62619999999999998,1,True,
benchmark,540,q3_user_by_login,0.62690000000000001,1,True,
benchmark,541,q3_user_by_login,0.62180000000000002,1,True,
benchmark,542,q3_user_by_login,0.6673,1,True,
benchmark,543,q3_user_by_login,0.62409999999999999,1,True,
benchmark,544,q3_user_by_login,0.63800000000000001,1,True,
benchmark,545,q3_user_by_login,0.73839999999999995,1,True,
benchmark,546,q3_user_by_login,0.66910000000000003,1,True,
benchmark,547,q3_user_by_login,0.63649999999999995,1,True,
benchmark,548,q3_user_by_login,0.72809999999999997,1,True,
benchmark,549,q3_user_by_login,0.74460000000000004,1,True,
benchmark,550,q3_user_by_login,0.63029999999999997,1,True,
benchmark,551,q3_user_by_login,0.63570000000000004,1,True,
benchmark,552,q3_user_by_login,0.63729999999999998,1,True,
benchmark,553,q3_user_by_login,0.65559999999999996,1,True,
benchmark,554,q3_user_by_login,0.625,1,True,
benchmark,555,q3_user_by_login,0.63539999999999996,1,True,
benchmark,556,q3_user_by_login,0.6149,1,True,
benchmark,557,q3_user_by_login,0.63539999999999996,1,True,
benchmark,558,q3_user_by_login,0.63160000000000005,1,True,
benchmark,559,q3_user_by_login,0.63780000000000003,1,True,
benchmark,560,q3_user_by_login,0.61319999999999997,1,True,
benchmark,561,q3_user_by_login,0.6099,1,True,
benchmark,562,q3_user_by_login,0.62880000000000003,1,True,
benchmark,563,q3_user_by_login,0.66459999999999997,1,True,
benchmark,564,q3_user_by_login,0.63780000000000003,1,True,
benchmark,565,q3_user_by_login,0.64219999999999999,1,True,
benchmark,566,q3_user_by_login,0.60770000000000002,1,True,
benchmark,567,q3_user_by_login,0.61829999999999996,1,True,
benchmark,568,q3_user_by_login,0.63170000000000004,1,True,
benchmark,569,q3_user_by_login,0.69089999999999996,1,True,
benchmark,570,q3_user_by_login,0.69630000000000003,1,True,
benchmark,571,q3_user_by_login,0.6875,1,True,
benchmark,572,q3_user_by_login,0.65400000000000003,1,True,
benchmark,573,q3_user_by_login,0.68020000000000003,1,True,
benchmark,574,q3_user_by_login,0.64419999999999999,1,True,
benchmark,575,q3_user_by_login,0.65200000000000002,1,True,
benchmark,576,q3_user_by_login,0.61470000000000002,1,True,
benchmark,577,q3_user_by_login,0.62729999999999997,1,True,
benchmark,578,q3_user_by_login,0.84540000000000004,1,True,
benchmark,579,q3_user_by_login,0.69489999999999996,1,True,
benchmark,580,q3_user_by_login,0.63739999999999997,1,True,
benchmark,581,q3_user_by_login,0.62639999999999996,1,True,
benchmark,582,q3_user_by_login,0.66659999999999997,1,True,
benchmark,583,q3_user_by_login,0.63119999999999998,1,True,
benchmark,584,q3_user_by_login,0.64200000000000002,1,True,
benchmark,585,q3_user_by_login,0.6431,1,True,
benchmark,586,q3_user_by_login,0.61880000000000002,1,True,
benchmark,587,q3_user_by_login,0.62909999999999999,1,True,
benchmark,588,q3_user_by_login,0.61229999999999996,1,True,
benchmark,589,q3_user_by_login,0.62350000000000005,1,True,
benchmark,590,q3_user_by_login,0.71560000000000001,1,True,
benchmark,591,q3_user_by_login,0.63180000000000003,1,True,
benchmark,592,q3_user_by_login,0.70540000000000003,1,True,
benchmark,593,q3_user_by_login,0.63819999999999999,1,True,
benchmark,594,q3_user_by_login,0.62190000000000001,1,True,
benchmark,595,q3_user_by_login,0.6724,1,True,
benchmark,596,q3_user_by_login,0.67769999999999997,1,True,
benchmark,597,q3_user_by_login,0.67400000000000004,1,True,
benchmark,598,q3_user_by_login,0.62090000000000001,1,True,
benchmark,599,q3_user_by_login,0.9849,1,True,
benchmark,600,q3_user_by_login,0.65720000000000001,1,True,
benchmark,601,q3_user_by_login,1.3707,1,True,
benchmark,602,q3_user_by_login,1.0158,1,True,
benchmark,603,q3_user_by_login,1.0269999999999999,1,True,
benchmark,604,q3_user_by_login,0.91559999999999997,1,True,
benchmark,605,q3_user_by_login,0.85099999999999998,1,True,
benchmark,606,q3_user_by_login,0.79179999999999995,1,True,
benchmark,607,q3_user_by_login,0.79320000000000002,1,True,
benchmark,608,q3_user_by_login,0.65820000000000001,1,True,
benchmark,609,q3_user_by_login,0.6331,1,True,
benchmark,610,q3_user_by_login,0.60419999999999996,1,True,
benchmark,611,q3_user_by_login,0.60799999999999998,1,True,
benchmark,612,q3_user_by_login,0.61890000000000001,1,True,
benchmark,613,q3_user_by_login,0.64749999999999996,1,True,
benchmark,614,q3_user_by_login,0.62860000000000005,1,True,
benchmark,615,q3_user_by_login,0.62519999999999998,1,True,
benchmark,616,q3_user_by_login,0.64759999999999995,1,True,
benchmark,617,q3_user_by_login,0.75229999999999997,1,True,
benchmark,618,q3_user_by_login,0.74919999999999998,1,True,
benchmark,619,q3_user_by_login,0.75860000000000005,1,True,
benchmark,620,q3_user_by_login,0.70930000000000004,1,True,
benchmark,621,q3_user_by_login,0.74339999999999995,1,True,
benchmark,622,q3_user_by_login,0.68730000000000002,1,True,
benchmark,623,q3_user_by_login,0.66779999999999995,1,True,
benchmark,624,q3_user_by_login,0.70840000000000003,1,True,
benchmark,625,q3_user_by_login,0.65710000000000002,1,True,
benchmark,626,q3_user_by_login,0.66890000000000005,1,True,
benchmark,627,q3_user_by_login,0.66639999999999999,1,True,
benchmark,628,q3_user_by_login,0.66100000000000003,1,True,
benchmark,629,q3_user_by_login,0.66739999999999999,1,True,
benchmark,630,q3_user_by_login,0.7006,1,True,
benchmark,631,q3_user_by_login,0.67030000000000001,1,True,
benchmark,632,q3_user_by_login,0.69869999999999999,1,True,
benchmark,633,q3_user_by_login,0.6704,1,True,
benchmark,634,q3_user_by_login,0.65210000000000001,1,True,
benchmark,635,q3_user_by_login,0.65920000000000001,1,True,
benchmark,636,q3_user_by_login,0.67530000000000001,1,True,
benchmark,637,q3_user_by_login,0.65549999999999997,1,True,
benchmark,638,q3_user_by_login,0.66539999999999999,1,True,
benchmark,639,q3_user_by_login,0.66190000000000004,1,True,
benchmark,640,q3_user_by_login,0.66749999999999998,1,True,
benchmark,641,q3_user_by_login,0.66290000000000004,1,True,
benchmark,642,q3_user_by_login,0.68859999999999999,1,True,
benchmark,643,q3_user_by_login,0.8639,1,True,
benchmark,644,q3_user_by_login,0.68789999999999996,1,True,
benchmark,645,q3_user_by_login,0.65280000000000005,1,True,
benchmark,646,q3_user_by_login,1.0455000000000001,1,True,
benchmark,647,q3_user_by_login,0.81440000000000001,1,True,
benchmark,648,q3_user_by_login,0.67689999999999995,1,True,
benchmark,649,q3_user_by_login,0.67330000000000001,1,True,
benchmark,650,q3_user_by_login,0.66080000000000005,1,True,
benchmark,651,q3_user_by_login,0.6613,1,True,
benchmark,652,q3_user_by_login,0.65700000000000003,1,True,
benchmark,653,q3_user_by_login,0.69889999999999997,1,True,
benchmark,654,q3_user_by_login,0.66830000000000001,1,True,
benchmark,655,q3_user_by_login,0.64839999999999998,1,True,
benchmark,656,q3_user_by_login,0.64490000000000003,1,True,
benchmark,657,q3_user_by_login,0.6421,1,True,
benchmark,658,q3_user_by_login,0.64910000000000001,1,True,
benchmark,659,q3_user_by_login,0.64490000000000003,1,True,
benchmark,660,q3_user_by_login,0.64959999999999996,1,True,
benchmark,661,q3_user_by_login,0.64480000000000004,1,True,
benchmark,662,q3_user_by_login,0.64929999999999999,1,True,
benchmark,663,q3_user_by_login,0.64419999999999999,1,True,
benchmark,664,q3_user_by_login,0.64570000000000005,1,True,
benchmark,665,q3_user_by_login,0.67079999999999995,1,True,
benchmark,666,q3_user_by_login,0.68899999999999995,1,True,
benchmark,667,q3_user_by_login,0.72970000000000002,1,True,
benchmark,668,q3_user_by_login,0.76180000000000003,1,True,
benchmark,669,q3_user_by_login,0.7006,1,True,
benchmark,670,q3_user_by_login,0.70020000000000004,1,True,
benchmark,671,q3_user_by_login,0.67359999999999998,1,True,
benchmark,672,q3_user_by_login,0.66220000000000001,1,True,
benchmark,673,q3_user_by_login,0.66210000000000002,1,True,
benchmark,674,q3_user_by_login,0.66969999999999996,1,True,
benchmark,675,q3_user_by_login,0.68049999999999999,1,True,
benchmark,676,q3_user_by_login,0.74509999999999998,1,True,
benchmark,677,q3_user_by_login,0.68110000000000004,1,True,
benchmark,678,q3_user_by_login,0.6663,1,True,
benchmark,679,q3_user_by_login,0.65769999999999995,1,True,
benchmark,680,q3_user_by_login,0.68610000000000004,1,True,
benchmark,681,q3_user_by_login,0.65690000000000004,1,True,
benchmark,682,q3_user_by_login,0.6492,1,True,
benchmark,683,q3_user_by_login,0.66639999999999999,1,True,
benchmark,684,q3_user_by_login,0.64839999999999998,1,True,
benchmark,685,q3_user_by_login,0.67300000000000004,1,True,
benchmark,686,q3_user_by_login,0.65500000000000003,1,True,
benchmark,687,q3_user_by_login,0.65510000000000002,1,True,
benchmark,688,q3_user_by_login,0.68779999999999997,1,True,
benchmark,689,q3_user_by_login,0.65649999999999997,1,True,
benchmark,690,q3_user_by_login,0.67090000000000005,1,True,
benchmark,691,q3_user_by_login,0.72070000000000001,1,True,
benchmark,692,q3_user_by_login,0.74590000000000001,1,True,
benchmark,693,q3_user_by_login,0.6774,1,True,
benchmark,694,q3_user_by_login,1.1992,1,True,
benchmark,695,q3_user_by_login,0.6905,1,True,
benchmark,696,q3_user_by_login,0.65529999999999999,1,True,
benchmark,697,q3_user_by_login,0.67490000000000006,1,True,
benchmark,698,q3_user_by_login,0.66659999999999997,1,True,
benchmark,699,q3_user_by_login,0.68379999999999996,1,True,
benchmark,700,q3_user_by_login,0.64539999999999997,1,True,
benchmark,701,q3_user_by_login,1.2236,1,True,
benchmark,702,q3_user_by_login,0.86019999999999996,1,True,
benchmark,703,q3_user_by_login,0.87760000000000005,1,True,
benchmark,704,q3_user_by_login,0.80469999999999997,1,True,
benchmark,705,q3_user_by_login,0.65200000000000002,1,True,
benchmark,706,q3_user_by_login,0.61060000000000003,1,True,
benchmark,707,q3_user_by_login,0.62739999999999996,1,True,
benchmark,708,q3_user_by_login,0.62670000000000003,1,True,
benchmark,709,q3_user_by_login,0.62819999999999998,1,True,
benchmark,710,q3_user_by_login,0.61899999999999999,1,True,
benchmark,711,q3_user_by_login,0.6089,1,True,
benchmark,712,q3_user_by_login,0.63149999999999995,1,True,
benchmark,713,q3_user_by_login,0.60760000000000003,1,True,
benchmark,714,q3_user_by_login,0.60350000000000004,1,True,
benchmark,715,q3_user_by_login,0.64449999999999996,1,True,
benchmark,716,q3_user_by_login,0.62519999999999998,1,True,
benchmark,717,q3_user_by_login,0.62219999999999998,1,True,
benchmark,718,q3_user_by_login,0.71089999999999998,1,True,
benchmark,719,q3_user_by_login,1.0243,1,True,
benchmark,720,q3_user_by_login,0.71299999999999997,1,True,
benchmark,721,q3_user_by_login,0.81010000000000004,1,True,
benchmark,722,q3_user_by_login,0.66469999999999996,1,True,
benchmark,723,q3_user_by_login,0.65849999999999997,1,True,
benchmark,724,q3_user_by_login,0.65090000000000003,1,True,
benchmark,725,q3_user_by_login,0.64710000000000001,1,True,
benchmark,726,q3_user_by_login,0.6482,1,True,
benchmark,727,q3_user_by_login,0.6341,1,True,
benchmark,728,q3_user_by_login,0.63839999999999997,1,True,
benchmark,729,q3_user_by_login,0.63380000000000003,1,True,
benchmark,730,q3_user_by_login,0.65180000000000005,1,True,
benchmark,731,q3_user_by_login,0.64219999999999999,1,True,
benchmark,732,q3_user_by_login,0.64039999999999997,1,True,
benchmark,733,q3_user_by_login,0.66649999999999998,1,True,
benchmark,734,q3_user_by_login,0.64129999999999998,1,True,
benchmark,735,q3_user_by_login,0.63770000000000004,1,True,
benchmark,736,q3_user_by_login,0.63460000000000005,1,True,
benchmark,737,q3_user_by_login,0.63570000000000004,1,True,
benchmark,738,q3_user_by_login,0.64070000000000005,1,True,
benchmark,739,q3_user_by_login,0.6391,1,True,
benchmark,740,q3_user_by_login,0.64200000000000002,1,True,
benchmark,741,q3_user_by_login,0.63890000000000002,1,True,
benchmark,742,q3_user_by_login,0.6462,1,True,
benchmark,743,q3_user_by_login,0.66269999999999996,1,True,
benchmark,744,q3_user_by_login,0.68140000000000001,1,True,
benchmark,745,q3_user_by_login,0.65690000000000004,1,True,
benchmark,746,q3_user_by_login,0.63900000000000001,1,True,
benchmark,747,q3_user_by_login,1.0392999999999999,1,True,
benchmark,748,q3_user_by_login,0.72330000000000005,1,True,
benchmark,749,q3_user_by_login,0.64419999999999999,1,True,
benchmark,750,q3_user_by_login,0.62580000000000002,1,True,
benchmark,751,q3_user_by_login,0.64129999999999998,1,True,
benchmark,752,q3_user_by_login,0.64019999999999999,1,True,
benchmark,753,q3_user_by_login,0.64200000000000002,1,True,
benchmark,754,q3_user_by_login,0.63129999999999997,1,True,
benchmark,755,q3_user_by_login,0.63109999999999999,1,True,
benchmark,756,q3_user_by_login,0.63629999999999998,1,True,
benchmark,757,q3_user_by_login,0.65310000000000001,1,True,
benchmark,758,q3_user_by_login,0.622,1,True,
benchmark,759,q3_user_by_login,0.63470000000000004,1,True,
benchmark,760,q3_user_by_login,0.62970000000000004,1,True,
benchmark,761,q3_user_by_login,0.63570000000000004,1,True,
benchmark,762,q3_user_by_login,0.61850000000000005,1,True,
benchmark,763,q3_user_by_login,0.63119999999999998,1,True,
benchmark,764,q3_user_by_login,0.64080000000000004,1,True,
benchmark,765,q3_user_by_login,0.64639999999999997,1,True,
benchmark,766,q3_user_by_login,0.62539999999999996,1,True,
benchmark,767,q3_user_by_login,0.72340000000000004,1,True,
benchmark,768,q3_user_by_login,0.68210000000000004,1,True,
benchmark,769,q3_user_by_login,0.83050000000000002,1,True,
benchmark,770,q3_user_by_login,0.66310000000000002,1,True,
benchmark,771,q3_user_by_login,0.72040000000000004,1,True,
benchmark,772,q3_user_by_login,0.66400000000000003,1,True,
benchmark,773,q3_user_by_login,0.63539999999999996,1,True,
benchmark,774,q3_user_by_login,0.62990000000000002,1,True,
benchmark,775,q3_user_by_login,0.65600000000000003,1,True,
benchmark,776,q3_user_by_login,0.62609999999999999,1,True,
benchmark,777,q3_user_by_login,0.63060000000000005,1,True,
benchmark,778,q3_user_by_login,0.6472,1,True,
benchmark,779,q3_user_by_login,0.74070000000000003,1,True,
benchmark,780,q3_user_by_login,0.66020000000000001,1,True,
benchmark,781,q3_user_by_login,0.67459999999999998,1,True,
benchmark,782,q3_user_by_login,0.67559999999999998,1,True,
benchmark,783,q3_user_by_login,0.66539999999999999,1,True,
benchmark,784,q3_user_by_login,0.67020000000000002,1,True,
benchmark,785,q3_user_by_login,0.66759999999999997,1,True,
benchmark,786,q3_user_by_login,0.65090000000000003,1,True,
benchmark,787,q3_user_by_login,0.65210000000000001,1,True,
benchmark,788,q3_user_by_login,0.61990000000000001,1,True,
benchmark,789,q3_user_by_login,0.62490000000000001,1,True,
benchmark,790,q3_user_by_login,0.65710000000000002,1,True,
benchmark,791,q3_user_by_login,0.65969999999999995,1,True,
benchmark,792,q3_user_by_login,0.66110000000000002,1,True,
benchmark,793,q3_user_by_login,0.7238,1,True,
benchmark,794,q3_user_by_login,0.74950000000000006,1,True,
benchmark,795,q3_user_by_login,0.67310000000000003,1,True,
benchmark,796,q3_user_by_login,0.65990000000000004,1,True,
benchmark,797,q3_user_by_login,0.96140000000000003,1,True,
benchmark,798,q3_user_by_login,0.69540000000000002,1,True,
benchmark,799,q3_user_by_login,0.65149999999999997,1,True,
benchmark,800,q3_user_by_login,0.64419999999999999,1,True,
benchmark,801,q3_user_by_login,1.3862000000000001,1,True,
benchmark,802,q3_user_by_login,1.0043,1,True,
benchmark,803,q3_user_by_login,1.024,1,True,
benchmark,804,q3_user_by_login,0.93479999999999996,1,True,
benchmark,805,q3_user_by_login,0.92559999999999998,1,True,
benchmark,806,q3_user_by_login,0.79630000000000001,1,True,
benchmark,807,q3_user_by_login,0.71040000000000003,1,True,
benchmark,808,q3_user_by_login,0.70220000000000005,1,True,
benchmark,809,q3_user_by_login,0.65920000000000001,1,True,
benchmark,810,q3_user_by_login,0.69010000000000005,1,True,
benchmark,811,q3_user_by_login,0.67130000000000001,1,True,
benchmark,812,q3_user_by_login,0.79249999999999998,1,True,
benchmark,813,q3_user_by_login,0.7742,1,True,
benchmark,814,q3_user_by_login,0.76429999999999998,1,True,
benchmark,815,q3_user_by_login,0.67930000000000001,1,True,
benchmark,816,q3_user_by_login,0.72070000000000001,1,True,
benchmark,817,q3_user_by_login,0.66930000000000001,1,True,
benchmark,818,q3_user_by_login,0.67390000000000005,1,True,
benchmark,819,q3_user_by_login,0.67659999999999998,1,True,
benchmark,820,q3_user_by_login,0.65680000000000005,1,True,
benchmark,821,q3_user_by_login,0.63929999999999998,1,True,
benchmark,822,q3_user_by_login,0.66600000000000004,1,True,
benchmark,823,q3_user_by_login,0.65559999999999996,1,True,
benchmark,824,q3_user_by_login,0.65839999999999999,1,True,
benchmark,825,q3_user_by_login,0.68159999999999998,1,True,
benchmark,826,q3_user_by_login,0.67320000000000002,1,True,
benchmark,827,q3_user_by_login,0.64610000000000001,1,True,
benchmark,828,q3_user_by_login,0.64910000000000001,1,True,
benchmark,829,q3_user_by_login,0.65329999999999999,1,True,
benchmark,830,q3_user_by_login,0.6573,1,True,
benchmark,831,q3_user_by_login,0.66339999999999999,1,True,
benchmark,832,q3_user_by_login,0.65839999999999999,1,True,
benchmark,833,q3_user_by_login,0.66979999999999995,1,True,
benchmark,834,q3_user_by_login,0.65110000000000001,1,True,
benchmark,835,q3_user_by_login,0.65200000000000002,1,True,
benchmark,836,q3_user_by_login,0.66020000000000001,1,True,
benchmark,837,q3_user_by_login,0.77880000000000005,1,True,
benchmark,838,q3_user_by_login,0.71279999999999999,1,True,
benchmark,839,q3_user_by_login,0.67049999999999998,1,True,
benchmark,840,q3_user_by_login,0.65669999999999995,1,True,
benchmark,841,q3_user_by_login,1.1438999999999999,1,True,
benchmark,842,q3_user_by_login,0.73799999999999999,1,True,
benchmark,843,q3_user_by_login,0.77749999999999997,1,True,
benchmark,844,q3_user_by_login,0.67059999999999997,1,True,
benchmark,845,q3_user_by_login,0.65259999999999996,1,True,
benchmark,846,q3_user_by_login,0.64400000000000002,1,True,
benchmark,847,q3_user_by_login,0.65029999999999999,1,True,
benchmark,848,q3_user_by_login,0.66080000000000005,1,True,
benchmark,849,q3_user_by_login,0.64670000000000005,1,True,
benchmark,850,q3_user_by_login,0.66090000000000004,1,True,
benchmark,851,q3_user_by_login,0.66849999999999998,1,True,
benchmark,852,q3_user_by_login,0.66269999999999996,1,True,
benchmark,853,q3_user_by_login,0.65600000000000003,1,True,
benchmark,854,q3_user_by_login,0.68200000000000005,1,True,
benchmark,855,q3_user_by_login,0.69010000000000005,1,True,
benchmark,856,q3_user_by_login,0.66290000000000004,1,True,
benchmark,857,q3_user_by_login,0.65559999999999996,1,True,
benchmark,858,q3_user_by_login,0.65910000000000002,1,True,
benchmark,859,q3_user_by_login,0.67689999999999995,1,True,
benchmark,860,q3_user_by_login,0.67200000000000004,1,True,
benchmark,861,q3_user_by_login,0.72209999999999996,1,True,
benchmark,862,q3_user_by_login,0.71199999999999997,1,True,
benchmark,863,q3_user_by_login,0.68269999999999997,1,True,
benchmark,864,q3_user_by_login,0.75439999999999996,1,True,
benchmark,865,q3_user_by_login,0.71079999999999999,1,True,
benchmark,866,q3_user_by_login,0.69969999999999999,1,True,
benchmark,867,q3_user_by_login,0.67100000000000004,1,True,
benchmark,868,q3_user_by_login,0.66490000000000005,1,True,
benchmark,869,q3_user_by_login,0.66510000000000002,1,True,
benchmark,870,q3_user_by_login,0.7944,1,True,
benchmark,871,q3_user_by_login,0.7107,1,True,
benchmark,872,q3_user_by_login,0.65780000000000005,1,True,
benchmark,873,q3_user_by_login,0.6583,1,True,
benchmark,874,q3_user_by_login,0.66059999999999997,1,True,
benchmark,875,q3_user_by_login,0.65720000000000001,1,True,
benchmark,876,q3_user_by_login,2.4990999999999999,1,True,
benchmark,877,q3_user_by_login,1.1464000000000001,1,True,
benchmark,878,q3_user_by_login,0.90739999999999998,1,True,
benchmark,879,q3_user_by_login,0.76229999999999998,1,True,
benchmark,880,q3_user_by_login,0.78600000000000003,1,True,
benchmark,881,q3_user_by_login,1.0606,1,True,
benchmark,882,q3_user_by_login,0.84309999999999996,1,True,
benchmark,883,q3_user_by_login,0.73060000000000003,1,True,
benchmark,884,q3_user_by_login,0.72970000000000002,1,True,
benchmark,885,q3_user_by_login,1.0597000000000001,1,True,
benchmark,886,q3_user_by_login,0.64459999999999995,1,True,
benchmark,887,q3_user_by_login,0.72840000000000005,1,True,
benchmark,888,q3_user_by_login,0.70279999999999998,1,True,
benchmark,889,q3_user_by_login,0.76770000000000005,1,True,
benchmark,890,q3_user_by_login,0.76280000000000003,1,True,
benchmark,891,q3_user_by_login,0.77929999999999999,1,True,
benchmark,892,q3_user_by_login,0.82809999999999995,1,True,
benchmark,893,q3_user_by_login,0.77980000000000005,1,True,
benchmark,894,q3_user_by_login,0.78069999999999995,1,True,
benchmark,895,q3_user_by_login,0.66990000000000005,1,True,
benchmark,896,q3_user_by_login,0.65349999999999997,1,True,
benchmark,897,q3_user_by_login,0.66459999999999997,1,True,
benchmark,898,q3_user_by_login,0.65559999999999996,1,True,
benchmark,899,q3_user_by_login,0.66469999999999996,1,True,
benchmark,900,q3_user_by_login,0.66930000000000001,1,True,
benchmark,901,q3_user_by_login,1.4581,1,True,
benchmark,902,q3_user_by_login,1.2875000000000001,1,True,
benchmark,903,q3_user_by_login,1.2727999999999999,1,True,
benchmark,904,q3_user_by_login,1.0539000000000001,1,True,
benchmark,905,q3_user_by_login,0.89200000000000002,1,True,
benchmark,906,q3_user_by_login,0.67430000000000001,1,True,
benchmark,907,q3_user_by_login,0.66559999999999997,1,True,
benchmark,908,q3_user_by_login,0.66749999999999998,1,True,
benchmark,909,q3_user_by_login,0.68400000000000005,1,True,
benchmark,910,q3_user_by_login,0.71730000000000005,1,True,
benchmark,911,q3_user_by_login,0.8901,1,True,
benchmark,912,q3_user_by_login,0.78769999999999996,1,True,
benchmark,913,q3_user_by_login,0.67889999999999995,1,True,
benchmark,914,q3_user_by_login,0.65769999999999995,1,True,
benchmark,915,q3_user_by_login,0.70889999999999997,1,True,
benchmark,916,q3_user_by_login,0.67679999999999996,1,True,
benchmark,917,q3_user_by_login,0.66449999999999998,1,True,
benchmark,918,q3_user_by_login,0.66149999999999998,1,True,
benchmark,919,q3_user_by_login,0.66949999999999998,1,True,
benchmark,920,q3_user_by_login,0.66500000000000004,1,True,
benchmark,921,q3_user_by_login,0.66190000000000004,1,True,
benchmark,922,q3_user_by_login,0.66400000000000003,1,True,
benchmark,923,q3_user_by_login,0.65859999999999996,1,True,
benchmark,924,q3_user_by_login,0.76539999999999997,1,True,
benchmark,925,q3_user_by_login,0.73250000000000004,1,True,
benchmark,926,q3_user_by_login,0.76739999999999997,1,True,
benchmark,927,q3_user_by_login,0.7016,1,True,
benchmark,928,q3_user_by_login,0.66549999999999998,1,True,
benchmark,929,q3_user_by_login,0.98250000000000004,1,True,
benchmark,930,q3_user_by_login,0.67949999999999999,1,True,
benchmark,931,q3_user_by_login,0.67949999999999999,1,True,
benchmark,932,q3_user_by_login,0.67920000000000003,1,True,
benchmark,933,q3_user_by_login,0.68820000000000003,1,True,
benchmark,934,q3_user_by_login,0.66459999999999997,1,True,
benchmark,935,q3_user_by_login,0.67290000000000005,1,True,
benchmark,936,q3_user_by_login,0.67020000000000002,1,True,
benchmark,937,q3_user_by_login,0.67600000000000005,1,True,
benchmark,938,q3_user_by_login,0.65820000000000001,1,True,
benchmark,939,q3_user_by_login,0.64739999999999998,1,True,
benchmark,940,q3_user_by_login,0.6643,1,True,
benchmark,941,q3_user_by_login,0.75960000000000005,1,True,
benchmark,942,q3_user_by_login,0.69379999999999997,1,True,
benchmark,943,q3_user_by_login,0.65659999999999996,1,True,
benchmark,944,q3_user_by_login,0.67320000000000002,1,True,
benchmark,945,q3_user_by_login,0.66239999999999999,1,True,
benchmark,946,q3_user_by_login,0.66810000000000003,1,True,
benchmark,947,q3_user_by_login,0.6502,1,True,
benchmark,948,q3_user_by_login,0.69220000000000004,1,True,
benchmark,949,q3_user_by_login,0.70009999999999994,1,True,
benchmark,950,q3_user_by_login,0.67930000000000001,1,True,
benchmark,951,q3_user_by_login,0.67769999999999997,1,True,
benchmark,952,q3_user_by_login,0.6623,1,True,
benchmark,953,q3_user_by_login,0.66279999999999994,1,True,
benchmark,954,q3_user_by_login,0.66890000000000005,1,True,
benchmark,955,q3_user_by_login,0.68010000000000004,1,True,
benchmark,956,q3_user_by_login,0.67200000000000004,1,True,
benchmark,957,q3_user_by_login,0.66090000000000004,1,True,
benchmark,958,q3_user_by_login,0.67469999999999997,1,True,
benchmark,959,q3_user_by_login,0.66120000000000001,1,True,
benchmark,960,q3_user_by_login,0.66769999999999996,1,True,
benchmark,961,q3_user_by_login,0.66259999999999997,1,True,
benchmark,962,q3_user_by_login,0.68140000000000001,1,True,
benchmark,963,q3_user_by_login,0.65800000000000003,1,True,
benchmark,964,q3_user_by_login,0.66669999999999996,1,True,
benchmark,965,q3_user_by_login,0.66379999999999995,1,True,
benchmark,966,q3_user_by_login,0.66479999999999995,1,True,
benchmark,967,q3_user_by_login,0.65180000000000005,1,True,
benchmark,968,q3_user_by_login,0.66069999999999995,1,True,
benchmark,969,q3_user_by_login,0.66220000000000001,1,True,
benchmark,970,q3_user_by_login,0.6663,1,True,
benchmark,971,q3_user_by_login,0.78469999999999995,1,True,
benchmark,972,q3_user_by_login,0.68979999999999997,1,True,
benchmark,973,q3_user_by_login,0.73309999999999997,1,True,
benchmark,974,q3_user_by_login,0.78390000000000004,1,True,
benchmark,975,q3_user_by_login,0.71289999999999998,1,True,
benchmark,976,q3_user_by_login,0.75839999999999996,1,True,
benchmark,977,q3_user_by_login,0.7409,1,True,
benchmark,978,q3_user_by_login,0.67490000000000006,1,True,
benchmark,979,q3_user_by_login,0.68540000000000001,1,True,
benchmark,980,q3_user_by_login,0.66259999999999997,1,True,
benchmark,981,q3_user_by_login,0.65869999999999995,1,True,
benchmark,982,q3_user_by_login,0.66539999999999999,1,True,
benchmark,983,q3_user_by_login,0.66839999999999999,1,True,
benchmark,984,q3_user_by_login,0.66110000000000002,1,True,
benchmark,985,q3_user_by_login,0.6744,1,True,
benchmark,986,q3_user_by_login,0.66249999999999998,1,True,
benchmark,987,q3_user_by_login,0.65269999999999995,1,True,
benchmark,988,q3_user_by_login,0.66869999999999996,1,True,
benchmark,989,q3_user_by_login,0.65900000000000003,1,True,
benchmark,990,q3_user_by_login,0.66490000000000005,1,True,
benchmark,991,q3_user_by_login,0.67369999999999997,1,True,
benchmark,992,q3_user_by_login,0.65710000000000002,1,True,
benchmark,993,q3_user_by_login,0.66069999999999995,1,True,
benchmark,994,q3_user_by_login,0.65469999999999995,1,True,
benchmark,995,q3_user_by_login,0.65559999999999996,1,True,
benchmark,996,q3_user_by_login,0.66849999999999998,1,True,
benchmark,997,q3_user_by_login,0.68689999999999996,1,True,
benchmark,998,q3_user_by_login,0.69289999999999996,1,True,
benchmark,999,q3_user_by_login,0.69840000000000002,1,True,
benchmark,1000,q3_user_by_login,0.66579999999999995,1,True,
benchmark,1,q4_sellers_rating,133.54429999999999,100,True,
benchmark,2,q4_sellers_rating,147.22669999999999,100,True,
benchmark,3,q4_sellers_rating,115.4853,100,True,
benchmark,4,q4_sellers_rating,106.87569999999999,100,True,
benchmark,5,q4_sellers_rating,108.98180000000001,100,True,
benchmark,6,q4_sellers_rating,107.38890000000001,100,True,
benchmark,7,q4_sellers_rating,107.04559999999999,100,True,
benchmark,8,q4_sellers_rating,108.3227,100,True,
benchmark,9,q4_sellers_rating,107.0634,100,True,
benchmark,10,q4_sellers_rating,112.1947,100,True,
benchmark,11,q4_sellers_rating,106.45529999999999,100,True,
benchmark,12,q4_sellers_rating,104.794,100,True,
benchmark,13,q4_sellers_rating,105.32899999999999,100,True,
benchmark,14,q4_sellers_rating,106.7702,100,True,
benchmark,15,q4_sellers_rating,103.402,100,True,
benchmark,16,q4_sellers_rating,106.2332,100,True,
benchmark,17,q4_sellers_rating,106.5257,100,True,
benchmark,18,q4_sellers_rating,107.72069999999999,100,True,
benchmark,19,q4_sellers_rating,129.42850000000001,100,True,
benchmark,20,q4_sellers_rating,144.4502,100,True,
benchmark,21,q4_sellers_rating,107.4834,100,True,
benchmark,22,q4_sellers_rating,108.7264,100,True,
benchmark,23,q4_sellers_rating,109.0549,100,True,
benchmark,24,q4_sellers_rating,106.4406,100,True,
benchmark,25,q4_sellers_rating,106.68040000000001,100,True,
benchmark,26,q4_sellers_rating,109.6857,100,True,
benchmark,27,q4_sellers_rating,107.1682,100,True,
benchmark,28,q4_sellers_rating,106.72450000000001,100,True,
benchmark,29,q4_sellers_rating,108.2174,100,True,
benchmark,30,q4_sellers_rating,106.926,100,True,
benchmark,31,q4_sellers_rating,107.6241,100,True,
benchmark,32,q4_sellers_rating,106.9576,100,True,
benchmark,33,q4_sellers_rating,106.6009,100,True,
benchmark,34,q4_sellers_rating,105.80329999999999,100,True,
benchmark,35,q4_sellers_rating,107.18170000000001,100,True,
benchmark,36,q4_sellers_rating,111.834,100,True,
benchmark,37,q4_sellers_rating,107.4676,100,True,
benchmark,38,q4_sellers_rating,109.628,100,True,
benchmark,39,q4_sellers_rating,108.4071,100,True,
benchmark,40,q4_sellers_rating,107.1082,100,True,
benchmark,41,q4_sellers_rating,107.8276,100,True,
benchmark,42,q4_sellers_rating,111.7167,100,True,
benchmark,43,q4_sellers_rating,112.7449,100,True,
benchmark,44,q4_sellers_rating,104.1388,100,True,
benchmark,45,q4_sellers_rating,108.5068,100,True,
benchmark,46,q4_sellers_rating,106.81,100,True,
benchmark,47,q4_sellers_rating,109.4705,100,True,
benchmark,48,q4_sellers_rating,106.6523,100,True,
benchmark,49,q4_sellers_rating,105.0253,100,True,
benchmark,50,q4_sellers_rating,108.1371,100,True,
benchmark,51,q4_sellers_rating,108.5565,100,True,
benchmark,52,q4_sellers_rating,125.6832,100,True,
benchmark,53,q4_sellers_rating,121.9034,100,True,
benchmark,54,q4_sellers_rating,122.813,100,True,
benchmark,55,q4_sellers_rating,109.8246,100,True,
benchmark,56,q4_sellers_rating,108.10599999999999,100,True,
benchmark,57,q4_sellers_rating,109.9175,100,True,
benchmark,58,q4_sellers_rating,106.80889999999999,100,True,
benchmark,59,q4_sellers_rating,103.9982,100,True,
benchmark,60,q4_sellers_rating,103.7141,100,True,
benchmark,61,q4_sellers_rating,104.4509,100,True,
benchmark,62,q4_sellers_rating,108.0145,100,True,
benchmark,63,q4_sellers_rating,104.57340000000001,100,True,
benchmark,64,q4_sellers_rating,111.9597,100,True,
benchmark,65,q4_sellers_rating,109.081,100,True,
benchmark,66,q4_sellers_rating,113.9316,100,True,
benchmark,67,q4_sellers_rating,106.8271,100,True,
benchmark,68,q4_sellers_rating,107.5829,100,True,
benchmark,69,q4_sellers_rating,111.1974,100,True,
benchmark,70,q4_sellers_rating,113.5763,100,True,
benchmark,71,q4_sellers_rating,109.43300000000001,100,True,
benchmark,72,q4_sellers_rating,106.51690000000001,100,True,
benchmark,73,q4_sellers_rating,107.1534,100,True,
benchmark,74,q4_sellers_rating,107.9096,100,True,
benchmark,75,q4_sellers_rating,120.721,100,True,
benchmark,76,q4_sellers_rating,107.6097,100,True,
benchmark,77,q4_sellers_rating,106.73,100,True,
benchmark,78,q4_sellers_rating,107.3473,100,True,
benchmark,79,q4_sellers_rating,109.65049999999999,100,True,
benchmark,80,q4_sellers_rating,108.4388,100,True,
benchmark,81,q4_sellers_rating,106.4679,100,True,
benchmark,82,q4_sellers_rating,105.04810000000001,100,True,
benchmark,83,q4_sellers_rating,114.45099999999999,100,True,
benchmark,84,q4_sellers_rating,107.9509,100,True,
benchmark,85,q4_sellers_rating,107.85639999999999,100,True,
benchmark,86,q4_sellers_rating,107.5433,100,True,
benchmark,87,q4_sellers_rating,106.6206,100,True,
benchmark,88,q4_sellers_rating,113.65009999999999,100,True,
benchmark,89,q4_sellers_rating,122.8343,100,True,
benchmark,90,q4_sellers_rating,115.48269999999999,100,True,
benchmark,91,q4_sellers_rating,124.6771,100,True,
benchmark,92,q4_sellers_rating,112.7901,100,True,
benchmark,93,q4_sellers_rating,161.01679999999999,100,True,
benchmark,94,q4_sellers_rating,110.66160000000001,100,True,
benchmark,95,q4_sellers_rating,109.1634,100,True,
benchmark,96,q4_sellers_rating,107.7389,100,True,
benchmark,97,q4_sellers_rating,109.3004,100,True,
benchmark,98,q4_sellers_rating,107.34350000000001,100,True,
benchmark,99,q4_sellers_rating,109.8293,100,True,
benchmark,100,q4_sellers_rating,109.9349,100,True,
benchmark,101,q4_sellers_rating,116.17919999999999,100,True,
benchmark,102,q4_sellers_rating,107.0641,100,True,
benchmark,103,q4_sellers_rating,110.04349999999999,100,True,
benchmark,104,q4_sellers_rating,107.3205,100,True,
benchmark,105,q4_sellers_rating,107.36490000000001,100,True,
benchmark,106,q4_sellers_rating,106.8462,100,True,
benchmark,107,q4_sellers_rating,106.5744,100,True,
benchmark,108,q4_sellers_rating,106.1601,100,True,
benchmark,109,q4_sellers_rating,134.86000000000001,100,True,
benchmark,110,q4_sellers_rating,123.66379999999999,100,True,
benchmark,111,q4_sellers_rating,105.4729,100,True,
benchmark,112,q4_sellers_rating,108.4306,100,True,
benchmark,113,q4_sellers_rating,107.09480000000001,100,True,
benchmark,114,q4_sellers_rating,107.1944,100,True,
benchmark,115,q4_sellers_rating,121.44759999999999,100,True,
benchmark,116,q4_sellers_rating,109.1797,100,True,
benchmark,117,q4_sellers_rating,107.8028,100,True,
benchmark,118,q4_sellers_rating,106.87860000000001,100,True,
benchmark,119,q4_sellers_rating,113.86499999999999,100,True,
benchmark,120,q4_sellers_rating,107.6641,100,True,
benchmark,121,q4_sellers_rating,107.0151,100,True,
benchmark,122,q4_sellers_rating,112.1613,100,True,
benchmark,123,q4_sellers_rating,106.6335,100,True,
benchmark,124,q4_sellers_rating,107.0491,100,True,
benchmark,125,q4_sellers_rating,149.41919999999999,100,True,
benchmark,126,q4_sellers_rating,109.0834,100,True,
benchmark,127,q4_sellers_rating,112.11920000000001,100,True,
benchmark,128,q4_sellers_rating,107.48690000000001,100,True,
benchmark,129,q4_sellers_rating,107.6083,100,True,
benchmark,130,q4_sellers_rating,106.8719,100,True,
benchmark,131,q4_sellers_rating,109.6414,100,True,
benchmark,132,q4_sellers_rating,112.339,100,True,
benchmark,133,q4_sellers_rating,107.04600000000001,100,True,
benchmark,134,q4_sellers_rating,111.8831,100,True,
benchmark,135,q4_sellers_rating,110.1163,100,True,
benchmark,136,q4_sellers_rating,107.2577,100,True,
benchmark,137,q4_sellers_rating,114.01000000000001,100,True,
benchmark,138,q4_sellers_rating,103.4534,100,True,
benchmark,139,q4_sellers_rating,111.1803,100,True,
benchmark,140,q4_sellers_rating,108.7495,100,True,
benchmark,141,q4_sellers_rating,151.2775,100,True,
benchmark,142,q4_sellers_rating,138.3287,100,True,
benchmark,143,q4_sellers_rating,113.5865,100,True,
benchmark,144,q4_sellers_rating,128.88800000000001,100,True,
benchmark,145,q4_sellers_rating,137.32390000000001,100,True,
benchmark,146,q4_sellers_rating,131.36770000000001,100,True,
benchmark,147,q4_sellers_rating,119.3194,100,True,
benchmark,148,q4_sellers_rating,165.49250000000001,100,True,
benchmark,149,q4_sellers_rating,117.3232,100,True,
benchmark,150,q4_sellers_rating,107.1366,100,True,
benchmark,151,q4_sellers_rating,107.4422,100,True,
benchmark,152,q4_sellers_rating,115.6474,100,True,
benchmark,153,q4_sellers_rating,111.98520000000001,100,True,
benchmark,154,q4_sellers_rating,106.8711,100,True,
benchmark,155,q4_sellers_rating,107.49590000000001,100,True,
benchmark,156,q4_sellers_rating,103.7296,100,True,
benchmark,157,q4_sellers_rating,108.68600000000001,100,True,
benchmark,158,q4_sellers_rating,103.8459,100,True,
benchmark,159,q4_sellers_rating,107.13800000000001,100,True,
benchmark,160,q4_sellers_rating,109.20869999999999,100,True,
benchmark,161,q4_sellers_rating,108.5898,100,True,
benchmark,162,q4_sellers_rating,111.55419999999999,100,True,
benchmark,163,q4_sellers_rating,110.2636,100,True,
benchmark,164,q4_sellers_rating,106.221,100,True,
benchmark,165,q4_sellers_rating,103.52970000000001,100,True,
benchmark,166,q4_sellers_rating,105.17059999999999,100,True,
benchmark,167,q4_sellers_rating,109.965,100,True,
benchmark,168,q4_sellers_rating,106.6951,100,True,
benchmark,169,q4_sellers_rating,109.1324,100,True,
benchmark,170,q4_sellers_rating,107.3537,100,True,
benchmark,171,q4_sellers_rating,110.7109,100,True,
benchmark,172,q4_sellers_rating,114.92019999999999,100,True,
benchmark,173,q4_sellers_rating,104.9083,100,True,
benchmark,174,q4_sellers_rating,108.8993,100,True,
benchmark,175,q4_sellers_rating,104.5348,100,True,
benchmark,176,q4_sellers_rating,113.44410000000001,100,True,
benchmark,177,q4_sellers_rating,111.62949999999999,100,True,
benchmark,178,q4_sellers_rating,109.2159,100,True,
benchmark,179,q4_sellers_rating,129.3511,100,True,
benchmark,180,q4_sellers_rating,111.88549999999999,100,True,
benchmark,181,q4_sellers_rating,146.7859,100,True,
benchmark,182,q4_sellers_rating,106.7098,100,True,
benchmark,183,q4_sellers_rating,106.6447,100,True,
benchmark,184,q4_sellers_rating,108.3998,100,True,
benchmark,185,q4_sellers_rating,107.5665,100,True,
benchmark,186,q4_sellers_rating,107.17310000000001,100,True,
benchmark,187,q4_sellers_rating,105.923,100,True,
benchmark,188,q4_sellers_rating,112.9254,100,True,
benchmark,189,q4_sellers_rating,112.5592,100,True,
benchmark,190,q4_sellers_rating,107.05419999999999,100,True,
benchmark,191,q4_sellers_rating,109.4833,100,True,
benchmark,192,q4_sellers_rating,114.581,100,True,
benchmark,193,q4_sellers_rating,107.1807,100,True,
benchmark,194,q4_sellers_rating,135.9606,100,True,
benchmark,195,q4_sellers_rating,173.9436,100,True,
benchmark,196,q4_sellers_rating,142.2801,100,True,
benchmark,197,q4_sellers_rating,122.21599999999999,100,True,
benchmark,198,q4_sellers_rating,114.35120000000001,100,True,
benchmark,199,q4_sellers_rating,106.09739999999999,100,True,
benchmark,200,q4_sellers_rating,112.8712,100,True,
benchmark,201,q4_sellers_rating,126.8018,100,True,
benchmark,202,q4_sellers_rating,130.6824,100,True,
benchmark,203,q4_sellers_rating,127.9038,100,True,
benchmark,204,q4_sellers_rating,126.3798,100,True,
benchmark,205,q4_sellers_rating,132.36799999999999,100,True,
benchmark,206,q4_sellers_rating,124.5671,100,True,
benchmark,207,q4_sellers_rating,130.7681,100,True,
benchmark,208,q4_sellers_rating,202.65450000000001,100,True,
benchmark,209,q4_sellers_rating,164.0411,100,True,
benchmark,210,q4_sellers_rating,126.6408,100,True,
benchmark,211,q4_sellers_rating,115.26090000000001,100,True,
benchmark,212,q4_sellers_rating,109.5801,100,True,
benchmark,213,q4_sellers_rating,113.7598,100,True,
benchmark,214,q4_sellers_rating,108.3023,100,True,
benchmark,215,q4_sellers_rating,104.6022,100,True,
benchmark,216,q4_sellers_rating,114.79940000000001,100,True,
benchmark,217,q4_sellers_rating,106.1627,100,True,
benchmark,218,q4_sellers_rating,114.1888,100,True,
benchmark,219,q4_sellers_rating,106.8292,100,True,
benchmark,220,q4_sellers_rating,106.5051,100,True,
benchmark,221,q4_sellers_rating,105.7257,100,True,
benchmark,222,q4_sellers_rating,102.6677,100,True,
benchmark,223,q4_sellers_rating,106.2741,100,True,
benchmark,224,q4_sellers_rating,107.0151,100,True,
benchmark,225,q4_sellers_rating,107.66249999999999,100,True,
benchmark,226,q4_sellers_rating,107.8305,100,True,
benchmark,227,q4_sellers_rating,106.9727,100,True,
benchmark,228,q4_sellers_rating,105.73480000000001,100,True,
benchmark,229,q4_sellers_rating,103.98950000000001,100,True,
benchmark,230,q4_sellers_rating,125.53740000000001,100,True,
benchmark,231,q4_sellers_rating,125.0047,100,True,
benchmark,232,q4_sellers_rating,103.83199999999999,100,True,
benchmark,233,q4_sellers_rating,111.4269,100,True,
benchmark,234,q4_sellers_rating,105.9323,100,True,
benchmark,235,q4_sellers_rating,104.8325,100,True,
benchmark,236,q4_sellers_rating,104.95059999999999,100,True,
benchmark,237,q4_sellers_rating,107.6036,100,True,
benchmark,238,q4_sellers_rating,105.4212,100,True,
benchmark,239,q4_sellers_rating,105.72880000000001,100,True,
benchmark,240,q4_sellers_rating,106.20399999999999,100,True,
benchmark,241,q4_sellers_rating,105.9447,100,True,
benchmark,242,q4_sellers_rating,106.6969,100,True,
benchmark,243,q4_sellers_rating,106.7902,100,True,
benchmark,244,q4_sellers_rating,106.31829999999999,100,True,
benchmark,245,q4_sellers_rating,111.9867,100,True,
benchmark,246,q4_sellers_rating,107.9669,100,True,
benchmark,247,q4_sellers_rating,113.2206,100,True,
benchmark,248,q4_sellers_rating,105.801,100,True,
benchmark,249,q4_sellers_rating,107.3595,100,True,
benchmark,250,q4_sellers_rating,111.4748,100,True,
benchmark,251,q4_sellers_rating,105.7809,100,True,
benchmark,252,q4_sellers_rating,108.4277,100,True,
benchmark,253,q4_sellers_rating,106.8536,100,True,
benchmark,254,q4_sellers_rating,109.5228,100,True,
benchmark,255,q4_sellers_rating,114.27249999999999,100,True,
benchmark,256,q4_sellers_rating,107.1194,100,True,
benchmark,257,q4_sellers_rating,107.2638,100,True,
benchmark,258,q4_sellers_rating,104.46080000000001,100,True,
benchmark,259,q4_sellers_rating,110.6878,100,True,
benchmark,260,q4_sellers_rating,110.7624,100,True,
benchmark,261,q4_sellers_rating,114.4192,100,True,
benchmark,262,q4_sellers_rating,115.5466,100,True,
benchmark,263,q4_sellers_rating,128.13929999999999,100,True,
benchmark,264,q4_sellers_rating,117.7432,100,True,
benchmark,265,q4_sellers_rating,143.67420000000001,100,True,
benchmark,266,q4_sellers_rating,108.8766,100,True,
benchmark,267,q4_sellers_rating,109.7448,100,True,
benchmark,268,q4_sellers_rating,110.5116,100,True,
benchmark,269,q4_sellers_rating,106.06310000000001,100,True,
benchmark,270,q4_sellers_rating,106.3116,100,True,
benchmark,271,q4_sellers_rating,105.59220000000001,100,True,
benchmark,272,q4_sellers_rating,120.81480000000001,100,True,
benchmark,273,q4_sellers_rating,108.9477,100,True,
benchmark,274,q4_sellers_rating,107.20399999999999,100,True,
benchmark,275,q4_sellers_rating,107.74169999999999,100,True,
benchmark,276,q4_sellers_rating,107.8125,100,True,
benchmark,277,q4_sellers_rating,106.6584,100,True,
benchmark,278,q4_sellers_rating,107.05800000000001,100,True,
benchmark,279,q4_sellers_rating,105.36199999999999,100,True,
benchmark,280,q4_sellers_rating,112.58199999999999,100,True,
benchmark,281,q4_sellers_rating,150.72219999999999,100,True,
benchmark,282,q4_sellers_rating,113.7458,100,True,
benchmark,283,q4_sellers_rating,107.4021,100,True,
benchmark,284,q4_sellers_rating,104.56789999999999,100,True,
benchmark,285,q4_sellers_rating,107.5094,100,True,
benchmark,286,q4_sellers_rating,118.1427,100,True,
benchmark,287,q4_sellers_rating,116.5115,100,True,
benchmark,288,q4_sellers_rating,105.95180000000001,100,True,
benchmark,289,q4_sellers_rating,110.97369999999999,100,True,
benchmark,290,q4_sellers_rating,106.67019999999999,100,True,
benchmark,291,q4_sellers_rating,109.87430000000001,100,True,
benchmark,292,q4_sellers_rating,106.6044,100,True,
benchmark,293,q4_sellers_rating,106.0692,100,True,
benchmark,294,q4_sellers_rating,106.1484,100,True,
benchmark,295,q4_sellers_rating,107.5444,100,True,
benchmark,296,q4_sellers_rating,107.26260000000001,100,True,
benchmark,297,q4_sellers_rating,106.5714,100,True,
benchmark,298,q4_sellers_rating,106.9066,100,True,
benchmark,299,q4_sellers_rating,108.64879999999999,100,True,
benchmark,300,q4_sellers_rating,119.9567,100,True,
benchmark,301,q4_sellers_rating,110.7371,100,True,
benchmark,302,q4_sellers_rating,107.87009999999999,100,True,
benchmark,303,q4_sellers_rating,107.1156,100,True,
benchmark,304,q4_sellers_rating,109.0168,100,True,
benchmark,305,q4_sellers_rating,109.4892,100,True,
benchmark,306,q4_sellers_rating,115.3831,100,True,
benchmark,307,q4_sellers_rating,106.7347,100,True,
benchmark,308,q4_sellers_rating,107.1399,100,True,
benchmark,309,q4_sellers_rating,106.4716,100,True,
benchmark,310,q4_sellers_rating,108.46939999999999,100,True,
benchmark,311,q4_sellers_rating,106.8188,100,True,
benchmark,312,q4_sellers_rating,106.2461,100,True,
benchmark,313,q4_sellers_rating,106.90730000000001,100,True,
benchmark,314,q4_sellers_rating,105.2236,100,True,
benchmark,315,q4_sellers_rating,109.9988,100,True,
benchmark,316,q4_sellers_rating,106.0548,100,True,
benchmark,317,q4_sellers_rating,109.1319,100,True,
benchmark,318,q4_sellers_rating,105.9426,100,True,
benchmark,319,q4_sellers_rating,109.2718,100,True,
benchmark,320,q4_sellers_rating,106.47320000000001,100,True,
benchmark,321,q4_sellers_rating,105.97110000000001,100,True,
benchmark,322,q4_sellers_rating,109.6837,100,True,
benchmark,323,q4_sellers_rating,106.7942,100,True,
benchmark,324,q4_sellers_rating,111.9336,100,True,
benchmark,325,q4_sellers_rating,106.1558,100,True,
benchmark,326,q4_sellers_rating,106.6627,100,True,
benchmark,327,q4_sellers_rating,108.1516,100,True,
benchmark,328,q4_sellers_rating,107.4136,100,True,
benchmark,329,q4_sellers_rating,106.9277,100,True,
benchmark,330,q4_sellers_rating,106.6563,100,True,
benchmark,331,q4_sellers_rating,108.0257,100,True,
benchmark,332,q4_sellers_rating,108.15349999999999,100,True,
benchmark,333,q4_sellers_rating,108.7795,100,True,
benchmark,334,q4_sellers_rating,117.9284,100,True,
benchmark,335,q4_sellers_rating,106.37009999999999,100,True,
benchmark,336,q4_sellers_rating,106.4387,100,True,
benchmark,337,q4_sellers_rating,109.1052,100,True,
benchmark,338,q4_sellers_rating,105.1045,100,True,
benchmark,339,q4_sellers_rating,109.1815,100,True,
benchmark,340,q4_sellers_rating,106.08839999999999,100,True,
benchmark,341,q4_sellers_rating,107.0684,100,True,
benchmark,342,q4_sellers_rating,108.6551,100,True,
benchmark,343,q4_sellers_rating,112.809,100,True,
benchmark,344,q4_sellers_rating,108.9551,100,True,
benchmark,345,q4_sellers_rating,106.4011,100,True,
benchmark,346,q4_sellers_rating,108.3652,100,True,
benchmark,347,q4_sellers_rating,116.0454,100,True,
benchmark,348,q4_sellers_rating,110.7651,100,True,
benchmark,349,q4_sellers_rating,112.0163,100,True,
benchmark,350,q4_sellers_rating,133.6883,100,True,
benchmark,351,q4_sellers_rating,125.9213,100,True,
benchmark,352,q4_sellers_rating,166.054,100,True,
benchmark,353,q4_sellers_rating,128.2799,100,True,
benchmark,354,q4_sellers_rating,116.30880000000001,100,True,
benchmark,355,q4_sellers_rating,105.47799999999999,100,True,
benchmark,356,q4_sellers_rating,103.5077,100,True,
benchmark,357,q4_sellers_rating,112.8009,100,True,
benchmark,358,q4_sellers_rating,106.2723,100,True,
benchmark,359,q4_sellers_rating,113.322,100,True,
benchmark,360,q4_sellers_rating,106.465,100,True,
benchmark,361,q4_sellers_rating,112.81019999999999,100,True,
benchmark,362,q4_sellers_rating,104.69159999999999,100,True,
benchmark,363,q4_sellers_rating,102.6653,100,True,
benchmark,364,q4_sellers_rating,103.12730000000001,100,True,
benchmark,365,q4_sellers_rating,105.3707,100,True,
benchmark,366,q4_sellers_rating,105.84520000000001,100,True,
benchmark,367,q4_sellers_rating,105.5013,100,True,
benchmark,368,q4_sellers_rating,118.0971,100,True,
benchmark,369,q4_sellers_rating,141.8348,100,True,
benchmark,370,q4_sellers_rating,103.2967,100,True,
benchmark,371,q4_sellers_rating,152.4119,100,True,
benchmark,372,q4_sellers_rating,130.17169999999999,100,True,
benchmark,373,q4_sellers_rating,123.57599999999999,100,True,
benchmark,374,q4_sellers_rating,108.51739999999999,100,True,
benchmark,375,q4_sellers_rating,108.32550000000001,100,True,
benchmark,376,q4_sellers_rating,106.9914,100,True,
benchmark,377,q4_sellers_rating,112.12560000000001,100,True,
benchmark,378,q4_sellers_rating,105.72839999999999,100,True,
benchmark,379,q4_sellers_rating,106.6262,100,True,
benchmark,380,q4_sellers_rating,109.1494,100,True,
benchmark,381,q4_sellers_rating,106.7736,100,True,
benchmark,382,q4_sellers_rating,107.63500000000001,100,True,
benchmark,383,q4_sellers_rating,107.9268,100,True,
benchmark,384,q4_sellers_rating,106.197,100,True,
benchmark,385,q4_sellers_rating,112.893,100,True,
benchmark,386,q4_sellers_rating,103.2979,100,True,
benchmark,387,q4_sellers_rating,109.9276,100,True,
benchmark,388,q4_sellers_rating,106.4472,100,True,
benchmark,389,q4_sellers_rating,107.37569999999999,100,True,
benchmark,390,q4_sellers_rating,104.2107,100,True,
benchmark,391,q4_sellers_rating,115.8573,100,True,
benchmark,392,q4_sellers_rating,107.748,100,True,
benchmark,393,q4_sellers_rating,107.0429,100,True,
benchmark,394,q4_sellers_rating,114.7773,100,True,
benchmark,395,q4_sellers_rating,106.11,100,True,
benchmark,396,q4_sellers_rating,108.3839,100,True,
benchmark,397,q4_sellers_rating,105.84990000000001,100,True,
benchmark,398,q4_sellers_rating,116.3789,100,True,
benchmark,399,q4_sellers_rating,111.0943,100,True,
benchmark,400,q4_sellers_rating,106.66670000000001,100,True,
benchmark,401,q4_sellers_rating,113.4503,100,True,
benchmark,402,q4_sellers_rating,115.8306,100,True,
benchmark,403,q4_sellers_rating,111.60639999999999,100,True,
benchmark,404,q4_sellers_rating,107.3352,100,True,
benchmark,405,q4_sellers_rating,107.1189,100,True,
benchmark,406,q4_sellers_rating,112.7775,100,True,
benchmark,407,q4_sellers_rating,120.4271,100,True,
benchmark,408,q4_sellers_rating,111.3215,100,True,
benchmark,409,q4_sellers_rating,115.7953,100,True,
benchmark,410,q4_sellers_rating,110.76309999999999,100,True,
benchmark,411,q4_sellers_rating,104.6267,100,True,
benchmark,412,q4_sellers_rating,106.6895,100,True,
benchmark,413,q4_sellers_rating,112.7388,100,True,
benchmark,414,q4_sellers_rating,117.4349,100,True,
benchmark,415,q4_sellers_rating,115.9509,100,True,
benchmark,416,q4_sellers_rating,108.1267,100,True,
benchmark,417,q4_sellers_rating,107.4105,100,True,
benchmark,418,q4_sellers_rating,106.51349999999999,100,True,
benchmark,419,q4_sellers_rating,111.9032,100,True,
benchmark,420,q4_sellers_rating,108.03319999999999,100,True,
benchmark,421,q4_sellers_rating,109.2967,100,True,
benchmark,422,q4_sellers_rating,106.9682,100,True,
benchmark,423,q4_sellers_rating,107.86409999999999,100,True,
benchmark,424,q4_sellers_rating,110.05670000000001,100,True,
benchmark,425,q4_sellers_rating,116.6927,100,True,
benchmark,426,q4_sellers_rating,108.86199999999999,100,True,
benchmark,427,q4_sellers_rating,113.3081,100,True,
benchmark,428,q4_sellers_rating,117.2285,100,True,
benchmark,429,q4_sellers_rating,115.02,100,True,
benchmark,430,q4_sellers_rating,114.2753,100,True,
benchmark,431,q4_sellers_rating,114.0496,100,True,
benchmark,432,q4_sellers_rating,118.6651,100,True,
benchmark,433,q4_sellers_rating,111.574,100,True,
benchmark,434,q4_sellers_rating,116.23,100,True,
benchmark,435,q4_sellers_rating,124.2852,100,True,
benchmark,436,q4_sellers_rating,126.4683,100,True,
benchmark,437,q4_sellers_rating,133.10980000000001,100,True,
benchmark,438,q4_sellers_rating,130.49430000000001,100,True,
benchmark,439,q4_sellers_rating,107.334,100,True,
benchmark,440,q4_sellers_rating,107.5913,100,True,
benchmark,441,q4_sellers_rating,108.4263,100,True,
benchmark,442,q4_sellers_rating,107.49809999999999,100,True,
benchmark,443,q4_sellers_rating,106.4211,100,True,
benchmark,444,q4_sellers_rating,107.14700000000001,100,True,
benchmark,445,q4_sellers_rating,115.55719999999999,100,True,
benchmark,446,q4_sellers_rating,106.8349,100,True,
benchmark,447,q4_sellers_rating,106.2071,100,True,
benchmark,448,q4_sellers_rating,106.4212,100,True,
benchmark,449,q4_sellers_rating,106.3673,100,True,
benchmark,450,q4_sellers_rating,105.8509,100,True,
benchmark,451,q4_sellers_rating,110.7513,100,True,
benchmark,452,q4_sellers_rating,108.1631,100,True,
benchmark,453,q4_sellers_rating,106.8728,100,True,
benchmark,454,q4_sellers_rating,141.12549999999999,100,True,
benchmark,455,q4_sellers_rating,112.5686,100,True,
benchmark,456,q4_sellers_rating,107.4451,100,True,
benchmark,457,q4_sellers_rating,109.1836,100,True,
benchmark,458,q4_sellers_rating,105.8302,100,True,
benchmark,459,q4_sellers_rating,105.7379,100,True,
benchmark,460,q4_sellers_rating,122.5942,100,True,
benchmark,461,q4_sellers_rating,109.78619999999999,100,True,
benchmark,462,q4_sellers_rating,107.84650000000001,100,True,
benchmark,463,q4_sellers_rating,106.9187,100,True,
benchmark,464,q4_sellers_rating,105.1324,100,True,
benchmark,465,q4_sellers_rating,125.7406,100,True,
benchmark,466,q4_sellers_rating,106.3296,100,True,
benchmark,467,q4_sellers_rating,107.041,100,True,
benchmark,468,q4_sellers_rating,107.20140000000001,100,True,
benchmark,469,q4_sellers_rating,108.0241,100,True,
benchmark,470,q4_sellers_rating,106.71559999999999,100,True,
benchmark,471,q4_sellers_rating,111.1446,100,True,
benchmark,472,q4_sellers_rating,108.30419999999999,100,True,
benchmark,473,q4_sellers_rating,113.5535,100,True,
benchmark,474,q4_sellers_rating,107.2197,100,True,
benchmark,475,q4_sellers_rating,105.4372,100,True,
benchmark,476,q4_sellers_rating,105.6687,100,True,
benchmark,477,q4_sellers_rating,141.64709999999999,100,True,
benchmark,478,q4_sellers_rating,112.119,100,True,
benchmark,479,q4_sellers_rating,112.5356,100,True,
benchmark,480,q4_sellers_rating,108.6455,100,True,
benchmark,481,q4_sellers_rating,109.37269999999999,100,True,
benchmark,482,q4_sellers_rating,111.8335,100,True,
benchmark,483,q4_sellers_rating,106.85980000000001,100,True,
benchmark,484,q4_sellers_rating,107.2248,100,True,
benchmark,485,q4_sellers_rating,107.072,100,True,
benchmark,486,q4_sellers_rating,108.0063,100,True,
benchmark,487,q4_sellers_rating,106.06140000000001,100,True,
benchmark,488,q4_sellers_rating,103.73350000000001,100,True,
benchmark,489,q4_sellers_rating,104.9387,100,True,
benchmark,490,q4_sellers_rating,104.7593,100,True,
benchmark,491,q4_sellers_rating,106.6584,100,True,
benchmark,492,q4_sellers_rating,105.87779999999999,100,True,
benchmark,493,q4_sellers_rating,107.1729,100,True,
benchmark,494,q4_sellers_rating,106.9289,100,True,
benchmark,495,q4_sellers_rating,105.6865,100,True,
benchmark,496,q4_sellers_rating,107.87820000000001,100,True,
benchmark,497,q4_sellers_rating,106.28449999999999,100,True,
benchmark,498,q4_sellers_rating,108.9961,100,True,
benchmark,499,q4_sellers_rating,108.5415,100,True,
benchmark,500,q4_sellers_rating,109.97369999999999,100,True,
benchmark,501,q4_sellers_rating,113.34310000000001,100,True,
benchmark,502,q4_sellers_rating,112.52670000000001,100,True,
benchmark,503,q4_sellers_rating,105.81780000000001,100,True,
benchmark,504,q4_sellers_rating,104.658,100,True,
benchmark,505,q4_sellers_rating,106.8002,100,True,
benchmark,506,q4_sellers_rating,111.24460000000001,100,True,
benchmark,507,q4_sellers_rating,109.03449999999999,100,True,
benchmark,508,q4_sellers_rating,108.28919999999999,100,True,
benchmark,509,q4_sellers_rating,112.2058,100,True,
benchmark,510,q4_sellers_rating,106.5397,100,True,
benchmark,511,q4_sellers_rating,106.5206,100,True,
benchmark,512,q4_sellers_rating,109.3776,100,True,
benchmark,513,q4_sellers_rating,107.6069,100,True,
benchmark,514,q4_sellers_rating,109.9799,100,True,
benchmark,515,q4_sellers_rating,107.97020000000001,100,True,
benchmark,516,q4_sellers_rating,108.1011,100,True,
benchmark,517,q4_sellers_rating,108.754,100,True,
benchmark,518,q4_sellers_rating,106.80719999999999,100,True,
benchmark,519,q4_sellers_rating,113.7094,100,True,
benchmark,520,q4_sellers_rating,110.86,100,True,
benchmark,521,q4_sellers_rating,118.5095,100,True,
benchmark,522,q4_sellers_rating,115.8552,100,True,
benchmark,523,q4_sellers_rating,132.99299999999999,100,True,
benchmark,524,q4_sellers_rating,111.00490000000001,100,True,
benchmark,525,q4_sellers_rating,163.44820000000001,100,True,
benchmark,526,q4_sellers_rating,107.25490000000001,100,True,
benchmark,527,q4_sellers_rating,105.0411,100,True,
benchmark,528,q4_sellers_rating,107.8603,100,True,
benchmark,529,q4_sellers_rating,104.18940000000001,100,True,
benchmark,530,q4_sellers_rating,108.1267,100,True,
benchmark,531,q4_sellers_rating,107.6931,100,True,
benchmark,532,q4_sellers_rating,119.3657,100,True,
benchmark,533,q4_sellers_rating,108.11360000000001,100,True,
benchmark,534,q4_sellers_rating,107.8301,100,True,
benchmark,535,q4_sellers_rating,103.7367,100,True,
benchmark,536,q4_sellers_rating,104.87739999999999,100,True,
benchmark,537,q4_sellers_rating,104.18049999999999,100,True,
benchmark,538,q4_sellers_rating,105.2863,100,True,
benchmark,539,q4_sellers_rating,103.32810000000001,100,True,
benchmark,540,q4_sellers_rating,103.0759,100,True,
benchmark,541,q4_sellers_rating,105.2135,100,True,
benchmark,542,q4_sellers_rating,159.0256,100,True,
benchmark,543,q4_sellers_rating,106.5896,100,True,
benchmark,544,q4_sellers_rating,107.25960000000001,100,True,
benchmark,545,q4_sellers_rating,107.142,100,True,
benchmark,546,q4_sellers_rating,106.23650000000001,100,True,
benchmark,547,q4_sellers_rating,109.7723,100,True,
benchmark,548,q4_sellers_rating,107.4897,100,True,
benchmark,549,q4_sellers_rating,109.16930000000001,100,True,
benchmark,550,q4_sellers_rating,107.508,100,True,
benchmark,551,q4_sellers_rating,107.3884,100,True,
benchmark,552,q4_sellers_rating,108.97620000000001,100,True,
benchmark,553,q4_sellers_rating,107.09569999999999,100,True,
benchmark,554,q4_sellers_rating,108.5433,100,True,
benchmark,555,q4_sellers_rating,106.5848,100,True,
benchmark,556,q4_sellers_rating,103.7473,100,True,
benchmark,557,q4_sellers_rating,105.2578,100,True,
benchmark,558,q4_sellers_rating,108.22620000000001,100,True,
benchmark,559,q4_sellers_rating,115.0245,100,True,
benchmark,560,q4_sellers_rating,107.6519,100,True,
benchmark,561,q4_sellers_rating,108.2499,100,True,
benchmark,562,q4_sellers_rating,105.80289999999999,100,True,
benchmark,563,q4_sellers_rating,107.52079999999999,100,True,
benchmark,564,q4_sellers_rating,115.0341,100,True,
benchmark,565,q4_sellers_rating,107.7902,100,True,
benchmark,566,q4_sellers_rating,105.6568,100,True,
benchmark,567,q4_sellers_rating,108.9808,100,True,
benchmark,568,q4_sellers_rating,108.6592,100,True,
benchmark,569,q4_sellers_rating,113.9901,100,True,
benchmark,570,q4_sellers_rating,108.7011,100,True,
benchmark,571,q4_sellers_rating,110.2551,100,True,
benchmark,572,q4_sellers_rating,106.0128,100,True,
benchmark,573,q4_sellers_rating,104.7843,100,True,
benchmark,574,q4_sellers_rating,104.0603,100,True,
benchmark,575,q4_sellers_rating,105.9426,100,True,
benchmark,576,q4_sellers_rating,108.0536,100,True,
benchmark,577,q4_sellers_rating,106.56740000000001,100,True,
benchmark,578,q4_sellers_rating,107.7998,100,True,
benchmark,579,q4_sellers_rating,106.2512,100,True,
benchmark,580,q4_sellers_rating,102.98260000000001,100,True,
benchmark,581,q4_sellers_rating,105.6645,100,True,
benchmark,582,q4_sellers_rating,106.77630000000001,100,True,
benchmark,583,q4_sellers_rating,110.9876,100,True,
benchmark,584,q4_sellers_rating,107.5698,100,True,
benchmark,585,q4_sellers_rating,105.75190000000001,100,True,
benchmark,586,q4_sellers_rating,107.56,100,True,
benchmark,587,q4_sellers_rating,104.705,100,True,
benchmark,588,q4_sellers_rating,108.996,100,True,
benchmark,589,q4_sellers_rating,106.1327,100,True,
benchmark,590,q4_sellers_rating,107.30159999999999,100,True,
benchmark,591,q4_sellers_rating,111.3623,100,True,
benchmark,592,q4_sellers_rating,106.0398,100,True,
benchmark,593,q4_sellers_rating,110.0017,100,True,
benchmark,594,q4_sellers_rating,106.3533,100,True,
benchmark,595,q4_sellers_rating,107.0711,100,True,
benchmark,596,q4_sellers_rating,106.038,100,True,
benchmark,597,q4_sellers_rating,105.75060000000001,100,True,
benchmark,598,q4_sellers_rating,108.2627,100,True,
benchmark,599,q4_sellers_rating,106.0193,100,True,
benchmark,600,q4_sellers_rating,110.35769999999999,100,True,
benchmark,601,q4_sellers_rating,109.9496,100,True,
benchmark,602,q4_sellers_rating,110.2865,100,True,
benchmark,603,q4_sellers_rating,110.26179999999999,100,True,
benchmark,604,q4_sellers_rating,109.6688,100,True,
benchmark,605,q4_sellers_rating,104.52549999999999,100,True,
benchmark,606,q4_sellers_rating,107.7457,100,True,
benchmark,607,q4_sellers_rating,110.64960000000001,100,True,
benchmark,608,q4_sellers_rating,110.4725,100,True,
benchmark,609,q4_sellers_rating,115.0517,100,True,
benchmark,610,q4_sellers_rating,113.54130000000001,100,True,
benchmark,611,q4_sellers_rating,128.61519999999999,100,True,
benchmark,612,q4_sellers_rating,109.452,100,True,
benchmark,613,q4_sellers_rating,164.26480000000001,100,True,
benchmark,614,q4_sellers_rating,114.7916,100,True,
benchmark,615,q4_sellers_rating,106.5326,100,True,
benchmark,616,q4_sellers_rating,109.29730000000001,100,True,
benchmark,617,q4_sellers_rating,106.3681,100,True,
benchmark,618,q4_sellers_rating,105.5701,100,True,
benchmark,619,q4_sellers_rating,106.4988,100,True,
benchmark,620,q4_sellers_rating,121.9487,100,True,
benchmark,621,q4_sellers_rating,107.9533,100,True,
benchmark,622,q4_sellers_rating,106.7153,100,True,
benchmark,623,q4_sellers_rating,105.91679999999999,100,True,
benchmark,624,q4_sellers_rating,107.0368,100,True,
benchmark,625,q4_sellers_rating,106.85039999999999,100,True,
benchmark,626,q4_sellers_rating,107.1155,100,True,
benchmark,627,q4_sellers_rating,106.51139999999999,100,True,
benchmark,628,q4_sellers_rating,106.11620000000001,100,True,
benchmark,629,q4_sellers_rating,137.7594,100,True,
benchmark,630,q4_sellers_rating,120.42740000000001,100,True,
benchmark,631,q4_sellers_rating,104.0003,100,True,
benchmark,632,q4_sellers_rating,105.81619999999999,100,True,
benchmark,633,q4_sellers_rating,106.4041,100,True,
benchmark,634,q4_sellers_rating,107.0081,100,True,
benchmark,635,q4_sellers_rating,120.0937,100,True,
benchmark,636,q4_sellers_rating,107.3781,100,True,
benchmark,637,q4_sellers_rating,106.35590000000001,100,True,
benchmark,638,q4_sellers_rating,114.37649999999999,100,True,
benchmark,639,q4_sellers_rating,109.67829999999999,100,True,
benchmark,640,q4_sellers_rating,107.07040000000001,100,True,
benchmark,641,q4_sellers_rating,113.2897,100,True,
benchmark,642,q4_sellers_rating,107.1178,100,True,
benchmark,643,q4_sellers_rating,123.38030000000001,100,True,
benchmark,644,q4_sellers_rating,105.976,100,True,
benchmark,645,q4_sellers_rating,166.3038,100,True,
benchmark,646,q4_sellers_rating,111.15770000000001,100,True,
benchmark,647,q4_sellers_rating,106.5018,100,True,
benchmark,648,q4_sellers_rating,108.23050000000001,100,True,
benchmark,649,q4_sellers_rating,115.755,100,True,
benchmark,650,q4_sellers_rating,106.3599,100,True,
benchmark,651,q4_sellers_rating,112.0669,100,True,
benchmark,652,q4_sellers_rating,116.88639999999999,100,True,
benchmark,653,q4_sellers_rating,107.7486,100,True,
benchmark,654,q4_sellers_rating,107.6379,100,True,
benchmark,655,q4_sellers_rating,106.3473,100,True,
benchmark,656,q4_sellers_rating,111.9723,100,True,
benchmark,657,q4_sellers_rating,108.4221,100,True,
benchmark,658,q4_sellers_rating,106.29940000000001,100,True,
benchmark,659,q4_sellers_rating,108.83069999999999,100,True,
benchmark,660,q4_sellers_rating,117.8373,100,True,
benchmark,661,q4_sellers_rating,108.64870000000001,100,True,
benchmark,662,q4_sellers_rating,182.35319999999999,100,True,
benchmark,663,q4_sellers_rating,110.0779,100,True,
benchmark,664,q4_sellers_rating,111.38209999999999,100,True,
benchmark,665,q4_sellers_rating,108.5248,100,True,
benchmark,666,q4_sellers_rating,115.1392,100,True,
benchmark,667,q4_sellers_rating,107.78530000000001,100,True,
benchmark,668,q4_sellers_rating,110.59610000000001,100,True,
benchmark,669,q4_sellers_rating,108.9434,100,True,
benchmark,670,q4_sellers_rating,118.34180000000001,100,True,
benchmark,671,q4_sellers_rating,106.11490000000001,100,True,
benchmark,672,q4_sellers_rating,111.3018,100,True,
benchmark,673,q4_sellers_rating,106.3327,100,True,
benchmark,674,q4_sellers_rating,111.7088,100,True,
benchmark,675,q4_sellers_rating,107.60250000000001,100,True,
benchmark,676,q4_sellers_rating,107.2551,100,True,
benchmark,677,q4_sellers_rating,106.7608,100,True,
benchmark,678,q4_sellers_rating,106.2649,100,True,
benchmark,679,q4_sellers_rating,106.6735,100,True,
benchmark,680,q4_sellers_rating,107.1437,100,True,
benchmark,681,q4_sellers_rating,106.3146,100,True,
benchmark,682,q4_sellers_rating,106.73869999999999,100,True,
benchmark,683,q4_sellers_rating,106.9481,100,True,
benchmark,684,q4_sellers_rating,106.62390000000001,100,True,
benchmark,685,q4_sellers_rating,107.84529999999999,100,True,
benchmark,686,q4_sellers_rating,107.389,100,True,
benchmark,687,q4_sellers_rating,108.9761,100,True,
benchmark,688,q4_sellers_rating,107.0504,100,True,
benchmark,689,q4_sellers_rating,107.59999999999999,100,True,
benchmark,690,q4_sellers_rating,106.7834,100,True,
benchmark,691,q4_sellers_rating,105.10250000000001,100,True,
benchmark,692,q4_sellers_rating,106.7854,100,True,
benchmark,693,q4_sellers_rating,106.14109999999999,100,True,
benchmark,694,q4_sellers_rating,109.4961,100,True,
benchmark,695,q4_sellers_rating,106.5573,100,True,
benchmark,696,q4_sellers_rating,127.0046,100,True,
benchmark,697,q4_sellers_rating,118.8065,100,True,
benchmark,698,q4_sellers_rating,115.54730000000001,100,True,
benchmark,699,q4_sellers_rating,115.5954,100,True,
benchmark,700,q4_sellers_rating,131.23500000000001,100,True,
benchmark,701,q4_sellers_rating,125.8319,100,True,
benchmark,702,q4_sellers_rating,146.31399999999999,100,True,
benchmark,703,q4_sellers_rating,106.9462,100,True,
benchmark,704,q4_sellers_rating,109.37649999999999,100,True,
benchmark,705,q4_sellers_rating,105.6593,100,True,
benchmark,706,q4_sellers_rating,106.93340000000001,100,True,
benchmark,707,q4_sellers_rating,110.8235,100,True,
benchmark,708,q4_sellers_rating,105.7761,100,True,
benchmark,709,q4_sellers_rating,120.289,100,True,
benchmark,710,q4_sellers_rating,107.07769999999999,100,True,
benchmark,711,q4_sellers_rating,107.071,100,True,
benchmark,712,q4_sellers_rating,106.99379999999999,100,True,
benchmark,713,q4_sellers_rating,107.9941,100,True,
benchmark,714,q4_sellers_rating,107.455,100,True,
benchmark,715,q4_sellers_rating,107.19710000000001,100,True,
benchmark,716,q4_sellers_rating,107.4344,100,True,
benchmark,717,q4_sellers_rating,107.6931,100,True,
benchmark,718,q4_sellers_rating,139.43700000000001,100,True,
benchmark,719,q4_sellers_rating,110.1009,100,True,
benchmark,720,q4_sellers_rating,107.3961,100,True,
benchmark,721,q4_sellers_rating,111.0003,100,True,
benchmark,722,q4_sellers_rating,106.41589999999999,100,True,
benchmark,723,q4_sellers_rating,106.9139,100,True,
benchmark,724,q4_sellers_rating,106.1117,100,True,
benchmark,725,q4_sellers_rating,112.2615,100,True,
benchmark,726,q4_sellers_rating,104.23260000000001,100,True,
benchmark,727,q4_sellers_rating,107.00960000000001,100,True,
benchmark,728,q4_sellers_rating,109.08540000000001,100,True,
benchmark,729,q4_sellers_rating,106.1307,100,True,
benchmark,730,q4_sellers_rating,112.22190000000001,100,True,
benchmark,731,q4_sellers_rating,107.3973,100,True,
benchmark,732,q4_sellers_rating,105.81740000000001,100,True,
benchmark,733,q4_sellers_rating,105.8805,100,True,
benchmark,734,q4_sellers_rating,103.15900000000001,100,True,
benchmark,735,q4_sellers_rating,113.3015,100,True,
benchmark,736,q4_sellers_rating,104.26130000000001,100,True,
benchmark,737,q4_sellers_rating,107.6618,100,True,
benchmark,738,q4_sellers_rating,103.13,100,True,
benchmark,739,q4_sellers_rating,136.0462,100,True,
benchmark,740,q4_sellers_rating,124.96810000000001,100,True,
benchmark,741,q4_sellers_rating,123.8563,100,True,
benchmark,742,q4_sellers_rating,125.8875,100,True,
benchmark,743,q4_sellers_rating,123.41719999999999,100,True,
benchmark,744,q4_sellers_rating,126.256,100,True,
benchmark,745,q4_sellers_rating,127.02370000000001,100,True,
benchmark,746,q4_sellers_rating,123.14149999999999,100,True,
benchmark,747,q4_sellers_rating,115.7214,100,True,
benchmark,748,q4_sellers_rating,132.29900000000001,100,True,
benchmark,749,q4_sellers_rating,126.0849,100,True,
benchmark,750,q4_sellers_rating,122.0776,100,True,
benchmark,751,q4_sellers_rating,122.8083,100,True,
benchmark,752,q4_sellers_rating,116.28660000000001,100,True,
benchmark,753,q4_sellers_rating,110.3801,100,True,
benchmark,754,q4_sellers_rating,107.89019999999999,100,True,
benchmark,755,q4_sellers_rating,104.7677,100,True,
benchmark,756,q4_sellers_rating,106.0626,100,True,
benchmark,757,q4_sellers_rating,105.7881,100,True,
benchmark,758,q4_sellers_rating,104.8318,100,True,
benchmark,759,q4_sellers_rating,107.4682,100,True,
benchmark,760,q4_sellers_rating,108.3537,100,True,
benchmark,761,q4_sellers_rating,108.0123,100,True,
benchmark,762,q4_sellers_rating,109.1454,100,True,
benchmark,763,q4_sellers_rating,109.49039999999999,100,True,
benchmark,764,q4_sellers_rating,113.4915,100,True,
benchmark,765,q4_sellers_rating,104.40179999999999,100,True,
benchmark,766,q4_sellers_rating,104.64109999999999,100,True,
benchmark,767,q4_sellers_rating,105.8488,100,True,
benchmark,768,q4_sellers_rating,105.7478,100,True,
benchmark,769,q4_sellers_rating,108.4401,100,True,
benchmark,770,q4_sellers_rating,110.5488,100,True,
benchmark,771,q4_sellers_rating,109.5303,100,True,
benchmark,772,q4_sellers_rating,110.5074,100,True,
benchmark,773,q4_sellers_rating,109.0427,100,True,
benchmark,774,q4_sellers_rating,111.7936,100,True,
benchmark,775,q4_sellers_rating,107.75960000000001,100,True,
benchmark,776,q4_sellers_rating,107.3111,100,True,
benchmark,777,q4_sellers_rating,107.2052,100,True,
benchmark,778,q4_sellers_rating,106.34990000000001,100,True,
benchmark,779,q4_sellers_rating,107.7334,100,True,
benchmark,780,q4_sellers_rating,105.19240000000001,100,True,
benchmark,781,q4_sellers_rating,110.53279999999999,100,True,
benchmark,782,q4_sellers_rating,107.06910000000001,100,True,
benchmark,783,q4_sellers_rating,109.95359999999999,100,True,
benchmark,784,q4_sellers_rating,103.7855,100,True,
benchmark,785,q4_sellers_rating,113.56270000000001,100,True,
benchmark,786,q4_sellers_rating,109.17100000000001,100,True,
benchmark,787,q4_sellers_rating,115.6396,100,True,
benchmark,788,q4_sellers_rating,113.19929999999999,100,True,
benchmark,789,q4_sellers_rating,130.96010000000001,100,True,
benchmark,790,q4_sellers_rating,117.51309999999999,100,True,
benchmark,791,q4_sellers_rating,149.38679999999999,100,True,
benchmark,792,q4_sellers_rating,107.9329,100,True,
benchmark,793,q4_sellers_rating,106.44540000000001,100,True,
benchmark,794,q4_sellers_rating,107.0291,100,True,
benchmark,795,q4_sellers_rating,107.7029,100,True,
benchmark,796,q4_sellers_rating,107.3593,100,True,
benchmark,797,q4_sellers_rating,106.5222,100,True,
benchmark,798,q4_sellers_rating,124.5792,100,True,
benchmark,799,q4_sellers_rating,105.82729999999999,100,True,
benchmark,800,q4_sellers_rating,105.6955,100,True,
benchmark,801,q4_sellers_rating,114.13500000000001,100,True,
benchmark,802,q4_sellers_rating,108.36799999999999,100,True,
benchmark,803,q4_sellers_rating,107.7577,100,True,
benchmark,804,q4_sellers_rating,107.7808,100,True,
benchmark,805,q4_sellers_rating,106.37390000000001,100,True,
benchmark,806,q4_sellers_rating,109.093,100,True,
benchmark,807,q4_sellers_rating,159.27529999999999,100,True,
benchmark,808,q4_sellers_rating,109.958,100,True,
benchmark,809,q4_sellers_rating,108.4563,100,True,
benchmark,810,q4_sellers_rating,110.4325,100,True,
benchmark,811,q4_sellers_rating,122.7286,100,True,
benchmark,812,q4_sellers_rating,104.9877,100,True,
benchmark,813,q4_sellers_rating,107.0508,100,True,
benchmark,814,q4_sellers_rating,106.5557,100,True,
benchmark,815,q4_sellers_rating,106.08580000000001,100,True,
benchmark,816,q4_sellers_rating,110.76519999999999,100,True,
benchmark,817,q4_sellers_rating,107.07389999999999,100,True,
benchmark,818,q4_sellers_rating,104.7898,100,True,
benchmark,819,q4_sellers_rating,107.14230000000001,100,True,
benchmark,820,q4_sellers_rating,108.557,100,True,
benchmark,821,q4_sellers_rating,106.253,100,True,
benchmark,822,q4_sellers_rating,105.6335,100,True,
benchmark,823,q4_sellers_rating,109.28270000000001,100,True,
benchmark,824,q4_sellers_rating,106.85850000000001,100,True,
benchmark,825,q4_sellers_rating,107.24630000000001,100,True,
benchmark,826,q4_sellers_rating,107.58240000000001,100,True,
benchmark,827,q4_sellers_rating,108.15049999999999,100,True,
benchmark,828,q4_sellers_rating,109.6855,100,True,
benchmark,829,q4_sellers_rating,113.57980000000001,100,True,
benchmark,830,q4_sellers_rating,105.6465,100,True,
benchmark,831,q4_sellers_rating,105.69159999999999,100,True,
benchmark,832,q4_sellers_rating,139.2199,100,True,
benchmark,833,q4_sellers_rating,117.7843,100,True,
benchmark,834,q4_sellers_rating,117.3578,100,True,
benchmark,835,q4_sellers_rating,120.0727,100,True,
benchmark,836,q4_sellers_rating,116.1123,100,True,
benchmark,837,q4_sellers_rating,117.62860000000001,100,True,
benchmark,838,q4_sellers_rating,107.6686,100,True,
benchmark,839,q4_sellers_rating,113.4706,100,True,
benchmark,840,q4_sellers_rating,111.1605,100,True,
benchmark,841,q4_sellers_rating,103.4786,100,True,
benchmark,842,q4_sellers_rating,115.3749,100,True,
benchmark,843,q4_sellers_rating,108.1434,100,True,
benchmark,844,q4_sellers_rating,106.14319999999999,100,True,
benchmark,845,q4_sellers_rating,110.4693,100,True,
benchmark,846,q4_sellers_rating,111.14749999999999,100,True,
benchmark,847,q4_sellers_rating,113.1978,100,True,
benchmark,848,q4_sellers_rating,146.98830000000001,100,True,
benchmark,849,q4_sellers_rating,122.9965,100,True,
benchmark,850,q4_sellers_rating,109.4986,100,True,
benchmark,851,q4_sellers_rating,109.14279999999999,100,True,
benchmark,852,q4_sellers_rating,109.57989999999999,100,True,
benchmark,853,q4_sellers_rating,106.0308,100,True,
benchmark,854,q4_sellers_rating,111.0549,100,True,
benchmark,855,q4_sellers_rating,108.8329,100,True,
benchmark,856,q4_sellers_rating,119.2839,100,True,
benchmark,857,q4_sellers_rating,120.00490000000001,100,True,
benchmark,858,q4_sellers_rating,106.75709999999999,100,True,
benchmark,859,q4_sellers_rating,108.3442,100,True,
benchmark,860,q4_sellers_rating,106.01300000000001,100,True,
benchmark,861,q4_sellers_rating,105.57550000000001,100,True,
benchmark,862,q4_sellers_rating,111.7911,100,True,
benchmark,863,q4_sellers_rating,104.6271,100,True,
benchmark,864,q4_sellers_rating,109.79770000000001,100,True,
benchmark,865,q4_sellers_rating,122.77160000000001,100,True,
benchmark,866,q4_sellers_rating,119.907,100,True,
benchmark,867,q4_sellers_rating,106.3081,100,True,
benchmark,868,q4_sellers_rating,108.1686,100,True,
benchmark,869,q4_sellers_rating,109.9325,100,True,
benchmark,870,q4_sellers_rating,106.9845,100,True,
benchmark,871,q4_sellers_rating,111.20780000000001,100,True,
benchmark,872,q4_sellers_rating,106.0172,100,True,
benchmark,873,q4_sellers_rating,108.83029999999999,100,True,
benchmark,874,q4_sellers_rating,115.6858,100,True,
benchmark,875,q4_sellers_rating,113.8771,100,True,
benchmark,876,q4_sellers_rating,118.12269999999999,100,True,
benchmark,877,q4_sellers_rating,121.2616,100,True,
benchmark,878,q4_sellers_rating,126.31189999999999,100,True,
benchmark,879,q4_sellers_rating,125.0891,100,True,
benchmark,880,q4_sellers_rating,137.0444,100,True,
benchmark,881,q4_sellers_rating,107.6404,100,True,
benchmark,882,q4_sellers_rating,108.2503,100,True,
benchmark,883,q4_sellers_rating,106.13209999999999,100,True,
benchmark,884,q4_sellers_rating,108.13509999999999,100,True,
benchmark,885,q4_sellers_rating,106.79049999999999,100,True,
benchmark,886,q4_sellers_rating,106.789,100,True,
benchmark,887,q4_sellers_rating,116.65000000000001,100,True,
benchmark,888,q4_sellers_rating,107.1567,100,True,
benchmark,889,q4_sellers_rating,108.03440000000001,100,True,
benchmark,890,q4_sellers_rating,112.71210000000001,100,True,
benchmark,891,q4_sellers_rating,106.9268,100,True,
benchmark,892,q4_sellers_rating,108.6493,100,True,
benchmark,893,q4_sellers_rating,107.983,100,True,
benchmark,894,q4_sellers_rating,107.5688,100,True,
benchmark,895,q4_sellers_rating,107.38979999999999,100,True,
benchmark,896,q4_sellers_rating,143.93700000000001,100,True,
benchmark,897,q4_sellers_rating,123.5834,100,True,
benchmark,898,q4_sellers_rating,104.511,100,True,
benchmark,899,q4_sellers_rating,107.45780000000001,100,True,
benchmark,900,q4_sellers_rating,104.8471,100,True,
benchmark,901,q4_sellers_rating,108.8199,100,True,
benchmark,902,q4_sellers_rating,123.6195,100,True,
benchmark,903,q4_sellers_rating,104.21559999999999,100,True,
benchmark,904,q4_sellers_rating,103.4828,100,True,
benchmark,905,q4_sellers_rating,110.5352,100,True,
benchmark,906,q4_sellers_rating,105.16549999999999,100,True,
benchmark,907,q4_sellers_rating,106.51260000000001,100,True,
benchmark,908,q4_sellers_rating,106.49760000000001,100,True,
benchmark,909,q4_sellers_rating,108.7462,100,True,
benchmark,910,q4_sellers_rating,111.04859999999999,100,True,
benchmark,911,q4_sellers_rating,112.0692,100,True,
benchmark,912,q4_sellers_rating,108.1259,100,True,
benchmark,913,q4_sellers_rating,109.5622,100,True,
benchmark,914,q4_sellers_rating,106.3015,100,True,
benchmark,915,q4_sellers_rating,110.6407,100,True,
benchmark,916,q4_sellers_rating,106.6366,100,True,
benchmark,917,q4_sellers_rating,107.13800000000001,100,True,
benchmark,918,q4_sellers_rating,107.65560000000001,100,True,
benchmark,919,q4_sellers_rating,113.99299999999999,100,True,
benchmark,920,q4_sellers_rating,110.5692,100,True,
benchmark,921,q4_sellers_rating,107.7256,100,True,
benchmark,922,q4_sellers_rating,113.14530000000001,100,True,
benchmark,923,q4_sellers_rating,110.2225,100,True,
benchmark,924,q4_sellers_rating,104.8892,100,True,
benchmark,925,q4_sellers_rating,129.38800000000001,100,True,
benchmark,926,q4_sellers_rating,105.71259999999999,100,True,
benchmark,927,q4_sellers_rating,110.7676,100,True,
benchmark,928,q4_sellers_rating,106.38339999999999,100,True,
benchmark,929,q4_sellers_rating,113.4263,100,True,
benchmark,930,q4_sellers_rating,107.7448,100,True,
benchmark,931,q4_sellers_rating,107.2761,100,True,
benchmark,932,q4_sellers_rating,111.4644,100,True,
benchmark,933,q4_sellers_rating,109.80629999999999,100,True,
benchmark,934,q4_sellers_rating,112.3546,100,True,
benchmark,935,q4_sellers_rating,106.01519999999999,100,True,
benchmark,936,q4_sellers_rating,108.64230000000001,100,True,
benchmark,937,q4_sellers_rating,108.23350000000001,100,True,
benchmark,938,q4_sellers_rating,109.83799999999999,100,True,
benchmark,939,q4_sellers_rating,107.4849,100,True,
benchmark,940,q4_sellers_rating,108.4678,100,True,
benchmark,941,q4_sellers_rating,106.9973,100,True,
benchmark,942,q4_sellers_rating,107.6127,100,True,
benchmark,943,q4_sellers_rating,107.4113,100,True,
benchmark,944,q4_sellers_rating,107.69889999999999,100,True,
benchmark,945,q4_sellers_rating,108.20180000000001,100,True,
benchmark,946,q4_sellers_rating,106.2859,100,True,
benchmark,947,q4_sellers_rating,109.3199,100,True,
benchmark,948,q4_sellers_rating,104.38379999999999,100,True,
benchmark,949,q4_sellers_rating,103.6245,100,True,
benchmark,950,q4_sellers_rating,110.8192,100,True,
benchmark,951,q4_sellers_rating,105.9251,100,True,
benchmark,952,q4_sellers_rating,112.4421,100,True,
benchmark,953,q4_sellers_rating,108.80370000000001,100,True,
benchmark,954,q4_sellers_rating,106.51779999999999,100,True,
benchmark,955,q4_sellers_rating,112.80200000000001,100,True,
benchmark,956,q4_sellers_rating,115.4485,100,True,
benchmark,957,q4_sellers_rating,115.1938,100,True,
benchmark,958,q4_sellers_rating,114.0916,100,True,
benchmark,959,q4_sellers_rating,115.8413,100,True,
benchmark,960,q4_sellers_rating,117.2517,100,True,
benchmark,961,q4_sellers_rating,113.7312,100,True,
benchmark,962,q4_sellers_rating,118.0765,100,True,
benchmark,963,q4_sellers_rating,110.773,100,True,
benchmark,964,q4_sellers_rating,124.3365,100,True,
benchmark,965,q4_sellers_rating,121.896,100,True,
benchmark,966,q4_sellers_rating,124.98139999999999,100,True,
benchmark,967,q4_sellers_rating,128.66839999999999,100,True,
benchmark,968,q4_sellers_rating,108.0857,100,True,
benchmark,969,q4_sellers_rating,108.1371,100,True,
benchmark,970,q4_sellers_rating,111.72539999999999,100,True,
benchmark,971,q4_sellers_rating,106.55759999999999,100,True,
benchmark,972,q4_sellers_rating,112.1403,100,True,
benchmark,973,q4_sellers_rating,115.56059999999999,100,True,
benchmark,974,q4_sellers_rating,115.5202,100,True,
benchmark,975,q4_sellers_rating,110.47839999999999,100,True,
benchmark,976,q4_sellers_rating,107.7561,100,True,
benchmark,977,q4_sellers_rating,117.572,100,True,
benchmark,978,q4_sellers_rating,111.8823,100,True,
benchmark,979,q4_sellers_rating,110.63160000000001,100,True,
benchmark,980,q4_sellers_rating,105.9254,100,True,
benchmark,981,q4_sellers_rating,108.2881,100,True,
benchmark,982,q4_sellers_rating,106.94629999999999,100,True,
benchmark,983,q4_sellers_rating,160.46029999999999,100,True,
benchmark,984,q4_sellers_rating,113.0001,100,True,
benchmark,985,q4_sellers_rating,110.9252,100,True,
benchmark,986,q4_sellers_rating,113.35639999999999,100,True,
benchmark,987,q4_sellers_rating,104.6446,100,True,
benchmark,988,q4_sellers_rating,121.3536,100,True,
benchmark,989,q4_sellers_rating,106.9457,100,True,
benchmark,990,q4_sellers_rating,108.2311,100,True,
benchmark,991,q4_sellers_rating,109.5826,100,True,
benchmark,992,q4_sellers_rating,110.95440000000001,100,True,
benchmark,993,q4_sellers_rating,114.1549,100,True,
benchmark,994,q4_sellers_rating,109.4885,100,True,
benchmark,995,q4_sellers_rating,120.331,100,True,
benchmark,996,q4_sellers_rating,110.23180000000001,100,True,
benchmark,997,q4_sellers_rating,104.3222,100,True,
benchmark,998,q4_sellers_rating,103.5723,100,True,
benchmark,999,q4_sellers_rating,108.7162,100,True,
benchmark,1000,q4_sellers_rating,110.2569,100,True,
benchmark,1,q5_orders_offset,33.473500000000001,50,True,
benchmark,2,q5_orders_offset,33.084099999999999,50,True,
benchmark,3,q5_orders_offset,30.916799999999999,50,True,
benchmark,4,q5_orders_offset,30.479500000000002,50,True,
benchmark,5,q5_orders_offset,38.712000000000003,50,True,
benchmark,6,q5_orders_offset,31.4877,50,True,
benchmark,7,q5_orders_offset,30.388400000000001,50,True,
benchmark,8,q5_orders_offset,31.194099999999999,50,True,
benchmark,9,q5_orders_offset,36.0212,50,True,
benchmark,10,q5_orders_offset,31.4434,50,True,
benchmark,11,q5_orders_offset,29.9377,50,True,
benchmark,12,q5_orders_offset,30.2926,50,True,
benchmark,13,q5_orders_offset,34.537500000000001,50,True,
benchmark,14,q5_orders_offset,30.7745,50,True,
benchmark,15,q5_orders_offset,31.5947,50,True,
benchmark,16,q5_orders_offset,38.607300000000002,50,True,
benchmark,17,q5_orders_offset,31.124300000000002,50,True,
benchmark,18,q5_orders_offset,30.184000000000001,50,True,
benchmark,19,q5_orders_offset,29.8841,50,True,
benchmark,20,q5_orders_offset,35.821599999999997,50,True,
benchmark,21,q5_orders_offset,29.865300000000001,50,True,
benchmark,22,q5_orders_offset,29.977699999999999,50,True,
benchmark,23,q5_orders_offset,29.233699999999999,50,True,
benchmark,24,q5_orders_offset,40.757300000000001,50,True,
benchmark,25,q5_orders_offset,29.444900000000001,50,True,
benchmark,26,q5_orders_offset,29.261900000000001,50,True,
benchmark,27,q5_orders_offset,29.16,50,True,
benchmark,28,q5_orders_offset,34.311199999999999,50,True,
benchmark,29,q5_orders_offset,32.424399999999999,50,True,
benchmark,30,q5_orders_offset,31.2376,50,True,
benchmark,31,q5_orders_offset,32.146700000000003,50,True,
benchmark,32,q5_orders_offset,31.782800000000002,50,True,
benchmark,33,q5_orders_offset,30.5975,50,True,
benchmark,34,q5_orders_offset,30.6066,50,True,
benchmark,35,q5_orders_offset,36.8568,50,True,
benchmark,36,q5_orders_offset,30.3019,50,True,
benchmark,37,q5_orders_offset,29.846800000000002,50,True,
benchmark,38,q5_orders_offset,30.886099999999999,50,True,
benchmark,39,q5_orders_offset,32.116300000000003,50,True,
benchmark,40,q5_orders_offset,29.6843,50,True,
benchmark,41,q5_orders_offset,29.384399999999999,50,True,
benchmark,42,q5_orders_offset,29.4343,50,True,
benchmark,43,q5_orders_offset,35.441600000000001,50,True,
benchmark,44,q5_orders_offset,29.659800000000001,50,True,
benchmark,45,q5_orders_offset,30.345500000000001,50,True,
benchmark,46,q5_orders_offset,30.0823,50,True,
benchmark,47,q5_orders_offset,32.214599999999997,50,True,
benchmark,48,q5_orders_offset,29.843900000000001,50,True,
benchmark,49,q5_orders_offset,29.435500000000001,50,True,
benchmark,50,q5_orders_offset,34.464500000000001,50,True,
benchmark,51,q5_orders_offset,30.036000000000001,50,True,
benchmark,52,q5_orders_offset,30.649100000000001,50,True,
benchmark,53,q5_orders_offset,29.904599999999999,50,True,
benchmark,54,q5_orders_offset,33.057000000000002,50,True,
benchmark,55,q5_orders_offset,29.560600000000001,50,True,
benchmark,56,q5_orders_offset,29.411100000000001,50,True,
benchmark,57,q5_orders_offset,29.434000000000001,50,True,
benchmark,58,q5_orders_offset,36.721899999999998,50,True,
benchmark,59,q5_orders_offset,31.505800000000001,50,True,
benchmark,60,q5_orders_offset,29.309999999999999,50,True,
benchmark,61,q5_orders_offset,29.188099999999999,50,True,
benchmark,62,q5_orders_offset,35.122700000000002,50,True,
benchmark,63,q5_orders_offset,29.5093,50,True,
benchmark,64,q5_orders_offset,29.554200000000002,50,True,
benchmark,65,q5_orders_offset,29.3996,50,True,
benchmark,66,q5_orders_offset,38.788200000000003,50,True,
benchmark,67,q5_orders_offset,29.571400000000001,50,True,
benchmark,68,q5_orders_offset,29.5288,50,True,
benchmark,69,q5_orders_offset,33.965800000000002,50,True,
benchmark,70,q5_orders_offset,29.351600000000001,50,True,
benchmark,71,q5_orders_offset,29.630800000000001,50,True,
benchmark,72,q5_orders_offset,30.055599999999998,50,True,
benchmark,73,q5_orders_offset,39.645800000000001,50,True,
benchmark,74,q5_orders_offset,29.456299999999999,50,True,
benchmark,75,q5_orders_offset,29.494199999999999,50,True,
benchmark,76,q5_orders_offset,29.210899999999999,50,True,
benchmark,77,q5_orders_offset,33.898400000000002,50,True,
benchmark,78,q5_orders_offset,29.264199999999999,50,True,
benchmark,79,q5_orders_offset,29.2118,50,True,
benchmark,80,q5_orders_offset,30.363199999999999,50,True,
benchmark,81,q5_orders_offset,30.697199999999999,50,True,
benchmark,82,q5_orders_offset,29.520499999999998,50,True,
benchmark,83,q5_orders_offset,29.5029,50,True,
benchmark,84,q5_orders_offset,35.150199999999998,50,True,
benchmark,85,q5_orders_offset,29.171700000000001,50,True,
benchmark,86,q5_orders_offset,29.215199999999999,50,True,
benchmark,87,q5_orders_offset,30.5656,50,True,
benchmark,88,q5_orders_offset,32.345700000000001,50,True,
benchmark,89,q5_orders_offset,29.477399999999999,50,True,
benchmark,90,q5_orders_offset,29.3279,50,True,
benchmark,91,q5_orders_offset,29.302499999999998,50,True,
benchmark,92,q5_orders_offset,34.448399999999999,50,True,
benchmark,93,q5_orders_offset,29.129000000000001,50,True,
benchmark,94,q5_orders_offset,30.494,50,True,
benchmark,95,q5_orders_offset,29.066400000000002,50,True,
benchmark,96,q5_orders_offset,32.242600000000003,50,True,
benchmark,97,q5_orders_offset,29.790500000000002,50,True,
benchmark,98,q5_orders_offset,29.615200000000002,50,True,
benchmark,99,q5_orders_offset,29.523299999999999,50,True,
benchmark,100,q5_orders_offset,36.055599999999998,50,True,
benchmark,101,q5_orders_offset,32.726500000000001,50,True,
benchmark,102,q5_orders_offset,31.064299999999999,50,True,
benchmark,103,q5_orders_offset,33.588299999999997,50,True,
benchmark,104,q5_orders_offset,30.007000000000001,50,True,
benchmark,105,q5_orders_offset,30.370899999999999,50,True,
benchmark,106,q5_orders_offset,30.002500000000001,50,True,
benchmark,107,q5_orders_offset,34.899900000000002,50,True,
benchmark,108,q5_orders_offset,30.298200000000001,50,True,
benchmark,109,q5_orders_offset,29.165199999999999,50,True,
benchmark,110,q5_orders_offset,29.621400000000001,50,True,
benchmark,111,q5_orders_offset,34.011499999999998,50,True,
benchmark,112,q5_orders_offset,29.862100000000002,50,True,
benchmark,113,q5_orders_offset,30.001100000000001,50,True,
benchmark,114,q5_orders_offset,29.561900000000001,50,True,
benchmark,115,q5_orders_offset,38.311300000000003,50,True,
benchmark,116,q5_orders_offset,29.575299999999999,50,True,
benchmark,117,q5_orders_offset,30.307600000000001,50,True,
benchmark,118,q5_orders_offset,34.746299999999998,50,True,
benchmark,119,q5_orders_offset,29.761800000000001,50,True,
benchmark,120,q5_orders_offset,29.9024,50,True,
benchmark,121,q5_orders_offset,29.952500000000001,50,True,
benchmark,122,q5_orders_offset,39.892200000000003,50,True,
benchmark,123,q5_orders_offset,29.199400000000001,50,True,
benchmark,124,q5_orders_offset,29.5166,50,True,
benchmark,125,q5_orders_offset,29.4176,50,True,
benchmark,126,q5_orders_offset,33.838099999999997,50,True,
benchmark,127,q5_orders_offset,29.319299999999998,50,True,
benchmark,128,q5_orders_offset,29.207799999999999,50,True,
benchmark,129,q5_orders_offset,30.2669,50,True,
benchmark,130,q5_orders_offset,31.740200000000002,50,True,
benchmark,131,q5_orders_offset,30.075299999999999,50,True,
benchmark,132,q5_orders_offset,29.6845,50,True,
benchmark,133,q5_orders_offset,35.159399999999998,50,True,
benchmark,134,q5_orders_offset,29.6876,50,True,
benchmark,135,q5_orders_offset,29.640599999999999,50,True,
benchmark,136,q5_orders_offset,30.647400000000001,50,True,
benchmark,137,q5_orders_offset,31.611000000000001,50,True,
benchmark,138,q5_orders_offset,29.486799999999999,50,True,
benchmark,139,q5_orders_offset,29.307300000000001,50,True,
benchmark,140,q5_orders_offset,29.400099999999998,50,True,
benchmark,141,q5_orders_offset,34.648899999999998,50,True,
benchmark,142,q5_orders_offset,29.381799999999998,50,True,
benchmark,143,q5_orders_offset,30.3309,50,True,
benchmark,144,q5_orders_offset,29.659099999999999,50,True,
benchmark,145,q5_orders_offset,31.968399999999999,50,True,
benchmark,146,q5_orders_offset,29.7193,50,True,
benchmark,147,q5_orders_offset,29.832799999999999,50,True,
benchmark,148,q5_orders_offset,29.693999999999999,50,True,
benchmark,149,q5_orders_offset,35.966200000000001,50,True,
benchmark,150,q5_orders_offset,35.534599999999998,50,True,
benchmark,151,q5_orders_offset,30.976600000000001,50,True,
benchmark,152,q5_orders_offset,34.092300000000002,50,True,
benchmark,153,q5_orders_offset,30.230399999999999,50,True,
benchmark,154,q5_orders_offset,30.544799999999999,50,True,
benchmark,155,q5_orders_offset,30.091000000000001,50,True,
benchmark,156,q5_orders_offset,38.5398,50,True,
benchmark,157,q5_orders_offset,31.619499999999999,50,True,
benchmark,158,q5_orders_offset,29.976900000000001,50,True,
benchmark,159,q5_orders_offset,29.9041,50,True,
benchmark,160,q5_orders_offset,34.1661,50,True,
benchmark,161,q5_orders_offset,29.851299999999998,50,True,
benchmark,162,q5_orders_offset,30.2361,50,True,
benchmark,163,q5_orders_offset,30.359200000000001,50,True,
benchmark,164,q5_orders_offset,42.764200000000002,50,True,
benchmark,165,q5_orders_offset,37.977600000000002,50,True,
benchmark,166,q5_orders_offset,34.423099999999998,50,True,
benchmark,167,q5_orders_offset,35.212000000000003,50,True,
benchmark,168,q5_orders_offset,30.709,50,True,
benchmark,169,q5_orders_offset,30.560300000000002,50,True,
benchmark,170,q5_orders_offset,29.410900000000002,50,True,
benchmark,171,q5_orders_offset,43.053400000000003,50,True,
benchmark,172,q5_orders_offset,37.392200000000003,50,True,
benchmark,173,q5_orders_offset,32.262799999999999,50,True,
benchmark,174,q5_orders_offset,31.8642,50,True,
benchmark,175,q5_orders_offset,37.0197,50,True,
benchmark,176,q5_orders_offset,30.8032,50,True,
benchmark,177,q5_orders_offset,31.683700000000002,50,True,
benchmark,178,q5_orders_offset,31.584099999999999,50,True,
benchmark,179,q5_orders_offset,31.623200000000001,50,True,
benchmark,180,q5_orders_offset,29.698899999999998,50,True,
benchmark,181,q5_orders_offset,29.6343,50,True,
benchmark,182,q5_orders_offset,34.503700000000002,50,True,
benchmark,183,q5_orders_offset,29.511900000000001,50,True,
benchmark,184,q5_orders_offset,29.739100000000001,50,True,
benchmark,185,q5_orders_offset,30.593800000000002,50,True,
benchmark,186,q5_orders_offset,31.745999999999999,50,True,
benchmark,187,q5_orders_offset,29.433599999999998,50,True,
benchmark,188,q5_orders_offset,29.1418,50,True,
benchmark,189,q5_orders_offset,29.642499999999998,50,True,
benchmark,190,q5_orders_offset,38.3491,50,True,
benchmark,191,q5_orders_offset,29.411200000000001,50,True,
benchmark,192,q5_orders_offset,31.566600000000001,50,True,
benchmark,193,q5_orders_offset,30.039200000000001,50,True,
benchmark,194,q5_orders_offset,32.765700000000002,50,True,
benchmark,195,q5_orders_offset,29.559899999999999,50,True,
benchmark,196,q5_orders_offset,29.531099999999999,50,True,
benchmark,197,q5_orders_offset,33.541200000000003,50,True,
benchmark,198,q5_orders_offset,37.822099999999999,50,True,
benchmark,199,q5_orders_offset,31.043600000000001,50,True,
benchmark,200,q5_orders_offset,29.974599999999999,50,True,
benchmark,201,q5_orders_offset,35.079599999999999,50,True,
benchmark,202,q5_orders_offset,29.982500000000002,50,True,
benchmark,203,q5_orders_offset,30.600100000000001,50,True,
benchmark,204,q5_orders_offset,30.4511,50,True,
benchmark,205,q5_orders_offset,37.749000000000002,50,True,
benchmark,206,q5_orders_offset,30.6065,50,True,
benchmark,207,q5_orders_offset,29.407699999999998,50,True,
benchmark,208,q5_orders_offset,29.4374,50,True,
benchmark,209,q5_orders_offset,33.523699999999998,50,True,
benchmark,210,q5_orders_offset,29.223199999999999,50,True,
benchmark,211,q5_orders_offset,29.477799999999998,50,True,
benchmark,212,q5_orders_offset,29.266300000000001,50,True,
benchmark,213,q5_orders_offset,38.484200000000001,50,True,
benchmark,214,q5_orders_offset,29.420300000000001,50,True,
benchmark,215,q5_orders_offset,29.2394,50,True,
benchmark,216,q5_orders_offset,34.506100000000004,50,True,
benchmark,217,q5_orders_offset,29.2211,50,True,
benchmark,218,q5_orders_offset,29.5305,50,True,
benchmark,219,q5_orders_offset,29.670100000000001,50,True,
benchmark,220,q5_orders_offset,36.893700000000003,50,True,
benchmark,221,q5_orders_offset,29.395499999999998,50,True,
benchmark,222,q5_orders_offset,29.824400000000001,50,True,
benchmark,223,q5_orders_offset,29.805900000000001,50,True,
benchmark,224,q5_orders_offset,35.326700000000002,50,True,
benchmark,225,q5_orders_offset,29.721699999999998,50,True,
benchmark,226,q5_orders_offset,30.205500000000001,50,True,
benchmark,227,q5_orders_offset,36.337400000000002,50,True,
benchmark,228,q5_orders_offset,33.817999999999998,50,True,
benchmark,229,q5_orders_offset,31.189,50,True,
benchmark,230,q5_orders_offset,32.567300000000003,50,True,
benchmark,231,q5_orders_offset,35.753300000000003,50,True,
benchmark,232,q5_orders_offset,30.201000000000001,50,True,
benchmark,233,q5_orders_offset,30.045500000000001,50,True,
benchmark,234,q5_orders_offset,30.336400000000001,50,True,
benchmark,235,q5_orders_offset,32.325699999999998,50,True,
benchmark,236,q5_orders_offset,29.242599999999999,50,True,
benchmark,237,q5_orders_offset,29.241399999999999,50,True,
benchmark,238,q5_orders_offset,29.489799999999999,50,True,
benchmark,239,q5_orders_offset,36.081899999999997,50,True,
benchmark,240,q5_orders_offset,29.205300000000001,50,True,
benchmark,241,q5_orders_offset,30.484100000000002,50,True,
benchmark,242,q5_orders_offset,29.312100000000001,50,True,
benchmark,243,q5_orders_offset,32.884099999999997,50,True,
benchmark,244,q5_orders_offset,29.4954,50,True,
benchmark,245,q5_orders_offset,29.5075,50,True,
benchmark,246,q5_orders_offset,29.555800000000001,50,True,
benchmark,247,q5_orders_offset,34.425400000000003,50,True,
benchmark,248,q5_orders_offset,30.637899999999998,50,True,
benchmark,249,q5_orders_offset,29.215499999999999,50,True,
benchmark,250,q5_orders_offset,33.2256,50,True,
benchmark,251,q5_orders_offset,30.095500000000001,50,True,
benchmark,252,q5_orders_offset,29.2117,50,True,
benchmark,253,q5_orders_offset,29.530799999999999,50,True,
benchmark,254,q5_orders_offset,36.801200000000001,50,True,
benchmark,255,q5_orders_offset,30.3522,50,True,
benchmark,256,q5_orders_offset,29.292400000000001,50,True,
benchmark,257,q5_orders_offset,29.750299999999999,50,True,
benchmark,258,q5_orders_offset,33.9861,50,True,
benchmark,259,q5_orders_offset,29.555399999999999,50,True,
benchmark,260,q5_orders_offset,30.590499999999999,50,True,
benchmark,261,q5_orders_offset,29.439699999999998,50,True,
benchmark,262,q5_orders_offset,38.740000000000002,50,True,
benchmark,263,q5_orders_offset,29.5198,50,True,
benchmark,264,q5_orders_offset,30.495100000000001,50,True,
benchmark,265,q5_orders_offset,33.999600000000001,50,True,
benchmark,266,q5_orders_offset,29.52,50,True,
benchmark,267,q5_orders_offset,30.5534,50,True,
benchmark,268,q5_orders_offset,29.575099999999999,50,True,
benchmark,269,q5_orders_offset,33.287599999999998,50,True,
benchmark,270,q5_orders_offset,29.4313,50,True,
benchmark,271,q5_orders_offset,29.422799999999999,50,True,
benchmark,272,q5_orders_offset,29.580500000000001,50,True,
benchmark,273,q5_orders_offset,35.487099999999998,50,True,
benchmark,274,q5_orders_offset,29.936,50,True,
benchmark,275,q5_orders_offset,29.423300000000001,50,True,
benchmark,276,q5_orders_offset,30.9527,50,True,
benchmark,277,q5_orders_offset,31.771000000000001,50,True,
benchmark,278,q5_orders_offset,29.308800000000002,50,True,
benchmark,279,q5_orders_offset,29.520800000000001,50,True,
benchmark,280,q5_orders_offset,29.3628,50,True,
benchmark,281,q5_orders_offset,35.351500000000001,50,True,
benchmark,282,q5_orders_offset,29.426600000000001,50,True,
benchmark,283,q5_orders_offset,30.3979,50,True,
benchmark,284,q5_orders_offset,32.2804,50,True,
benchmark,285,q5_orders_offset,29.943999999999999,50,True,
benchmark,286,q5_orders_offset,29.590399999999999,50,True,
benchmark,287,q5_orders_offset,30.266400000000001,50,True,
benchmark,288,q5_orders_offset,34.762500000000003,50,True,
benchmark,289,q5_orders_offset,29.3843,50,True,
benchmark,290,q5_orders_offset,30.676400000000001,50,True,
benchmark,291,q5_orders_offset,29.6403,50,True,
benchmark,292,q5_orders_offset,33.019100000000002,50,True,
benchmark,293,q5_orders_offset,29.470300000000002,50,True,
benchmark,294,q5_orders_offset,30.441199999999998,50,True,
benchmark,295,q5_orders_offset,29.491299999999999,50,True,
benchmark,296,q5_orders_offset,36.430199999999999,50,True,
benchmark,297,q5_orders_offset,30.694099999999999,50,True,
benchmark,298,q5_orders_offset,29.402899999999999,50,True,
benchmark,299,q5_orders_offset,33.212200000000003,50,True,
benchmark,300,q5_orders_offset,30.037400000000002,50,True,
benchmark,301,q5_orders_offset,31.9222,50,True,
benchmark,302,q5_orders_offset,31.3659,50,True,
benchmark,303,q5_orders_offset,38.764299999999999,50,True,
benchmark,304,q5_orders_offset,31.5764,50,True,
benchmark,305,q5_orders_offset,32.0169,50,True,
benchmark,306,q5_orders_offset,29.5532,50,True,
benchmark,307,q5_orders_offset,33.718000000000004,50,True,
benchmark,308,q5_orders_offset,29.6464,50,True,
benchmark,309,q5_orders_offset,29.575700000000001,50,True,
benchmark,310,q5_orders_offset,29.3155,50,True,
benchmark,311,q5_orders_offset,40.160499999999999,50,True,
benchmark,312,q5_orders_offset,29.3734,50,True,
benchmark,313,q5_orders_offset,29.5063,50,True,
benchmark,314,q5_orders_offset,34.936599999999999,50,True,
benchmark,315,q5_orders_offset,29.533000000000001,50,True,
benchmark,316,q5_orders_offset,31.648,50,True,
benchmark,317,q5_orders_offset,30.683599999999998,50,True,
benchmark,318,q5_orders_offset,33.188299999999998,50,True,
benchmark,319,q5_orders_offset,30.064499999999999,50,True,
benchmark,320,q5_orders_offset,29.789200000000001,50,True,
benchmark,321,q5_orders_offset,29.5443,50,True,
benchmark,322,q5_orders_offset,34.545000000000002,50,True,
benchmark,323,q5_orders_offset,29.394400000000001,50,True,
benchmark,324,q5_orders_offset,29.831199999999999,50,True,
benchmark,325,q5_orders_offset,31.1294,50,True,
benchmark,326,q5_orders_offset,31.571200000000001,50,True,
benchmark,327,q5_orders_offset,30.0867,50,True,
benchmark,328,q5_orders_offset,29.5595,50,True,
benchmark,329,q5_orders_offset,29.3903,50,True,
benchmark,330,q5_orders_offset,35.218499999999999,50,True,
benchmark,331,q5_orders_offset,29.214600000000001,50,True,
benchmark,332,q5_orders_offset,30.941299999999998,50,True,
benchmark,333,q5_orders_offset,32.321399999999997,50,True,
benchmark,334,q5_orders_offset,29.561699999999998,50,True,
benchmark,335,q5_orders_offset,29.527699999999999,50,True,
benchmark,336,q5_orders_offset,29.483799999999999,50,True,
benchmark,337,q5_orders_offset,34.591200000000001,50,True,
benchmark,338,q5_orders_offset,29.371600000000001,50,True,
benchmark,339,q5_orders_offset,30.582599999999999,50,True,
benchmark,340,q5_orders_offset,29.342600000000001,50,True,
benchmark,341,q5_orders_offset,32.157699999999998,50,True,
benchmark,342,q5_orders_offset,29.420300000000001,50,True,
benchmark,343,q5_orders_offset,29.498100000000001,50,True,
benchmark,344,q5_orders_offset,29.3795,50,True,
benchmark,345,q5_orders_offset,36.322000000000003,50,True,
benchmark,346,q5_orders_offset,30.4236,50,True,
benchmark,347,q5_orders_offset,29.479299999999999,50,True,
benchmark,348,q5_orders_offset,33.120800000000003,50,True,
benchmark,349,q5_orders_offset,29.541799999999999,50,True,
benchmark,350,q5_orders_offset,30.2563,50,True,
benchmark,351,q5_orders_offset,29.824300000000001,50,True,
benchmark,352,q5_orders_offset,37.825499999999998,50,True,
benchmark,353,q5_orders_offset,30.1235,50,True,
benchmark,354,q5_orders_offset,29.253,50,True,
benchmark,355,q5_orders_offset,29.460999999999999,50,True,
benchmark,356,q5_orders_offset,33.384799999999998,50,True,
benchmark,357,q5_orders_offset,29.189900000000002,50,True,
benchmark,358,q5_orders_offset,30.048400000000001,50,True,
benchmark,359,q5_orders_offset,29.3248,50,True,
benchmark,360,q5_orders_offset,38.540199999999999,50,True,
benchmark,361,q5_orders_offset,29.475200000000001,50,True,
benchmark,362,q5_orders_offset,29.555499999999999,50,True,
benchmark,363,q5_orders_offset,34.208599999999997,50,True,
benchmark,364,q5_orders_offset,29.847799999999999,50,True,
benchmark,365,q5_orders_offset,29.668600000000001,50,True,
benchmark,366,q5_orders_offset,29.3001,50,True,
benchmark,367,q5_orders_offset,32.592799999999997,50,True,
benchmark,368,q5_orders_offset,29.470199999999998,50,True,
benchmark,369,q5_orders_offset,29.3794,50,True,
benchmark,370,q5_orders_offset,29.648599999999998,50,True,
benchmark,371,q5_orders_offset,34.916499999999999,50,True,
benchmark,372,q5_orders_offset,29.393799999999999,50,True,
benchmark,373,q5_orders_offset,29.459900000000001,50,True,
benchmark,374,q5_orders_offset,31.064900000000002,50,True,
benchmark,375,q5_orders_offset,31.5791,50,True,
benchmark,376,q5_orders_offset,31.011500000000002,50,True,
benchmark,377,q5_orders_offset,29.692699999999999,50,True,
benchmark,378,q5_orders_offset,29.638300000000001,50,True,
benchmark,379,q5_orders_offset,35.619300000000003,50,True,
benchmark,380,q5_orders_offset,29.503900000000002,50,True,
benchmark,381,q5_orders_offset,30.9633,50,True,
benchmark,382,q5_orders_offset,32.356000000000002,50,True,
benchmark,383,q5_orders_offset,29.5656,50,True,
benchmark,384,q5_orders_offset,29.546900000000001,50,True,
benchmark,385,q5_orders_offset,29.394400000000001,50,True,
benchmark,386,q5_orders_offset,34.7271,50,True,
benchmark,387,q5_orders_offset,29.4895,50,True,
benchmark,388,q5_orders_offset,30.8508,50,True,
benchmark,389,q5_orders_offset,29.483599999999999,50,True,
benchmark,390,q5_orders_offset,32.289099999999998,50,True,
benchmark,391,q5_orders_offset,29.613,50,True,
benchmark,392,q5_orders_offset,29.377600000000001,50,True,
benchmark,393,q5_orders_offset,29.7667,50,True,
benchmark,394,q5_orders_offset,36.290300000000002,50,True,
benchmark,395,q5_orders_offset,30.8642,50,True,
benchmark,396,q5_orders_offset,29.313099999999999,50,True,
benchmark,397,q5_orders_offset,33.6218,50,True,
benchmark,398,q5_orders_offset,29.745100000000001,50,True,
benchmark,399,q5_orders_offset,29.3794,50,True,
benchmark,400,q5_orders_offset,29.300799999999999,50,True,
benchmark,401,q5_orders_offset,36.391399999999997,50,True,
benchmark,402,q5_orders_offset,32.448599999999999,50,True,
benchmark,403,q5_orders_offset,30.883700000000001,50,True,
benchmark,404,q5_orders_offset,31.083100000000002,50,True,
benchmark,405,q5_orders_offset,34.935600000000001,50,True,
benchmark,406,q5_orders_offset,30.09,50,True,
benchmark,407,q5_orders_offset,29.715599999999998,50,True,
benchmark,408,q5_orders_offset,29.650200000000002,50,True,
benchmark,409,q5_orders_offset,41.358800000000002,50,True,
benchmark,410,q5_orders_offset,29.794699999999999,50,True,
benchmark,411,q5_orders_offset,29.579999999999998,50,True,
benchmark,412,q5_orders_offset,34.289099999999998,50,True,
benchmark,413,q5_orders_offset,30.046700000000001,50,True,
benchmark,414,q5_orders_offset,30.073899999999998,50,True,
benchmark,415,q5_orders_offset,29.190999999999999,50,True,
benchmark,416,q5_orders_offset,82.301000000000002,50,True,
benchmark,417,q5_orders_offset,29.636800000000001,50,True,
benchmark,418,q5_orders_offset,29.588999999999999,50,True,
benchmark,419,q5_orders_offset,29.4741,50,True,
benchmark,420,q5_orders_offset,35.255299999999998,50,True,
benchmark,421,q5_orders_offset,30.408300000000001,50,True,
benchmark,422,q5_orders_offset,30.1006,50,True,
benchmark,423,q5_orders_offset,30.6312,50,True,
benchmark,424,q5_orders_offset,31.436800000000002,50,True,
benchmark,425,q5_orders_offset,29.8706,50,True,
benchmark,426,q5_orders_offset,29.674900000000001,50,True,
benchmark,427,q5_orders_offset,29.720099999999999,50,True,
benchmark,428,q5_orders_offset,33.956400000000002,50,True,
benchmark,429,q5_orders_offset,29.6249,50,True,
benchmark,430,q5_orders_offset,30.2879,50,True,
benchmark,431,q5_orders_offset,32.619900000000001,50,True,
benchmark,432,q5_orders_offset,29.210799999999999,50,True,
benchmark,433,q5_orders_offset,29.255600000000001,50,True,
benchmark,434,q5_orders_offset,29.3337,50,True,
benchmark,435,q5_orders_offset,35.875500000000002,50,True,
benchmark,436,q5_orders_offset,30.203399999999998,50,True,
benchmark,437,q5_orders_offset,30.403099999999998,50,True,
benchmark,438,q5_orders_offset,30.0807,50,True,
benchmark,439,q5_orders_offset,32.443100000000001,50,True,
benchmark,440,q5_orders_offset,32.564599999999999,50,True,
benchmark,441,q5_orders_offset,30.991099999999999,50,True,
benchmark,442,q5_orders_offset,29.9604,50,True,
benchmark,443,q5_orders_offset,34.984699999999997,50,True,
benchmark,444,q5_orders_offset,31.220700000000001,50,True,
benchmark,445,q5_orders_offset,30.1539,50,True,
benchmark,446,q5_orders_offset,34.686799999999998,50,True,
benchmark,447,q5_orders_offset,30.130099999999999,50,True,
benchmark,448,q5_orders_offset,30.315100000000001,50,True,
benchmark,449,q5_orders_offset,30.0091,50,True,
benchmark,450,q5_orders_offset,38.197600000000001,50,True,
benchmark,451,q5_orders_offset,31.982700000000001,50,True,
benchmark,452,q5_orders_offset,30.430800000000001,50,True,
benchmark,453,q5_orders_offset,29.935300000000002,50,True,
benchmark,454,q5_orders_offset,35.190399999999997,50,True,
benchmark,455,q5_orders_offset,32.674500000000002,50,True,
benchmark,456,q5_orders_offset,35.698599999999999,50,True,
benchmark,457,q5_orders_offset,36.018099999999997,50,True,
benchmark,458,q5_orders_offset,40.261699999999998,50,True,
benchmark,459,q5_orders_offset,30.474299999999999,50,True,
benchmark,460,q5_orders_offset,30.322900000000001,50,True,
benchmark,461,q5_orders_offset,34.535699999999999,50,True,
benchmark,462,q5_orders_offset,34.621699999999997,50,True,
benchmark,463,q5_orders_offset,34.545000000000002,50,True,
benchmark,464,q5_orders_offset,34.287199999999999,50,True,
benchmark,465,q5_orders_offset,33.575600000000001,50,True,
benchmark,466,q5_orders_offset,30.847200000000001,50,True,
benchmark,467,q5_orders_offset,30.530200000000001,50,True,
benchmark,468,q5_orders_offset,30.736999999999998,50,True,
benchmark,469,q5_orders_offset,36.034999999999997,50,True,
benchmark,470,q5_orders_offset,29.446300000000001,50,True,
benchmark,471,q5_orders_offset,29.775600000000001,50,True,
benchmark,472,q5_orders_offset,30.4039,50,True,
benchmark,473,q5_orders_offset,31.1404,50,True,
benchmark,474,q5_orders_offset,29.3047,50,True,
benchmark,475,q5_orders_offset,29.249300000000002,50,True,
benchmark,476,q5_orders_offset,29.6191,50,True,
benchmark,477,q5_orders_offset,35.3521,50,True,
benchmark,478,q5_orders_offset,29.350100000000001,50,True,
benchmark,479,q5_orders_offset,30.6526,50,True,
benchmark,480,q5_orders_offset,32.390000000000001,50,True,
benchmark,481,q5_orders_offset,29.3812,50,True,
benchmark,482,q5_orders_offset,29.5059,50,True,
benchmark,483,q5_orders_offset,29.232199999999999,50,True,
benchmark,484,q5_orders_offset,34.664999999999999,50,True,
benchmark,485,q5_orders_offset,29.354700000000001,50,True,
benchmark,486,q5_orders_offset,30.546399999999998,50,True,
benchmark,487,q5_orders_offset,29.606400000000001,50,True,
benchmark,488,q5_orders_offset,32.252200000000002,50,True,
benchmark,489,q5_orders_offset,34.694499999999998,50,True,
benchmark,490,q5_orders_offset,30.412800000000001,50,True,
benchmark,491,q5_orders_offset,30.2119,50,True,
benchmark,492,q5_orders_offset,37.516800000000003,50,True,
benchmark,493,q5_orders_offset,30.926300000000001,50,True,
benchmark,494,q5_orders_offset,29.976099999999999,50,True,
benchmark,495,q5_orders_offset,33.065399999999997,50,True,
benchmark,496,q5_orders_offset,29.5441,50,True,
benchmark,497,q5_orders_offset,29.4208,50,True,
benchmark,498,q5_orders_offset,29.386399999999998,50,True,
benchmark,499,q5_orders_offset,37.043799999999997,50,True,
benchmark,500,q5_orders_offset,30.564699999999998,50,True,
benchmark,501,q5_orders_offset,30.785900000000002,50,True,
benchmark,502,q5_orders_offset,30.033999999999999,50,True,
benchmark,503,q5_orders_offset,35.116599999999998,50,True,
benchmark,504,q5_orders_offset,30.608799999999999,50,True,
benchmark,505,q5_orders_offset,30.469999999999999,50,True,
benchmark,506,q5_orders_offset,29.721,50,True,
benchmark,507,q5_orders_offset,38.707099999999997,50,True,
benchmark,508,q5_orders_offset,29.520700000000001,50,True,
benchmark,509,q5_orders_offset,29.583100000000002,50,True,
benchmark,510,q5_orders_offset,29.459700000000002,50,True,
benchmark,511,q5_orders_offset,33.8093,50,True,
benchmark,512,q5_orders_offset,30.608799999999999,50,True,
benchmark,513,q5_orders_offset,29.356100000000001,50,True,
benchmark,514,q5_orders_offset,48.465000000000003,50,True,
benchmark,515,q5_orders_offset,29.530100000000001,50,True,
benchmark,516,q5_orders_offset,29.671700000000001,50,True,
benchmark,517,q5_orders_offset,29.373100000000001,50,True,
benchmark,518,q5_orders_offset,41.857700000000001,50,True,
benchmark,519,q5_orders_offset,32.454700000000003,50,True,
benchmark,520,q5_orders_offset,34.166699999999999,50,True,
benchmark,521,q5_orders_offset,33.097099999999998,50,True,
benchmark,522,q5_orders_offset,32.334699999999998,50,True,
benchmark,523,q5_orders_offset,30.613199999999999,50,True,
benchmark,524,q5_orders_offset,30.549800000000001,50,True,
benchmark,525,q5_orders_offset,30.866299999999999,50,True,
benchmark,526,q5_orders_offset,35.901000000000003,50,True,
benchmark,527,q5_orders_offset,29.5566,50,True,
benchmark,528,q5_orders_offset,31.724499999999999,50,True,
benchmark,529,q5_orders_offset,32.595799999999997,50,True,
benchmark,530,q5_orders_offset,30.1584,50,True,
benchmark,531,q5_orders_offset,29.316500000000001,50,True,
benchmark,532,q5_orders_offset,29.3964,50,True,
benchmark,533,q5_orders_offset,34.760800000000003,50,True,
benchmark,534,q5_orders_offset,29.7775,50,True,
benchmark,535,q5_orders_offset,30.565300000000001,50,True,
benchmark,536,q5_orders_offset,33.310299999999998,50,True,
benchmark,537,q5_orders_offset,33.553800000000003,50,True,
benchmark,538,q5_orders_offset,30.170200000000001,50,True,
benchmark,539,q5_orders_offset,29.943899999999999,50,True,
benchmark,540,q5_orders_offset,29.6509,50,True,
benchmark,541,q5_orders_offset,36.263800000000003,50,True,
benchmark,542,q5_orders_offset,30.411799999999999,50,True,
benchmark,543,q5_orders_offset,29.375900000000001,50,True,
benchmark,544,q5_orders_offset,32.709099999999999,50,True,
benchmark,545,q5_orders_offset,29.704599999999999,50,True,
benchmark,546,q5_orders_offset,29.5336,50,True,
benchmark,547,q5_orders_offset,29.4345,50,True,
benchmark,548,q5_orders_offset,37.211799999999997,50,True,
benchmark,549,q5_orders_offset,30.472200000000001,50,True,
benchmark,550,q5_orders_offset,29.4283,50,True,
benchmark,551,q5_orders_offset,30.496300000000002,50,True,
benchmark,552,q5_orders_offset,34.051099999999998,50,True,
benchmark,553,q5_orders_offset,29.452000000000002,50,True,
benchmark,554,q5_orders_offset,29.3017,50,True,
benchmark,555,q5_orders_offset,29.298100000000002,50,True,
benchmark,556,q5_orders_offset,38.250999999999998,50,True,
benchmark,557,q5_orders_offset,29.2897,50,True,
benchmark,558,q5_orders_offset,29.253799999999998,50,True,
benchmark,559,q5_orders_offset,29.467300000000002,50,True,
benchmark,560,q5_orders_offset,34.2151,50,True,
benchmark,561,q5_orders_offset,29.518999999999998,50,True,
benchmark,562,q5_orders_offset,29.276199999999999,50,True,
benchmark,563,q5_orders_offset,32.549399999999999,50,True,
benchmark,564,q5_orders_offset,31.2394,50,True,
benchmark,565,q5_orders_offset,29.446999999999999,50,True,
benchmark,566,q5_orders_offset,30.0684,50,True,
benchmark,567,q5_orders_offset,35.912399999999998,50,True,
benchmark,568,q5_orders_offset,29.935400000000001,50,True,
benchmark,569,q5_orders_offset,29.603899999999999,50,True,
benchmark,570,q5_orders_offset,31.4163,50,True,
benchmark,571,q5_orders_offset,31.3794,50,True,
benchmark,572,q5_orders_offset,34.106099999999998,50,True,
benchmark,573,q5_orders_offset,38.3581,50,True,
benchmark,574,q5_orders_offset,35.151600000000002,50,True,
benchmark,575,q5_orders_offset,36.3414,50,True,
benchmark,576,q5_orders_offset,31.177800000000001,50,True,
benchmark,577,q5_orders_offset,35.923299999999998,50,True,
benchmark,578,q5_orders_offset,34.099200000000003,50,True,
benchmark,579,q5_orders_offset,30.813300000000002,50,True,
benchmark,580,q5_orders_offset,31.2089,50,True,
benchmark,581,q5_orders_offset,31.680099999999999,50,True,
benchmark,582,q5_orders_offset,36.590699999999998,50,True,
benchmark,583,q5_orders_offset,31.791,50,True,
benchmark,584,q5_orders_offset,32.382399999999997,50,True,
benchmark,585,q5_orders_offset,30.818999999999999,50,True,
benchmark,586,q5_orders_offset,33.7577,50,True,
benchmark,587,q5_orders_offset,30.494700000000002,50,True,
benchmark,588,q5_orders_offset,30.008199999999999,50,True,
benchmark,589,q5_orders_offset,29.942599999999999,50,True,
benchmark,590,q5_orders_offset,36.7943,50,True,
benchmark,591,q5_orders_offset,30.380500000000001,50,True,
benchmark,592,q5_orders_offset,29.371400000000001,50,True,
benchmark,593,q5_orders_offset,33.831600000000002,50,True,
benchmark,594,q5_orders_offset,29.421700000000001,50,True,
benchmark,595,q5_orders_offset,32.753100000000003,50,True,
benchmark,596,q5_orders_offset,29.822500000000002,50,True,
benchmark,597,q5_orders_offset,35.755800000000001,50,True,
benchmark,598,q5_orders_offset,30.904800000000002,50,True,
benchmark,599,q5_orders_offset,29.905000000000001,50,True,
benchmark,600,q5_orders_offset,29.936399999999999,50,True,
benchmark,601,q5_orders_offset,35.496600000000001,50,True,
benchmark,602,q5_orders_offset,30.334299999999999,50,True,
benchmark,603,q5_orders_offset,30.507999999999999,50,True,
benchmark,604,q5_orders_offset,29.980899999999998,50,True,
benchmark,605,q5_orders_offset,39.244,50,True,
benchmark,606,q5_orders_offset,30.506599999999999,50,True,
benchmark,607,q5_orders_offset,29.442900000000002,50,True,
benchmark,608,q5_orders_offset,29.580400000000001,50,True,
benchmark,609,q5_orders_offset,34.090499999999999,50,True,
benchmark,610,q5_orders_offset,29.190300000000001,50,True,
benchmark,611,q5_orders_offset,29.277699999999999,50,True,
benchmark,612,q5_orders_offset,32.8812,50,True,
benchmark,613,q5_orders_offset,29.210599999999999,50,True,
benchmark,614,q5_orders_offset,29.331299999999999,50,True,
benchmark,615,q5_orders_offset,30.157900000000001,50,True,
benchmark,616,q5_orders_offset,36.2241,50,True,
benchmark,617,q5_orders_offset,29.3217,50,True,
benchmark,618,q5_orders_offset,29.836500000000001,50,True,
benchmark,619,q5_orders_offset,31.844200000000001,50,True,
benchmark,620,q5_orders_offset,32.5383,50,True,
benchmark,621,q5_orders_offset,42.015099999999997,50,True,
benchmark,622,q5_orders_offset,37.575699999999998,50,True,
benchmark,623,q5_orders_offset,29.825199999999999,50,True,
benchmark,624,q5_orders_offset,35.268799999999999,50,True,
benchmark,625,q5_orders_offset,30.1555,50,True,
benchmark,626,q5_orders_offset,32.332500000000003,50,True,
benchmark,627,q5_orders_offset,32.158499999999997,50,True,
benchmark,628,q5_orders_offset,29.677900000000001,50,True,
benchmark,629,q5_orders_offset,30.305800000000001,50,True,
benchmark,630,q5_orders_offset,30.0762,50,True,
benchmark,631,q5_orders_offset,35.703400000000002,50,True,
benchmark,632,q5_orders_offset,29.654299999999999,50,True,
benchmark,633,q5_orders_offset,31.077999999999999,50,True,
benchmark,634,q5_orders_offset,29.420200000000001,50,True,
benchmark,635,q5_orders_offset,32.954700000000003,50,True,
benchmark,636,q5_orders_offset,29.426400000000001,50,True,
benchmark,637,q5_orders_offset,29.5639,50,True,
benchmark,638,q5_orders_offset,30.106000000000002,50,True,
benchmark,639,q5_orders_offset,37.264899999999997,50,True,
benchmark,640,q5_orders_offset,30.961300000000001,50,True,
benchmark,641,q5_orders_offset,29.281500000000001,50,True,
benchmark,642,q5_orders_offset,32.7911,50,True,
benchmark,643,q5_orders_offset,29.3477,50,True,
benchmark,644,q5_orders_offset,29.756599999999999,50,True,
benchmark,645,q5_orders_offset,29.409400000000002,50,True,
benchmark,646,q5_orders_offset,41.203499999999998,50,True,
benchmark,647,q5_orders_offset,34.403799999999997,50,True,
benchmark,648,q5_orders_offset,30.692499999999999,50,True,
benchmark,649,q5_orders_offset,30.5442,50,True,
benchmark,650,q5_orders_offset,34.632599999999996,50,True,
benchmark,651,q5_orders_offset,31.053999999999998,50,True,
benchmark,652,q5_orders_offset,30.343800000000002,50,True,
benchmark,653,q5_orders_offset,30.126000000000001,50,True,
benchmark,654,q5_orders_offset,38.586399999999998,50,True,
benchmark,655,q5_orders_offset,29.4436,50,True,
benchmark,656,q5_orders_offset,29.438199999999998,50,True,
benchmark,657,q5_orders_offset,29.444700000000001,50,True,
benchmark,658,q5_orders_offset,33.960700000000003,50,True,
benchmark,659,q5_orders_offset,29.399999999999999,50,True,
benchmark,660,q5_orders_offset,29.049299999999999,50,True,
benchmark,661,q5_orders_offset,32.588000000000001,50,True,
benchmark,662,q5_orders_offset,29.305499999999999,50,True,
benchmark,663,q5_orders_offset,29.5916,50,True,
benchmark,664,q5_orders_offset,30.706399999999999,50,True,
benchmark,665,q5_orders_offset,35.098100000000002,50,True,
benchmark,666,q5_orders_offset,29.424900000000001,50,True,
benchmark,667,q5_orders_offset,29.805299999999999,50,True,
benchmark,668,q5_orders_offset,30.873000000000001,50,True,
benchmark,669,q5_orders_offset,31.043500000000002,50,True,
benchmark,670,q5_orders_offset,30.868300000000001,50,True,
benchmark,671,q5_orders_offset,29.322399999999998,50,True,
benchmark,672,q5_orders_offset,29.282399999999999,50,True,
benchmark,673,q5_orders_offset,35.394399999999997,50,True,
benchmark,674,q5_orders_offset,29.334800000000001,50,True,
benchmark,675,q5_orders_offset,30.783000000000001,50,True,
benchmark,676,q5_orders_offset,31.587299999999999,50,True,
benchmark,677,q5_orders_offset,29.5763,50,True,
benchmark,678,q5_orders_offset,29.373000000000001,50,True,
benchmark,679,q5_orders_offset,29.6586,50,True,
benchmark,680,q5_orders_offset,34.750700000000002,50,True,
benchmark,681,q5_orders_offset,29.403199999999998,50,True,
benchmark,682,q5_orders_offset,30.936699999999998,50,True,
benchmark,683,q5_orders_offset,29.440999999999999,50,True,
benchmark,684,q5_orders_offset,32.294499999999999,50,True,
benchmark,685,q5_orders_offset,29.407599999999999,50,True,
benchmark,686,q5_orders_offset,29.288599999999999,50,True,
benchmark,687,q5_orders_offset,29.5382,50,True,
benchmark,688,q5_orders_offset,36.549599999999998,50,True,
benchmark,689,q5_orders_offset,30.718499999999999,50,True,
benchmark,690,q5_orders_offset,29.427,50,True,
benchmark,691,q5_orders_offset,29.445399999999999,50,True,
benchmark,692,q5_orders_offset,32.667499999999997,50,True,
benchmark,693,q5_orders_offset,29.328800000000001,50,True,
benchmark,694,q5_orders_offset,29.5641,50,True,
benchmark,695,q5_orders_offset,35.201999999999998,50,True,
benchmark,696,q5_orders_offset,30.477699999999999,50,True,
benchmark,697,q5_orders_offset,29.1389,50,True,
benchmark,698,q5_orders_offset,29.247699999999998,50,True,
benchmark,699,q5_orders_offset,35.503900000000002,50,True,
benchmark,700,q5_orders_offset,29.304500000000001,50,True,
benchmark,701,q5_orders_offset,30.442900000000002,50,True,
benchmark,702,q5_orders_offset,30.930700000000002,50,True,
benchmark,703,q5_orders_offset,39.549700000000001,50,True,
benchmark,704,q5_orders_offset,30.071200000000001,50,True,
benchmark,705,q5_orders_offset,30.110099999999999,50,True,
benchmark,706,q5_orders_offset,29.708400000000001,50,True,
benchmark,707,q5_orders_offset,34.1541,50,True,
benchmark,708,q5_orders_offset,29.5305,50,True,
benchmark,709,q5_orders_offset,29.614100000000001,50,True,
benchmark,710,q5_orders_offset,34.427999999999997,50,True,
benchmark,711,q5_orders_offset,31.779900000000001,50,True,
benchmark,712,q5_orders_offset,29.217099999999999,50,True,
benchmark,713,q5_orders_offset,29.178999999999998,50,True,
benchmark,714,q5_orders_offset,34.995199999999997,50,True,
benchmark,715,q5_orders_offset,30.023199999999999,50,True,
benchmark,716,q5_orders_offset,29.616,50,True,
benchmark,717,q5_orders_offset,30.9267,50,True,
benchmark,718,q5_orders_offset,31.539200000000001,50,True,
benchmark,719,q5_orders_offset,29.700700000000001,50,True,
benchmark,720,q5_orders_offset,29.427299999999999,50,True,
benchmark,721,q5_orders_offset,29.1493,50,True,
benchmark,722,q5_orders_offset,35.251199999999997,50,True,
benchmark,723,q5_orders_offset,29.337700000000002,50,True,
benchmark,724,q5_orders_offset,30.515999999999998,50,True,
benchmark,725,q5_orders_offset,31.8735,50,True,
benchmark,726,q5_orders_offset,29.2606,50,True,
benchmark,727,q5_orders_offset,29.296199999999999,50,True,
benchmark,728,q5_orders_offset,29.2209,50,True,
benchmark,729,q5_orders_offset,35.1492,50,True,
benchmark,730,q5_orders_offset,31.1126,50,True,
benchmark,731,q5_orders_offset,30.833200000000001,50,True,
benchmark,732,q5_orders_offset,30.0061,50,True,
benchmark,733,q5_orders_offset,33.136499999999998,50,True,
benchmark,734,q5_orders_offset,30.1602,50,True,
benchmark,735,q5_orders_offset,29.4863,50,True,
benchmark,736,q5_orders_offset,30.8917,50,True,
benchmark,737,q5_orders_offset,36.721899999999998,50,True,
benchmark,738,q5_orders_offset,30.816700000000001,50,True,
benchmark,739,q5_orders_offset,29.837499999999999,50,True,
benchmark,740,q5_orders_offset,29.698899999999998,50,True,
benchmark,741,q5_orders_offset,34.5261,50,True,
benchmark,742,q5_orders_offset,29.644300000000001,50,True,
benchmark,743,q5_orders_offset,30.213200000000001,50,True,
benchmark,744,q5_orders_offset,35.786000000000001,50,True,
benchmark,745,q5_orders_offset,33.984400000000001,50,True,
benchmark,746,q5_orders_offset,33.965600000000002,50,True,
benchmark,747,q5_orders_offset,35.693199999999997,50,True,
benchmark,748,q5_orders_offset,35.728900000000003,50,True,
benchmark,749,q5_orders_offset,30.782499999999999,50,True,
benchmark,750,q5_orders_offset,30.447399999999998,50,True,
benchmark,751,q5_orders_offset,29.841000000000001,50,True,
benchmark,752,q5_orders_offset,44.005499999999998,50,True,
benchmark,753,q5_orders_offset,36.144500000000001,50,True,
benchmark,754,q5_orders_offset,31.695499999999999,50,True,
benchmark,755,q5_orders_offset,32.901499999999999,50,True,
benchmark,756,q5_orders_offset,35.669499999999999,50,True,
benchmark,757,q5_orders_offset,30.517800000000001,50,True,
benchmark,758,q5_orders_offset,30.522300000000001,50,True,
benchmark,759,q5_orders_offset,33.948700000000002,50,True,
benchmark,760,q5_orders_offset,29.6143,50,True,
benchmark,761,q5_orders_offset,29.470400000000001,50,True,
benchmark,762,q5_orders_offset,29.4236,50,True,
benchmark,763,q5_orders_offset,34.618499999999997,50,True,
benchmark,764,q5_orders_offset,29.3154,50,True,
benchmark,765,q5_orders_offset,29.2593,50,True,
benchmark,766,q5_orders_offset,30.5794,50,True,
benchmark,767,q5_orders_offset,31.238,50,True,
benchmark,768,q5_orders_offset,29.454599999999999,50,True,
benchmark,769,q5_orders_offset,29.247,50,True,
benchmark,770,q5_orders_offset,29.7607,50,True,
benchmark,771,q5_orders_offset,35.332700000000003,50,True,
benchmark,772,q5_orders_offset,29.260400000000001,50,True,
benchmark,773,q5_orders_offset,30.714700000000001,50,True,
benchmark,774,q5_orders_offset,31.787600000000001,50,True,
benchmark,775,q5_orders_offset,29.413,50,True,
benchmark,776,q5_orders_offset,29.524100000000001,50,True,
benchmark,777,q5_orders_offset,29.305499999999999,50,True,
benchmark,778,q5_orders_offset,34.970599999999997,50,True,
benchmark,779,q5_orders_offset,36.600700000000003,50,True,
benchmark,780,q5_orders_offset,31.0444,50,True,
benchmark,781,q5_orders_offset,29.408000000000001,50,True,
benchmark,782,q5_orders_offset,33.827800000000003,50,True,
benchmark,783,q5_orders_offset,30.789400000000001,50,True,
benchmark,784,q5_orders_offset,30.723199999999999,50,True,
benchmark,785,q5_orders_offset,30.192499999999999,50,True,
benchmark,786,q5_orders_offset,37.058700000000002,50,True,
benchmark,787,q5_orders_offset,30.327200000000001,50,True,
benchmark,788,q5_orders_offset,29.655100000000001,50,True,
benchmark,789,q5_orders_offset,29.237100000000002,50,True,
benchmark,790,q5_orders_offset,33.047199999999997,50,True,
benchmark,791,q5_orders_offset,29.404499999999999,50,True,
benchmark,792,q5_orders_offset,29.3537,50,True,
benchmark,793,q5_orders_offset,37.197499999999998,50,True,
benchmark,794,q5_orders_offset,30.343299999999999,50,True,
benchmark,795,q5_orders_offset,29.4697,50,True,
benchmark,796,q5_orders_offset,29.563600000000001,50,True,
benchmark,797,q5_orders_offset,33.795000000000002,50,True,
benchmark,798,q5_orders_offset,29.834299999999999,50,True,
benchmark,799,q5_orders_offset,29.3264,50,True,
benchmark,800,q5_orders_offset,29.893799999999999,50,True,
benchmark,801,q5_orders_offset,41.691800000000001,50,True,
benchmark,802,q5_orders_offset,30.434899999999999,50,True,
benchmark,803,q5_orders_offset,30.695699999999999,50,True,
benchmark,804,q5_orders_offset,30.684999999999999,50,True,
benchmark,805,q5_orders_offset,34.979700000000001,50,True,
benchmark,806,q5_orders_offset,30.2212,50,True,
benchmark,807,q5_orders_offset,31.386900000000001,50,True,
benchmark,808,q5_orders_offset,35.527200000000001,50,True,
benchmark,809,q5_orders_offset,32.859000000000002,50,True,
benchmark,810,q5_orders_offset,32.155999999999999,50,True,
benchmark,811,q5_orders_offset,31.959700000000002,50,True,
benchmark,812,q5_orders_offset,37.133800000000001,50,True,
benchmark,813,q5_orders_offset,30.5642,50,True,
benchmark,814,q5_orders_offset,30.2044,50,True,
benchmark,815,q5_orders_offset,30.867599999999999,50,True,
benchmark,816,q5_orders_offset,31.347799999999999,50,True,
benchmark,817,q5_orders_offset,29.438600000000001,50,True,
benchmark,818,q5_orders_offset,29.1873,50,True,
benchmark,819,q5_orders_offset,29.2288,50,True,
benchmark,820,q5_orders_offset,35.565399999999997,50,True,
benchmark,821,q5_orders_offset,29.525600000000001,50,True,
benchmark,822,q5_orders_offset,30.434200000000001,50,True,
benchmark,823,q5_orders_offset,29.5702,50,True,
benchmark,824,q5_orders_offset,31.8277,50,True,
benchmark,825,q5_orders_offset,29.257999999999999,50,True,
benchmark,826,q5_orders_offset,29.422499999999999,50,True,
benchmark,827,q5_orders_offset,35.121899999999997,50,True,
benchmark,828,q5_orders_offset,29.370000000000001,50,True,
benchmark,829,q5_orders_offset,31.2959,50,True,
benchmark,830,q5_orders_offset,29.627500000000001,50,True,
benchmark,831,q5_orders_offset,32.799700000000001,50,True,
benchmark,832,q5_orders_offset,29.534600000000001,50,True,
benchmark,833,q5_orders_offset,29.699200000000001,50,True,
benchmark,834,q5_orders_offset,29.3687,50,True,
benchmark,835,q5_orders_offset,36.731699999999996,50,True,
benchmark,836,q5_orders_offset,30.474,50,True,
benchmark,837,q5_orders_offset,29.578800000000001,50,True,
benchmark,838,q5_orders_offset,29.308499999999999,50,True,
benchmark,839,q5_orders_offset,33.201500000000003,50,True,
benchmark,840,q5_orders_offset,29.474900000000002,50,True,
benchmark,841,q5_orders_offset,29.5289,50,True,
benchmark,842,q5_orders_offset,36.979999999999997,50,True,
benchmark,843,q5_orders_offset,30.566600000000001,50,True,
benchmark,844,q5_orders_offset,29.589500000000001,50,True,
benchmark,845,q5_orders_offset,29.370000000000001,50,True,
benchmark,846,q5_orders_offset,34.099600000000002,50,True,
benchmark,847,q5_orders_offset,29.456800000000001,50,True,
benchmark,848,q5_orders_offset,29.4237,50,True,
benchmark,849,q5_orders_offset,29.410699999999999,50,True,
benchmark,850,q5_orders_offset,39.831499999999998,50,True,
benchmark,851,q5_orders_offset,30.242599999999999,50,True,
benchmark,852,q5_orders_offset,29.522600000000001,50,True,
benchmark,853,q5_orders_offset,29.5139,50,True,
benchmark,854,q5_orders_offset,35.506500000000003,50,True,
benchmark,855,q5_orders_offset,29.386900000000001,50,True,
benchmark,856,q5_orders_offset,29.273399999999999,50,True,
benchmark,857,q5_orders_offset,32.128599999999999,50,True,
benchmark,858,q5_orders_offset,29.444700000000001,50,True,
benchmark,859,q5_orders_offset,29.316299999999998,50,True,
benchmark,860,q5_orders_offset,29.435500000000001,50,True,
benchmark,861,q5_orders_offset,34.936199999999999,50,True,
benchmark,862,q5_orders_offset,29.4175,50,True,
benchmark,863,q5_orders_offset,29.2407,50,True,
benchmark,864,q5_orders_offset,30.790800000000001,50,True,
benchmark,865,q5_orders_offset,31.7346,50,True,
benchmark,866,q5_orders_offset,29.549499999999998,50,True,
benchmark,867,q5_orders_offset,29.142299999999999,50,True,
benchmark,868,q5_orders_offset,30.5944,50,True,
benchmark,869,q5_orders_offset,35.7224,50,True,
benchmark,870,q5_orders_offset,29.282800000000002,50,True,
benchmark,871,q5_orders_offset,30.6053,50,True,
benchmark,872,q5_orders_offset,29.995999999999999,50,True,
benchmark,873,q5_orders_offset,32.460599999999999,50,True,
benchmark,874,q5_orders_offset,29.220800000000001,50,True,
benchmark,875,q5_orders_offset,29.262899999999998,50,True,
benchmark,876,q5_orders_offset,35.535800000000002,50,True,
benchmark,877,q5_orders_offset,30.598500000000001,50,True,
benchmark,878,q5_orders_offset,30.301300000000001,50,True,
benchmark,879,q5_orders_offset,29.5838,50,True,
benchmark,880,q5_orders_offset,32.701000000000001,50,True,
benchmark,881,q5_orders_offset,29.470199999999998,50,True,
benchmark,882,q5_orders_offset,29.281300000000002,50,True,
benchmark,883,q5_orders_offset,29.1905,50,True,
benchmark,884,q5_orders_offset,36.667000000000002,50,True,
benchmark,885,q5_orders_offset,30.415900000000001,50,True,
benchmark,886,q5_orders_offset,29.9269,50,True,
benchmark,887,q5_orders_offset,35.389299999999999,50,True,
benchmark,888,q5_orders_offset,34.080399999999997,50,True,
benchmark,889,q5_orders_offset,30.419,50,True,
benchmark,890,q5_orders_offset,30.064900000000002,50,True,
benchmark,891,q5_orders_offset,37.768000000000001,50,True,
benchmark,892,q5_orders_offset,30.5916,50,True,
benchmark,893,q5_orders_offset,30.0701,50,True,
benchmark,894,q5_orders_offset,29.811800000000002,50,True,
benchmark,895,q5_orders_offset,34.314,50,True,
benchmark,896,q5_orders_offset,29.428000000000001,50,True,
benchmark,897,q5_orders_offset,29.854299999999999,50,True,
benchmark,898,q5_orders_offset,29.3765,50,True,
benchmark,899,q5_orders_offset,40.132199999999997,50,True,
benchmark,900,q5_orders_offset,29.686699999999998,50,True,
benchmark,901,q5_orders_offset,32.162399999999998,50,True,
benchmark,902,q5_orders_offset,30.908200000000001,50,True,
benchmark,903,q5_orders_offset,35.317799999999998,50,True,
benchmark,904,q5_orders_offset,30.602,50,True,
benchmark,905,q5_orders_offset,29.604399999999998,50,True,
benchmark,906,q5_orders_offset,32.441600000000001,50,True,
benchmark,907,q5_orders_offset,29.758400000000002,50,True,
benchmark,908,q5_orders_offset,29.523399999999999,50,True,
benchmark,909,q5_orders_offset,29.361499999999999,50,True,
benchmark,910,q5_orders_offset,35.189799999999998,50,True,
benchmark,911,q5_orders_offset,29.5306,50,True,
benchmark,912,q5_orders_offset,29.219899999999999,50,True,
benchmark,913,q5_orders_offset,31.430599999999998,50,True,
benchmark,914,q5_orders_offset,31.652200000000001,50,True,
benchmark,915,q5_orders_offset,29.675000000000001,50,True,
benchmark,916,q5_orders_offset,29.268699999999999,50,True,
benchmark,917,q5_orders_offset,29.7578,50,True,
benchmark,918,q5_orders_offset,36.228099999999998,50,True,
benchmark,919,q5_orders_offset,30.521899999999999,50,True,
benchmark,920,q5_orders_offset,31.3429,50,True,
benchmark,921,q5_orders_offset,31.701599999999999,50,True,
benchmark,922,q5_orders_offset,34.771799999999999,50,True,
benchmark,923,q5_orders_offset,32.332500000000003,50,True,
benchmark,924,q5_orders_offset,32.602200000000003,50,True,
benchmark,925,q5_orders_offset,39.517499999999998,50,True,
benchmark,926,q5_orders_offset,31.503900000000002,50,True,
benchmark,927,q5_orders_offset,33.695900000000002,50,True,
benchmark,928,q5_orders_offset,31.554400000000001,50,True,
benchmark,929,q5_orders_offset,35.487900000000003,50,True,
benchmark,930,q5_orders_offset,31.8231,50,True,
benchmark,931,q5_orders_offset,32.497500000000002,50,True,
benchmark,932,q5_orders_offset,31.495999999999999,50,True,
benchmark,933,q5_orders_offset,39.298499999999997,50,True,
benchmark,934,q5_orders_offset,32.2836,50,True,
benchmark,935,q5_orders_offset,31.523,50,True,
benchmark,936,q5_orders_offset,31.435700000000001,50,True,
benchmark,937,q5_orders_offset,35.8797,50,True,
benchmark,938,q5_orders_offset,31.3567,50,True,
benchmark,939,q5_orders_offset,31.4937,50,True,
benchmark,940,q5_orders_offset,40.555399999999999,50,True,
benchmark,941,q5_orders_offset,32.820500000000003,50,True,
benchmark,942,q5_orders_offset,31.598700000000001,50,True,
benchmark,943,q5_orders_offset,31.933599999999998,50,True,
benchmark,944,q5_orders_offset,36.386699999999998,50,True,
benchmark,945,q5_orders_offset,31.520399999999999,50,True,
benchmark,946,q5_orders_offset,31.253699999999998,50,True,
benchmark,947,q5_orders_offset,31.0871,50,True,
benchmark,948,q5_orders_offset,45.014899999999997,50,True,
benchmark,949,q5_orders_offset,31.980699999999999,50,True,
benchmark,950,q5_orders_offset,31.782399999999999,50,True,
benchmark,951,q5_orders_offset,31.290600000000001,50,True,
benchmark,952,q5_orders_offset,36.032600000000002,50,True,
benchmark,953,q5_orders_offset,31.1145,50,True,
benchmark,954,q5_orders_offset,31.067399999999999,50,True,
benchmark,955,q5_orders_offset,32.313699999999997,50,True,
benchmark,956,q5_orders_offset,32.955199999999998,50,True,
benchmark,957,q5_orders_offset,31.433299999999999,50,True,
benchmark,958,q5_orders_offset,31.342099999999999,50,True,
benchmark,959,q5_orders_offset,38.559600000000003,50,True,
benchmark,960,q5_orders_offset,31.494599999999998,50,True,
benchmark,961,q5_orders_offset,31.089300000000001,50,True,
benchmark,962,q5_orders_offset,32.290700000000001,50,True,
benchmark,963,q5_orders_offset,33.584000000000003,50,True,
benchmark,964,q5_orders_offset,31.228100000000001,50,True,
benchmark,965,q5_orders_offset,31.167000000000002,50,True,
benchmark,966,q5_orders_offset,31.460000000000001,50,True,
benchmark,967,q5_orders_offset,38.496699999999997,50,True,
benchmark,968,q5_orders_offset,30.347300000000001,50,True,
benchmark,969,q5_orders_offset,30.928599999999999,50,True,
benchmark,970,q5_orders_offset,30.1813,50,True,
benchmark,971,q5_orders_offset,32.5304,50,True,
benchmark,972,q5_orders_offset,29.877500000000001,50,True,
benchmark,973,q5_orders_offset,29.448799999999999,50,True,
benchmark,974,q5_orders_offset,34.718800000000002,50,True,
benchmark,975,q5_orders_offset,30.462299999999999,50,True,
benchmark,976,q5_orders_offset,30.529399999999999,50,True,
benchmark,977,q5_orders_offset,29.287600000000001,50,True,
benchmark,978,q5_orders_offset,32.747399999999999,50,True,
benchmark,979,q5_orders_offset,29.394600000000001,50,True,
benchmark,980,q5_orders_offset,29.476500000000001,50,True,
benchmark,981,q5_orders_offset,29.4023,50,True,
benchmark,982,q5_orders_offset,36.7973,50,True,
benchmark,983,q5_orders_offset,30.451899999999998,50,True,
benchmark,984,q5_orders_offset,29.619499999999999,50,True,
benchmark,985,q5_orders_offset,29.573899999999998,50,True,
benchmark,986,q5_orders_offset,33.637599999999999,50,True,
benchmark,987,q5_orders_offset,29.379799999999999,50,True,
benchmark,988,q5_orders_offset,29.7423,50,True,
benchmark,989,q5_orders_offset,37.346200000000003,50,True,
benchmark,990,q5_orders_offset,30.713899999999999,50,True,
benchmark,991,q5_orders_offset,29.681799999999999,50,True,
benchmark,992,q5_orders_offset,29.431699999999999,50,True,
benchmark,993,q5_orders_offset,34.221899999999998,50,True,
benchmark,994,q5_orders_offset,29.267900000000001,50,True,
benchmark,995,q5_orders_offset,29.353999999999999,50,True,
benchmark,996,q5_orders_offset,29.381,50,True,
benchmark,997,q5_orders_offset,41.274999999999999,50,True,
benchmark,998,q5_orders_offset,30.843299999999999,50,True,
benchmark,999,q5_orders_offset,30.452200000000001,50,True,
benchmark,1000,q5_orders_offset,29.572500000000002,50,True,
benchmark,1,q6_products_by_seller,2.0164,1,True,
benchmark,2,q6_products_by_seller,1.2518,1,True,
benchmark,3,q6_products_by_seller,1.0711999999999999,1,True,
benchmark,4,q6_products_by_seller,1.2335,2,True,
benchmark,5,q6_products_by_seller,0.58909999999999996,0,True,
benchmark,6,q6_products_by_seller,0.83599999999999997,1,True,
benchmark,7,q6_products_by_seller,0.7298,1,True,
benchmark,8,q6_products_by_seller,0.65459999999999996,1,True,
benchmark,9,q6_products_by_seller,0.34689999999999999,0,True,
benchmark,10,q6_products_by_seller,0.74660000000000004,1,True,
benchmark,11,q6_products_by_seller,0.80020000000000002,1,True,
benchmark,12,q6_products_by_seller,0.81279999999999997,4,True,
benchmark,13,q6_products_by_seller,0.71330000000000005,4,True,
benchmark,14,q6_products_by_seller,0.70820000000000005,2,True,
benchmark,15,q6_products_by_seller,0.36520000000000002,0,True,
benchmark,16,q6_products_by_seller,0.3634,0,True,
benchmark,17,q6_products_by_seller,0.68659999999999999,1,True,
benchmark,18,q6_products_by_seller,0.35970000000000002,0,True,
benchmark,19,q6_products_by_seller,0.35720000000000002,0,True,
benchmark,20,q6_products_by_seller,0.77090000000000003,3,True,
benchmark,21,q6_products_by_seller,0.36299999999999999,0,True,
benchmark,22,q6_products_by_seller,0.66710000000000003,1,True,
benchmark,23,q6_products_by_seller,0.42670000000000002,0,True,
benchmark,24,q6_products_by_seller,0.3488,0,True,
benchmark,25,q6_products_by_seller,0.3417,0,True,
benchmark,26,q6_products_by_seller,0.33850000000000002,0,True,
benchmark,27,q6_products_by_seller,0.63580000000000003,1,True,
benchmark,28,q6_products_by_seller,0.64100000000000001,1,True,
benchmark,29,q6_products_by_seller,0.34179999999999999,0,True,
benchmark,30,q6_products_by_seller,0.65980000000000005,2,True,
benchmark,31,q6_products_by_seller,0.34379999999999999,0,True,
benchmark,32,q6_products_by_seller,0.63029999999999997,1,True,
benchmark,33,q6_products_by_seller,0.6462,1,True,
benchmark,34,q6_products_by_seller,4.9931000000000001,1,True,
benchmark,35,q6_products_by_seller,1.9198999999999999,1,True,
benchmark,36,q6_products_by_seller,1.7668999999999999,1,True,
benchmark,37,q6_products_by_seller,0.81030000000000002,0,True,
benchmark,38,q6_products_by_seller,0.7359,0,True,
benchmark,39,q6_products_by_seller,1.3592,3,True,
benchmark,40,q6_products_by_seller,0.98309999999999997,1,True,
benchmark,41,q6_products_by_seller,0.99229999999999996,2,True,
benchmark,42,q6_products_by_seller,0.84130000000000005,1,True,
benchmark,43,q6_products_by_seller,0.38240000000000002,0,True,
benchmark,44,q6_products_by_seller,0.60909999999999997,0,True,
benchmark,45,q6_products_by_seller,0.82989999999999997,1,True,
benchmark,46,q6_products_by_seller,0.78759999999999997,3,True,
benchmark,47,q6_products_by_seller,0.77769999999999995,1,True,
benchmark,48,q6_products_by_seller,0.37980000000000003,0,True,
benchmark,49,q6_products_by_seller,0.41970000000000002,0,True,
benchmark,50,q6_products_by_seller,0.73839999999999995,1,True,
benchmark,51,q6_products_by_seller,0.78110000000000002,2,True,
benchmark,52,q6_products_by_seller,0.52029999999999998,0,True,
benchmark,53,q6_products_by_seller,0.61360000000000003,0,True,
benchmark,54,q6_products_by_seller,0.87770000000000004,2,True,
benchmark,55,q6_products_by_seller,0.80589999999999995,2,True,
benchmark,56,q6_products_by_seller,0.80149999999999999,1,True,
benchmark,57,q6_products_by_seller,0.70330000000000004,1,True,
benchmark,58,q6_products_by_seller,0.37080000000000002,0,True,
benchmark,59,q6_products_by_seller,0.67620000000000002,2,True,
benchmark,60,q6_products_by_seller,0.65369999999999995,1,True,
benchmark,61,q6_products_by_seller,0.64700000000000002,1,True,
benchmark,62,q6_products_by_seller,0.68089999999999995,3,True,
benchmark,63,q6_products_by_seller,0.34760000000000002,0,True,
benchmark,64,q6_products_by_seller,0.67130000000000001,3,True,
benchmark,65,q6_products_by_seller,0.67390000000000005,1,True,
benchmark,66,q6_products_by_seller,0.65410000000000001,2,True,
benchmark,67,q6_products_by_seller,0.3478,0,True,
benchmark,68,q6_products_by_seller,0.6573,2,True,
benchmark,69,q6_products_by_seller,0.65129999999999999,1,True,
benchmark,70,q6_products_by_seller,0.33879999999999999,0,True,
benchmark,71,q6_products_by_seller,0.33710000000000001,0,True,
benchmark,72,q6_products_by_seller,0.33860000000000001,0,True,
benchmark,73,q6_products_by_seller,0.79459999999999997,2,True,
benchmark,74,q6_products_by_seller,0.41199999999999998,0,True,
benchmark,75,q6_products_by_seller,0.67120000000000002,1,True,
benchmark,76,q6_products_by_seller,0.66339999999999999,1,True,
benchmark,77,q6_products_by_seller,0.35160000000000002,0,True,
benchmark,78,q6_products_by_seller,0.67090000000000005,2,True,
benchmark,79,q6_products_by_seller,0.34599999999999997,0,True,
benchmark,80,q6_products_by_seller,0.77629999999999999,1,True,
benchmark,81,q6_products_by_seller,0.71240000000000003,1,True,
benchmark,82,q6_products_by_seller,0.69299999999999995,2,True,
benchmark,83,q6_products_by_seller,0.70809999999999995,2,True,
benchmark,84,q6_products_by_seller,1.0466,4,True,
benchmark,85,q6_products_by_seller,0.66890000000000005,2,True,
benchmark,86,q6_products_by_seller,0.35560000000000003,0,True,
benchmark,87,q6_products_by_seller,0.34560000000000002,0,True,
benchmark,88,q6_products_by_seller,0.66500000000000004,2,True,
benchmark,89,q6_products_by_seller,0.66390000000000005,1,True,
benchmark,90,q6_products_by_seller,0.72889999999999999,2,True,
benchmark,91,q6_products_by_seller,0.67459999999999998,2,True,
benchmark,92,q6_products_by_seller,0.36449999999999999,0,True,
benchmark,93,q6_products_by_seller,0.67090000000000005,2,True,
benchmark,94,q6_products_by_seller,0.65269999999999995,1,True,
benchmark,95,q6_products_by_seller,0.6643,2,True,
benchmark,96,q6_products_by_seller,0.36599999999999999,0,True,
benchmark,97,q6_products_by_seller,0.66000000000000003,1,True,
benchmark,98,q6_products_by_seller,0.34660000000000002,0,True,
benchmark,99,q6_products_by_seller,0.66769999999999996,2,True,
benchmark,100,q6_products_by_seller,0.35749999999999998,0,True,
benchmark,101,q6_products_by_seller,1.8784000000000001,1,True,
benchmark,102,q6_products_by_seller,1.6095999999999999,1,True,
benchmark,103,q6_products_by_seller,1.403,1,True,
benchmark,104,q6_products_by_seller,1.0443,2,True,
benchmark,105,q6_products_by_seller,0.46899999999999997,0,True,
benchmark,106,q6_products_by_seller,0.74429999999999996,1,True,
benchmark,107,q6_products_by_seller,0.85019999999999996,1,True,
benchmark,108,q6_products_by_seller,0.80820000000000003,1,True,
benchmark,109,q6_products_by_seller,0.4325,0,True,
benchmark,110,q6_products_by_seller,0.79990000000000006,1,True,
benchmark,111,q6_products_by_seller,0.6411,1,True,
benchmark,112,q6_products_by_seller,0.67559999999999998,4,True,
benchmark,113,q6_products_by_seller,0.67279999999999995,4,True,
benchmark,114,q6_products_by_seller,0.66549999999999998,2,True,
benchmark,115,q6_products_by_seller,0.34039999999999998,0,True,
benchmark,116,q6_products_by_seller,0.33689999999999998,0,True,
benchmark,117,q6_products_by_seller,0.63800000000000001,1,True,
benchmark,118,q6_products_by_seller,0.33750000000000002,0,True,
benchmark,119,q6_products_by_seller,0.33660000000000001,0,True,
benchmark,120,q6_products_by_seller,0.64629999999999999,3,True,
benchmark,121,q6_products_by_seller,0.43440000000000001,0,True,
benchmark,122,q6_products_by_seller,0.76239999999999997,1,True,
benchmark,123,q6_products_by_seller,0.35499999999999998,0,True,
benchmark,124,q6_products_by_seller,0.34799999999999998,0,True,
benchmark,125,q6_products_by_seller,0.34250000000000003,0,True,
benchmark,126,q6_products_by_seller,0.34560000000000002,0,True,
benchmark,127,q6_products_by_seller,0.8125,1,True,
benchmark,128,q6_products_by_seller,0.73460000000000003,1,True,
benchmark,129,q6_products_by_seller,0.37159999999999999,0,True,
benchmark,130,q6_products_by_seller,0.69259999999999999,2,True,
benchmark,131,q6_products_by_seller,0.3579,0,True,
benchmark,132,q6_products_by_seller,0.87990000000000002,1,True,
benchmark,133,q6_products_by_seller,0.65629999999999999,1,True,
benchmark,134,q6_products_by_seller,0.66249999999999998,1,True,
benchmark,135,q6_products_by_seller,0.67490000000000006,1,True,
benchmark,136,q6_products_by_seller,0.67420000000000002,1,True,
benchmark,137,q6_products_by_seller,0.34989999999999999,0,True,
benchmark,138,q6_products_by_seller,0.35909999999999997,0,True,
benchmark,139,q6_products_by_seller,0.72940000000000005,3,True,
benchmark,140,q6_products_by_seller,0.66120000000000001,1,True,
benchmark,141,q6_products_by_seller,0.76100000000000001,2,True,
benchmark,142,q6_products_by_seller,0.66320000000000001,1,True,
benchmark,143,q6_products_by_seller,0.35399999999999998,0,True,
benchmark,144,q6_products_by_seller,0.3448,0,True,
benchmark,145,q6_products_by_seller,0.64690000000000003,1,True,
benchmark,146,q6_products_by_seller,0.66879999999999995,3,True,
benchmark,147,q6_products_by_seller,0.64890000000000003,1,True,
benchmark,148,q6_products_by_seller,0.34489999999999998,0,True,
benchmark,149,q6_products_by_seller,0.34279999999999999,0,True,
benchmark,150,q6_products_by_seller,0.75429999999999997,1,True,
benchmark,151,q6_products_by_seller,0.71789999999999998,2,True,
benchmark,152,q6_products_by_seller,0.35970000000000002,0,True,
benchmark,153,q6_products_by_seller,0.3533,0,True,
benchmark,154,q6_products_by_seller,0.66669999999999996,2,True,
benchmark,155,q6_products_by_seller,0.79820000000000002,2,True,
benchmark,156,q6_products_by_seller,0.87680000000000002,1,True,
benchmark,157,q6_products_by_seller,0.77669999999999995,1,True,
benchmark,158,q6_products_by_seller,0.36980000000000002,0,True,
benchmark,159,q6_products_by_seller,0.74639999999999995,2,True,
benchmark,160,q6_products_by_seller,0.67000000000000004,1,True,
benchmark,161,q6_products_by_seller,0.6482,1,True,
benchmark,162,q6_products_by_seller,0.67149999999999999,3,True,
benchmark,163,q6_products_by_seller,0.34350000000000003,0,True,
benchmark,164,q6_products_by_seller,0.65690000000000004,3,True,
benchmark,165,q6_products_by_seller,0.6492,1,True,
benchmark,166,q6_products_by_seller,0.66090000000000004,2,True,
benchmark,167,q6_products_by_seller,0.34810000000000002,0,True,
benchmark,168,q6_products_by_seller,0.65010000000000001,2,True,
benchmark,169,q6_products_by_seller,0.67120000000000002,1,True,
benchmark,170,q6_products_by_seller,0.34370000000000001,0,True,
benchmark,171,q6_products_by_seller,0.34160000000000001,0,True,
benchmark,172,q6_products_by_seller,0.34079999999999999,0,True,
benchmark,173,q6_products_by_seller,0.6452,2,True,
benchmark,174,q6_products_by_seller,0.3498,0,True,
benchmark,175,q6_products_by_seller,0.66139999999999999,1,True,
benchmark,176,q6_products_by_seller,0.67259999999999998,1,True,
benchmark,177,q6_products_by_seller,0.36649999999999999,0,True,
benchmark,178,q6_products_by_seller,0.71870000000000001,2,True,
benchmark,179,q6_products_by_seller,0.35549999999999998,0,True,
benchmark,180,q6_products_by_seller,0.66449999999999998,1,True,
benchmark,181,q6_products_by_seller,0.67169999999999996,1,True,
benchmark,182,q6_products_by_seller,0.6734,2,True,
benchmark,183,q6_products_by_seller,0.74690000000000001,2,True,
benchmark,184,q6_products_by_seller,0.73350000000000004,4,True,
benchmark,185,q6_products_by_seller,0.73370000000000002,2,True,
benchmark,186,q6_products_by_seller,0.36420000000000002,0,True,
benchmark,187,q6_products_by_seller,0.36159999999999998,0,True,
benchmark,188,q6_products_by_seller,0.68179999999999996,2,True,
benchmark,189,q6_products_by_seller,0.95289999999999997,1,True,
benchmark,190,q6_products_by_seller,0.68640000000000001,2,True,
benchmark,191,q6_products_by_seller,0.74729999999999996,2,True,
benchmark,192,q6_products_by_seller,0.36559999999999998,0,True,
benchmark,193,q6_products_by_seller,0.69120000000000004,2,True,
benchmark,194,q6_products_by_seller,0.65439999999999998,1,True,
benchmark,195,q6_products_by_seller,0.6714,2,True,
benchmark,196,q6_products_by_seller,0.35699999999999998,0,True,
benchmark,197,q6_products_by_seller,0.66990000000000005,1,True,
benchmark,198,q6_products_by_seller,0.371,0,True,
benchmark,199,q6_products_by_seller,0.67869999999999997,2,True,
benchmark,200,q6_products_by_seller,0.34699999999999998,0,True,
benchmark,201,q6_products_by_seller,2.0388999999999999,1,True,
benchmark,202,q6_products_by_seller,1.3825000000000001,1,True,
benchmark,203,q6_products_by_seller,1.2637,1,True,
benchmark,204,q6_products_by_seller,1.0448999999999999,2,True,
benchmark,205,q6_products_by_seller,0.59850000000000003,0,True,
benchmark,206,q6_products_by_seller,1.1204000000000001,1,True,
benchmark,207,q6_products_by_seller,1.1113,1,True,
benchmark,208,q6_products_by_seller,0.79220000000000002,1,True,
benchmark,209,q6_products_by_seller,0.39610000000000001,0,True,
benchmark,210,q6_products_by_seller,0.78890000000000005,1,True,
benchmark,211,q6_products_by_seller,0.78469999999999995,1,True,
benchmark,212,q6_products_by_seller,0.85360000000000003,4,True,
benchmark,213,q6_products_by_seller,0.6986,4,True,
benchmark,214,q6_products_by_seller,0.66739999999999999,2,True,
benchmark,215,q6_products_by_seller,0.36280000000000001,0,True,
benchmark,216,q6_products_by_seller,0.34150000000000003,0,True,
benchmark,217,q6_products_by_seller,0.90880000000000005,1,True,
benchmark,218,q6_products_by_seller,0.60150000000000003,0,True,
benchmark,219,q6_products_by_seller,0.60450000000000004,0,True,
benchmark,220,q6_products_by_seller,0.99480000000000002,3,True,
benchmark,221,q6_products_by_seller,0.36080000000000001,0,True,
benchmark,222,q6_products_by_seller,0.70669999999999999,1,True,
benchmark,223,q6_products_by_seller,0.3589,0,True,
benchmark,224,q6_products_by_seller,0.34670000000000001,0,True,
benchmark,225,q6_products_by_seller,0.3448,0,True,
benchmark,226,q6_products_by_seller,0.3382,0,True,
benchmark,227,q6_products_by_seller,0.65480000000000005,1,True,
benchmark,228,q6_products_by_seller,0.64639999999999997,1,True,
benchmark,229,q6_products_by_seller,0.33679999999999999,0,True,
benchmark,230,q6_products_by_seller,0.84660000000000002,2,True,
benchmark,231,q6_products_by_seller,0.5081,0,True,
benchmark,232,q6_products_by_seller,0.92700000000000005,1,True,
benchmark,233,q6_products_by_seller,0.73060000000000003,1,True,
benchmark,234,q6_products_by_seller,0.65849999999999997,1,True,
benchmark,235,q6_products_by_seller,0.65559999999999996,1,True,
benchmark,236,q6_products_by_seller,0.65280000000000005,1,True,
benchmark,237,q6_products_by_seller,0.35260000000000002,0,True,
benchmark,238,q6_products_by_seller,0.37740000000000001,0,True,
benchmark,239,q6_products_by_seller,0.68669999999999998,3,True,
benchmark,240,q6_products_by_seller,0.69030000000000002,1,True,
benchmark,241,q6_products_by_seller,0.67449999999999999,2,True,
benchmark,242,q6_products_by_seller,0.68269999999999997,1,True,
benchmark,243,q6_products_by_seller,0.3553,0,True,
benchmark,244,q6_products_by_seller,0.35549999999999998,0,True,
benchmark,245,q6_products_by_seller,0.65310000000000001,1,True,
benchmark,246,q6_products_by_seller,0.76449999999999996,3,True,
benchmark,247,q6_products_by_seller,0.72399999999999998,1,True,
benchmark,248,q6_products_by_seller,0.38879999999999998,0,True,
benchmark,249,q6_products_by_seller,0.34820000000000001,0,True,
benchmark,250,q6_products_by_seller,0.66810000000000003,1,True,
benchmark,251,q6_products_by_seller,1.3300000000000001,2,True,
benchmark,252,q6_products_by_seller,0.37119999999999997,0,True,
benchmark,253,q6_products_by_seller,0.34489999999999998,0,True,
benchmark,254,q6_products_by_seller,0.6673,2,True,
benchmark,255,q6_products_by_seller,0.67200000000000004,2,True,
benchmark,256,q6_products_by_seller,0.66120000000000001,1,True,
benchmark,257,q6_products_by_seller,0.69320000000000004,1,True,
benchmark,258,q6_products_by_seller,0.35270000000000001,0,True,
benchmark,259,q6_products_by_seller,0.64839999999999998,2,True,
benchmark,260,q6_products_by_seller,0.66900000000000004,1,True,
benchmark,261,q6_products_by_seller,0.65200000000000002,1,True,
benchmark,262,q6_products_by_seller,0.68269999999999997,3,True,
benchmark,263,q6_products_by_seller,0.40510000000000002,0,True,
benchmark,264,q6_products_by_seller,0.85250000000000004,3,True,
benchmark,265,q6_products_by_seller,0.91890000000000005,1,True,
benchmark,266,q6_products_by_seller,0.6764,2,True,
benchmark,267,q6_products_by_seller,0.34599999999999997,0,True,
benchmark,268,q6_products_by_seller,0.66849999999999998,2,True,
benchmark,269,q6_products_by_seller,0.6593,1,True,
benchmark,270,q6_products_by_seller,0.35599999999999998,0,True,
benchmark,271,q6_products_by_seller,0.35070000000000001,0,True,
benchmark,272,q6_products_by_seller,0.3533,0,True,
benchmark,273,q6_products_by_seller,0.75919999999999999,2,True,
benchmark,274,q6_products_by_seller,0.36990000000000001,0,True,
benchmark,275,q6_products_by_seller,0.71909999999999996,1,True,
benchmark,276,q6_products_by_seller,0.7712,1,True,
benchmark,277,q6_products_by_seller,0.41720000000000002,0,True,
benchmark,278,q6_products_by_seller,0.84289999999999998,2,True,
benchmark,279,q6_products_by_seller,0.36780000000000002,0,True,
benchmark,280,q6_products_by_seller,0.73960000000000004,1,True,
benchmark,281,q6_products_by_seller,0.71550000000000002,1,True,
benchmark,282,q6_products_by_seller,0.77090000000000003,2,True,
benchmark,283,q6_products_by_seller,0.68310000000000004,2,True,
benchmark,284,q6_products_by_seller,0.68610000000000004,4,True,
benchmark,285,q6_products_by_seller,0.65990000000000004,2,True,
benchmark,286,q6_products_by_seller,0.35060000000000002,0,True,
benchmark,287,q6_products_by_seller,0.36259999999999998,0,True,
benchmark,288,q6_products_by_seller,0.67379999999999995,2,True,
benchmark,289,q6_products_by_seller,0.6573,1,True,
benchmark,290,q6_products_by_seller,0.67830000000000001,2,True,
benchmark,291,q6_products_by_seller,0.67969999999999997,2,True,
benchmark,292,q6_products_by_seller,0.35599999999999998,0,True,
benchmark,293,q6_products_by_seller,0.65769999999999995,2,True,
benchmark,294,q6_products_by_seller,0.66110000000000002,1,True,
benchmark,295,q6_products_by_seller,0.66620000000000001,2,True,
benchmark,296,q6_products_by_seller,0.41589999999999999,0,True,
benchmark,297,q6_products_by_seller,0.91290000000000004,1,True,
benchmark,298,q6_products_by_seller,0.44209999999999999,0,True,
benchmark,299,q6_products_by_seller,0.8397,2,True,
benchmark,300,q6_products_by_seller,0.49130000000000001,0,True,
benchmark,301,q6_products_by_seller,2.0013999999999998,1,True,
benchmark,302,q6_products_by_seller,1.5097,1,True,
benchmark,303,q6_products_by_seller,2.1208999999999998,1,True,
benchmark,304,q6_products_by_seller,1.5826,2,True,
benchmark,305,q6_products_by_seller,0.90610000000000002,0,True,
benchmark,306,q6_products_by_seller,1.6959,1,True,
benchmark,307,q6_products_by_seller,1.4006000000000001,1,True,
benchmark,308,q6_products_by_seller,1.7403999999999999,1,True,
benchmark,309,q6_products_by_seller,0.71589999999999998,0,True,
benchmark,310,q6_products_by_seller,1.3442000000000001,1,True,
benchmark,311,q6_products_by_seller,1.3082,1,True,
benchmark,312,q6_products_by_seller,1.3354999999999999,4,True,
benchmark,313,q6_products_by_seller,1.0750999999999999,4,True,
benchmark,314,q6_products_by_seller,1.4320999999999999,2,True,
benchmark,315,q6_products_by_seller,0.90180000000000005,0,True,
benchmark,316,q6_products_by_seller,0.9637,0,True,
benchmark,317,q6_products_by_seller,2.1595,1,True,
benchmark,318,q6_products_by_seller,0.78169999999999995,0,True,
benchmark,319,q6_products_by_seller,0.78600000000000003,0,True,
benchmark,320,q6_products_by_seller,1.9714,3,True,
benchmark,321,q6_products_by_seller,1.3373999999999999,0,True,
benchmark,322,q6_products_by_seller,1.7470000000000001,1,True,
benchmark,323,q6_products_by_seller,0.65559999999999996,0,True,
benchmark,324,q6_products_by_seller,0.66239999999999999,0,True,
benchmark,325,q6_products_by_seller,1.0185,0,True,
benchmark,326,q6_products_by_seller,0.89219999999999999,0,True,
benchmark,327,q6_products_by_seller,1.5929,1,True,
benchmark,328,q6_products_by_seller,1.1108,1,True,
benchmark,329,q6_products_by_seller,1.0964,0,True,
benchmark,330,q6_products_by_seller,1.6899,2,True,
benchmark,331,q6_products_by_seller,0.6694,0,True,
benchmark,332,q6_products_by_seller,1.6020000000000001,1,True,
benchmark,333,q6_products_by_seller,0.95450000000000002,1,True,
benchmark,334,q6_products_by_seller,0.73350000000000004,1,True,
benchmark,335,q6_products_by_seller,0.78029999999999999,1,True,
benchmark,336,q6_products_by_seller,0.68579999999999997,1,True,
benchmark,337,q6_products_by_seller,0.38100000000000001,0,True,
benchmark,338,q6_products_by_seller,0.34100000000000003,0,True,
benchmark,339,q6_products_by_seller,0.76819999999999999,3,True,
benchmark,340,q6_products_by_seller,0.8286,1,True,
benchmark,341,q6_products_by_seller,0.77190000000000003,2,True,
benchmark,342,q6_products_by_seller,0.78049999999999997,1,True,
benchmark,343,q6_products_by_seller,0.4219,0,True,
benchmark,344,q6_products_by_seller,0.35349999999999998,0,True,
benchmark,345,q6_products_by_seller,0.75429999999999997,1,True,
benchmark,346,q6_products_by_seller,0.68259999999999998,3,True,
benchmark,347,q6_products_by_seller,0.63149999999999995,1,True,
benchmark,348,q6_products_by_seller,0.3478,0,True,
benchmark,349,q6_products_by_seller,0.36680000000000001,0,True,
benchmark,350,q6_products_by_seller,0.65939999999999999,1,True,
benchmark,351,q6_products_by_seller,0.72130000000000005,2,True,
benchmark,352,q6_products_by_seller,0.40339999999999998,0,True,
benchmark,353,q6_products_by_seller,0.39019999999999999,0,True,
benchmark,354,q6_products_by_seller,0.84860000000000002,2,True,
benchmark,355,q6_products_by_seller,0.71060000000000001,2,True,
benchmark,356,q6_products_by_seller,0.71930000000000005,1,True,
benchmark,357,q6_products_by_seller,0.66159999999999997,1,True,
benchmark,358,q6_products_by_seller,0.36330000000000001,0,True,
benchmark,359,q6_products_by_seller,0.68359999999999999,2,True,
benchmark,360,q6_products_by_seller,0.64370000000000005,1,True,
benchmark,361,q6_products_by_seller,0.63949999999999996,1,True,
benchmark,362,q6_products_by_seller,0.64380000000000004,3,True,
benchmark,363,q6_products_by_seller,0.34339999999999998,0,True,
benchmark,364,q6_products_by_seller,0.67179999999999995,3,True,
benchmark,365,q6_products_by_seller,0.65459999999999996,1,True,
benchmark,366,q6_products_by_seller,0.64759999999999995,2,True,
benchmark,367,q6_products_by_seller,0.35049999999999998,0,True,
benchmark,368,q6_products_by_seller,0.67300000000000004,2,True,
benchmark,369,q6_products_by_seller,0.67330000000000001,1,True,
benchmark,370,q6_products_by_seller,0.35410000000000003,0,True,
benchmark,371,q6_products_by_seller,0.35670000000000002,0,True,
benchmark,372,q6_products_by_seller,0.34210000000000002,0,True,
benchmark,373,q6_products_by_seller,0.65180000000000005,2,True,
benchmark,374,q6_products_by_seller,0.36780000000000002,0,True,
benchmark,375,q6_products_by_seller,0.65549999999999997,1,True,
benchmark,376,q6_products_by_seller,0.7288,1,True,
benchmark,377,q6_products_by_seller,0.34499999999999997,0,True,
benchmark,378,q6_products_by_seller,0.74119999999999997,2,True,
benchmark,379,q6_products_by_seller,0.34860000000000002,0,True,
benchmark,380,q6_products_by_seller,0.80989999999999995,1,True,
benchmark,381,q6_products_by_seller,0.73980000000000001,1,True,
benchmark,382,q6_products_by_seller,0.70240000000000002,2,True,
benchmark,383,q6_products_by_seller,0.71299999999999997,2,True,
benchmark,384,q6_products_by_seller,1.0674999999999999,4,True,
benchmark,385,q6_products_by_seller,0.67290000000000005,2,True,
benchmark,386,q6_products_by_seller,2.1031,0,True,
benchmark,387,q6_products_by_seller,0.3533,0,True,
benchmark,388,q6_products_by_seller,0.68200000000000005,2,True,
benchmark,389,q6_products_by_seller,0.65039999999999998,1,True,
benchmark,390,q6_products_by_seller,0.67369999999999997,2,True,
benchmark,391,q6_products_by_seller,0.74319999999999997,2,True,
benchmark,392,q6_products_by_seller,0.41239999999999999,0,True,
benchmark,393,q6_products_by_seller,0.7823,2,True,
benchmark,394,q6_products_by_seller,0.69410000000000005,1,True,
benchmark,395,q6_products_by_seller,0.67589999999999995,2,True,
benchmark,396,q6_products_by_seller,0.37219999999999998,0,True,
benchmark,397,q6_products_by_seller,0.73019999999999996,1,True,
benchmark,398,q6_products_by_seller,0.43130000000000002,0,True,
benchmark,399,q6_products_by_seller,1.046,2,True,
benchmark,400,q6_products_by_seller,0.47839999999999999,0,True,
benchmark,401,q6_products_by_seller,1.1629,1,True,
benchmark,402,q6_products_by_seller,0.78700000000000003,1,True,
benchmark,403,q6_products_by_seller,0.70709999999999995,1,True,
benchmark,404,q6_products_by_seller,0.76729999999999998,2,True,
benchmark,405,q6_products_by_seller,0.36349999999999999,0,True,
benchmark,406,q6_products_by_seller,0.7208,1,True,
benchmark,407,q6_products_by_seller,0.79759999999999998,1,True,
benchmark,408,q6_products_by_seller,0.74870000000000003,1,True,
benchmark,409,q6_products_by_seller,0.39029999999999998,0,True,
benchmark,410,q6_products_by_seller,0.75139999999999996,1,True,
benchmark,411,q6_products_by_seller,0.72550000000000003,1,True,
benchmark,412,q6_products_by_seller,0.85719999999999996,4,True,
benchmark,413,q6_products_by_seller,0.78690000000000004,4,True,
benchmark,414,q6_products_by_seller,0.85209999999999997,2,True,
benchmark,415,q6_products_by_seller,0.37930000000000003,0,True,
benchmark,416,q6_products_by_seller,0.39589999999999997,0,True,
benchmark,417,q6_products_by_seller,0.7137,1,True,
benchmark,418,q6_products_by_seller,0.34239999999999998,0,True,
benchmark,419,q6_products_by_seller,0.37569999999999998,0,True,
benchmark,420,q6_products_by_seller,0.6966,3,True,
benchmark,421,q6_products_by_seller,0.36259999999999998,0,True,
benchmark,422,q6_products_by_seller,0.67410000000000003,1,True,
benchmark,423,q6_products_by_seller,0.36159999999999998,0,True,
benchmark,424,q6_products_by_seller,0.36020000000000002,0,True,
benchmark,425,q6_products_by_seller,0.33939999999999998,0,True,
benchmark,426,q6_products_by_seller,0.33579999999999999,0,True,
benchmark,427,q6_products_by_seller,0.64049999999999996,1,True,
benchmark,428,q6_products_by_seller,0.64019999999999999,1,True,
benchmark,429,q6_products_by_seller,0.33660000000000001,0,True,
benchmark,430,q6_products_by_seller,0.63270000000000004,2,True,
benchmark,431,q6_products_by_seller,0.33339999999999997,0,True,
benchmark,432,q6_products_by_seller,0.82369999999999999,1,True,
benchmark,433,q6_products_by_seller,0.83530000000000004,1,True,
benchmark,434,q6_products_by_seller,0.68889999999999996,1,True,
benchmark,435,q6_products_by_seller,0.7198,1,True,
benchmark,436,q6_products_by_seller,0.90329999999999999,1,True,
benchmark,437,q6_products_by_seller,0.35909999999999997,0,True,
benchmark,438,q6_products_by_seller,0.39410000000000001,0,True,
benchmark,439,q6_products_by_seller,0.69420000000000004,3,True,
benchmark,440,q6_products_by_seller,0.67069999999999996,1,True,
benchmark,441,q6_products_by_seller,0.67869999999999997,2,True,
benchmark,442,q6_products_by_seller,0.73709999999999998,1,True,
benchmark,443,q6_products_by_seller,0.3735,0,True,
benchmark,444,q6_products_by_seller,0.37409999999999999,0,True,
benchmark,445,q6_products_by_seller,0.70199999999999996,1,True,
benchmark,446,q6_products_by_seller,1.0167999999999999,3,True,
benchmark,447,q6_products_by_seller,0.66539999999999999,1,True,
benchmark,448,q6_products_by_seller,0.35120000000000001,0,True,
benchmark,449,q6_products_by_seller,0.3548,0,True,
benchmark,450,q6_products_by_seller,0.64870000000000005,1,True,
benchmark,451,q6_products_by_seller,0.69589999999999996,2,True,
benchmark,452,q6_products_by_seller,0.38569999999999999,0,True,
benchmark,453,q6_products_by_seller,0.35599999999999998,0,True,
benchmark,454,q6_products_by_seller,0.69669999999999999,2,True,
benchmark,455,q6_products_by_seller,0.71360000000000001,2,True,
benchmark,456,q6_products_by_seller,0.6633,1,True,
benchmark,457,q6_products_by_seller,0.65820000000000001,1,True,
benchmark,458,q6_products_by_seller,0.36459999999999998,0,True,
benchmark,459,q6_products_by_seller,0.66549999999999998,2,True,
benchmark,460,q6_products_by_seller,0.67910000000000004,1,True,
benchmark,461,q6_products_by_seller,0.64859999999999995,1,True,
benchmark,462,q6_products_by_seller,0.66449999999999998,3,True,
benchmark,463,q6_products_by_seller,0.35249999999999998,0,True,
benchmark,464,q6_products_by_seller,0.65820000000000001,3,True,
benchmark,465,q6_products_by_seller,0.65239999999999998,1,True,
benchmark,466,q6_products_by_seller,0.6663,2,True,
benchmark,467,q6_products_by_seller,0.34910000000000002,0,True,
benchmark,468,q6_products_by_seller,0.65059999999999996,2,True,
benchmark,469,q6_products_by_seller,0.86370000000000002,1,True,
benchmark,470,q6_products_by_seller,0.40079999999999999,0,True,
benchmark,471,q6_products_by_seller,0.42470000000000002,0,True,
benchmark,472,q6_products_by_seller,0.54210000000000003,0,True,
benchmark,473,q6_products_by_seller,0.81369999999999998,2,True,
benchmark,474,q6_products_by_seller,0.3901,0,True,
benchmark,475,q6_products_by_seller,0.70250000000000001,1,True,
benchmark,476,q6_products_by_seller,0.68789999999999996,1,True,
benchmark,477,q6_products_by_seller,0.3417,0,True,
benchmark,478,q6_products_by_seller,0.67030000000000001,2,True,
benchmark,479,q6_products_by_seller,0.35439999999999999,0,True,
benchmark,480,q6_products_by_seller,0.64600000000000002,1,True,
benchmark,481,q6_products_by_seller,0.63690000000000002,1,True,
benchmark,482,q6_products_by_seller,0.64629999999999999,2,True,
benchmark,483,q6_products_by_seller,0.64639999999999997,2,True,
benchmark,484,q6_products_by_seller,0.66779999999999995,4,True,
benchmark,485,q6_products_by_seller,0.65869999999999995,2,True,
benchmark,486,q6_products_by_seller,0.33929999999999999,0,True,
benchmark,487,q6_products_by_seller,0.34420000000000001,0,True,
benchmark,488,q6_products_by_seller,0.65659999999999996,2,True,
benchmark,489,q6_products_by_seller,0.68589999999999995,1,True,
benchmark,490,q6_products_by_seller,0.67649999999999999,2,True,
benchmark,491,q6_products_by_seller,0.79769999999999996,2,True,
benchmark,492,q6_products_by_seller,0.36199999999999999,0,True,
benchmark,493,q6_products_by_seller,0.67249999999999999,2,True,
benchmark,494,q6_products_by_seller,0.64759999999999995,1,True,
benchmark,495,q6_products_by_seller,0.65620000000000001,2,True,
benchmark,496,q6_products_by_seller,0.33860000000000001,0,True,
benchmark,497,q6_products_by_seller,0.72189999999999999,1,True,
benchmark,498,q6_products_by_seller,0.36549999999999999,0,True,
benchmark,499,q6_products_by_seller,0.871,2,True,
benchmark,500,q6_products_by_seller,0.39810000000000001,0,True,
benchmark,501,q6_products_by_seller,1.4436,1,True,
benchmark,502,q6_products_by_seller,0.89000000000000001,1,True,
benchmark,503,q6_products_by_seller,0.98970000000000002,1,True,
benchmark,504,q6_products_by_seller,0.97070000000000001,2,True,
benchmark,505,q6_products_by_seller,0.54810000000000003,0,True,
benchmark,506,q6_products_by_seller,1.016,1,True,
benchmark,507,q6_products_by_seller,0.79659999999999997,1,True,
benchmark,508,q6_products_by_seller,0.91569999999999996,1,True,
benchmark,509,q6_products_by_seller,0.41589999999999999,0,True,
benchmark,510,q6_products_by_seller,0.85899999999999999,1,True,
benchmark,511,q6_products_by_seller,0.72209999999999996,1,True,
benchmark,512,q6_products_by_seller,0.70499999999999996,4,True,
benchmark,513,q6_products_by_seller,0.71020000000000005,4,True,
benchmark,514,q6_products_by_seller,0.67820000000000003,2,True,
benchmark,515,q6_products_by_seller,0.35709999999999997,0,True,
benchmark,516,q6_products_by_seller,0.3392,0,True,
benchmark,517,q6_products_by_seller,0.63380000000000003,1,True,
benchmark,518,q6_products_by_seller,0.34560000000000002,0,True,
benchmark,519,q6_products_by_seller,0.35360000000000003,0,True,
benchmark,520,q6_products_by_seller,0.68540000000000001,3,True,
benchmark,521,q6_products_by_seller,0.3518,0,True,
benchmark,522,q6_products_by_seller,0.68279999999999996,1,True,
benchmark,523,q6_products_by_seller,0.34229999999999999,0,True,
benchmark,524,q6_products_by_seller,0.33889999999999998,0,True,
benchmark,525,q6_products_by_seller,0.3538,0,True,
benchmark,526,q6_products_by_seller,0.34539999999999998,0,True,
benchmark,527,q6_products_by_seller,0.65959999999999996,1,True,
benchmark,528,q6_products_by_seller,0.67500000000000004,1,True,
benchmark,529,q6_products_by_seller,0.34620000000000001,0,True,
benchmark,530,q6_products_by_seller,0.64590000000000003,2,True,
benchmark,531,q6_products_by_seller,0.34560000000000002,0,True,
benchmark,532,q6_products_by_seller,0.63449999999999995,1,True,
benchmark,533,q6_products_by_seller,0.67369999999999997,1,True,
benchmark,534,q6_products_by_seller,0.77900000000000003,1,True,
benchmark,535,q6_products_by_seller,0.71140000000000003,1,True,
benchmark,536,q6_products_by_seller,0.70650000000000002,1,True,
benchmark,537,q6_products_by_seller,0.3669,0,True,
benchmark,538,q6_products_by_seller,0.40789999999999998,0,True,
benchmark,539,q6_products_by_seller,0.74750000000000005,3,True,
benchmark,540,q6_products_by_seller,1.0137,1,True,
benchmark,541,q6_products_by_seller,0.6845,2,True,
benchmark,542,q6_products_by_seller,0.69599999999999995,1,True,
benchmark,543,q6_products_by_seller,0.36349999999999999,0,True,
benchmark,544,q6_products_by_seller,0.35570000000000002,0,True,
benchmark,545,q6_products_by_seller,0.67820000000000003,1,True,
benchmark,546,q6_products_by_seller,0.67520000000000002,3,True,
benchmark,547,q6_products_by_seller,0.65549999999999997,1,True,
benchmark,548,q6_products_by_seller,0.35949999999999999,0,True,
benchmark,549,q6_products_by_seller,0.35399999999999998,0,True,
benchmark,550,q6_products_by_seller,0.67769999999999997,1,True,
benchmark,551,q6_products_by_seller,0.68340000000000001,2,True,
benchmark,552,q6_products_by_seller,0.3513,0,True,
benchmark,553,q6_products_by_seller,0.34439999999999998,0,True,
benchmark,554,q6_products_by_seller,0.67159999999999997,2,True,
benchmark,555,q6_products_by_seller,0.68669999999999998,2,True,
benchmark,556,q6_products_by_seller,0.67100000000000004,1,True,
benchmark,557,q6_products_by_seller,0.64900000000000002,1,True,
benchmark,558,q6_products_by_seller,0.34539999999999998,0,True,
benchmark,559,q6_products_by_seller,0.64470000000000005,2,True,
benchmark,560,q6_products_by_seller,0.61299999999999999,1,True,
benchmark,561,q6_products_by_seller,0.61460000000000004,1,True,
benchmark,562,q6_products_by_seller,0.66520000000000001,3,True,
benchmark,563,q6_products_by_seller,0.34889999999999999,0,True,
benchmark,564,q6_products_by_seller,0.73040000000000005,3,True,
benchmark,565,q6_products_by_seller,1.3038000000000001,1,True,
benchmark,566,q6_products_by_seller,0.81269999999999998,2,True,
benchmark,567,q6_products_by_seller,0.35170000000000001,0,True,
benchmark,568,q6_products_by_seller,0.6522,2,True,
benchmark,569,q6_products_by_seller,0.65449999999999997,1,True,
benchmark,570,q6_products_by_seller,0.33650000000000002,0,True,
benchmark,571,q6_products_by_seller,0.39839999999999998,0,True,
benchmark,572,q6_products_by_seller,0.3896,0,True,
benchmark,573,q6_products_by_seller,0.66279999999999994,2,True,
benchmark,574,q6_products_by_seller,0.34539999999999998,0,True,
benchmark,575,q6_products_by_seller,0.64090000000000003,1,True,
benchmark,576,q6_products_by_seller,0.63149999999999995,1,True,
benchmark,577,q6_products_by_seller,0.33639999999999998,0,True,
benchmark,578,q6_products_by_seller,0.65300000000000002,2,True,
benchmark,579,q6_products_by_seller,0.33979999999999999,0,True,
benchmark,580,q6_products_by_seller,0.6381,1,True,
benchmark,581,q6_products_by_seller,0.62680000000000002,1,True,
benchmark,582,q6_products_by_seller,0.64410000000000001,2,True,
benchmark,583,q6_products_by_seller,0.63060000000000005,2,True,
benchmark,584,q6_products_by_seller,0.69620000000000004,4,True,
benchmark,585,q6_products_by_seller,0.65059999999999996,2,True,
benchmark,586,q6_products_by_seller,0.34050000000000002,0,True,
benchmark,587,q6_products_by_seller,0.32929999999999998,0,True,
benchmark,588,q6_products_by_seller,0.64059999999999995,2,True,
benchmark,589,q6_products_by_seller,0.62229999999999996,1,True,
benchmark,590,q6_products_by_seller,0.64959999999999996,2,True,
benchmark,591,q6_products_by_seller,0.75419999999999998,2,True,
benchmark,592,q6_products_by_seller,0.35420000000000001,0,True,
benchmark,593,q6_products_by_seller,0.7077,2,True,
benchmark,594,q6_products_by_seller,0.6522,1,True,
benchmark,595,q6_products_by_seller,0.65069999999999995,2,True,
benchmark,596,q6_products_by_seller,0.33710000000000001,0,True,
benchmark,597,q6_products_by_seller,0.88980000000000004,1,True,
benchmark,598,q6_products_by_seller,0.35630000000000001,0,True,
benchmark,599,q6_products_by_seller,0.63859999999999995,2,True,
benchmark,600,q6_products_by_seller,0.34160000000000001,0,True,
benchmark,601,q6_products_by_seller,1.1438999999999999,1,True,
benchmark,602,q6_products_by_seller,0.89500000000000002,1,True,
benchmark,603,q6_products_by_seller,0.83699999999999997,1,True,
benchmark,604,q6_products_by_seller,0.71009999999999995,2,True,
benchmark,605,q6_products_by_seller,0.40570000000000001,0,True,
benchmark,606,q6_products_by_seller,0.74390000000000001,1,True,
benchmark,607,q6_products_by_seller,0.68700000000000006,1,True,
benchmark,608,q6_products_by_seller,0.66990000000000005,1,True,
benchmark,609,q6_products_by_seller,0.35089999999999999,0,True,
benchmark,610,q6_products_by_seller,0.65659999999999996,1,True,
benchmark,611,q6_products_by_seller,0.6482,1,True,
benchmark,612,q6_products_by_seller,0.69489999999999996,4,True,
benchmark,613,q6_products_by_seller,0.66339999999999999,4,True,
benchmark,614,q6_products_by_seller,0.65249999999999997,2,True,
benchmark,615,q6_products_by_seller,0.3251,0,True,
benchmark,616,q6_products_by_seller,0.32650000000000001,0,True,
benchmark,617,q6_products_by_seller,0.61280000000000001,1,True,
benchmark,618,q6_products_by_seller,0.32229999999999998,0,True,
benchmark,619,q6_products_by_seller,0.31690000000000002,0,True,
benchmark,620,q6_products_by_seller,0.62209999999999999,3,True,
benchmark,621,q6_products_by_seller,0.32700000000000001,0,True,
benchmark,622,q6_products_by_seller,0.60770000000000002,1,True,
benchmark,623,q6_products_by_seller,0.33300000000000002,0,True,
benchmark,624,q6_products_by_seller,0.33189999999999997,0,True,
benchmark,625,q6_products_by_seller,0.3327,0,True,
benchmark,626,q6_products_by_seller,0.32329999999999998,0,True,
benchmark,627,q6_products_by_seller,0.61339999999999995,1,True,
benchmark,628,q6_products_by_seller,0.72199999999999998,1,True,
benchmark,629,q6_products_by_seller,0.34799999999999998,0,True,
benchmark,630,q6_products_by_seller,0.66590000000000005,2,True,
benchmark,631,q6_products_by_seller,0.35599999999999998,0,True,
benchmark,632,q6_products_by_seller,0.77339999999999998,1,True,
benchmark,633,q6_products_by_seller,0.68579999999999997,1,True,
benchmark,634,q6_products_by_seller,0.73580000000000001,1,True,
benchmark,635,q6_products_by_seller,0.6583,1,True,
benchmark,636,q6_products_by_seller,0.71450000000000002,1,True,
benchmark,637,q6_products_by_seller,0.34360000000000002,0,True,
benchmark,638,q6_products_by_seller,0.33019999999999999,0,True,
benchmark,639,q6_products_by_seller,0.65210000000000001,3,True,
benchmark,640,q6_products_by_seller,0.83540000000000003,1,True,
benchmark,641,q6_products_by_seller,0.65159999999999996,2,True,
benchmark,642,q6_products_by_seller,0.65449999999999997,1,True,
benchmark,643,q6_products_by_seller,0.34229999999999999,0,True,
benchmark,644,q6_products_by_seller,0.32740000000000002,0,True,
benchmark,645,q6_products_by_seller,0.60729999999999995,1,True,
benchmark,646,q6_products_by_seller,0.6411,3,True,
benchmark,647,q6_products_by_seller,0.63419999999999999,1,True,
benchmark,648,q6_products_by_seller,0.33879999999999999,0,True,
benchmark,649,q6_products_by_seller,0.36259999999999998,0,True,
benchmark,650,q6_products_by_seller,0.64610000000000001,1,True,
benchmark,651,q6_products_by_seller,0.69120000000000004,2,True,
benchmark,652,q6_products_by_seller,0.33650000000000002,0,True,
benchmark,653,q6_products_by_seller,0.33229999999999998,0,True,
benchmark,654,q6_products_by_seller,0.63539999999999996,2,True,
benchmark,655,q6_products_by_seller,0.63200000000000001,2,True,
benchmark,656,q6_products_by_seller,0.62329999999999997,1,True,
benchmark,657,q6_products_by_seller,0.61980000000000002,1,True,
benchmark,658,q6_products_by_seller,0.34620000000000001,0,True,
benchmark,659,q6_products_by_seller,0.64500000000000002,2,True,
benchmark,660,q6_products_by_seller,0.64019999999999999,1,True,
benchmark,661,q6_products_by_seller,0.62549999999999994,1,True,
benchmark,662,q6_products_by_seller,0.63680000000000003,3,True,
benchmark,663,q6_products_by_seller,0.32919999999999999,0,True,
benchmark,664,q6_products_by_seller,0.7631,3,True,
benchmark,665,q6_products_by_seller,0.71830000000000005,1,True,
benchmark,666,q6_products_by_seller,0.74380000000000002,2,True,
benchmark,667,q6_products_by_seller,0.43140000000000001,0,True,
benchmark,668,q6_products_by_seller,0.71389999999999998,2,True,
benchmark,669,q6_products_by_seller,0.67359999999999998,1,True,
benchmark,670,q6_products_by_seller,0.34589999999999999,0,True,
benchmark,671,q6_products_by_seller,0.33839999999999998,0,True,
benchmark,672,q6_products_by_seller,0.34279999999999999,0,True,
benchmark,673,q6_products_by_seller,0.62880000000000003,2,True,
benchmark,674,q6_products_by_seller,0.3352,0,True,
benchmark,675,q6_products_by_seller,0.62409999999999999,1,True,
benchmark,676,q6_products_by_seller,0.62450000000000006,1,True,
benchmark,677,q6_products_by_seller,0.33019999999999999,0,True,
benchmark,678,q6_products_by_seller,0.62670000000000003,2,True,
benchmark,679,q6_products_by_seller,0.32629999999999998,0,True,
benchmark,680,q6_products_by_seller,0.61829999999999996,1,True,
benchmark,681,q6_products_by_seller,0.61429999999999996,1,True,
benchmark,682,q6_products_by_seller,0.62580000000000002,2,True,
benchmark,683,q6_products_by_seller,0.61729999999999996,2,True,
benchmark,684,q6_products_by_seller,0.6704,4,True,
benchmark,685,q6_products_by_seller,0.63690000000000002,2,True,
benchmark,686,q6_products_by_seller,0.32890000000000003,0,True,
benchmark,687,q6_products_by_seller,0.3322,0,True,
benchmark,688,q6_products_by_seller,0.61399999999999999,2,True,
benchmark,689,q6_products_by_seller,0.62570000000000003,1,True,
benchmark,690,q6_products_by_seller,0.62060000000000004,2,True,
benchmark,691,q6_products_by_seller,0.62539999999999996,2,True,
benchmark,692,q6_products_by_seller,0.32690000000000002,0,True,
benchmark,693,q6_products_by_seller,0.62319999999999998,2,True,
benchmark,694,q6_products_by_seller,0.6421,1,True,
benchmark,695,q6_products_by_seller,0.64880000000000004,2,True,
benchmark,696,q6_products_by_seller,0.3876,0,True,
benchmark,697,q6_products_by_seller,0.7087,1,True,
benchmark,698,q6_products_by_seller,0.34000000000000002,0,True,
benchmark,699,q6_products_by_seller,0.65290000000000004,2,True,
benchmark,700,q6_products_by_seller,0.33779999999999999,0,True,
benchmark,701,q6_products_by_seller,1.1991000000000001,1,True,
benchmark,702,q6_products_by_seller,0.98450000000000004,1,True,
benchmark,703,q6_products_by_seller,0.88139999999999996,1,True,
benchmark,704,q6_products_by_seller,0.93340000000000001,2,True,
benchmark,705,q6_products_by_seller,0.37409999999999999,0,True,
benchmark,706,q6_products_by_seller,0.73080000000000001,1,True,
benchmark,707,q6_products_by_seller,0.69259999999999999,1,True,
benchmark,708,q6_products_by_seller,0.69689999999999996,1,True,
benchmark,709,q6_products_by_seller,0.33529999999999999,0,True,
benchmark,710,q6_products_by_seller,0.62360000000000004,1,True,
benchmark,711,q6_products_by_seller,0.64639999999999997,1,True,
benchmark,712,q6_products_by_seller,0.65590000000000004,4,True,
benchmark,713,q6_products_by_seller,0.65029999999999999,4,True,
benchmark,714,q6_products_by_seller,0.66810000000000003,2,True,
benchmark,715,q6_products_by_seller,0.33429999999999999,0,True,
benchmark,716,q6_products_by_seller,0.32919999999999999,0,True,
benchmark,717,q6_products_by_seller,0.62219999999999998,1,True,
benchmark,718,q6_products_by_seller,0.33210000000000001,0,True,
benchmark,719,q6_products_by_seller,0.3301,0,True,
benchmark,720,q6_products_by_seller,0.63970000000000005,3,True,
benchmark,721,q6_products_by_seller,0.33400000000000002,0,True,
benchmark,722,q6_products_by_seller,0.64800000000000002,1,True,
benchmark,723,q6_products_by_seller,0.36299999999999999,0,True,
benchmark,724,q6_products_by_seller,0.34029999999999999,0,True,
benchmark,725,q6_products_by_seller,0.3402,0,True,
benchmark,726,q6_products_by_seller,0.3947,0,True,
benchmark,727,q6_products_by_seller,0.70989999999999998,1,True,
benchmark,728,q6_products_by_seller,0.62860000000000005,1,True,
benchmark,729,q6_products_by_seller,0.33350000000000002,0,True,
benchmark,730,q6_products_by_seller,0.63070000000000004,2,True,
benchmark,731,q6_products_by_seller,0.35799999999999998,0,True,
benchmark,732,q6_products_by_seller,0.61929999999999996,1,True,
benchmark,733,q6_products_by_seller,0.62350000000000005,1,True,
benchmark,734,q6_products_by_seller,0.622,1,True,
benchmark,735,q6_products_by_seller,0.62470000000000003,1,True,
benchmark,736,q6_products_by_seller,0.61729999999999996,1,True,
benchmark,737,q6_products_by_seller,0.32800000000000001,0,True,
benchmark,738,q6_products_by_seller,0.34839999999999999,0,True,
benchmark,739,q6_products_by_seller,0.69310000000000005,3,True,
benchmark,740,q6_products_by_seller,0.69789999999999996,1,True,
benchmark,741,q6_products_by_seller,0.65480000000000005,2,True,
benchmark,742,q6_products_by_seller,0.62590000000000001,1,True,
benchmark,743,q6_products_by_seller,0.82820000000000005,0,True,
benchmark,744,q6_products_by_seller,0.37080000000000002,0,True,
benchmark,745,q6_products_by_seller,0.66859999999999997,1,True,
benchmark,746,q6_products_by_seller,0.66600000000000004,3,True,
benchmark,747,q6_products_by_seller,0.63570000000000004,1,True,
benchmark,748,q6_products_by_seller,0.33489999999999998,0,True,
benchmark,749,q6_products_by_seller,0.33829999999999999,0,True,
benchmark,750,q6_products_by_seller,0.62970000000000004,1,True,
benchmark,751,q6_products_by_seller,0.6623,2,True,
benchmark,752,q6_products_by_seller,0.35920000000000002,0,True,
benchmark,753,q6_products_by_seller,0.3306,0,True,
benchmark,754,q6_products_by_seller,0.63339999999999996,2,True,
benchmark,755,q6_products_by_seller,0.63829999999999998,2,True,
benchmark,756,q6_products_by_seller,0.622,1,True,
benchmark,757,q6_products_by_seller,0.62170000000000003,1,True,
benchmark,758,q6_products_by_seller,0.32929999999999998,0,True,
benchmark,759,q6_products_by_seller,0.63319999999999999,2,True,
benchmark,760,q6_products_by_seller,0.61680000000000001,1,True,
benchmark,761,q6_products_by_seller,0.60940000000000005,1,True,
benchmark,762,q6_products_by_seller,0.73550000000000004,3,True,
benchmark,763,q6_products_by_seller,0.41139999999999999,0,True,
benchmark,764,q6_products_by_seller,0.68130000000000002,3,True,
benchmark,765,q6_products_by_seller,6.1066000000000003,1,True,
benchmark,766,q6_products_by_seller,1.8444,2,True,
benchmark,767,q6_products_by_seller,1.0634999999999999,0,True,
benchmark,768,q6_products_by_seller,1.5258,2,True,
benchmark,769,q6_products_by_seller,1.2967,1,True,
benchmark,770,q6_products_by_seller,0.66479999999999995,0,True,
benchmark,771,q6_products_by_seller,0.58999999999999997,0,True,
benchmark,772,q6_products_by_seller,0.62480000000000002,0,True,
benchmark,773,q6_products_by_seller,1.1337999999999999,2,True,
benchmark,774,q6_products_by_seller,0.50539999999999996,0,True,
benchmark,775,q6_products_by_seller,0.81259999999999999,1,True,
benchmark,776,q6_products_by_seller,0.67859999999999998,1,True,
benchmark,777,q6_products_by_seller,0.37759999999999999,0,True,
benchmark,778,q6_products_by_seller,0.70009999999999994,2,True,
benchmark,779,q6_products_by_seller,0.45979999999999999,0,True,
benchmark,780,q6_products_by_seller,0.70930000000000004,1,True,
benchmark,781,q6_products_by_seller,0.7732,1,True,
benchmark,782,q6_products_by_seller,0.65980000000000005,2,True,
benchmark,783,q6_products_by_seller,1.0504,2,True,
benchmark,784,q6_products_by_seller,0.66479999999999995,4,True,
benchmark,785,q6_products_by_seller,0.63539999999999996,2,True,
benchmark,786,q6_products_by_seller,0.34260000000000002,0,True,
benchmark,787,q6_products_by_seller,0.33560000000000001,0,True,
benchmark,788,q6_products_by_seller,0.63670000000000004,2,True,
benchmark,789,q6_products_by_seller,0.61809999999999998,1,True,
benchmark,790,q6_products_by_seller,0.62280000000000002,2,True,
benchmark,791,q6_products_by_seller,0.62839999999999996,2,True,
benchmark,792,q6_products_by_seller,0.33250000000000002,0,True,
benchmark,793,q6_products_by_seller,0.64839999999999998,2,True,
benchmark,794,q6_products_by_seller,0.64900000000000002,1,True,
benchmark,795,q6_products_by_seller,0.64049999999999996,2,True,
benchmark,796,q6_products_by_seller,0.33850000000000002,0,True,
benchmark,797,q6_products_by_seller,0.69040000000000001,1,True,
benchmark,798,q6_products_by_seller,0.34429999999999999,0,True,
benchmark,799,q6_products_by_seller,0.64280000000000004,2,True,
benchmark,800,q6_products_by_seller,0.33750000000000002,0,True,
benchmark,801,q6_products_by_seller,1.1282000000000001,1,True,
benchmark,802,q6_products_by_seller,0.69399999999999995,1,True,
benchmark,803,q6_products_by_seller,0.67449999999999999,1,True,
benchmark,804,q6_products_by_seller,0.70120000000000005,2,True,
benchmark,805,q6_products_by_seller,0.33629999999999999,0,True,
benchmark,806,q6_products_by_seller,0.64970000000000006,1,True,
benchmark,807,q6_products_by_seller,0.64390000000000003,1,True,
benchmark,808,q6_products_by_seller,0.64039999999999997,1,True,
benchmark,809,q6_products_by_seller,0.33200000000000002,0,True,
benchmark,810,q6_products_by_seller,0.63790000000000002,1,True,
benchmark,811,q6_products_by_seller,0.62360000000000004,1,True,
benchmark,812,q6_products_by_seller,0.63839999999999997,4,True,
benchmark,813,q6_products_by_seller,0.70930000000000004,4,True,
benchmark,814,q6_products_by_seller,0.68579999999999997,2,True,
benchmark,815,q6_products_by_seller,0.3382,0,True,
benchmark,816,q6_products_by_seller,0.33119999999999999,0,True,
benchmark,817,q6_products_by_seller,0.63490000000000002,1,True,
benchmark,818,q6_products_by_seller,0.34570000000000001,0,True,
benchmark,819,q6_products_by_seller,0.33239999999999997,0,True,
benchmark,820,q6_products_by_seller,0.62690000000000001,3,True,
benchmark,821,q6_products_by_seller,0.37819999999999998,0,True,
benchmark,822,q6_products_by_seller,0.70979999999999999,1,True,
benchmark,823,q6_products_by_seller,0.37819999999999998,0,True,
benchmark,824,q6_products_by_seller,0.4123,0,True,
benchmark,825,q6_products_by_seller,0.38929999999999998,0,True,
benchmark,826,q6_products_by_seller,0.34239999999999998,0,True,
benchmark,827,q6_products_by_seller,0.74890000000000001,1,True,
benchmark,828,q6_products_by_seller,0.68149999999999999,1,True,
benchmark,829,q6_products_by_seller,0.35809999999999997,0,True,
benchmark,830,q6_products_by_seller,0.624,2,True,
benchmark,831,q6_products_by_seller,0.32250000000000001,0,True,
benchmark,832,q6_products_by_seller,0.61170000000000002,1,True,
benchmark,833,q6_products_by_seller,0.60860000000000003,1,True,
benchmark,834,q6_products_by_seller,0.67449999999999999,1,True,
benchmark,835,q6_products_by_seller,0.66120000000000001,1,True,
benchmark,836,q6_products_by_seller,0.6542,1,True,
benchmark,837,q6_products_by_seller,0.33960000000000001,0,True,
benchmark,838,q6_products_by_seller,0.33789999999999998,0,True,
benchmark,839,q6_products_by_seller,0.65459999999999996,3,True,
benchmark,840,q6_products_by_seller,0.63619999999999999,1,True,
benchmark,841,q6_products_by_seller,0.72499999999999998,2,True,
benchmark,842,q6_products_by_seller,0.66830000000000001,1,True,
benchmark,843,q6_products_by_seller,0.34720000000000001,0,True,
benchmark,844,q6_products_by_seller,0.3407,0,True,
benchmark,845,q6_products_by_seller,0.626,1,True,
benchmark,846,q6_products_by_seller,0.6492,3,True,
benchmark,847,q6_products_by_seller,0.62990000000000002,1,True,
benchmark,848,q6_products_by_seller,0.33600000000000002,0,True,
benchmark,849,q6_products_by_seller,0.33050000000000002,0,True,
benchmark,850,q6_products_by_seller,0.62649999999999995,1,True,
benchmark,851,q6_products_by_seller,0.68769999999999998,2,True,
benchmark,852,q6_products_by_seller,0.33550000000000002,0,True,
benchmark,853,q6_products_by_seller,0.33160000000000001,0,True,
benchmark,854,q6_products_by_seller,0.65639999999999998,2,True,
benchmark,855,q6_products_by_seller,0.76000000000000001,2,True,
benchmark,856,q6_products_by_seller,0.74109999999999998,1,True,
benchmark,857,q6_products_by_seller,0.65869999999999995,1,True,
benchmark,858,q6_products_by_seller,0.7389,0,True,
benchmark,859,q6_products_by_seller,0.68559999999999999,2,True,
benchmark,860,q6_products_by_seller,0.69030000000000002,1,True,
benchmark,861,q6_products_by_seller,0.65300000000000002,1,True,
benchmark,862,q6_products_by_seller,0.66339999999999999,3,True,
benchmark,863,q6_products_by_seller,0.33750000000000002,0,True,
benchmark,864,q6_products_by_seller,0.63580000000000003,3,True,
benchmark,865,q6_products_by_seller,0.63029999999999997,1,True,
benchmark,866,q6_products_by_seller,0.6583,2,True,
benchmark,867,q6_products_by_seller,0.33839999999999998,0,True,
benchmark,868,q6_products_by_seller,0.62639999999999996,2,True,
benchmark,869,q6_products_by_seller,0.63009999999999999,1,True,
benchmark,870,q6_products_by_seller,0.33079999999999998,0,True,
benchmark,871,q6_products_by_seller,0.32250000000000001,0,True,
benchmark,872,q6_products_by_seller,0.32369999999999999,0,True,
benchmark,873,q6_products_by_seller,0.62829999999999997,2,True,
benchmark,874,q6_products_by_seller,0.33379999999999999,0,True,
benchmark,875,q6_products_by_seller,0.63009999999999999,1,True,
benchmark,876,q6_products_by_seller,0.62860000000000005,1,True,
benchmark,877,q6_products_by_seller,0.40279999999999999,0,True,
benchmark,878,q6_products_by_seller,0.70950000000000002,2,True,
benchmark,879,q6_products_by_seller,0.3523,0,True,
benchmark,880,q6_products_by_seller,0.63929999999999998,1,True,
benchmark,881,q6_products_by_seller,0.66859999999999997,1,True,
benchmark,882,q6_products_by_seller,0.69220000000000004,2,True,
benchmark,883,q6_products_by_seller,0.67179999999999995,2,True,
benchmark,884,q6_products_by_seller,0.72030000000000005,4,True,
benchmark,885,q6_products_by_seller,0.6694,2,True,
benchmark,886,q6_products_by_seller,0.33810000000000001,0,True,
benchmark,887,q6_products_by_seller,0.34129999999999999,0,True,
benchmark,888,q6_products_by_seller,0.97509999999999997,2,True,
benchmark,889,q6_products_by_seller,0.64270000000000005,1,True,
benchmark,890,q6_products_by_seller,0.65490000000000004,2,True,
benchmark,891,q6_products_by_seller,0.64119999999999999,2,True,
benchmark,892,q6_products_by_seller,0.34300000000000003,0,True,
benchmark,893,q6_products_by_seller,0.66949999999999998,2,True,
benchmark,894,q6_products_by_seller,0.66520000000000001,1,True,
benchmark,895,q6_products_by_seller,0.6411,2,True,
benchmark,896,q6_products_by_seller,0.34060000000000001,0,True,
benchmark,897,q6_products_by_seller,0.61870000000000003,1,True,
benchmark,898,q6_products_by_seller,0.33850000000000002,0,True,
benchmark,899,q6_products_by_seller,0.63829999999999998,2,True,
benchmark,900,q6_products_by_seller,0.34060000000000001,0,True,
benchmark,901,q6_products_by_seller,1.1725000000000001,1,True,
benchmark,902,q6_products_by_seller,0.7782,1,True,
benchmark,903,q6_products_by_seller,0.70079999999999998,1,True,
benchmark,904,q6_products_by_seller,0.99980000000000002,2,True,
benchmark,905,q6_products_by_seller,0.52029999999999998,0,True,
benchmark,906,q6_products_by_seller,1.0029999999999999,1,True,
benchmark,907,q6_products_by_seller,0.62670000000000003,1,True,
benchmark,908,q6_products_by_seller,0.62760000000000005,1,True,
benchmark,909,q6_products_by_seller,0.38690000000000002,0,True,
benchmark,910,q6_products_by_seller,0.64529999999999998,1,True,
benchmark,911,q6_products_by_seller,0.65100000000000002,1,True,
benchmark,912,q6_products_by_seller,0.65510000000000002,4,True,
benchmark,913,q6_products_by_seller,0.67300000000000004,4,True,
benchmark,914,q6_products_by_seller,0.63049999999999995,2,True,
benchmark,915,q6_products_by_seller,0.33639999999999998,0,True,
benchmark,916,q6_products_by_seller,0.32640000000000002,0,True,
benchmark,917,q6_products_by_seller,0.61350000000000005,1,True,
benchmark,918,q6_products_by_seller,0.32729999999999998,0,True,
benchmark,919,q6_products_by_seller,0.31540000000000001,0,True,
benchmark,920,q6_products_by_seller,0.62870000000000004,3,True,
benchmark,921,q6_products_by_seller,0.3674,0,True,
benchmark,922,q6_products_by_seller,0.63329999999999997,1,True,
benchmark,923,q6_products_by_seller,0.34360000000000002,0,True,
benchmark,924,q6_products_by_seller,0.34949999999999998,0,True,
benchmark,925,q6_products_by_seller,0.35630000000000001,0,True,
benchmark,926,q6_products_by_seller,0.4022,0,True,
benchmark,927,q6_products_by_seller,0.83169999999999999,1,True,
benchmark,928,q6_products_by_seller,0.76490000000000002,1,True,
benchmark,929,q6_products_by_seller,0.50029999999999997,0,True,
benchmark,930,q6_products_by_seller,1.1694,2,True,
benchmark,931,q6_products_by_seller,0.50600000000000001,0,True,
benchmark,932,q6_products_by_seller,0.82020000000000004,1,True,
benchmark,933,q6_products_by_seller,0.88260000000000005,1,True,
benchmark,934,q6_products_by_seller,0.82450000000000001,1,True,
benchmark,935,q6_products_by_seller,0.93010000000000004,1,True,
benchmark,936,q6_products_by_seller,1.0782,1,True,
benchmark,937,q6_products_by_seller,0.56569999999999998,0,True,
benchmark,938,q6_products_by_seller,0.4788,0,True,
benchmark,939,q6_products_by_seller,0.88449999999999995,3,True,
benchmark,940,q6_products_by_seller,0.84909999999999997,1,True,
benchmark,941,q6_products_by_seller,0.75800000000000001,2,True,
benchmark,942,q6_products_by_seller,0.71120000000000005,1,True,
benchmark,943,q6_products_by_seller,0.4536,0,True,
benchmark,944,q6_products_by_seller,0.46899999999999997,0,True,
benchmark,945,q6_products_by_seller,1.0432999999999999,1,True,
benchmark,946,q6_products_by_seller,1.2101,3,True,
benchmark,947,q6_products_by_seller,0.86029999999999995,1,True,
benchmark,948,q6_products_by_seller,0.45219999999999999,0,True,
benchmark,949,q6_products_by_seller,0.44900000000000001,0,True,
benchmark,950,q6_products_by_seller,1.6373,1,True,
benchmark,951,q6_products_by_seller,1.0617000000000001,2,True,
benchmark,952,q6_products_by_seller,0.50570000000000004,0,True,
benchmark,953,q6_products_by_seller,0.56589999999999996,0,True,
benchmark,954,q6_products_by_seller,0.91639999999999999,2,True,
benchmark,955,q6_products_by_seller,0.66020000000000001,2,True,
benchmark,956,q6_products_by_seller,0.67169999999999996,1,True,
benchmark,957,q6_products_by_seller,0.64870000000000005,1,True,
benchmark,958,q6_products_by_seller,0.34370000000000001,0,True,
benchmark,959,q6_products_by_seller,0.66210000000000002,2,True,
benchmark,960,q6_products_by_seller,0.6835,1,True,
benchmark,961,q6_products_by_seller,0.68420000000000003,1,True,
benchmark,962,q6_products_by_seller,0.67290000000000005,3,True,
benchmark,963,q6_products_by_seller,0.34989999999999999,0,True,
benchmark,964,q6_products_by_seller,0.68100000000000005,3,True,
benchmark,965,q6_products_by_seller,0.6714,1,True,
benchmark,966,q6_products_by_seller,0.65890000000000004,2,True,
benchmark,967,q6_products_by_seller,0.36399999999999999,0,True,
benchmark,968,q6_products_by_seller,0.68149999999999999,2,True,
benchmark,969,q6_products_by_seller,0.67249999999999999,1,True,
benchmark,970,q6_products_by_seller,0.3498,0,True,
benchmark,971,q6_products_by_seller,0.35489999999999999,0,True,
benchmark,972,q6_products_by_seller,0.44590000000000002,0,True,
benchmark,973,q6_products_by_seller,0.84850000000000003,2,True,
benchmark,974,q6_products_by_seller,0.5796,0,True,
benchmark,975,q6_products_by_seller,0.92449999999999999,1,True,
benchmark,976,q6_products_by_seller,0.70330000000000004,1,True,
benchmark,977,q6_products_by_seller,0.35360000000000003,0,True,
benchmark,978,q6_products_by_seller,0.72799999999999998,2,True,
benchmark,979,q6_products_by_seller,0.35659999999999997,0,True,
benchmark,980,q6_products_by_seller,0.67810000000000004,1,True,
benchmark,981,q6_products_by_seller,0.68730000000000002,1,True,
benchmark,982,q6_products_by_seller,0.7006,2,True,
benchmark,983,q6_products_by_seller,0.6885,2,True,
benchmark,984,q6_products_by_seller,0.70620000000000005,4,True,
benchmark,985,q6_products_by_seller,0.68110000000000004,2,True,
benchmark,986,q6_products_by_seller,0.35070000000000001,0,True,
benchmark,987,q6_products_by_seller,0.36020000000000002,0,True,
benchmark,988,q6_products_by_seller,0.66959999999999997,2,True,
benchmark,989,q6_products_by_seller,0.66600000000000004,1,True,
benchmark,990,q6_products_by_seller,0.69269999999999998,2,True,
benchmark,991,q6_products_by_seller,0.69079999999999997,2,True,
benchmark,992,q6_products_by_seller,0.36199999999999999,0,True,
benchmark,993,q6_products_by_seller,0.66800000000000004,2,True,
benchmark,994,q6_products_by_seller,0.66290000000000004,1,True,
benchmark,995,q6_products_by_seller,0.65200000000000002,2,True,
benchmark,996,q6_products_by_seller,0.4546,0,True,
benchmark,997,q6_products_by_seller,0.68759999999999999,1,True,
benchmark,998,q6_products_by_seller,0.3473,0,True,
benchmark,999,q6_products_by_seller,0.83430000000000004,2,True,
benchmark,1000,q6_products_by_seller,0.45340000000000003,0,True,
benchmark,1,q7_products_join_sellers,2.1008,1,True,
benchmark,2,q7_products_join_sellers,1.5163,1,True,
benchmark,3,q7_products_join_sellers,1.3754999999999999,1,True,
benchmark,4,q7_products_join_sellers,1.3609,2,True,
benchmark,5,q7_products_join_sellers,0.53049999999999997,0,True,
benchmark,6,q7_products_join_sellers,1.3635999999999999,1,True,
benchmark,7,q7_products_join_sellers,1.2390000000000001,1,True,
benchmark,8,q7_products_join_sellers,1.0326,1,True,
benchmark,9,q7_products_join_sellers,0.41820000000000002,0,True,
benchmark,10,q7_products_join_sellers,0.99609999999999999,1,True,
benchmark,11,q7_products_join_sellers,0.99819999999999998,1,True,
benchmark,12,q7_products_join_sellers,0.99460000000000004,4,True,
benchmark,13,q7_products_join_sellers,0.99490000000000001,4,True,
benchmark,14,q7_products_join_sellers,0.97760000000000002,2,True,
benchmark,15,q7_products_join_sellers,0.41860000000000003,0,True,
benchmark,16,q7_products_join_sellers,0.40300000000000002,0,True,
benchmark,17,q7_products_join_sellers,0.97370000000000001,1,True,
benchmark,18,q7_products_join_sellers,0.40129999999999999,0,True,
benchmark,19,q7_products_join_sellers,0.40139999999999998,0,True,
benchmark,20,q7_products_join_sellers,0.99150000000000005,3,True,
benchmark,21,q7_products_join_sellers,0.40300000000000002,0,True,
benchmark,22,q7_products_join_sellers,1.0109999999999999,1,True,
benchmark,23,q7_products_join_sellers,0.50980000000000003,0,True,
benchmark,24,q7_products_join_sellers,0.46329999999999999,0,True,
benchmark,25,q7_products_join_sellers,0.43609999999999999,0,True,
benchmark,26,q7_products_join_sellers,0.499,0,True,
benchmark,27,q7_products_join_sellers,1.1173,1,True,
benchmark,28,q7_products_join_sellers,1.1009,1,True,
benchmark,29,q7_products_join_sellers,0.42430000000000001,0,True,
benchmark,30,q7_products_join_sellers,1.6468,2,True,
benchmark,31,q7_products_join_sellers,0.43509999999999999,0,True,
benchmark,32,q7_products_join_sellers,1.0579000000000001,1,True,
benchmark,33,q7_products_join_sellers,1.0205,1,True,
benchmark,34,q7_products_join_sellers,1.0097,1,True,
benchmark,35,q7_products_join_sellers,1.0301,1,True,
benchmark,36,q7_products_join_sellers,1.0069999999999999,1,True,
benchmark,37,q7_products_join_sellers,0.41260000000000002,0,True,
benchmark,38,q7_products_join_sellers,0.4113,0,True,
benchmark,39,q7_products_join_sellers,1.0049999999999999,3,True,
benchmark,40,q7_products_join_sellers,0.99839999999999995,1,True,
benchmark,41,q7_products_join_sellers,1.028,2,True,
benchmark,42,q7_products_join_sellers,1.0303,1,True,
benchmark,43,q7_products_join_sellers,0.5222,0,True,
benchmark,44,q7_products_join_sellers,0.42830000000000001,0,True,
benchmark,45,q7_products_join_sellers,0.99280000000000002,1,True,
benchmark,46,q7_products_join_sellers,1.1205000000000001,3,True,
benchmark,47,q7_products_join_sellers,1.0639000000000001,1,True,
benchmark,48,q7_products_join_sellers,0.49680000000000002,0,True,
benchmark,49,q7_products_join_sellers,0.44040000000000001,0,True,
benchmark,50,q7_products_join_sellers,1.0421,1,True,
benchmark,51,q7_products_join_sellers,1.0564,2,True,
benchmark,52,q7_products_join_sellers,0.41639999999999999,0,True,
benchmark,53,q7_products_join_sellers,0.40749999999999997,0,True,
benchmark,54,q7_products_join_sellers,1.0306999999999999,2,True,
benchmark,55,q7_products_join_sellers,1.0134000000000001,2,True,
benchmark,56,q7_products_join_sellers,1.026,1,True,
benchmark,57,q7_products_join_sellers,1.0155000000000001,1,True,
benchmark,58,q7_products_join_sellers,0.41470000000000001,0,True,
benchmark,59,q7_products_join_sellers,0.99760000000000004,2,True,
benchmark,60,q7_products_join_sellers,1.0101,1,True,
benchmark,61,q7_products_join_sellers,1.0197000000000001,1,True,
benchmark,62,q7_products_join_sellers,1.0183,3,True,
benchmark,63,q7_products_join_sellers,0.41610000000000003,0,True,
benchmark,64,q7_products_join_sellers,1.0130999999999999,3,True,
benchmark,65,q7_products_join_sellers,1.1914,1,True,
benchmark,66,q7_products_join_sellers,1.0882000000000001,2,True,
benchmark,67,q7_products_join_sellers,0.42830000000000001,0,True,
benchmark,68,q7_products_join_sellers,1.1456,2,True,
benchmark,69,q7_products_join_sellers,1.0261,1,True,
benchmark,70,q7_products_join_sellers,0.4304,0,True,
benchmark,71,q7_products_join_sellers,0.42420000000000002,0,True,
benchmark,72,q7_products_join_sellers,0.4481,0,True,
benchmark,73,q7_products_join_sellers,1.1483000000000001,2,True,
benchmark,74,q7_products_join_sellers,0.4194,0,True,
benchmark,75,q7_products_join_sellers,1.0044999999999999,1,True,
benchmark,76,q7_products_join_sellers,1.0105999999999999,1,True,
benchmark,77,q7_products_join_sellers,0.4229,0,True,
benchmark,78,q7_products_join_sellers,1.0202,2,True,
benchmark,79,q7_products_join_sellers,0.4083,0,True,
benchmark,80,q7_products_join_sellers,1.0410999999999999,1,True,
benchmark,81,q7_products_join_sellers,0.9859,1,True,
benchmark,82,q7_products_join_sellers,1.0186999999999999,2,True,
benchmark,83,q7_products_join_sellers,1.0152000000000001,2,True,
benchmark,84,q7_products_join_sellers,1.0344,4,True,
benchmark,85,q7_products_join_sellers,1.1059000000000001,2,True,
benchmark,86,q7_products_join_sellers,0.47089999999999999,0,True,
benchmark,87,q7_products_join_sellers,0.43730000000000002,0,True,
benchmark,88,q7_products_join_sellers,1.0261,2,True,
benchmark,89,q7_products_join_sellers,1.4173,1,True,
benchmark,90,q7_products_join_sellers,1.1539999999999999,2,True,
benchmark,91,q7_products_join_sellers,1.3178000000000001,2,True,
benchmark,92,q7_products_join_sellers,0.46479999999999999,0,True,
benchmark,93,q7_products_join_sellers,1.0596000000000001,2,True,
benchmark,94,q7_products_join_sellers,1.0322,1,True,
benchmark,95,q7_products_join_sellers,1.0524,2,True,
benchmark,96,q7_products_join_sellers,0.41930000000000001,0,True,
benchmark,97,q7_products_join_sellers,1.5833999999999999,1,True,
benchmark,98,q7_products_join_sellers,0.42930000000000001,0,True,
benchmark,99,q7_products_join_sellers,1.0463,2,True,
benchmark,100,q7_products_join_sellers,0.42209999999999998,0,True,
benchmark,101,q7_products_join_sellers,1.5071000000000001,1,True,
benchmark,102,q7_products_join_sellers,1.1363000000000001,1,True,
benchmark,103,q7_products_join_sellers,1.0509999999999999,1,True,
benchmark,104,q7_products_join_sellers,1.1138999999999999,2,True,
benchmark,105,q7_products_join_sellers,0.42820000000000003,0,True,
benchmark,106,q7_products_join_sellers,1.016,1,True,
benchmark,107,q7_products_join_sellers,0.99990000000000001,1,True,
benchmark,108,q7_products_join_sellers,1.0002,1,True,
benchmark,109,q7_products_join_sellers,0.45000000000000001,0,True,
benchmark,110,q7_products_join_sellers,1.0373000000000001,1,True,
benchmark,111,q7_products_join_sellers,1.0202,1,True,
benchmark,112,q7_products_join_sellers,1.0145,4,True,
benchmark,113,q7_products_join_sellers,1.2782,4,True,
benchmark,114,q7_products_join_sellers,1.1460999999999999,2,True,
benchmark,115,q7_products_join_sellers,0.42559999999999998,0,True,
benchmark,116,q7_products_join_sellers,0.42780000000000001,0,True,
benchmark,117,q7_products_join_sellers,1.1366000000000001,1,True,
benchmark,118,q7_products_join_sellers,0.47470000000000001,0,True,
benchmark,119,q7_products_join_sellers,0.42599999999999999,0,True,
benchmark,120,q7_products_join_sellers,1.0682,3,True,
benchmark,121,q7_products_join_sellers,0.42430000000000001,0,True,
benchmark,122,q7_products_join_sellers,1.0472999999999999,1,True,
benchmark,123,q7_products_join_sellers,0.44019999999999998,0,True,
benchmark,124,q7_products_join_sellers,0.42370000000000002,0,True,
benchmark,125,q7_products_join_sellers,0.43409999999999999,0,True,
benchmark,126,q7_products_join_sellers,0.41860000000000003,0,True,
benchmark,127,q7_products_join_sellers,1.0289999999999999,1,True,
benchmark,128,q7_products_join_sellers,1.0179,1,True,
benchmark,129,q7_products_join_sellers,0.42820000000000003,0,True,
benchmark,130,q7_products_join_sellers,1.0383,2,True,
benchmark,131,q7_products_join_sellers,0.42520000000000002,0,True,
benchmark,132,q7_products_join_sellers,1.0262,1,True,
benchmark,133,q7_products_join_sellers,1.018,1,True,
benchmark,134,q7_products_join_sellers,1.0144,1,True,
benchmark,135,q7_products_join_sellers,1.1492,1,True,
benchmark,136,q7_products_join_sellers,1.2476,1,True,
benchmark,137,q7_products_join_sellers,0.49459999999999998,0,True,
benchmark,138,q7_products_join_sellers,0.43109999999999998,0,True,
benchmark,139,q7_products_join_sellers,1.3807,3,True,
benchmark,140,q7_products_join_sellers,1.0382,1,True,
benchmark,141,q7_products_join_sellers,1.0459000000000001,2,True,
benchmark,142,q7_products_join_sellers,1.0273000000000001,1,True,
benchmark,143,q7_products_join_sellers,0.44190000000000002,0,True,
benchmark,144,q7_products_join_sellers,0.42220000000000002,0,True,
benchmark,145,q7_products_join_sellers,1.0561,1,True,
benchmark,146,q7_products_join_sellers,1.0447,3,True,
benchmark,147,q7_products_join_sellers,1.0322,1,True,
benchmark,148,q7_products_join_sellers,0.43940000000000001,0,True,
benchmark,149,q7_products_join_sellers,0.43059999999999998,0,True,
benchmark,150,q7_products_join_sellers,1.0265,1,True,
benchmark,151,q7_products_join_sellers,1.0726,2,True,
benchmark,152,q7_products_join_sellers,0.42709999999999998,0,True,
benchmark,153,q7_products_join_sellers,0.42120000000000002,0,True,
benchmark,154,q7_products_join_sellers,1.0570999999999999,2,True,
benchmark,155,q7_products_join_sellers,1.0943000000000001,2,True,
benchmark,156,q7_products_join_sellers,1.2283999999999999,1,True,
benchmark,157,q7_products_join_sellers,1.1196999999999999,1,True,
benchmark,158,q7_products_join_sellers,0.4446,0,True,
benchmark,159,q7_products_join_sellers,1.0851999999999999,2,True,
benchmark,160,q7_products_join_sellers,1.0517000000000001,1,True,
benchmark,161,q7_products_join_sellers,1.0389999999999999,1,True,
benchmark,162,q7_products_join_sellers,1.0547,3,True,
benchmark,163,q7_products_join_sellers,0.41860000000000003,0,True,
benchmark,164,q7_products_join_sellers,1.0391999999999999,3,True,
benchmark,165,q7_products_join_sellers,1.0249999999999999,1,True,
benchmark,166,q7_products_join_sellers,1.0274000000000001,2,True,
benchmark,167,q7_products_join_sellers,0.4229,0,True,
benchmark,168,q7_products_join_sellers,1.0012000000000001,2,True,
benchmark,169,q7_products_join_sellers,1.0127999999999999,1,True,
benchmark,170,q7_products_join_sellers,0.42049999999999998,0,True,
benchmark,171,q7_products_join_sellers,0.44869999999999999,0,True,
benchmark,172,q7_products_join_sellers,0.43309999999999998,0,True,
benchmark,173,q7_products_join_sellers,1.0979000000000001,2,True,
benchmark,174,q7_products_join_sellers,0.56020000000000003,0,True,
benchmark,175,q7_products_join_sellers,1.1485000000000001,1,True,
benchmark,176,q7_products_join_sellers,1.0924,1,True,
benchmark,177,q7_products_join_sellers,0.45240000000000002,0,True,
benchmark,178,q7_products_join_sellers,1.4137999999999999,2,True,
benchmark,179,q7_products_join_sellers,0.42259999999999998,0,True,
benchmark,180,q7_products_join_sellers,1.0206999999999999,1,True,
benchmark,181,q7_products_join_sellers,1.0567,1,True,
benchmark,182,q7_products_join_sellers,1.0330999999999999,2,True,
benchmark,183,q7_products_join_sellers,1.0738000000000001,2,True,
benchmark,184,q7_products_join_sellers,1.0459000000000001,4,True,
benchmark,185,q7_products_join_sellers,1.0353000000000001,2,True,
benchmark,186,q7_products_join_sellers,0.441,0,True,
benchmark,187,q7_products_join_sellers,0.42359999999999998,0,True,
benchmark,188,q7_products_join_sellers,1.0232000000000001,2,True,
benchmark,189,q7_products_join_sellers,1.0089999999999999,1,True,
benchmark,190,q7_products_join_sellers,1.0528,2,True,
benchmark,191,q7_products_join_sellers,1.0189999999999999,2,True,
benchmark,192,q7_products_join_sellers,0.41549999999999998,0,True,
benchmark,193,q7_products_join_sellers,1.0840000000000001,2,True,
benchmark,194,q7_products_join_sellers,1.0465,1,True,
benchmark,195,q7_products_join_sellers,1.1964999999999999,2,True,
benchmark,196,q7_products_join_sellers,0.46010000000000001,0,True,
benchmark,197,q7_products_join_sellers,1.0649999999999999,1,True,
benchmark,198,q7_products_join_sellers,0.41789999999999999,0,True,
benchmark,199,q7_products_join_sellers,1.0441,2,True,
benchmark,200,q7_products_join_sellers,0.43880000000000002,0,True,
benchmark,201,q7_products_join_sellers,2.1501999999999999,1,True,
benchmark,202,q7_products_join_sellers,2.0783999999999998,1,True,
benchmark,203,q7_products_join_sellers,2.3167,1,True,
benchmark,204,q7_products_join_sellers,1.5630999999999999,2,True,
benchmark,205,q7_products_join_sellers,0.52400000000000002,0,True,
benchmark,206,q7_products_join_sellers,1.2468999999999999,1,True,
benchmark,207,q7_products_join_sellers,1.2307999999999999,1,True,
benchmark,208,q7_products_join_sellers,1.3360000000000001,1,True,
benchmark,209,q7_products_join_sellers,0.43430000000000002,0,True,
benchmark,210,q7_products_join_sellers,1.0449999999999999,1,True,
benchmark,211,q7_products_join_sellers,1.0692999999999999,1,True,
benchmark,212,q7_products_join_sellers,1.0637000000000001,4,True,
benchmark,213,q7_products_join_sellers,1.0969,4,True,
benchmark,214,q7_products_join_sellers,1.0537000000000001,2,True,
benchmark,215,q7_products_join_sellers,0.42320000000000002,0,True,
benchmark,216,q7_products_join_sellers,0.43070000000000003,0,True,
benchmark,217,q7_products_join_sellers,1.1346000000000001,1,True,
benchmark,218,q7_products_join_sellers,0.61360000000000003,0,True,
benchmark,219,q7_products_join_sellers,0.49830000000000002,0,True,
benchmark,220,q7_products_join_sellers,1.099,3,True,
benchmark,221,q7_products_join_sellers,0.86960000000000004,0,True,
benchmark,222,q7_products_join_sellers,1.0687,1,True,
benchmark,223,q7_products_join_sellers,0.43240000000000001,0,True,
benchmark,224,q7_products_join_sellers,0.42430000000000001,0,True,
benchmark,225,q7_products_join_sellers,0.44359999999999999,0,True,
benchmark,226,q7_products_join_sellers,0.41610000000000003,0,True,
benchmark,227,q7_products_join_sellers,1.0336000000000001,1,True,
benchmark,228,q7_products_join_sellers,1.0571999999999999,1,True,
benchmark,229,q7_products_join_sellers,0.43709999999999999,0,True,
benchmark,230,q7_products_join_sellers,1.1073999999999999,2,True,
benchmark,231,q7_products_join_sellers,0.42380000000000001,0,True,
benchmark,232,q7_products_join_sellers,1.0733999999999999,1,True,
benchmark,233,q7_products_join_sellers,1.0486,1,True,
benchmark,234,q7_products_join_sellers,1.0341,1,True,
benchmark,235,q7_products_join_sellers,1.0321,1,True,
benchmark,236,q7_products_join_sellers,1.0147999999999999,1,True,
benchmark,237,q7_products_join_sellers,0.42049999999999998,0,True,
benchmark,238,q7_products_join_sellers,0.53690000000000004,0,True,
benchmark,239,q7_products_join_sellers,1.0333000000000001,3,True,
benchmark,240,q7_products_join_sellers,1.0772999999999999,1,True,
benchmark,241,q7_products_join_sellers,1.046,2,True,
benchmark,242,q7_products_join_sellers,1.0315000000000001,1,True,
benchmark,243,q7_products_join_sellers,0.43390000000000001,0,True,
benchmark,244,q7_products_join_sellers,0.50429999999999997,0,True,
benchmark,245,q7_products_join_sellers,1.0684,1,True,
benchmark,246,q7_products_join_sellers,1.0648,3,True,
benchmark,247,q7_products_join_sellers,1.0343,1,True,
benchmark,248,q7_products_join_sellers,0.4355,0,True,
benchmark,249,q7_products_join_sellers,0.43059999999999998,0,True,
benchmark,250,q7_products_join_sellers,1.0387999999999999,1,True,
benchmark,251,q7_products_join_sellers,1.0476000000000001,2,True,
benchmark,252,q7_products_join_sellers,0.42930000000000001,0,True,
benchmark,253,q7_products_join_sellers,0.4365,0,True,
benchmark,254,q7_products_join_sellers,1.0813999999999999,2,True,
benchmark,255,q7_products_join_sellers,1.0613999999999999,2,True,
benchmark,256,q7_products_join_sellers,1.0539000000000001,1,True,
benchmark,257,q7_products_join_sellers,1.1281000000000001,1,True,
benchmark,258,q7_products_join_sellers,0.5776,0,True,
benchmark,259,q7_products_join_sellers,1.1444000000000001,2,True,
benchmark,260,q7_products_join_sellers,1.083,1,True,
benchmark,261,q7_products_join_sellers,1.0293000000000001,1,True,
benchmark,262,q7_products_join_sellers,1.0765,3,True,
benchmark,263,q7_products_join_sellers,0.43169999999999997,0,True,
benchmark,264,q7_products_join_sellers,1.038,3,True,
benchmark,265,q7_products_join_sellers,1.0214000000000001,1,True,
benchmark,266,q7_products_join_sellers,1.2186999999999999,2,True,
benchmark,267,q7_products_join_sellers,0.50439999999999996,0,True,
benchmark,268,q7_products_join_sellers,1.0853999999999999,2,True,
benchmark,269,q7_products_join_sellers,1.0455000000000001,1,True,
benchmark,270,q7_products_join_sellers,0.42880000000000001,0,True,
benchmark,271,q7_products_join_sellers,0.42309999999999998,0,True,
benchmark,272,q7_products_join_sellers,0.4299,0,True,
benchmark,273,q7_products_join_sellers,1.0368999999999999,2,True,
benchmark,274,q7_products_join_sellers,0.433,0,True,
benchmark,275,q7_products_join_sellers,1.0246999999999999,1,True,
benchmark,276,q7_products_join_sellers,1.0259,1,True,
benchmark,277,q7_products_join_sellers,0.4224,0,True,
benchmark,278,q7_products_join_sellers,1.1147,2,True,
benchmark,279,q7_products_join_sellers,0.44350000000000001,0,True,
benchmark,280,q7_products_join_sellers,1.0960000000000001,1,True,
benchmark,281,q7_products_join_sellers,1.4321999999999999,1,True,
benchmark,282,q7_products_join_sellers,1.0764,2,True,
benchmark,283,q7_products_join_sellers,1.0707,2,True,
benchmark,284,q7_products_join_sellers,1.0900000000000001,4,True,
benchmark,285,q7_products_join_sellers,1.0688,2,True,
benchmark,286,q7_products_join_sellers,0.44280000000000003,0,True,
benchmark,287,q7_products_join_sellers,0.42209999999999998,0,True,
benchmark,288,q7_products_join_sellers,1.0454000000000001,2,True,
benchmark,289,q7_products_join_sellers,1.0447,1,True,
benchmark,290,q7_products_join_sellers,1.0609999999999999,2,True,
benchmark,291,q7_products_join_sellers,1.1554,2,True,
benchmark,292,q7_products_join_sellers,0.45350000000000001,0,True,
benchmark,293,q7_products_join_sellers,1.1742999999999999,2,True,
benchmark,294,q7_products_join_sellers,1.2658,1,True,
benchmark,295,q7_products_join_sellers,1.1575,2,True,
benchmark,296,q7_products_join_sellers,0.4128,0,True,
benchmark,297,q7_products_join_sellers,1.101,1,True,
benchmark,298,q7_products_join_sellers,0.51539999999999997,0,True,
benchmark,299,q7_products_join_sellers,1.2083999999999999,2,True,
benchmark,300,q7_products_join_sellers,0.4491,0,True,
benchmark,301,q7_products_join_sellers,1.6827000000000001,1,True,
benchmark,302,q7_products_join_sellers,1.1204000000000001,1,True,
benchmark,303,q7_products_join_sellers,1.0524,1,True,
benchmark,304,q7_products_join_sellers,1.0410999999999999,2,True,
benchmark,305,q7_products_join_sellers,0.46750000000000003,0,True,
benchmark,306,q7_products_join_sellers,1.3265,1,True,
benchmark,307,q7_products_join_sellers,1.0755999999999999,1,True,
benchmark,308,q7_products_join_sellers,1.0587,1,True,
benchmark,309,q7_products_join_sellers,0.41320000000000001,0,True,
benchmark,310,q7_products_join_sellers,0.99860000000000004,1,True,
benchmark,311,q7_products_join_sellers,0.94810000000000005,1,True,
benchmark,312,q7_products_join_sellers,0.9647,4,True,
benchmark,313,q7_products_join_sellers,0.97019999999999995,4,True,
benchmark,314,q7_products_join_sellers,0.98580000000000001,2,True,
benchmark,315,q7_products_join_sellers,0.39889999999999998,0,True,
benchmark,316,q7_products_join_sellers,0.39279999999999998,0,True,
benchmark,317,q7_products_join_sellers,0.94689999999999996,1,True,
benchmark,318,q7_products_join_sellers,0.43359999999999999,0,True,
benchmark,319,q7_products_join_sellers,0.435,0,True,
benchmark,320,q7_products_join_sellers,0.97909999999999997,3,True,
benchmark,321,q7_products_join_sellers,0.40789999999999998,0,True,
benchmark,322,q7_products_join_sellers,0.96340000000000003,1,True,
benchmark,323,q7_products_join_sellers,0.39629999999999999,0,True,
benchmark,324,q7_products_join_sellers,0.38690000000000002,0,True,
benchmark,325,q7_products_join_sellers,0.39200000000000002,0,True,
benchmark,326,q7_products_join_sellers,0.39140000000000003,0,True,
benchmark,327,q7_products_join_sellers,1.0088999999999999,1,True,
benchmark,328,q7_products_join_sellers,1.1057999999999999,1,True,
benchmark,329,q7_products_join_sellers,0.43519999999999998,0,True,
benchmark,330,q7_products_join_sellers,0.99319999999999997,2,True,
benchmark,331,q7_products_join_sellers,0.80459999999999998,0,True,
benchmark,332,q7_products_join_sellers,1.0255000000000001,1,True,
benchmark,333,q7_products_join_sellers,1.0202,1,True,
benchmark,334,q7_products_join_sellers,0.98780000000000001,1,True,
benchmark,335,q7_products_join_sellers,0.97619999999999996,1,True,
benchmark,336,q7_products_join_sellers,1.0351999999999999,1,True,
benchmark,337,q7_products_join_sellers,0.40579999999999999,0,True,
benchmark,338,q7_products_join_sellers,0.39689999999999998,0,True,
benchmark,339,q7_products_join_sellers,0.95699999999999996,3,True,
benchmark,340,q7_products_join_sellers,0.998,1,True,
benchmark,341,q7_products_join_sellers,1.0104,2,True,
benchmark,342,q7_products_join_sellers,1.0264,1,True,
benchmark,343,q7_products_join_sellers,0.41310000000000002,0,True,
benchmark,344,q7_products_join_sellers,0.40639999999999998,0,True,
benchmark,345,q7_products_join_sellers,1.0647,1,True,
benchmark,346,q7_products_join_sellers,1.2248000000000001,3,True,
benchmark,347,q7_products_join_sellers,1.0945,1,True,
benchmark,348,q7_products_join_sellers,0.42959999999999998,0,True,
benchmark,349,q7_products_join_sellers,0.41010000000000002,0,True,
benchmark,350,q7_products_join_sellers,1.0271999999999999,1,True,
benchmark,351,q7_products_join_sellers,1.0832999999999999,2,True,
benchmark,352,q7_products_join_sellers,0.43969999999999998,0,True,
benchmark,353,q7_products_join_sellers,0.4229,0,True,
benchmark,354,q7_products_join_sellers,1.0931999999999999,2,True,
benchmark,355,q7_products_join_sellers,1.0333000000000001,2,True,
benchmark,356,q7_products_join_sellers,1.0094000000000001,1,True,
benchmark,357,q7_products_join_sellers,1.0128999999999999,1,True,
benchmark,358,q7_products_join_sellers,0.41549999999999998,0,True,
benchmark,359,q7_products_join_sellers,1.0009999999999999,2,True,
benchmark,360,q7_products_join_sellers,1.0354000000000001,1,True,
benchmark,361,q7_products_join_sellers,1.0234000000000001,1,True,
benchmark,362,q7_products_join_sellers,1.0379,3,True,
benchmark,363,q7_products_join_sellers,0.41880000000000001,0,True,
benchmark,364,q7_products_join_sellers,1.0261,3,True,
benchmark,365,q7_products_join_sellers,1.0476000000000001,1,True,
benchmark,366,q7_products_join_sellers,1.1415999999999999,2,True,
benchmark,367,q7_products_join_sellers,0.46089999999999998,0,True,
benchmark,368,q7_products_join_sellers,1.2208000000000001,2,True,
benchmark,369,q7_products_join_sellers,1.1545000000000001,1,True,
benchmark,370,q7_products_join_sellers,0.42509999999999998,0,True,
benchmark,371,q7_products_join_sellers,0.41799999999999998,0,True,
benchmark,372,q7_products_join_sellers,0.42799999999999999,0,True,
benchmark,373,q7_products_join_sellers,1.0516000000000001,2,True,
benchmark,374,q7_products_join_sellers,0.42109999999999997,0,True,
benchmark,375,q7_products_join_sellers,1.0854999999999999,1,True,
benchmark,376,q7_products_join_sellers,1.0468999999999999,1,True,
benchmark,377,q7_products_join_sellers,0.42209999999999998,0,True,
benchmark,378,q7_products_join_sellers,1.0389999999999999,2,True,
benchmark,379,q7_products_join_sellers,0.43419999999999997,0,True,
benchmark,380,q7_products_join_sellers,1,1,True,
benchmark,381,q7_products_join_sellers,0.98609999999999998,1,True,
benchmark,382,q7_products_join_sellers,0.99129999999999996,2,True,
benchmark,383,q7_products_join_sellers,0.99809999999999999,2,True,
benchmark,384,q7_products_join_sellers,0.98670000000000002,4,True,
benchmark,385,q7_products_join_sellers,1.5286999999999999,2,True,
benchmark,386,q7_products_join_sellers,0.43459999999999999,0,True,
benchmark,387,q7_products_join_sellers,0.42959999999999998,0,True,
benchmark,388,q7_products_join_sellers,1.0546,2,True,
benchmark,389,q7_products_join_sellers,0.98609999999999998,1,True,
benchmark,390,q7_products_join_sellers,1.5018,2,True,
benchmark,391,q7_products_join_sellers,1.0049999999999999,2,True,
benchmark,392,q7_products_join_sellers,0.48309999999999997,0,True,
benchmark,393,q7_products_join_sellers,1.0522,2,True,
benchmark,394,q7_products_join_sellers,0.97470000000000001,1,True,
benchmark,395,q7_products_join_sellers,0.9899,2,True,
benchmark,396,q7_products_join_sellers,0.4017,0,True,
benchmark,397,q7_products_join_sellers,0.95899999999999996,1,True,
benchmark,398,q7_products_join_sellers,0.40029999999999999,0,True,
benchmark,399,q7_products_join_sellers,0.99490000000000001,2,True,
benchmark,400,q7_products_join_sellers,0.41370000000000001,0,True,
benchmark,401,q7_products_join_sellers,1.8107,1,True,
benchmark,402,q7_products_join_sellers,1.0878000000000001,1,True,
benchmark,403,q7_products_join_sellers,1.0145999999999999,1,True,
benchmark,404,q7_products_join_sellers,1.0002,2,True,
benchmark,405,q7_products_join_sellers,0.41170000000000001,0,True,
benchmark,406,q7_products_join_sellers,0.95860000000000001,1,True,
benchmark,407,q7_products_join_sellers,0.97609999999999997,1,True,
benchmark,408,q7_products_join_sellers,1.0410999999999999,1,True,
benchmark,409,q7_products_join_sellers,0.42030000000000001,0,True,
benchmark,410,q7_products_join_sellers,0.97560000000000002,1,True,
benchmark,411,q7_products_join_sellers,0.9536,1,True,
benchmark,412,q7_products_join_sellers,1.0291999999999999,4,True,
benchmark,413,q7_products_join_sellers,1.1059000000000001,4,True,
benchmark,414,q7_products_join_sellers,1.1213,2,True,
benchmark,415,q7_products_join_sellers,0.4556,0,True,
benchmark,416,q7_products_join_sellers,0.40579999999999999,0,True,
benchmark,417,q7_products_join_sellers,1.0629999999999999,1,True,
benchmark,418,q7_products_join_sellers,0.41439999999999999,0,True,
benchmark,419,q7_products_join_sellers,0.39889999999999998,0,True,
benchmark,420,q7_products_join_sellers,1.2029000000000001,3,True,
benchmark,421,q7_products_join_sellers,0.44619999999999999,0,True,
benchmark,422,q7_products_join_sellers,0.98550000000000004,1,True,
benchmark,423,q7_products_join_sellers,0.39800000000000002,0,True,
benchmark,424,q7_products_join_sellers,0.39700000000000002,0,True,
benchmark,425,q7_products_join_sellers,0.39750000000000002,0,True,
benchmark,426,q7_products_join_sellers,0.39350000000000002,0,True,
benchmark,427,q7_products_join_sellers,0.95830000000000004,1,True,
benchmark,428,q7_products_join_sellers,1.0168999999999999,1,True,
benchmark,429,q7_products_join_sellers,0.42099999999999999,0,True,
benchmark,430,q7_products_join_sellers,1.0145,2,True,
benchmark,431,q7_products_join_sellers,0.42230000000000001,0,True,
benchmark,432,q7_products_join_sellers,1.0034000000000001,1,True,
benchmark,433,q7_products_join_sellers,0.99890000000000001,1,True,
benchmark,434,q7_products_join_sellers,1.0549999999999999,1,True,
benchmark,435,q7_products_join_sellers,1.0258,1,True,
benchmark,436,q7_products_join_sellers,1.0451999999999999,1,True,
benchmark,437,q7_products_join_sellers,0.46089999999999998,0,True,
benchmark,438,q7_products_join_sellers,0.44740000000000002,0,True,
benchmark,439,q7_products_join_sellers,1.0671999999999999,3,True,
benchmark,440,q7_products_join_sellers,1.3543000000000001,1,True,
benchmark,441,q7_products_join_sellers,1.0583,2,True,
benchmark,442,q7_products_join_sellers,1.0377000000000001,1,True,
benchmark,443,q7_products_join_sellers,0.44009999999999999,0,True,
benchmark,444,q7_products_join_sellers,0.41909999999999997,0,True,
benchmark,445,q7_products_join_sellers,1.0222,1,True,
benchmark,446,q7_products_join_sellers,1.1400999999999999,3,True,
benchmark,447,q7_products_join_sellers,1.0139,1,True,
benchmark,448,q7_products_join_sellers,0.4274,0,True,
benchmark,449,q7_products_join_sellers,0.41720000000000002,0,True,
benchmark,450,q7_products_join_sellers,1.0159,1,True,
benchmark,451,q7_products_join_sellers,1.0661,2,True,
benchmark,452,q7_products_join_sellers,0.43959999999999999,0,True,
benchmark,453,q7_products_join_sellers,0.42559999999999998,0,True,
benchmark,454,q7_products_join_sellers,1.0429999999999999,2,True,
benchmark,455,q7_products_join_sellers,1.0318000000000001,2,True,
benchmark,456,q7_products_join_sellers,1.1176999999999999,1,True,
benchmark,457,q7_products_join_sellers,1.2635000000000001,1,True,
benchmark,458,q7_products_join_sellers,0.4521,0,True,
benchmark,459,q7_products_join_sellers,1.099,2,True,
benchmark,460,q7_products_join_sellers,1.0065999999999999,1,True,
benchmark,461,q7_products_join_sellers,1.0335000000000001,1,True,
benchmark,462,q7_products_join_sellers,1.0525,3,True,
benchmark,463,q7_products_join_sellers,0.42420000000000002,0,True,
benchmark,464,q7_products_join_sellers,1.0933999999999999,3,True,
benchmark,465,q7_products_join_sellers,1.0561,1,True,
benchmark,466,q7_products_join_sellers,1.0956999999999999,2,True,
benchmark,467,q7_products_join_sellers,0.4138,0,True,
benchmark,468,q7_products_join_sellers,0.99390000000000001,2,True,
benchmark,469,q7_products_join_sellers,1.0219,1,True,
benchmark,470,q7_products_join_sellers,0.41870000000000002,0,True,
benchmark,471,q7_products_join_sellers,0.41110000000000002,0,True,
benchmark,472,q7_products_join_sellers,0.41789999999999999,0,True,
benchmark,473,q7_products_join_sellers,1.0257000000000001,2,True,
benchmark,474,q7_products_join_sellers,0.41799999999999998,0,True,
benchmark,475,q7_products_join_sellers,1.0282,1,True,
benchmark,476,q7_products_join_sellers,0.99939999999999996,1,True,
benchmark,477,q7_products_join_sellers,0.4597,0,True,
benchmark,478,q7_products_join_sellers,1.1596,2,True,
benchmark,479,q7_products_join_sellers,0.432,0,True,
benchmark,480,q7_products_join_sellers,1.3943000000000001,1,True,
benchmark,481,q7_products_join_sellers,1.0095000000000001,1,True,
benchmark,482,q7_products_join_sellers,1.0018,2,True,
benchmark,483,q7_products_join_sellers,0.99229999999999996,2,True,
benchmark,484,q7_products_join_sellers,1.0065,4,True,
benchmark,485,q7_products_join_sellers,1.0015000000000001,2,True,
benchmark,486,q7_products_join_sellers,0.41099999999999998,0,True,
benchmark,487,q7_products_join_sellers,0.3977,0,True,
benchmark,488,q7_products_join_sellers,0.95269999999999999,2,True,
benchmark,489,q7_products_join_sellers,0.95020000000000004,1,True,
benchmark,490,q7_products_join_sellers,0.96930000000000005,2,True,
benchmark,491,q7_products_join_sellers,0.98119999999999996,2,True,
benchmark,492,q7_products_join_sellers,0.39789999999999998,0,True,
benchmark,493,q7_products_join_sellers,1.02,2,True,
benchmark,494,q7_products_join_sellers,1.2054,1,True,
benchmark,495,q7_products_join_sellers,1.0829,2,True,
benchmark,496,q7_products_join_sellers,0.41589999999999999,0,True,
benchmark,497,q7_products_join_sellers,0.97319999999999995,1,True,
benchmark,498,q7_products_join_sellers,0.40679999999999999,0,True,
benchmark,499,q7_products_join_sellers,0.99299999999999999,2,True,
benchmark,500,q7_products_join_sellers,0.40150000000000002,0,True,
benchmark,501,q7_products_join_sellers,2.3462000000000001,1,True,
benchmark,502,q7_products_join_sellers,1.5095000000000001,1,True,
benchmark,503,q7_products_join_sellers,1.5931999999999999,1,True,
benchmark,504,q7_products_join_sellers,1.1944999999999999,2,True,
benchmark,505,q7_products_join_sellers,0.54330000000000001,0,True,
benchmark,506,q7_products_join_sellers,1.3075000000000001,1,True,
benchmark,507,q7_products_join_sellers,0.97450000000000003,1,True,
benchmark,508,q7_products_join_sellers,0.95940000000000003,1,True,
benchmark,509,q7_products_join_sellers,0.44169999999999998,0,True,
benchmark,510,q7_products_join_sellers,1.0092000000000001,1,True,
benchmark,511,q7_products_join_sellers,0.98939999999999995,1,True,
benchmark,512,q7_products_join_sellers,1.0118,4,True,
benchmark,513,q7_products_join_sellers,1.0163,4,True,
benchmark,514,q7_products_join_sellers,1.3071999999999999,2,True,
benchmark,515,q7_products_join_sellers,0.45369999999999999,0,True,
benchmark,516,q7_products_join_sellers,0.41899999999999998,0,True,
benchmark,517,q7_products_join_sellers,1.0007999999999999,1,True,
benchmark,518,q7_products_join_sellers,0.4299,0,True,
benchmark,519,q7_products_join_sellers,0.45169999999999999,0,True,
benchmark,520,q7_products_join_sellers,1.0309999999999999,3,True,
benchmark,521,q7_products_join_sellers,0.5181,0,True,
benchmark,522,q7_products_join_sellers,1.1094999999999999,1,True,
benchmark,523,q7_products_join_sellers,0.40200000000000002,0,True,
benchmark,524,q7_products_join_sellers,0.39410000000000001,0,True,
benchmark,525,q7_products_join_sellers,0.44019999999999998,0,True,
benchmark,526,q7_products_join_sellers,0.42599999999999999,0,True,
benchmark,527,q7_products_join_sellers,1.01,1,True,
benchmark,528,q7_products_join_sellers,1.0279,1,True,
benchmark,529,q7_products_join_sellers,0.41589999999999999,0,True,
benchmark,530,q7_products_join_sellers,1.0589,2,True,
benchmark,531,q7_products_join_sellers,0.42580000000000001,0,True,
benchmark,532,q7_products_join_sellers,1.0146999999999999,1,True,
benchmark,533,q7_products_join_sellers,1.0296000000000001,1,True,
benchmark,534,q7_products_join_sellers,1.0087999999999999,1,True,
benchmark,535,q7_products_join_sellers,1.0306999999999999,1,True,
benchmark,536,q7_products_join_sellers,1.0026999999999999,1,True,
benchmark,537,q7_products_join_sellers,0.4148,0,True,
benchmark,538,q7_products_join_sellers,0.41410000000000002,0,True,
benchmark,539,q7_products_join_sellers,1.0277000000000001,3,True,
benchmark,540,q7_products_join_sellers,1.1123000000000001,1,True,
benchmark,541,q7_products_join_sellers,1.2599,2,True,
benchmark,542,q7_products_join_sellers,1.1255999999999999,1,True,
benchmark,543,q7_products_join_sellers,0.43559999999999999,0,True,
benchmark,544,q7_products_join_sellers,0.41460000000000002,0,True,
benchmark,545,q7_products_join_sellers,1.0246999999999999,1,True,
benchmark,546,q7_products_join_sellers,1.0262,3,True,
benchmark,547,q7_products_join_sellers,1.0165,1,True,
benchmark,548,q7_products_join_sellers,0.41920000000000002,0,True,
benchmark,549,q7_products_join_sellers,0.43169999999999997,0,True,
benchmark,550,q7_products_join_sellers,1.0018,1,True,
benchmark,551,q7_products_join_sellers,1.054,2,True,
benchmark,552,q7_products_join_sellers,0.42270000000000002,0,True,
benchmark,553,q7_products_join_sellers,0.42049999999999998,0,True,
benchmark,554,q7_products_join_sellers,1.0728,2,True,
benchmark,555,q7_products_join_sellers,1.0341,2,True,
benchmark,556,q7_products_join_sellers,1.0051000000000001,1,True,
benchmark,557,q7_products_join_sellers,1.0591999999999999,1,True,
benchmark,558,q7_products_join_sellers,0.44359999999999999,0,True,
benchmark,559,q7_products_join_sellers,1.0408999999999999,2,True,
benchmark,560,q7_products_join_sellers,1.0747,1,True,
benchmark,561,q7_products_join_sellers,1.085,1,True,
benchmark,562,q7_products_join_sellers,1.2742,3,True,
benchmark,563,q7_products_join_sellers,0.45269999999999999,0,True,
benchmark,564,q7_products_join_sellers,1.1002000000000001,3,True,
benchmark,565,q7_products_join_sellers,1.0625,1,True,
benchmark,566,q7_products_join_sellers,1.0559000000000001,2,True,
benchmark,567,q7_products_join_sellers,0.4733,0,True,
benchmark,568,q7_products_join_sellers,1.0575000000000001,2,True,
benchmark,569,q7_products_join_sellers,1.0081,1,True,
benchmark,570,q7_products_join_sellers,0.41899999999999998,0,True,
benchmark,571,q7_products_join_sellers,0.41239999999999999,0,True,
benchmark,572,q7_products_join_sellers,0.41039999999999999,0,True,
benchmark,573,q7_products_join_sellers,1.0016,2,True,
benchmark,574,q7_products_join_sellers,0.42030000000000001,0,True,
benchmark,575,q7_products_join_sellers,1.0085,1,True,
benchmark,576,q7_products_join_sellers,0.98680000000000001,1,True,
benchmark,577,q7_products_join_sellers,0.41220000000000001,0,True,
benchmark,578,q7_products_join_sellers,1.0173000000000001,2,True,
benchmark,579,q7_products_join_sellers,0.41660000000000003,0,True,
benchmark,580,q7_products_join_sellers,1.0136000000000001,1,True,
benchmark,581,q7_products_join_sellers,1.0989,1,True,
benchmark,582,q7_products_join_sellers,1.0434000000000001,2,True,
benchmark,583,q7_products_join_sellers,1.4708000000000001,2,True,
benchmark,584,q7_products_join_sellers,1.0528,4,True,
benchmark,585,q7_products_join_sellers,1.0427999999999999,2,True,
benchmark,586,q7_products_join_sellers,0.41520000000000001,0,True,
benchmark,587,q7_products_join_sellers,0.42130000000000001,0,True,
benchmark,588,q7_products_join_sellers,1.006,2,True,
benchmark,589,q7_products_join_sellers,1.0905,1,True,
benchmark,590,q7_products_join_sellers,1.0451999999999999,2,True,
benchmark,591,q7_products_join_sellers,1.0177,2,True,
benchmark,592,q7_products_join_sellers,0.42280000000000001,0,True,
benchmark,593,q7_products_join_sellers,1.0159,2,True,
benchmark,594,q7_products_join_sellers,1.0003,1,True,
benchmark,595,q7_products_join_sellers,1.0236000000000001,2,True,
benchmark,596,q7_products_join_sellers,0.41460000000000002,0,True,
benchmark,597,q7_products_join_sellers,0.99929999999999997,1,True,
benchmark,598,q7_products_join_sellers,0.41749999999999998,0,True,
benchmark,599,q7_products_join_sellers,1.0956999999999999,2,True,
benchmark,600,q7_products_join_sellers,0.46060000000000001,0,True,
benchmark,601,q7_products_join_sellers,1.4974000000000001,1,True,
benchmark,602,q7_products_join_sellers,1.151,1,True,
benchmark,603,q7_products_join_sellers,1.0563,1,True,
benchmark,604,q7_products_join_sellers,1.0404,2,True,
benchmark,605,q7_products_join_sellers,0.42930000000000001,0,True,
benchmark,606,q7_products_join_sellers,1.0356000000000001,1,True,
benchmark,607,q7_products_join_sellers,1.0958000000000001,1,True,
benchmark,608,q7_products_join_sellers,1.1405000000000001,1,True,
benchmark,609,q7_products_join_sellers,0.46379999999999999,0,True,
benchmark,610,q7_products_join_sellers,1.2722,1,True,
benchmark,611,q7_products_join_sellers,1.2156,1,True,
benchmark,612,q7_products_join_sellers,1.1474,4,True,
benchmark,613,q7_products_join_sellers,1.0863,4,True,
benchmark,614,q7_products_join_sellers,1.3972,2,True,
benchmark,615,q7_products_join_sellers,0.67689999999999995,0,True,
benchmark,616,q7_products_join_sellers,0.58779999999999999,0,True,
benchmark,617,q7_products_join_sellers,1.1728000000000001,1,True,
benchmark,618,q7_products_join_sellers,0.51600000000000001,0,True,
benchmark,619,q7_products_join_sellers,0.50139999999999996,0,True,
benchmark,620,q7_products_join_sellers,1.1393,3,True,
benchmark,621,q7_products_join_sellers,0.52539999999999998,0,True,
benchmark,622,q7_products_join_sellers,1.22,1,True,
benchmark,623,q7_products_join_sellers,0.4985,0,True,
benchmark,624,q7_products_join_sellers,0.53339999999999999,0,True,
benchmark,625,q7_products_join_sellers,0.51780000000000004,0,True,
benchmark,626,q7_products_join_sellers,0.4733,0,True,
benchmark,627,q7_products_join_sellers,1.3652,1,True,
benchmark,628,q7_products_join_sellers,1.0249999999999999,1,True,
benchmark,629,q7_products_join_sellers,0.48530000000000001,0,True,
benchmark,630,q7_products_join_sellers,1.0610999999999999,2,True,
benchmark,631,q7_products_join_sellers,0.4859,0,True,
benchmark,632,q7_products_join_sellers,1.3255999999999999,1,True,
benchmark,633,q7_products_join_sellers,1.2773000000000001,1,True,
benchmark,634,q7_products_join_sellers,1.4493,1,True,
benchmark,635,q7_products_join_sellers,1.5709,1,True,
benchmark,636,q7_products_join_sellers,1.4378,1,True,
benchmark,637,q7_products_join_sellers,0.65310000000000001,0,True,
benchmark,638,q7_products_join_sellers,0.52639999999999998,0,True,
benchmark,639,q7_products_join_sellers,1.8868,3,True,
benchmark,640,q7_products_join_sellers,1.6962999999999999,1,True,
benchmark,641,q7_products_join_sellers,1.5094000000000001,2,True,
benchmark,642,q7_products_join_sellers,1.2923,1,True,
benchmark,643,q7_products_join_sellers,0.48430000000000001,0,True,
benchmark,644,q7_products_join_sellers,0.46700000000000003,0,True,
benchmark,645,q7_products_join_sellers,1.1640999999999999,1,True,
benchmark,646,q7_products_join_sellers,1.2496,3,True,
benchmark,647,q7_products_join_sellers,1.6460999999999999,1,True,
benchmark,648,q7_products_join_sellers,0.62990000000000002,0,True,
benchmark,649,q7_products_join_sellers,0.53710000000000002,0,True,
benchmark,650,q7_products_join_sellers,1.7215,1,True,
benchmark,651,q7_products_join_sellers,1.9726999999999999,2,True,
benchmark,652,q7_products_join_sellers,0.74690000000000001,0,True,
benchmark,653,q7_products_join_sellers,0.68200000000000005,0,True,
benchmark,654,q7_products_join_sellers,1.6883999999999999,2,True,
benchmark,655,q7_products_join_sellers,1.8521000000000001,2,True,
benchmark,656,q7_products_join_sellers,1.7572000000000001,1,True,
benchmark,657,q7_products_join_sellers,1.5192000000000001,1,True,
benchmark,658,q7_products_join_sellers,0.50339999999999996,0,True,
benchmark,659,q7_products_join_sellers,1.8996,2,True,
benchmark,660,q7_products_join_sellers,1.1809000000000001,1,True,
benchmark,661,q7_products_join_sellers,1.1691,1,True,
benchmark,662,q7_products_join_sellers,1.1919,3,True,
benchmark,663,q7_products_join_sellers,0.4975,0,True,
benchmark,664,q7_products_join_sellers,1.3196000000000001,3,True,
benchmark,665,q7_products_join_sellers,1.5760000000000001,1,True,
benchmark,666,q7_products_join_sellers,1.3212999999999999,2,True,
benchmark,667,q7_products_join_sellers,0.51449999999999996,0,True,
benchmark,668,q7_products_join_sellers,1.3803000000000001,2,True,
benchmark,669,q7_products_join_sellers,1.9074,1,True,
benchmark,670,q7_products_join_sellers,0.71499999999999997,0,True,
benchmark,671,q7_products_join_sellers,0.4995,0,True,
benchmark,672,q7_products_join_sellers,0.44390000000000002,0,True,
benchmark,673,q7_products_join_sellers,1.6757,2,True,
benchmark,674,q7_products_join_sellers,0.61619999999999997,0,True,
benchmark,675,q7_products_join_sellers,2.1677,1,True,
benchmark,676,q7_products_join_sellers,1.466,1,True,
benchmark,677,q7_products_join_sellers,0.45129999999999998,0,True,
benchmark,678,q7_products_join_sellers,1.1741999999999999,2,True,
benchmark,679,q7_products_join_sellers,0.46689999999999998,0,True,
benchmark,680,q7_products_join_sellers,1.0626,1,True,
benchmark,681,q7_products_join_sellers,1.1075999999999999,1,True,
benchmark,682,q7_products_join_sellers,1.0748,2,True,
benchmark,683,q7_products_join_sellers,1.1154999999999999,2,True,
benchmark,684,q7_products_join_sellers,1.2001999999999999,4,True,
benchmark,685,q7_products_join_sellers,1.2473000000000001,2,True,
benchmark,686,q7_products_join_sellers,0.64780000000000004,0,True,
benchmark,687,q7_products_join_sellers,0.62919999999999998,0,True,
benchmark,688,q7_products_join_sellers,1.6032999999999999,2,True,
benchmark,689,q7_products_join_sellers,1.5383,1,True,
benchmark,690,q7_products_join_sellers,1.3705000000000001,2,True,
benchmark,691,q7_products_join_sellers,1.206,2,True,
benchmark,692,q7_products_join_sellers,0.46889999999999998,0,True,
benchmark,693,q7_products_join_sellers,1.1299999999999999,2,True,
benchmark,694,q7_products_join_sellers,1.0682,1,True,
benchmark,695,q7_products_join_sellers,1.0814999999999999,2,True,
benchmark,696,q7_products_join_sellers,0.45960000000000001,0,True,
benchmark,697,q7_products_join_sellers,1.1661999999999999,1,True,
benchmark,698,q7_products_join_sellers,0.4652,0,True,
benchmark,699,q7_products_join_sellers,1.0843,2,True,
benchmark,700,q7_products_join_sellers,0.44490000000000002,0,True,
benchmark,701,q7_products_join_sellers,3.2654000000000001,1,True,
benchmark,702,q7_products_join_sellers,3.0825,1,True,
benchmark,703,q7_products_join_sellers,3.077,1,True,
benchmark,704,q7_products_join_sellers,2.1911999999999998,2,True,
benchmark,705,q7_products_join_sellers,0.85629999999999995,0,True,
benchmark,706,q7_products_join_sellers,1.5116000000000001,1,True,
benchmark,707,q7_products_join_sellers,2.3902000000000001,1,True,
benchmark,708,q7_products_join_sellers,2.2734999999999999,1,True,
benchmark,709,q7_products_join_sellers,0.75490000000000002,0,True,
benchmark,710,q7_products_join_sellers,1.3755999999999999,1,True,
benchmark,711,q7_products_join_sellers,1.7929999999999999,1,True,
benchmark,712,q7_products_join_sellers,1.1053999999999999,4,True,
benchmark,713,q7_products_join_sellers,1.0909,4,True,
benchmark,714,q7_products_join_sellers,1.1093,2,True,
benchmark,715,q7_products_join_sellers,0.43030000000000002,0,True,
benchmark,716,q7_products_join_sellers,0.4259,0,True,
benchmark,717,q7_products_join_sellers,1.0557000000000001,1,True,
benchmark,718,q7_products_join_sellers,0.43469999999999998,0,True,
benchmark,719,q7_products_join_sellers,0.4204,0,True,
benchmark,720,q7_products_join_sellers,1.0462,3,True,
benchmark,721,q7_products_join_sellers,0.48799999999999999,0,True,
benchmark,722,q7_products_join_sellers,1.1185,1,True,
benchmark,723,q7_products_join_sellers,0.54400000000000004,0,True,
benchmark,724,q7_products_join_sellers,0.66839999999999999,0,True,
benchmark,725,q7_products_join_sellers,0.59950000000000003,0,True,
benchmark,726,q7_products_join_sellers,0.66769999999999996,0,True,
benchmark,727,q7_products_join_sellers,1.5710999999999999,1,True,
benchmark,728,q7_products_join_sellers,1.1464000000000001,1,True,
benchmark,729,q7_products_join_sellers,0.46139999999999998,0,True,
benchmark,730,q7_products_join_sellers,1.2604,2,True,
benchmark,731,q7_products_join_sellers,0.50490000000000002,0,True,
benchmark,732,q7_products_join_sellers,1.1803999999999999,1,True,
benchmark,733,q7_products_join_sellers,1.0250999999999999,1,True,
benchmark,734,q7_products_join_sellers,1.0334000000000001,1,True,
benchmark,735,q7_products_join_sellers,1.0469999999999999,1,True,
benchmark,736,q7_products_join_sellers,1.0243,1,True,
benchmark,737,q7_products_join_sellers,0.4244,0,True,
benchmark,738,q7_products_join_sellers,0.4234,0,True,
benchmark,739,q7_products_join_sellers,1.0543,3,True,
benchmark,740,q7_products_join_sellers,1.0116000000000001,1,True,
benchmark,741,q7_products_join_sellers,1.1898,2,True,
benchmark,742,q7_products_join_sellers,1.0281,1,True,
benchmark,743,q7_products_join_sellers,0.42899999999999999,0,True,
benchmark,744,q7_products_join_sellers,0.43440000000000001,0,True,
benchmark,745,q7_products_join_sellers,1.0237000000000001,1,True,
benchmark,746,q7_products_join_sellers,1.0367,3,True,
benchmark,747,q7_products_join_sellers,1.0161,1,True,
benchmark,748,q7_products_join_sellers,0.43330000000000002,0,True,
benchmark,749,q7_products_join_sellers,0.4209,0,True,
benchmark,750,q7_products_join_sellers,1.0228999999999999,1,True,
benchmark,751,q7_products_join_sellers,1.0324,2,True,
benchmark,752,q7_products_join_sellers,0.42730000000000001,0,True,
benchmark,753,q7_products_join_sellers,0.42070000000000002,0,True,
benchmark,754,q7_products_join_sellers,1.1997,2,True,
benchmark,755,q7_products_join_sellers,1.0879000000000001,2,True,
benchmark,756,q7_products_join_sellers,1.214,1,True,
benchmark,757,q7_products_join_sellers,1.1120000000000001,1,True,
benchmark,758,q7_products_join_sellers,0.43219999999999997,0,True,
benchmark,759,q7_products_join_sellers,1.0172000000000001,2,True,
benchmark,760,q7_products_join_sellers,1.0656000000000001,1,True,
benchmark,761,q7_products_join_sellers,1.1218999999999999,1,True,
benchmark,762,q7_products_join_sellers,1.1123000000000001,3,True,
benchmark,763,q7_products_join_sellers,0.43890000000000001,0,True,
benchmark,764,q7_products_join_sellers,1.1261000000000001,3,True,
benchmark,765,q7_products_join_sellers,1.0058,1,True,
benchmark,766,q7_products_join_sellers,1.0239,2,True,
benchmark,767,q7_products_join_sellers,0.42130000000000001,0,True,
benchmark,768,q7_products_join_sellers,1.0065999999999999,2,True,
benchmark,769,q7_products_join_sellers,1.0006999999999999,1,True,
benchmark,770,q7_products_join_sellers,0.41239999999999999,0,True,
benchmark,771,q7_products_join_sellers,0.41389999999999999,0,True,
benchmark,772,q7_products_join_sellers,0.4123,0,True,
benchmark,773,q7_products_join_sellers,1.026,2,True,
benchmark,774,q7_products_join_sellers,0.42380000000000001,0,True,
benchmark,775,q7_products_join_sellers,1.0072000000000001,1,True,
benchmark,776,q7_products_join_sellers,1.0141,1,True,
benchmark,777,q7_products_join_sellers,0.46539999999999998,0,True,
benchmark,778,q7_products_join_sellers,1.0969,2,True,
benchmark,779,q7_products_join_sellers,0.437,0,True,
benchmark,780,q7_products_join_sellers,1.0334000000000001,1,True,
benchmark,781,q7_products_join_sellers,1.0524,1,True,
benchmark,782,q7_products_join_sellers,1.1149,2,True,
benchmark,783,q7_products_join_sellers,1.0397000000000001,2,True,
benchmark,784,q7_products_join_sellers,1.4944,4,True,
benchmark,785,q7_products_join_sellers,1.0371999999999999,2,True,
benchmark,786,q7_products_join_sellers,0.52680000000000005,0,True,
benchmark,787,q7_products_join_sellers,0.4335,0,True,
benchmark,788,q7_products_join_sellers,1.0417000000000001,2,True,
benchmark,789,q7_products_join_sellers,0.99770000000000003,1,True,
benchmark,790,q7_products_join_sellers,1.0041,2,True,
benchmark,791,q7_products_join_sellers,1.0091000000000001,2,True,
benchmark,792,q7_products_join_sellers,0.41339999999999999,0,True,
benchmark,793,q7_products_join_sellers,0.99480000000000002,2,True,
benchmark,794,q7_products_join_sellers,0.98960000000000004,1,True,
benchmark,795,q7_products_join_sellers,1.0213000000000001,2,True,
benchmark,796,q7_products_join_sellers,0.41670000000000001,0,True,
benchmark,797,q7_products_join_sellers,0.98519999999999996,1,True,
benchmark,798,q7_products_join_sellers,0.41449999999999998,0,True,
benchmark,799,q7_products_join_sellers,0.99509999999999998,2,True,
benchmark,800,q7_products_join_sellers,0.47139999999999999,0,True,
benchmark,801,q7_products_join_sellers,2.7406000000000001,1,True,
benchmark,802,q7_products_join_sellers,2.2543000000000002,1,True,
benchmark,803,q7_products_join_sellers,1.4313,1,True,
benchmark,804,q7_products_join_sellers,1.5517000000000001,2,True,
benchmark,805,q7_products_join_sellers,0.52010000000000001,0,True,
benchmark,806,q7_products_join_sellers,1.4120999999999999,1,True,
benchmark,807,q7_products_join_sellers,1.4400999999999999,1,True,
benchmark,808,q7_products_join_sellers,1.4247000000000001,1,True,
benchmark,809,q7_products_join_sellers,0.47239999999999999,0,True,
benchmark,810,q7_products_join_sellers,1.2527999999999999,1,True,
benchmark,811,q7_products_join_sellers,1.2605999999999999,1,True,
benchmark,812,q7_products_join_sellers,1.1429,4,True,
benchmark,813,q7_products_join_sellers,1.3963000000000001,4,True,
benchmark,814,q7_products_join_sellers,1.2379,2,True,
benchmark,815,q7_products_join_sellers,0.4672,0,True,
benchmark,816,q7_products_join_sellers,0.42599999999999999,0,True,
benchmark,817,q7_products_join_sellers,1.5760000000000001,1,True,
benchmark,818,q7_products_join_sellers,0.43509999999999999,0,True,
benchmark,819,q7_products_join_sellers,0.44490000000000002,0,True,
benchmark,820,q7_products_join_sellers,1.0454000000000001,3,True,
benchmark,821,q7_products_join_sellers,0.41249999999999998,0,True,
benchmark,822,q7_products_join_sellers,1.0135000000000001,1,True,
benchmark,823,q7_products_join_sellers,0.4249,0,True,
benchmark,824,q7_products_join_sellers,0.42120000000000002,0,True,
benchmark,825,q7_products_join_sellers,0.41889999999999999,0,True,
benchmark,826,q7_products_join_sellers,0.41639999999999999,0,True,
benchmark,827,q7_products_join_sellers,1.03,1,True,
benchmark,828,q7_products_join_sellers,0.98819999999999997,1,True,
benchmark,829,q7_products_join_sellers,0.4093,0,True,
benchmark,830,q7_products_join_sellers,1.0011000000000001,2,True,
benchmark,831,q7_products_join_sellers,0.41189999999999999,0,True,
benchmark,832,q7_products_join_sellers,0.99390000000000001,1,True,
benchmark,833,q7_products_join_sellers,0.99529999999999996,1,True,
benchmark,834,q7_products_join_sellers,1.0183,1,True,
benchmark,835,q7_products_join_sellers,1.2622,1,True,
benchmark,836,q7_products_join_sellers,1.1596,1,True,
benchmark,837,q7_products_join_sellers,0.45040000000000002,0,True,
benchmark,838,q7_products_join_sellers,0.46039999999999998,0,True,
benchmark,839,q7_products_join_sellers,1.0941000000000001,3,True,
benchmark,840,q7_products_join_sellers,1.1076999999999999,1,True,
benchmark,841,q7_products_join_sellers,1.3223,2,True,
benchmark,842,q7_products_join_sellers,1.4408000000000001,1,True,
benchmark,843,q7_products_join_sellers,0.54269999999999996,0,True,
benchmark,844,q7_products_join_sellers,0.45750000000000002,0,True,
benchmark,845,q7_products_join_sellers,1.1946000000000001,1,True,
benchmark,846,q7_products_join_sellers,1.0469999999999999,3,True,
benchmark,847,q7_products_join_sellers,1.0225,1,True,
benchmark,848,q7_products_join_sellers,0.4123,0,True,
benchmark,849,q7_products_join_sellers,0.40939999999999999,0,True,
benchmark,850,q7_products_join_sellers,0.97860000000000003,1,True,
benchmark,851,q7_products_join_sellers,1.0156000000000001,2,True,
benchmark,852,q7_products_join_sellers,0.41999999999999998,0,True,
benchmark,853,q7_products_join_sellers,0.4088,0,True,
benchmark,854,q7_products_join_sellers,1.1367,2,True,
benchmark,855,q7_products_join_sellers,1.1607000000000001,2,True,
benchmark,856,q7_products_join_sellers,1.1589,1,True,
benchmark,857,q7_products_join_sellers,1.0486,1,True,
benchmark,858,q7_products_join_sellers,0.48080000000000001,0,True,
benchmark,859,q7_products_join_sellers,1.1492,2,True,
benchmark,860,q7_products_join_sellers,1.0309999999999999,1,True,
benchmark,861,q7_products_join_sellers,1.0148999999999999,1,True,
benchmark,862,q7_products_join_sellers,1.0245,3,True,
benchmark,863,q7_products_join_sellers,0.4229,0,True,
benchmark,864,q7_products_join_sellers,1.0213000000000001,3,True,
benchmark,865,q7_products_join_sellers,1.0058,1,True,
benchmark,866,q7_products_join_sellers,0.99860000000000004,2,True,
benchmark,867,q7_products_join_sellers,0.41410000000000002,0,True,
benchmark,868,q7_products_join_sellers,1.0071000000000001,2,True,
benchmark,869,q7_products_join_sellers,0.99119999999999997,1,True,
benchmark,870,q7_products_join_sellers,0.42020000000000002,0,True,
benchmark,871,q7_products_join_sellers,0.4304,0,True,
benchmark,872,q7_products_join_sellers,0.42470000000000002,0,True,
benchmark,873,q7_products_join_sellers,1.1435999999999999,2,True,
benchmark,874,q7_products_join_sellers,0.44309999999999999,0,True,
benchmark,875,q7_products_join_sellers,1.0866,1,True,
benchmark,876,q7_products_join_sellers,1.0409999999999999,1,True,
benchmark,877,q7_products_join_sellers,1.0482,0,True,
benchmark,878,q7_products_join_sellers,1.0578000000000001,2,True,
benchmark,879,q7_products_join_sellers,0.42920000000000003,0,True,
benchmark,880,q7_products_join_sellers,1.0633999999999999,1,True,
benchmark,881,q7_products_join_sellers,1.0273000000000001,1,True,
benchmark,882,q7_products_join_sellers,1.1175999999999999,2,True,
benchmark,883,q7_products_join_sellers,1.1107,2,True,
benchmark,884,q7_products_join_sellers,1.0535000000000001,4,True,
benchmark,885,q7_products_join_sellers,1.0444,2,True,
benchmark,886,q7_products_join_sellers,0.42749999999999999,0,True,
benchmark,887,q7_products_join_sellers,0.42280000000000001,0,True,
benchmark,888,q7_products_join_sellers,1.0375000000000001,2,True,
benchmark,889,q7_products_join_sellers,1.0313000000000001,1,True,
benchmark,890,q7_products_join_sellers,1.026,2,True,
benchmark,891,q7_products_join_sellers,1.081,2,True,
benchmark,892,q7_products_join_sellers,0.44729999999999998,0,True,
benchmark,893,q7_products_join_sellers,1.0725,2,True,
benchmark,894,q7_products_join_sellers,1.0696000000000001,1,True,
benchmark,895,q7_products_join_sellers,1.0667,2,True,
benchmark,896,q7_products_join_sellers,0.4269,0,True,
benchmark,897,q7_products_join_sellers,1.0071000000000001,1,True,
benchmark,898,q7_products_join_sellers,0.4279,0,True,
benchmark,899,q7_products_join_sellers,1.0418000000000001,2,True,
benchmark,900,q7_products_join_sellers,0.4345,0,True,
benchmark,901,q7_products_join_sellers,2.3944000000000001,1,True,
benchmark,902,q7_products_join_sellers,2.0468999999999999,1,True,
benchmark,903,q7_products_join_sellers,2.1848000000000001,1,True,
benchmark,904,q7_products_join_sellers,2.085,2,True,
benchmark,905,q7_products_join_sellers,0.58230000000000004,0,True,
benchmark,906,q7_products_join_sellers,1.1691,1,True,
benchmark,907,q7_products_join_sellers,1.2296,1,True,
benchmark,908,q7_products_join_sellers,1.1487000000000001,1,True,
benchmark,909,q7_products_join_sellers,0.46079999999999999,0,True,
benchmark,910,q7_products_join_sellers,1.204,1,True,
benchmark,911,q7_products_join_sellers,1.0294000000000001,1,True,
benchmark,912,q7_products_join_sellers,1.0841000000000001,4,True,
benchmark,913,q7_products_join_sellers,1.0396000000000001,4,True,
benchmark,914,q7_products_join_sellers,1.0350999999999999,2,True,
benchmark,915,q7_products_join_sellers,0.4269,0,True,
benchmark,916,q7_products_join_sellers,0.42970000000000003,0,True,
benchmark,917,q7_products_join_sellers,1.0356000000000001,1,True,
benchmark,918,q7_products_join_sellers,0.42449999999999999,0,True,
benchmark,919,q7_products_join_sellers,0.41460000000000002,0,True,
benchmark,920,q7_products_join_sellers,1.0494000000000001,3,True,
benchmark,921,q7_products_join_sellers,0.4224,0,True,
benchmark,922,q7_products_join_sellers,1.0287999999999999,1,True,
benchmark,923,q7_products_join_sellers,0.4249,0,True,
benchmark,924,q7_products_join_sellers,0.41770000000000002,0,True,
benchmark,925,q7_products_join_sellers,0.42049999999999998,0,True,
benchmark,926,q7_products_join_sellers,0.40820000000000001,0,True,
benchmark,927,q7_products_join_sellers,0.99450000000000005,1,True,
benchmark,928,q7_products_join_sellers,1.0038,1,True,
benchmark,929,q7_products_join_sellers,0.41189999999999999,0,True,
benchmark,930,q7_products_join_sellers,1.1516,2,True,
benchmark,931,q7_products_join_sellers,0.46870000000000001,0,True,
benchmark,932,q7_products_join_sellers,1.0381,1,True,
benchmark,933,q7_products_join_sellers,1.2175,1,True,
benchmark,934,q7_products_join_sellers,1.1995,1,True,
benchmark,935,q7_products_join_sellers,1.0385,1,True,
benchmark,936,q7_products_join_sellers,1.0261,1,True,
benchmark,937,q7_products_join_sellers,0.42809999999999998,0,True,
benchmark,938,q7_products_join_sellers,0.41720000000000002,0,True,
benchmark,939,q7_products_join_sellers,1.0375000000000001,3,True,
benchmark,940,q7_products_join_sellers,1.0082,1,True,
benchmark,941,q7_products_join_sellers,1.0387,2,True,
benchmark,942,q7_products_join_sellers,1.0125,1,True,
benchmark,943,q7_products_join_sellers,0.42349999999999999,0,True,
benchmark,944,q7_products_join_sellers,0.43609999999999999,0,True,
benchmark,945,q7_products_join_sellers,1.0331999999999999,1,True,
benchmark,946,q7_products_join_sellers,1.0344,3,True,
benchmark,947,q7_products_join_sellers,0.99660000000000004,1,True,
benchmark,948,q7_products_join_sellers,0.4204,0,True,
benchmark,949,q7_products_join_sellers,0.47539999999999999,0,True,
benchmark,950,q7_products_join_sellers,1.0518000000000001,1,True,
benchmark,951,q7_products_join_sellers,1.0294000000000001,2,True,
benchmark,952,q7_products_join_sellers,0.42320000000000002,0,True,
benchmark,953,q7_products_join_sellers,0.41239999999999999,0,True,
benchmark,954,q7_products_join_sellers,1.0349999999999999,2,True,
benchmark,955,q7_products_join_sellers,1.0227999999999999,2,True,
benchmark,956,q7_products_join_sellers,1.0235000000000001,1,True,
benchmark,957,q7_products_join_sellers,1.0758000000000001,1,True,
benchmark,958,q7_products_join_sellers,0.53459999999999996,0,True,
benchmark,959,q7_products_join_sellers,1.1292,2,True,
benchmark,960,q7_products_join_sellers,1.1073999999999999,1,True,
benchmark,961,q7_products_join_sellers,1.0477000000000001,1,True,
benchmark,962,q7_products_join_sellers,1.5681,3,True,
benchmark,963,q7_products_join_sellers,0.43619999999999998,0,True,
benchmark,964,q7_products_join_sellers,1.0619000000000001,3,True,
benchmark,965,q7_products_join_sellers,1.0509999999999999,1,True,
benchmark,966,q7_products_join_sellers,1.0677000000000001,2,True,
benchmark,967,q7_products_join_sellers,0.4375,0,True,
benchmark,968,q7_products_join_sellers,1.1702999999999999,2,True,
benchmark,969,q7_products_join_sellers,1.0814999999999999,1,True,
benchmark,970,q7_products_join_sellers,0.54869999999999997,0,True,
benchmark,971,q7_products_join_sellers,0.42899999999999999,0,True,
benchmark,972,q7_products_join_sellers,0.42680000000000001,0,True,
benchmark,973,q7_products_join_sellers,1.0598000000000001,2,True,
benchmark,974,q7_products_join_sellers,0.42549999999999999,0,True,
benchmark,975,q7_products_join_sellers,1.0329999999999999,1,True,
benchmark,976,q7_products_join_sellers,1.0508999999999999,1,True,
benchmark,977,q7_products_join_sellers,0.42509999999999998,0,True,
benchmark,978,q7_products_join_sellers,1.0229999999999999,2,True,
benchmark,979,q7_products_join_sellers,0.42130000000000001,0,True,
benchmark,980,q7_products_join_sellers,1.0274000000000001,1,True,
benchmark,981,q7_products_join_sellers,1.1684000000000001,1,True,
benchmark,982,q7_products_join_sellers,1.0567,2,True,
benchmark,983,q7_products_join_sellers,1.0472999999999999,2,True,
benchmark,984,q7_products_join_sellers,1.0485,4,True,
benchmark,985,q7_products_join_sellers,1.046,2,True,
benchmark,986,q7_products_join_sellers,0.42349999999999999,0,True,
benchmark,987,q7_products_join_sellers,0.41999999999999998,0,True,
benchmark,988,q7_products_join_sellers,1.1119000000000001,2,True,
benchmark,989,q7_products_join_sellers,1.0718000000000001,1,True,
benchmark,990,q7_products_join_sellers,1.2118,2,True,
benchmark,991,q7_products_join_sellers,1.0379,2,True,
benchmark,992,q7_products_join_sellers,0.44290000000000002,0,True,
benchmark,993,q7_products_join_sellers,1.0549999999999999,2,True,
benchmark,994,q7_products_join_sellers,1.0187999999999999,1,True,
benchmark,995,q7_products_join_sellers,1.0278,2,True,
benchmark,996,q7_products_join_sellers,0.41830000000000001,0,True,
benchmark,997,q7_products_join_sellers,1.0033000000000001,1,True,
benchmark,998,q7_products_join_sellers,0.41949999999999998,0,True,
benchmark,999,q7_products_join_sellers,1.0299,2,True,
benchmark,1000,q7_products_join_sellers,0.42909999999999998,0,True,
benchmark,1,q8_order_items_join_products,2.2364000000000002,1,True,
benchmark,2,q8_order_items_join_products,1.7857000000000001,3,True,
benchmark,3,q8_order_items_join_products,1.577,4,True,
benchmark,4,q8_order_items_join_products,1.3266,3,True,
benchmark,5,q8_order_items_join_products,1.2243999999999999,4,True,
benchmark,6,q8_order_items_join_products,1.2622,5,True,
benchmark,7,q8_order_items_join_products,1.139,5,True,
benchmark,8,q8_order_items_join_products,1.1546000000000001,2,True,
benchmark,9,q8_order_items_join_products,1.1322000000000001,2,True,
benchmark,10,q8_order_items_join_products,1.0906,2,True,
benchmark,11,q8_order_items_join_products,1.0911999999999999,1,True,
benchmark,12,q8_order_items_join_products,1.0986,4,True,
benchmark,13,q8_order_items_join_products,1.0764,1,True,
benchmark,14,q8_order_items_join_products,1.0852999999999999,1,True,
benchmark,15,q8_order_items_join_products,1.2289000000000001,1,True,
benchmark,16,q8_order_items_join_products,1.1440999999999999,4,True,
benchmark,17,q8_order_items_join_products,1.1001000000000001,2,True,
benchmark,18,q8_order_items_join_products,1.2351000000000001,4,True,
benchmark,19,q8_order_items_join_products,1.2354000000000001,5,True,
benchmark,20,q8_order_items_join_products,1.1384000000000001,4,True,
benchmark,21,q8_order_items_join_products,1.2021999999999999,2,True,
benchmark,22,q8_order_items_join_products,1.1842999999999999,5,True,
benchmark,23,q8_order_items_join_products,1.1612,4,True,
benchmark,24,q8_order_items_join_products,1.1377999999999999,5,True,
benchmark,25,q8_order_items_join_products,1.1082000000000001,1,True,
benchmark,26,q8_order_items_join_products,1.1085,2,True,
benchmark,27,q8_order_items_join_products,1.0745,1,True,
benchmark,28,q8_order_items_join_products,1.0792999999999999,1,True,
benchmark,29,q8_order_items_join_products,1.0915999999999999,3,True,
benchmark,30,q8_order_items_join_products,1.0598000000000001,1,True,
benchmark,31,q8_order_items_join_products,1.0784,1,True,
benchmark,32,q8_order_items_join_products,1.1862999999999999,3,True,
benchmark,33,q8_order_items_join_products,1.2407999999999999,3,True,
benchmark,34,q8_order_items_join_products,1.1585000000000001,5,True,
benchmark,35,q8_order_items_join_products,1.1284000000000001,2,True,
benchmark,36,q8_order_items_join_products,1.1035999999999999,1,True,
benchmark,37,q8_order_items_join_products,1.135,5,True,
benchmark,38,q8_order_items_join_products,1.093,1,True,
benchmark,39,q8_order_items_join_products,1.099,2,True,
benchmark,40,q8_order_items_join_products,1.1452,5,True,
benchmark,41,q8_order_items_join_products,1.1076999999999999,1,True,
benchmark,42,q8_order_items_join_products,1.0931999999999999,2,True,
benchmark,43,q8_order_items_join_products,1.0567,1,True,
benchmark,44,q8_order_items_join_products,1.0803,2,True,
benchmark,45,q8_order_items_join_products,1.103,4,True,
benchmark,46,q8_order_items_join_products,1.0740000000000001,2,True,
benchmark,47,q8_order_items_join_products,1.077,2,True,
benchmark,48,q8_order_items_join_products,1.1366000000000001,3,True,
benchmark,49,q8_order_items_join_products,1.099,1,True,
benchmark,50,q8_order_items_join_products,1.1685000000000001,4,True,
benchmark,51,q8_order_items_join_products,1.2291000000000001,3,True,
benchmark,52,q8_order_items_join_products,1.0925,1,True,
benchmark,53,q8_order_items_join_products,1.1081000000000001,4,True,
benchmark,54,q8_order_items_join_products,1.1125,4,True,
benchmark,55,q8_order_items_join_products,1.0711999999999999,2,True,
benchmark,56,q8_order_items_join_products,1.0719000000000001,2,True,
benchmark,57,q8_order_items_join_products,1.2139,4,True,
benchmark,58,q8_order_items_join_products,1.0729,1,True,
benchmark,59,q8_order_items_join_products,1.0994999999999999,1,True,
benchmark,60,q8_order_items_join_products,1.095,3,True,
benchmark,61,q8_order_items_join_products,1.0778000000000001,3,True,
benchmark,62,q8_order_items_join_products,1.0993999999999999,4,True,
benchmark,63,q8_order_items_join_products,1.2068000000000001,1,True,
benchmark,64,q8_order_items_join_products,1.1425000000000001,3,True,
benchmark,65,q8_order_items_join_products,1.2088000000000001,4,True,
benchmark,66,q8_order_items_join_products,1.1088,2,True,
benchmark,67,q8_order_items_join_products,1.1007,3,True,
benchmark,68,q8_order_items_join_products,1.1681999999999999,5,True,
benchmark,69,q8_order_items_join_products,1.1108,2,True,
benchmark,70,q8_order_items_join_products,1.1266,5,True,
benchmark,71,q8_order_items_join_products,1.1258999999999999,5,True,
benchmark,72,q8_order_items_join_products,1.1292,5,True,
benchmark,73,q8_order_items_join_products,1.0892999999999999,4,True,
benchmark,74,q8_order_items_join_products,1.0898000000000001,4,True,
benchmark,75,q8_order_items_join_products,1.0945,3,True,
benchmark,76,q8_order_items_join_products,1.0740000000000001,1,True,
benchmark,77,q8_order_items_join_products,1.222,4,True,
benchmark,78,q8_order_items_join_products,1.2079,1,True,
benchmark,79,q8_order_items_join_products,1.1426000000000001,4,True,
benchmark,80,q8_order_items_join_products,1.4834000000000001,2,True,
benchmark,81,q8_order_items_join_products,1.0822000000000001,1,True,
benchmark,82,q8_order_items_join_products,1.0792999999999999,1,True,
benchmark,83,q8_order_items_join_products,1.1497999999999999,3,True,
benchmark,84,q8_order_items_join_products,1.0955999999999999,3,True,
benchmark,85,q8_order_items_join_products,1.0940000000000001,4,True,
benchmark,86,q8_order_items_join_products,1.4036999999999999,5,True,
benchmark,87,q8_order_items_join_products,1.1631,1,True,
benchmark,88,q8_order_items_join_products,1.1331,3,True,
benchmark,89,q8_order_items_join_products,1.2556,4,True,
benchmark,90,q8_order_items_join_products,1.5256000000000001,4,True,
benchmark,91,q8_order_items_join_products,1.5346,5,True,
benchmark,92,q8_order_items_join_products,1.3795999999999999,4,True,
benchmark,93,q8_order_items_join_products,1.3552,1,True,
benchmark,94,q8_order_items_join_products,1.5817000000000001,5,True,
benchmark,95,q8_order_items_join_products,1.3013999999999999,5,True,
benchmark,96,q8_order_items_join_products,1.2851999999999999,3,True,
benchmark,97,q8_order_items_join_products,1.1696,4,True,
benchmark,98,q8_order_items_join_products,1.1102000000000001,4,True,
benchmark,99,q8_order_items_join_products,1.1079000000000001,3,True,
benchmark,100,q8_order_items_join_products,1.1046,4,True,
benchmark,101,q8_order_items_join_products,2.4375,2,True,
benchmark,102,q8_order_items_join_products,1.9596,3,True,
benchmark,103,q8_order_items_join_products,1.714,5,True,
benchmark,104,q8_order_items_join_products,1.4296,4,True,
benchmark,105,q8_order_items_join_products,1.304,5,True,
benchmark,106,q8_order_items_join_products,1.1503000000000001,5,True,
benchmark,107,q8_order_items_join_products,1.1101000000000001,5,True,
benchmark,108,q8_order_items_join_products,1.0935999999999999,3,True,
benchmark,109,q8_order_items_join_products,1.0592999999999999,3,True,
benchmark,110,q8_order_items_join_products,1.0305,1,True,
benchmark,111,q8_order_items_join_products,1.0379,1,True,
benchmark,112,q8_order_items_join_products,1.1214999999999999,3,True,
benchmark,113,q8_order_items_join_products,1.0896999999999999,1,True,
benchmark,114,q8_order_items_join_products,1.1047,4,True,
benchmark,115,q8_order_items_join_products,1.0928,1,True,
benchmark,116,q8_order_items_join_products,1.1186,2,True,
benchmark,117,q8_order_items_join_products,1.0623,2,True,
benchmark,118,q8_order_items_join_products,1.1136999999999999,4,True,
benchmark,119,q8_order_items_join_products,1.1708000000000001,5,True,
benchmark,120,q8_order_items_join_products,1.3613999999999999,3,True,
benchmark,121,q8_order_items_join_products,1.1346000000000001,4,True,
benchmark,122,q8_order_items_join_products,1.2585999999999999,3,True,
benchmark,123,q8_order_items_join_products,1.0968,2,True,
benchmark,124,q8_order_items_join_products,1.0985,3,True,
benchmark,125,q8_order_items_join_products,1.0762,2,True,
benchmark,126,q8_order_items_join_products,1.0658000000000001,1,True,
benchmark,127,q8_order_items_join_products,1.1514,4,True,
benchmark,128,q8_order_items_join_products,1.3008999999999999,5,True,
benchmark,129,q8_order_items_join_products,1.3156000000000001,3,True,
benchmark,130,q8_order_items_join_products,1.8674999999999999,4,True,
benchmark,131,q8_order_items_join_products,1.6428,1,True,
benchmark,132,q8_order_items_join_products,2.0347,1,True,
benchmark,133,q8_order_items_join_products,1.9258,2,True,
benchmark,134,q8_order_items_join_products,1.6927000000000001,2,True,
benchmark,135,q8_order_items_join_products,1.3393999999999999,5,True,
benchmark,136,q8_order_items_join_products,1.4263999999999999,5,True,
benchmark,137,q8_order_items_join_products,1.2967,3,True,
benchmark,138,q8_order_items_join_products,1.1346000000000001,1,True,
benchmark,139,q8_order_items_join_products,1.2353000000000001,4,True,
benchmark,140,q8_order_items_join_products,1.1343000000000001,2,True,
benchmark,141,q8_order_items_join_products,1.2934000000000001,3,True,
benchmark,142,q8_order_items_join_products,1.2195,2,True,
benchmark,143,q8_order_items_join_products,1.6988000000000001,5,True,
benchmark,144,q8_order_items_join_products,1.5743,2,True,
benchmark,145,q8_order_items_join_products,1.2305999999999999,3,True,
benchmark,146,q8_order_items_join_products,1.1806000000000001,1,True,
benchmark,147,q8_order_items_join_products,1.444,5,True,
benchmark,148,q8_order_items_join_products,1.242,4,True,
benchmark,149,q8_order_items_join_products,1.1103000000000001,2,True,
benchmark,150,q8_order_items_join_products,1.119,3,True,
benchmark,151,q8_order_items_join_products,1.1368,2,True,
benchmark,152,q8_order_items_join_products,1.1156999999999999,1,True,
benchmark,153,q8_order_items_join_products,1.1308,4,True,
benchmark,154,q8_order_items_join_products,1.1247,3,True,
benchmark,155,q8_order_items_join_products,1.1488,4,True,
benchmark,156,q8_order_items_join_products,1.3224,5,True,
benchmark,157,q8_order_items_join_products,1.2689999999999999,1,True,
benchmark,158,q8_order_items_join_products,1.2710999999999999,5,True,
benchmark,159,q8_order_items_join_products,1.1071,2,True,
benchmark,160,q8_order_items_join_products,1.0921000000000001,3,True,
benchmark,161,q8_order_items_join_products,1.1513,5,True,
benchmark,162,q8_order_items_join_products,1.1337999999999999,3,True,
benchmark,163,q8_order_items_join_products,1.0885,1,True,
benchmark,164,q8_order_items_join_products,1.0820000000000001,2,True,
benchmark,165,q8_order_items_join_products,1.1204000000000001,5,True,
benchmark,166,q8_order_items_join_products,1.1021000000000001,2,True,
benchmark,167,q8_order_items_join_products,1.1186,5,True,
benchmark,168,q8_order_items_join_products,1.4019999999999999,4,True,
benchmark,169,q8_order_items_join_products,1.3304,4,True,
benchmark,170,q8_order_items_join_products,1.2338,4,True,
benchmark,171,q8_order_items_join_products,1.3043,4,True,
benchmark,172,q8_order_items_join_products,1.3664000000000001,3,True,
benchmark,173,q8_order_items_join_products,1.1816,1,True,
benchmark,174,q8_order_items_join_products,1.1254,3,True,
benchmark,175,q8_order_items_join_products,1.1621999999999999,5,True,
benchmark,176,q8_order_items_join_products,1.2063999999999999,3,True,
benchmark,177,q8_order_items_join_products,1.2412000000000001,3,True,
benchmark,178,q8_order_items_join_products,1.4346000000000001,4,True,
benchmark,179,q8_order_items_join_products,1.3202,3,True,
benchmark,180,q8_order_items_join_products,1.1349,5,True,
benchmark,181,q8_order_items_join_products,1.1289,5,True,
benchmark,182,q8_order_items_join_products,1.1023000000000001,2,True,
benchmark,183,q8_order_items_join_products,1.2037,5,True,
benchmark,184,q8_order_items_join_products,1.1336999999999999,1,True,
benchmark,185,q8_order_items_join_products,1.0792999999999999,1,True,
benchmark,186,q8_order_items_join_products,1.1215999999999999,3,True,
benchmark,187,q8_order_items_join_products,1.1888000000000001,4,True,
benchmark,188,q8_order_items_join_products,1.1912,5,True,
benchmark,189,q8_order_items_join_products,1.1328,3,True,
benchmark,190,q8_order_items_join_products,1.1265000000000001,4,True,
benchmark,191,q8_order_items_join_products,1.091,2,True,
benchmark,192,q8_order_items_join_products,1.1232,3,True,
benchmark,193,q8_order_items_join_products,1.1113999999999999,3,True,
benchmark,194,q8_order_items_join_products,1.0724,2,True,
benchmark,195,q8_order_items_join_products,1.1596,4,True,
benchmark,196,q8_order_items_join_products,1.2284999999999999,5,True,
benchmark,197,q8_order_items_join_products,1.1094999999999999,3,True,
benchmark,198,q8_order_items_join_products,1.22,2,True,
benchmark,199,q8_order_items_join_products,1.1122000000000001,4,True,
benchmark,200,q8_order_items_join_products,1.0824,1,True,
benchmark,201,q8_order_items_join_products,1.8925000000000001,4,True,
benchmark,202,q8_order_items_join_products,1.5867,5,True,
benchmark,203,q8_order_items_join_products,1.1426000000000001,1,True,
benchmark,204,q8_order_items_join_products,1.0954999999999999,1,True,
benchmark,205,q8_order_items_join_products,1.1315,4,True,
benchmark,206,q8_order_items_join_products,1.1456,3,True,
benchmark,207,q8_order_items_join_products,1.0865,2,True,
benchmark,208,q8_order_items_join_products,1.0572999999999999,2,True,
benchmark,209,q8_order_items_join_products,1.1074999999999999,4,True,
benchmark,210,q8_order_items_join_products,1.0808,2,True,
benchmark,211,q8_order_items_join_products,1.2416,2,True,
benchmark,212,q8_order_items_join_products,1.1753,5,True,
benchmark,213,q8_order_items_join_products,1.1293,5,True,
benchmark,214,q8_order_items_join_products,1.0908,5,True,
benchmark,215,q8_order_items_join_products,1.1775,4,True,
benchmark,216,q8_order_items_join_products,1.1889000000000001,5,True,
benchmark,217,q8_order_items_join_products,1.3749,1,True,
benchmark,218,q8_order_items_join_products,1.1073,4,True,
benchmark,219,q8_order_items_join_products,1.1460999999999999,3,True,
benchmark,220,q8_order_items_join_products,1.1319999999999999,4,True,
benchmark,221,q8_order_items_join_products,1.0791999999999999,2,True,
benchmark,222,q8_order_items_join_products,1.0703,2,True,
benchmark,223,q8_order_items_join_products,1.095,1,True,
benchmark,224,q8_order_items_join_products,1.1005,2,True,
benchmark,225,q8_order_items_join_products,1.079,2,True,
benchmark,226,q8_order_items_join_products,1.0966,3,True,
benchmark,227,q8_order_items_join_products,1.1312,5,True,
benchmark,228,q8_order_items_join_products,1.1180000000000001,2,True,
benchmark,229,q8_order_items_join_products,1.2384999999999999,5,True,
benchmark,230,q8_order_items_join_products,1.0975999999999999,1,True,
benchmark,231,q8_order_items_join_products,1.0797000000000001,1,True,
benchmark,232,q8_order_items_join_products,1.1033999999999999,4,True,
benchmark,233,q8_order_items_join_products,1.0637000000000001,1,True,
benchmark,234,q8_order_items_join_products,1.089,2,True,
benchmark,235,q8_order_items_join_products,1.1126,2,True,
benchmark,236,q8_order_items_join_products,1.1014999999999999,4,True,
benchmark,237,q8_order_items_join_products,1.0819000000000001,1,True,
benchmark,238,q8_order_items_join_products,1.1234999999999999,1,True,
benchmark,239,q8_order_items_join_products,1.0904,3,True,
benchmark,240,q8_order_items_join_products,1.0690999999999999,2,True,
benchmark,241,q8_order_items_join_products,1.0779000000000001,2,True,
benchmark,242,q8_order_items_join_products,1.1095999999999999,5,True,
benchmark,243,q8_order_items_join_products,1.0947,1,True,
benchmark,244,q8_order_items_join_products,1.1563000000000001,1,True,
benchmark,245,q8_order_items_join_products,1.1105,2,True,
benchmark,246,q8_order_items_join_products,1.1153999999999999,4,True,
benchmark,247,q8_order_items_join_products,1.2150000000000001,2,True,
benchmark,248,q8_order_items_join_products,1.1405000000000001,4,True,
benchmark,249,q8_order_items_join_products,1.0813999999999999,1,True,
benchmark,250,q8_order_items_join_products,1.1267,5,True,
benchmark,251,q8_order_items_join_products,1.1167,4,True,
benchmark,252,q8_order_items_join_products,1.1176999999999999,3,True,
benchmark,253,q8_order_items_join_products,1.1093,3,True,
benchmark,254,q8_order_items_join_products,1.1327,5,True,
benchmark,255,q8_order_items_join_products,1.1479999999999999,5,True,
benchmark,256,q8_order_items_join_products,1.1116999999999999,2,True,
benchmark,257,q8_order_items_join_products,1.2098,1,True,
benchmark,258,q8_order_items_join_products,1.0901000000000001,4,True,
benchmark,259,q8_order_items_join_products,1.2736000000000001,5,True,
benchmark,260,q8_order_items_join_products,1.1606000000000001,3,True,
benchmark,261,q8_order_items_join_products,1.2856000000000001,4,True,
benchmark,262,q8_order_items_join_products,1.1294,4,True,
benchmark,263,q8_order_items_join_products,1.1246,5,True,
benchmark,264,q8_order_items_join_products,1.1385000000000001,5,True,
benchmark,265,q8_order_items_join_products,1.1924999999999999,1,True,
benchmark,266,q8_order_items_join_products,1.1032999999999999,2,True,
benchmark,267,q8_order_items_join_products,1.0718000000000001,1,True,
benchmark,268,q8_order_items_join_products,1.1211,5,True,
benchmark,269,q8_order_items_join_products,1.1258999999999999,4,True,
benchmark,270,q8_order_items_join_products,1.1226,3,True,
benchmark,271,q8_order_items_join_products,1.0926,2,True,
benchmark,272,q8_order_items_join_products,1.0919000000000001,3,True,
benchmark,273,q8_order_items_join_products,1.1954,1,True,
benchmark,274,q8_order_items_join_products,1.2849999999999999,2,True,
benchmark,275,q8_order_items_join_products,1.1792,2,True,
benchmark,276,q8_order_items_join_products,1.4973000000000001,1,True,
benchmark,277,q8_order_items_join_products,1.3924000000000001,3,True,
benchmark,278,q8_order_items_join_products,1.5201,4,True,
benchmark,279,q8_order_items_join_products,1.4239999999999999,3,True,
benchmark,280,q8_order_items_join_products,2.0293999999999999,2,True,
benchmark,281,q8_order_items_join_products,1.4553,5,True,
benchmark,282,q8_order_items_join_products,1.349,5,True,
benchmark,283,q8_order_items_join_products,1.1534,1,True,
benchmark,284,q8_order_items_join_products,1.1362000000000001,5,True,
benchmark,285,q8_order_items_join_products,1.1363000000000001,4,True,
benchmark,286,q8_order_items_join_products,1.1840999999999999,5,True,
benchmark,287,q8_order_items_join_products,1.1571,4,True,
benchmark,288,q8_order_items_join_products,1.1191,4,True,
benchmark,289,q8_order_items_join_products,1.1457999999999999,4,True,
benchmark,290,q8_order_items_join_products,1.1386000000000001,5,True,
benchmark,291,q8_order_items_join_products,1.1068,1,True,
benchmark,292,q8_order_items_join_products,1.0676000000000001,2,True,
benchmark,293,q8_order_items_join_products,1.1134999999999999,5,True,
benchmark,294,q8_order_items_join_products,1.0646,3,True,
benchmark,295,q8_order_items_join_products,1.0904,3,True,
benchmark,296,q8_order_items_join_products,1.1051,5,True,
benchmark,297,q8_order_items_join_products,1.1157999999999999,4,True,
benchmark,298,q8_order_items_join_products,2.0899000000000001,3,True,
benchmark,299,q8_order_items_join_products,1.6902999999999999,1,True,
benchmark,300,q8_order_items_join_products,1.4257,3,True,
benchmark,301,q8_order_items_join_products,2.2934000000000001,2,True,
benchmark,302,q8_order_items_join_products,1.4511000000000001,3,True,
benchmark,303,q8_order_items_join_products,1.1976,4,True,
benchmark,304,q8_order_items_join_products,1.2133,3,True,
benchmark,305,q8_order_items_join_products,1.1679999999999999,3,True,
benchmark,306,q8_order_items_join_products,1.1023000000000001,1,True,
benchmark,307,q8_order_items_join_products,1.1141000000000001,4,True,
benchmark,308,q8_order_items_join_products,1.1233,4,True,
benchmark,309,q8_order_items_join_products,1.1445000000000001,3,True,
benchmark,310,q8_order_items_join_products,1.0902000000000001,2,True,
benchmark,311,q8_order_items_join_products,1.1652,5,True,
benchmark,312,q8_order_items_join_products,1.2403,4,True,
benchmark,313,q8_order_items_join_products,1.1990000000000001,2,True,
benchmark,314,q8_order_items_join_products,1.1314,4,True,
benchmark,315,q8_order_items_join_products,1.0882000000000001,2,True,
benchmark,316,q8_order_items_join_products,1.0935999999999999,3,True,
benchmark,317,q8_order_items_join_products,1.2697000000000001,4,True,
benchmark,318,q8_order_items_join_products,1.181,3,True,
benchmark,319,q8_order_items_join_products,1.1082000000000001,2,True,
benchmark,320,q8_order_items_join_products,1.0762,1,True,
benchmark,321,q8_order_items_join_products,1.1229,3,True,
benchmark,322,q8_order_items_join_products,1.109,1,True,
benchmark,323,q8_order_items_join_products,1.1208,4,True,
benchmark,324,q8_order_items_join_products,1.1354,5,True,
benchmark,325,q8_order_items_join_products,1.1954,1,True,
benchmark,326,q8_order_items_join_products,1.1983999999999999,2,True,
benchmark,327,q8_order_items_join_products,1.1101000000000001,1,True,
benchmark,328,q8_order_items_join_products,1.6384000000000001,3,True,
benchmark,329,q8_order_items_join_products,1.149,2,True,
benchmark,330,q8_order_items_join_products,1.1346000000000001,4,True,
benchmark,331,q8_order_items_join_products,1.1265000000000001,2,True,
benchmark,332,q8_order_items_join_products,1.1285000000000001,5,True,
benchmark,333,q8_order_items_join_products,1.1184000000000001,5,True,
benchmark,334,q8_order_items_join_products,1.0943000000000001,1,True,
benchmark,335,q8_order_items_join_products,1.2413000000000001,5,True,
benchmark,336,q8_order_items_join_products,1.1437999999999999,3,True,
benchmark,337,q8_order_items_join_products,1.1315,2,True,
benchmark,338,q8_order_items_join_products,1.1185,4,True,
benchmark,339,q8_order_items_join_products,1.2141,1,True,
benchmark,340,q8_order_items_join_products,1.1484000000000001,1,True,
benchmark,341,q8_order_items_join_products,1.1313,5,True,
benchmark,342,q8_order_items_join_products,1.0960000000000001,3,True,
benchmark,343,q8_order_items_join_products,1.1398999999999999,5,True,
benchmark,344,q8_order_items_join_products,1.0800000000000001,2,True,
benchmark,345,q8_order_items_join_products,1.0993999999999999,3,True,
benchmark,346,q8_order_items_join_products,1.1081000000000001,4,True,
benchmark,347,q8_order_items_join_products,1.0895999999999999,1,True,
benchmark,348,q8_order_items_join_products,1.0846,2,True,
benchmark,349,q8_order_items_join_products,1.1208,5,True,
benchmark,350,q8_order_items_join_products,1.1617999999999999,4,True,
benchmark,351,q8_order_items_join_products,1.1564000000000001,4,True,
benchmark,352,q8_order_items_join_products,1.1877,1,True,
benchmark,353,q8_order_items_join_products,1.2081,5,True,
benchmark,354,q8_order_items_join_products,1.4228000000000001,4,True,
benchmark,355,q8_order_items_join_products,1.2444,5,True,
benchmark,356,q8_order_items_join_products,1.2817000000000001,5,True,
benchmark,357,q8_order_items_join_products,1.1364000000000001,3,True,
benchmark,358,q8_order_items_join_products,1.1188,5,True,
benchmark,359,q8_order_items_join_products,1.0871,3,True,
benchmark,360,q8_order_items_join_products,1.1377999999999999,5,True,
benchmark,361,q8_order_items_join_products,1.1434,5,True,
benchmark,362,q8_order_items_join_products,1.1240000000000001,5,True,
benchmark,363,q8_order_items_join_products,1.0630999999999999,2,True,
benchmark,364,q8_order_items_join_products,1.1112,1,True,
benchmark,365,q8_order_items_join_products,1.0902000000000001,1,True,
benchmark,366,q8_order_items_join_products,1.1146,1,True,
benchmark,367,q8_order_items_join_products,1.1297999999999999,4,True,
benchmark,368,q8_order_items_join_products,1.1214999999999999,1,True,
benchmark,369,q8_order_items_join_products,1.2029000000000001,5,True,
benchmark,370,q8_order_items_join_products,1.4422999999999999,4,True,
benchmark,371,q8_order_items_join_products,1.6036999999999999,1,True,
benchmark,372,q8_order_items_join_products,1.0998000000000001,3,True,
benchmark,373,q8_order_items_join_products,1.0886,2,True,
benchmark,374,q8_order_items_join_products,1.1158999999999999,4,True,
benchmark,375,q8_order_items_join_products,1.0722,2,True,
benchmark,376,q8_order_items_join_products,1.0802,2,True,
benchmark,377,q8_order_items_join_products,1.1341000000000001,5,True,
benchmark,378,q8_order_items_join_products,1.1464000000000001,4,True,
benchmark,379,q8_order_items_join_products,1.1348,5,True,
benchmark,380,q8_order_items_join_products,1.1129,5,True,
benchmark,381,q8_order_items_join_products,1.1444000000000001,5,True,
benchmark,382,q8_order_items_join_products,1.0713999999999999,1,True,
benchmark,383,q8_order_items_join_products,1.1113,3,True,
benchmark,384,q8_order_items_join_products,1.1277999999999999,5,True,
benchmark,385,q8_order_items_join_products,1.1237999999999999,5,True,
benchmark,386,q8_order_items_join_products,1.0762,1,True,
benchmark,387,q8_order_items_join_products,1.1787000000000001,2,True,
benchmark,388,q8_order_items_join_products,1.1679999999999999,1,True,
benchmark,389,q8_order_items_join_products,1.1006,2,True,
benchmark,390,q8_order_items_join_products,1.0924,3,True,
benchmark,391,q8_order_items_join_products,1.153,5,True,
benchmark,392,q8_order_items_join_products,1.0985,4,True,
benchmark,393,q8_order_items_join_products,1.1303000000000001,5,True,
benchmark,394,q8_order_items_join_products,1.0851999999999999,2,True,
benchmark,395,q8_order_items_join_products,1.1318999999999999,4,True,
benchmark,396,q8_order_items_join_products,1.0544,1,True,
benchmark,397,q8_order_items_join_products,1.3172999999999999,4,True,
benchmark,398,q8_order_items_join_products,1.1543000000000001,2,True,
benchmark,399,q8_order_items_join_products,1.1131,4,True,
benchmark,400,q8_order_items_join_products,1.0931999999999999,3,True,
benchmark,401,q8_order_items_join_products,2.3778999999999999,3,True,
benchmark,402,q8_order_items_join_products,2.1528,4,True,
benchmark,403,q8_order_items_join_products,1.4258999999999999,5,True,
benchmark,404,q8_order_items_join_products,1.5899000000000001,1,True,
benchmark,405,q8_order_items_join_products,1.3593,1,True,
benchmark,406,q8_order_items_join_products,1.1091,5,True,
benchmark,407,q8_order_items_join_products,1.1108,5,True,
benchmark,408,q8_order_items_join_products,1.1014999999999999,2,True,
benchmark,409,q8_order_items_join_products,1.1188,4,True,
benchmark,410,q8_order_items_join_products,1.0884,1,True,
benchmark,411,q8_order_items_join_products,1.1335999999999999,3,True,
benchmark,412,q8_order_items_join_products,1.1169,3,True,
benchmark,413,q8_order_items_join_products,1.1472,2,True,
benchmark,414,q8_order_items_join_products,1.2190000000000001,5,True,
benchmark,415,q8_order_items_join_products,1.1069,2,True,
benchmark,416,q8_order_items_join_products,1.2364999999999999,1,True,
benchmark,417,q8_order_items_join_products,1.107,1,True,
benchmark,418,q8_order_items_join_products,1.1404000000000001,3,True,
benchmark,419,q8_order_items_join_products,1.149,5,True,
benchmark,420,q8_order_items_join_products,1.1214,3,True,
benchmark,421,q8_order_items_join_products,1.1122000000000001,3,True,
benchmark,422,q8_order_items_join_products,1.1011,1,True,
benchmark,423,q8_order_items_join_products,1.103,3,True,
benchmark,424,q8_order_items_join_products,1.6241000000000001,1,True,
benchmark,425,q8_order_items_join_products,1.0903,1,True,
benchmark,426,q8_order_items_join_products,1.1382000000000001,4,True,
benchmark,427,q8_order_items_join_products,1.1143000000000001,3,True,
benchmark,428,q8_order_items_join_products,1.1673,5,True,
benchmark,429,q8_order_items_join_products,1.095,2,True,
benchmark,430,q8_order_items_join_products,1.1941999999999999,1,True,
benchmark,431,q8_order_items_join_products,1.1168,2,True,
benchmark,432,q8_order_items_join_products,1.1311,4,True,
benchmark,433,q8_order_items_join_products,1.0827,2,True,
benchmark,434,q8_order_items_join_products,1.0805,3,True,
benchmark,435,q8_order_items_join_products,1.0984,3,True,
benchmark,436,q8_order_items_join_products,1.1011,3,True,
benchmark,437,q8_order_items_join_products,1.101,1,True,
benchmark,438,q8_order_items_join_products,1.0738000000000001,2,True,
benchmark,439,q8_order_items_join_products,1.1420999999999999,4,True,
benchmark,440,q8_order_items_join_products,1.1022000000000001,1,True,
benchmark,441,q8_order_items_join_products,1.0767,2,True,
benchmark,442,q8_order_items_join_products,1.1906000000000001,3,True,
benchmark,443,q8_order_items_join_products,1.0955999999999999,1,True,
benchmark,444,q8_order_items_join_products,1.1213,3,True,
benchmark,445,q8_order_items_join_products,1.1245000000000001,3,True,
benchmark,446,q8_order_items_join_products,1.1112,4,True,
benchmark,447,q8_order_items_join_products,1.0874999999999999,1,True,
benchmark,448,q8_order_items_join_products,1.2507999999999999,4,True,
benchmark,449,q8_order_items_join_products,1.1208,2,True,
benchmark,450,q8_order_items_join_products,1.1149,1,True,
benchmark,451,q8_order_items_join_products,1.1842999999999999,4,True,
benchmark,452,q8_order_items_join_products,1.1309,5,True,
benchmark,453,q8_order_items_join_products,1.1983999999999999,5,True,
benchmark,454,q8_order_items_join_products,1.1365000000000001,4,True,
benchmark,455,q8_order_items_join_products,1.1316999999999999,5,True,
benchmark,456,q8_order_items_join_products,1.0714999999999999,1,True,
benchmark,457,q8_order_items_join_products,1.1922999999999999,2,True,
benchmark,458,q8_order_items_join_products,1.1998,3,True,
benchmark,459,q8_order_items_join_products,1.2075,5,True,
benchmark,460,q8_order_items_join_products,1.161,5,True,
benchmark,461,q8_order_items_join_products,1.0892999999999999,1,True,
benchmark,462,q8_order_items_join_products,1.1297999999999999,4,True,
benchmark,463,q8_order_items_join_products,1.0881000000000001,4,True,
benchmark,464,q8_order_items_join_products,1.0721000000000001,1,True,
benchmark,465,q8_order_items_join_products,1.0415000000000001,1,True,
benchmark,466,q8_order_items_join_products,1.2423999999999999,4,True,
benchmark,467,q8_order_items_join_products,1.1515,5,True,
benchmark,468,q8_order_items_join_products,1.1104000000000001,4,True,
benchmark,469,q8_order_items_join_products,1.0857000000000001,3,True,
benchmark,470,q8_order_items_join_products,1.0786,2,True,
benchmark,471,q8_order_items_join_products,1.1127,4,True,
benchmark,472,q8_order_items_join_products,1.1294999999999999,4,True,
benchmark,473,q8_order_items_join_products,1.1189,3,True,
benchmark,474,q8_order_items_join_products,1.2624,5,True,
benchmark,475,q8_order_items_join_products,1.2263999999999999,4,True,
benchmark,476,q8_order_items_join_products,1.163,3,True,
benchmark,477,q8_order_items_join_products,1.1236999999999999,1,True,
benchmark,478,q8_order_items_join_products,1.1531,4,True,
benchmark,479,q8_order_items_join_products,1.373,4,True,
benchmark,480,q8_order_items_join_products,1.3955,1,True,
benchmark,481,q8_order_items_join_products,1.3282,3,True,
benchmark,482,q8_order_items_join_products,1.1422000000000001,2,True,
benchmark,483,q8_order_items_join_products,1.4020999999999999,4,True,
benchmark,484,q8_order_items_join_products,1.2281,2,True,
benchmark,485,q8_order_items_join_products,1.22,2,True,
benchmark,486,q8_order_items_join_products,1.1200000000000001,2,True,
benchmark,487,q8_order_items_join_products,1.1463000000000001,5,True,
benchmark,488,q8_order_items_join_products,1.0844,2,True,
benchmark,489,q8_order_items_join_products,1.0994999999999999,3,True,
benchmark,490,q8_order_items_join_products,1.0858000000000001,3,True,
benchmark,491,q8_order_items_join_products,1.0779000000000001,3,True,
benchmark,492,q8_order_items_join_products,1.119,5,True,
benchmark,493,q8_order_items_join_products,1.0911,3,True,
benchmark,494,q8_order_items_join_products,1.1002000000000001,1,True,
benchmark,495,q8_order_items_join_products,1.0720000000000001,1,True,
benchmark,496,q8_order_items_join_products,1.069,1,True,
benchmark,497,q8_order_items_join_products,1.0647,2,True,
benchmark,498,q8_order_items_join_products,1.1182000000000001,5,True,
benchmark,499,q8_order_items_join_products,1.0683,1,True,
benchmark,500,q8_order_items_join_products,1.0849,2,True,
benchmark,501,q8_order_items_join_products,1.6222000000000001,3,True,
benchmark,502,q8_order_items_join_products,1.3441000000000001,4,True,
benchmark,503,q8_order_items_join_products,1.2293000000000001,2,True,
benchmark,504,q8_order_items_join_products,1.2455000000000001,3,True,
benchmark,505,q8_order_items_join_products,1.3363,5,True,
benchmark,506,q8_order_items_join_products,1.3218000000000001,5,True,
benchmark,507,q8_order_items_join_products,1.6291,5,True,
benchmark,508,q8_order_items_join_products,1.3629,5,True,
benchmark,509,q8_order_items_join_products,1.1235999999999999,5,True,
benchmark,510,q8_order_items_join_products,1.0762,3,True,
benchmark,511,q8_order_items_join_products,1.1006,4,True,
benchmark,512,q8_order_items_join_products,1.1079000000000001,1,True,
benchmark,513,q8_order_items_join_products,1.1577,1,True,
benchmark,514,q8_order_items_join_products,1.2934000000000001,5,True,
benchmark,515,q8_order_items_join_products,1.1756,5,True,
benchmark,516,q8_order_items_join_products,1.1108,1,True,
benchmark,517,q8_order_items_join_products,1.1264000000000001,5,True,
benchmark,518,q8_order_items_join_products,1.0987,1,True,
benchmark,519,q8_order_items_join_products,1.0938000000000001,2,True,
benchmark,520,q8_order_items_join_products,1.1915,3,True,
benchmark,521,q8_order_items_join_products,1.1903999999999999,3,True,
benchmark,522,q8_order_items_join_products,1.2761,2,True,
benchmark,523,q8_order_items_join_products,1.1628000000000001,4,True,
benchmark,524,q8_order_items_join_products,1.1488,5,True,
benchmark,525,q8_order_items_join_products,1.1275999999999999,5,True,
benchmark,526,q8_order_items_join_products,1.0768,1,True,
benchmark,527,q8_order_items_join_products,1.2092000000000001,2,True,
benchmark,528,q8_order_items_join_products,1.2313000000000001,5,True,
benchmark,529,q8_order_items_join_products,1.1642999999999999,4,True,
benchmark,530,q8_order_items_join_products,1.637,2,True,
benchmark,531,q8_order_items_join_products,1.1277999999999999,3,True,
benchmark,532,q8_order_items_join_products,1.1315,4,True,
benchmark,533,q8_order_items_join_products,1.1015999999999999,1,True,
benchmark,534,q8_order_items_join_products,1.1103000000000001,3,True,
benchmark,535,q8_order_items_join_products,1.147,5,True,
benchmark,536,q8_order_items_join_products,1.0871999999999999,2,True,
benchmark,537,q8_order_items_join_products,1.119,3,True,
benchmark,538,q8_order_items_join_products,1.3972,5,True,
benchmark,539,q8_order_items_join_products,1.1375999999999999,2,True,
benchmark,540,q8_order_items_join_products,1.1493,3,True,
benchmark,541,q8_order_items_join_products,1.2141,5,True,
benchmark,542,q8_order_items_join_products,1.0994999999999999,1,True,
benchmark,543,q8_order_items_join_products,1.0981000000000001,3,True,
benchmark,544,q8_order_items_join_products,1.0768,1,True,
benchmark,545,q8_order_items_join_products,1.0999000000000001,3,True,
benchmark,546,q8_order_items_join_products,1.0781000000000001,2,True,
benchmark,547,q8_order_items_join_products,1.0729,1,True,
benchmark,548,q8_order_items_join_products,1.0912999999999999,2,True,
benchmark,549,q8_order_items_join_products,1.1213,2,True,
benchmark,550,q8_order_items_join_products,1.1216999999999999,2,True,
benchmark,551,q8_order_items_join_products,1.1480999999999999,5,True,
benchmark,552,q8_order_items_join_products,1.1165,4,True,
benchmark,553,q8_order_items_join_products,1.1301000000000001,5,True,
benchmark,554,q8_order_items_join_products,1.1226,3,True,
benchmark,555,q8_order_items_join_products,1.1913,3,True,
benchmark,556,q8_order_items_join_products,1.3257000000000001,2,True,
benchmark,557,q8_order_items_join_products,1.3759999999999999,5,True,
benchmark,558,q8_order_items_join_products,1.208,4,True,
benchmark,559,q8_order_items_join_products,1.2326999999999999,2,True,
benchmark,560,q8_order_items_join_products,1.1424000000000001,5,True,
benchmark,561,q8_order_items_join_products,1.1375,5,True,
benchmark,562,q8_order_items_join_products,1.1194,5,True,
benchmark,563,q8_order_items_join_products,1.0692999999999999,1,True,
benchmark,564,q8_order_items_join_products,1.0854999999999999,1,True,
benchmark,565,q8_order_items_join_products,1.1119000000000001,4,True,
benchmark,566,q8_order_items_join_products,1.1194999999999999,4,True,
benchmark,567,q8_order_items_join_products,1.1123000000000001,4,True,
benchmark,568,q8_order_items_join_products,1.1569,5,True,
benchmark,569,q8_order_items_join_products,1.1529,5,True,
benchmark,570,q8_order_items_join_products,1.1235999999999999,3,True,
benchmark,571,q8_order_items_join_products,1.1838,3,True,
benchmark,572,q8_order_items_join_products,1.1283000000000001,3,True,
benchmark,573,q8_order_items_join_products,2.2706,1,True,
benchmark,574,q8_order_items_join_products,1.1357999999999999,1,True,
benchmark,575,q8_order_items_join_products,1.1077999999999999,3,True,
benchmark,576,q8_order_items_join_products,1.0894999999999999,2,True,
benchmark,577,q8_order_items_join_products,1.0896999999999999,2,True,
benchmark,578,q8_order_items_join_products,1.089,4,True,
benchmark,579,q8_order_items_join_products,1.0831999999999999,4,True,
benchmark,580,q8_order_items_join_products,1.0612999999999999,1,True,
benchmark,581,q8_order_items_join_products,1.0992,2,True,
benchmark,582,q8_order_items_join_products,1.1121000000000001,4,True,
benchmark,583,q8_order_items_join_products,1.1183000000000001,4,True,
benchmark,584,q8_order_items_join_products,1.2237,3,True,
benchmark,585,q8_order_items_join_products,1.1407,4,True,
benchmark,586,q8_order_items_join_products,1.1408,5,True,
benchmark,587,q8_order_items_join_products,1.1074999999999999,2,True,
benchmark,588,q8_order_items_join_products,1.1037999999999999,3,True,
benchmark,589,q8_order_items_join_products,1.0967,2,True,
benchmark,590,q8_order_items_join_products,1.2084999999999999,2,True,
benchmark,591,q8_order_items_join_products,1.1193,1,True,
benchmark,592,q8_order_items_join_products,1.1044,2,True,
benchmark,593,q8_order_items_join_products,1.0994999999999999,1,True,
benchmark,594,q8_order_items_join_products,1.1541999999999999,2,True,
benchmark,595,q8_order_items_join_products,1.1123000000000001,4,True,
benchmark,596,q8_order_items_join_products,1.111,3,True,
benchmark,597,q8_order_items_join_products,1.1312,2,True,
benchmark,598,q8_order_items_join_products,1.0832999999999999,1,True,
benchmark,599,q8_order_items_join_products,1.1457999999999999,3,True,
benchmark,600,q8_order_items_join_products,1.1353,4,True,
benchmark,601,q8_order_items_join_products,2.5709,3,True,
benchmark,602,q8_order_items_join_products,1.1776,1,True,
benchmark,603,q8_order_items_join_products,1.1224000000000001,1,True,
benchmark,604,q8_order_items_join_products,1.117,2,True,
benchmark,605,q8_order_items_join_products,1.1597,4,True,
benchmark,606,q8_order_items_join_products,1.1273,4,True,
benchmark,607,q8_order_items_join_products,1.1065,4,True,
benchmark,608,q8_order_items_join_products,1.1216999999999999,3,True,
benchmark,609,q8_order_items_join_products,1.1366000000000001,4,True,
benchmark,610,q8_order_items_join_products,1.0896999999999999,2,True,
benchmark,611,q8_order_items_join_products,1.1237999999999999,4,True,
benchmark,612,q8_order_items_join_products,1.0904,3,True,
benchmark,613,q8_order_items_join_products,1.1424000000000001,5,True,
benchmark,614,q8_order_items_join_products,1.2,5,True,
benchmark,615,q8_order_items_join_products,1.3116000000000001,1,True,
benchmark,616,q8_order_items_join_products,1.2690999999999999,3,True,
benchmark,617,q8_order_items_join_products,1.0915999999999999,1,True,
benchmark,618,q8_order_items_join_products,1.0901000000000001,1,True,
benchmark,619,q8_order_items_join_products,1.1001000000000001,3,True,
benchmark,620,q8_order_items_join_products,1.1688000000000001,1,True,
benchmark,621,q8_order_items_join_products,1.1498999999999999,5,True,
benchmark,622,q8_order_items_join_products,1.1403000000000001,3,True,
benchmark,623,q8_order_items_join_products,1.0812999999999999,2,True,
benchmark,624,q8_order_items_join_products,1.1154999999999999,4,True,
benchmark,625,q8_order_items_join_products,1.0806,2,True,
benchmark,626,q8_order_items_join_products,1.0805,3,True,
benchmark,627,q8_order_items_join_products,1.0669999999999999,2,True,
benchmark,628,q8_order_items_join_products,1.1075999999999999,5,True,
benchmark,629,q8_order_items_join_products,1.1511,3,True,
benchmark,630,q8_order_items_join_products,1.2399,5,True,
benchmark,631,q8_order_items_join_products,1.5250999999999999,1,True,
benchmark,632,q8_order_items_join_products,1.1003000000000001,1,True,
benchmark,633,q8_order_items_join_products,1.1406000000000001,5,True,
benchmark,634,q8_order_items_join_products,1.1133999999999999,5,True,
benchmark,635,q8_order_items_join_products,1.1367,5,True,
benchmark,636,q8_order_items_join_products,1.0938000000000001,3,True,
benchmark,637,q8_order_items_join_products,1.095,5,True,
benchmark,638,q8_order_items_join_products,1.2521,2,True,
benchmark,639,q8_order_items_join_products,1.2043999999999999,3,True,
benchmark,640,q8_order_items_join_products,1.3511,3,True,
benchmark,641,q8_order_items_join_products,1.274,4,True,
benchmark,642,q8_order_items_join_products,1.2457,3,True,
benchmark,643,q8_order_items_join_products,1.4076,4,True,
benchmark,644,q8_order_items_join_products,1.3394999999999999,3,True,
benchmark,645,q8_order_items_join_products,1.1953,2,True,
benchmark,646,q8_order_items_join_products,1.1254999999999999,1,True,
benchmark,647,q8_order_items_join_products,1.1604000000000001,5,True,
benchmark,648,q8_order_items_join_products,1.125,2,True,
benchmark,649,q8_order_items_join_products,1.1189,5,True,
benchmark,650,q8_order_items_join_products,1.0844,4,True,
benchmark,651,q8_order_items_join_products,1.2182999999999999,4,True,
benchmark,652,q8_order_items_join_products,1.1258999999999999,3,True,
benchmark,653,q8_order_items_join_products,1.157,5,True,
benchmark,654,q8_order_items_join_products,1.1317999999999999,2,True,
benchmark,655,q8_order_items_join_products,1.1839,4,True,
benchmark,656,q8_order_items_join_products,1.1879,4,True,
benchmark,657,q8_order_items_join_products,1.2418,2,True,
benchmark,658,q8_order_items_join_products,1.2601,1,True,
benchmark,659,q8_order_items_join_products,1.2575000000000001,5,True,
benchmark,660,q8_order_items_join_products,1.1104000000000001,3,True,
benchmark,661,q8_order_items_join_products,1.2384999999999999,1,True,
benchmark,662,q8_order_items_join_products,1.1384000000000001,3,True,
benchmark,663,q8_order_items_join_products,1.1508,3,True,
benchmark,664,q8_order_items_join_products,1.1212,3,True,
benchmark,665,q8_order_items_join_products,1.0926,1,True,
benchmark,666,q8_order_items_join_products,1.1705000000000001,5,True,
benchmark,667,q8_order_items_join_products,1.1284000000000001,4,True,
benchmark,668,q8_order_items_join_products,1.1061000000000001,2,True,
benchmark,669,q8_order_items_join_products,1.1444000000000001,1,True,
benchmark,670,q8_order_items_join_products,1.1957,1,True,
benchmark,671,q8_order_items_join_products,1.1496,2,True,
benchmark,672,q8_order_items_join_products,1.206,4,True,
benchmark,673,q8_order_items_join_products,1.349,5,True,
benchmark,674,q8_order_items_join_products,1.1858,4,True,
benchmark,675,q8_order_items_join_products,1.222,4,True,
benchmark,676,q8_order_items_join_products,1.4548000000000001,2,True,
benchmark,677,q8_order_items_join_products,1.6016999999999999,2,True,
benchmark,678,q8_order_items_join_products,1.2781,2,True,
benchmark,679,q8_order_items_join_products,1.2259,3,True,
benchmark,680,q8_order_items_join_products,1.2968,4,True,
benchmark,681,q8_order_items_join_products,1.1419999999999999,4,True,
benchmark,682,q8_order_items_join_products,1.163,5,True,
benchmark,683,q8_order_items_join_products,1.2488999999999999,5,True,
benchmark,684,q8_order_items_join_products,1.4838,4,True,
benchmark,685,q8_order_items_join_products,1.1668000000000001,2,True,
benchmark,686,q8_order_items_join_products,1.0934999999999999,2,True,
benchmark,687,q8_order_items_join_products,1.1411,5,True,
benchmark,688,q8_order_items_join_products,1.1302000000000001,3,True,
benchmark,689,q8_order_items_join_products,1.1307,1,True,
benchmark,690,q8_order_items_join_products,1.1037999999999999,1,True,
benchmark,691,q8_order_items_join_products,1.1528,3,True,
benchmark,692,q8_order_items_join_products,1.1220000000000001,4,True,
benchmark,693,q8_order_items_join_products,1.1286,3,True,
benchmark,694,q8_order_items_join_products,1.1019000000000001,1,True,
benchmark,695,q8_order_items_join_products,1.0954999999999999,2,True,
benchmark,696,q8_order_items_join_products,1.1124000000000001,1,True,
benchmark,697,q8_order_items_join_products,1.355,2,True,
benchmark,698,q8_order_items_join_products,1.2867,2,True,
benchmark,699,q8_order_items_join_products,1.1393,2,True,
benchmark,700,q8_order_items_join_products,1.1198999999999999,4,True,
benchmark,701,q8_order_items_join_products,2.1031,1,True,
benchmark,702,q8_order_items_join_products,1.5898000000000001,4,True,
benchmark,703,q8_order_items_join_products,1.288,2,True,
benchmark,704,q8_order_items_join_products,1.2016,3,True,
benchmark,705,q8_order_items_join_products,1.1101000000000001,1,True,
benchmark,706,q8_order_items_join_products,1.1592,5,True,
benchmark,707,q8_order_items_join_products,1.0861000000000001,2,True,
benchmark,708,q8_order_items_join_products,1.101,5,True,
benchmark,709,q8_order_items_join_products,1.1225000000000001,5,True,
benchmark,710,q8_order_items_join_products,1.079,2,True,
benchmark,711,q8_order_items_join_products,1.1203000000000001,3,True,
benchmark,712,q8_order_items_join_products,1.2282999999999999,2,True,
benchmark,713,q8_order_items_join_products,1.214,5,True,
benchmark,714,q8_order_items_join_products,1.2061999999999999,2,True,
benchmark,715,q8_order_items_join_products,1.1440999999999999,4,True,
benchmark,716,q8_order_items_join_products,1.157,2,True,
benchmark,717,q8_order_items_join_products,1.2251000000000001,5,True,
benchmark,718,q8_order_items_join_products,1.1587000000000001,5,True,
benchmark,719,q8_order_items_join_products,1.1164000000000001,3,True,
benchmark,720,q8_order_items_join_products,1.1076999999999999,3,True,
benchmark,721,q8_order_items_join_products,1.0797000000000001,1,True,
benchmark,722,q8_order_items_join_products,1.1111,2,True,
benchmark,723,q8_order_items_join_products,1.8537999999999999,4,True,
benchmark,724,q8_order_items_join_products,1.1457999999999999,5,True,
benchmark,725,q8_order_items_join_products,1.2435,4,True,
benchmark,726,q8_order_items_join_products,1.2075,2,True,
benchmark,727,q8_order_items_join_products,1.1563000000000001,4,True,
benchmark,728,q8_order_items_join_products,1.2697000000000001,5,True,
benchmark,729,q8_order_items_join_products,1.0904,3,True,
benchmark,730,q8_order_items_join_products,1.0477000000000001,1,True,
benchmark,731,q8_order_items_join_products,1.0788,3,True,
benchmark,732,q8_order_items_join_products,1.1183000000000001,3,True,
benchmark,733,q8_order_items_join_products,1.1254,4,True,
benchmark,734,q8_order_items_join_products,1.2324999999999999,5,True,
benchmark,735,q8_order_items_join_products,1.1455,4,True,
benchmark,736,q8_order_items_join_products,1.1443000000000001,4,True,
benchmark,737,q8_order_items_join_products,1.0906,2,True,
benchmark,738,q8_order_items_join_products,1.0899000000000001,4,True,
benchmark,739,q8_order_items_join_products,1.1060000000000001,5,True,
benchmark,740,q8_order_items_join_products,1.2474000000000001,2,True,
benchmark,741,q8_order_items_join_products,1.1339999999999999,4,True,
benchmark,742,q8_order_items_join_products,1.0952,2,True,
benchmark,743,q8_order_items_join_products,1.1657,3,True,
benchmark,744,q8_order_items_join_products,1.1718,5,True,
benchmark,745,q8_order_items_join_products,1.1229,4,True,
benchmark,746,q8_order_items_join_products,1.1217999999999999,4,True,
benchmark,747,q8_order_items_join_products,1.1368,4,True,
benchmark,748,q8_order_items_join_products,1.1404000000000001,4,True,
benchmark,749,q8_order_items_join_products,1.1194,1,True,
benchmark,750,q8_order_items_join_products,1.0712999999999999,2,True,
benchmark,751,q8_order_items_join_products,1.1135999999999999,2,True,
benchmark,752,q8_order_items_join_products,1.3318000000000001,2,True,
benchmark,753,q8_order_items_join_products,1.1991000000000001,2,True,
benchmark,754,q8_order_items_join_products,1.2534000000000001,1,True,
benchmark,755,q8_order_items_join_products,1.2912999999999999,5,True,
benchmark,756,q8_order_items_join_products,1.8773,4,True,
benchmark,757,q8_order_items_join_products,1.3293999999999999,4,True,
benchmark,758,q8_order_items_join_products,1.3159000000000001,2,True,
benchmark,759,q8_order_items_join_products,1.3217000000000001,5,True,
benchmark,760,q8_order_items_join_products,1.1990000000000001,2,True,
benchmark,761,q8_order_items_join_products,1.0907,1,True,
benchmark,762,q8_order_items_join_products,1.1237999999999999,4,True,
benchmark,763,q8_order_items_join_products,1.1335,3,True,
benchmark,764,q8_order_items_join_products,1.1112,3,True,
benchmark,765,q8_order_items_join_products,1.1097999999999999,5,True,
benchmark,766,q8_order_items_join_products,1.0846,1,True,
benchmark,767,q8_order_items_join_products,1.1136999999999999,2,True,
benchmark,768,q8_order_items_join_products,1.3593999999999999,1,True,
benchmark,769,q8_order_items_join_products,1.2208000000000001,4,True,
benchmark,770,q8_order_items_join_products,1.3527,1,True,
benchmark,771,q8_order_items_join_products,1.1180000000000001,2,True,
benchmark,772,q8_order_items_join_products,1.1064000000000001,1,True,
benchmark,773,q8_order_items_join_products,1.1156999999999999,2,True,
benchmark,774,q8_order_items_join_products,1.0911,2,True,
benchmark,775,q8_order_items_join_products,1.0779000000000001,1,True,
benchmark,776,q8_order_items_join_products,1.1137999999999999,5,True,
benchmark,777,q8_order_items_join_products,1.1672,5,True,
benchmark,778,q8_order_items_join_products,1.0915999999999999,1,True,
benchmark,779,q8_order_items_join_products,1.1142000000000001,3,True,
benchmark,780,q8_order_items_join_products,1.1262000000000001,4,True,
benchmark,781,q8_order_items_join_products,1.1196999999999999,5,True,
benchmark,782,q8_order_items_join_products,1.2612000000000001,5,True,
benchmark,783,q8_order_items_join_products,1.1328,2,True,
benchmark,784,q8_order_items_join_products,1.1545000000000001,5,True,
benchmark,785,q8_order_items_join_products,1.157,1,True,
benchmark,786,q8_order_items_join_products,1.2081,5,True,
benchmark,787,q8_order_items_join_products,1.1516999999999999,4,True,
benchmark,788,q8_order_items_join_products,1.1383000000000001,4,True,
benchmark,789,q8_order_items_join_products,1.1533,3,True,
benchmark,790,q8_order_items_join_products,1.0687,1,True,
benchmark,791,q8_order_items_join_products,1.0647,1,True,
benchmark,792,q8_order_items_join_products,1.1188,5,True,
benchmark,793,q8_order_items_join_products,1.0707,4,True,
benchmark,794,q8_order_items_join_products,1.0848,3,True,
benchmark,795,q8_order_items_join_products,1.0817000000000001,5,True,
benchmark,796,q8_order_items_join_products,1.0962000000000001,5,True,
benchmark,797,q8_order_items_join_products,1.1026,2,True,
benchmark,798,q8_order_items_join_products,1.0605,2,True,
benchmark,799,q8_order_items_join_products,1.1112,5,True,
benchmark,800,q8_order_items_join_products,1.1055999999999999,5,True,
benchmark,801,q8_order_items_join_products,2.2873999999999999,1,True,
benchmark,802,q8_order_items_join_products,1.7388999999999999,4,True,
benchmark,803,q8_order_items_join_products,1.5367999999999999,1,True,
benchmark,804,q8_order_items_join_products,1.4495,4,True,
benchmark,805,q8_order_items_join_products,1.3985000000000001,2,True,
benchmark,806,q8_order_items_join_products,1.1449,4,True,
benchmark,807,q8_order_items_join_products,1.1479999999999999,4,True,
benchmark,808,q8_order_items_join_products,1.3190999999999999,3,True,
benchmark,809,q8_order_items_join_products,1.2499,1,True,
benchmark,810,q8_order_items_join_products,1.3492999999999999,3,True,
benchmark,811,q8_order_items_join_products,1.2962,4,True,
benchmark,812,q8_order_items_join_products,1.2,2,True,
benchmark,813,q8_order_items_join_products,1.1032,4,True,
benchmark,814,q8_order_items_join_products,1.0804,1,True,
benchmark,815,q8_order_items_join_products,1.0293000000000001,1,True,
benchmark,816,q8_order_items_join_products,1.054,5,True,
benchmark,817,q8_order_items_join_products,1.0450999999999999,3,True,
benchmark,818,q8_order_items_join_products,1.0814999999999999,5,True,
benchmark,819,q8_order_items_join_products,1.0225,2,True,
benchmark,820,q8_order_items_join_products,1.0145,2,True,
benchmark,821,q8_order_items_join_products,1.0022,1,True,
benchmark,822,q8_order_items_join_products,1.0437000000000001,2,True,
benchmark,823,q8_order_items_join_products,1.0288999999999999,3,True,
benchmark,824,q8_order_items_join_products,1.0041,1,True,
benchmark,825,q8_order_items_join_products,1.1537999999999999,3,True,
benchmark,826,q8_order_items_join_products,1.1449,3,True,
benchmark,827,q8_order_items_join_products,1.0825,4,True,
benchmark,828,q8_order_items_join_products,1.2983,3,True,
benchmark,829,q8_order_items_join_products,1.0734999999999999,2,True,
benchmark,830,q8_order_items_join_products,1.0529999999999999,3,True,
benchmark,831,q8_order_items_join_products,1.0381,1,True,
benchmark,832,q8_order_items_join_products,1.1594,2,True,
benchmark,833,q8_order_items_join_products,1.115,2,True,
benchmark,834,q8_order_items_join_products,1.1073,5,True,
benchmark,835,q8_order_items_join_products,1.0494000000000001,1,True,
benchmark,836,q8_order_items_join_products,1.0713999999999999,5,True,
benchmark,837,q8_order_items_join_products,1.0702,3,True,
benchmark,838,q8_order_items_join_products,1.0855999999999999,1,True,
benchmark,839,q8_order_items_join_products,1.0341,1,True,
benchmark,840,q8_order_items_join_products,1.0822000000000001,2,True,
benchmark,841,q8_order_items_join_products,1.1127,5,True,
benchmark,842,q8_order_items_join_products,1.0550999999999999,1,True,
benchmark,843,q8_order_items_join_products,1.0813999999999999,4,True,
benchmark,844,q8_order_items_join_products,1.0953999999999999,5,True,
benchmark,845,q8_order_items_join_products,1.0466,1,True,
benchmark,846,q8_order_items_join_products,1.0778000000000001,2,True,
benchmark,847,q8_order_items_join_products,1.1373,3,True,
benchmark,848,q8_order_items_join_products,1.0409999999999999,2,True,
benchmark,849,q8_order_items_join_products,1.0589999999999999,3,True,
benchmark,850,q8_order_items_join_products,1.0309999999999999,1,True,
benchmark,851,q8_order_items_join_products,1.3139000000000001,5,True,
benchmark,852,q8_order_items_join_products,1.1435999999999999,5,True,
benchmark,853,q8_order_items_join_products,1.1044,5,True,
benchmark,854,q8_order_items_join_products,1.1133,5,True,
benchmark,855,q8_order_items_join_products,1.0790999999999999,2,True,
benchmark,856,q8_order_items_join_products,1.1493,3,True,
benchmark,857,q8_order_items_join_products,1.1892,2,True,
benchmark,858,q8_order_items_join_products,1.1841999999999999,5,True,
benchmark,859,q8_order_items_join_products,1.0809,3,True,
benchmark,860,q8_order_items_join_products,1.0941000000000001,3,True,
benchmark,861,q8_order_items_join_products,1.0797000000000001,4,True,
benchmark,862,q8_order_items_join_products,1.0488,2,True,
benchmark,863,q8_order_items_join_products,1.0567,3,True,
benchmark,864,q8_order_items_join_products,1.1950000000000001,5,True,
benchmark,865,q8_order_items_join_products,1.0911,4,True,
benchmark,866,q8_order_items_join_products,1.0632999999999999,3,True,
benchmark,867,q8_order_items_join_products,1.0598000000000001,3,True,
benchmark,868,q8_order_items_join_products,1.0583,2,True,
benchmark,869,q8_order_items_join_products,1.3629,5,True,
benchmark,870,q8_order_items_join_products,1.4093,4,True,
benchmark,871,q8_order_items_join_products,2.1040000000000001,3,True,
benchmark,872,q8_order_items_join_products,1.1456999999999999,1,True,
benchmark,873,q8_order_items_join_products,1.4504999999999999,5,True,
benchmark,874,q8_order_items_join_products,1.2826,1,True,
benchmark,875,q8_order_items_join_products,1.3485,4,True,
benchmark,876,q8_order_items_join_products,1.1753,3,True,
benchmark,877,q8_order_items_join_products,1.1516999999999999,3,True,
benchmark,878,q8_order_items_join_products,1.1796,1,True,
benchmark,879,q8_order_items_join_products,1.1442000000000001,1,True,
benchmark,880,q8_order_items_join_products,1.0680000000000001,3,True,
benchmark,881,q8_order_items_join_products,1.1072,4,True,
benchmark,882,q8_order_items_join_products,1.1007,5,True,
benchmark,883,q8_order_items_join_products,1.248,5,True,
benchmark,884,q8_order_items_join_products,1.1383000000000001,1,True,
benchmark,885,q8_order_items_join_products,1.1019000000000001,4,True,
benchmark,886,q8_order_items_join_products,1.1111,5,True,
benchmark,887,q8_order_items_join_products,1.0670999999999999,3,True,
benchmark,888,q8_order_items_join_products,1.0367999999999999,1,True,
benchmark,889,q8_order_items_join_products,1.0528,4,True,
benchmark,890,q8_order_items_join_products,1.1012999999999999,5,True,
benchmark,891,q8_order_items_join_products,1.0428999999999999,2,True,
benchmark,892,q8_order_items_join_products,1.0884,4,True,
benchmark,893,q8_order_items_join_products,1.0316000000000001,1,True,
benchmark,894,q8_order_items_join_products,1.0857000000000001,2,True,
benchmark,895,q8_order_items_join_products,1.0967,5,True,
benchmark,896,q8_order_items_join_products,1.0542,3,True,
benchmark,897,q8_order_items_join_products,1.0682,4,True,
benchmark,898,q8_order_items_join_products,1.1706000000000001,5,True,
benchmark,899,q8_order_items_join_products,1.0827,5,True,
benchmark,900,q8_order_items_join_products,1.0651999999999999,4,True,
benchmark,901,q8_order_items_join_products,1.8549,5,True,
benchmark,902,q8_order_items_join_products,1.4762999999999999,3,True,
benchmark,903,q8_order_items_join_products,1.2998000000000001,4,True,
benchmark,904,q8_order_items_join_products,1.3894,4,True,
benchmark,905,q8_order_items_join_products,1.2996000000000001,1,True,
benchmark,906,q8_order_items_join_products,1.0544,3,True,
benchmark,907,q8_order_items_join_products,1.1255999999999999,5,True,
benchmark,908,q8_order_items_join_products,1.079,5,True,
benchmark,909,q8_order_items_join_products,1.0769,5,True,
benchmark,910,q8_order_items_join_products,1.0487,3,True,
benchmark,911,q8_order_items_join_products,1.1161000000000001,5,True,
benchmark,912,q8_order_items_join_products,1.0908,4,True,
benchmark,913,q8_order_items_join_products,1.1757,4,True,
benchmark,914,q8_order_items_join_products,1.1975,2,True,
benchmark,915,q8_order_items_join_products,1.2307999999999999,5,True,
benchmark,916,q8_order_items_join_products,1.1172,3,True,
benchmark,917,q8_order_items_join_products,1.0676000000000001,2,True,
benchmark,918,q8_order_items_join_products,1.1377999999999999,2,True,
benchmark,919,q8_order_items_join_products,1.1334,1,True,
benchmark,920,q8_order_items_join_products,1.1022000000000001,5,True,
benchmark,921,q8_order_items_join_products,1.2403,2,True,
benchmark,922,q8_order_items_join_products,1.4896,4,True,
benchmark,923,q8_order_items_join_products,1.3516999999999999,1,True,
benchmark,924,q8_order_items_join_products,1.4549000000000001,3,True,
benchmark,925,q8_order_items_join_products,1.4394,5,True,
benchmark,926,q8_order_items_join_products,1.4095,3,True,
benchmark,927,q8_order_items_join_products,1.6827000000000001,1,True,
benchmark,928,q8_order_items_join_products,1.3609,4,True,
benchmark,929,q8_order_items_join_products,1.5445,5,True,
benchmark,930,q8_order_items_join_products,1.1005,2,True,
benchmark,931,q8_order_items_join_products,1.0889,5,True,
benchmark,932,q8_order_items_join_products,1.0722,4,True,
benchmark,933,q8_order_items_join_products,1.1133,3,True,
benchmark,934,q8_order_items_join_products,1.0809,2,True,
benchmark,935,q8_order_items_join_products,1.0745,1,True,
benchmark,936,q8_order_items_join_products,1.0789,3,True,
benchmark,937,q8_order_items_join_products,1.0939000000000001,3,True,
benchmark,938,q8_order_items_join_products,1.0812999999999999,3,True,
benchmark,939,q8_order_items_join_products,1.0579000000000001,1,True,
benchmark,940,q8_order_items_join_products,1.0967,4,True,
benchmark,941,q8_order_items_join_products,1.1254,1,True,
benchmark,942,q8_order_items_join_products,1.0953999999999999,3,True,
benchmark,943,q8_order_items_join_products,1.1740999999999999,1,True,
benchmark,944,q8_order_items_join_products,1.2265999999999999,3,True,
benchmark,945,q8_order_items_join_products,1.1281000000000001,4,True,
benchmark,946,q8_order_items_join_products,1.1173999999999999,5,True,
benchmark,947,q8_order_items_join_products,1.1065,3,True,
benchmark,948,q8_order_items_join_products,1.0723,1,True,
benchmark,949,q8_order_items_join_products,1.0679000000000001,4,True,
benchmark,950,q8_order_items_join_products,1.0768,2,True,
benchmark,951,q8_order_items_join_products,1.1225000000000001,1,True,
benchmark,952,q8_order_items_join_products,1.1151,4,True,
benchmark,953,q8_order_items_join_products,1.0431999999999999,1,True,
benchmark,954,q8_order_items_join_products,1.1335999999999999,5,True,
benchmark,955,q8_order_items_join_products,1.1471,5,True,
benchmark,956,q8_order_items_join_products,1.2373000000000001,4,True,
benchmark,957,q8_order_items_join_products,1.2862,5,True,
benchmark,958,q8_order_items_join_products,1.2968999999999999,4,True,
benchmark,959,q8_order_items_join_products,1.1077999999999999,4,True,
benchmark,960,q8_order_items_join_products,1.0765,3,True,
benchmark,961,q8_order_items_join_products,1.2305999999999999,1,True,
benchmark,962,q8_order_items_join_products,1.1445000000000001,5,True,
benchmark,963,q8_order_items_join_products,1.1187,5,True,
benchmark,964,q8_order_items_join_products,1.0951,4,True,
benchmark,965,q8_order_items_join_products,1.0998000000000001,1,True,
benchmark,966,q8_order_items_join_products,1.1574,1,True,
benchmark,967,q8_order_items_join_products,1.0761000000000001,3,True,
benchmark,968,q8_order_items_join_products,1.1479999999999999,5,True,
benchmark,969,q8_order_items_join_products,1.0814999999999999,1,True,
benchmark,970,q8_order_items_join_products,1.1706000000000001,2,True,
benchmark,971,q8_order_items_join_products,1.1329,2,True,
benchmark,972,q8_order_items_join_products,1.0948,4,True,
benchmark,973,q8_order_items_join_products,1.4415,5,True,
benchmark,974,q8_order_items_join_products,1.0665,1,True,
benchmark,975,q8_order_items_join_products,1.0963000000000001,4,True,
benchmark,976,q8_order_items_join_products,1.1299999999999999,5,True,
benchmark,977,q8_order_items_join_products,1.0942000000000001,2,True,
benchmark,978,q8_order_items_join_products,1.1554,3,True,
benchmark,979,q8_order_items_join_products,1.2350000000000001,4,True,
benchmark,980,q8_order_items_join_products,1.1416999999999999,3,True,
benchmark,981,q8_order_items_join_products,1.0806,1,True,
benchmark,982,q8_order_items_join_products,1.0992,3,True,
benchmark,983,q8_order_items_join_products,1.1456,5,True,
benchmark,984,q8_order_items_join_products,1.1742999999999999,5,True,
benchmark,985,q8_order_items_join_products,1.1144000000000001,1,True,
benchmark,986,q8_order_items_join_products,1.1092,2,True,
benchmark,987,q8_order_items_join_products,1.0706,2,True,
benchmark,988,q8_order_items_join_products,1.0650999999999999,3,True,
benchmark,989,q8_order_items_join_products,1.0949,5,True,
benchmark,990,q8_order_items_join_products,1.0617000000000001,1,True,
benchmark,991,q8_order_items_join_products,1.0506,1,True,
benchmark,992,q8_order_items_join_products,1.0616000000000001,2,True,
benchmark,993,q8_order_items_join_products,1.0507,2,True,
benchmark,994,q8_order_items_join_products,1.0684,1,True,
benchmark,995,q8_order_items_join_products,1.0682,3,True,
benchmark,996,q8_order_items_join_products,1.0304,1,True,
benchmark,997,q8_order_items_join_products,1.2782,1,True,
benchmark,998,q8_order_items_join_products,1.1591,4,True,
benchmark,999,q8_order_items_join_products,1.0893999999999999,3,True,
benchmark,1000,q8_order_items_join_products,1.1877,5,True,
benchmark,1,q9_orders_items_products_by_user,4.3921999999999999,4,True,
benchmark,2,q9_orders_items_products_by_user,0.39090000000000003,0,True,
benchmark,3,q9_orders_items_products_by_user,2.4062999999999999,3,True,
benchmark,4,q9_orders_items_products_by_user,1.4958,1,True,
benchmark,5,q9_orders_items_products_by_user,1.7614000000000001,2,True,
benchmark,6,q9_orders_items_products_by_user,3.2080000000000002,5,True,
benchmark,7,q9_orders_items_products_by_user,0.29089999999999999,0,True,
benchmark,8,q9_orders_items_products_by_user,0.29459999999999997,0,True,
benchmark,9,q9_orders_items_products_by_user,3.984,7,True,
benchmark,10,q9_orders_items_products_by_user,1.4906999999999999,1,True,
benchmark,11,q9_orders_items_products_by_user,2.0844999999999998,1,True,
benchmark,12,q9_orders_items_products_by_user,0.34589999999999999,0,True,
benchmark,13,q9_orders_items_products_by_user,2.625,5,True,
benchmark,14,q9_orders_items_products_by_user,2.5903,5,True,
benchmark,15,q9_orders_items_products_by_user,2.5564,5,True,
benchmark,16,q9_orders_items_products_by_user,3.0628000000000002,2,True,
benchmark,17,q9_orders_items_products_by_user,0.29399999999999998,0,True,
benchmark,18,q9_orders_items_products_by_user,0.35680000000000001,0,True,
benchmark,19,q9_orders_items_products_by_user,2.3849999999999998,2,True,
benchmark,20,q9_orders_items_products_by_user,1.996,3,True,
benchmark,21,q9_orders_items_products_by_user,0.28920000000000001,0,True,
benchmark,22,q9_orders_items_products_by_user,0.2848,0,True,
benchmark,23,q9_orders_items_products_by_user,2.3814000000000002,4,True,
benchmark,24,q9_orders_items_products_by_user,2.3496999999999999,4,True,
benchmark,25,q9_orders_items_products_by_user,2.8797999999999999,4,True,
benchmark,26,q9_orders_items_products_by_user,1.6842999999999999,2,True,
benchmark,27,q9_orders_items_products_by_user,0.28179999999999999,0,True,
benchmark,28,q9_orders_items_products_by_user,0.28510000000000002,0,True,
benchmark,29,q9_orders_items_products_by_user,4.6923000000000004,10,True,
benchmark,30,q9_orders_items_products_by_user,0.28970000000000001,0,True,
benchmark,31,q9_orders_items_products_by_user,6.4894999999999996,15,True,
benchmark,32,q9_orders_items_products_by_user,0.28179999999999999,0,True,
benchmark,33,q9_orders_items_products_by_user,2.7523,5,True,
benchmark,34,q9_orders_items_products_by_user,2.3464999999999998,4,True,
benchmark,35,q9_orders_items_products_by_user,0.29249999999999998,0,True,
benchmark,36,q9_orders_items_products_by_user,4.4900000000000002,9,True,
benchmark,37,q9_orders_items_products_by_user,1.8205,2,True,
benchmark,38,q9_orders_items_products_by_user,1.7741,2,True,
benchmark,39,q9_orders_items_products_by_user,3.5495999999999999,6,True,
benchmark,40,q9_orders_items_products_by_user,2.6684999999999999,5,True,
benchmark,41,q9_orders_items_products_by_user,0.30030000000000001,0,True,
benchmark,42,q9_orders_items_products_by_user,0.29759999999999998,0,True,
benchmark,43,q9_orders_items_products_by_user,2.3875000000000002,3,True,
benchmark,44,q9_orders_items_products_by_user,2.3098000000000001,3,True,
benchmark,45,q9_orders_items_products_by_user,0.30499999999999999,0,True,
benchmark,46,q9_orders_items_products_by_user,0.30299999999999999,0,True,
benchmark,47,q9_orders_items_products_by_user,0.31519999999999998,0,True,
benchmark,48,q9_orders_items_products_by_user,0.33090000000000003,0,True,
benchmark,49,q9_orders_items_products_by_user,1.823,2,True,
benchmark,50,q9_orders_items_products_by_user,4.4090999999999996,6,True,
benchmark,51,q9_orders_items_products_by_user,0.3473,0,True,
benchmark,52,q9_orders_items_products_by_user,0.33129999999999998,0,True,
benchmark,53,q9_orders_items_products_by_user,1.7294,1,True,
benchmark,54,q9_orders_items_products_by_user,0.3266,0,True,
benchmark,55,q9_orders_items_products_by_user,2.1808000000000001,3,True,
benchmark,56,q9_orders_items_products_by_user,4.2164999999999999,7,True,
benchmark,57,q9_orders_items_products_by_user,0.34549999999999997,0,True,
benchmark,58,q9_orders_items_products_by_user,4.085,7,True,
benchmark,59,q9_orders_items_products_by_user,1.4207000000000001,1,True,
benchmark,60,q9_orders_items_products_by_user,0.29170000000000001,0,True,
benchmark,61,q9_orders_items_products_by_user,5.3803000000000001,10,True,
benchmark,62,q9_orders_items_products_by_user,0.3075,0,True,
benchmark,63,q9_orders_items_products_by_user,4.4356999999999998,8,True,
benchmark,64,q9_orders_items_products_by_user,5.8894000000000002,10,True,
benchmark,65,q9_orders_items_products_by_user,4.8648999999999996,8,True,
benchmark,66,q9_orders_items_products_by_user,0.3145,0,True,
benchmark,67,q9_orders_items_products_by_user,0.30880000000000002,0,True,
benchmark,68,q9_orders_items_products_by_user,2.4676,4,True,
benchmark,69,q9_orders_items_products_by_user,2.7496999999999998,5,True,
benchmark,70,q9_orders_items_products_by_user,3.9621,7,True,
benchmark,71,q9_orders_items_products_by_user,2.7359,5,True,
benchmark,72,q9_orders_items_products_by_user,2.2239,3,True,
benchmark,73,q9_orders_items_products_by_user,5.5864000000000003,11,True,
benchmark,74,q9_orders_items_products_by_user,1.8361000000000001,2,True,
benchmark,75,q9_orders_items_products_by_user,1.8065,2,True,
benchmark,76,q9_orders_items_products_by_user,0.30330000000000001,0,True,
benchmark,77,q9_orders_items_products_by_user,5.3327999999999998,10,True,
benchmark,78,q9_orders_items_products_by_user,1.7939000000000001,2,True,
benchmark,79,q9_orders_items_products_by_user,1.7847999999999999,2,True,
benchmark,80,q9_orders_items_products_by_user,0.35949999999999999,0,True,
benchmark,81,q9_orders_items_products_by_user,0.33839999999999998,0,True,
benchmark,82,q9_orders_items_products_by_user,0.31809999999999999,0,True,
benchmark,83,q9_orders_items_products_by_user,3.3288000000000002,5,True,
benchmark,84,q9_orders_items_products_by_user,6.1219000000000001,12,True,
benchmark,85,q9_orders_items_products_by_user,1.8448,2,True,
benchmark,86,q9_orders_items_products_by_user,0.32540000000000002,0,True,
benchmark,87,q9_orders_items_products_by_user,2.4224000000000001,4,True,
benchmark,88,q9_orders_items_products_by_user,0.29949999999999999,0,True,
benchmark,89,q9_orders_items_products_by_user,2.4079999999999999,4,True,
benchmark,90,q9_orders_items_products_by_user,4.2310999999999996,7,True,
benchmark,91,q9_orders_items_products_by_user,3.6585999999999999,6,True,
benchmark,92,q9_orders_items_products_by_user,1.5061,1,True,
benchmark,93,q9_orders_items_products_by_user,0.30930000000000002,0,True,
benchmark,94,q9_orders_items_products_by_user,0.31819999999999998,0,True,
benchmark,95,q9_orders_items_products_by_user,0.30420000000000003,0,True,
benchmark,96,q9_orders_items_products_by_user,3.9552,7,True,
benchmark,97,q9_orders_items_products_by_user,0.30680000000000002,0,True,
benchmark,98,q9_orders_items_products_by_user,2.3919000000000001,4,True,
benchmark,99,q9_orders_items_products_by_user,0.30470000000000003,0,True,
benchmark,100,q9_orders_items_products_by_user,2.1006999999999998,3,True,
benchmark,101,q9_orders_items_products_by_user,4.0110000000000001,3,True,
benchmark,102,q9_orders_items_products_by_user,2.6743000000000001,4,True,
benchmark,103,q9_orders_items_products_by_user,0.33189999999999997,0,True,
benchmark,104,q9_orders_items_products_by_user,0.31269999999999998,0,True,
benchmark,105,q9_orders_items_products_by_user,4.3567999999999998,7,True,
benchmark,106,q9_orders_items_products_by_user,2.5142000000000002,3,True,
benchmark,107,q9_orders_items_products_by_user,3.1034000000000002,5,True,
benchmark,108,q9_orders_items_products_by_user,0.35930000000000001,0,True,
benchmark,109,q9_orders_items_products_by_user,4.7500999999999998,8,True,
benchmark,110,q9_orders_items_products_by_user,4.7610000000000001,9,True,
benchmark,111,q9_orders_items_products_by_user,0.30449999999999999,0,True,
benchmark,112,q9_orders_items_products_by_user,5.4541000000000004,10,True,
benchmark,113,q9_orders_items_products_by_user,0.33950000000000002,0,True,
benchmark,114,q9_orders_items_products_by_user,3.6396999999999999,5,True,
benchmark,115,q9_orders_items_products_by_user,3.8146,4,True,
benchmark,116,q9_orders_items_products_by_user,4.4253,8,True,
benchmark,117,q9_orders_items_products_by_user,0.33050000000000002,0,True,
benchmark,118,q9_orders_items_products_by_user,3.0617000000000001,4,True,
benchmark,119,q9_orders_items_products_by_user,0.29959999999999998,0,True,
benchmark,120,q9_orders_items_products_by_user,3.0093999999999999,4,True,
benchmark,121,q9_orders_items_products_by_user,2.7130999999999998,5,True,
benchmark,122,q9_orders_items_products_by_user,0.30409999999999998,0,True,
benchmark,123,q9_orders_items_products_by_user,2.5146000000000002,4,True,
benchmark,124,q9_orders_items_products_by_user,0.30220000000000002,0,True,
benchmark,125,q9_orders_items_products_by_user,2.4937,4,True,
benchmark,126,q9_orders_items_products_by_user,4.1193999999999997,7,True,
benchmark,127,q9_orders_items_products_by_user,0.30819999999999997,0,True,
benchmark,128,q9_orders_items_products_by_user,1.8621000000000001,2,True,
benchmark,129,q9_orders_items_products_by_user,0.29310000000000003,0,True,
benchmark,130,q9_orders_items_products_by_user,5.4713000000000003,8,True,
benchmark,131,q9_orders_items_products_by_user,0.30530000000000002,0,True,
benchmark,132,q9_orders_items_products_by_user,4.9763000000000002,10,True,
benchmark,133,q9_orders_items_products_by_user,1.6814,1,True,
benchmark,134,q9_orders_items_products_by_user,3.3096000000000001,5,True,
benchmark,135,q9_orders_items_products_by_user,0.30230000000000001,0,True,
benchmark,136,q9_orders_items_products_by_user,3.5874000000000001,6,True,
benchmark,137,q9_orders_items_products_by_user,5.9359999999999999,10,True,
benchmark,138,q9_orders_items_products_by_user,0.30259999999999998,0,True,
benchmark,139,q9_orders_items_products_by_user,2.7782,5,True,
benchmark,140,q9_orders_items_products_by_user,2.2498999999999998,2,True,
benchmark,141,q9_orders_items_products_by_user,0.35749999999999998,0,True,
benchmark,142,q9_orders_items_products_by_user,2.4935999999999998,4,True,
benchmark,143,q9_orders_items_products_by_user,1.8352999999999999,2,True,
benchmark,144,q9_orders_items_products_by_user,0.29509999999999997,0,True,
benchmark,145,q9_orders_items_products_by_user,1.454,1,True,
benchmark,146,q9_orders_items_products_by_user,0.29249999999999998,0,True,
benchmark,147,q9_orders_items_products_by_user,0.2873,0,True,
benchmark,148,q9_orders_items_products_by_user,0.30259999999999998,0,True,
benchmark,149,q9_orders_items_products_by_user,0.31259999999999999,0,True,
benchmark,150,q9_orders_items_products_by_user,1.8862000000000001,2,True,
benchmark,151,q9_orders_items_products_by_user,0.3327,0,True,
benchmark,152,q9_orders_items_products_by_user,2.4878999999999998,4,True,
benchmark,153,q9_orders_items_products_by_user,2.661,3,True,
benchmark,154,q9_orders_items_products_by_user,0.40160000000000001,0,True,
benchmark,155,q9_orders_items_products_by_user,2.3729,2,True,
benchmark,156,q9_orders_items_products_by_user,3.4929000000000001,5,True,
benchmark,157,q9_orders_items_products_by_user,4.2713999999999999,6,True,
benchmark,158,q9_orders_items_products_by_user,2.4550999999999998,4,True,
benchmark,159,q9_orders_items_products_by_user,2.8530000000000002,5,True,
benchmark,160,q9_orders_items_products_by_user,0.53600000000000003,0,True,
benchmark,161,q9_orders_items_products_by_user,2.9647999999999999,4,True,
benchmark,162,q9_orders_items_products_by_user,0.31219999999999998,0,True,
benchmark,163,q9_orders_items_products_by_user,3.2374000000000001,5,True,
benchmark,164,q9_orders_items_products_by_user,2.4950000000000001,4,True,
benchmark,165,q9_orders_items_products_by_user,0.29759999999999998,0,True,
benchmark,166,q9_orders_items_products_by_user,2.4312999999999998,4,True,
benchmark,167,q9_orders_items_products_by_user,1.5204,1,True,
benchmark,168,q9_orders_items_products_by_user,2.5682999999999998,2,True,
benchmark,169,q9_orders_items_products_by_user,0.45229999999999998,0,True,
benchmark,170,q9_orders_items_products_by_user,2.9075000000000002,2,True,
benchmark,171,q9_orders_items_products_by_user,2.6899000000000002,3,True,
benchmark,172,q9_orders_items_products_by_user,1.5025999999999999,1,True,
benchmark,173,q9_orders_items_products_by_user,0.2989,0,True,
benchmark,174,q9_orders_items_products_by_user,2.0897000000000001,3,True,
benchmark,175,q9_orders_items_products_by_user,5.0255000000000001,8,True,
benchmark,176,q9_orders_items_products_by_user,2.5568,4,True,
benchmark,177,q9_orders_items_products_by_user,4.4787999999999997,9,True,
benchmark,178,q9_orders_items_products_by_user,1.4916,1,True,
benchmark,179,q9_orders_items_products_by_user,3.5956999999999999,6,True,
benchmark,180,q9_orders_items_products_by_user,3.8929999999999998,7,True,
benchmark,181,q9_orders_items_products_by_user,0.29649999999999999,0,True,
benchmark,182,q9_orders_items_products_by_user,6.4046000000000003,10,True,
benchmark,183,q9_orders_items_products_by_user,2.3997999999999999,4,True,
benchmark,184,q9_orders_items_products_by_user,0.30220000000000002,0,True,
benchmark,185,q9_orders_items_products_by_user,3.6703000000000001,4,True,
benchmark,186,q9_orders_items_products_by_user,5.2145999999999999,9,True,
benchmark,187,q9_orders_items_products_by_user,1.6957,1,True,
benchmark,188,q9_orders_items_products_by_user,5.2958999999999996,7,True,
benchmark,189,q9_orders_items_products_by_user,2.3942999999999999,4,True,
benchmark,190,q9_orders_items_products_by_user,0.3014,0,True,
benchmark,191,q9_orders_items_products_by_user,0.3054,0,True,
benchmark,192,q9_orders_items_products_by_user,0.29749999999999999,0,True,
benchmark,193,q9_orders_items_products_by_user,2.4142999999999999,4,True,
benchmark,194,q9_orders_items_products_by_user,0.36180000000000001,0,True,
benchmark,195,q9_orders_items_products_by_user,4.9195000000000002,9,True,
benchmark,196,q9_orders_items_products_by_user,1.8115000000000001,1,True,
benchmark,197,q9_orders_items_products_by_user,2.0859999999999999,2,True,
benchmark,198,q9_orders_items_products_by_user,3.2917999999999998,5,True,
benchmark,199,q9_orders_items_products_by_user,0.32569999999999999,0,True,
benchmark,200,q9_orders_items_products_by_user,0.37540000000000001,0,True,
benchmark,201,q9_orders_items_products_by_user,3.3917000000000002,3,True,
benchmark,202,q9_orders_items_products_by_user,3.1879,4,True,
benchmark,203,q9_orders_items_products_by_user,2.6511,5,True,
benchmark,204,q9_orders_items_products_by_user,2.7212999999999998,5,True,
benchmark,205,q9_orders_items_products_by_user,1.8250999999999999,1,True,
benchmark,206,q9_orders_items_products_by_user,0.36649999999999999,0,True,
benchmark,207,q9_orders_items_products_by_user,2.3443000000000001,3,True,
benchmark,208,q9_orders_items_products_by_user,0.30549999999999999,0,True,
benchmark,209,q9_orders_items_products_by_user,0.30259999999999998,0,True,
benchmark,210,q9_orders_items_products_by_user,1.8761000000000001,2,True,
benchmark,211,q9_orders_items_products_by_user,3.8803000000000001,5,True,
benchmark,212,q9_orders_items_products_by_user,3.8117000000000001,7,True,
benchmark,213,q9_orders_items_products_by_user,2.6122999999999998,3,True,
benchmark,214,q9_orders_items_products_by_user,3.0268000000000002,5,True,
benchmark,215,q9_orders_items_products_by_user,2.7176,2,True,
benchmark,216,q9_orders_items_products_by_user,3.7115999999999998,6,True,
benchmark,217,q9_orders_items_products_by_user,3.6846999999999999,6,True,
benchmark,218,q9_orders_items_products_by_user,0.315,0,True,
benchmark,219,q9_orders_items_products_by_user,4.9814999999999996,8,True,
benchmark,220,q9_orders_items_products_by_user,0.33650000000000002,0,True,
benchmark,221,q9_orders_items_products_by_user,3.0817999999999999,4,True,
benchmark,222,q9_orders_items_products_by_user,0.29980000000000001,0,True,
benchmark,223,q9_orders_items_products_by_user,2.4358,4,True,
benchmark,224,q9_orders_items_products_by_user,0.30840000000000001,0,True,
benchmark,225,q9_orders_items_products_by_user,0.313,0,True,
benchmark,226,q9_orders_items_products_by_user,0.29559999999999997,0,True,
benchmark,227,q9_orders_items_products_by_user,0.30420000000000003,0,True,
benchmark,228,q9_orders_items_products_by_user,3.9472999999999998,7,True,
benchmark,229,q9_orders_items_products_by_user,2.4194,4,True,
benchmark,230,q9_orders_items_products_by_user,0.3301,0,True,
benchmark,231,q9_orders_items_products_by_user,1.7726,1,True,
benchmark,232,q9_orders_items_products_by_user,2.6499000000000001,4,True,
benchmark,233,q9_orders_items_products_by_user,0.33779999999999999,0,True,
benchmark,234,q9_orders_items_products_by_user,0.33100000000000002,0,True,
benchmark,235,q9_orders_items_products_by_user,1.9770000000000001,1,True,
benchmark,236,q9_orders_items_products_by_user,5.3045999999999998,5,True,
benchmark,237,q9_orders_items_products_by_user,3.7254999999999998,3,True,
benchmark,238,q9_orders_items_products_by_user,5.9772999999999996,5,True,
benchmark,239,q9_orders_items_products_by_user,6.0800000000000001,6,True,
benchmark,240,q9_orders_items_products_by_user,0.41339999999999999,0,True,
benchmark,241,q9_orders_items_products_by_user,2.4464000000000001,2,True,
benchmark,242,q9_orders_items_products_by_user,2.8628,2,True,
benchmark,243,q9_orders_items_products_by_user,1.9928999999999999,1,True,
benchmark,244,q9_orders_items_products_by_user,3.0899000000000001,2,True,
benchmark,245,q9_orders_items_products_by_user,0.45729999999999998,0,True,
benchmark,246,q9_orders_items_products_by_user,0.4511,0,True,
benchmark,247,q9_orders_items_products_by_user,5.3041,4,True,
benchmark,248,q9_orders_items_products_by_user,4.5384000000000002,3,True,
benchmark,249,q9_orders_items_products_by_user,4.1079999999999997,4,True,
benchmark,250,q9_orders_items_products_by_user,0.46160000000000001,0,True,
benchmark,251,q9_orders_items_products_by_user,4.3324999999999996,4,True,
benchmark,252,q9_orders_items_products_by_user,0.63019999999999998,0,True,
benchmark,253,q9_orders_items_products_by_user,5.6093000000000002,2,True,
benchmark,254,q9_orders_items_products_by_user,0.39810000000000001,0,True,
benchmark,255,q9_orders_items_products_by_user,2.5367999999999999,1,True,
benchmark,256,q9_orders_items_products_by_user,3.9148000000000001,4,True,
benchmark,257,q9_orders_items_products_by_user,3.2837000000000001,2,True,
benchmark,258,q9_orders_items_products_by_user,3.887,5,True,
benchmark,259,q9_orders_items_products_by_user,0.436,0,True,
benchmark,260,q9_orders_items_products_by_user,5.2354000000000003,6,True,
benchmark,261,q9_orders_items_products_by_user,3.8944000000000001,3,True,
benchmark,262,q9_orders_items_products_by_user,5.1148999999999996,6,True,
benchmark,263,q9_orders_items_products_by_user,0.61699999999999999,0,True,
benchmark,264,q9_orders_items_products_by_user,5.0594999999999999,3,True,
benchmark,265,q9_orders_items_products_by_user,0.91549999999999998,0,True,
benchmark,266,q9_orders_items_products_by_user,0.5151,0,True,
benchmark,267,q9_orders_items_products_by_user,2.9268999999999998,1,True,
benchmark,268,q9_orders_items_products_by_user,3.4251,5,True,
benchmark,269,q9_orders_items_products_by_user,1.4282999999999999,1,True,
benchmark,270,q9_orders_items_products_by_user,4.8647,9,True,
benchmark,271,q9_orders_items_products_by_user,2.8477000000000001,4,True,
benchmark,272,q9_orders_items_products_by_user,0.33250000000000002,0,True,
benchmark,273,q9_orders_items_products_by_user,3.714,5,True,
benchmark,274,q9_orders_items_products_by_user,2.4464000000000001,4,True,
benchmark,275,q9_orders_items_products_by_user,2.4438,4,True,
benchmark,276,q9_orders_items_products_by_user,1.9945999999999999,3,True,
benchmark,277,q9_orders_items_products_by_user,0.29239999999999999,0,True,
benchmark,278,q9_orders_items_products_by_user,2.4228000000000001,4,True,
benchmark,279,q9_orders_items_products_by_user,5.3811999999999998,10,True,
benchmark,280,q9_orders_items_products_by_user,0.29189999999999999,0,True,
benchmark,281,q9_orders_items_products_by_user,0.28389999999999999,0,True,
benchmark,282,q9_orders_items_products_by_user,0.28360000000000002,0,True,
benchmark,283,q9_orders_items_products_by_user,0.28799999999999998,0,True,
benchmark,284,q9_orders_items_products_by_user,0.28789999999999999,0,True,
benchmark,285,q9_orders_items_products_by_user,1.462,1,True,
benchmark,286,q9_orders_items_products_by_user,0.29099999999999998,0,True,
benchmark,287,q9_orders_items_products_by_user,9.8880999999999997,20,True,
benchmark,288,q9_orders_items_products_by_user,0.30330000000000001,0,True,
benchmark,289,q9_orders_items_products_by_user,0.30020000000000002,0,True,
benchmark,290,q9_orders_items_products_by_user,2.1808999999999998,3,True,
benchmark,291,q9_orders_items_products_by_user,4.9814999999999996,9,True,
benchmark,292,q9_orders_items_products_by_user,2.6444999999999999,5,True,
benchmark,293,q9_orders_items_products_by_user,3.3100999999999998,5,True,
benchmark,294,q9_orders_items_products_by_user,2.6246999999999998,5,True,
benchmark,295,q9_orders_items_products_by_user,2.9506000000000001,5,True,
benchmark,296,q9_orders_items_products_by_user,0.3342,0,True,
benchmark,297,q9_orders_items_products_by_user,0.3024,0,True,
benchmark,298,q9_orders_items_products_by_user,6.3761000000000001,11,True,
benchmark,299,q9_orders_items_products_by_user,0.29820000000000002,0,True,
benchmark,300,q9_orders_items_products_by_user,3.8679999999999999,7,True,
benchmark,301,q9_orders_items_products_by_user,0.93679999999999997,0,True,
benchmark,302,q9_orders_items_products_by_user,2.8902000000000001,2,True,
benchmark,303,q9_orders_items_products_by_user,2.8214999999999999,3,True,
benchmark,304,q9_orders_items_products_by_user,2.1295000000000002,3,True,
benchmark,305,q9_orders_items_products_by_user,0.3135,0,True,
benchmark,306,q9_orders_items_products_by_user,4.4450000000000003,8,True,
benchmark,307,q9_orders_items_products_by_user,3.8142999999999998,6,True,
benchmark,308,q9_orders_items_products_by_user,1.6274,1,True,
benchmark,309,q9_orders_items_products_by_user,2.972,4,True,
benchmark,310,q9_orders_items_products_by_user,2.6629,5,True,
benchmark,311,q9_orders_items_products_by_user,0.30880000000000002,0,True,
benchmark,312,q9_orders_items_products_by_user,1.7796000000000001,2,True,
benchmark,313,q9_orders_items_products_by_user,0.29680000000000001,0,True,
benchmark,314,q9_orders_items_products_by_user,2.4607999999999999,4,True,
benchmark,315,q9_orders_items_products_by_user,1.5427999999999999,1,True,
benchmark,316,q9_orders_items_products_by_user,2.6505000000000001,3,True,
benchmark,317,q9_orders_items_products_by_user,0.31680000000000003,0,True,
benchmark,318,q9_orders_items_products_by_user,0.29999999999999999,0,True,
benchmark,319,q9_orders_items_products_by_user,0.29999999999999999,0,True,
benchmark,320,q9_orders_items_products_by_user,0.30030000000000001,0,True,
benchmark,321,q9_orders_items_products_by_user,1.7994000000000001,2,True,
benchmark,322,q9_orders_items_products_by_user,0.30690000000000001,0,True,
benchmark,323,q9_orders_items_products_by_user,0.30959999999999999,0,True,
benchmark,324,q9_orders_items_products_by_user,4.0838000000000001,7,True,
benchmark,325,q9_orders_items_products_by_user,3.2921,5,True,
benchmark,326,q9_orders_items_products_by_user,2.9068999999999998,3,True,
benchmark,327,q9_orders_items_products_by_user,0.31209999999999999,0,True,
benchmark,328,q9_orders_items_products_by_user,1.5132000000000001,1,True,
benchmark,329,q9_orders_items_products_by_user,0.29949999999999999,0,True,
benchmark,330,q9_orders_items_products_by_user,0.30070000000000002,0,True,
benchmark,331,q9_orders_items_products_by_user,3.9039999999999999,7,True,
benchmark,332,q9_orders_items_products_by_user,2.3915000000000002,4,True,
benchmark,333,q9_orders_items_products_by_user,2.5158999999999998,4,True,
benchmark,334,q9_orders_items_products_by_user,1.7424999999999999,1,True,
benchmark,335,q9_orders_items_products_by_user,4.0987,7,True,
benchmark,336,q9_orders_items_products_by_user,4.5548999999999999,9,True,
benchmark,337,q9_orders_items_products_by_user,3.6230000000000002,6,True,
benchmark,338,q9_orders_items_products_by_user,2.7923,5,True,
benchmark,339,q9_orders_items_products_by_user,3.3391000000000002,5,True,
benchmark,340,q9_orders_items_products_by_user,2.7159,5,True,
benchmark,341,q9_orders_items_products_by_user,3.8822000000000001,6,True,
benchmark,342,q9_orders_items_products_by_user,0.32340000000000002,0,True,
benchmark,343,q9_orders_items_products_by_user,0.31180000000000002,0,True,
benchmark,344,q9_orders_items_products_by_user,1.5522,1,True,
benchmark,345,q9_orders_items_products_by_user,2.1827000000000001,3,True,
benchmark,346,q9_orders_items_products_by_user,2.6360999999999999,2,True,
benchmark,347,q9_orders_items_products_by_user,3.1715,4,True,
benchmark,348,q9_orders_items_products_by_user,2.4201999999999999,4,True,
benchmark,349,q9_orders_items_products_by_user,0.30299999999999999,0,True,
benchmark,350,q9_orders_items_products_by_user,0.31409999999999999,0,True,
benchmark,351,q9_orders_items_products_by_user,8.4723000000000006,18,True,
benchmark,352,q9_orders_items_products_by_user,0.29999999999999999,0,True,
benchmark,353,q9_orders_items_products_by_user,1.7775000000000001,2,True,
benchmark,354,q9_orders_items_products_by_user,3.8027000000000002,5,True,
benchmark,355,q9_orders_items_products_by_user,3.9903,6,True,
benchmark,356,q9_orders_items_products_by_user,0.30719999999999997,0,True,
benchmark,357,q9_orders_items_products_by_user,0.30130000000000001,0,True,
benchmark,358,q9_orders_items_products_by_user,2.786,5,True,
benchmark,359,q9_orders_items_products_by_user,0.30470000000000003,0,True,
benchmark,360,q9_orders_items_products_by_user,4.5823,9,True,
benchmark,361,q9_orders_items_products_by_user,0.31059999999999999,0,True,
benchmark,362,q9_orders_items_products_by_user,2.7191000000000001,4,True,
benchmark,363,q9_orders_items_products_by_user,0.3503,0,True,
benchmark,364,q9_orders_items_products_by_user,2.4205999999999999,3,True,
benchmark,365,q9_orders_items_products_by_user,3.4883999999999999,3,True,
benchmark,366,q9_orders_items_products_by_user,2.6941000000000002,5,True,
benchmark,367,q9_orders_items_products_by_user,1.5126999999999999,1,True,
benchmark,368,q9_orders_items_products_by_user,3.6078000000000001,6,True,
benchmark,369,q9_orders_items_products_by_user,3.1366000000000001,4,True,
benchmark,370,q9_orders_items_products_by_user,1.5294000000000001,1,True,
benchmark,371,q9_orders_items_products_by_user,0.29920000000000002,0,True,
benchmark,372,q9_orders_items_products_by_user,2.4260999999999999,4,True,
benchmark,373,q9_orders_items_products_by_user,4.2477,7,True,
benchmark,374,q9_orders_items_products_by_user,2.0348999999999999,2,True,
benchmark,375,q9_orders_items_products_by_user,7.2030000000000003,10,True,
benchmark,376,q9_orders_items_products_by_user,0.30049999999999999,0,True,
benchmark,377,q9_orders_items_products_by_user,0.30399999999999999,0,True,
benchmark,378,q9_orders_items_products_by_user,0.3251,0,True,
benchmark,379,q9_orders_items_products_by_user,0.3054,0,True,
benchmark,380,q9_orders_items_products_by_user,0.29959999999999998,0,True,
benchmark,381,q9_orders_items_products_by_user,5.6860999999999997,11,True,
benchmark,382,q9_orders_items_products_by_user,2.3170999999999999,3,True,
benchmark,383,q9_orders_items_products_by_user,0.32240000000000002,0,True,
benchmark,384,q9_orders_items_products_by_user,0.31009999999999999,0,True,
benchmark,385,q9_orders_items_products_by_user,1.5316000000000001,1,True,
benchmark,386,q9_orders_items_products_by_user,3.6852,6,True,
benchmark,387,q9_orders_items_products_by_user,0.3382,0,True,
benchmark,388,q9_orders_items_products_by_user,1.8938999999999999,2,True,
benchmark,389,q9_orders_items_products_by_user,3.1675,4,True,
benchmark,390,q9_orders_items_products_by_user,0.32290000000000002,0,True,
benchmark,391,q9_orders_items_products_by_user,1.5106999999999999,1,True,
benchmark,392,q9_orders_items_products_by_user,0.31130000000000002,0,True,
benchmark,393,q9_orders_items_products_by_user,0.2969,0,True,
benchmark,394,q9_orders_items_products_by_user,0.30370000000000003,0,True,
benchmark,395,q9_orders_items_products_by_user,0.30159999999999998,0,True,
benchmark,396,q9_orders_items_products_by_user,2.1442000000000001,3,True,
benchmark,397,q9_orders_items_products_by_user,4.4249000000000001,8,True,
benchmark,398,q9_orders_items_products_by_user,5.8418000000000001,11,True,
benchmark,399,q9_orders_items_products_by_user,0.31869999999999998,0,True,
benchmark,400,q9_orders_items_products_by_user,0.31819999999999998,0,True,
benchmark,401,q9_orders_items_products_by_user,0.99409999999999998,0,True,
benchmark,402,q9_orders_items_products_by_user,3.4359999999999999,1,True,
benchmark,403,q9_orders_items_products_by_user,0.39140000000000003,0,True,
benchmark,404,q9_orders_items_products_by_user,0.30930000000000002,0,True,
benchmark,405,q9_orders_items_products_by_user,0.33000000000000002,0,True,
benchmark,406,q9_orders_items_products_by_user,3.6983999999999999,6,True,
benchmark,407,q9_orders_items_products_by_user,0.30280000000000001,0,True,
benchmark,408,q9_orders_items_products_by_user,2.2587999999999999,3,True,
benchmark,409,q9_orders_items_products_by_user,0.3332,0,True,
benchmark,410,q9_orders_items_products_by_user,2.8090000000000002,3,True,
benchmark,411,q9_orders_items_products_by_user,2.9074,3,True,
benchmark,412,q9_orders_items_products_by_user,2.1414,3,True,
benchmark,413,q9_orders_items_products_by_user,0.30790000000000001,0,True,
benchmark,414,q9_orders_items_products_by_user,2.4590000000000001,4,True,
benchmark,415,q9_orders_items_products_by_user,2.4384000000000001,4,True,
benchmark,416,q9_orders_items_products_by_user,2.2435999999999998,3,True,
benchmark,417,q9_orders_items_products_by_user,0.32890000000000003,0,True,
benchmark,418,q9_orders_items_products_by_user,4.0514000000000001,5,True,
benchmark,419,q9_orders_items_products_by_user,1.5553999999999999,1,True,
benchmark,420,q9_orders_items_products_by_user,0.32129999999999997,0,True,
benchmark,421,q9_orders_items_products_by_user,2.7258,5,True,
benchmark,422,q9_orders_items_products_by_user,0.32519999999999999,0,True,
benchmark,423,q9_orders_items_products_by_user,0.31569999999999998,0,True,
benchmark,424,q9_orders_items_products_by_user,3.7218,6,True,
benchmark,425,q9_orders_items_products_by_user,0.33489999999999998,0,True,
benchmark,426,q9_orders_items_products_by_user,2.7911999999999999,5,True,
benchmark,427,q9_orders_items_products_by_user,0.31950000000000001,0,True,
benchmark,428,q9_orders_items_products_by_user,3.7404999999999999,5,True,
benchmark,429,q9_orders_items_products_by_user,3.7839,6,True,
benchmark,430,q9_orders_items_products_by_user,2.4992999999999999,4,True,
benchmark,431,q9_orders_items_products_by_user,2.3626999999999998,4,True,
benchmark,432,q9_orders_items_products_by_user,0.32800000000000001,0,True,
benchmark,433,q9_orders_items_products_by_user,0.30509999999999998,0,True,
benchmark,434,q9_orders_items_products_by_user,0.29980000000000001,0,True,
benchmark,435,q9_orders_items_products_by_user,2.3988999999999998,4,True,
benchmark,436,q9_orders_items_products_by_user,6.1887999999999996,10,True,
benchmark,437,q9_orders_items_products_by_user,0.30199999999999999,0,True,
benchmark,438,q9_orders_items_products_by_user,2.9268999999999998,5,True,
benchmark,439,q9_orders_items_products_by_user,4.2695999999999996,8,True,
benchmark,440,q9_orders_items_products_by_user,0.31119999999999998,0,True,
benchmark,441,q9_orders_items_products_by_user,0.30570000000000003,0,True,
benchmark,442,q9_orders_items_products_by_user,0.3029,0,True,
benchmark,443,q9_orders_items_products_by_user,2.4291,4,True,
benchmark,444,q9_orders_items_products_by_user,4.2807000000000004,8,True,
benchmark,445,q9_orders_items_products_by_user,2.427,4,True,
benchmark,446,q9_orders_items_products_by_user,0.30399999999999999,0,True,
benchmark,447,q9_orders_items_products_by_user,0.30680000000000002,0,True,
benchmark,448,q9_orders_items_products_by_user,0.30309999999999998,0,True,
benchmark,449,q9_orders_items_products_by_user,2.7564000000000002,5,True,
benchmark,450,q9_orders_items_products_by_user,0.33750000000000002,0,True,
benchmark,451,q9_orders_items_products_by_user,1.6227,1,True,
benchmark,452,q9_orders_items_products_by_user,6.1927000000000003,12,True,
benchmark,453,q9_orders_items_products_by_user,1.9892000000000001,2,True,
benchmark,454,q9_orders_items_products_by_user,0.3947,0,True,
benchmark,455,q9_orders_items_products_by_user,5.2282999999999999,9,True,
benchmark,456,q9_orders_items_products_by_user,4.7546999999999997,9,True,
benchmark,457,q9_orders_items_products_by_user,3.8189000000000002,6,True,
benchmark,458,q9_orders_items_products_by_user,2.2326000000000001,3,True,
benchmark,459,q9_orders_items_products_by_user,5.5183999999999997,10,True,
benchmark,460,q9_orders_items_products_by_user,0.30599999999999999,0,True,
benchmark,461,q9_orders_items_products_by_user,2.4363999999999999,4,True,
benchmark,462,q9_orders_items_products_by_user,0.2959,0,True,
benchmark,463,q9_orders_items_products_by_user,0.29110000000000003,0,True,
benchmark,464,q9_orders_items_products_by_user,0.29530000000000001,0,True,
benchmark,465,q9_orders_items_products_by_user,2.6844000000000001,5,True,
benchmark,466,q9_orders_items_products_by_user,2.9607999999999999,5,True,
benchmark,467,q9_orders_items_products_by_user,2.1659000000000002,3,True,
benchmark,468,q9_orders_items_products_by_user,1.4919,1,True,
benchmark,469,q9_orders_items_products_by_user,0.30149999999999999,0,True,
benchmark,470,q9_orders_items_products_by_user,0.30640000000000001,0,True,
benchmark,471,q9_orders_items_products_by_user,4.5618999999999996,7,True,
benchmark,472,q9_orders_items_products_by_user,0.31169999999999998,0,True,
benchmark,473,q9_orders_items_products_by_user,1.5286999999999999,1,True,
benchmark,474,q9_orders_items_products_by_user,2.1476000000000002,3,True,
benchmark,475,q9_orders_items_products_by_user,0.30640000000000001,0,True,
benchmark,476,q9_orders_items_products_by_user,3.7940999999999998,6,True,
benchmark,477,q9_orders_items_products_by_user,5.3990999999999998,10,True,
benchmark,478,q9_orders_items_products_by_user,6.7644000000000002,14,True,
benchmark,479,q9_orders_items_products_by_user,0.2994,0,True,
benchmark,480,q9_orders_items_products_by_user,0.31540000000000001,0,True,
benchmark,481,q9_orders_items_products_by_user,2.1208999999999998,3,True,
benchmark,482,q9_orders_items_products_by_user,3.6333000000000002,6,True,
benchmark,483,q9_orders_items_products_by_user,3.9594,7,True,
benchmark,484,q9_orders_items_products_by_user,4.3556999999999997,8,True,
benchmark,485,q9_orders_items_products_by_user,1.8414999999999999,2,True,
benchmark,486,q9_orders_items_products_by_user,2.4375,4,True,
benchmark,487,q9_orders_items_products_by_user,2.9150999999999998,3,True,
benchmark,488,q9_orders_items_products_by_user,0.31680000000000003,0,True,
benchmark,489,q9_orders_items_products_by_user,6.0941000000000001,12,True,
benchmark,490,q9_orders_items_products_by_user,2.8046000000000002,5,True,
benchmark,491,q9_orders_items_products_by_user,0.31040000000000001,0,True,
benchmark,492,q9_orders_items_products_by_user,0.30990000000000001,0,True,
benchmark,493,q9_orders_items_products_by_user,2.1545999999999998,3,True,
benchmark,494,q9_orders_items_products_by_user,1.5704,1,True,
benchmark,495,q9_orders_items_products_by_user,0.33960000000000001,0,True,
benchmark,496,q9_orders_items_products_by_user,2.7458999999999998,5,True,
benchmark,497,q9_orders_items_products_by_user,1.8684000000000001,2,True,
benchmark,498,q9_orders_items_products_by_user,0.2994,0,True,
benchmark,499,q9_orders_items_products_by_user,2.7103000000000002,5,True,
benchmark,500,q9_orders_items_products_by_user,1.5027999999999999,1,True,
benchmark,501,q9_orders_items_products_by_user,3.3887999999999998,2,True,
benchmark,502,q9_orders_items_products_by_user,5.5730000000000004,9,True,
benchmark,503,q9_orders_items_products_by_user,4.9172000000000002,7,True,
benchmark,504,q9_orders_items_products_by_user,1.9489000000000001,2,True,
benchmark,505,q9_orders_items_products_by_user,2.1154999999999999,3,True,
benchmark,506,q9_orders_items_products_by_user,0.30609999999999998,0,True,
benchmark,507,q9_orders_items_products_by_user,1.4872000000000001,1,True,
benchmark,508,q9_orders_items_products_by_user,3.9281999999999999,7,True,
benchmark,509,q9_orders_items_products_by_user,0.314,0,True,
benchmark,510,q9_orders_items_products_by_user,2.3748999999999998,2,True,
benchmark,511,q9_orders_items_products_by_user,0.29980000000000001,0,True,
benchmark,512,q9_orders_items_products_by_user,2.8147000000000002,5,True,
benchmark,513,q9_orders_items_products_by_user,2.5367000000000002,3,True,
benchmark,514,q9_orders_items_products_by_user,4.2805999999999997,8,True,
benchmark,515,q9_orders_items_products_by_user,0.30859999999999999,0,True,
benchmark,516,q9_orders_items_products_by_user,0.3014,0,True,
benchmark,517,q9_orders_items_products_by_user,2.0834000000000001,3,True,
benchmark,518,q9_orders_items_products_by_user,3.8569,7,True,
benchmark,519,q9_orders_items_products_by_user,0.29160000000000003,0,True,
benchmark,520,q9_orders_items_products_by_user,1.9529000000000001,2,True,
benchmark,521,q9_orders_items_products_by_user,0.32400000000000001,0,True,
benchmark,522,q9_orders_items_products_by_user,0.30940000000000001,0,True,
benchmark,523,q9_orders_items_products_by_user,0.30640000000000001,0,True,
benchmark,524,q9_orders_items_products_by_user,5.9107000000000003,9,True,
benchmark,525,q9_orders_items_products_by_user,0.30730000000000002,0,True,
benchmark,526,q9_orders_items_products_by_user,2.1191,3,True,
benchmark,527,q9_orders_items_products_by_user,1.4943,1,True,
benchmark,528,q9_orders_items_products_by_user,1.7796000000000001,2,True,
benchmark,529,q9_orders_items_products_by_user,2.7319,5,True,
benchmark,530,q9_orders_items_products_by_user,1.6449,1,True,
benchmark,531,q9_orders_items_products_by_user,0.31030000000000002,0,True,
benchmark,532,q9_orders_items_products_by_user,1.5055000000000001,1,True,
benchmark,533,q9_orders_items_products_by_user,2.8098000000000001,5,True,
benchmark,534,q9_orders_items_products_by_user,1.4965999999999999,1,True,
benchmark,535,q9_orders_items_products_by_user,0.2918,0,True,
benchmark,536,q9_orders_items_products_by_user,5.4400000000000004,10,True,
benchmark,537,q9_orders_items_products_by_user,6.0830000000000002,6,True,
benchmark,538,q9_orders_items_products_by_user,1.8673,1,True,
benchmark,539,q9_orders_items_products_by_user,3.7153999999999998,5,True,
benchmark,540,q9_orders_items_products_by_user,2.1863000000000001,2,True,
benchmark,541,q9_orders_items_products_by_user,4.7248999999999999,7,True,
benchmark,542,q9_orders_items_products_by_user,2.5924,4,True,
benchmark,543,q9_orders_items_products_by_user,8.1895000000000007,15,True,
benchmark,544,q9_orders_items_products_by_user,2.7317,5,True,
benchmark,545,q9_orders_items_products_by_user,1.528,1,True,
benchmark,546,q9_orders_items_products_by_user,0.30080000000000001,0,True,
benchmark,547,q9_orders_items_products_by_user,4.6875999999999998,9,True,
benchmark,548,q9_orders_items_products_by_user,2.0779999999999998,3,True,
benchmark,549,q9_orders_items_products_by_user,1.7490000000000001,2,True,
benchmark,550,q9_orders_items_products_by_user,0.29199999999999998,0,True,
benchmark,551,q9_orders_items_products_by_user,2.3511000000000002,4,True,
benchmark,552,q9_orders_items_products_by_user,0.29089999999999999,0,True,
benchmark,553,q9_orders_items_products_by_user,4.6647999999999996,8,True,
benchmark,554,q9_orders_items_products_by_user,3.6606000000000001,6,True,
benchmark,555,q9_orders_items_products_by_user,2.6919,5,True,
benchmark,556,q9_orders_items_products_by_user,0.32019999999999998,0,True,
benchmark,557,q9_orders_items_products_by_user,2.6071,5,True,
benchmark,558,q9_orders_items_products_by_user,2.6061000000000001,5,True,
benchmark,559,q9_orders_items_products_by_user,3.7585999999999999,7,True,
benchmark,560,q9_orders_items_products_by_user,2.5705,5,True,
benchmark,561,q9_orders_items_products_by_user,2.1831,3,True,
benchmark,562,q9_orders_items_products_by_user,1.6788000000000001,1,True,
benchmark,563,q9_orders_items_products_by_user,0.41830000000000001,0,True,
benchmark,564,q9_orders_items_products_by_user,4.0506000000000002,5,True,
benchmark,565,q9_orders_items_products_by_user,0.39169999999999999,0,True,
benchmark,566,q9_orders_items_products_by_user,0.36709999999999998,0,True,
benchmark,567,q9_orders_items_products_by_user,2.4418000000000002,3,True,
benchmark,568,q9_orders_items_products_by_user,3.9331999999999998,5,True,
benchmark,569,q9_orders_items_products_by_user,3.7608000000000001,6,True,
benchmark,570,q9_orders_items_products_by_user,0.30230000000000001,0,True,
benchmark,571,q9_orders_items_products_by_user,2.6968000000000001,5,True,
benchmark,572,q9_orders_items_products_by_user,4.2508999999999997,8,True,
benchmark,573,q9_orders_items_products_by_user,4.7565999999999997,10,True,
benchmark,574,q9_orders_items_products_by_user,2.7654000000000001,5,True,
benchmark,575,q9_orders_items_products_by_user,3.4287999999999998,5,True,
benchmark,576,q9_orders_items_products_by_user,4.21,6,True,
benchmark,577,q9_orders_items_products_by_user,0.31900000000000001,0,True,
benchmark,578,q9_orders_items_products_by_user,1.8198000000000001,2,True,
benchmark,579,q9_orders_items_products_by_user,2.2938999999999998,3,True,
benchmark,580,q9_orders_items_products_by_user,0.30959999999999999,0,True,
benchmark,581,q9_orders_items_products_by_user,3.4125000000000001,5,True,
benchmark,582,q9_orders_items_products_by_user,1.9356,2,True,
benchmark,583,q9_orders_items_products_by_user,2.1989999999999998,3,True,
benchmark,584,q9_orders_items_products_by_user,2.7925,5,True,
benchmark,585,q9_orders_items_products_by_user,2.1978,3,True,
benchmark,586,q9_orders_items_products_by_user,3.1339999999999999,4,True,
benchmark,587,q9_orders_items_products_by_user,2.1320000000000001,3,True,
benchmark,588,q9_orders_items_products_by_user,0.32890000000000003,0,True,
benchmark,589,q9_orders_items_products_by_user,0.30869999999999997,0,True,
benchmark,590,q9_orders_items_products_by_user,0.30930000000000002,0,True,
benchmark,591,q9_orders_items_products_by_user,1.7862,2,True,
benchmark,592,q9_orders_items_products_by_user,0.30109999999999998,0,True,
benchmark,593,q9_orders_items_products_by_user,3.1478000000000002,4,True,
benchmark,594,q9_orders_items_products_by_user,1.4937,1,True,
benchmark,595,q9_orders_items_products_by_user,0.31630000000000003,0,True,
benchmark,596,q9_orders_items_products_by_user,2.5005999999999999,4,True,
benchmark,597,q9_orders_items_products_by_user,0.30309999999999998,0,True,
benchmark,598,q9_orders_items_products_by_user,2.7313000000000001,5,True,
benchmark,599,q9_orders_items_products_by_user,1.7989999999999999,2,True,
benchmark,600,q9_orders_items_products_by_user,1.8010999999999999,2,True,
benchmark,601,q9_orders_items_products_by_user,3.5648,4,True,
benchmark,602,q9_orders_items_products_by_user,3.7042999999999999,6,True,
benchmark,603,q9_orders_items_products_by_user,0.33829999999999999,0,True,
benchmark,604,q9_orders_items_products_by_user,2.1120000000000001,3,True,
benchmark,605,q9_orders_items_products_by_user,1.8059000000000001,2,True,
benchmark,606,q9_orders_items_products_by_user,0.36209999999999998,0,True,
benchmark,607,q9_orders_items_products_by_user,0.33429999999999999,0,True,
benchmark,608,q9_orders_items_products_by_user,2.9378000000000002,5,True,
benchmark,609,q9_orders_items_products_by_user,0.31009999999999999,0,True,
benchmark,610,q9_orders_items_products_by_user,3.1806999999999999,4,True,
benchmark,611,q9_orders_items_products_by_user,2.4325000000000001,4,True,
benchmark,612,q9_orders_items_products_by_user,0.30299999999999999,0,True,
benchmark,613,q9_orders_items_products_by_user,0.29670000000000002,0,True,
benchmark,614,q9_orders_items_products_by_user,4.8543000000000003,8,True,
benchmark,615,q9_orders_items_products_by_user,2.8176000000000001,5,True,
benchmark,616,q9_orders_items_products_by_user,0.32079999999999997,0,True,
benchmark,617,q9_orders_items_products_by_user,0.30130000000000001,0,True,
benchmark,618,q9_orders_items_products_by_user,4.3846999999999996,7,True,
benchmark,619,q9_orders_items_products_by_user,0.29449999999999998,0,True,
benchmark,620,q9_orders_items_products_by_user,1.7898000000000001,2,True,
benchmark,621,q9_orders_items_products_by_user,0.3553,0,True,
benchmark,622,q9_orders_items_products_by_user,1.8265,2,True,
benchmark,623,q9_orders_items_products_by_user,0.29580000000000001,0,True,
benchmark,624,q9_orders_items_products_by_user,2.6516000000000002,5,True,
benchmark,625,q9_orders_items_products_by_user,3.0398999999999998,4,True,
benchmark,626,q9_orders_items_products_by_user,0.34079999999999999,0,True,
benchmark,627,q9_orders_items_products_by_user,0.30769999999999997,0,True,
benchmark,628,q9_orders_items_products_by_user,0.29759999999999998,0,True,
benchmark,629,q9_orders_items_products_by_user,5.0861000000000001,9,True,
benchmark,630,q9_orders_items_products_by_user,3.5615000000000001,6,True,
benchmark,631,q9_orders_items_products_by_user,1.4738,1,True,
benchmark,632,q9_orders_items_products_by_user,3.734,6,True,
benchmark,633,q9_orders_items_products_by_user,2.4918,4,True,
benchmark,634,q9_orders_items_products_by_user,0.29520000000000002,0,True,
benchmark,635,q9_orders_items_products_by_user,0.30380000000000001,0,True,
benchmark,636,q9_orders_items_products_by_user,0.30230000000000001,0,True,
benchmark,637,q9_orders_items_products_by_user,5.8197000000000001,11,True,
benchmark,638,q9_orders_items_products_by_user,0.30930000000000002,0,True,
benchmark,639,q9_orders_items_products_by_user,0.30320000000000003,0,True,
benchmark,640,q9_orders_items_products_by_user,0.30480000000000002,0,True,
benchmark,641,q9_orders_items_products_by_user,0.30570000000000003,0,True,
benchmark,642,q9_orders_items_products_by_user,2.7075,5,True,
benchmark,643,q9_orders_items_products_by_user,0.3135,0,True,
benchmark,644,q9_orders_items_products_by_user,2.7147000000000001,3,True,
benchmark,645,q9_orders_items_products_by_user,0.30609999999999998,0,True,
benchmark,646,q9_orders_items_products_by_user,2.3235000000000001,3,True,
benchmark,647,q9_orders_items_products_by_user,1.5506,1,True,
benchmark,648,q9_orders_items_products_by_user,2.4018000000000002,4,True,
benchmark,649,q9_orders_items_products_by_user,1.8524,2,True,
benchmark,650,q9_orders_items_products_by_user,2.7210000000000001,5,True,
benchmark,651,q9_orders_items_products_by_user,6.3609,13,True,
benchmark,652,q9_orders_items_products_by_user,0.30270000000000002,0,True,
benchmark,653,q9_orders_items_products_by_user,2.8247,5,True,
benchmark,654,q9_orders_items_products_by_user,1.9773000000000001,1,True,
benchmark,655,q9_orders_items_products_by_user,1.8371999999999999,2,True,
benchmark,656,q9_orders_items_products_by_user,0.29730000000000001,0,True,
benchmark,657,q9_orders_items_products_by_user,1.7816000000000001,2,True,
benchmark,658,q9_orders_items_products_by_user,5.0651999999999999,9,True,
benchmark,659,q9_orders_items_products_by_user,2.4718,4,True,
benchmark,660,q9_orders_items_products_by_user,2.8332999999999999,5,True,
benchmark,661,q9_orders_items_products_by_user,0.32490000000000002,0,True,
benchmark,662,q9_orders_items_products_by_user,0.32890000000000003,0,True,
benchmark,663,q9_orders_items_products_by_user,3.0200999999999998,5,True,
benchmark,664,q9_orders_items_products_by_user,2.2959000000000001,3,True,
benchmark,665,q9_orders_items_products_by_user,1.6352,1,True,
benchmark,666,q9_orders_items_products_by_user,1.8142,2,True,
benchmark,667,q9_orders_items_products_by_user,4.2336,8,True,
benchmark,668,q9_orders_items_products_by_user,0.30620000000000003,0,True,
benchmark,669,q9_orders_items_products_by_user,3.8016000000000001,6,True,
benchmark,670,q9_orders_items_products_by_user,0.3009,0,True,
benchmark,671,q9_orders_items_products_by_user,2.1103000000000001,3,True,
benchmark,672,q9_orders_items_products_by_user,0.30449999999999999,0,True,
benchmark,673,q9_orders_items_products_by_user,2.7033999999999998,5,True,
benchmark,674,q9_orders_items_products_by_user,5.1647999999999996,9,True,
benchmark,675,q9_orders_items_products_by_user,3.2875000000000001,5,True,
benchmark,676,q9_orders_items_products_by_user,0.34339999999999998,0,True,
benchmark,677,q9_orders_items_products_by_user,2.7227000000000001,5,True,
benchmark,678,q9_orders_items_products_by_user,4.2388000000000003,6,True,
benchmark,679,q9_orders_items_products_by_user,1.9109,2,True,
benchmark,680,q9_orders_items_products_by_user,3.0211000000000001,4,True,
benchmark,681,q9_orders_items_products_by_user,2.4950000000000001,4,True,
benchmark,682,q9_orders_items_products_by_user,1.5062,1,True,
benchmark,683,q9_orders_items_products_by_user,0.30170000000000002,0,True,
benchmark,684,q9_orders_items_products_by_user,2.4234,4,True,
benchmark,685,q9_orders_items_products_by_user,0.3221,0,True,
benchmark,686,q9_orders_items_products_by_user,0.32940000000000003,0,True,
benchmark,687,q9_orders_items_products_by_user,3.0160999999999998,4,True,
benchmark,688,q9_orders_items_products_by_user,0.29670000000000002,0,True,
benchmark,689,q9_orders_items_products_by_user,1.6032,1,True,
benchmark,690,q9_orders_items_products_by_user,2.0842999999999998,3,True,
benchmark,691,q9_orders_items_products_by_user,2.3946999999999998,4,True,
benchmark,692,q9_orders_items_products_by_user,1.7815000000000001,2,True,
benchmark,693,q9_orders_items_products_by_user,3.9487999999999999,6,True,
benchmark,694,q9_orders_items_products_by_user,3.9032,5,True,
benchmark,695,q9_orders_items_products_by_user,3.0484,4,True,
benchmark,696,q9_orders_items_products_by_user,6.8273999999999999,13,True,
benchmark,697,q9_orders_items_products_by_user,4.2598000000000003,6,True,
benchmark,698,q9_orders_items_products_by_user,2.4712000000000001,4,True,
benchmark,699,q9_orders_items_products_by_user,4.5010000000000003,9,True,
benchmark,700,q9_orders_items_products_by_user,3.2542,5,True,
benchmark,701,q9_orders_items_products_by_user,3.9733000000000001,4,True,
benchmark,702,q9_orders_items_products_by_user,0.40550000000000003,0,True,
benchmark,703,q9_orders_items_products_by_user,4.1044,4,True,
benchmark,704,q9_orders_items_products_by_user,0.36249999999999999,0,True,
benchmark,705,q9_orders_items_products_by_user,2.3984999999999999,2,True,
benchmark,706,q9_orders_items_products_by_user,0.33150000000000002,0,True,
benchmark,707,q9_orders_items_products_by_user,4.0880000000000001,6,True,
benchmark,708,q9_orders_items_products_by_user,0.30980000000000002,0,True,
benchmark,709,q9_orders_items_products_by_user,2.0832999999999999,3,True,
benchmark,710,q9_orders_items_products_by_user,0.30620000000000003,0,True,
benchmark,711,q9_orders_items_products_by_user,2.7181999999999999,5,True,
benchmark,712,q9_orders_items_products_by_user,2.7725,5,True,
benchmark,713,q9_orders_items_products_by_user,3.3098999999999998,5,True,
benchmark,714,q9_orders_items_products_by_user,1.8026,1,True,
benchmark,715,q9_orders_items_products_by_user,1.5602,1,True,
benchmark,716,q9_orders_items_products_by_user,4.5251000000000001,7,True,
benchmark,717,q9_orders_items_products_by_user,9.1783999999999999,18,True,
benchmark,718,q9_orders_items_products_by_user,1.5004,1,True,
benchmark,719,q9_orders_items_products_by_user,1.8035000000000001,2,True,
benchmark,720,q9_orders_items_products_by_user,0.32319999999999999,0,True,
benchmark,721,q9_orders_items_products_by_user,0.34920000000000001,0,True,
benchmark,722,q9_orders_items_products_by_user,1.8676999999999999,2,True,
benchmark,723,q9_orders_items_products_by_user,7.6881000000000004,15,True,
benchmark,724,q9_orders_items_products_by_user,2.1375999999999999,3,True,
benchmark,725,q9_orders_items_products_by_user,0.30099999999999999,0,True,
benchmark,726,q9_orders_items_products_by_user,1.5161,1,True,
benchmark,727,q9_orders_items_products_by_user,0.29830000000000001,0,True,
benchmark,728,q9_orders_items_products_by_user,0.30049999999999999,0,True,
benchmark,729,q9_orders_items_products_by_user,3.3182999999999998,5,True,
benchmark,730,q9_orders_items_products_by_user,0.31540000000000001,0,True,
benchmark,731,q9_orders_items_products_by_user,2.0922999999999998,3,True,
benchmark,732,q9_orders_items_products_by_user,0.30230000000000001,0,True,
benchmark,733,q9_orders_items_products_by_user,0.34300000000000003,0,True,
benchmark,734,q9_orders_items_products_by_user,0.34360000000000002,0,True,
benchmark,735,q9_orders_items_products_by_user,3.9237000000000002,7,True,
benchmark,736,q9_orders_items_products_by_user,4.2195999999999998,8,True,
benchmark,737,q9_orders_items_products_by_user,2.4239000000000002,4,True,
benchmark,738,q9_orders_items_products_by_user,2.4628000000000001,4,True,
benchmark,739,q9_orders_items_products_by_user,2.1415000000000002,3,True,
benchmark,740,q9_orders_items_products_by_user,1.5128999999999999,1,True,
benchmark,741,q9_orders_items_products_by_user,1.8066,2,True,
benchmark,742,q9_orders_items_products_by_user,0.29970000000000002,0,True,
benchmark,743,q9_orders_items_products_by_user,2.0783999999999998,2,True,
benchmark,744,q9_orders_items_products_by_user,1.8485,2,True,
benchmark,745,q9_orders_items_products_by_user,0.32779999999999998,0,True,
benchmark,746,q9_orders_items_products_by_user,0.30690000000000001,0,True,
benchmark,747,q9_orders_items_products_by_user,4.5526999999999997,7,True,
benchmark,748,q9_orders_items_products_by_user,4.0194999999999999,7,True,
benchmark,749,q9_orders_items_products_by_user,0.27839999999999998,0,True,
benchmark,750,q9_orders_items_products_by_user,2.5516999999999999,5,True,
benchmark,751,q9_orders_items_products_by_user,0.2999,0,True,
benchmark,752,q9_orders_items_products_by_user,0.3206,0,True,
benchmark,753,q9_orders_items_products_by_user,1.8996,2,True,
benchmark,754,q9_orders_items_products_by_user,1.9804999999999999,2,True,
benchmark,755,q9_orders_items_products_by_user,3.7454999999999998,6,True,
benchmark,756,q9_orders_items_products_by_user,0.29809999999999998,0,True,
benchmark,757,q9_orders_items_products_by_user,0.28199999999999997,0,True,
benchmark,758,q9_orders_items_products_by_user,3.8887,7,True,
benchmark,759,q9_orders_items_products_by_user,0.42730000000000001,0,True,
benchmark,760,q9_orders_items_products_by_user,1.8595999999999999,2,True,
benchmark,761,q9_orders_items_products_by_user,3.2806999999999999,5,True,
benchmark,762,q9_orders_items_products_by_user,0.31269999999999998,0,True,
benchmark,763,q9_orders_items_products_by_user,5.3596000000000004,8,True,
benchmark,764,q9_orders_items_products_by_user,1.5075000000000001,1,True,
benchmark,765,q9_orders_items_products_by_user,5.2157,10,True,
benchmark,766,q9_orders_items_products_by_user,0.2969,0,True,
benchmark,767,q9_orders_items_products_by_user,3.5470999999999999,6,True,
benchmark,768,q9_orders_items_products_by_user,3.9521999999999999,5,True,
benchmark,769,q9_orders_items_products_by_user,2.0848,3,True,
benchmark,770,q9_orders_items_products_by_user,0.3049,0,True,
benchmark,771,q9_orders_items_products_by_user,2.306,4,True,
benchmark,772,q9_orders_items_products_by_user,2.8435000000000001,4,True,
benchmark,773,q9_orders_items_products_by_user,4.4238,6,True,
benchmark,774,q9_orders_items_products_by_user,2.9401000000000002,5,True,
benchmark,775,q9_orders_items_products_by_user,0.31,0,True,
benchmark,776,q9_orders_items_products_by_user,0.31740000000000002,0,True,
benchmark,777,q9_orders_items_products_by_user,0.29549999999999998,0,True,
benchmark,778,q9_orders_items_products_by_user,2.4323999999999999,2,True,
benchmark,779,q9_orders_items_products_by_user,0.29820000000000002,0,True,
benchmark,780,q9_orders_items_products_by_user,2.6928000000000001,5,True,
benchmark,781,q9_orders_items_products_by_user,0.30530000000000002,0,True,
benchmark,782,q9_orders_items_products_by_user,2.9885000000000002,4,True,
benchmark,783,q9_orders_items_products_by_user,0.30370000000000003,0,True,
benchmark,784,q9_orders_items_products_by_user,2.0931999999999999,3,True,
benchmark,785,q9_orders_items_products_by_user,0.30230000000000001,0,True,
benchmark,786,q9_orders_items_products_by_user,1.6324000000000001,1,True,
benchmark,787,q9_orders_items_products_by_user,2.573,4,True,
benchmark,788,q9_orders_items_products_by_user,0.30690000000000001,0,True,
benchmark,789,q9_orders_items_products_by_user,4.0019999999999998,7,True,
benchmark,790,q9_orders_items_products_by_user,0.30559999999999998,0,True,
benchmark,791,q9_orders_items_products_by_user,2.4434,4,True,
benchmark,792,q9_orders_items_products_by_user,1.5221,1,True,
benchmark,793,q9_orders_items_products_by_user,5.1067999999999998,9,True,
benchmark,794,q9_orders_items_products_by_user,0.30599999999999999,0,True,
benchmark,795,q9_orders_items_products_by_user,1.605,1,True,
benchmark,796,q9_orders_items_products_by_user,5.2385999999999999,9,True,
benchmark,797,q9_orders_items_products_by_user,0.30719999999999997,0,True,
benchmark,798,q9_orders_items_products_by_user,7.2649999999999997,14,True,
benchmark,799,q9_orders_items_products_by_user,2.3871000000000002,4,True,
benchmark,800,q9_orders_items_products_by_user,2.7532999999999999,5,True,
benchmark,801,q9_orders_items_products_by_user,2.7376,1,True,
benchmark,802,q9_orders_items_products_by_user,6.2007000000000003,8,True,
benchmark,803,q9_orders_items_products_by_user,1.7562,1,True,
benchmark,804,q9_orders_items_products_by_user,0.35249999999999998,0,True,
benchmark,805,q9_orders_items_products_by_user,3.8784999999999998,7,True,
benchmark,806,q9_orders_items_products_by_user,4.0149999999999997,7,True,
benchmark,807,q9_orders_items_products_by_user,5.9908999999999999,11,True,
benchmark,808,q9_orders_items_products_by_user,0.6966,0,True,
benchmark,809,q9_orders_items_products_by_user,1.8865000000000001,2,True,
benchmark,810,q9_orders_items_products_by_user,1.5273000000000001,1,True,
benchmark,811,q9_orders_items_products_by_user,4.3323999999999998,6,True,
benchmark,812,q9_orders_items_products_by_user,0.3014,0,True,
benchmark,813,q9_orders_items_products_by_user,0.29430000000000001,0,True,
benchmark,814,q9_orders_items_products_by_user,4.3033000000000001,8,True,
benchmark,815,q9_orders_items_products_by_user,3.7244000000000002,4,True,
benchmark,816,q9_orders_items_products_by_user,5.7134999999999998,11,True,
benchmark,817,q9_orders_items_products_by_user,1.8,2,True,
benchmark,818,q9_orders_items_products_by_user,3.3100999999999998,5,True,
benchmark,819,q9_orders_items_products_by_user,2.1122000000000001,3,True,
benchmark,820,q9_orders_items_products_by_user,0.30430000000000001,0,True,
benchmark,821,q9_orders_items_products_by_user,2.2259000000000002,3,True,
benchmark,822,q9_orders_items_products_by_user,0.32419999999999999,0,True,
benchmark,823,q9_orders_items_products_by_user,3.0670999999999999,4,True,
benchmark,824,q9_orders_items_products_by_user,3.6143000000000001,6,True,
benchmark,825,q9_orders_items_products_by_user,0.30080000000000001,0,True,
benchmark,826,q9_orders_items_products_by_user,1.825,2,True,
benchmark,827,q9_orders_items_products_by_user,3.6120999999999999,6,True,
benchmark,828,q9_orders_items_products_by_user,2.5846,4,True,
benchmark,829,q9_orders_items_products_by_user,1.5147999999999999,1,True,
benchmark,830,q9_orders_items_products_by_user,0.30599999999999999,0,True,
benchmark,831,q9_orders_items_products_by_user,0.30359999999999998,0,True,
benchmark,832,q9_orders_items_products_by_user,2.1152000000000002,3,True,
benchmark,833,q9_orders_items_products_by_user,5.0143000000000004,8,True,
benchmark,834,q9_orders_items_products_by_user,0.30709999999999998,0,True,
benchmark,835,q9_orders_items_products_by_user,2.7057000000000002,5,True,
benchmark,836,q9_orders_items_products_by_user,1.8008999999999999,2,True,
benchmark,837,q9_orders_items_products_by_user,0.30480000000000002,0,True,
benchmark,838,q9_orders_items_products_by_user,4.9897,8,True,
benchmark,839,q9_orders_items_products_by_user,0.30649999999999999,0,True,
benchmark,840,q9_orders_items_products_by_user,4.4611000000000001,9,True,
benchmark,841,q9_orders_items_products_by_user,5.7916999999999996,10,True,
benchmark,842,q9_orders_items_products_by_user,4.5697000000000001,9,True,
benchmark,843,q9_orders_items_products_by_user,0.30930000000000002,0,True,
benchmark,844,q9_orders_items_products_by_user,2.1505000000000001,3,True,
benchmark,845,q9_orders_items_products_by_user,0.31819999999999998,0,True,
benchmark,846,q9_orders_items_products_by_user,0.30080000000000001,0,True,
benchmark,847,q9_orders_items_products_by_user,2.6758999999999999,5,True,
benchmark,848,q9_orders_items_products_by_user,0.2949,0,True,
benchmark,849,q9_orders_items_products_by_user,1.4767999999999999,1,True,
benchmark,850,q9_orders_items_products_by_user,0.29570000000000002,0,True,
benchmark,851,q9_orders_items_products_by_user,3.7355999999999998,6,True,
benchmark,852,q9_orders_items_products_by_user,1.5187999999999999,1,True,
benchmark,853,q9_orders_items_products_by_user,2.4485000000000001,4,True,
benchmark,854,q9_orders_items_products_by_user,2.2656999999999998,3,True,
benchmark,855,q9_orders_items_products_by_user,0.29980000000000001,0,True,
benchmark,856,q9_orders_items_products_by_user,0.29199999999999998,0,True,
benchmark,857,q9_orders_items_products_by_user,0.29409999999999997,0,True,
benchmark,858,q9_orders_items_products_by_user,0.29049999999999998,0,True,
benchmark,859,q9_orders_items_products_by_user,2.1387999999999998,3,True,
benchmark,860,q9_orders_items_products_by_user,2.4567000000000001,4,True,
benchmark,861,q9_orders_items_products_by_user,2.2351999999999999,3,True,
benchmark,862,q9_orders_items_products_by_user,7.1856,12,True,
benchmark,863,q9_orders_items_products_by_user,0.32319999999999999,0,True,
benchmark,864,q9_orders_items_products_by_user,3.4906000000000001,5,True,
benchmark,865,q9_orders_items_products_by_user,0.31090000000000001,0,True,
benchmark,866,q9_orders_items_products_by_user,4.3121999999999998,8,True,
benchmark,867,q9_orders_items_products_by_user,1.8303,2,True,
benchmark,868,q9_orders_items_products_by_user,2.1511999999999998,3,True,
benchmark,869,q9_orders_items_products_by_user,5.5674999999999999,10,True,
benchmark,870,q9_orders_items_products_by_user,0.33079999999999998,0,True,
benchmark,871,q9_orders_items_products_by_user,0.5776,0,True,
benchmark,872,q9_orders_items_products_by_user,0.40289999999999998,0,True,
benchmark,873,q9_orders_items_products_by_user,0.3332,0,True,
benchmark,874,q9_orders_items_products_by_user,5.1909999999999998,9,True,
benchmark,875,q9_orders_items_products_by_user,2.7275999999999998,5,True,
benchmark,876,q9_orders_items_products_by_user,7.9210000000000003,14,True,
benchmark,877,q9_orders_items_products_by_user,2.1236000000000002,3,True,
benchmark,878,q9_orders_items_products_by_user,2.8035999999999999,5,True,
benchmark,879,q9_orders_items_products_by_user,2.4348999999999998,4,True,
benchmark,880,q9_orders_items_products_by_user,1.5324,1,True,
benchmark,881,q9_orders_items_products_by_user,3.3228,5,True,
benchmark,882,q9_orders_items_products_by_user,5.3585000000000003,9,True,
benchmark,883,q9_orders_items_products_by_user,0.32269999999999999,0,True,
benchmark,884,q9_orders_items_products_by_user,4.0835999999999997,7,True,
benchmark,885,q9_orders_items_products_by_user,2.7281,3,True,
benchmark,886,q9_orders_items_products_by_user,0.31109999999999999,0,True,
benchmark,887,q9_orders_items_products_by_user,0.32469999999999999,0,True,
benchmark,888,q9_orders_items_products_by_user,1.8028999999999999,2,True,
benchmark,889,q9_orders_items_products_by_user,2.5680000000000001,2,True,
benchmark,890,q9_orders_items_products_by_user,2.4384999999999999,4,True,
benchmark,891,q9_orders_items_products_by_user,0.30330000000000001,0,True,
benchmark,892,q9_orders_items_products_by_user,2.7427999999999999,5,True,
benchmark,893,q9_orders_items_products_by_user,3.0177999999999998,4,True,
benchmark,894,q9_orders_items_products_by_user,0.34999999999999998,0,True,
benchmark,895,q9_orders_items_products_by_user,3.0865,4,True,
benchmark,896,q9_orders_items_products_by_user,0.31469999999999998,0,True,
benchmark,897,q9_orders_items_products_by_user,0.308,0,True,
benchmark,898,q9_orders_items_products_by_user,4.3697999999999997,8,True,
benchmark,899,q9_orders_items_products_by_user,3.9428000000000001,7,True,
benchmark,900,q9_orders_items_products_by_user,0.3049,0,True,
benchmark,901,q9_orders_items_products_by_user,8.7584,5,True,
benchmark,902,q9_orders_items_products_by_user,0.65549999999999997,0,True,
benchmark,903,q9_orders_items_products_by_user,4.7362000000000002,4,True,
benchmark,904,q9_orders_items_products_by_user,9.5623000000000005,10,True,
benchmark,905,q9_orders_items_products_by_user,8.0457000000000001,10,True,
benchmark,906,q9_orders_items_products_by_user,2.7063999999999999,4,True,
benchmark,907,q9_orders_items_products_by_user,0.33279999999999998,0,True,
benchmark,908,q9_orders_items_products_by_user,5.0204000000000004,6,True,
benchmark,909,q9_orders_items_products_by_user,0.31669999999999998,0,True,
benchmark,910,q9_orders_items_products_by_user,3.1509999999999998,4,True,
benchmark,911,q9_orders_items_products_by_user,5.8232999999999997,11,True,
benchmark,912,q9_orders_items_products_by_user,2.1467000000000001,3,True,
benchmark,913,q9_orders_items_products_by_user,3.8281000000000001,4,True,
benchmark,914,q9_orders_items_products_by_user,2.1829999999999998,3,True,
benchmark,915,q9_orders_items_products_by_user,2.4430000000000001,4,True,
benchmark,916,q9_orders_items_products_by_user,0.3226,0,True,
benchmark,917,q9_orders_items_products_by_user,3.4914000000000001,5,True,
benchmark,918,q9_orders_items_products_by_user,0.31619999999999998,0,True,
benchmark,919,q9_orders_items_products_by_user,0.30249999999999999,0,True,
benchmark,920,q9_orders_items_products_by_user,15.6988,5,True,
benchmark,921,q9_orders_items_products_by_user,0.61199999999999999,0,True,
benchmark,922,q9_orders_items_products_by_user,6.0396000000000001,5,True,
benchmark,923,q9_orders_items_products_by_user,4.7435999999999998,5,True,
benchmark,924,q9_orders_items_products_by_user,0.36309999999999998,0,True,
benchmark,925,q9_orders_items_products_by_user,0.30790000000000001,0,True,
benchmark,926,q9_orders_items_products_by_user,6.9644000000000004,13,True,
benchmark,927,q9_orders_items_products_by_user,0.30209999999999998,0,True,
benchmark,928,q9_orders_items_products_by_user,2.7097000000000002,3,True,
benchmark,929,q9_orders_items_products_by_user,2.9954000000000001,5,True,
benchmark,930,q9_orders_items_products_by_user,0.3115,0,True,
benchmark,931,q9_orders_items_products_by_user,0.3024,0,True,
benchmark,932,q9_orders_items_products_by_user,2.1177000000000001,3,True,
benchmark,933,q9_orders_items_products_by_user,3.8593000000000002,7,True,
benchmark,934,q9_orders_items_products_by_user,2.3727999999999998,4,True,
benchmark,935,q9_orders_items_products_by_user,2.3690000000000002,4,True,
benchmark,936,q9_orders_items_products_by_user,2.7519,5,True,
benchmark,937,q9_orders_items_products_by_user,6.4703999999999997,11,True,
benchmark,938,q9_orders_items_products_by_user,1.8335999999999999,2,True,
benchmark,939,q9_orders_items_products_by_user,2.4098999999999999,4,True,
benchmark,940,q9_orders_items_products_by_user,3.9489000000000001,7,True,
benchmark,941,q9_orders_items_products_by_user,2.6335000000000002,5,True,
benchmark,942,q9_orders_items_products_by_user,0.2959,0,True,
benchmark,943,q9_orders_items_products_by_user,2.3111000000000002,3,True,
benchmark,944,q9_orders_items_products_by_user,3.6053000000000002,6,True,
benchmark,945,q9_orders_items_products_by_user,2.0609000000000002,3,True,
benchmark,946,q9_orders_items_products_by_user,3.7618,6,True,
benchmark,947,q9_orders_items_products_by_user,2.1212,3,True,
benchmark,948,q9_orders_items_products_by_user,1.8116000000000001,2,True,
benchmark,949,q9_orders_items_products_by_user,0.29820000000000002,0,True,
benchmark,950,q9_orders_items_products_by_user,1.8268,2,True,
benchmark,951,q9_orders_items_products_by_user,8.8731000000000009,16,True,
benchmark,952,q9_orders_items_products_by_user,2.8811,3,True,
benchmark,953,q9_orders_items_products_by_user,2.1118999999999999,3,True,
benchmark,954,q9_orders_items_products_by_user,0.30149999999999999,0,True,
benchmark,955,q9_orders_items_products_by_user,0.30199999999999999,0,True,
benchmark,956,q9_orders_items_products_by_user,2.5474000000000001,4,True,
benchmark,957,q9_orders_items_products_by_user,1.9802,2,True,
benchmark,958,q9_orders_items_products_by_user,2.3855,4,True,
benchmark,959,q9_orders_items_products_by_user,2.944,4,True,
benchmark,960,q9_orders_items_products_by_user,1.859,2,True,
benchmark,961,q9_orders_items_products_by_user,0.2994,0,True,
benchmark,962,q9_orders_items_products_by_user,3.2403,5,True,
benchmark,963,q9_orders_items_products_by_user,0.2984,0,True,
benchmark,964,q9_orders_items_products_by_user,0.29759999999999998,0,True,
benchmark,965,q9_orders_items_products_by_user,2.7544,5,True,
benchmark,966,q9_orders_items_products_by_user,0.38109999999999999,0,True,
benchmark,967,q9_orders_items_products_by_user,5.1403999999999996,8,True,
benchmark,968,q9_orders_items_products_by_user,2.351,4,True,
benchmark,969,q9_orders_items_products_by_user,1.4594,1,True,
benchmark,970,q9_orders_items_products_by_user,2.8700999999999999,5,True,
benchmark,971,q9_orders_items_products_by_user,0.31900000000000001,0,True,
benchmark,972,q9_orders_items_products_by_user,3.8237999999999999,6,True,
benchmark,973,q9_orders_items_products_by_user,0.31009999999999999,0,True,
benchmark,974,q9_orders_items_products_by_user,2.8681000000000001,5,True,
benchmark,975,q9_orders_items_products_by_user,0.30370000000000003,0,True,
benchmark,976,q9_orders_items_products_by_user,1.8684000000000001,2,True,
benchmark,977,q9_orders_items_products_by_user,2.7623000000000002,5,True,
benchmark,978,q9_orders_items_products_by_user,3.2848000000000002,5,True,
benchmark,979,q9_orders_items_products_by_user,1.5190999999999999,1,True,
benchmark,980,q9_orders_items_products_by_user,0.30109999999999998,0,True,
benchmark,981,q9_orders_items_products_by_user,0.31180000000000002,0,True,
benchmark,982,q9_orders_items_products_by_user,2.5627,4,True,
benchmark,983,q9_orders_items_products_by_user,4.0113000000000003,6,True,
benchmark,984,q9_orders_items_products_by_user,0.3125,0,True,
benchmark,985,q9_orders_items_products_by_user,2.0748000000000002,3,True,
benchmark,986,q9_orders_items_products_by_user,0.29909999999999998,0,True,
benchmark,987,q9_orders_items_products_by_user,0.30059999999999998,0,True,
benchmark,988,q9_orders_items_products_by_user,2.6505999999999998,5,True,
benchmark,989,q9_orders_items_products_by_user,2.2923,3,True,
benchmark,990,q9_orders_items_products_by_user,2.7389000000000001,5,True,
benchmark,991,q9_orders_items_products_by_user,0.30349999999999999,0,True,
benchmark,992,q9_orders_items_products_by_user,0.30459999999999998,0,True,
benchmark,993,q9_orders_items_products_by_user,0.29699999999999999,0,True,
benchmark,994,q9_orders_items_products_by_user,0.29830000000000001,0,True,
benchmark,995,q9_orders_items_products_by_user,2.2229000000000001,3,True,
benchmark,996,q9_orders_items_products_by_user,3.2393999999999998,4,True,
benchmark,997,q9_orders_items_products_by_user,4.4863999999999997,7,True,
benchmark,998,q9_orders_items_products_by_user,5.6734,11,True,
benchmark,999,q9_orders_items_products_by_user,2.8696000000000002,5,True,
benchmark,1000,q9_orders_items_products_by_user,1.7690999999999999,2,True,
benchmark,1,q10_top_sellers_qty,384.56,20,True,
benchmark,2,q10_top_sellers_qty,405.12810000000002,20,True,
benchmark,3,q10_top_sellers_qty,412.27620000000002,20,True,
benchmark,4,q10_top_sellers_qty,389.2022,20,True,
benchmark,5,q10_top_sellers_qty,490.84500000000003,20,True,
benchmark,6,q10_top_sellers_qty,389.70350000000002,20,True,
benchmark,7,q10_top_sellers_qty,408.63799999999998,20,True,
benchmark,8,q10_top_sellers_qty,404.89749999999998,20,True,
benchmark,9,q10_top_sellers_qty,362.71910000000003,20,True,
benchmark,10,q10_top_sellers_qty,411.76319999999998,20,True,
benchmark,11,q10_top_sellers_qty,408.95519999999999,20,True,
benchmark,12,q10_top_sellers_qty,445.69439999999997,20,True,
benchmark,13,q10_top_sellers_qty,412.36349999999999,20,True,
benchmark,14,q10_top_sellers_qty,450.5138,20,True,
benchmark,15,q10_top_sellers_qty,427.81420000000003,20,True,
benchmark,16,q10_top_sellers_qty,381.49869999999999,20,True,
benchmark,17,q10_top_sellers_qty,390.10000000000002,20,True,
benchmark,18,q10_top_sellers_qty,407.11189999999999,20,True,
benchmark,19,q10_top_sellers_qty,458.5505,20,True,
benchmark,20,q10_top_sellers_qty,402.7894,20,True,
benchmark,21,q10_top_sellers_qty,397.57369999999997,20,True,
benchmark,22,q10_top_sellers_qty,379.34679999999997,20,True,
benchmark,23,q10_top_sellers_qty,380.4427,20,True,
benchmark,24,q10_top_sellers_qty,431.14440000000002,20,True,
benchmark,25,q10_top_sellers_qty,405.86189999999999,20,True,
benchmark,26,q10_top_sellers_qty,426.32769999999999,20,True,
benchmark,27,q10_top_sellers_qty,459.23829999999998,20,True,
benchmark,28,q10_top_sellers_qty,396.04669999999999,20,True,
benchmark,29,q10_top_sellers_qty,434.51420000000002,20,True,
benchmark,30,q10_top_sellers_qty,421.53840000000002,20,True,
benchmark,31,q10_top_sellers_qty,391.97899999999998,20,True,
benchmark,32,q10_top_sellers_qty,403.2876,20,True,
benchmark,33,q10_top_sellers_qty,402.93369999999999,20,True,
benchmark,34,q10_top_sellers_qty,396.6918,20,True,
benchmark,35,q10_top_sellers_qty,437.95119999999997,20,True,
benchmark,36,q10_top_sellers_qty,466.7099,20,True,
benchmark,37,q10_top_sellers_qty,413.536,20,True,
benchmark,38,q10_top_sellers_qty,375.11020000000002,20,True,
benchmark,39,q10_top_sellers_qty,433.16950000000003,20,True,
benchmark,40,q10_top_sellers_qty,401.27640000000002,20,True,
benchmark,41,q10_top_sellers_qty,440.57709999999997,20,True,
benchmark,42,q10_top_sellers_qty,435.82470000000001,20,True,
benchmark,43,q10_top_sellers_qty,468.1551,20,True,
benchmark,44,q10_top_sellers_qty,426.47910000000002,20,True,
benchmark,45,q10_top_sellers_qty,392.41379999999998,20,True,
benchmark,46,q10_top_sellers_qty,384.81490000000002,20,True,
benchmark,47,q10_top_sellers_qty,424.8689,20,True,
benchmark,48,q10_top_sellers_qty,384.34410000000003,20,True,
benchmark,49,q10_top_sellers_qty,423.84949999999998,20,True,
benchmark,50,q10_top_sellers_qty,393.00400000000002,20,True,
benchmark,51,q10_top_sellers_qty,418.98649999999998,20,True,
benchmark,52,q10_top_sellers_qty,392.65469999999999,20,True,
benchmark,53,q10_top_sellers_qty,382.50909999999999,20,True,
benchmark,54,q10_top_sellers_qty,433.57159999999999,20,True,
benchmark,55,q10_top_sellers_qty,414.803,20,True,
benchmark,56,q10_top_sellers_qty,402.31819999999999,20,True,
benchmark,57,q10_top_sellers_qty,416.38659999999999,20,True,
benchmark,58,q10_top_sellers_qty,393.74310000000003,20,True,
benchmark,59,q10_top_sellers_qty,427.11700000000002,20,True,
benchmark,60,q10_top_sellers_qty,378.01780000000002,20,True,
benchmark,61,q10_top_sellers_qty,376.03559999999999,20,True,
benchmark,62,q10_top_sellers_qty,398.47899999999998,20,True,
benchmark,63,q10_top_sellers_qty,388.39330000000001,20,True,
benchmark,64,q10_top_sellers_qty,407.05900000000003,20,True,
benchmark,65,q10_top_sellers_qty,401.19630000000001,20,True,
benchmark,66,q10_top_sellers_qty,417.7242,20,True,
benchmark,67,q10_top_sellers_qty,403.4162,20,True,
benchmark,68,q10_top_sellers_qty,368.19459999999998,20,True,
benchmark,69,q10_top_sellers_qty,418.78539999999998,20,True,
benchmark,70,q10_top_sellers_qty,414.29579999999999,20,True,
benchmark,71,q10_top_sellers_qty,395.82830000000001,20,True,
benchmark,72,q10_top_sellers_qty,429.23169999999999,20,True,
benchmark,73,q10_top_sellers_qty,390.90969999999999,20,True,
benchmark,74,q10_top_sellers_qty,486.72899999999998,20,True,
benchmark,75,q10_top_sellers_qty,386.31459999999998,20,True,
benchmark,76,q10_top_sellers_qty,398.178,20,True,
benchmark,77,q10_top_sellers_qty,400.73329999999999,20,True,
benchmark,78,q10_top_sellers_qty,397.96100000000001,20,True,
benchmark,79,q10_top_sellers_qty,422.88240000000002,20,True,
benchmark,80,q10_top_sellers_qty,399.9975,20,True,
benchmark,81,q10_top_sellers_qty,586.79589999999996,20,True,
benchmark,82,q10_top_sellers_qty,396.60390000000001,20,True,
benchmark,83,q10_top_sellers_qty,432.73559999999998,20,True,
benchmark,84,q10_top_sellers_qty,412.39890000000003,20,True,
benchmark,85,q10_top_sellers_qty,417.6558,20,True,
benchmark,86,q10_top_sellers_qty,400.6952,20,True,
benchmark,87,q10_top_sellers_qty,433.1046,20,True,
benchmark,88,q10_top_sellers_qty,393.61970000000002,20,True,
benchmark,89,q10_top_sellers_qty,419.1447,20,True,
benchmark,90,q10_top_sellers_qty,386.31900000000002,20,True,
benchmark,91,q10_top_sellers_qty,371.32319999999999,20,True,
benchmark,92,q10_top_sellers_qty,458.19569999999999,20,True,
benchmark,93,q10_top_sellers_qty,439.93680000000001,20,True,
benchmark,94,q10_top_sellers_qty,395.54539999999997,20,True,
benchmark,95,q10_top_sellers_qty,417.34300000000002,20,True,
benchmark,96,q10_top_sellers_qty,479.10680000000002,20,True,
benchmark,97,q10_top_sellers_qty,464.12299999999999,20,True,
benchmark,98,q10_top_sellers_qty,369.1814,20,True,
benchmark,99,q10_top_sellers_qty,424.8381,20,True,
benchmark,100,q10_top_sellers_qty,404.45670000000001,20,True,
benchmark,101,q10_top_sellers_qty,418.00979999999998,20,True,
benchmark,102,q10_top_sellers_qty,377.96679999999998,20,True,
benchmark,103,q10_top_sellers_qty,447.04860000000002,20,True,
benchmark,104,q10_top_sellers_qty,481.60820000000001,20,True,
benchmark,105,q10_top_sellers_qty,367.4323,20,True,
benchmark,106,q10_top_sellers_qty,411.23360000000002,20,True,
benchmark,107,q10_top_sellers_qty,462.83789999999999,20,True,
benchmark,108,q10_top_sellers_qty,421.31619999999998,20,True,
benchmark,109,q10_top_sellers_qty,447.3546,20,True,
benchmark,110,q10_top_sellers_qty,399.17270000000002,20,True,
benchmark,111,q10_top_sellers_qty,432.4436,20,True,
benchmark,112,q10_top_sellers_qty,443.70490000000001,20,True,
benchmark,113,q10_top_sellers_qty,393.62610000000001,20,True,
benchmark,114,q10_top_sellers_qty,440.21109999999999,20,True,
benchmark,115,q10_top_sellers_qty,392.54140000000001,20,True,
benchmark,116,q10_top_sellers_qty,395.8227,20,True,
benchmark,117,q10_top_sellers_qty,424.49630000000002,20,True,
benchmark,118,q10_top_sellers_qty,410.42169999999999,20,True,
benchmark,119,q10_top_sellers_qty,410.95170000000002,20,True,
benchmark,120,q10_top_sellers_qty,382.85039999999998,20,True,
benchmark,121,q10_top_sellers_qty,411.7022,20,True,
benchmark,122,q10_top_sellers_qty,424.98739999999998,20,True,
benchmark,123,q10_top_sellers_qty,401.81259999999997,20,True,
benchmark,124,q10_top_sellers_qty,404.37290000000002,20,True,
benchmark,125,q10_top_sellers_qty,388.50619999999998,20,True,
benchmark,126,q10_top_sellers_qty,422.94869999999997,20,True,
benchmark,127,q10_top_sellers_qty,394.08530000000002,20,True,
benchmark,128,q10_top_sellers_qty,358.12509999999997,20,True,
benchmark,129,q10_top_sellers_qty,425.06819999999999,20,True,
benchmark,130,q10_top_sellers_qty,425.71870000000001,20,True,
benchmark,131,q10_top_sellers_qty,430.86829999999998,20,True,
benchmark,132,q10_top_sellers_qty,410.23509999999999,20,True,
benchmark,133,q10_top_sellers_qty,401.86660000000001,20,True,
benchmark,134,q10_top_sellers_qty,477.98860000000002,20,True,
benchmark,135,q10_top_sellers_qty,407.29790000000003,20,True,
benchmark,136,q10_top_sellers_qty,431.82589999999999,20,True,
benchmark,137,q10_top_sellers_qty,399.8245,20,True,
benchmark,138,q10_top_sellers_qty,410.85849999999999,20,True,
benchmark,139,q10_top_sellers_qty,471.53210000000001,20,True,
benchmark,140,q10_top_sellers_qty,459.39440000000002,20,True,
benchmark,141,q10_top_sellers_qty,397.63639999999998,20,True,
benchmark,142,q10_top_sellers_qty,372.15269999999998,20,True,
benchmark,143,q10_top_sellers_qty,423.13080000000002,20,True,
benchmark,144,q10_top_sellers_qty,408.30419999999998,20,True,
benchmark,145,q10_top_sellers_qty,396.89449999999999,20,True,
benchmark,146,q10_top_sellers_qty,413.00990000000002,20,True,
benchmark,147,q10_top_sellers_qty,382.37990000000002,20,True,
benchmark,148,q10_top_sellers_qty,403.94580000000002,20,True,
benchmark,149,q10_top_sellers_qty,395.46969999999999,20,True,
benchmark,150,q10_top_sellers_qty,387.00229999999999,20,True,
benchmark,151,q10_top_sellers_qty,423.1112,20,True,
benchmark,152,q10_top_sellers_qty,383.87869999999998,20,True,
benchmark,153,q10_top_sellers_qty,386.88420000000002,20,True,
benchmark,154,q10_top_sellers_qty,390.22120000000001,20,True,
benchmark,155,q10_top_sellers_qty,407.28820000000002,20,True,
benchmark,156,q10_top_sellers_qty,384.31639999999999,20,True,
benchmark,157,q10_top_sellers_qty,381.8175,20,True,
benchmark,158,q10_top_sellers_qty,409.20830000000001,20,True,
benchmark,159,q10_top_sellers_qty,415.61419999999998,20,True,
benchmark,160,q10_top_sellers_qty,406.30500000000001,20,True,
benchmark,161,q10_top_sellers_qty,426.96859999999998,20,True,
benchmark,162,q10_top_sellers_qty,402.59210000000002,20,True,
benchmark,163,q10_top_sellers_qty,438.09230000000002,20,True,
benchmark,164,q10_top_sellers_qty,386.52749999999997,20,True,
benchmark,165,q10_top_sellers_qty,385.64370000000002,20,True,
benchmark,166,q10_top_sellers_qty,402.0394,20,True,
benchmark,167,q10_top_sellers_qty,404.9314,20,True,
benchmark,168,q10_top_sellers_qty,442.84960000000001,20,True,
benchmark,169,q10_top_sellers_qty,418.9194,20,True,
benchmark,170,q10_top_sellers_qty,414.77190000000002,20,True,
benchmark,171,q10_top_sellers_qty,421.40649999999999,20,True,
benchmark,172,q10_top_sellers_qty,373.55110000000002,20,True,
benchmark,173,q10_top_sellers_qty,391.55270000000002,20,True,
benchmark,174,q10_top_sellers_qty,420.92160000000001,20,True,
benchmark,175,q10_top_sellers_qty,422.93790000000001,20,True,
benchmark,176,q10_top_sellers_qty,427.31619999999998,20,True,
benchmark,177,q10_top_sellers_qty,387.18090000000001,20,True,
benchmark,178,q10_top_sellers_qty,455.65190000000001,20,True,
benchmark,179,q10_top_sellers_qty,399.32310000000001,20,True,
benchmark,180,q10_top_sellers_qty,384.24059999999997,20,True,
benchmark,181,q10_top_sellers_qty,418.86599999999999,20,True,
benchmark,182,q10_top_sellers_qty,397.3329,20,True,
benchmark,183,q10_top_sellers_qty,401.6841,20,True,
benchmark,184,q10_top_sellers_qty,432.99919999999997,20,True,
benchmark,185,q10_top_sellers_qty,393.84359999999998,20,True,
benchmark,186,q10_top_sellers_qty,425.44330000000002,20,True,
benchmark,187,q10_top_sellers_qty,381.80529999999999,20,True,
benchmark,188,q10_top_sellers_qty,380.22430000000003,20,True,
benchmark,189,q10_top_sellers_qty,421.11160000000001,20,True,
benchmark,190,q10_top_sellers_qty,435.86259999999999,20,True,
benchmark,191,q10_top_sellers_qty,397.30860000000001,20,True,
benchmark,192,q10_top_sellers_qty,441.87549999999999,20,True,
benchmark,193,q10_top_sellers_qty,381.02019999999999,20,True,
benchmark,194,q10_top_sellers_qty,409.5206,20,True,
benchmark,195,q10_top_sellers_qty,431.41320000000002,20,True,
benchmark,196,q10_top_sellers_qty,400.19420000000002,20,True,
benchmark,197,q10_top_sellers_qty,391.12369999999999,20,True,
benchmark,198,q10_top_sellers_qty,403.08670000000001,20,True,
benchmark,199,q10_top_sellers_qty,411.70670000000001,20,True,
benchmark,200,q10_top_sellers_qty,398.2901,20,True,
benchmark,201,q10_top_sellers_qty,429.50650000000002,20,True,
benchmark,202,q10_top_sellers_qty,375.65089999999998,20,True,
benchmark,203,q10_top_sellers_qty,408.3759,20,True,
benchmark,204,q10_top_sellers_qty,472.45609999999999,20,True,
benchmark,205,q10_top_sellers_qty,404.19049999999999,20,True,
benchmark,206,q10_top_sellers_qty,402.01670000000001,20,True,
benchmark,207,q10_top_sellers_qty,384.99700000000001,20,True,
benchmark,208,q10_top_sellers_qty,427.55709999999999,20,True,
benchmark,209,q10_top_sellers_qty,405.12720000000002,20,True,
benchmark,210,q10_top_sellers_qty,374.48910000000001,20,True,
benchmark,211,q10_top_sellers_qty,480.77539999999999,20,True,
benchmark,212,q10_top_sellers_qty,385.5446,20,True,
benchmark,213,q10_top_sellers_qty,407.9196,20,True,
benchmark,214,q10_top_sellers_qty,404.58969999999999,20,True,
benchmark,215,q10_top_sellers_qty,402.77140000000003,20,True,
benchmark,216,q10_top_sellers_qty,395.48480000000001,20,True,
benchmark,217,q10_top_sellers_qty,379.3023,20,True,
benchmark,218,q10_top_sellers_qty,437.78219999999999,20,True,
benchmark,219,q10_top_sellers_qty,409.5489,20,True,
benchmark,220,q10_top_sellers_qty,489.26010000000002,20,True,
benchmark,221,q10_top_sellers_qty,407.79539999999997,20,True,
benchmark,222,q10_top_sellers_qty,386.8879,20,True,
benchmark,223,q10_top_sellers_qty,399.10840000000002,20,True,
benchmark,224,q10_top_sellers_qty,417.08229999999998,20,True,
benchmark,225,q10_top_sellers_qty,402.93720000000002,20,True,
benchmark,226,q10_top_sellers_qty,422.64769999999999,20,True,
benchmark,227,q10_top_sellers_qty,399.95319999999998,20,True,
benchmark,228,q10_top_sellers_qty,397.0958,20,True,
benchmark,229,q10_top_sellers_qty,389.875,20,True,
benchmark,230,q10_top_sellers_qty,384.66910000000001,20,True,
benchmark,231,q10_top_sellers_qty,396.76920000000001,20,True,
benchmark,232,q10_top_sellers_qty,361.45429999999999,20,True,
benchmark,233,q10_top_sellers_qty,407.1746,20,True,
benchmark,234,q10_top_sellers_qty,435.40480000000002,20,True,
benchmark,235,q10_top_sellers_qty,422.48669999999998,20,True,
benchmark,236,q10_top_sellers_qty,468.01900000000001,20,True,
benchmark,237,q10_top_sellers_qty,394.30610000000001,20,True,
benchmark,238,q10_top_sellers_qty,412.56760000000003,20,True,
benchmark,239,q10_top_sellers_qty,404.01139999999998,20,True,
benchmark,240,q10_top_sellers_qty,376.88549999999998,20,True,
benchmark,241,q10_top_sellers_qty,408.88010000000003,20,True,
benchmark,242,q10_top_sellers_qty,435.54230000000001,20,True,
benchmark,243,q10_top_sellers_qty,411.9803,20,True,
benchmark,244,q10_top_sellers_qty,411.2663,20,True,
benchmark,245,q10_top_sellers_qty,403.65609999999998,20,True,
benchmark,246,q10_top_sellers_qty,403.28359999999998,20,True,
benchmark,247,q10_top_sellers_qty,396.05680000000001,20,True,
benchmark,248,q10_top_sellers_qty,400.93990000000002,20,True,
benchmark,249,q10_top_sellers_qty,395.57940000000002,20,True,
benchmark,250,q10_top_sellers_qty,414.5514,20,True,
benchmark,251,q10_top_sellers_qty,405.4776,20,True,
benchmark,252,q10_top_sellers_qty,403.30560000000003,20,True,
benchmark,253,q10_top_sellers_qty,424.81310000000002,20,True,
benchmark,254,q10_top_sellers_qty,377.50880000000001,20,True,
benchmark,255,q10_top_sellers_qty,410.26580000000001,20,True,
benchmark,256,q10_top_sellers_qty,448.45299999999997,20,True,
benchmark,257,q10_top_sellers_qty,406.04500000000002,20,True,
benchmark,258,q10_top_sellers_qty,440.16840000000002,20,True,
benchmark,259,q10_top_sellers_qty,407.80000000000001,20,True,
benchmark,260,q10_top_sellers_qty,460.01589999999999,20,True,
benchmark,261,q10_top_sellers_qty,401.63200000000001,20,True,
benchmark,262,q10_top_sellers_qty,367.41269999999997,20,True,
benchmark,263,q10_top_sellers_qty,417.54320000000001,20,True,
benchmark,264,q10_top_sellers_qty,399.09019999999998,20,True,
benchmark,265,q10_top_sellers_qty,495.12079999999997,20,True,
benchmark,266,q10_top_sellers_qty,445.83370000000002,20,True,
benchmark,267,q10_top_sellers_qty,409.47120000000001,20,True,
benchmark,268,q10_top_sellers_qty,430.02519999999998,20,True,
benchmark,269,q10_top_sellers_qty,384.90870000000001,20,True,
benchmark,270,q10_top_sellers_qty,414.32130000000001,20,True,
benchmark,271,q10_top_sellers_qty,391.13580000000002,20,True,
benchmark,272,q10_top_sellers_qty,497.57819999999998,20,True,
benchmark,273,q10_top_sellers_qty,480.53750000000002,20,True,
benchmark,274,q10_top_sellers_qty,426.202,20,True,
benchmark,275,q10_top_sellers_qty,411.7242,20,True,
benchmark,276,q10_top_sellers_qty,460.98340000000002,20,True,
benchmark,277,q10_top_sellers_qty,388.06040000000002,20,True,
benchmark,278,q10_top_sellers_qty,406.24560000000002,20,True,
benchmark,279,q10_top_sellers_qty,407.0274,20,True,
benchmark,280,q10_top_sellers_qty,396.94549999999998,20,True,
benchmark,281,q10_top_sellers_qty,407.7285,20,True,
benchmark,282,q10_top_sellers_qty,405.2321,20,True,
benchmark,283,q10_top_sellers_qty,404.83859999999999,20,True,
benchmark,284,q10_top_sellers_qty,394.07479999999998,20,True,
benchmark,285,q10_top_sellers_qty,378.30450000000002,20,True,
benchmark,286,q10_top_sellers_qty,422.77960000000002,20,True,
benchmark,287,q10_top_sellers_qty,386.64249999999998,20,True,
benchmark,288,q10_top_sellers_qty,402.38339999999999,20,True,
benchmark,289,q10_top_sellers_qty,429.67259999999999,20,True,
benchmark,290,q10_top_sellers_qty,391.25459999999998,20,True,
benchmark,291,q10_top_sellers_qty,389.91390000000001,20,True,
benchmark,292,q10_top_sellers_qty,385.68860000000001,20,True,
benchmark,293,q10_top_sellers_qty,407.19779999999997,20,True,
benchmark,294,q10_top_sellers_qty,387.75349999999997,20,True,
benchmark,295,q10_top_sellers_qty,417.19810000000001,20,True,
benchmark,296,q10_top_sellers_qty,410.8295,20,True,
benchmark,297,q10_top_sellers_qty,408.18979999999999,20,True,
benchmark,298,q10_top_sellers_qty,419.1979,20,True,
benchmark,299,q10_top_sellers_qty,404.2199,20,True,
benchmark,300,q10_top_sellers_qty,401.0625,20,True,
benchmark,301,q10_top_sellers_qty,427.67540000000002,20,True,
benchmark,302,q10_top_sellers_qty,397.58780000000002,20,True,
benchmark,303,q10_top_sellers_qty,406.2423,20,True,
benchmark,304,q10_top_sellers_qty,409.46420000000001,20,True,
benchmark,305,q10_top_sellers_qty,390.73450000000003,20,True,
benchmark,306,q10_top_sellers_qty,446.74259999999998,20,True,
benchmark,307,q10_top_sellers_qty,412.1628,20,True,
benchmark,308,q10_top_sellers_qty,464.84249999999997,20,True,
benchmark,309,q10_top_sellers_qty,418.92829999999998,20,True,
benchmark,310,q10_top_sellers_qty,403.14440000000002,20,True,
benchmark,311,q10_top_sellers_qty,422.50060000000002,20,True,
benchmark,312,q10_top_sellers_qty,508.62459999999999,20,True,
benchmark,313,q10_top_sellers_qty,409.97980000000001,20,True,
benchmark,314,q10_top_sellers_qty,368.91000000000003,20,True,
benchmark,315,q10_top_sellers_qty,426.81509999999997,20,True,
benchmark,316,q10_top_sellers_qty,424.9665,20,True,
benchmark,317,q10_top_sellers_qty,398.26929999999999,20,True,
benchmark,318,q10_top_sellers_qty,402.1542,20,True,
benchmark,319,q10_top_sellers_qty,441.03809999999999,20,True,
benchmark,320,q10_top_sellers_qty,416.6062,20,True,
benchmark,321,q10_top_sellers_qty,389.99860000000001,20,True,
benchmark,322,q10_top_sellers_qty,385.71550000000002,20,True,
benchmark,323,q10_top_sellers_qty,412.37799999999999,20,True,
benchmark,324,q10_top_sellers_qty,413.63499999999999,20,True,
benchmark,325,q10_top_sellers_qty,404.81990000000002,20,True,
benchmark,326,q10_top_sellers_qty,403.27809999999999,20,True,
benchmark,327,q10_top_sellers_qty,441.31990000000002,20,True,
benchmark,328,q10_top_sellers_qty,365.66789999999997,20,True,
benchmark,329,q10_top_sellers_qty,417.7405,20,True,
benchmark,330,q10_top_sellers_qty,406.71050000000002,20,True,
benchmark,331,q10_top_sellers_qty,399.20330000000001,20,True,
benchmark,332,q10_top_sellers_qty,432.1551,20,True,
benchmark,333,q10_top_sellers_qty,386.37880000000001,20,True,
benchmark,334,q10_top_sellers_qty,414.61009999999999,20,True,
benchmark,335,q10_top_sellers_qty,391.94810000000001,20,True,
benchmark,336,q10_top_sellers_qty,386.47370000000001,20,True,
benchmark,337,q10_top_sellers_qty,430.08210000000003,20,True,
benchmark,338,q10_top_sellers_qty,399.76909999999998,20,True,
benchmark,339,q10_top_sellers_qty,415.37470000000002,20,True,
benchmark,340,q10_top_sellers_qty,410.07130000000001,20,True,
benchmark,341,q10_top_sellers_qty,404.38929999999999,20,True,
benchmark,342,q10_top_sellers_qty,451.69380000000001,20,True,
benchmark,343,q10_top_sellers_qty,397.59660000000002,20,True,
benchmark,344,q10_top_sellers_qty,360.59829999999999,20,True,
benchmark,345,q10_top_sellers_qty,424.82850000000002,20,True,
benchmark,346,q10_top_sellers_qty,424.70609999999999,20,True,
benchmark,347,q10_top_sellers_qty,396.19880000000001,20,True,
benchmark,348,q10_top_sellers_qty,418.8252,20,True,
benchmark,349,q10_top_sellers_qty,403.74310000000003,20,True,
benchmark,350,q10_top_sellers_qty,413.23930000000001,20,True,
benchmark,351,q10_top_sellers_qty,391.35939999999999,20,True,
benchmark,352,q10_top_sellers_qty,411.67689999999999,20,True,
benchmark,353,q10_top_sellers_qty,405.18470000000002,20,True,
benchmark,354,q10_top_sellers_qty,397.84699999999998,20,True,
benchmark,355,q10_top_sellers_qty,376.61649999999997,20,True,
benchmark,356,q10_top_sellers_qty,418.26049999999998,20,True,
benchmark,357,q10_top_sellers_qty,414.91759999999999,20,True,
benchmark,358,q10_top_sellers_qty,383.65640000000002,20,True,
benchmark,359,q10_top_sellers_qty,406.7038,20,True,
benchmark,360,q10_top_sellers_qty,414.46260000000001,20,True,
benchmark,361,q10_top_sellers_qty,420.95269999999999,20,True,
benchmark,362,q10_top_sellers_qty,415.17349999999999,20,True,
benchmark,363,q10_top_sellers_qty,382.2328,20,True,
benchmark,364,q10_top_sellers_qty,455.28539999999998,20,True,
benchmark,365,q10_top_sellers_qty,435.40809999999999,20,True,
benchmark,366,q10_top_sellers_qty,386.93060000000003,20,True,
benchmark,367,q10_top_sellers_qty,402.69029999999998,20,True,
benchmark,368,q10_top_sellers_qty,395.71039999999999,20,True,
benchmark,369,q10_top_sellers_qty,547.17079999999999,20,True,
benchmark,370,q10_top_sellers_qty,412.36149999999998,20,True,
benchmark,371,q10_top_sellers_qty,433.32769999999999,20,True,
benchmark,372,q10_top_sellers_qty,372.32839999999999,20,True,
benchmark,373,q10_top_sellers_qty,425.2953,20,True,
benchmark,374,q10_top_sellers_qty,414.97199999999998,20,True,
benchmark,375,q10_top_sellers_qty,457.4178,20,True,
benchmark,376,q10_top_sellers_qty,413.89569999999998,20,True,
benchmark,377,q10_top_sellers_qty,413.09129999999999,20,True,
benchmark,378,q10_top_sellers_qty,381.38409999999999,20,True,
benchmark,379,q10_top_sellers_qty,414.85489999999999,20,True,
benchmark,380,q10_top_sellers_qty,450.26929999999999,20,True,
benchmark,381,q10_top_sellers_qty,377.23169999999999,20,True,
benchmark,382,q10_top_sellers_qty,402.75799999999998,20,True,
benchmark,383,q10_top_sellers_qty,398.97370000000001,20,True,
benchmark,384,q10_top_sellers_qty,408.30880000000002,20,True,
benchmark,385,q10_top_sellers_qty,411.0634,20,True,
benchmark,386,q10_top_sellers_qty,410.59820000000002,20,True,
benchmark,387,q10_top_sellers_qty,373.0985,20,True,
benchmark,388,q10_top_sellers_qty,400.9803,20,True,
benchmark,389,q10_top_sellers_qty,398.92329999999998,20,True,
benchmark,390,q10_top_sellers_qty,422.93990000000002,20,True,
benchmark,391,q10_top_sellers_qty,401.53390000000002,20,True,
benchmark,392,q10_top_sellers_qty,412.0872,20,True,
benchmark,393,q10_top_sellers_qty,390.46660000000003,20,True,
benchmark,394,q10_top_sellers_qty,418.04860000000002,20,True,
benchmark,395,q10_top_sellers_qty,396.03910000000002,20,True,
benchmark,396,q10_top_sellers_qty,391.99290000000002,20,True,
benchmark,397,q10_top_sellers_qty,403.33319999999998,20,True,
benchmark,398,q10_top_sellers_qty,398.66329999999999,20,True,
benchmark,399,q10_top_sellers_qty,413.20850000000002,20,True,
benchmark,400,q10_top_sellers_qty,400.30250000000001,20,True,
benchmark,401,q10_top_sellers_qty,403.81740000000002,20,True,
benchmark,402,q10_top_sellers_qty,375.64010000000002,20,True,
benchmark,403,q10_top_sellers_qty,396.26420000000002,20,True,
benchmark,404,q10_top_sellers_qty,438.73430000000002,20,True,
benchmark,405,q10_top_sellers_qty,403.44029999999998,20,True,
benchmark,406,q10_top_sellers_qty,453.58409999999998,20,True,
benchmark,407,q10_top_sellers_qty,400.18340000000001,20,True,
benchmark,408,q10_top_sellers_qty,431.25380000000001,20,True,
benchmark,409,q10_top_sellers_qty,422.54410000000001,20,True,
benchmark,410,q10_top_sellers_qty,397.01049999999998,20,True,
benchmark,411,q10_top_sellers_qty,413.24610000000001,20,True,
benchmark,412,q10_top_sellers_qty,418.28550000000001,20,True,
benchmark,413,q10_top_sellers_qty,411.8888,20,True,
benchmark,414,q10_top_sellers_qty,408.74450000000002,20,True,
benchmark,415,q10_top_sellers_qty,399.19690000000003,20,True,
benchmark,416,q10_top_sellers_qty,411.04340000000002,20,True,
benchmark,417,q10_top_sellers_qty,425.88040000000001,20,True,
benchmark,418,q10_top_sellers_qty,375.69310000000002,20,True,
benchmark,419,q10_top_sellers_qty,419.15179999999998,20,True,
benchmark,420,q10_top_sellers_qty,424.62430000000001,20,True,
benchmark,421,q10_top_sellers_qty,419.58089999999999,20,True,
benchmark,422,q10_top_sellers_qty,412.77429999999998,20,True,
benchmark,423,q10_top_sellers_qty,404.99849999999998,20,True,
benchmark,424,q10_top_sellers_qty,428.20940000000002,20,True,
benchmark,425,q10_top_sellers_qty,398.38040000000001,20,True,
benchmark,426,q10_top_sellers_qty,405.06670000000003,20,True,
benchmark,427,q10_top_sellers_qty,398.3476,20,True,
benchmark,428,q10_top_sellers_qty,461.56670000000003,20,True,
benchmark,429,q10_top_sellers_qty,452.1474,20,True,
benchmark,430,q10_top_sellers_qty,388.25400000000002,20,True,
benchmark,431,q10_top_sellers_qty,415.07830000000001,20,True,
benchmark,432,q10_top_sellers_qty,417.4289,20,True,
benchmark,433,q10_top_sellers_qty,397.7946,20,True,
benchmark,434,q10_top_sellers_qty,416.79849999999999,20,True,
benchmark,435,q10_top_sellers_qty,432.21870000000001,20,True,
benchmark,436,q10_top_sellers_qty,393.80700000000002,20,True,
benchmark,437,q10_top_sellers_qty,430.0813,20,True,
benchmark,438,q10_top_sellers_qty,448.17750000000001,20,True,
benchmark,439,q10_top_sellers_qty,395.04700000000003,20,True,
benchmark,440,q10_top_sellers_qty,407.62720000000002,20,True,
benchmark,441,q10_top_sellers_qty,433.92750000000001,20,True,
benchmark,442,q10_top_sellers_qty,412.71420000000001,20,True,
benchmark,443,q10_top_sellers_qty,429.34739999999999,20,True,
benchmark,444,q10_top_sellers_qty,392.06909999999999,20,True,
benchmark,445,q10_top_sellers_qty,430.53059999999999,20,True,
benchmark,446,q10_top_sellers_qty,406.73559999999998,20,True,
benchmark,447,q10_top_sellers_qty,376.48570000000001,20,True,
benchmark,448,q10_top_sellers_qty,393.97989999999999,20,True,
benchmark,449,q10_top_sellers_qty,389.66359999999997,20,True,
benchmark,450,q10_top_sellers_qty,400.9554,20,True,
benchmark,451,q10_top_sellers_qty,510.51920000000001,20,True,
benchmark,452,q10_top_sellers_qty,393.0265,20,True,
benchmark,453,q10_top_sellers_qty,422.3947,20,True,
benchmark,454,q10_top_sellers_qty,363.86070000000001,20,True,
benchmark,455,q10_top_sellers_qty,487.13220000000001,20,True,
benchmark,456,q10_top_sellers_qty,440.74400000000003,20,True,
benchmark,457,q10_top_sellers_qty,481.01389999999998,20,True,
benchmark,458,q10_top_sellers_qty,418.57260000000002,20,True,
benchmark,459,q10_top_sellers_qty,392.46539999999999,20,True,
benchmark,460,q10_top_sellers_qty,425.37729999999999,20,True,
benchmark,461,q10_top_sellers_qty,404.92270000000002,20,True,
benchmark,462,q10_top_sellers_qty,417.73099999999999,20,True,
benchmark,463,q10_top_sellers_qty,402.3689,20,True,
benchmark,464,q10_top_sellers_qty,406.79649999999998,20,True,
benchmark,465,q10_top_sellers_qty,418.84410000000003,20,True,
benchmark,466,q10_top_sellers_qty,398.95310000000001,20,True,
benchmark,467,q10_top_sellers_qty,408.21710000000002,20,True,
benchmark,468,q10_top_sellers_qty,405.83969999999999,20,True,
benchmark,469,q10_top_sellers_qty,379.7242,20,True,
benchmark,470,q10_top_sellers_qty,400.5951,20,True,
benchmark,471,q10_top_sellers_qty,402.67140000000001,20,True,
benchmark,472,q10_top_sellers_qty,403.00040000000001,20,True,
benchmark,473,q10_top_sellers_qty,424.7099,20,True,
benchmark,474,q10_top_sellers_qty,386.16500000000002,20,True,
benchmark,475,q10_top_sellers_qty,420.45690000000002,20,True,
benchmark,476,q10_top_sellers_qty,401.54610000000002,20,True,
benchmark,477,q10_top_sellers_qty,393.70139999999998,20,True,
benchmark,478,q10_top_sellers_qty,403.29309999999998,20,True,
benchmark,479,q10_top_sellers_qty,428.69709999999998,20,True,
benchmark,480,q10_top_sellers_qty,470.53649999999999,20,True,
benchmark,481,q10_top_sellers_qty,414.04399999999998,20,True,
benchmark,482,q10_top_sellers_qty,416.23289999999997,20,True,
benchmark,483,q10_top_sellers_qty,364.51560000000001,20,True,
benchmark,484,q10_top_sellers_qty,413.1549,20,True,
benchmark,485,q10_top_sellers_qty,395.98669999999998,20,True,
benchmark,486,q10_top_sellers_qty,460.50290000000001,20,True,
benchmark,487,q10_top_sellers_qty,395.81400000000002,20,True,
benchmark,488,q10_top_sellers_qty,418.3347,20,True,
benchmark,489,q10_top_sellers_qty,402.26490000000001,20,True,
benchmark,490,q10_top_sellers_qty,407.41590000000002,20,True,
benchmark,491,q10_top_sellers_qty,386.15519999999998,20,True,
benchmark,492,q10_top_sellers_qty,382.21190000000001,20,True,
benchmark,493,q10_top_sellers_qty,428.06630000000001,20,True,
benchmark,494,q10_top_sellers_qty,400.33370000000002,20,True,
benchmark,495,q10_top_sellers_qty,398.75310000000002,20,True,
benchmark,496,q10_top_sellers_qty,414.78160000000003,20,True,
benchmark,497,q10_top_sellers_qty,400.0104,20,True,
benchmark,498,q10_top_sellers_qty,410.75200000000001,20,True,
benchmark,499,q10_top_sellers_qty,370.25009999999997,20,True,
benchmark,500,q10_top_sellers_qty,412.87560000000002,20,True,
benchmark,501,q10_top_sellers_qty,419.87,20,True,
benchmark,502,q10_top_sellers_qty,386.2253,20,True,
benchmark,503,q10_top_sellers_qty,399.334,20,True,
benchmark,504,q10_top_sellers_qty,393.83159999999998,20,True,
benchmark,505,q10_top_sellers_qty,442.67759999999998,20,True,
benchmark,506,q10_top_sellers_qty,433.98559999999998,20,True,
benchmark,507,q10_top_sellers_qty,394.73610000000002,20,True,
benchmark,508,q10_top_sellers_qty,416.0539,20,True,
benchmark,509,q10_top_sellers_qty,424.91520000000003,20,True,
benchmark,510,q10_top_sellers_qty,398.887,20,True,
benchmark,511,q10_top_sellers_qty,418.8646,20,True,
benchmark,512,q10_top_sellers_qty,421.55959999999999,20,True,
benchmark,513,q10_top_sellers_qty,580.28570000000002,20,True,
benchmark,514,q10_top_sellers_qty,425.38119999999998,20,True,
benchmark,515,q10_top_sellers_qty,432.43959999999998,20,True,
benchmark,516,q10_top_sellers_qty,408.86689999999999,20,True,
benchmark,517,q10_top_sellers_qty,395.63679999999999,20,True,
benchmark,518,q10_top_sellers_qty,468.19580000000002,20,True,
benchmark,519,q10_top_sellers_qty,381.56689999999998,20,True,
benchmark,520,q10_top_sellers_qty,432.00209999999998,20,True,
benchmark,521,q10_top_sellers_qty,425.04840000000002,20,True,
benchmark,522,q10_top_sellers_qty,462.44389999999999,20,True,
benchmark,523,q10_top_sellers_qty,432.11250000000001,20,True,
benchmark,524,q10_top_sellers_qty,438.4699,20,True,
benchmark,525,q10_top_sellers_qty,418.42140000000001,20,True,
benchmark,526,q10_top_sellers_qty,407.86320000000001,20,True,
benchmark,527,q10_top_sellers_qty,414.98099999999999,20,True,
benchmark,528,q10_top_sellers_qty,420.68520000000001,20,True,
benchmark,529,q10_top_sellers_qty,377.8723,20,True,
benchmark,530,q10_top_sellers_qty,421.68040000000002,20,True,
benchmark,531,q10_top_sellers_qty,412.69380000000001,20,True,
benchmark,532,q10_top_sellers_qty,433.18239999999997,20,True,
benchmark,533,q10_top_sellers_qty,424.49340000000001,20,True,
benchmark,534,q10_top_sellers_qty,376.46370000000002,20,True,
benchmark,535,q10_top_sellers_qty,417.52339999999998,20,True,
benchmark,536,q10_top_sellers_qty,368.62990000000002,20,True,
benchmark,537,q10_top_sellers_qty,397.5222,20,True,
benchmark,538,q10_top_sellers_qty,404.0455,20,True,
benchmark,539,q10_top_sellers_qty,401.41730000000001,20,True,
benchmark,540,q10_top_sellers_qty,374.7457,20,True,
benchmark,541,q10_top_sellers_qty,396.65839999999997,20,True,
benchmark,542,q10_top_sellers_qty,412.75709999999998,20,True,
benchmark,543,q10_top_sellers_qty,408.19029999999998,20,True,
benchmark,544,q10_top_sellers_qty,421.7217,20,True,
benchmark,545,q10_top_sellers_qty,389.16460000000001,20,True,
benchmark,546,q10_top_sellers_qty,411.53449999999998,20,True,
benchmark,547,q10_top_sellers_qty,381.93290000000002,20,True,
benchmark,548,q10_top_sellers_qty,358.58109999999999,20,True,
benchmark,549,q10_top_sellers_qty,432.5874,20,True,
benchmark,550,q10_top_sellers_qty,460.95190000000002,20,True,
benchmark,551,q10_top_sellers_qty,413.45490000000001,20,True,
benchmark,552,q10_top_sellers_qty,418.31040000000002,20,True,
benchmark,553,q10_top_sellers_qty,410.07029999999997,20,True,
benchmark,554,q10_top_sellers_qty,443.7989,20,True,
benchmark,555,q10_top_sellers_qty,421.2491,20,True,
benchmark,556,q10_top_sellers_qty,419.64879999999999,20,True,
benchmark,557,q10_top_sellers_qty,411.13619999999997,20,True,
benchmark,558,q10_top_sellers_qty,387.87279999999998,20,True,
benchmark,559,q10_top_sellers_qty,402.66539999999998,20,True,
benchmark,560,q10_top_sellers_qty,401.41840000000002,20,True,
benchmark,561,q10_top_sellers_qty,402.39769999999999,20,True,
benchmark,562,q10_top_sellers_qty,385.81740000000002,20,True,
benchmark,563,q10_top_sellers_qty,425.66399999999999,20,True,
benchmark,564,q10_top_sellers_qty,417.38920000000002,20,True,
benchmark,565,q10_top_sellers_qty,440.54410000000001,20,True,
benchmark,566,q10_top_sellers_qty,444.93040000000002,20,True,
benchmark,567,q10_top_sellers_qty,372.75540000000001,20,True,
benchmark,568,q10_top_sellers_qty,428.53699999999998,20,True,
benchmark,569,q10_top_sellers_qty,387.49790000000002,20,True,
benchmark,570,q10_top_sellers_qty,385.11130000000003,20,True,
benchmark,571,q10_top_sellers_qty,404.98340000000002,20,True,
benchmark,572,q10_top_sellers_qty,429.56810000000002,20,True,
benchmark,573,q10_top_sellers_qty,386.23419999999999,20,True,
benchmark,574,q10_top_sellers_qty,397.34370000000001,20,True,
benchmark,575,q10_top_sellers_qty,404.21179999999998,20,True,
benchmark,576,q10_top_sellers_qty,410.5573,20,True,
benchmark,577,q10_top_sellers_qty,422.72250000000003,20,True,
benchmark,578,q10_top_sellers_qty,394.30279999999999,20,True,
benchmark,579,q10_top_sellers_qty,405.17079999999999,20,True,
benchmark,580,q10_top_sellers_qty,406.97669999999999,20,True,
benchmark,581,q10_top_sellers_qty,361.1909,20,True,
benchmark,582,q10_top_sellers_qty,422.32170000000002,20,True,
benchmark,583,q10_top_sellers_qty,419.60239999999999,20,True,
benchmark,584,q10_top_sellers_qty,408.28120000000001,20,True,
benchmark,585,q10_top_sellers_qty,440.35340000000002,20,True,
benchmark,586,q10_top_sellers_qty,394.3578,20,True,
benchmark,587,q10_top_sellers_qty,411.10950000000003,20,True,
benchmark,588,q10_top_sellers_qty,429.40539999999999,20,True,
benchmark,589,q10_top_sellers_qty,409.56209999999999,20,True,
benchmark,590,q10_top_sellers_qty,397.50229999999999,20,True,
benchmark,591,q10_top_sellers_qty,402.21809999999999,20,True,
benchmark,592,q10_top_sellers_qty,410.85509999999999,20,True,
benchmark,593,q10_top_sellers_qty,399.0213,20,True,
benchmark,594,q10_top_sellers_qty,405.57299999999998,20,True,
benchmark,595,q10_top_sellers_qty,408.9468,20,True,
benchmark,596,q10_top_sellers_qty,364.72770000000003,20,True,
benchmark,597,q10_top_sellers_qty,482.42829999999998,20,True,
benchmark,598,q10_top_sellers_qty,451.57769999999999,20,True,
benchmark,599,q10_top_sellers_qty,395.47449999999998,20,True,
benchmark,600,q10_top_sellers_qty,405.48320000000001,20,True,
benchmark,601,q10_top_sellers_qty,383.93310000000002,20,True,
benchmark,602,q10_top_sellers_qty,476.14429999999999,20,True,
benchmark,603,q10_top_sellers_qty,405.45679999999999,20,True,
benchmark,604,q10_top_sellers_qty,403.53460000000001,20,True,
benchmark,605,q10_top_sellers_qty,422.34840000000003,20,True,
benchmark,606,q10_top_sellers_qty,397.18560000000002,20,True,
benchmark,607,q10_top_sellers_qty,446.58600000000001,20,True,
benchmark,608,q10_top_sellers_qty,385.42189999999999,20,True,
benchmark,609,q10_top_sellers_qty,417.88290000000001,20,True,
benchmark,610,q10_top_sellers_qty,422.72969999999998,20,True,
benchmark,611,q10_top_sellers_qty,374.1198,20,True,
benchmark,612,q10_top_sellers_qty,402.14850000000001,20,True,
benchmark,613,q10_top_sellers_qty,428.39190000000002,20,True,
benchmark,614,q10_top_sellers_qty,398.73079999999999,20,True,
benchmark,615,q10_top_sellers_qty,417.37169999999998,20,True,
benchmark,616,q10_top_sellers_qty,406.34980000000002,20,True,
benchmark,617,q10_top_sellers_qty,412.24740000000003,20,True,
benchmark,618,q10_top_sellers_qty,412.89260000000002,20,True,
benchmark,619,q10_top_sellers_qty,384.44990000000001,20,True,
benchmark,620,q10_top_sellers_qty,393.46159999999998,20,True,
benchmark,621,q10_top_sellers_qty,416.06420000000003,20,True,
benchmark,622,q10_top_sellers_qty,441.04289999999997,20,True,
benchmark,623,q10_top_sellers_qty,422.46030000000002,20,True,
benchmark,624,q10_top_sellers_qty,398.71019999999999,20,True,
benchmark,625,q10_top_sellers_qty,373.66460000000001,20,True,
benchmark,626,q10_top_sellers_qty,432.072,20,True,
benchmark,627,q10_top_sellers_qty,426.51949999999999,20,True,
benchmark,628,q10_top_sellers_qty,398.56400000000002,20,True,
benchmark,629,q10_top_sellers_qty,423.57429999999999,20,True,
benchmark,630,q10_top_sellers_qty,385.20839999999998,20,True,
benchmark,631,q10_top_sellers_qty,413.84059999999999,20,True,
benchmark,632,q10_top_sellers_qty,389.74759999999998,20,True,
benchmark,633,q10_top_sellers_qty,384.95179999999999,20,True,
benchmark,634,q10_top_sellers_qty,390.9058,20,True,
benchmark,635,q10_top_sellers_qty,408.57799999999997,20,True,
benchmark,636,q10_top_sellers_qty,422.60480000000001,20,True,
benchmark,637,q10_top_sellers_qty,405.01179999999999,20,True,
benchmark,638,q10_top_sellers_qty,429.07690000000002,20,True,
benchmark,639,q10_top_sellers_qty,371.9692,20,True,
benchmark,640,q10_top_sellers_qty,415.98930000000001,20,True,
benchmark,641,q10_top_sellers_qty,404.53410000000002,20,True,
benchmark,642,q10_top_sellers_qty,411.59739999999999,20,True,
benchmark,643,q10_top_sellers_qty,397.84309999999999,20,True,
benchmark,644,q10_top_sellers_qty,434.42169999999999,20,True,
benchmark,645,q10_top_sellers_qty,399.25009999999997,20,True,
benchmark,646,q10_top_sellers_qty,461.024,20,True,
benchmark,647,q10_top_sellers_qty,410.048,20,True,
benchmark,648,q10_top_sellers_qty,386.3467,20,True,
benchmark,649,q10_top_sellers_qty,411.87220000000002,20,True,
benchmark,650,q10_top_sellers_qty,408.86169999999998,20,True,
benchmark,651,q10_top_sellers_qty,415.6508,20,True,
benchmark,652,q10_top_sellers_qty,413.9975,20,True,
benchmark,653,q10_top_sellers_qty,386.68869999999998,20,True,
benchmark,654,q10_top_sellers_qty,425.84750000000003,20,True,
benchmark,655,q10_top_sellers_qty,434.05900000000003,20,True,
benchmark,656,q10_top_sellers_qty,410.46769999999998,20,True,
benchmark,657,q10_top_sellers_qty,418.1003,20,True,
benchmark,658,q10_top_sellers_qty,402.91890000000001,20,True,
benchmark,659,q10_top_sellers_qty,573.41399999999999,20,True,
benchmark,660,q10_top_sellers_qty,401.7097,20,True,
benchmark,661,q10_top_sellers_qty,429.69690000000003,20,True,
benchmark,662,q10_top_sellers_qty,394.42910000000001,20,True,
benchmark,663,q10_top_sellers_qty,393.8039,20,True,
benchmark,664,q10_top_sellers_qty,403.25779999999997,20,True,
benchmark,665,q10_top_sellers_qty,402.49869999999999,20,True,
benchmark,666,q10_top_sellers_qty,412.87920000000003,20,True,
benchmark,667,q10_top_sellers_qty,425.76549999999997,20,True,
benchmark,668,q10_top_sellers_qty,404.85669999999999,20,True,
benchmark,669,q10_top_sellers_qty,370.76119999999997,20,True,
benchmark,670,q10_top_sellers_qty,417.84609999999998,20,True,
benchmark,671,q10_top_sellers_qty,417.98149999999998,20,True,
benchmark,672,q10_top_sellers_qty,397.71030000000002,20,True,
benchmark,673,q10_top_sellers_qty,408.12560000000002,20,True,
benchmark,674,q10_top_sellers_qty,440.92430000000002,20,True,
benchmark,675,q10_top_sellers_qty,445.53579999999999,20,True,
benchmark,676,q10_top_sellers_qty,397.99740000000003,20,True,
benchmark,677,q10_top_sellers_qty,392.86079999999998,20,True,
benchmark,678,q10_top_sellers_qty,387.93650000000002,20,True,
benchmark,679,q10_top_sellers_qty,391.4418,20,True,
benchmark,680,q10_top_sellers_qty,445.90859999999998,20,True,
benchmark,681,q10_top_sellers_qty,389.37099999999998,20,True,
benchmark,682,q10_top_sellers_qty,434.92970000000003,20,True,
benchmark,683,q10_top_sellers_qty,410.2937,20,True,
benchmark,684,q10_top_sellers_qty,382.62909999999999,20,True,
benchmark,685,q10_top_sellers_qty,426.85489999999999,20,True,
benchmark,686,q10_top_sellers_qty,409.5471,20,True,
benchmark,687,q10_top_sellers_qty,406.5496,20,True,
benchmark,688,q10_top_sellers_qty,416.47449999999998,20,True,
benchmark,689,q10_top_sellers_qty,386.01060000000001,20,True,
benchmark,690,q10_top_sellers_qty,443.2371,20,True,
benchmark,691,q10_top_sellers_qty,417.11329999999998,20,True,
benchmark,692,q10_top_sellers_qty,384.22730000000001,20,True,
benchmark,693,q10_top_sellers_qty,409.21929999999998,20,True,
benchmark,694,q10_top_sellers_qty,393.03219999999999,20,True,
benchmark,695,q10_top_sellers_qty,426.89670000000001,20,True,
benchmark,696,q10_top_sellers_qty,381.68090000000001,20,True,
benchmark,697,q10_top_sellers_qty,417.45100000000002,20,True,
benchmark,698,q10_top_sellers_qty,380.26839999999999,20,True,
benchmark,699,q10_top_sellers_qty,415.86009999999999,20,True,
benchmark,700,q10_top_sellers_qty,420.3125,20,True,
benchmark,701,q10_top_sellers_qty,424.10590000000002,20,True,
benchmark,702,q10_top_sellers_qty,409.34969999999998,20,True,
benchmark,703,q10_top_sellers_qty,398.31939999999997,20,True,
benchmark,704,q10_top_sellers_qty,424.21269999999998,20,True,
benchmark,705,q10_top_sellers_qty,445.24950000000001,20,True,
benchmark,706,q10_top_sellers_qty,425.29809999999998,20,True,
benchmark,707,q10_top_sellers_qty,467.92919999999998,20,True,
benchmark,708,q10_top_sellers_qty,400.31709999999998,20,True,
benchmark,709,q10_top_sellers_qty,412.08920000000001,20,True,
benchmark,710,q10_top_sellers_qty,395.73480000000001,20,True,
benchmark,711,q10_top_sellers_qty,376.76420000000002,20,True,
benchmark,712,q10_top_sellers_qty,441.57440000000003,20,True,
benchmark,713,q10_top_sellers_qty,405.44439999999997,20,True,
benchmark,714,q10_top_sellers_qty,465.83260000000001,20,True,
benchmark,715,q10_top_sellers_qty,404.96359999999999,20,True,
benchmark,716,q10_top_sellers_qty,423.95069999999998,20,True,
benchmark,717,q10_top_sellers_qty,407.40949999999998,20,True,
benchmark,718,q10_top_sellers_qty,389.88499999999999,20,True,
benchmark,719,q10_top_sellers_qty,387.98820000000001,20,True,
benchmark,720,q10_top_sellers_qty,450.00040000000001,20,True,
benchmark,721,q10_top_sellers_qty,406.92039999999997,20,True,
benchmark,722,q10_top_sellers_qty,443.13369999999998,20,True,
benchmark,723,q10_top_sellers_qty,403.50889999999998,20,True,
benchmark,724,q10_top_sellers_qty,423.09010000000001,20,True,
benchmark,725,q10_top_sellers_qty,389.0163,20,True,
benchmark,726,q10_top_sellers_qty,385.5829,20,True,
benchmark,727,q10_top_sellers_qty,408.72160000000002,20,True,
benchmark,728,q10_top_sellers_qty,413.08150000000001,20,True,
benchmark,729,q10_top_sellers_qty,448.89839999999998,20,True,
benchmark,730,q10_top_sellers_qty,413.44749999999999,20,True,
benchmark,731,q10_top_sellers_qty,403.78750000000002,20,True,
benchmark,732,q10_top_sellers_qty,372.83730000000003,20,True,
benchmark,733,q10_top_sellers_qty,403.89679999999998,20,True,
benchmark,734,q10_top_sellers_qty,410.96749999999997,20,True,
benchmark,735,q10_top_sellers_qty,423.04579999999999,20,True,
benchmark,736,q10_top_sellers_qty,395.69929999999999,20,True,
benchmark,737,q10_top_sellers_qty,420.48910000000001,20,True,
benchmark,738,q10_top_sellers_qty,376.5213,20,True,
benchmark,739,q10_top_sellers_qty,417.10340000000002,20,True,
benchmark,740,q10_top_sellers_qty,449.1617,20,True,
benchmark,741,q10_top_sellers_qty,389.70909999999998,20,True,
benchmark,742,q10_top_sellers_qty,465.32909999999998,20,True,
benchmark,743,q10_top_sellers_qty,422.27539999999999,20,True,
benchmark,744,q10_top_sellers_qty,403.33300000000003,20,True,
benchmark,745,q10_top_sellers_qty,420.37220000000002,20,True,
benchmark,746,q10_top_sellers_qty,435.12959999999998,20,True,
benchmark,747,q10_top_sellers_qty,433.07470000000001,20,True,
benchmark,748,q10_top_sellers_qty,424.89839999999998,20,True,
benchmark,749,q10_top_sellers_qty,388.6302,20,True,
benchmark,750,q10_top_sellers_qty,403.63440000000003,20,True,
benchmark,751,q10_top_sellers_qty,412.58929999999998,20,True,
benchmark,752,q10_top_sellers_qty,426.65730000000002,20,True,
benchmark,753,q10_top_sellers_qty,404.14800000000002,20,True,
benchmark,754,q10_top_sellers_qty,413.86970000000002,20,True,
benchmark,755,q10_top_sellers_qty,420.59339999999997,20,True,
benchmark,756,q10_top_sellers_qty,392.2756,20,True,
benchmark,757,q10_top_sellers_qty,397.20150000000001,20,True,
benchmark,758,q10_top_sellers_qty,408.57479999999998,20,True,
benchmark,759,q10_top_sellers_qty,392.96199999999999,20,True,
benchmark,760,q10_top_sellers_qty,400.30619999999999,20,True,
benchmark,761,q10_top_sellers_qty,390.49579999999997,20,True,
benchmark,762,q10_top_sellers_qty,373.71350000000001,20,True,
benchmark,763,q10_top_sellers_qty,442.69670000000002,20,True,
benchmark,764,q10_top_sellers_qty,413.11739999999998,20,True,
benchmark,765,q10_top_sellers_qty,396.78390000000002,20,True,
benchmark,766,q10_top_sellers_qty,459.1925,20,True,
benchmark,767,q10_top_sellers_qty,394.56880000000001,20,True,
benchmark,768,q10_top_sellers_qty,409.7663,20,True,
benchmark,769,q10_top_sellers_qty,392.84379999999999,20,True,
benchmark,770,q10_top_sellers_qty,373.17149999999998,20,True,
benchmark,771,q10_top_sellers_qty,408.86000000000001,20,True,
benchmark,772,q10_top_sellers_qty,404.77670000000001,20,True,
benchmark,773,q10_top_sellers_qty,408.68619999999999,20,True,
benchmark,774,q10_top_sellers_qty,446.72219999999999,20,True,
benchmark,775,q10_top_sellers_qty,429.76249999999999,20,True,
benchmark,776,q10_top_sellers_qty,384.98399999999998,20,True,
benchmark,777,q10_top_sellers_qty,387.30880000000002,20,True,
benchmark,778,q10_top_sellers_qty,437.86320000000001,20,True,
benchmark,779,q10_top_sellers_qty,454.91629999999998,20,True,
benchmark,780,q10_top_sellers_qty,400.3528,20,True,
benchmark,781,q10_top_sellers_qty,431.46539999999999,20,True,
benchmark,782,q10_top_sellers_qty,394.85180000000003,20,True,
benchmark,783,q10_top_sellers_qty,436.1574,20,True,
benchmark,784,q10_top_sellers_qty,404.19549999999998,20,True,
benchmark,785,q10_top_sellers_qty,376.06529999999998,20,True,
benchmark,786,q10_top_sellers_qty,417.23919999999998,20,True,
benchmark,787,q10_top_sellers_qty,419.37520000000001,20,True,
benchmark,788,q10_top_sellers_qty,403.9658,20,True,
benchmark,789,q10_top_sellers_qty,411.12259999999998,20,True,
benchmark,790,q10_top_sellers_qty,386.32260000000002,20,True,
benchmark,791,q10_top_sellers_qty,418.65929999999997,20,True,
benchmark,792,q10_top_sellers_qty,441.18009999999998,20,True,
benchmark,793,q10_top_sellers_qty,403.68849999999998,20,True,
benchmark,794,q10_top_sellers_qty,408.95350000000002,20,True,
benchmark,795,q10_top_sellers_qty,404.16500000000002,20,True,
benchmark,796,q10_top_sellers_qty,498.3639,20,True,
benchmark,797,q10_top_sellers_qty,379.73489999999998,20,True,
benchmark,798,q10_top_sellers_qty,437.8974,20,True,
benchmark,799,q10_top_sellers_qty,402.9658,20,True,
benchmark,800,q10_top_sellers_qty,412.68689999999998,20,True,
benchmark,801,q10_top_sellers_qty,414.99790000000002,20,True,
benchmark,802,q10_top_sellers_qty,410.56979999999999,20,True,
benchmark,803,q10_top_sellers_qty,432.61590000000001,20,True,
benchmark,804,q10_top_sellers_qty,390.74419999999998,20,True,
benchmark,805,q10_top_sellers_qty,423.72210000000001,20,True,
benchmark,806,q10_top_sellers_qty,390.34480000000002,20,True,
benchmark,807,q10_top_sellers_qty,379.97930000000002,20,True,
benchmark,808,q10_top_sellers_qty,400.10050000000001,20,True,
benchmark,809,q10_top_sellers_qty,399.89010000000002,20,True,
benchmark,810,q10_top_sellers_qty,406.63670000000002,20,True,
benchmark,811,q10_top_sellers_qty,405.23880000000003,20,True,
benchmark,812,q10_top_sellers_qty,400.25099999999998,20,True,
benchmark,813,q10_top_sellers_qty,393.13639999999998,20,True,
benchmark,814,q10_top_sellers_qty,397.07940000000002,20,True,
benchmark,815,q10_top_sellers_qty,458.3057,20,True,
benchmark,816,q10_top_sellers_qty,383.84660000000002,20,True,
benchmark,817,q10_top_sellers_qty,420.4307,20,True,
benchmark,818,q10_top_sellers_qty,407.98930000000001,20,True,
benchmark,819,q10_top_sellers_qty,422.20499999999998,20,True,
benchmark,820,q10_top_sellers_qty,401.97309999999999,20,True,
benchmark,821,q10_top_sellers_qty,401.53190000000001,20,True,
benchmark,822,q10_top_sellers_qty,375.61340000000001,20,True,
benchmark,823,q10_top_sellers_qty,414.4271,20,True,
benchmark,824,q10_top_sellers_qty,427.17469999999997,20,True,
benchmark,825,q10_top_sellers_qty,423.1841,20,True,
benchmark,826,q10_top_sellers_qty,422.70359999999999,20,True,
benchmark,827,q10_top_sellers_qty,404.36130000000003,20,True,
benchmark,828,q10_top_sellers_qty,414.1678,20,True,
benchmark,829,q10_top_sellers_qty,389.24520000000001,20,True,
benchmark,830,q10_top_sellers_qty,382.52080000000001,20,True,
benchmark,831,q10_top_sellers_qty,398.49990000000003,20,True,
benchmark,832,q10_top_sellers_qty,413.31939999999997,20,True,
benchmark,833,q10_top_sellers_qty,399.2353,20,True,
benchmark,834,q10_top_sellers_qty,450.14569999999998,20,True,
benchmark,835,q10_top_sellers_qty,422.63740000000001,20,True,
benchmark,836,q10_top_sellers_qty,376.72609999999997,20,True,
benchmark,837,q10_top_sellers_qty,455.26549999999997,20,True,
benchmark,838,q10_top_sellers_qty,416.44499999999999,20,True,
benchmark,839,q10_top_sellers_qty,504.5394,20,True,
benchmark,840,q10_top_sellers_qty,466.09690000000001,20,True,
benchmark,841,q10_top_sellers_qty,378.23779999999999,20,True,
benchmark,842,q10_top_sellers_qty,451.00560000000002,20,True,
benchmark,843,q10_top_sellers_qty,439.5256,20,True,
benchmark,844,q10_top_sellers_qty,427.41210000000001,20,True,
benchmark,845,q10_top_sellers_qty,441.8578,20,True,
benchmark,846,q10_top_sellers_qty,427.4425,20,True,
benchmark,847,q10_top_sellers_qty,415.67399999999998,20,True,
benchmark,848,q10_top_sellers_qty,422.77879999999999,20,True,
benchmark,849,q10_top_sellers_qty,398.22340000000003,20,True,
benchmark,850,q10_top_sellers_qty,427.70580000000001,20,True,
benchmark,851,q10_top_sellers_qty,411.06110000000001,20,True,
benchmark,852,q10_top_sellers_qty,432.21570000000003,20,True,
benchmark,853,q10_top_sellers_qty,420.58839999999998,20,True,
benchmark,854,q10_top_sellers_qty,429.74160000000001,20,True,
benchmark,855,q10_top_sellers_qty,507.92079999999999,20,True,
benchmark,856,q10_top_sellers_qty,382.89690000000002,20,True,
benchmark,857,q10_top_sellers_qty,416.21280000000002,20,True,
benchmark,858,q10_top_sellers_qty,419.0831,20,True,
benchmark,859,q10_top_sellers_qty,394.61619999999999,20,True,
benchmark,860,q10_top_sellers_qty,391.75150000000002,20,True,
benchmark,861,q10_top_sellers_qty,397.08879999999999,20,True,
benchmark,862,q10_top_sellers_qty,416.54140000000001,20,True,
benchmark,863,q10_top_sellers_qty,471.79660000000001,20,True,
benchmark,864,q10_top_sellers_qty,421.24119999999999,20,True,
benchmark,865,q10_top_sellers_qty,406.25909999999999,20,True,
benchmark,866,q10_top_sellers_qty,409.55959999999999,20,True,
benchmark,867,q10_top_sellers_qty,363.25009999999997,20,True,
benchmark,868,q10_top_sellers_qty,414.16969999999998,20,True,
benchmark,869,q10_top_sellers_qty,429.02030000000002,20,True,
benchmark,870,q10_top_sellers_qty,405.17399999999998,20,True,
benchmark,871,q10_top_sellers_qty,401.70549999999997,20,True,
benchmark,872,q10_top_sellers_qty,370.87290000000002,20,True,
benchmark,873,q10_top_sellers_qty,410.6422,20,True,
benchmark,874,q10_top_sellers_qty,391.6035,20,True,
benchmark,875,q10_top_sellers_qty,395.89940000000001,20,True,
benchmark,876,q10_top_sellers_qty,395.74099999999999,20,True,
benchmark,877,q10_top_sellers_qty,391.86959999999999,20,True,
benchmark,878,q10_top_sellers_qty,383.21730000000002,20,True,
benchmark,879,q10_top_sellers_qty,406.02870000000001,20,True,
benchmark,880,q10_top_sellers_qty,404.56119999999999,20,True,
benchmark,881,q10_top_sellers_qty,371.35180000000003,20,True,
benchmark,882,q10_top_sellers_qty,395.75990000000002,20,True,
benchmark,883,q10_top_sellers_qty,393.13929999999999,20,True,
benchmark,884,q10_top_sellers_qty,415.58170000000001,20,True,
benchmark,885,q10_top_sellers_qty,439.03930000000003,20,True,
benchmark,886,q10_top_sellers_qty,388.61509999999998,20,True,
benchmark,887,q10_top_sellers_qty,478.10770000000002,20,True,
benchmark,888,q10_top_sellers_qty,445.19099999999997,20,True,
benchmark,889,q10_top_sellers_qty,407.25689999999997,20,True,
benchmark,890,q10_top_sellers_qty,402.49259999999998,20,True,
benchmark,891,q10_top_sellers_qty,433.67129999999997,20,True,
benchmark,892,q10_top_sellers_qty,408.05669999999998,20,True,
benchmark,893,q10_top_sellers_qty,417.40969999999999,20,True,
benchmark,894,q10_top_sellers_qty,395.96530000000001,20,True,
benchmark,895,q10_top_sellers_qty,412.45370000000003,20,True,
benchmark,896,q10_top_sellers_qty,402.97460000000001,20,True,
benchmark,897,q10_top_sellers_qty,354.60989999999998,20,True,
benchmark,898,q10_top_sellers_qty,411.64929999999998,20,True,
benchmark,899,q10_top_sellers_qty,412.7509,20,True,
benchmark,900,q10_top_sellers_qty,398.8005,20,True,
benchmark,901,q10_top_sellers_qty,413.83609999999999,20,True,
benchmark,902,q10_top_sellers_qty,374.77850000000001,20,True,
benchmark,903,q10_top_sellers_qty,407.78320000000002,20,True,
benchmark,904,q10_top_sellers_qty,403.37479999999999,20,True,
benchmark,905,q10_top_sellers_qty,383.72899999999998,20,True,
benchmark,906,q10_top_sellers_qty,400.005,20,True,
benchmark,907,q10_top_sellers_qty,395.9212,20,True,
benchmark,908,q10_top_sellers_qty,424.5523,20,True,
benchmark,909,q10_top_sellers_qty,405.54610000000002,20,True,
benchmark,910,q10_top_sellers_qty,416.32389999999998,20,True,
benchmark,911,q10_top_sellers_qty,368.88099999999997,20,True,
benchmark,912,q10_top_sellers_qty,403.0478,20,True,
benchmark,913,q10_top_sellers_qty,423.50749999999999,20,True,
benchmark,914,q10_top_sellers_qty,401.56330000000003,20,True,
benchmark,915,q10_top_sellers_qty,415.49740000000003,20,True,
benchmark,916,q10_top_sellers_qty,379.62090000000001,20,True,
benchmark,917,q10_top_sellers_qty,438.72919999999999,20,True,
benchmark,918,q10_top_sellers_qty,410.16669999999999,20,True,
benchmark,919,q10_top_sellers_qty,390.31139999999999,20,True,
benchmark,920,q10_top_sellers_qty,407.44330000000002,20,True,
benchmark,921,q10_top_sellers_qty,415.06569999999999,20,True,
benchmark,922,q10_top_sellers_qty,410.83769999999998,20,True,
benchmark,923,q10_top_sellers_qty,418.44600000000003,20,True,
benchmark,924,q10_top_sellers_qty,407.7647,20,True,
benchmark,925,q10_top_sellers_qty,366.74160000000001,20,True,
benchmark,926,q10_top_sellers_qty,411.05270000000002,20,True,
benchmark,927,q10_top_sellers_qty,401.7724,20,True,
benchmark,928,q10_top_sellers_qty,422.86110000000002,20,True,
benchmark,929,q10_top_sellers_qty,391.8048,20,True,
benchmark,930,q10_top_sellers_qty,431.96379999999999,20,True,
benchmark,931,q10_top_sellers_qty,385.45139999999998,20,True,
benchmark,932,q10_top_sellers_qty,417.61340000000001,20,True,
benchmark,933,q10_top_sellers_qty,392.85289999999998,20,True,
benchmark,934,q10_top_sellers_qty,361.28190000000001,20,True,
benchmark,935,q10_top_sellers_qty,410.76830000000001,20,True,
benchmark,936,q10_top_sellers_qty,423.61369999999999,20,True,
benchmark,937,q10_top_sellers_qty,392.66890000000001,20,True,
benchmark,938,q10_top_sellers_qty,403.87419999999997,20,True,
benchmark,939,q10_top_sellers_qty,396.24810000000002,20,True,
benchmark,940,q10_top_sellers_qty,433.39670000000001,20,True,
benchmark,941,q10_top_sellers_qty,424.24740000000003,20,True,
benchmark,942,q10_top_sellers_qty,385.60419999999999,20,True,
benchmark,943,q10_top_sellers_qty,400.11279999999999,20,True,
benchmark,944,q10_top_sellers_qty,389.14280000000002,20,True,
benchmark,945,q10_top_sellers_qty,414.7439,20,True,
benchmark,946,q10_top_sellers_qty,408.44729999999998,20,True,
benchmark,947,q10_top_sellers_qty,435.8218,20,True,
benchmark,948,q10_top_sellers_qty,449.71640000000002,20,True,
benchmark,949,q10_top_sellers_qty,415.23790000000002,20,True,
benchmark,950,q10_top_sellers_qty,411.04930000000002,20,True,
benchmark,951,q10_top_sellers_qty,409.47789999999998,20,True,
benchmark,952,q10_top_sellers_qty,412.52319999999997,20,True,
benchmark,953,q10_top_sellers_qty,383.06580000000002,20,True,
benchmark,954,q10_top_sellers_qty,474.71129999999999,20,True,
benchmark,955,q10_top_sellers_qty,393.81029999999998,20,True,
benchmark,956,q10_top_sellers_qty,411.51240000000001,20,True,
benchmark,957,q10_top_sellers_qty,419.30110000000002,20,True,
benchmark,958,q10_top_sellers_qty,385.41980000000001,20,True,
benchmark,959,q10_top_sellers_qty,448.76639999999998,20,True,
benchmark,960,q10_top_sellers_qty,408.03539999999998,20,True,
benchmark,961,q10_top_sellers_qty,412.50869999999998,20,True,
benchmark,962,q10_top_sellers_qty,449.51580000000001,20,True,
benchmark,963,q10_top_sellers_qty,362.97910000000002,20,True,
benchmark,964,q10_top_sellers_qty,402.54480000000001,20,True,
benchmark,965,q10_top_sellers_qty,422.21789999999999,20,True,
benchmark,966,q10_top_sellers_qty,403.22039999999998,20,True,
benchmark,967,q10_top_sellers_qty,426.48349999999999,20,True,
benchmark,968,q10_top_sellers_qty,380.50080000000003,20,True,
benchmark,969,q10_top_sellers_qty,421.0027,20,True,
benchmark,970,q10_top_sellers_qty,383.76130000000001,20,True,
benchmark,971,q10_top_sellers_qty,368.40210000000002,20,True,
benchmark,972,q10_top_sellers_qty,395.93169999999998,20,True,
benchmark,973,q10_top_sellers_qty,406.6103,20,True,
benchmark,974,q10_top_sellers_qty,370.22570000000002,20,True,
benchmark,975,q10_top_sellers_qty,386.47149999999999,20,True,
benchmark,976,q10_top_sellers_qty,412.17410000000001,20,True,
benchmark,977,q10_top_sellers_qty,401.24239999999998,20,True,
benchmark,978,q10_top_sellers_qty,422.49200000000002,20,True,
benchmark,979,q10_top_sellers_qty,394.11489999999998,20,True,
benchmark,980,q10_top_sellers_qty,419.096,20,True,
benchmark,981,q10_top_sellers_qty,427.62430000000001,20,True,
benchmark,982,q10_top_sellers_qty,433.78719999999998,20,True,
benchmark,983,q10_top_sellers_qty,423.24889999999999,20,True,
benchmark,984,q10_top_sellers_qty,467.77440000000001,20,True,
benchmark,985,q10_top_sellers_qty,394.29820000000001,20,True,
benchmark,986,q10_top_sellers_qty,418.55009999999999,20,True,
benchmark,987,q10_top_sellers_qty,386.09199999999998,20,True,
benchmark,988,q10_top_sellers_qty,428.13159999999999,20,True,
benchmark,989,q10_top_sellers_qty,462.72930000000002,20,True,
benchmark,990,q10_top_sellers_qty,350.53160000000003,20,True,
benchmark,991,q10_top_sellers_qty,408.23739999999998,20,True,
benchmark,992,q10_top_sellers_qty,428.65870000000001,20,True,
benchmark,993,q10_top_sellers_qty,389.0772,20,True,
benchmark,994,q10_top_sellers_qty,453.63240000000002,20,True,
benchmark,995,q10_top_sellers_qty,396.29349999999999,20,True,
benchmark,996,q10_top_sellers_qty,406.50110000000001,20,True,
benchmark,997,q10_top_sellers_qty,401.55739999999997,20,True,
benchmark,998,q10_top_sellers_qty,390.56200000000001,20,True,
benchmark,999,q10_top_sellers_qty,411.22879999999998,20,True,
benchmark,1000,q10_top_sellers_qty,423.61989999999997,20,True,
benchmark,1,q11_top_categories,170.9888,10,True,
benchmark,2,q11_top_categories,152.23480000000001,10,True,
benchmark,3,q11_top_categories,151.22409999999999,10,True,
benchmark,4,q11_top_categories,137.69839999999999,10,True,
benchmark,5,q11_top_categories,154.73220000000001,10,True,
benchmark,6,q11_top_categories,137.7664,10,True,
benchmark,7,q11_top_categories,150.68520000000001,10,True,
benchmark,8,q11_top_categories,137.75739999999999,10,True,
benchmark,9,q11_top_categories,140.791,10,True,
benchmark,10,q11_top_categories,183.86600000000001,10,True,
benchmark,11,q11_top_categories,146.1086,10,True,
benchmark,12,q11_top_categories,133.47499999999999,10,True,
benchmark,13,q11_top_categories,138.02029999999999,10,True,
benchmark,14,q11_top_categories,144.99979999999999,10,True,
benchmark,15,q11_top_categories,140.51910000000001,10,True,
benchmark,16,q11_top_categories,144.18379999999999,10,True,
benchmark,17,q11_top_categories,136.48220000000001,10,True,
benchmark,18,q11_top_categories,147.5018,10,True,
benchmark,19,q11_top_categories,210.26660000000001,10,True,
benchmark,20,q11_top_categories,150.9092,10,True,
benchmark,21,q11_top_categories,138.25389999999999,10,True,
benchmark,22,q11_top_categories,128.35169999999999,10,True,
benchmark,23,q11_top_categories,138.9228,10,True,
benchmark,24,q11_top_categories,142.4162,10,True,
benchmark,25,q11_top_categories,145.49690000000001,10,True,
benchmark,26,q11_top_categories,174.04179999999999,10,True,
benchmark,27,q11_top_categories,150.1267,10,True,
benchmark,28,q11_top_categories,128.16679999999999,10,True,
benchmark,29,q11_top_categories,135.0675,10,True,
benchmark,30,q11_top_categories,187.65020000000001,10,True,
benchmark,31,q11_top_categories,139.79220000000001,10,True,
benchmark,32,q11_top_categories,164.822,10,True,
benchmark,33,q11_top_categories,183.40129999999999,10,True,
benchmark,34,q11_top_categories,155.87719999999999,10,True,
benchmark,35,q11_top_categories,137.5317,10,True,
benchmark,36,q11_top_categories,138.33529999999999,10,True,
benchmark,37,q11_top_categories,129.9263,10,True,
benchmark,38,q11_top_categories,154.4571,10,True,
benchmark,39,q11_top_categories,132.40770000000001,10,True,
benchmark,40,q11_top_categories,137.1336,10,True,
benchmark,41,q11_top_categories,151.9829,10,True,
benchmark,42,q11_top_categories,156.5043,10,True,
benchmark,43,q11_top_categories,142.1456,10,True,
benchmark,44,q11_top_categories,140.02029999999999,10,True,
benchmark,45,q11_top_categories,146.37119999999999,10,True,
benchmark,46,q11_top_categories,142.2098,10,True,
benchmark,47,q11_top_categories,142.7842,10,True,
benchmark,48,q11_top_categories,141.86949999999999,10,True,
benchmark,49,q11_top_categories,162.39869999999999,10,True,
benchmark,50,q11_top_categories,162.75530000000001,10,True,
benchmark,51,q11_top_categories,162.87950000000001,10,True,
benchmark,52,q11_top_categories,142.38990000000001,10,True,
benchmark,53,q11_top_categories,162.27600000000001,10,True,
benchmark,54,q11_top_categories,163.9417,10,True,
benchmark,55,q11_top_categories,134.40110000000001,10,True,
benchmark,56,q11_top_categories,141.60589999999999,10,True,
benchmark,57,q11_top_categories,143.1891,10,True,
benchmark,58,q11_top_categories,143.34219999999999,10,True,
benchmark,59,q11_top_categories,142.64920000000001,10,True,
benchmark,60,q11_top_categories,142.6259,10,True,
benchmark,61,q11_top_categories,141.29990000000001,10,True,
benchmark,62,q11_top_categories,161.4657,10,True,
benchmark,63,q11_top_categories,144.60640000000001,10,True,
benchmark,64,q11_top_categories,151.8639,10,True,
benchmark,65,q11_top_categories,163.7869,10,True,
benchmark,66,q11_top_categories,144.10820000000001,10,True,
benchmark,67,q11_top_categories,162.44,10,True,
benchmark,68,q11_top_categories,142.38999999999999,10,True,
benchmark,69,q11_top_categories,143.4393,10,True,
benchmark,70,q11_top_categories,143.48840000000001,10,True,
benchmark,71,q11_top_categories,162.25999999999999,10,True,
benchmark,72,q11_top_categories,153.6617,10,True,
benchmark,73,q11_top_categories,142.50839999999999,10,True,
benchmark,74,q11_top_categories,143.53389999999999,10,True,
benchmark,75,q11_top_categories,153.93129999999999,10,True,
benchmark,76,q11_top_categories,141.3048,10,True,
benchmark,77,q11_top_categories,143.27709999999999,10,True,
benchmark,78,q11_top_categories,146.47409999999999,10,True,
benchmark,79,q11_top_categories,137.53530000000001,10,True,
benchmark,80,q11_top_categories,154.53280000000001,10,True,
benchmark,81,q11_top_categories,171.73779999999999,10,True,
benchmark,82,q11_top_categories,141.90989999999999,10,True,
benchmark,83,q11_top_categories,162.88140000000001,10,True,
benchmark,84,q11_top_categories,160.6747,10,True,
benchmark,85,q11_top_categories,159.00999999999999,10,True,
benchmark,86,q11_top_categories,139.3871,10,True,
benchmark,87,q11_top_categories,176.9331,10,True,
benchmark,88,q11_top_categories,176.6353,10,True,
benchmark,89,q11_top_categories,156.85990000000001,10,True,
benchmark,90,q11_top_categories,142.827,10,True,
benchmark,91,q11_top_categories,141.19839999999999,10,True,
benchmark,92,q11_top_categories,145.8203,10,True,
benchmark,93,q11_top_categories,141.7791,10,True,
benchmark,94,q11_top_categories,164.12629999999999,10,True,
benchmark,95,q11_top_categories,145.18940000000001,10,True,
benchmark,96,q11_top_categories,163.9896,10,True,
benchmark,97,q11_top_categories,142.8288,10,True,
benchmark,98,q11_top_categories,144.9187,10,True,
benchmark,99,q11_top_categories,199.29419999999999,10,True,
benchmark,100,q11_top_categories,163.73230000000001,10,True,
benchmark,101,q11_top_categories,144.51339999999999,10,True,
benchmark,102,q11_top_categories,152.94739999999999,10,True,
benchmark,103,q11_top_categories,162.9151,10,True,
benchmark,104,q11_top_categories,155.96799999999999,10,True,
benchmark,105,q11_top_categories,144.13810000000001,10,True,
benchmark,106,q11_top_categories,142.3811,10,True,
benchmark,107,q11_top_categories,143.8056,10,True,
benchmark,108,q11_top_categories,142.2501,10,True,
benchmark,109,q11_top_categories,143.57079999999999,10,True,
benchmark,110,q11_top_categories,140.93389999999999,10,True,
benchmark,111,q11_top_categories,159.65270000000001,10,True,
benchmark,112,q11_top_categories,156.32089999999999,10,True,
benchmark,113,q11_top_categories,144.30670000000001,10,True,
benchmark,114,q11_top_categories,161.15559999999999,10,True,
benchmark,115,q11_top_categories,138.68389999999999,10,True,
benchmark,116,q11_top_categories,146.4922,10,True,
benchmark,117,q11_top_categories,142.21719999999999,10,True,
benchmark,118,q11_top_categories,142.28659999999999,10,True,
benchmark,119,q11_top_categories,140.03030000000001,10,True,
benchmark,120,q11_top_categories,143.88550000000001,10,True,
benchmark,121,q11_top_categories,152.72579999999999,10,True,
benchmark,122,q11_top_categories,154.33799999999999,10,True,
benchmark,123,q11_top_categories,142.94,10,True,
benchmark,124,q11_top_categories,142.8484,10,True,
benchmark,125,q11_top_categories,143.38560000000001,10,True,
benchmark,126,q11_top_categories,141.77019999999999,10,True,
benchmark,127,q11_top_categories,156.19329999999999,10,True,
benchmark,128,q11_top_categories,152.93100000000001,10,True,
benchmark,129,q11_top_categories,143.1001,10,True,
benchmark,130,q11_top_categories,143.6737,10,True,
benchmark,131,q11_top_categories,154.1052,10,True,
benchmark,132,q11_top_categories,141.66040000000001,10,True,
benchmark,133,q11_top_categories,143.5393,10,True,
benchmark,134,q11_top_categories,142.41460000000001,10,True,
benchmark,135,q11_top_categories,144.1849,10,True,
benchmark,136,q11_top_categories,141.84960000000001,10,True,
benchmark,137,q11_top_categories,144.0658,10,True,
benchmark,138,q11_top_categories,143.95849999999999,10,True,
benchmark,139,q11_top_categories,162.5728,10,True,
benchmark,140,q11_top_categories,142.74010000000001,10,True,
benchmark,141,q11_top_categories,143.4931,10,True,
benchmark,142,q11_top_categories,142.23009999999999,10,True,
benchmark,143,q11_top_categories,155.0641,10,True,
benchmark,144,q11_top_categories,138.43279999999999,10,True,
benchmark,145,q11_top_categories,158.68049999999999,10,True,
benchmark,146,q11_top_categories,138.29179999999999,10,True,
benchmark,147,q11_top_categories,157.22130000000001,10,True,
benchmark,148,q11_top_categories,164.0051,10,True,
benchmark,149,q11_top_categories,156.9085,10,True,
benchmark,150,q11_top_categories,156.85319999999999,10,True,
benchmark,151,q11_top_categories,191.2533,10,True,
benchmark,152,q11_top_categories,144.56219999999999,10,True,
benchmark,153,q11_top_categories,156.4846,10,True,
benchmark,154,q11_top_categories,162.61089999999999,10,True,
benchmark,155,q11_top_categories,143.42750000000001,10,True,
benchmark,156,q11_top_categories,164.2294,10,True,
benchmark,157,q11_top_categories,134.751,10,True,
benchmark,158,q11_top_categories,141.99369999999999,10,True,
benchmark,159,q11_top_categories,143.02770000000001,10,True,
benchmark,160,q11_top_categories,142.50120000000001,10,True,
benchmark,161,q11_top_categories,163.11000000000001,10,True,
benchmark,162,q11_top_categories,162.86330000000001,10,True,
benchmark,163,q11_top_categories,155.34379999999999,10,True,
benchmark,164,q11_top_categories,152.57159999999999,10,True,
benchmark,165,q11_top_categories,161.49250000000001,10,True,
benchmark,166,q11_top_categories,154.9896,10,True,
benchmark,167,q11_top_categories,143.28440000000001,10,True,
benchmark,168,q11_top_categories,142.7961,10,True,
benchmark,169,q11_top_categories,142.5214,10,True,
benchmark,170,q11_top_categories,163.58920000000001,10,True,
benchmark,171,q11_top_categories,140.84700000000001,10,True,
benchmark,172,q11_top_categories,143.01429999999999,10,True,
benchmark,173,q11_top_categories,141.4408,10,True,
benchmark,174,q11_top_categories,142.12389999999999,10,True,
benchmark,175,q11_top_categories,137.6514,10,True,
benchmark,176,q11_top_categories,158.11670000000001,10,True,
benchmark,177,q11_top_categories,141.14760000000001,10,True,
benchmark,178,q11_top_categories,142.1069,10,True,
benchmark,179,q11_top_categories,141.80430000000001,10,True,
benchmark,180,q11_top_categories,142.22229999999999,10,True,
benchmark,181,q11_top_categories,155.82589999999999,10,True,
benchmark,182,q11_top_categories,141.62690000000001,10,True,
benchmark,183,q11_top_categories,141.9974,10,True,
benchmark,184,q11_top_categories,142.3409,10,True,
benchmark,185,q11_top_categories,161.9597,10,True,
benchmark,186,q11_top_categories,161.00700000000001,10,True,
benchmark,187,q11_top_categories,154.38329999999999,10,True,
benchmark,188,q11_top_categories,142.89449999999999,10,True,
benchmark,189,q11_top_categories,142.00479999999999,10,True,
benchmark,190,q11_top_categories,141.93430000000001,10,True,
benchmark,191,q11_top_categories,162.0438,10,True,
benchmark,192,q11_top_categories,143.0608,10,True,
benchmark,193,q11_top_categories,163.13319999999999,10,True,
benchmark,194,q11_top_categories,143.8827,10,True,
benchmark,195,q11_top_categories,161.44560000000001,10,True,
benchmark,196,q11_top_categories,143.1645,10,True,
benchmark,197,q11_top_categories,156.61109999999999,10,True,
benchmark,198,q11_top_categories,138.3081,10,True,
benchmark,199,q11_top_categories,163.7749,10,True,
benchmark,200,q11_top_categories,143.6507,10,True,
benchmark,201,q11_top_categories,155.96299999999999,10,True,
benchmark,202,q11_top_categories,134.6626,10,True,
benchmark,203,q11_top_categories,142.7116,10,True,
benchmark,204,q11_top_categories,142.91290000000001,10,True,
benchmark,205,q11_top_categories,142.81780000000001,10,True,
benchmark,206,q11_top_categories,144.33029999999999,10,True,
benchmark,207,q11_top_categories,147.11279999999999,10,True,
benchmark,208,q11_top_categories,147.3115,10,True,
benchmark,209,q11_top_categories,161.62039999999999,10,True,
benchmark,210,q11_top_categories,145.25989999999999,10,True,
benchmark,211,q11_top_categories,142.29509999999999,10,True,
benchmark,212,q11_top_categories,165.46510000000001,10,True,
benchmark,213,q11_top_categories,152.98400000000001,10,True,
benchmark,214,q11_top_categories,169.28880000000001,10,True,
benchmark,215,q11_top_categories,182.55160000000001,10,True,
benchmark,216,q11_top_categories,139.99770000000001,10,True,
benchmark,217,q11_top_categories,143.01089999999999,10,True,
benchmark,218,q11_top_categories,142.07239999999999,10,True,
benchmark,219,q11_top_categories,142.41319999999999,10,True,
benchmark,220,q11_top_categories,143.17830000000001,10,True,
benchmark,221,q11_top_categories,141.6515,10,True,
benchmark,222,q11_top_categories,152.21619999999999,10,True,
benchmark,223,q11_top_categories,142.58090000000001,10,True,
benchmark,224,q11_top_categories,153.35929999999999,10,True,
benchmark,225,q11_top_categories,142.88489999999999,10,True,
benchmark,226,q11_top_categories,135.8158,10,True,
benchmark,227,q11_top_categories,147.43260000000001,10,True,
benchmark,228,q11_top_categories,172.65199999999999,10,True,
benchmark,229,q11_top_categories,173.71090000000001,10,True,
benchmark,230,q11_top_categories,170.26560000000001,10,True,
benchmark,231,q11_top_categories,161.0737,10,True,
benchmark,232,q11_top_categories,142.10720000000001,10,True,
benchmark,233,q11_top_categories,149.5539,10,True,
benchmark,234,q11_top_categories,155.17789999999999,10,True,
benchmark,235,q11_top_categories,143.5291,10,True,
benchmark,236,q11_top_categories,191.68289999999999,10,True,
benchmark,237,q11_top_categories,145.89879999999999,10,True,
benchmark,238,q11_top_categories,158.73650000000001,10,True,
benchmark,239,q11_top_categories,156.3245,10,True,
benchmark,240,q11_top_categories,153.1746,10,True,
benchmark,241,q11_top_categories,143.12569999999999,10,True,
benchmark,242,q11_top_categories,160.4958,10,True,
benchmark,243,q11_top_categories,144.35740000000001,10,True,
benchmark,244,q11_top_categories,140.9716,10,True,
benchmark,245,q11_top_categories,142.6695,10,True,
benchmark,246,q11_top_categories,160.7884,10,True,
benchmark,247,q11_top_categories,142.27889999999999,10,True,
benchmark,248,q11_top_categories,165.74369999999999,10,True,
benchmark,249,q11_top_categories,135.9796,10,True,
benchmark,250,q11_top_categories,142.35910000000001,10,True,
benchmark,251,q11_top_categories,142.26929999999999,10,True,
benchmark,252,q11_top_categories,162.7355,10,True,
benchmark,253,q11_top_categories,142.76679999999999,10,True,
benchmark,254,q11_top_categories,144.17840000000001,10,True,
benchmark,255,q11_top_categories,141.71879999999999,10,True,
benchmark,256,q11_top_categories,179.09950000000001,10,True,
benchmark,257,q11_top_categories,156.97579999999999,10,True,
benchmark,258,q11_top_categories,142.48410000000001,10,True,
benchmark,259,q11_top_categories,143.55840000000001,10,True,
benchmark,260,q11_top_categories,143.4084,10,True,
benchmark,261,q11_top_categories,142.3263,10,True,
benchmark,262,q11_top_categories,142.17439999999999,10,True,
benchmark,263,q11_top_categories,143.96780000000001,10,True,
benchmark,264,q11_top_categories,152.52080000000001,10,True,
benchmark,265,q11_top_categories,142.49029999999999,10,True,
benchmark,266,q11_top_categories,138.04730000000001,10,True,
benchmark,267,q11_top_categories,148.8519,10,True,
benchmark,268,q11_top_categories,141.15790000000001,10,True,
benchmark,269,q11_top_categories,143.21119999999999,10,True,
benchmark,270,q11_top_categories,142.75739999999999,10,True,
benchmark,271,q11_top_categories,141.89920000000001,10,True,
benchmark,272,q11_top_categories,142.31059999999999,10,True,
benchmark,273,q11_top_categories,140.91630000000001,10,True,
benchmark,274,q11_top_categories,138.71510000000001,10,True,
benchmark,275,q11_top_categories,142.60720000000001,10,True,
benchmark,276,q11_top_categories,143.834,10,True,
benchmark,277,q11_top_categories,142.64609999999999,10,True,
benchmark,278,q11_top_categories,152.80340000000001,10,True,
benchmark,279,q11_top_categories,162.04140000000001,10,True,
benchmark,280,q11_top_categories,158.49449999999999,10,True,
benchmark,281,q11_top_categories,167.38339999999999,10,True,
benchmark,282,q11_top_categories,212.14940000000001,10,True,
benchmark,283,q11_top_categories,169.6183,10,True,
benchmark,284,q11_top_categories,161.0992,10,True,
benchmark,285,q11_top_categories,143.38470000000001,10,True,
benchmark,286,q11_top_categories,153.1035,10,True,
benchmark,287,q11_top_categories,142.90199999999999,10,True,
benchmark,288,q11_top_categories,161.19489999999999,10,True,
benchmark,289,q11_top_categories,143.53270000000001,10,True,
benchmark,290,q11_top_categories,162.2268,10,True,
benchmark,291,q11_top_categories,163.10890000000001,10,True,
benchmark,292,q11_top_categories,143.2269,10,True,
benchmark,293,q11_top_categories,155.11000000000001,10,True,
benchmark,294,q11_top_categories,159.3536,10,True,
benchmark,295,q11_top_categories,158.7568,10,True,
benchmark,296,q11_top_categories,142.65260000000001,10,True,
benchmark,297,q11_top_categories,135.33789999999999,10,True,
benchmark,298,q11_top_categories,143.18629999999999,10,True,
benchmark,299,q11_top_categories,141.68700000000001,10,True,
benchmark,300,q11_top_categories,144.7021,10,True,
benchmark,301,q11_top_categories,163.67939999999999,10,True,
benchmark,302,q11_top_categories,143.27359999999999,10,True,
benchmark,303,q11_top_categories,142.3417,10,True,
benchmark,304,q11_top_categories,152.29490000000001,10,True,
benchmark,305,q11_top_categories,155.83760000000001,10,True,
benchmark,306,q11_top_categories,138.131,10,True,
benchmark,307,q11_top_categories,152.22200000000001,10,True,
benchmark,308,q11_top_categories,141.33519999999999,10,True,
benchmark,309,q11_top_categories,174.34559999999999,10,True,
benchmark,310,q11_top_categories,161.36189999999999,10,True,
benchmark,311,q11_top_categories,142.60599999999999,10,True,
benchmark,312,q11_top_categories,163.32910000000001,10,True,
benchmark,313,q11_top_categories,142.4306,10,True,
benchmark,314,q11_top_categories,142.3073,10,True,
benchmark,315,q11_top_categories,142.86349999999999,10,True,
benchmark,316,q11_top_categories,162.35900000000001,10,True,
benchmark,317,q11_top_categories,145.12700000000001,10,True,
benchmark,318,q11_top_categories,160.71379999999999,10,True,
benchmark,319,q11_top_categories,144.1258,10,True,
benchmark,320,q11_top_categories,134.66059999999999,10,True,
benchmark,321,q11_top_categories,141.40459999999999,10,True,
benchmark,322,q11_top_categories,144.67310000000001,10,True,
benchmark,323,q11_top_categories,142.7509,10,True,
benchmark,324,q11_top_categories,143.18260000000001,10,True,
benchmark,325,q11_top_categories,140.85560000000001,10,True,
benchmark,326,q11_top_categories,160.15289999999999,10,True,
benchmark,327,q11_top_categories,155.71100000000001,10,True,
benchmark,328,q11_top_categories,143.56379999999999,10,True,
benchmark,329,q11_top_categories,141.99629999999999,10,True,
benchmark,330,q11_top_categories,143.18260000000001,10,True,
benchmark,331,q11_top_categories,142.7757,10,True,
benchmark,332,q11_top_categories,142.4349,10,True,
benchmark,333,q11_top_categories,138.4513,10,True,
benchmark,334,q11_top_categories,146.12899999999999,10,True,
benchmark,335,q11_top_categories,142.3554,10,True,
benchmark,336,q11_top_categories,141.36930000000001,10,True,
benchmark,337,q11_top_categories,142.6626,10,True,
benchmark,338,q11_top_categories,146.60990000000001,10,True,
benchmark,339,q11_top_categories,141.958,10,True,
benchmark,340,q11_top_categories,161.30670000000001,10,True,
benchmark,341,q11_top_categories,143.0711,10,True,
benchmark,342,q11_top_categories,161.73419999999999,10,True,
benchmark,343,q11_top_categories,152.41390000000001,10,True,
benchmark,344,q11_top_categories,156.10640000000001,10,True,
benchmark,345,q11_top_categories,141.34899999999999,10,True,
benchmark,346,q11_top_categories,184.45590000000001,10,True,
benchmark,347,q11_top_categories,172.8339,10,True,
benchmark,348,q11_top_categories,176.8175,10,True,
benchmark,349,q11_top_categories,159.833,10,True,
benchmark,350,q11_top_categories,142.5693,10,True,
benchmark,351,q11_top_categories,145.3098,10,True,
benchmark,352,q11_top_categories,143.06780000000001,10,True,
benchmark,353,q11_top_categories,143.57640000000001,10,True,
benchmark,354,q11_top_categories,142.69069999999999,10,True,
benchmark,355,q11_top_categories,142.7825,10,True,
benchmark,356,q11_top_categories,143.25839999999999,10,True,
benchmark,357,q11_top_categories,142.88499999999999,10,True,
benchmark,358,q11_top_categories,163.61840000000001,10,True,
benchmark,359,q11_top_categories,166.69649999999999,10,True,
benchmark,360,q11_top_categories,185.1138,10,True,
benchmark,361,q11_top_categories,144.32689999999999,10,True,
benchmark,362,q11_top_categories,135.0538,10,True,
benchmark,363,q11_top_categories,143.25219999999999,10,True,
benchmark,364,q11_top_categories,143.57859999999999,10,True,
benchmark,365,q11_top_categories,142.5489,10,True,
benchmark,366,q11_top_categories,158.5547,10,True,
benchmark,367,q11_top_categories,147.88050000000001,10,True,
benchmark,368,q11_top_categories,142.06720000000001,10,True,
benchmark,369,q11_top_categories,142.44149999999999,10,True,
benchmark,370,q11_top_categories,159.88980000000001,10,True,
benchmark,371,q11_top_categories,159.49289999999999,10,True,
benchmark,372,q11_top_categories,142.39340000000001,10,True,
benchmark,373,q11_top_categories,140.66309999999999,10,True,
benchmark,374,q11_top_categories,143.53049999999999,10,True,
benchmark,375,q11_top_categories,155.12790000000001,10,True,
benchmark,376,q11_top_categories,142.72579999999999,10,True,
benchmark,377,q11_top_categories,142.5172,10,True,
benchmark,378,q11_top_categories,143.3612,10,True,
benchmark,379,q11_top_categories,141.89769999999999,10,True,
benchmark,380,q11_top_categories,142.94749999999999,10,True,
benchmark,381,q11_top_categories,151.98429999999999,10,True,
benchmark,382,q11_top_categories,145.04089999999999,10,True,
benchmark,383,q11_top_categories,140.23089999999999,10,True,
benchmark,384,q11_top_categories,136.03280000000001,10,True,
benchmark,385,q11_top_categories,142.77969999999999,10,True,
benchmark,386,q11_top_categories,161.1208,10,True,
benchmark,387,q11_top_categories,142.90860000000001,10,True,
benchmark,388,q11_top_categories,160.9462,10,True,
benchmark,389,q11_top_categories,143.52719999999999,10,True,
benchmark,390,q11_top_categories,142.59520000000001,10,True,
benchmark,391,q11_top_categories,150.8871,10,True,
benchmark,392,q11_top_categories,161.08019999999999,10,True,
benchmark,393,q11_top_categories,156.23419999999999,10,True,
benchmark,394,q11_top_categories,142.6781,10,True,
benchmark,395,q11_top_categories,142.71700000000001,10,True,
benchmark,396,q11_top_categories,143.65979999999999,10,True,
benchmark,397,q11_top_categories,153.43170000000001,10,True,
benchmark,398,q11_top_categories,162.8741,10,True,
benchmark,399,q11_top_categories,144.26730000000001,10,True,
benchmark,400,q11_top_categories,142.7441,10,True,
benchmark,401,q11_top_categories,155.08879999999999,10,True,
benchmark,402,q11_top_categories,158.62450000000001,10,True,
benchmark,403,q11_top_categories,168.9915,10,True,
benchmark,404,q11_top_categories,140.71360000000001,10,True,
benchmark,405,q11_top_categories,157.97620000000001,10,True,
benchmark,406,q11_top_categories,152.67509999999999,10,True,
benchmark,407,q11_top_categories,146.50389999999999,10,True,
benchmark,408,q11_top_categories,157.87799999999999,10,True,
benchmark,409,q11_top_categories,158.017,10,True,
benchmark,410,q11_top_categories,198.672,10,True,
benchmark,411,q11_top_categories,146.25880000000001,10,True,
benchmark,412,q11_top_categories,164.96340000000001,10,True,
benchmark,413,q11_top_categories,159.52359999999999,10,True,
benchmark,414,q11_top_categories,164.44409999999999,10,True,
benchmark,415,q11_top_categories,159.9571,10,True,
benchmark,416,q11_top_categories,155.9949,10,True,
benchmark,417,q11_top_categories,154.89769999999999,10,True,
benchmark,418,q11_top_categories,144.47020000000001,10,True,
benchmark,419,q11_top_categories,142.79429999999999,10,True,
benchmark,420,q11_top_categories,151.53039999999999,10,True,
benchmark,421,q11_top_categories,153.30760000000001,10,True,
benchmark,422,q11_top_categories,146.57910000000001,10,True,
benchmark,423,q11_top_categories,140.3682,10,True,
benchmark,424,q11_top_categories,183.32579999999999,10,True,
benchmark,425,q11_top_categories,162.27940000000001,10,True,
benchmark,426,q11_top_categories,150.85980000000001,10,True,
benchmark,427,q11_top_categories,140.2089,10,True,
benchmark,428,q11_top_categories,134.91200000000001,10,True,
benchmark,429,q11_top_categories,138.57300000000001,10,True,
benchmark,430,q11_top_categories,146.54660000000001,10,True,
benchmark,431,q11_top_categories,134.87139999999999,10,True,
benchmark,432,q11_top_categories,161.61490000000001,10,True,
benchmark,433,q11_top_categories,151.15260000000001,10,True,
benchmark,434,q11_top_categories,139.5514,10,True,
benchmark,435,q11_top_categories,158.06489999999999,10,True,
benchmark,436,q11_top_categories,153.65860000000001,10,True,
benchmark,437,q11_top_categories,142.51089999999999,10,True,
benchmark,438,q11_top_categories,154.1266,10,True,
benchmark,439,q11_top_categories,153.16489999999999,10,True,
benchmark,440,q11_top_categories,144.59569999999999,10,True,
benchmark,441,q11_top_categories,142.7861,10,True,
benchmark,442,q11_top_categories,144.12289999999999,10,True,
benchmark,443,q11_top_categories,143.20689999999999,10,True,
benchmark,444,q11_top_categories,144.84700000000001,10,True,
benchmark,445,q11_top_categories,152.96109999999999,10,True,
benchmark,446,q11_top_categories,142.30289999999999,10,True,
benchmark,447,q11_top_categories,143.93700000000001,10,True,
benchmark,448,q11_top_categories,143.8886,10,True,
benchmark,449,q11_top_categories,142.5746,10,True,
benchmark,450,q11_top_categories,142.9162,10,True,
benchmark,451,q11_top_categories,142.05529999999999,10,True,
benchmark,452,q11_top_categories,142.94880000000001,10,True,
benchmark,453,q11_top_categories,142.99160000000001,10,True,
benchmark,454,q11_top_categories,142.61539999999999,10,True,
benchmark,455,q11_top_categories,143.99959999999999,10,True,
benchmark,456,q11_top_categories,142.66550000000001,10,True,
benchmark,457,q11_top_categories,142.76730000000001,10,True,
benchmark,458,q11_top_categories,153.02430000000001,10,True,
benchmark,459,q11_top_categories,143.04830000000001,10,True,
benchmark,460,q11_top_categories,162.15559999999999,10,True,
benchmark,461,q11_top_categories,142.88579999999999,10,True,
benchmark,462,q11_top_categories,162.70099999999999,10,True,
benchmark,463,q11_top_categories,143.2696,10,True,
benchmark,464,q11_top_categories,143.27330000000001,10,True,
benchmark,465,q11_top_categories,152.20079999999999,10,True,
benchmark,466,q11_top_categories,152.3185,10,True,
benchmark,467,q11_top_categories,138.31890000000001,10,True,
benchmark,468,q11_top_categories,154.54220000000001,10,True,
benchmark,469,q11_top_categories,142.79910000000001,10,True,
benchmark,470,q11_top_categories,154.70830000000001,10,True,
benchmark,471,q11_top_categories,143.87360000000001,10,True,
benchmark,472,q11_top_categories,141.43559999999999,10,True,
benchmark,473,q11_top_categories,142.10480000000001,10,True,
benchmark,474,q11_top_categories,161.7235,10,True,
benchmark,475,q11_top_categories,160.3877,10,True,
benchmark,476,q11_top_categories,175.59049999999999,10,True,
benchmark,477,q11_top_categories,187.2011,10,True,
benchmark,478,q11_top_categories,139.70160000000001,10,True,
benchmark,479,q11_top_categories,153.81360000000001,10,True,
benchmark,480,q11_top_categories,143.73939999999999,10,True,
benchmark,481,q11_top_categories,152.3597,10,True,
benchmark,482,q11_top_categories,164.34450000000001,10,True,
benchmark,483,q11_top_categories,141.94649999999999,10,True,
benchmark,484,q11_top_categories,142.57259999999999,10,True,
benchmark,485,q11_top_categories,141.58189999999999,10,True,
benchmark,486,q11_top_categories,142.95490000000001,10,True,
benchmark,487,q11_top_categories,150.53720000000001,10,True,
benchmark,488,q11_top_categories,143.62350000000001,10,True,
benchmark,489,q11_top_categories,166.08680000000001,10,True,
benchmark,490,q11_top_categories,148.97049999999999,10,True,
benchmark,491,q11_top_categories,142.9983,10,True,
benchmark,492,q11_top_categories,140.733,10,True,
benchmark,493,q11_top_categories,142.56829999999999,10,True,
benchmark,494,q11_top_categories,141.33090000000001,10,True,
benchmark,495,q11_top_categories,141.71289999999999,10,True,
benchmark,496,q11_top_categories,161.47579999999999,10,True,
benchmark,497,q11_top_categories,142.50200000000001,10,True,
benchmark,498,q11_top_categories,153.39660000000001,10,True,
benchmark,499,q11_top_categories,142.87950000000001,10,True,
benchmark,500,q11_top_categories,142.06100000000001,10,True,
benchmark,501,q11_top_categories,163.94130000000001,10,True,
benchmark,502,q11_top_categories,160.90350000000001,10,True,
benchmark,503,q11_top_categories,142.9093,10,True,
benchmark,504,q11_top_categories,143.02959999999999,10,True,
benchmark,505,q11_top_categories,144.33099999999999,10,True,
benchmark,506,q11_top_categories,135.6858,10,True,
benchmark,507,q11_top_categories,142.49080000000001,10,True,
benchmark,508,q11_top_categories,142.0471,10,True,
benchmark,509,q11_top_categories,152.23240000000001,10,True,
benchmark,510,q11_top_categories,142.14449999999999,10,True,
benchmark,511,q11_top_categories,142.64429999999999,10,True,
benchmark,512,q11_top_categories,142.29499999999999,10,True,
benchmark,513,q11_top_categories,152.6842,10,True,
benchmark,514,q11_top_categories,138.31290000000001,10,True,
benchmark,515,q11_top_categories,135.4511,10,True,
benchmark,516,q11_top_categories,148.7568,10,True,
benchmark,517,q11_top_categories,180.3484,10,True,
benchmark,518,q11_top_categories,146.92310000000001,10,True,
benchmark,519,q11_top_categories,181.1875,10,True,
benchmark,520,q11_top_categories,146.68549999999999,10,True,
benchmark,521,q11_top_categories,129.84010000000001,10,True,
benchmark,522,q11_top_categories,135.10849999999999,10,True,
benchmark,523,q11_top_categories,135.78919999999999,10,True,
benchmark,524,q11_top_categories,138.41319999999999,10,True,
benchmark,525,q11_top_categories,127.1948,10,True,
benchmark,526,q11_top_categories,136.59469999999999,10,True,
benchmark,527,q11_top_categories,131.3083,10,True,
benchmark,528,q11_top_categories,143.77090000000001,10,True,
benchmark,529,q11_top_categories,138.96520000000001,10,True,
benchmark,530,q11_top_categories,136.6352,10,True,
benchmark,531,q11_top_categories,127.2102,10,True,
benchmark,532,q11_top_categories,157.4417,10,True,
benchmark,533,q11_top_categories,132.66409999999999,10,True,
benchmark,534,q11_top_categories,138.31700000000001,10,True,
benchmark,535,q11_top_categories,147.4778,10,True,
benchmark,536,q11_top_categories,157.71340000000001,10,True,
benchmark,537,q11_top_categories,142.49600000000001,10,True,
benchmark,538,q11_top_categories,142.8938,10,True,
benchmark,539,q11_top_categories,156.22730000000001,10,True,
benchmark,540,q11_top_categories,138.92509999999999,10,True,
benchmark,541,q11_top_categories,153.2638,10,True,
benchmark,542,q11_top_categories,157.9376,10,True,
benchmark,543,q11_top_categories,169.95679999999999,10,True,
benchmark,544,q11_top_categories,189.75450000000001,10,True,
benchmark,545,q11_top_categories,153.6514,10,True,
benchmark,546,q11_top_categories,142.67740000000001,10,True,
benchmark,547,q11_top_categories,141.67679999999999,10,True,
benchmark,548,q11_top_categories,143.64840000000001,10,True,
benchmark,549,q11_top_categories,151.74979999999999,10,True,
benchmark,550,q11_top_categories,141.69560000000001,10,True,
benchmark,551,q11_top_categories,161.2987,10,True,
benchmark,552,q11_top_categories,152.49440000000001,10,True,
benchmark,553,q11_top_categories,162.45959999999999,10,True,
benchmark,554,q11_top_categories,152.62010000000001,10,True,
benchmark,555,q11_top_categories,144.9546,10,True,
benchmark,556,q11_top_categories,152.39189999999999,10,True,
benchmark,557,q11_top_categories,142.32839999999999,10,True,
benchmark,558,q11_top_categories,142.37129999999999,10,True,
benchmark,559,q11_top_categories,140.8843,10,True,
benchmark,560,q11_top_categories,142.69370000000001,10,True,
benchmark,561,q11_top_categories,151.84139999999999,10,True,
benchmark,562,q11_top_categories,141.1472,10,True,
benchmark,563,q11_top_categories,142.98509999999999,10,True,
benchmark,564,q11_top_categories,162.2517,10,True,
benchmark,565,q11_top_categories,153.1395,10,True,
benchmark,566,q11_top_categories,161.1534,10,True,
benchmark,567,q11_top_categories,161.15430000000001,10,True,
benchmark,568,q11_top_categories,146.6277,10,True,
benchmark,569,q11_top_categories,151.97730000000001,10,True,
benchmark,570,q11_top_categories,142.72999999999999,10,True,
benchmark,571,q11_top_categories,162.76419999999999,10,True,
benchmark,572,q11_top_categories,143.62260000000001,10,True,
benchmark,573,q11_top_categories,134.74680000000001,10,True,
benchmark,574,q11_top_categories,138.20580000000001,10,True,
benchmark,575,q11_top_categories,147.9666,10,True,
benchmark,576,q11_top_categories,163.53360000000001,10,True,
benchmark,577,q11_top_categories,144.37950000000001,10,True,
benchmark,578,q11_top_categories,142.80369999999999,10,True,
benchmark,579,q11_top_categories,141.72460000000001,10,True,
benchmark,580,q11_top_categories,162.5565,10,True,
benchmark,581,q11_top_categories,144.42150000000001,10,True,
benchmark,582,q11_top_categories,161.91059999999999,10,True,
benchmark,583,q11_top_categories,142.94829999999999,10,True,
benchmark,584,q11_top_categories,142.0684,10,True,
benchmark,585,q11_top_categories,144.28200000000001,10,True,
benchmark,586,q11_top_categories,162.02440000000001,10,True,
benchmark,587,q11_top_categories,143.87530000000001,10,True,
benchmark,588,q11_top_categories,153.31229999999999,10,True,
benchmark,589,q11_top_categories,143.84190000000001,10,True,
benchmark,590,q11_top_categories,163.34280000000001,10,True,
benchmark,591,q11_top_categories,143.92519999999999,10,True,
benchmark,592,q11_top_categories,145.12960000000001,10,True,
benchmark,593,q11_top_categories,152.74459999999999,10,True,
benchmark,594,q11_top_categories,164.2902,10,True,
benchmark,595,q11_top_categories,142.7987,10,True,
benchmark,596,q11_top_categories,134.19200000000001,10,True,
benchmark,597,q11_top_categories,142.00710000000001,10,True,
benchmark,598,q11_top_categories,162.31790000000001,10,True,
benchmark,599,q11_top_categories,152.84129999999999,10,True,
benchmark,600,q11_top_categories,141.48939999999999,10,True,
benchmark,601,q11_top_categories,148.00960000000001,10,True,
benchmark,602,q11_top_categories,140.3717,10,True,
benchmark,603,q11_top_categories,142.2482,10,True,
benchmark,604,q11_top_categories,159.1463,10,True,
benchmark,605,q11_top_categories,149.66980000000001,10,True,
benchmark,606,q11_top_categories,142.85509999999999,10,True,
benchmark,607,q11_top_categories,179.85820000000001,10,True,
benchmark,608,q11_top_categories,144.31020000000001,10,True,
benchmark,609,q11_top_categories,143.29689999999999,10,True,
benchmark,610,q11_top_categories,143.9162,10,True,
benchmark,611,q11_top_categories,152.4136,10,True,
benchmark,612,q11_top_categories,155.15280000000001,10,True,
benchmark,613,q11_top_categories,149.73140000000001,10,True,
benchmark,614,q11_top_categories,146.89070000000001,10,True,
benchmark,615,q11_top_categories,144.32820000000001,10,True,
benchmark,616,q11_top_categories,153.3588,10,True,
benchmark,617,q11_top_categories,163.72470000000001,10,True,
benchmark,618,q11_top_categories,154.28829999999999,10,True,
benchmark,619,q11_top_categories,189.21780000000001,10,True,
benchmark,620,q11_top_categories,163.29490000000001,10,True,
benchmark,621,q11_top_categories,143.12379999999999,10,True,
benchmark,622,q11_top_categories,160.90129999999999,10,True,
benchmark,623,q11_top_categories,142.8202,10,True,
benchmark,624,q11_top_categories,141.87110000000001,10,True,
benchmark,625,q11_top_categories,162.92939999999999,10,True,
benchmark,626,q11_top_categories,143.68289999999999,10,True,
benchmark,627,q11_top_categories,179.4845,10,True,
benchmark,628,q11_top_categories,153.2663,10,True,
benchmark,629,q11_top_categories,143.54820000000001,10,True,
benchmark,630,q11_top_categories,165.7337,10,True,
benchmark,631,q11_top_categories,154.48769999999999,10,True,
benchmark,632,q11_top_categories,155.0335,10,True,
benchmark,633,q11_top_categories,142.6369,10,True,
benchmark,634,q11_top_categories,141.9477,10,True,
benchmark,635,q11_top_categories,142.28659999999999,10,True,
benchmark,636,q11_top_categories,143.40119999999999,10,True,
benchmark,637,q11_top_categories,142.32820000000001,10,True,
benchmark,638,q11_top_categories,141.79390000000001,10,True,
benchmark,639,q11_top_categories,163.75819999999999,10,True,
benchmark,640,q11_top_categories,244.6045,10,True,
benchmark,641,q11_top_categories,156.83930000000001,10,True,
benchmark,642,q11_top_categories,146.99709999999999,10,True,
benchmark,643,q11_top_categories,143.8381,10,True,
benchmark,644,q11_top_categories,137.8083,10,True,
benchmark,645,q11_top_categories,138.81530000000001,10,True,
benchmark,646,q11_top_categories,143.17240000000001,10,True,
benchmark,647,q11_top_categories,154.1234,10,True,
benchmark,648,q11_top_categories,144.25059999999999,10,True,
benchmark,649,q11_top_categories,153.2336,10,True,
benchmark,650,q11_top_categories,143.328,10,True,
benchmark,651,q11_top_categories,143.72139999999999,10,True,
benchmark,652,q11_top_categories,160.77979999999999,10,True,
benchmark,653,q11_top_categories,146.01079999999999,10,True,
benchmark,654,q11_top_categories,141.87190000000001,10,True,
benchmark,655,q11_top_categories,143.8289,10,True,
benchmark,656,q11_top_categories,160.8603,10,True,
benchmark,657,q11_top_categories,146.4462,10,True,
benchmark,658,q11_top_categories,143.13300000000001,10,True,
benchmark,659,q11_top_categories,139.52209999999999,10,True,
benchmark,660,q11_top_categories,145.2176,10,True,
benchmark,661,q11_top_categories,145.10059999999999,10,True,
benchmark,662,q11_top_categories,142.31399999999999,10,True,
benchmark,663,q11_top_categories,162.38210000000001,10,True,
benchmark,664,q11_top_categories,149.94049999999999,10,True,
benchmark,665,q11_top_categories,145.31299999999999,10,True,
benchmark,666,q11_top_categories,144.0018,10,True,
benchmark,667,q11_top_categories,163.46629999999999,10,True,
benchmark,668,q11_top_categories,135.86760000000001,10,True,
benchmark,669,q11_top_categories,144.26439999999999,10,True,
benchmark,670,q11_top_categories,152.70519999999999,10,True,
benchmark,671,q11_top_categories,156.4384,10,True,
benchmark,672,q11_top_categories,147.7407,10,True,
benchmark,673,q11_top_categories,157.99289999999999,10,True,
benchmark,674,q11_top_categories,173.80330000000001,10,True,
benchmark,675,q11_top_categories,142.3725,10,True,
benchmark,676,q11_top_categories,141.26750000000001,10,True,
benchmark,677,q11_top_categories,160.93790000000001,10,True,
benchmark,678,q11_top_categories,146.41550000000001,10,True,
benchmark,679,q11_top_categories,149.1105,10,True,
benchmark,680,q11_top_categories,155.77160000000001,10,True,
benchmark,681,q11_top_categories,143.22059999999999,10,True,
benchmark,682,q11_top_categories,185.38640000000001,10,True,
benchmark,683,q11_top_categories,164.00559999999999,10,True,
benchmark,684,q11_top_categories,148.62280000000001,10,True,
benchmark,685,q11_top_categories,148.5676,10,True,
benchmark,686,q11_top_categories,142.1738,10,True,
benchmark,687,q11_top_categories,144.21449999999999,10,True,
benchmark,688,q11_top_categories,139.59610000000001,10,True,
benchmark,689,q11_top_categories,143.5274,10,True,
benchmark,690,q11_top_categories,152.4811,10,True,
benchmark,691,q11_top_categories,142.4846,10,True,
benchmark,692,q11_top_categories,152.11320000000001,10,True,
benchmark,693,q11_top_categories,141.93109999999999,10,True,
benchmark,694,q11_top_categories,142.7302,10,True,
benchmark,695,q11_top_categories,161.8817,10,True,
benchmark,696,q11_top_categories,152.81729999999999,10,True,
benchmark,697,q11_top_categories,179.37870000000001,10,True,
benchmark,698,q11_top_categories,170.10900000000001,10,True,
benchmark,699,q11_top_categories,152.17750000000001,10,True,
benchmark,700,q11_top_categories,180.2732,10,True,
benchmark,701,q11_top_categories,156.88120000000001,10,True,
benchmark,702,q11_top_categories,145.81960000000001,10,True,
benchmark,703,q11_top_categories,143.64769999999999,10,True,
benchmark,704,q11_top_categories,154.2955,10,True,
benchmark,705,q11_top_categories,141.99930000000001,10,True,
benchmark,706,q11_top_categories,153.2296,10,True,
benchmark,707,q11_top_categories,143.62350000000001,10,True,
benchmark,708,q11_top_categories,162.79820000000001,10,True,
benchmark,709,q11_top_categories,159.59370000000001,10,True,
benchmark,710,q11_top_categories,157.73419999999999,10,True,
benchmark,711,q11_top_categories,141.59559999999999,10,True,
benchmark,712,q11_top_categories,143.33860000000001,10,True,
benchmark,713,q11_top_categories,163.63069999999999,10,True,
benchmark,714,q11_top_categories,155.45050000000001,10,True,
benchmark,715,q11_top_categories,161.76439999999999,10,True,
benchmark,716,q11_top_categories,175.4366,10,True,
benchmark,717,q11_top_categories,179.77529999999999,10,True,
benchmark,718,q11_top_categories,161.18219999999999,10,True,
benchmark,719,q11_top_categories,163.99180000000001,10,True,
benchmark,720,q11_top_categories,172.99770000000001,10,True,
benchmark,721,q11_top_categories,162.46459999999999,10,True,
benchmark,722,q11_top_categories,145.87780000000001,10,True,
benchmark,723,q11_top_categories,143.28800000000001,10,True,
benchmark,724,q11_top_categories,182.99629999999999,10,True,
benchmark,725,q11_top_categories,165.23849999999999,10,True,
benchmark,726,q11_top_categories,163.88339999999999,10,True,
benchmark,727,q11_top_categories,154.23599999999999,10,True,
benchmark,728,q11_top_categories,152.7876,10,True,
benchmark,729,q11_top_categories,135.16650000000001,10,True,
benchmark,730,q11_top_categories,142.6335,10,True,
benchmark,731,q11_top_categories,158.74930000000001,10,True,
benchmark,732,q11_top_categories,148.55430000000001,10,True,
benchmark,733,q11_top_categories,168.9965,10,True,
benchmark,734,q11_top_categories,149.8794,10,True,
benchmark,735,q11_top_categories,167.65559999999999,10,True,
benchmark,736,q11_top_categories,168.5676,10,True,
benchmark,737,q11_top_categories,145.60900000000001,10,True,
benchmark,738,q11_top_categories,149.27440000000001,10,True,
benchmark,739,q11_top_categories,151.60149999999999,10,True,
benchmark,740,q11_top_categories,143.89779999999999,10,True,
benchmark,741,q11_top_categories,151.9289,10,True,
benchmark,742,q11_top_categories,161.7045,10,True,
benchmark,743,q11_top_categories,143.1266,10,True,
benchmark,744,q11_top_categories,143.2619,10,True,
benchmark,745,q11_top_categories,137.4006,10,True,
benchmark,746,q11_top_categories,148.5284,10,True,
benchmark,747,q11_top_categories,192.2243,10,True,
benchmark,748,q11_top_categories,150.3116,10,True,
benchmark,749,q11_top_categories,143.1746,10,True,
benchmark,750,q11_top_categories,138.59360000000001,10,True,
benchmark,751,q11_top_categories,147.01140000000001,10,True,
benchmark,752,q11_top_categories,174.119,10,True,
benchmark,753,q11_top_categories,162.23990000000001,10,True,
benchmark,754,q11_top_categories,142.5703,10,True,
benchmark,755,q11_top_categories,161.4692,10,True,
benchmark,756,q11_top_categories,162.55260000000001,10,True,
benchmark,757,q11_top_categories,143.4143,10,True,
benchmark,758,q11_top_categories,135.24959999999999,10,True,
benchmark,759,q11_top_categories,154.29349999999999,10,True,
benchmark,760,q11_top_categories,142.14089999999999,10,True,
benchmark,761,q11_top_categories,164.09100000000001,10,True,
benchmark,762,q11_top_categories,162.07259999999999,10,True,
benchmark,763,q11_top_categories,144.39590000000001,10,True,
benchmark,764,q11_top_categories,142.15010000000001,10,True,
benchmark,765,q11_top_categories,141.82810000000001,10,True,
benchmark,766,q11_top_categories,161.05629999999999,10,True,
benchmark,767,q11_top_categories,155.9675,10,True,
benchmark,768,q11_top_categories,143.19730000000001,10,True,
benchmark,769,q11_top_categories,161.89920000000001,10,True,
benchmark,770,q11_top_categories,144.12739999999999,10,True,
benchmark,771,q11_top_categories,143.1626,10,True,
benchmark,772,q11_top_categories,143.54810000000001,10,True,
benchmark,773,q11_top_categories,141.82730000000001,10,True,
benchmark,774,q11_top_categories,141.61840000000001,10,True,
benchmark,775,q11_top_categories,162.1421,10,True,
benchmark,776,q11_top_categories,143.7253,10,True,
benchmark,777,q11_top_categories,142.18100000000001,10,True,
benchmark,778,q11_top_categories,152.85159999999999,10,True,
benchmark,779,q11_top_categories,143.31180000000001,10,True,
benchmark,780,q11_top_categories,142.50640000000001,10,True,
benchmark,781,q11_top_categories,144.16970000000001,10,True,
benchmark,782,q11_top_categories,143.18729999999999,10,True,
benchmark,783,q11_top_categories,143.32579999999999,10,True,
benchmark,784,q11_top_categories,142.78399999999999,10,True,
benchmark,785,q11_top_categories,143.3278,10,True,
benchmark,786,q11_top_categories,155.60980000000001,10,True,
benchmark,787,q11_top_categories,135.0025,10,True,
benchmark,788,q11_top_categories,161.88849999999999,10,True,
benchmark,789,q11_top_categories,143.76609999999999,10,True,
benchmark,790,q11_top_categories,142.0565,10,True,
benchmark,791,q11_top_categories,153.11269999999999,10,True,
benchmark,792,q11_top_categories,160.90110000000001,10,True,
benchmark,793,q11_top_categories,145.88329999999999,10,True,
benchmark,794,q11_top_categories,141.90799999999999,10,True,
benchmark,795,q11_top_categories,162.63659999999999,10,True,
benchmark,796,q11_top_categories,154.5385,10,True,
benchmark,797,q11_top_categories,142.3862,10,True,
benchmark,798,q11_top_categories,173.89429999999999,10,True,
benchmark,799,q11_top_categories,146.06180000000001,10,True,
benchmark,800,q11_top_categories,186.05959999999999,10,True,
benchmark,801,q11_top_categories,166.49289999999999,10,True,
benchmark,802,q11_top_categories,159.6174,10,True,
benchmark,803,q11_top_categories,146.9298,10,True,
benchmark,804,q11_top_categories,156.22030000000001,10,True,
benchmark,805,q11_top_categories,156.1251,10,True,
benchmark,806,q11_top_categories,150.81829999999999,10,True,
benchmark,807,q11_top_categories,156.0958,10,True,
benchmark,808,q11_top_categories,162.4332,10,True,
benchmark,809,q11_top_categories,146.75299999999999,10,True,
benchmark,810,q11_top_categories,149.80289999999999,10,True,
benchmark,811,q11_top_categories,155.99539999999999,10,True,
benchmark,812,q11_top_categories,149.1317,10,True,
benchmark,813,q11_top_categories,154.41800000000001,10,True,
benchmark,814,q11_top_categories,161.93000000000001,10,True,
benchmark,815,q11_top_categories,142.99799999999999,10,True,
benchmark,816,q11_top_categories,161.3896,10,True,
benchmark,817,q11_top_categories,141.43549999999999,10,True,
benchmark,818,q11_top_categories,154.04089999999999,10,True,
benchmark,819,q11_top_categories,134.7099,10,True,
benchmark,820,q11_top_categories,141.89699999999999,10,True,
benchmark,821,q11_top_categories,143.36940000000001,10,True,
benchmark,822,q11_top_categories,144.2859,10,True,
benchmark,823,q11_top_categories,142.75389999999999,10,True,
benchmark,824,q11_top_categories,143.02690000000001,10,True,
benchmark,825,q11_top_categories,163.4375,10,True,
benchmark,826,q11_top_categories,160.54310000000001,10,True,
benchmark,827,q11_top_categories,131.13720000000001,10,True,
benchmark,828,q11_top_categories,136.08690000000001,10,True,
benchmark,829,q11_top_categories,142.32480000000001,10,True,
benchmark,830,q11_top_categories,143.75139999999999,10,True,
benchmark,831,q11_top_categories,141.9067,10,True,
benchmark,832,q11_top_categories,146.47059999999999,10,True,
benchmark,833,q11_top_categories,140.1249,10,True,
benchmark,834,q11_top_categories,144.20920000000001,10,True,
benchmark,835,q11_top_categories,188.7807,10,True,
benchmark,836,q11_top_categories,136.8587,10,True,
benchmark,837,q11_top_categories,140.14080000000001,10,True,
benchmark,838,q11_top_categories,153.3391,10,True,
benchmark,839,q11_top_categories,150.578,10,True,
benchmark,840,q11_top_categories,150.26560000000001,10,True,
benchmark,841,q11_top_categories,214.53129999999999,10,True,
benchmark,842,q11_top_categories,154.60230000000001,10,True,
benchmark,843,q11_top_categories,145.8306,10,True,
benchmark,844,q11_top_categories,140.14179999999999,10,True,
benchmark,845,q11_top_categories,141.93780000000001,10,True,
benchmark,846,q11_top_categories,186.41759999999999,10,True,
benchmark,847,q11_top_categories,127.765,10,True,
benchmark,848,q11_top_categories,137.72200000000001,10,True,
benchmark,849,q11_top_categories,127.0735,10,True,
benchmark,850,q11_top_categories,139.82910000000001,10,True,
benchmark,851,q11_top_categories,143.45490000000001,10,True,
benchmark,852,q11_top_categories,144.22900000000001,10,True,
benchmark,853,q11_top_categories,136.47110000000001,10,True,
benchmark,854,q11_top_categories,190.61500000000001,10,True,
benchmark,855,q11_top_categories,145.66329999999999,10,True,
benchmark,856,q11_top_categories,130.05789999999999,10,True,
benchmark,857,q11_top_categories,128.55789999999999,10,True,
benchmark,858,q11_top_categories,145.84360000000001,10,True,
benchmark,859,q11_top_categories,139.81479999999999,10,True,
benchmark,860,q11_top_categories,187.9025,10,True,
benchmark,861,q11_top_categories,127.9841,10,True,
benchmark,862,q11_top_categories,179.86709999999999,10,True,
benchmark,863,q11_top_categories,150.8819,10,True,
benchmark,864,q11_top_categories,145.12190000000001,10,True,
benchmark,865,q11_top_categories,143.5438,10,True,
benchmark,866,q11_top_categories,142.70429999999999,10,True,
benchmark,867,q11_top_categories,168.45179999999999,10,True,
benchmark,868,q11_top_categories,131.5548,10,True,
benchmark,869,q11_top_categories,125.7039,10,True,
benchmark,870,q11_top_categories,165.97300000000001,10,True,
benchmark,871,q11_top_categories,139.83590000000001,10,True,
benchmark,872,q11_top_categories,142.7859,10,True,
benchmark,873,q11_top_categories,146.14609999999999,10,True,
benchmark,874,q11_top_categories,140.97219999999999,10,True,
benchmark,875,q11_top_categories,150.24160000000001,10,True,
benchmark,876,q11_top_categories,147.0514,10,True,
benchmark,877,q11_top_categories,137.74590000000001,10,True,
benchmark,878,q11_top_categories,128.8212,10,True,
benchmark,879,q11_top_categories,133.69139999999999,10,True,
benchmark,880,q11_top_categories,162.62200000000001,10,True,
benchmark,881,q11_top_categories,124.77979999999999,10,True,
benchmark,882,q11_top_categories,136.4528,10,True,
benchmark,883,q11_top_categories,172.33500000000001,10,True,
benchmark,884,q11_top_categories,176.0675,10,True,
benchmark,885,q11_top_categories,129.91909999999999,10,True,
benchmark,886,q11_top_categories,181.35499999999999,10,True,
benchmark,887,q11_top_categories,146.59700000000001,10,True,
benchmark,888,q11_top_categories,145.25409999999999,10,True,
benchmark,889,q11_top_categories,139.8159,10,True,
benchmark,890,q11_top_categories,142.6343,10,True,
benchmark,891,q11_top_categories,138.58170000000001,10,True,
benchmark,892,q11_top_categories,177.34710000000001,10,True,
benchmark,893,q11_top_categories,160.78139999999999,10,True,
benchmark,894,q11_top_categories,134.72839999999999,10,True,
benchmark,895,q11_top_categories,164.84270000000001,10,True,
benchmark,896,q11_top_categories,130.45949999999999,10,True,
benchmark,897,q11_top_categories,181.46860000000001,10,True,
benchmark,898,q11_top_categories,174.0634,10,True,
benchmark,899,q11_top_categories,186.7432,10,True,
benchmark,900,q11_top_categories,144.7715,10,True,
benchmark,901,q11_top_categories,145.2593,10,True,
benchmark,902,q11_top_categories,150.50450000000001,10,True,
benchmark,903,q11_top_categories,144.08690000000001,10,True,
benchmark,904,q11_top_categories,139.84270000000001,10,True,
benchmark,905,q11_top_categories,141.41139999999999,10,True,
benchmark,906,q11_top_categories,143.82400000000001,10,True,
benchmark,907,q11_top_categories,150.4727,10,True,
benchmark,908,q11_top_categories,142.3476,10,True,
benchmark,909,q11_top_categories,142.0531,10,True,
benchmark,910,q11_top_categories,142.02019999999999,10,True,
benchmark,911,q11_top_categories,134.9015,10,True,
benchmark,912,q11_top_categories,141.6508,10,True,
benchmark,913,q11_top_categories,141.61320000000001,10,True,
benchmark,914,q11_top_categories,143.76689999999999,10,True,
benchmark,915,q11_top_categories,135.203,10,True,
benchmark,916,q11_top_categories,136.44720000000001,10,True,
benchmark,917,q11_top_categories,136.71729999999999,10,True,
benchmark,918,q11_top_categories,155.7679,10,True,
benchmark,919,q11_top_categories,163.2903,10,True,
benchmark,920,q11_top_categories,133.98699999999999,10,True,
benchmark,921,q11_top_categories,183.87909999999999,10,True,
benchmark,922,q11_top_categories,134.79939999999999,10,True,
benchmark,923,q11_top_categories,140.41720000000001,10,True,
benchmark,924,q11_top_categories,124.07299999999999,10,True,
benchmark,925,q11_top_categories,136.39009999999999,10,True,
benchmark,926,q11_top_categories,144.07089999999999,10,True,
benchmark,927,q11_top_categories,148.44139999999999,10,True,
benchmark,928,q11_top_categories,125.8948,10,True,
benchmark,929,q11_top_categories,128.63929999999999,10,True,
benchmark,930,q11_top_categories,141.3004,10,True,
benchmark,931,q11_top_categories,158.93969999999999,10,True,
benchmark,932,q11_top_categories,148.85599999999999,10,True,
benchmark,933,q11_top_categories,137.38419999999999,10,True,
benchmark,934,q11_top_categories,132.4271,10,True,
benchmark,935,q11_top_categories,176.9726,10,True,
benchmark,936,q11_top_categories,125.2191,10,True,
benchmark,937,q11_top_categories,140.92400000000001,10,True,
benchmark,938,q11_top_categories,126.8339,10,True,
benchmark,939,q11_top_categories,148.78460000000001,10,True,
benchmark,940,q11_top_categories,133.7022,10,True,
benchmark,941,q11_top_categories,144.8117,10,True,
benchmark,942,q11_top_categories,125.93470000000001,10,True,
benchmark,943,q11_top_categories,154.3014,10,True,
benchmark,944,q11_top_categories,140.4436,10,True,
benchmark,945,q11_top_categories,142.6258,10,True,
benchmark,946,q11_top_categories,148.791,10,True,
benchmark,947,q11_top_categories,125.8248,10,True,
benchmark,948,q11_top_categories,185.3383,10,True,
benchmark,949,q11_top_categories,138.53899999999999,10,True,
benchmark,950,q11_top_categories,180.85149999999999,10,True,
benchmark,951,q11_top_categories,143.91319999999999,10,True,
benchmark,952,q11_top_categories,139.83080000000001,10,True,
benchmark,953,q11_top_categories,169.50020000000001,10,True,
benchmark,954,q11_top_categories,133.67439999999999,10,True,
benchmark,955,q11_top_categories,172.11019999999999,10,True,
benchmark,956,q11_top_categories,131.0942,10,True,
benchmark,957,q11_top_categories,187.65010000000001,10,True,
benchmark,958,q11_top_categories,130.81290000000001,10,True,
benchmark,959,q11_top_categories,129.5532,10,True,
benchmark,960,q11_top_categories,139.35290000000001,10,True,
benchmark,961,q11_top_categories,180.92099999999999,10,True,
benchmark,962,q11_top_categories,150.5335,10,True,
benchmark,963,q11_top_categories,130.46010000000001,10,True,
benchmark,964,q11_top_categories,150.0881,10,True,
benchmark,965,q11_top_categories,150.8058,10,True,
benchmark,966,q11_top_categories,129.1662,10,True,
benchmark,967,q11_top_categories,128.63300000000001,10,True,
benchmark,968,q11_top_categories,134.36680000000001,10,True,
benchmark,969,q11_top_categories,143.0163,10,True,
benchmark,970,q11_top_categories,130.1823,10,True,
benchmark,971,q11_top_categories,127.81829999999999,10,True,
benchmark,972,q11_top_categories,141.7381,10,True,
benchmark,973,q11_top_categories,142.08969999999999,10,True,
benchmark,974,q11_top_categories,132.60509999999999,10,True,
benchmark,975,q11_top_categories,133.7724,10,True,
benchmark,976,q11_top_categories,141.23089999999999,10,True,
benchmark,977,q11_top_categories,144.43279999999999,10,True,
benchmark,978,q11_top_categories,136.17660000000001,10,True,
benchmark,979,q11_top_categories,134.60429999999999,10,True,
benchmark,980,q11_top_categories,131.0865,10,True,
benchmark,981,q11_top_categories,137.6832,10,True,
benchmark,982,q11_top_categories,136.15029999999999,10,True,
benchmark,983,q11_top_categories,126.15219999999999,10,True,
benchmark,984,q11_top_categories,127.8109,10,True,
benchmark,985,q11_top_categories,187.34889999999999,10,True,
benchmark,986,q11_top_categories,143.86609999999999,10,True,
benchmark,987,q11_top_categories,139.8091,10,True,
benchmark,988,q11_top_categories,144.12049999999999,10,True,
benchmark,989,q11_top_categories,145.90379999999999,10,True,
benchmark,990,q11_top_categories,143.8228,10,True,
benchmark,991,q11_top_categories,141.93430000000001,10,True,
benchmark,992,q11_top_categories,142.79480000000001,10,True,
benchmark,993,q11_top_categories,142.07759999999999,10,True,
benchmark,994,q11_top_categories,127.1326,10,True,
benchmark,995,q11_top_categories,132.6618,10,True,
benchmark,996,q11_top_categories,146.4522,10,True,
benchmark,997,q11_top_categories,123.8265,10,True,
benchmark,998,q11_top_categories,124.1936,10,True,
benchmark,999,q11_top_categories,146.9092,10,True,
benchmark,1000,q11_top_categories,138.33359999999999,10,True,
