phase,request_index,query_name,latency_ms,rows_returned,ok,error
warmup,0,q1_user_by_id,0.92691599999999996,1,True,
warmup,1,q2_all_users,10.375166,200,True,
warmup,2,q3_user_by_login,0.71074899999999996,1,True,
warmup,3,q4_sellers_rating,142.703292,100,True,
warmup,4,q5_orders_offset,12.741707999999999,50,True,
warmup,5,q6_products_by_seller,0.316166,1,True,
warmup,6,q7_products_join_sellers,0.49004199999999998,1,True,
warmup,7,q8_order_items_join_products,2.1596250000000001,2,True,
warmup,8,q9_orders_items_products_by_user,1.330084,0,True,
warmup,9,q10_top_sellers_qty,165.90371099999999,20,True,
warmup,10,q11_top_categories,0.25762499999999999,0,True,
warmup,11,q1_user_by_id,0.203625,1,True,
warmup,12,q2_all_users,8.1307919999999996,200,True,
warmup,13,q3_user_by_login,0.33350099999999999,1,True,
warmup,14,q4_sellers_rating,48.895333000000001,100,True,
warmup,15,q5_orders_offset,5.5560830000000001,50,True,
warmup,16,q6_products_by_seller,0.17945800000000001,1,True,
warmup,17,q7_products_join_sellers,0.087416999999999995,0,True,
warmup,18,q8_order_items_join_products,0.28658299999999998,5,True,
warmup,19,q9_orders_items_products_by_user,0.22212499999999999,0,True,
warmup,20,q10_top_sellers_qty,139.79924600000001,20,True,
warmup,21,q11_top_categories,0.28262500000000002,0,True,
warmup,22,q1_user_by_id,0.23974999999999999,1,True,
warmup,23,q2_all_users,7.6794159999999998,200,True,
warmup,24,q3_user_by_login,0.30812400000000001,1,True,
warmup,25,q4_sellers_rating,49.716957999999998,100,True,
warmup,26,q5_orders_offset,5.7249590000000001,50,True,
warmup,27,q6_products_by_seller,0.18304200000000001,1,True,
warmup,28,q7_products_join_sellers,0.092166999999999999,0,True,
warmup,29,q8_order_items_join_products,0.26933299999999999,1,True,
warmup,30,q9_orders_items_products_by_user,0.85820799999999997,5,True,
warmup,31,q10_top_sellers_qty,119.696991,20,True,
warmup,32,q11_top_categories,0.198708,0,True,
warmup,33,q1_user_by_id,0.18037400000000001,1,True,
warmup,34,q2_all_users,8.3252919999999992,200,True,
warmup,35,q3_user_by_login,0.221167,1,True,
warmup,36,q4_sellers_rating,46.969791999999998,100,True,
warmup,37,q5_orders_offset,3.7476669999999999,50,True,
warmup,38,q6_products_by_seller,0.18108399999999999,3,True,
warmup,39,q7_products_join_sellers,0.243834,1,True,
warmup,40,q8_order_items_join_products,0.27454099999999998,1,True,
warmup,41,q9_orders_items_products_by_user,0.076166999999999999,0,True,
warmup,42,q10_top_sellers_qty,84.704419000000001,20,True,
warmup,43,q11_top_categories,0.17349999999999999,0,True,
warmup,44,q1_user_by_id,0.158168,1,True,
warmup,45,q2_all_users,3.7301660000000001,200,True,
warmup,46,q3_user_by_login,0.26745799999999997,1,True,
warmup,47,q4_sellers_rating,45.874791999999999,100,True,
warmup,48,q5_orders_offset,1.623542,50,True,
warmup,49,q6_products_by_seller,0.160667,1,True,
warmup,50,q7_products_join_sellers,0.24470800000000001,2,True,
warmup,51,q8_order_items_join_products,0.21720800000000001,1,True,
warmup,52,q9_orders_items_products_by_user,0.076790999999999998,0,True,
warmup,53,q10_top_sellers_qty,103.97441600000001,20,True,
warmup,54,q11_top_categories,0.22733300000000001,0,True,
warmup,55,q1_user_by_id,0.23225100000000001,1,True,
warmup,56,q2_all_users,4.3487080000000002,200,True,
warmup,57,q3_user_by_login,0.169959,1,True,
warmup,58,q4_sellers_rating,46.578375000000001,100,True,
warmup,59,q5_orders_offset,1.651292,50,True,
warmup,60,q6_products_by_seller,0.18945899999999999,1,True,
warmup,61,q7_products_join_sellers,0.234375,3,True,
warmup,62,q8_order_items_join_products,0.30125000000000002,1,True,
warmup,63,q9_orders_items_products_by_user,0.90871000000000002,4,True,
warmup,64,q10_top_sellers_qty,67.927626000000004,20,True,
warmup,65,q11_top_categories,0.20349999999999999,0,True,
warmup,66,q1_user_by_id,0.18083299999999999,1,True,
warmup,67,q2_all_users,4.7993750000000004,200,True,
warmup,68,q3_user_by_login,0.27274999999999999,1,True,
warmup,69,q4_sellers_rating,46.058124999999997,100,True,
warmup,70,q5_orders_offset,2.0717910000000002,50,True,
warmup,71,q6_products_by_seller,0.114,0,True,
warmup,72,q7_products_join_sellers,0.24820900000000001,2,True,
warmup,73,q8_order_items_join_products,0.28141699999999997,4,True,
warmup,74,q9_orders_items_products_by_user,0.071666999999999995,0,True,
warmup,75,q10_top_sellers_qty,62.562662000000003,20,True,
warmup,76,q11_top_categories,0.17924999999999999,0,True,
warmup,77,q1_user_by_id,0.183917,1,True,
warmup,78,q2_all_users,4.1079990000000004,200,True,
warmup,79,q3_user_by_login,0.28445900000000002,1,True,
warmup,80,q4_sellers_rating,46.804707999999998,100,True,
warmup,81,q5_orders_offset,4.6109590000000003,50,True,
warmup,82,q6_products_by_seller,0.16600000000000001,2,True,
warmup,83,q7_products_join_sellers,0.22450000000000001,4,True,
warmup,84,q8_order_items_join_products,0.208541,4,True,
warmup,85,q9_orders_items_products_by_user,0.066917000000000004,0,True,
warmup,86,q10_top_sellers_qty,56.756407000000003,20,True,
warmup,87,q11_top_categories,0.12720799999999999,0,True,
warmup,88,q1_user_by_id,0.201375,1,True,
warmup,89,q2_all_users,3.1007500000000001,200,True,
warmup,90,q3_user_by_login,2.4352499999999999,1,True,
warmup,91,q4_sellers_rating,45.133042000000003,100,True,
warmup,92,q5_orders_offset,2.512292,50,True,
warmup,93,q6_products_by_seller,0.152083,1,True,
warmup,94,q7_products_join_sellers,0.219082,2,True,
warmup,95,q8_order_items_join_products,0.27641700000000002,3,True,
warmup,96,q9_orders_items_products_by_user,0.085625000000000007,0,True,
warmup,97,q10_top_sellers_qty,57.431666999999997,20,True,
warmup,98,q11_top_categories,0.144375,0,True,
warmup,99,q1_user_by_id,0.15329100000000001,1,True,
warmup,100,q2_all_users,4.1257910000000004,200,True,
warmup,101,q3_user_by_login,0.19958400000000001,1,True,
warmup,102,q4_sellers_rating,41.798915999999998,100,True,
warmup,103,q5_orders_offset,1.5566249999999999,50,True,
warmup,104,q6_products_by_seller,0.093875,0,True,
warmup,105,q7_products_join_sellers,0.20566599999999999,1,True,
warmup,106,q8_order_items_join_products,0.27745799999999998,5,True,
warmup,107,q9_orders_items_products_by_user,0.093415999999999999,0,True,
warmup,108,q10_top_sellers_qty,70.756372999999996,20,True,
warmup,109,q11_top_categories,0.99216700000000002,0,True,
warmup,110,q1_user_by_id,0.24162600000000001,1,True,
warmup,111,q2_all_users,4.6910410000000002,200,True,
warmup,112,q3_user_by_login,0.99383299999999997,1,True,
warmup,113,q4_sellers_rating,50.811041000000003,100,True,
warmup,114,q5_orders_offset,1.560292,50,True,
warmup,115,q6_products_by_seller,0.083791000000000004,0,True,
warmup,116,q7_products_join_sellers,0.23524999999999999,1,True,
warmup,117,q8_order_items_join_products,0.22712399999999999,4,True,
warmup,118,q9_orders_items_products_by_user,0.089499999999999996,0,True,
warmup,119,q10_top_sellers_qty,61.438037000000001,20,True,
warmup,120,q11_top_categories,0.17533399999999999,0,True,
warmup,121,q1_user_by_id,0.16420799999999999,1,True,
warmup,122,q2_all_users,3.4876670000000001,200,True,
warmup,123,q3_user_by_login,0.14899999999999999,1,True,
warmup,124,q4_sellers_rating,46.099583000000003,100,True,
warmup,125,q5_orders_offset,1.5816669999999999,50,True,
warmup,126,q6_products_by_seller,0.144458,1,True,
warmup,127,q7_products_join_sellers,0.21429100000000001,1,True,
warmup,128,q8_order_items_join_products,0.21112500000000001,3,True,
warmup,129,q9_orders_items_products_by_user,0.75824899999999995,3,True,
warmup,130,q10_top_sellers_qty,60.146089000000003,20,True,
warmup,131,q11_top_categories,0.19558300000000001,0,True,
warmup,132,q1_user_by_id,0.205792,1,True,
warmup,133,q2_all_users,5.7775420000000004,200,True,
warmup,134,q3_user_by_login,0.17995900000000001,1,True,
warmup,135,q4_sellers_rating,60.468958000000001,100,True,
warmup,136,q5_orders_offset,1.5721670000000001,50,True,
warmup,137,q6_products_by_seller,0.081291000000000002,0,True,
warmup,138,q7_products_join_sellers,0.2155,3,True,
warmup,139,q8_order_items_join_products,0.214667,2,True,
warmup,140,q9_orders_items_products_by_user,0.060207999999999998,0,True,
warmup,141,q10_top_sellers_qty,53.755122999999998,20,True,
warmup,142,q11_top_categories,0.88979200000000003,0,True,
warmup,143,q1_user_by_id,0.16279099999999999,1,True,
warmup,144,q2_all_users,2.6194579999999998,200,True,
warmup,145,q3_user_by_login,0.168208,1,True,
warmup,146,q4_sellers_rating,33.607582999999998,100,True,
warmup,147,q5_orders_offset,1.467209,50,True,
warmup,148,q6_products_by_seller,0.084292000000000006,0,True,
warmup,149,q7_products_join_sellers,0.212585,1,True,
warmup,150,q8_order_items_join_products,0.21241599999999999,2,True,
warmup,151,q9_orders_items_products_by_user,0.25974900000000001,0,True,
warmup,152,q10_top_sellers_qty,55.818297000000001,20,True,
warmup,153,q11_top_categories,0.13416700000000001,0,True,
warmup,154,q1_user_by_id,0.18041599999999999,1,True,
warmup,155,q2_all_users,3.2090420000000002,200,True,
warmup,156,q3_user_by_login,0.15049999999999999,1,True,
warmup,157,q4_sellers_rating,41.272333000000003,100,True,
warmup,158,q5_orders_offset,1.5207079999999999,50,True,
warmup,159,q6_products_by_seller,0.17995800000000001,1,True,
warmup,160,q7_products_join_sellers,0.21183399999999999,1,True,
warmup,161,q8_order_items_join_products,0.21308299999999999,3,True,
warmup,162,q9_orders_items_products_by_user,0.45087699999999997,2,True,
warmup,163,q10_top_sellers_qty,68.648585999999995,20,True,
warmup,164,q11_top_categories,0.12970899999999999,0,True,
warmup,165,q1_user_by_id,0.23591699999999999,1,True,
warmup,166,q2_all_users,3.4358749999999998,200,True,
warmup,167,q3_user_by_login,0.236875,1,True,
warmup,168,q4_sellers_rating,44.521833999999998,100,True,
warmup,169,q5_orders_offset,1.4972920000000001,50,True,
warmup,170,q6_products_by_seller,0.091999999999999998,0,True,
warmup,171,q7_products_join_sellers,0.093875,0,True,
warmup,172,q8_order_items_join_products,0.23716699999999999,1,True,
warmup,173,q9_orders_items_products_by_user,0.53662399999999999,3,True,
warmup,174,q10_top_sellers_qty,59.712958999999998,20,True,
warmup,175,q11_top_categories,0.169625,0,True,
warmup,176,q1_user_by_id,0.21058299999999999,1,True,
warmup,177,q2_all_users,3.372125,200,True,
warmup,178,q3_user_by_login,0.16608300000000001,1,True,
warmup,179,q4_sellers_rating,43.526375000000002,100,True,
warmup,180,q5_orders_offset,1.4877499999999999,50,True,
warmup,181,q6_products_by_seller,0.14041699999999999,2,True,
warmup,182,q7_products_join_sellers,0.23241700000000001,2,True,
warmup,183,q8_order_items_join_products,0.24870800000000001,1,True,
warmup,184,q9_orders_items_products_by_user,0.573627,3,True,
warmup,185,q10_top_sellers_qty,70.72833,20,True,
warmup,186,q11_top_categories,0.19708300000000001,0,True,
warmup,187,q1_user_by_id,0.17558199999999999,1,True,
warmup,188,q2_all_users,3.4474999999999998,200,True,
warmup,189,q3_user_by_login,0.198791,1,True,
warmup,190,q4_sellers_rating,40.372875000000001,100,True,
warmup,191,q5_orders_offset,1.55775,50,True,
warmup,192,q6_products_by_seller,0.159583,2,True,
warmup,193,q7_products_join_sellers,0.221501,1,True,
warmup,194,q8_order_items_join_products,0.23474999999999999,4,True,
warmup,195,q9_orders_items_products_by_user,0.190668,0,True,
warmup,196,q10_top_sellers_qty,61.476166999999997,20,True,
warmup,197,q11_top_categories,0.19162499999999999,0,True,
warmup,198,q1_user_by_id,0.28945799999999999,1,True,
warmup,199,q2_all_users,3.9496250000000002,200,True,
benchmark,1,q1_user_by_id,0.59358299999999997,1,True,
benchmark,2,q2_all_users,7.1284999999999998,200,True,
benchmark,3,q3_user_by_login,0.32120799999999999,1,True,
benchmark,4,q4_sellers_rating,50.361209000000002,100,True,
benchmark,5,q5_orders_offset,1.7370829999999999,50,True,
benchmark,6,q6_products_by_seller,0.144125,1,True,
benchmark,7,q7_products_join_sellers,0.20191700000000001,1,True,
benchmark,8,q8_order_items_join_products,0.19366700000000001,1,True,
benchmark,9,q9_orders_items_products_by_user,0.056541000000000001,0,True,
benchmark,10,q10_top_sellers_qty,63.117956,20,True,
benchmark,11,q11_top_categories,0.184584,0,True,
benchmark,12,q1_user_by_id,0.75924999999999998,1,True,
benchmark,13,q2_all_users,6.5743330000000002,200,True,
benchmark,14,q3_user_by_login,0.15212500000000001,1,True,
benchmark,15,q4_sellers_rating,44.844833999999999,100,True,
benchmark,16,q5_orders_offset,1.4959990000000001,50,True,
benchmark,17,q6_products_by_seller,0.14899999999999999,1,True,
benchmark,18,q7_products_join_sellers,0.21012500000000001,1,True,
benchmark,19,q8_order_items_join_products,0.213751,3,True,
benchmark,20,q9_orders_items_products_by_user,0.059874999999999998,0,True,
benchmark,21,q10_top_sellers_qty,60.707462,20,True,
benchmark,22,q11_top_categories,0.14141699999999999,0,True,
benchmark,23,q1_user_by_id,0.139625,1,True,
benchmark,24,q2_all_users,2.945459,200,True,
benchmark,25,q3_user_by_login,0.16612499999999999,1,True,
benchmark,26,q4_sellers_rating,40.832374999999999,100,True,
benchmark,27,q5_orders_offset,1.622458,50,True,
benchmark,28,q6_products_by_seller,0.16266600000000001,1,True,
benchmark,29,q7_products_join_sellers,0.204375,1,True,
benchmark,30,q8_order_items_join_products,0.221,4,True,
benchmark,31,q9_orders_items_products_by_user,0.20474899999999999,0,True,
benchmark,32,q10_top_sellers_qty,75.651714999999996,20,True,
benchmark,33,q11_top_categories,0.139292,0,True,
benchmark,34,q1_user_by_id,0.25854199999999999,1,True,
benchmark,35,q2_all_users,3.8710830000000001,200,True,
benchmark,36,q3_user_by_login,0.25045800000000001,1,True,
benchmark,37,q4_sellers_rating,44.378250000000001,100,True,
benchmark,38,q5_orders_offset,4.7220000000000004,50,True,
benchmark,39,q6_products_by_seller,0.176625,2,True,
benchmark,40,q7_products_join_sellers,0.208624,2,True,
benchmark,41,q8_order_items_join_products,0.217501,3,True,
benchmark,42,q9_orders_items_products_by_user,0.33712399999999998,1,True,
benchmark,43,q10_top_sellers_qty,67.050121000000004,20,True,
benchmark,44,q11_top_categories,0.13508400000000001,0,True,
benchmark,45,q1_user_by_id,0.18108199999999999,1,True,
benchmark,46,q2_all_users,3.9372090000000002,200,True,
benchmark,47,q3_user_by_login,0.187667,1,True,
benchmark,48,q4_sellers_rating,42.984833999999999,100,True,
benchmark,49,q5_orders_offset,1.6009990000000001,50,True,
benchmark,50,q6_products_by_seller,0.081000000000000003,0,True,
benchmark,51,q7_products_join_sellers,0.079917000000000002,0,True,
benchmark,52,q8_order_items_join_products,0.233209,4,True,
benchmark,53,q9_orders_items_products_by_user,0.39825100000000002,2,True,
benchmark,54,q10_top_sellers_qty,73.620953,20,True,
benchmark,55,q11_top_categories,0.13650000000000001,0,True,
benchmark,56,q1_user_by_id,0.145375,1,True,
benchmark,57,q2_all_users,3.5578750000000001,200,True,
benchmark,58,q3_user_by_login,0.24249899999999999,1,True,
benchmark,59,q4_sellers_rating,43.192290999999997,100,True,
benchmark,60,q5_orders_offset,1.4779169999999999,50,True,
benchmark,61,q6_products_by_seller,0.14766599999999999,1,True,
benchmark,62,q7_products_join_sellers,0.19429199999999999,1,True,
benchmark,63,q8_order_items_join_products,0.23649999999999999,5,True,
benchmark,64,q9_orders_items_products_by_user,0.557917,4,True,
benchmark,65,q10_top_sellers_qty,53.597534000000003,20,True,
benchmark,66,q11_top_categories,0.136792,0,True,
benchmark,67,q1_user_by_id,0.14299999999999999,1,True,
benchmark,68,q2_all_users,3.2852510000000001,200,True,
benchmark,69,q3_user_by_login,0.18595900000000001,1,True,
benchmark,70,q4_sellers_rating,41.344499999999996,100,True,
benchmark,71,q5_orders_offset,1.498791,50,True,
benchmark,72,q6_products_by_seller,0.156584,1,True,
benchmark,73,q7_products_join_sellers,0.22175,1,True,
benchmark,74,q8_order_items_join_products,0.215,5,True,
benchmark,75,q9_orders_items_products_by_user,0.071832999999999994,0,True,
benchmark,76,q10_top_sellers_qty,57.478377000000002,20,True,
benchmark,77,q11_top_categories,0.126334,0,True,
benchmark,78,q1_user_by_id,0.13270799999999999,1,True,
benchmark,79,q2_all_users,2.8717489999999999,200,True,
benchmark,80,q3_user_by_login,0.18529200000000001,1,True,
benchmark,81,q4_sellers_rating,42.362623999999997,100,True,
benchmark,82,q5_orders_offset,1.4899169999999999,50,True,
benchmark,83,q6_products_by_seller,0.140542,1,True,
benchmark,84,q7_products_join_sellers,0.20887500000000001,1,True,
benchmark,85,q8_order_items_join_products,0.21183299999999999,2,True,
benchmark,86,q9_orders_items_products_by_user,0.067167000000000004,0,True,
benchmark,87,q10_top_sellers_qty,53.287539000000002,20,True,
benchmark,88,q11_top_categories,0.14833399999999999,0,True,
benchmark,89,q1_user_by_id,0.24345800000000001,1,True,
benchmark,90,q2_all_users,5.2587089999999996,200,True,
benchmark,91,q3_user_by_login,0.15729199999999999,1,True,
benchmark,92,q4_sellers_rating,40.853124999999999,100,True,
benchmark,93,q5_orders_offset,1.4788330000000001,50,True,
benchmark,94,q6_products_by_seller,0.081250000000000003,0,True,
benchmark,95,q7_products_join_sellers,0.077707999999999999,0,True,
benchmark,96,q8_order_items_join_products,0.224083,2,True,
benchmark,97,q9_orders_items_products_by_user,0.25608199999999998,0,True,
benchmark,98,q10_top_sellers_qty,58.952669,20,True,
benchmark,99,q11_top_categories,0.44237500000000002,0,True,
benchmark,100,q1_user_by_id,0.25770900000000002,1,True,
benchmark,101,q2_all_users,3.8392499999999998,200,True,
benchmark,102,q3_user_by_login,0.20341600000000001,1,True,
benchmark,103,q4_sellers_rating,40.109166999999999,100,True,
benchmark,104,q5_orders_offset,1.5033749999999999,50,True,
benchmark,105,q6_products_by_seller,0.17016700000000001,1,True,
benchmark,106,q7_products_join_sellers,0.20958299999999999,1,True,
benchmark,107,q8_order_items_join_products,0.215751,2,True,
benchmark,108,q9_orders_items_products_by_user,0.20624999999999999,0,True,
benchmark,109,q10_top_sellers_qty,67.901875000000004,20,True,
benchmark,110,q11_top_categories,0.15475,0,True,
benchmark,111,q1_user_by_id,0.19691600000000001,1,True,
benchmark,112,q2_all_users,3.8242910000000001,200,True,
benchmark,113,q3_user_by_login,0.205626,1,True,
benchmark,114,q4_sellers_rating,49.744124999999997,100,True,
benchmark,115,q5_orders_offset,4.8228759999999999,50,True,
benchmark,116,q6_products_by_seller,0.14887500000000001,1,True,
benchmark,117,q7_products_join_sellers,0.21670800000000001,1,True,
benchmark,118,q8_order_items_join_products,0.22304199999999999,1,True,
benchmark,119,q9_orders_items_products_by_user,0.068167000000000005,0,True,
benchmark,120,q10_top_sellers_qty,73.765666999999993,20,True,
benchmark,121,q11_top_categories,0.128166,0,True,
benchmark,122,q1_user_by_id,0.237291,1,True,
benchmark,123,q2_all_users,3.8173339999999998,200,True,
benchmark,124,q3_user_by_login,0.253166,1,True,
benchmark,125,q4_sellers_rating,49.205292,100,True,
benchmark,126,q5_orders_offset,1.539792,50,True,
benchmark,127,q6_products_by_seller,0.15454100000000001,4,True,
benchmark,128,q7_products_join_sellers,0.22445899999999999,4,True,
benchmark,129,q8_order_items_join_products,0.21671000000000001,4,True,
benchmark,130,q9_orders_items_products_by_user,0.064875000000000002,0,True,
benchmark,131,q10_top_sellers_qty,52.461829000000002,20,True,
benchmark,132,q11_top_categories,0.14724999999999999,0,True,
benchmark,133,q1_user_by_id,0.13325000000000001,1,True,
benchmark,134,q2_all_users,3.0626669999999998,200,True,
benchmark,135,q3_user_by_login,0.21745900000000001,1,True,
benchmark,136,q4_sellers_rating,40.936292000000002,100,True,
benchmark,137,q5_orders_offset,1.6286670000000001,50,True,
benchmark,138,q6_products_by_seller,0.17025000000000001,4,True,
benchmark,139,q7_products_join_sellers,0.237625,4,True,
benchmark,140,q8_order_items_join_products,0.21012500000000001,1,True,
benchmark,141,q9_orders_items_products_by_user,0.68125000000000002,5,True,
benchmark,142,q10_top_sellers_qty,61.807791999999999,20,True,
benchmark,143,q11_top_categories,0.153333,0,True,
benchmark,144,q1_user_by_id,0.153916,1,True,
benchmark,145,q2_all_users,3.8679999999999999,200,True,
benchmark,146,q3_user_by_login,0.15220800000000001,1,True,
benchmark,147,q4_sellers_rating,41.674292000000001,100,True,
benchmark,148,q5_orders_offset,1.5598749999999999,50,True,
benchmark,149,q6_products_by_seller,0.24454200000000001,2,True,
benchmark,150,q7_products_join_sellers,0.20649999999999999,2,True,
benchmark,151,q8_order_items_join_products,0.20608299999999999,1,True,
benchmark,152,q9_orders_items_products_by_user,0.61133400000000004,5,True,
benchmark,153,q10_top_sellers_qty,71.509456,20,True,
benchmark,154,q11_top_categories,0.14199999999999999,0,True,
benchmark,155,q1_user_by_id,0.13941600000000001,1,True,
benchmark,156,q2_all_users,3.295458,200,True,
benchmark,157,q3_user_by_login,0.24479200000000001,1,True,
benchmark,158,q4_sellers_rating,48.925418000000001,100,True,
benchmark,159,q5_orders_offset,1.633624,50,True,
benchmark,160,q6_products_by_seller,0.090665999999999997,0,True,
benchmark,161,q7_products_join_sellers,0.098375000000000004,0,True,
benchmark,162,q8_order_items_join_products,0.22595799999999999,1,True,
benchmark,163,q9_orders_items_products_by_user,0.80028999999999995,5,True,
benchmark,164,q10_top_sellers_qty,70.515880999999993,20,True,
benchmark,165,q11_top_categories,0.14962500000000001,0,True,
benchmark,166,q1_user_by_id,0.136042,1,True,
benchmark,167,q2_all_users,6.6049579999999999,200,True,
benchmark,168,q3_user_by_login,0.252417,1,True,
benchmark,169,q4_sellers_rating,47.740499999999997,100,True,
benchmark,170,q5_orders_offset,1.5417510000000001,50,True,
benchmark,171,q6_products_by_seller,0.084459000000000006,0,True,
benchmark,172,q7_products_join_sellers,0.077165999999999998,0,True,
benchmark,173,q8_order_items_join_products,0.243168,4,True,
benchmark,174,q9_orders_items_products_by_user,0.40500000000000003,2,True,
benchmark,175,q10_top_sellers_qty,76.587675000000004,20,True,
benchmark,176,q11_top_categories,0.13925000000000001,0,True,
benchmark,177,q1_user_by_id,0.25849899999999998,1,True,
benchmark,178,q2_all_users,3.7614999999999998,200,True,
benchmark,179,q3_user_by_login,0.30962499999999998,1,True,
benchmark,180,q4_sellers_rating,46.548208000000002,100,True,
benchmark,181,q5_orders_offset,1.431959,50,True,
benchmark,182,q6_products_by_seller,0.14962600000000001,1,True,
benchmark,183,q7_products_join_sellers,0.174375,1,True,
benchmark,184,q8_order_items_join_products,0.20216700000000001,2,True,
benchmark,185,q9_orders_items_products_by_user,0.061749999999999999,0,True,
benchmark,186,q10_top_sellers_qty,56.147247,20,True,
benchmark,187,q11_top_categories,0.13733400000000001,0,True,
benchmark,188,q1_user_by_id,0.142709,1,True,
benchmark,189,q2_all_users,3.5745,200,True,
benchmark,190,q3_user_by_login,0.19529099999999999,1,True,
benchmark,191,q4_sellers_rating,40.864710000000002,100,True,
benchmark,192,q5_orders_offset,1.5485409999999999,50,True,
benchmark,193,q6_products_by_seller,0.082792000000000004,0,True,
benchmark,194,q7_products_join_sellers,0.078458,0,True,
benchmark,195,q8_order_items_join_products,0.23325000000000001,4,True,
benchmark,196,q9_orders_items_products_by_user,0.070125000000000007,0,True,
benchmark,197,q10_top_sellers_qty,58.195416000000002,20,True,
benchmark,198,q11_top_categories,0.14108399999999999,0,True,
benchmark,199,q1_user_by_id,0.158501,1,True,
benchmark,200,q2_all_users,3.301666,200,True,
benchmark,201,q3_user_by_login,0.19408400000000001,1,True,
benchmark,202,q4_sellers_rating,40.305416000000001,100,True,
benchmark,203,q5_orders_offset,1.5024169999999999,50,True,
benchmark,204,q6_products_by_seller,0.069084000000000007,0,True,
benchmark,205,q7_products_join_sellers,0.073749999999999996,0,True,
benchmark,206,q8_order_items_join_products,0.22495799999999999,5,True,
benchmark,207,q9_orders_items_products_by_user,0.25433299999999998,0,True,
benchmark,208,q10_top_sellers_qty,59.382421000000001,20,True,
benchmark,209,q11_top_categories,0.135125,0,True,
benchmark,210,q1_user_by_id,0.16441700000000001,1,True,
benchmark,211,q2_all_users,8.3503749999999997,200,True,
benchmark,212,q3_user_by_login,0.171209,1,True,
benchmark,213,q4_sellers_rating,45.245708999999998,100,True,
benchmark,214,q5_orders_offset,1.589167,50,True,
benchmark,215,q6_products_by_seller,0.15525,3,True,
benchmark,216,q7_products_join_sellers,0.27104200000000001,3,True,
benchmark,217,q8_order_items_join_products,0.20824999999999999,4,True,
benchmark,218,q9_orders_items_products_by_user,0.23375000000000001,0,True,
benchmark,219,q10_top_sellers_qty,64.621290000000002,20,True,
benchmark,220,q11_top_categories,0.140709,0,True,
benchmark,221,q1_user_by_id,0.12945799999999999,1,True,
benchmark,222,q2_all_users,3.3762089999999998,200,True,
benchmark,223,q3_user_by_login,0.198541,1,True,
benchmark,224,q4_sellers_rating,43.729959000000001,100,True,
benchmark,225,q5_orders_offset,1.5012490000000001,50,True,
benchmark,226,q6_products_by_seller,0.085666000000000006,0,True,
benchmark,227,q7_products_join_sellers,0.080542000000000002,0,True,
benchmark,228,q8_order_items_join_products,0.21283299999999999,2,True,
benchmark,229,q9_orders_items_products_by_user,0.061416999999999999,0,True,
benchmark,230,q10_top_sellers_qty,64.858304000000004,20,True,
benchmark,231,q11_top_categories,0.13008400000000001,0,True,
benchmark,232,q1_user_by_id,0.15670899999999999,1,True,
benchmark,233,q2_all_users,3.6305000000000001,200,True,
benchmark,234,q3_user_by_login,0.15670799999999999,1,True,
benchmark,235,q4_sellers_rating,45.847000000000001,100,True,
benchmark,236,q5_orders_offset,4.4705000000000004,50,True,
benchmark,237,q6_products_by_seller,0.23674899999999999,1,True,
benchmark,238,q7_products_join_sellers,0.46520800000000001,1,True,
benchmark,239,q8_order_items_join_products,0.24183299999999999,5,True,
benchmark,240,q9_orders_items_products_by_user,0.078875000000000001,0,True,
benchmark,241,q10_top_sellers_qty,63.671047999999999,20,True,
benchmark,242,q11_top_categories,0.134959,0,True,
benchmark,243,q1_user_by_id,0.1915,1,True,
benchmark,244,q2_all_users,3.2183739999999998,200,True,
benchmark,245,q3_user_by_login,0.23941699999999999,1,True,
benchmark,246,q4_sellers_rating,42.718708999999997,100,True,
benchmark,247,q5_orders_offset,1.4334169999999999,50,True,
benchmark,248,q6_products_by_seller,0.094375000000000001,0,True,
benchmark,249,q7_products_join_sellers,0.087791999999999995,0,True,
benchmark,250,q8_order_items_join_products,0.250666,4,True,
benchmark,251,q9_orders_items_products_by_user,0.51058499999999996,4,True,
benchmark,252,q10_top_sellers_qty,62.491044000000002,20,True,
benchmark,253,q11_top_categories,0.138375,0,True,
benchmark,254,q1_user_by_id,0.151167,1,True,
benchmark,255,q2_all_users,5.8213340000000002,200,True,
benchmark,256,q3_user_by_login,0.15229100000000001,1,True,
benchmark,257,q4_sellers_rating,39.802666000000002,100,True,
benchmark,258,q5_orders_offset,1.5184169999999999,50,True,
benchmark,259,q6_products_by_seller,0.090624999999999997,0,True,
benchmark,260,q7_products_join_sellers,0.079375000000000001,0,True,
benchmark,261,q8_order_items_join_products,0.22566700000000001,5,True,
benchmark,262,q9_orders_items_products_by_user,0.21695900000000001,0,True,
benchmark,263,q10_top_sellers_qty,71.326171000000002,20,True,
benchmark,264,q11_top_categories,0.15525,0,True,
benchmark,265,q1_user_by_id,0.139542,1,True,
benchmark,266,q2_all_users,3.5477080000000001,200,True,
benchmark,267,q3_user_by_login,0.14962500000000001,1,True,
benchmark,268,q4_sellers_rating,50.554250000000003,100,True,
benchmark,269,q5_orders_offset,1.5424169999999999,50,True,
benchmark,270,q6_products_by_seller,0.080209000000000003,0,True,
benchmark,271,q7_products_join_sellers,0.080667000000000003,0,True,
benchmark,272,q8_order_items_join_products,0.19662399999999999,1,True,
benchmark,273,q9_orders_items_products_by_user,0.26050099999999998,0,True,
benchmark,274,q10_top_sellers_qty,74.249246999999997,20,True,
benchmark,275,q11_top_categories,0.135042,0,True,
benchmark,276,q1_user_by_id,0.13758300000000001,1,True,
benchmark,277,q2_all_users,3.7040419999999998,200,True,
benchmark,278,q3_user_by_login,0.236208,1,True,
benchmark,279,q4_sellers_rating,49.064666000000003,100,True,
benchmark,280,q5_orders_offset,1.568416,50,True,
benchmark,281,q6_products_by_seller,0.092665999999999998,0,True,
benchmark,282,q7_products_join_sellers,0.088999999999999996,0,True,
benchmark,283,q8_order_items_join_products,0.25379200000000002,2,True,
benchmark,284,q9_orders_items_products_by_user,0.19641700000000001,0,True,
benchmark,285,q10_top_sellers_qty,77.745082999999994,20,True,
benchmark,286,q11_top_categories,0.15079200000000001,0,True,
benchmark,287,q1_user_by_id,0.218,1,True,
benchmark,288,q2_all_users,10.679042000000001,200,True,
benchmark,289,q3_user_by_login,0.250417,1,True,
benchmark,290,q4_sellers_rating,45.751624999999997,100,True,
benchmark,291,q5_orders_offset,1.505792,50,True,
benchmark,292,q6_products_by_seller,0.150584,1,True,
benchmark,293,q7_products_join_sellers,0.20191700000000001,1,True,
benchmark,294,q8_order_items_join_products,0.208457,1,True,
benchmark,295,q9_orders_items_products_by_user,0.068000000000000005,0,True,
benchmark,296,q10_top_sellers_qty,69.092951999999997,20,True,
benchmark,297,q11_top_categories,0.217667,0,True,
benchmark,298,q1_user_by_id,0.26591700000000001,1,True,
benchmark,299,q2_all_users,6.4971249999999996,200,True,
benchmark,300,q3_user_by_login,0.238792,1,True,
benchmark,301,q4_sellers_rating,41.851582999999998,100,True,
benchmark,302,q5_orders_offset,1.4708749999999999,50,True,
benchmark,303,q6_products_by_seller,0.14524999999999999,1,True,
benchmark,304,q7_products_join_sellers,0.215333,1,True,
benchmark,305,q8_order_items_join_products,0.21575,1,True,
benchmark,306,q9_orders_items_products_by_user,0.062459000000000001,0,True,
benchmark,307,q10_top_sellers_qty,90.517544999999998,20,True,
benchmark,308,q11_top_categories,0.138541,0,True,
benchmark,309,q1_user_by_id,0.23824999999999999,1,True,
benchmark,310,q2_all_users,3.3767499999999999,200,True,
benchmark,311,q3_user_by_login,0.15004200000000001,1,True,
benchmark,312,q4_sellers_rating,47.301124999999999,100,True,
benchmark,313,q5_orders_offset,1.682958,50,True,
benchmark,314,q6_products_by_seller,0.076624999999999999,0,True,
benchmark,315,q7_products_join_sellers,0.066209000000000004,0,True,
benchmark,316,q8_order_items_join_products,0.21729299999999999,3,True,
benchmark,317,q9_orders_items_products_by_user,1.1454200000000001,10,True,
benchmark,318,q10_top_sellers_qty,66.987419000000003,20,True,
benchmark,319,q11_top_categories,0.12895899999999999,0,True,
benchmark,320,q1_user_by_id,0.23708199999999999,1,True,
benchmark,321,q2_all_users,3.603583,200,True,
benchmark,322,q3_user_by_login,0.18604100000000001,1,True,
benchmark,323,q4_sellers_rating,44.488833,100,True,
benchmark,324,q5_orders_offset,1.4256260000000001,50,True,
benchmark,325,q6_products_by_seller,0.13304199999999999,2,True,
benchmark,326,q7_products_join_sellers,0.21020800000000001,2,True,
benchmark,327,q8_order_items_join_products,0.20175000000000001,1,True,
benchmark,328,q9_orders_items_products_by_user,0.067167000000000004,0,True,
benchmark,329,q10_top_sellers_qty,61.577959,20,True,
benchmark,330,q11_top_categories,0.15462500000000001,0,True,
benchmark,331,q1_user_by_id,0.203125,1,True,
benchmark,332,q2_all_users,5.2324169999999999,200,True,
benchmark,333,q3_user_by_login,0.234292,1,True,
benchmark,334,q4_sellers_rating,44.179290999999999,100,True,
benchmark,335,q5_orders_offset,1.4955830000000001,50,True,
benchmark,336,q6_products_by_seller,0.087791999999999995,0,True,
benchmark,337,q7_products_join_sellers,0.084500000000000006,0,True,
benchmark,338,q8_order_items_join_products,0.21354200000000001,1,True,
benchmark,339,q9_orders_items_products_by_user,0.60583200000000004,5,True,
benchmark,340,q10_top_sellers_qty,74.588005999999993,20,True,
benchmark,341,q11_top_categories,0.13983300000000001,0,True,
benchmark,342,q1_user_by_id,0.16591600000000001,1,True,
benchmark,343,q2_all_users,3.1300840000000001,200,True,
benchmark,344,q3_user_by_login,0.205375,1,True,
benchmark,345,q4_sellers_rating,40.452666999999998,100,True,
benchmark,346,q5_orders_offset,1.5305420000000001,50,True,
benchmark,347,q6_products_by_seller,0.146791,1,True,
benchmark,348,q7_products_join_sellers,0.204124,1,True,
benchmark,349,q8_order_items_join_products,0.22337599999999999,3,True,
benchmark,350,q9_orders_items_products_by_user,0.067125000000000004,0,True,
benchmark,351,q10_top_sellers_qty,73.791544999999999,20,True,
benchmark,352,q11_top_categories,0.14774999999999999,0,True,
benchmark,353,q1_user_by_id,0.13899900000000001,1,True,
benchmark,354,q2_all_users,3.836249,200,True,
benchmark,355,q3_user_by_login,0.14591599999999999,1,True,
benchmark,356,q4_sellers_rating,44.055582999999999,100,True,
benchmark,357,q5_orders_offset,1.5325420000000001,50,True,
benchmark,358,q6_products_by_seller,0.15925,1,True,
benchmark,359,q7_products_join_sellers,0.20949999999999999,1,True,
benchmark,360,q8_order_items_join_products,0.200958,3,True,
benchmark,361,q9_orders_items_products_by_user,0.063916000000000001,0,True,
benchmark,362,q10_top_sellers_qty,79.814661999999998,20,True,
benchmark,363,q11_top_categories,0.174125,0,True,
benchmark,364,q1_user_by_id,0.24420800000000001,1,True,
benchmark,365,q2_all_users,3.116625,200,True,
benchmark,366,q3_user_by_login,0.15162500000000001,1,True,
benchmark,367,q4_sellers_rating,46.107916000000003,100,True,
benchmark,368,q5_orders_offset,1.534,50,True,
benchmark,369,q6_products_by_seller,0.16429199999999999,1,True,
benchmark,370,q7_products_join_sellers,0.20141700000000001,1,True,
benchmark,371,q8_order_items_join_products,0.19445799999999999,5,True,
benchmark,372,q9_orders_items_products_by_user,0.61024999999999996,4,True,
benchmark,373,q10_top_sellers_qty,93.944666999999995,20,True,
benchmark,374,q11_top_categories,0.189667,0,True,
benchmark,375,q1_user_by_id,0.29429100000000002,1,True,
benchmark,376,q2_all_users,3.470291,200,True,
benchmark,377,q3_user_by_login,0.245667,1,True,
benchmark,378,q4_sellers_rating,43.372376000000003,100,True,
benchmark,379,q5_orders_offset,1.961125,50,True,
benchmark,380,q6_products_by_seller,0.21870800000000001,1,True,
benchmark,381,q7_products_join_sellers,0.25533400000000001,1,True,
benchmark,382,q8_order_items_join_products,0.28091699999999997,2,True,
benchmark,383,q9_orders_items_products_by_user,0.078290999999999999,0,True,
benchmark,384,q10_top_sellers_qty,92.573916999999994,20,True,
benchmark,385,q11_top_categories,1.637,0,True,
benchmark,386,q1_user_by_id,0.38366699999999998,1,True,
benchmark,387,q2_all_users,4.1017919999999997,200,True,
benchmark,388,q3_user_by_login,0.18437500000000001,1,True,
benchmark,389,q4_sellers_rating,45.976999999999997,100,True,
benchmark,390,q5_orders_offset,1.6937500000000001,50,True,
benchmark,391,q6_products_by_seller,0.14637500000000001,1,True,
benchmark,392,q7_products_join_sellers,0.20787600000000001,1,True,
benchmark,393,q8_order_items_join_products,0.21008399999999999,1,True,
benchmark,394,q9_orders_items_products_by_user,0.93291800000000003,9,True,
benchmark,395,q10_top_sellers_qty,58.513047999999998,20,True,
benchmark,396,q11_top_categories,0.12504199999999999,0,True,
benchmark,397,q1_user_by_id,0.22054199999999999,1,True,
benchmark,398,q2_all_users,2.97925,200,True,
benchmark,399,q3_user_by_login,0.28758400000000001,1,True,
benchmark,400,q4_sellers_rating,48.952624999999998,100,True,
benchmark,401,q5_orders_offset,5.6881659999999998,50,True,
benchmark,402,q6_products_by_seller,0.11516700000000001,0,True,
benchmark,403,q7_products_join_sellers,0.109209,0,True,
benchmark,404,q8_order_items_join_products,0.30441600000000002,5,True,
benchmark,405,q9_orders_items_products_by_user,0.26991599999999999,0,True,
benchmark,406,q10_top_sellers_qty,72.101251000000005,20,True,
benchmark,407,q11_top_categories,0.21287500000000001,0,True,
benchmark,408,q1_user_by_id,0.25833299999999998,1,True,
benchmark,409,q2_all_users,3.4184999999999999,200,True,
benchmark,410,q3_user_by_login,0.20641599999999999,1,True,
benchmark,411,q4_sellers_rating,43.447833000000003,100,True,
benchmark,412,q5_orders_offset,1.4796670000000001,50,True,
benchmark,413,q6_products_by_seller,0.199042,0,True,
benchmark,414,q7_products_join_sellers,0.15629199999999999,0,True,
benchmark,415,q8_order_items_join_products,0.46399899999999999,1,True,
benchmark,416,q9_orders_items_products_by_user,0.41512500000000002,0,True,
benchmark,417,q10_top_sellers_qty,57.228079999999999,20,True,
benchmark,418,q11_top_categories,0.134959,0,True,
benchmark,419,q1_user_by_id,0.20491699999999999,1,True,
benchmark,420,q2_all_users,3.135875,200,True,
benchmark,421,q3_user_by_login,0.187166,1,True,
benchmark,422,q4_sellers_rating,39.772125000000003,100,True,
benchmark,423,q5_orders_offset,1.6840010000000001,50,True,
benchmark,424,q6_products_by_seller,0.159333,3,True,
benchmark,425,q7_products_join_sellers,0.21095900000000001,3,True,
benchmark,426,q8_order_items_join_products,0.20816699999999999,2,True,
benchmark,427,q9_orders_items_products_by_user,0.276167,0,True,
benchmark,428,q10_top_sellers_qty,67.222868000000005,20,True,
benchmark,429,q11_top_categories,0.111542,0,True,
benchmark,430,q1_user_by_id,0.18166599999999999,1,True,
benchmark,431,q2_all_users,3.353666,200,True,
benchmark,432,q3_user_by_login,0.14812500000000001,1,True,
benchmark,433,q4_sellers_rating,44.933,100,True,
benchmark,434,q5_orders_offset,1.6458330000000001,50,True,
benchmark,435,q6_products_by_seller,0.14870800000000001,1,True,
benchmark,436,q7_products_join_sellers,0.205126,1,True,
benchmark,437,q8_order_items_join_products,0.19633300000000001,5,True,
benchmark,438,q9_orders_items_products_by_user,0.55258300000000005,5,True,
benchmark,439,q10_top_sellers_qty,64.103301000000002,20,True,
benchmark,440,q11_top_categories,0.16708400000000001,0,True,
benchmark,441,q1_user_by_id,0.21170800000000001,1,True,
benchmark,442,q2_all_users,3.228167,200,True,
benchmark,443,q3_user_by_login,0.16404199999999999,1,True,
benchmark,444,q4_sellers_rating,40.155290999999998,100,True,
benchmark,445,q5_orders_offset,1.6489579999999999,50,True,
benchmark,446,q6_products_by_seller,0.19633300000000001,2,True,
benchmark,447,q7_products_join_sellers,0.28025,2,True,
benchmark,448,q8_order_items_join_products,0.27791700000000003,1,True,
benchmark,449,q9_orders_items_products_by_user,0.099375000000000005,0,True,
benchmark,450,q10_top_sellers_qty,67.695876999999996,20,True,
benchmark,451,q11_top_categories,0.13129199999999999,0,True,
benchmark,452,q1_user_by_id,0.16570799999999999,1,True,
benchmark,453,q2_all_users,9.3539999999999992,200,True,
benchmark,454,q3_user_by_login,0.14925099999999999,1,True,
benchmark,455,q4_sellers_rating,41.768667000000001,100,True,
benchmark,456,q5_orders_offset,1.4672080000000001,50,True,
benchmark,457,q6_products_by_seller,0.14725099999999999,1,True,
benchmark,458,q7_products_join_sellers,0.20225000000000001,1,True,
benchmark,459,q8_order_items_join_products,0.201375,2,True,
benchmark,460,q9_orders_items_products_by_user,0.067917000000000005,0,True,
benchmark,461,q10_top_sellers_qty,71.080453000000006,20,True,
benchmark,462,q11_top_categories,0.15495800000000001,0,True,
benchmark,463,q1_user_by_id,0.168375,1,True,
benchmark,464,q2_all_users,3.688917,200,True,
benchmark,465,q3_user_by_login,0.20291799999999999,1,True,
benchmark,466,q4_sellers_rating,41.041831999999999,100,True,
benchmark,467,q5_orders_offset,1.5634159999999999,50,True,
benchmark,468,q6_products_by_seller,0.082167000000000004,0,True,
benchmark,469,q7_products_join_sellers,0.080000000000000002,0,True,
benchmark,470,q8_order_items_join_products,0.222751,1,True,
benchmark,471,q9_orders_items_products_by_user,0.25925100000000001,0,True,
benchmark,472,q10_top_sellers_qty,68.777585999999999,20,True,
benchmark,473,q11_top_categories,0.14762500000000001,0,True,
benchmark,474,q1_user_by_id,0.12579199999999999,1,True,
benchmark,475,q2_all_users,3.6199159999999999,200,True,
benchmark,476,q3_user_by_login,0.185833,1,True,
benchmark,477,q4_sellers_rating,43.927791999999997,100,True,
benchmark,478,q5_orders_offset,1.500375,50,True,
benchmark,479,q6_products_by_seller,0.068750000000000006,0,True,
benchmark,480,q7_products_join_sellers,0.080333000000000002,0,True,
benchmark,481,q8_order_items_join_products,0.222167,2,True,
benchmark,482,q9_orders_items_products_by_user,0.060416999999999998,0,True,
benchmark,483,q10_top_sellers_qty,80.562048000000004,20,True,
benchmark,484,q11_top_categories,0.15270800000000001,0,True,
benchmark,485,q1_user_by_id,0.215666,1,True,
benchmark,486,q2_all_users,4.6960410000000001,200,True,
benchmark,487,q3_user_by_login,0.264291,1,True,
benchmark,488,q4_sellers_rating,44.576873999999997,100,True,
benchmark,489,q5_orders_offset,1.5661240000000001,50,True,
benchmark,490,q6_products_by_seller,0.14695800000000001,1,True,
benchmark,491,q7_products_join_sellers,0.19075,1,True,
benchmark,492,q8_order_items_join_products,0.223583,4,True,
benchmark,493,q9_orders_items_products_by_user,0.074041999999999997,0,True,
benchmark,494,q10_top_sellers_qty,60.549295000000001,20,True,
benchmark,495,q11_top_categories,0.14724999999999999,0,True,
benchmark,496,q1_user_by_id,0.139708,1,True,
benchmark,497,q2_all_users,3.1009169999999999,200,True,
benchmark,498,q3_user_by_login,0.167542,1,True,
benchmark,499,q4_sellers_rating,44.741750000000003,100,True,
benchmark,500,q5_orders_offset,1.480542,50,True,
benchmark,501,q6_products_by_seller,0.161417,3,True,
benchmark,502,q7_products_join_sellers,0.22966600000000001,3,True,
benchmark,503,q8_order_items_join_products,0.203541,2,True,
benchmark,504,q9_orders_items_products_by_user,0.072333999999999996,0,True,
benchmark,505,q10_top_sellers_qty,57.519458,20,True,
benchmark,506,q11_top_categories,0.136458,0,True,
benchmark,507,q1_user_by_id,0.24120800000000001,1,True,
benchmark,508,q2_all_users,4.422917,200,True,
benchmark,509,q3_user_by_login,0.138042,1,True,
benchmark,510,q4_sellers_rating,45.911582000000003,100,True,
benchmark,511,q5_orders_offset,1.723376,50,True,
benchmark,512,q6_products_by_seller,0.17954200000000001,1,True,
benchmark,513,q7_products_join_sellers,0.22766700000000001,1,True,
benchmark,514,q8_order_items_join_products,0.204957,2,True,
benchmark,515,q9_orders_items_products_by_user,0.075332999999999997,0,True,
benchmark,516,q10_top_sellers_qty,59.521791999999998,20,True,
benchmark,517,q11_top_categories,0.12695799999999999,0,True,
benchmark,518,q1_user_by_id,0.13187499999999999,1,True,
benchmark,519,q2_all_users,2.9667910000000002,200,True,
benchmark,520,q3_user_by_login,0.158583,1,True,
benchmark,521,q4_sellers_rating,42.942999999999998,100,True,
benchmark,522,q5_orders_offset,1.547625,50,True,
benchmark,523,q6_products_by_seller,0.076332999999999998,0,True,
benchmark,524,q7_products_join_sellers,0.075416999999999998,0,True,
benchmark,525,q8_order_items_join_products,0.223667,3,True,
benchmark,526,q9_orders_items_products_by_user,0.074583999999999998,0,True,
benchmark,527,q10_top_sellers_qty,55.271538999999997,20,True,
benchmark,528,q11_top_categories,0.129416,0,True,
benchmark,529,q1_user_by_id,0.14770800000000001,1,True,
benchmark,530,q2_all_users,3.1255000000000002,200,True,
benchmark,531,q3_user_by_login,0.23891699999999999,1,True,
benchmark,532,q4_sellers_rating,43.216583,100,True,
benchmark,533,q5_orders_offset,1.4747509999999999,50,True,
benchmark,534,q6_products_by_seller,0.083875000000000005,0,True,
benchmark,535,q7_products_join_sellers,0.081542000000000003,0,True,
benchmark,536,q8_order_items_join_products,0.25666699999999998,1,True,
benchmark,537,q9_orders_items_products_by_user,0.78616699999999995,2,True,
benchmark,538,q10_top_sellers_qty,63.070160000000001,20,True,
benchmark,539,q11_top_categories,0.13758400000000001,0,True,
benchmark,540,q1_user_by_id,0.13358300000000001,1,True,
benchmark,541,q2_all_users,3.1655000000000002,200,True,
benchmark,542,q3_user_by_login,0.23658399999999999,1,True,
benchmark,543,q4_sellers_rating,41.975665999999997,100,True,
benchmark,544,q5_orders_offset,1.453667,50,True,
benchmark,545,q6_products_by_seller,0.129417,1,True,
benchmark,546,q7_products_join_sellers,0.19237499999999999,1,True,
benchmark,547,q8_order_items_join_products,0.20937600000000001,4,True,
benchmark,548,q9_orders_items_products_by_user,0.45958399999999999,3,True,
benchmark,549,q10_top_sellers_qty,73.857079999999996,20,True,
benchmark,550,q11_top_categories,2.271833,0,True,
benchmark,551,q1_user_by_id,0.49637399999999998,1,True,
benchmark,552,q2_all_users,2.9787080000000001,200,True,
benchmark,553,q3_user_by_login,0.136626,1,True,
benchmark,554,q4_sellers_rating,43.796582000000001,100,True,
benchmark,555,q5_orders_offset,1.5169170000000001,50,True,
benchmark,556,q6_products_by_seller,0.15295800000000001,2,True,
benchmark,557,q7_products_join_sellers,0.224916,2,True,
benchmark,558,q8_order_items_join_products,0.220083,3,True,
benchmark,559,q9_orders_items_products_by_user,0.065291000000000002,0,True,
benchmark,560,q10_top_sellers_qty,52.729916000000003,20,True,
benchmark,561,q11_top_categories,0.14000000000000001,0,True,
benchmark,562,q1_user_by_id,0.16370799999999999,1,True,
benchmark,563,q2_all_users,3.334041,200,True,
benchmark,564,q3_user_by_login,0.154083,1,True,
benchmark,565,q4_sellers_rating,37.409457000000003,100,True,
benchmark,566,q5_orders_offset,1.6053329999999999,50,True,
benchmark,567,q6_products_by_seller,0.084375000000000006,0,True,
benchmark,568,q7_products_join_sellers,0.083791000000000004,0,True,
benchmark,569,q8_order_items_join_products,0.20691699999999999,1,True,
benchmark,570,q9_orders_items_products_by_user,0.063416,0,True,
benchmark,571,q10_top_sellers_qty,60.828626,20,True,
benchmark,572,q11_top_categories,0.15066599999999999,0,True,
benchmark,573,q1_user_by_id,0.14899999999999999,1,True,
benchmark,574,q2_all_users,3.476626,200,True,
benchmark,575,q3_user_by_login,0.230293,1,True,
benchmark,576,q4_sellers_rating,42.718958000000001,100,True,
benchmark,577,q5_orders_offset,1.450707,50,True,
benchmark,578,q6_products_by_seller,0.072958999999999996,0,True,
benchmark,579,q7_products_join_sellers,0.069667000000000007,0,True,
benchmark,580,q8_order_items_join_products,0.22454199999999999,4,True,
benchmark,581,q9_orders_items_products_by_user,0.069708000000000006,0,True,
benchmark,582,q10_top_sellers_qty,58.534959000000001,20,True,
benchmark,583,q11_top_categories,0.13258300000000001,0,True,
benchmark,584,q1_user_by_id,0.13,1,True,
benchmark,585,q2_all_users,3.1117080000000001,200,True,
benchmark,586,q3_user_by_login,0.17845900000000001,1,True,
benchmark,587,q4_sellers_rating,42.468291999999998,100,True,
benchmark,588,q5_orders_offset,1.4215,50,True,
benchmark,589,q6_products_by_seller,0.15312500000000001,2,True,
benchmark,590,q7_products_join_sellers,0.20958199999999999,2,True,
benchmark,591,q8_order_items_join_products,0.219084,4,True,
benchmark,592,q9_orders_items_products_by_user,0.065417000000000003,0,True,
benchmark,593,q10_top_sellers_qty,62.592120999999999,20,True,
benchmark,594,q11_top_categories,0.140292,0,True,
benchmark,595,q1_user_by_id,0.47362500000000002,1,True,
benchmark,596,q2_all_users,3.2985000000000002,200,True,
benchmark,597,q3_user_by_login,0.19062399999999999,1,True,
benchmark,598,q4_sellers_rating,40.101666999999999,100,True,
benchmark,599,q5_orders_offset,1.525625,50,True,
benchmark,600,q6_products_by_seller,0.137792,2,True,
benchmark,601,q7_products_join_sellers,0.20558299999999999,2,True,
benchmark,602,q8_order_items_join_products,0.21975,2,True,
benchmark,603,q9_orders_items_products_by_user,0.54045900000000002,3,True,
benchmark,604,q10_top_sellers_qty,74.477716000000001,20,True,
benchmark,605,q11_top_categories,0.13641600000000001,0,True,
benchmark,606,q1_user_by_id,0.23966699999999999,1,True,
benchmark,607,q2_all_users,11.773959,200,True,
benchmark,608,q3_user_by_login,0.25545800000000002,1,True,
benchmark,609,q4_sellers_rating,41.228873999999998,100,True,
benchmark,610,q5_orders_offset,1.5123329999999999,50,True,
benchmark,611,q6_products_by_seller,0.152999,1,True,
benchmark,612,q7_products_join_sellers,0.21187500000000001,1,True,
benchmark,613,q8_order_items_join_products,0.21195800000000001,2,True,
benchmark,614,q9_orders_items_products_by_user,0.20250000000000001,0,True,
benchmark,615,q10_top_sellers_qty,62.355243999999999,20,True,
benchmark,616,q11_top_categories,0.53879100000000002,0,True,
benchmark,617,q1_user_by_id,0.17916699999999999,1,True,
benchmark,618,q2_all_users,3.3380420000000002,200,True,
benchmark,619,q3_user_by_login,0.15679100000000001,1,True,
benchmark,620,q4_sellers_rating,42.449956999999998,100,True,
benchmark,621,q5_orders_offset,1.6012500000000001,50,True,
benchmark,622,q6_products_by_seller,0.15587400000000001,1,True,
benchmark,623,q7_products_join_sellers,0.20450099999999999,1,True,
benchmark,624,q8_order_items_join_products,0.21625,4,True,
benchmark,625,q9_orders_items_products_by_user,0.061041999999999999,0,True,
benchmark,626,q10_top_sellers_qty,57.941164999999998,20,True,
benchmark,627,q11_top_categories,0.136291,0,True,
benchmark,628,q1_user_by_id,0.14158399999999999,1,True,
benchmark,629,q2_all_users,7.2752920000000003,200,True,
benchmark,630,q3_user_by_login,0.16112499999999999,1,True,
benchmark,631,q4_sellers_rating,46.158334000000004,100,True,
benchmark,632,q5_orders_offset,1.4690000000000001,50,True,
benchmark,633,q6_products_by_seller,0.084500000000000006,0,True,
benchmark,634,q7_products_join_sellers,0.075999999999999998,0,True,
benchmark,635,q8_order_items_join_products,0.20566499999999999,1,True,
benchmark,636,q9_orders_items_products_by_user,0.71225000000000005,5,True,
benchmark,637,q10_top_sellers_qty,55.546827,20,True,
benchmark,638,q11_top_categories,0.14720800000000001,0,True,
benchmark,639,q1_user_by_id,0.170375,1,True,
benchmark,640,q2_all_users,3.014208,200,True,
benchmark,641,q3_user_by_login,0.14720900000000001,1,True,
benchmark,642,q4_sellers_rating,37.236958000000001,100,True,
benchmark,643,q5_orders_offset,1.4945409999999999,50,True,
benchmark,644,q6_products_by_seller,0.18745800000000001,2,True,
benchmark,645,q7_products_join_sellers,0.20108300000000001,2,True,
benchmark,646,q8_order_items_join_products,0.209124,1,True,
benchmark,647,q9_orders_items_products_by_user,0.064417000000000002,0,True,
benchmark,648,q10_top_sellers_qty,59.403658,20,True,
benchmark,649,q11_top_categories,0.13345899999999999,0,True,
benchmark,650,q1_user_by_id,0.129333,1,True,
benchmark,651,q2_all_users,4.1008750000000003,200,True,
benchmark,652,q3_user_by_login,0.14499999999999999,1,True,
benchmark,653,q4_sellers_rating,43.808208,100,True,
benchmark,654,q5_orders_offset,4.6446249999999996,50,True,
benchmark,655,q6_products_by_seller,0.156249,1,True,
benchmark,656,q7_products_join_sellers,0.20583299999999999,1,True,
benchmark,657,q8_order_items_join_products,0.20933299999999999,3,True,
benchmark,658,q9_orders_items_products_by_user,0.056208000000000001,0,True,
benchmark,659,q10_top_sellers_qty,68.482675999999998,20,True,
benchmark,660,q11_top_categories,0.13583300000000001,0,True,
benchmark,661,q1_user_by_id,0.232292,1,True,
benchmark,662,q2_all_users,3.1101670000000001,200,True,
benchmark,663,q3_user_by_login,0.158333,1,True,
benchmark,664,q4_sellers_rating,45.951708000000004,100,True,
benchmark,665,q5_orders_offset,1.597874,50,True,
benchmark,666,q6_products_by_seller,0.16408400000000001,1,True,
benchmark,667,q7_products_join_sellers,0.38921,1,True,
benchmark,668,q8_order_items_join_products,0.24887500000000001,3,True,
benchmark,669,q9_orders_items_products_by_user,3.3354569999999999,10,True,
benchmark,670,q10_top_sellers_qty,57.777999999999999,20,True,
benchmark,671,q11_top_categories,0.13129099999999999,0,True,
benchmark,672,q1_user_by_id,0.14795900000000001,1,True,
benchmark,673,q2_all_users,3.3426670000000001,200,True,
benchmark,674,q3_user_by_login,0.21770800000000001,1,True,
benchmark,675,q4_sellers_rating,42.536831999999997,100,True,
benchmark,676,q5_orders_offset,1.5784579999999999,50,True,
benchmark,677,q6_products_by_seller,0.142625,3,True,
benchmark,678,q7_products_join_sellers,0.2135,3,True,
benchmark,679,q8_order_items_join_products,0.20449999999999999,4,True,
benchmark,680,q9_orders_items_products_by_user,0.070541999999999994,0,True,
benchmark,681,q10_top_sellers_qty,75.222081000000003,20,True,
benchmark,682,q11_top_categories,0.13933300000000001,0,True,
benchmark,683,q1_user_by_id,0.236875,1,True,
benchmark,684,q2_all_users,3.861459,200,True,
benchmark,685,q3_user_by_login,0.23891599999999999,1,True,
benchmark,686,q4_sellers_rating,43.389875000000004,100,True,
benchmark,687,q5_orders_offset,1.4949589999999999,50,True,
benchmark,688,q6_products_by_seller,0.078209000000000001,0,True,
benchmark,689,q7_products_join_sellers,0.082500000000000004,0,True,
benchmark,690,q8_order_items_join_products,0.204708,1,True,
benchmark,691,q9_orders_items_products_by_user,0.50783400000000001,4,True,
benchmark,692,q10_top_sellers_qty,70.146953999999994,20,True,
benchmark,693,q11_top_categories,0.13287499999999999,0,True,
benchmark,694,q1_user_by_id,0.182167,1,True,
benchmark,695,q2_all_users,3.2686250000000001,200,True,
benchmark,696,q3_user_by_login,0.17908299999999999,1,True,
benchmark,697,q4_sellers_rating,42.551084000000003,100,True,
benchmark,698,q5_orders_offset,1.517334,50,True,
benchmark,699,q6_products_by_seller,0.13525000000000001,3,True,
benchmark,700,q7_products_join_sellers,0.20141700000000001,3,True,
benchmark,701,q8_order_items_join_products,0.203125,3,True,
benchmark,702,q9_orders_items_products_by_user,0.50595699999999999,4,True,
benchmark,703,q10_top_sellers_qty,55.28942,20,True,
benchmark,704,q11_top_categories,0.136542,0,True,
benchmark,705,q1_user_by_id,0.13395799999999999,1,True,
benchmark,706,q2_all_users,5.4097920000000004,200,True,
benchmark,707,q3_user_by_login,0.161083,1,True,
benchmark,708,q4_sellers_rating,42.464706999999997,100,True,
benchmark,709,q5_orders_offset,1.6364160000000001,50,True,
benchmark,710,q6_products_by_seller,0.14716599999999999,1,True,
benchmark,711,q7_products_join_sellers,0.279833,1,True,
benchmark,712,q8_order_items_join_products,0.42616700000000002,4,True,
benchmark,713,q9_orders_items_products_by_user,0.80904200000000004,4,True,
benchmark,714,q10_top_sellers_qty,110.96658499999999,20,True,
benchmark,715,q11_top_categories,0.152583,0,True,
benchmark,716,q1_user_by_id,0.27641700000000002,1,True,
benchmark,717,q2_all_users,4.1056670000000004,200,True,
benchmark,718,q3_user_by_login,0.15495900000000001,1,True,
benchmark,719,q4_sellers_rating,43.882125000000002,100,True,
benchmark,720,q5_orders_offset,1.5974999999999999,50,True,
benchmark,721,q6_products_by_seller,0.16254199999999999,2,True,
benchmark,722,q7_products_join_sellers,0.22012499999999999,2,True,
benchmark,723,q8_order_items_join_products,0.20912500000000001,2,True,
benchmark,724,q9_orders_items_products_by_user,0.061040999999999998,0,True,
benchmark,725,q10_top_sellers_qty,61.890915,20,True,
benchmark,726,q11_top_categories,0.16004099999999999,0,True,
benchmark,727,q1_user_by_id,0.14516699999999999,1,True,
benchmark,728,q2_all_users,4.1342080000000001,200,True,
benchmark,729,q3_user_by_login,0.247667,1,True,
benchmark,730,q4_sellers_rating,43.153540999999997,100,True,
benchmark,731,q5_orders_offset,1.6599159999999999,50,True,
benchmark,732,q6_products_by_seller,0.084916000000000005,0,True,
benchmark,733,q7_products_join_sellers,0.080250000000000002,0,True,
benchmark,734,q8_order_items_join_products,0.20691599999999999,3,True,
benchmark,735,q9_orders_items_products_by_user,0.062542,0,True,
benchmark,736,q10_top_sellers_qty,62.508209999999998,20,True,
benchmark,737,q11_top_categories,0.141125,0,True,
benchmark,738,q1_user_by_id,0.159,1,True,
benchmark,739,q2_all_users,7.3105000000000002,200,True,
benchmark,740,q3_user_by_login,0.17887500000000001,1,True,
benchmark,741,q4_sellers_rating,42.155667000000001,100,True,
benchmark,742,q5_orders_offset,1.4213750000000001,50,True,
benchmark,743,q6_products_by_seller,0.13775100000000001,2,True,
benchmark,744,q7_products_join_sellers,0.220915,2,True,
benchmark,745,q8_order_items_join_products,0.22816700000000001,5,True,
benchmark,746,q9_orders_items_products_by_user,0.52887499999999998,4,True,
benchmark,747,q10_top_sellers_qty,59.585413000000003,20,True,
benchmark,748,q11_top_categories,0.13916700000000001,0,True,
benchmark,749,q1_user_by_id,0.18737500000000001,1,True,
benchmark,750,q2_all_users,4.4721250000000001,200,True,
benchmark,751,q3_user_by_login,0.15662499999999999,1,True,
benchmark,752,q4_sellers_rating,44.736167000000002,100,True,
benchmark,753,q5_orders_offset,1.5037499999999999,50,True,
benchmark,754,q6_products_by_seller,0.15779099999999999,1,True,
benchmark,755,q7_products_join_sellers,0.217834,1,True,
benchmark,756,q8_order_items_join_products,0.21804100000000001,2,True,
benchmark,757,q9_orders_items_products_by_user,0.186834,0,True,
benchmark,758,q10_top_sellers_qty,61.706704000000002,20,True,
benchmark,759,q11_top_categories,0.16633400000000001,0,True,
benchmark,760,q1_user_by_id,0.197376,1,True,
benchmark,761,q2_all_users,3.4987499999999998,200,True,
benchmark,762,q3_user_by_login,0.32579200000000003,1,True,
benchmark,763,q4_sellers_rating,44.319208000000003,100,True,
benchmark,764,q5_orders_offset,1.5745420000000001,50,True,
benchmark,765,q6_products_by_seller,0.078708,0,True,
benchmark,766,q7_products_join_sellers,0.075999999999999998,0,True,
benchmark,767,q8_order_items_join_products,0.21345800000000001,5,True,
benchmark,768,q9_orders_items_products_by_user,0.45066600000000001,2,True,
benchmark,769,q10_top_sellers_qty,75.520425000000003,20,True,
benchmark,770,q11_top_categories,0.12870799999999999,0,True,
benchmark,771,q1_user_by_id,0.234375,1,True,
benchmark,772,q2_all_users,3.3487079999999998,200,True,
benchmark,773,q3_user_by_login,0.18895799999999999,1,True,
benchmark,774,q4_sellers_rating,44.992500999999997,100,True,
benchmark,775,q5_orders_offset,1.6036250000000001,50,True,
benchmark,776,q6_products_by_seller,0.095417000000000002,0,True,
benchmark,777,q7_products_join_sellers,0.094083,0,True,
benchmark,778,q8_order_items_join_products,0.25362600000000002,5,True,
benchmark,779,q9_orders_items_products_by_user,0.083250000000000005,0,True,
benchmark,780,q10_top_sellers_qty,85.254375999999993,20,True,
benchmark,781,q11_top_categories,0.12720899999999999,0,True,
benchmark,782,q1_user_by_id,0.139459,1,True,
benchmark,783,q2_all_users,3.9498329999999999,200,True,
benchmark,784,q3_user_by_login,0.157166,1,True,
benchmark,785,q4_sellers_rating,43.575167,100,True,
benchmark,786,q5_orders_offset,1.5509999999999999,50,True,
benchmark,787,q6_products_by_seller,0.087249999999999994,0,True,
benchmark,788,q7_products_join_sellers,0.070499999999999993,0,True,
benchmark,789,q8_order_items_join_products,0.218834,5,True,
benchmark,790,q9_orders_items_products_by_user,0.46641500000000002,3,True,
benchmark,791,q10_top_sellers_qty,63.337994999999999,20,True,
benchmark,792,q11_top_categories,0.13100000000000001,0,True,
benchmark,793,q1_user_by_id,0.11808299999999999,1,True,
benchmark,794,q2_all_users,3.5814590000000002,200,True,
benchmark,795,q3_user_by_login,0.14491699999999999,1,True,
benchmark,796,q4_sellers_rating,48.081249,100,True,
benchmark,797,q5_orders_offset,1.549876,50,True,
benchmark,798,q6_products_by_seller,0.160334,2,True,
benchmark,799,q7_products_join_sellers,0.20358200000000001,2,True,
benchmark,800,q8_order_items_join_products,0.220667,4,True,
benchmark,801,q9_orders_items_products_by_user,0.30837599999999998,0,True,
benchmark,802,q10_top_sellers_qty,68.467044000000001,20,True,
benchmark,803,q11_top_categories,0.13312499999999999,0,True,
benchmark,804,q1_user_by_id,0.12720899999999999,1,True,
benchmark,805,q2_all_users,3.3734160000000002,200,True,
benchmark,806,q3_user_by_login,0.22891600000000001,1,True,
benchmark,807,q4_sellers_rating,44.270375000000001,100,True,
benchmark,808,q5_orders_offset,1.52525,50,True,
benchmark,809,q6_products_by_seller,0.10279099999999999,0,True,
benchmark,810,q7_products_join_sellers,0.092707999999999999,0,True,
benchmark,811,q8_order_items_join_products,0.24687500000000001,4,True,
benchmark,812,q9_orders_items_products_by_user,0.075665999999999997,0,True,
benchmark,813,q10_top_sellers_qty,65.440918999999994,20,True,
benchmark,814,q11_top_categories,0.127417,0,True,
benchmark,815,q1_user_by_id,0.11808299999999999,1,True,
benchmark,816,q2_all_users,3.3043749999999998,200,True,
benchmark,817,q3_user_by_login,0.19716700000000001,1,True,
benchmark,818,q4_sellers_rating,45.860208,100,True,
benchmark,819,q5_orders_offset,1.5292079999999999,50,True,
benchmark,820,q6_products_by_seller,0.155667,1,True,
benchmark,821,q7_products_join_sellers,0.21454100000000001,1,True,
benchmark,822,q8_order_items_join_products,0.222333,3,True,
benchmark,823,q9_orders_items_products_by_user,0.073166999999999996,0,True,
benchmark,824,q10_top_sellers_qty,65.619544000000005,20,True,
benchmark,825,q11_top_categories,0.14358399999999999,0,True,
benchmark,826,q1_user_by_id,0.159167,1,True,
benchmark,827,q2_all_users,5.4293750000000003,200,True,
benchmark,828,q3_user_by_login,0.19708300000000001,1,True,
benchmark,829,q4_sellers_rating,44.888083000000002,100,True,
benchmark,830,q5_orders_offset,1.523374,50,True,
benchmark,831,q6_products_by_seller,0.17283399999999999,1,True,
benchmark,832,q7_products_join_sellers,0.216333,1,True,
benchmark,833,q8_order_items_join_products,0.20866699999999999,1,True,
benchmark,834,q9_orders_items_products_by_user,0.063542000000000001,0,True,
benchmark,835,q10_top_sellers_qty,80.023003000000003,20,True,
benchmark,836,q11_top_categories,0.135542,0,True,
benchmark,837,q1_user_by_id,0.12825,1,True,
benchmark,838,q2_all_users,3.670166,200,True,
benchmark,839,q3_user_by_login,0.15929199999999999,1,True,
benchmark,840,q4_sellers_rating,42.052166999999997,100,True,
benchmark,841,q5_orders_offset,1.4652080000000001,50,True,
benchmark,842,q6_products_by_seller,0.085750000000000007,0,True,
benchmark,843,q7_products_join_sellers,0.086166000000000006,0,True,
benchmark,844,q8_order_items_join_products,0.29391699999999998,4,True,
benchmark,845,q9_orders_items_products_by_user,1.03979,5,True,
benchmark,846,q10_top_sellers_qty,79.832543999999999,20,True,
benchmark,847,q11_top_categories,0.17199999999999999,0,True,
benchmark,848,q1_user_by_id,0.206459,1,True,
benchmark,849,q2_all_users,4.2258339999999999,200,True,
benchmark,850,q3_user_by_login,0.14783299999999999,1,True,
benchmark,851,q4_sellers_rating,43.563541999999998,100,True,
benchmark,852,q5_orders_offset,1.530875,50,True,
benchmark,853,q6_products_by_seller,0.151583,2,True,
benchmark,854,q7_products_join_sellers,0.233791,2,True,
benchmark,855,q8_order_items_join_products,0.25695800000000002,1,True,
benchmark,856,q9_orders_items_products_by_user,0.231625,0,True,
benchmark,857,q10_top_sellers_qty,72.028244999999998,20,True,
benchmark,858,q11_top_categories,0.143042,0,True,
benchmark,859,q1_user_by_id,0.14191599999999999,1,True,
benchmark,860,q2_all_users,6.0666669999999998,200,True,
benchmark,861,q3_user_by_login,0.24349999999999999,1,True,
benchmark,862,q4_sellers_rating,42.923915999999998,100,True,
benchmark,863,q5_orders_offset,1.455125,50,True,
benchmark,864,q6_products_by_seller,0.080083000000000001,0,True,
benchmark,865,q7_products_join_sellers,0.081750000000000003,0,True,
benchmark,866,q8_order_items_join_products,0.225499,4,True,
benchmark,867,q9_orders_items_products_by_user,0.20616699999999999,0,True,
benchmark,868,q10_top_sellers_qty,66.286330000000007,20,True,
benchmark,869,q11_top_categories,0.13029099999999999,0,True,
benchmark,870,q1_user_by_id,0.140458,1,True,
benchmark,871,q2_all_users,5.4402920000000003,200,True,
benchmark,872,q3_user_by_login,0.190417,1,True,
benchmark,873,q4_sellers_rating,42.138458999999997,100,True,
benchmark,874,q5_orders_offset,1.605874,50,True,
benchmark,875,q6_products_by_seller,0.152249,1,True,
benchmark,876,q7_products_join_sellers,0.1865,1,True,
benchmark,877,q8_order_items_join_products,0.205709,2,True,
benchmark,878,q9_orders_items_products_by_user,0.064792000000000002,0,True,
benchmark,879,q10_top_sellers_qty,90.063333,20,True,
benchmark,880,q11_top_categories,0.123375,0,True,
benchmark,881,q1_user_by_id,0.13,1,True,
benchmark,882,q2_all_users,3.7986659999999999,200,True,
benchmark,883,q3_user_by_login,0.22712499999999999,1,True,
benchmark,884,q4_sellers_rating,48.927332999999997,100,True,
benchmark,885,q5_orders_offset,1.8106260000000001,50,True,
benchmark,886,q6_products_by_seller,0.1575,1,True,
benchmark,887,q7_products_join_sellers,0.22120999999999999,1,True,
benchmark,888,q8_order_items_join_products,0.20416699999999999,1,True,
benchmark,889,q9_orders_items_products_by_user,0.065917000000000003,0,True,
benchmark,890,q10_top_sellers_qty,79.190126000000006,20,True,
benchmark,891,q11_top_categories,0.13070899999999999,0,True,
benchmark,892,q1_user_by_id,0.20724899999999999,1,True,
benchmark,893,q2_all_users,3.028292,200,True,
benchmark,894,q3_user_by_login,0.23974999999999999,1,True,
benchmark,895,q4_sellers_rating,41.614125000000001,100,True,
benchmark,896,q5_orders_offset,1.5898330000000001,50,True,
benchmark,897,q6_products_by_seller,0.166292,2,True,
benchmark,898,q7_products_join_sellers,0.20600099999999999,2,True,
benchmark,899,q8_order_items_join_products,0.220917,1,True,
benchmark,900,q9_orders_items_products_by_user,0.066958000000000004,0,True,
benchmark,901,q10_top_sellers_qty,59.879702999999999,20,True,
benchmark,902,q11_top_categories,0.408667,0,True,
benchmark,903,q1_user_by_id,0.26358399999999998,1,True,
benchmark,904,q2_all_users,5.3660420000000002,200,True,
benchmark,905,q3_user_by_login,0.189167,1,True,
benchmark,906,q4_sellers_rating,43.981375,100,True,
benchmark,907,q5_orders_offset,1.501333,50,True,
benchmark,908,q6_products_by_seller,0.13254199999999999,2,True,
benchmark,909,q7_products_join_sellers,0.19237599999999999,2,True,
benchmark,910,q8_order_items_join_products,0.228542,3,True,
benchmark,911,q9_orders_items_products_by_user,1.318791,2,True,
benchmark,912,q10_top_sellers_qty,58.162123999999999,20,True,
benchmark,913,q11_top_categories,0.12895799999999999,0,True,
benchmark,914,q1_user_by_id,0.19741700000000001,1,True,
benchmark,915,q2_all_users,3.5895000000000001,200,True,
benchmark,916,q3_user_by_login,0.21066699999999999,1,True,
benchmark,917,q4_sellers_rating,42.603498999999999,100,True,
benchmark,918,q5_orders_offset,1.535709,50,True,
benchmark,919,q6_products_by_seller,0.15112500000000001,4,True,
benchmark,920,q7_products_join_sellers,0.213584,4,True,
benchmark,921,q8_order_items_join_products,0.24937500000000001,3,True,
benchmark,922,q9_orders_items_products_by_user,0.96428999999999998,8,True,
benchmark,923,q10_top_sellers_qty,66.306375000000003,20,True,
benchmark,924,q11_top_categories,0.14441599999999999,0,True,
benchmark,925,q1_user_by_id,0.150917,1,True,
benchmark,926,q2_all_users,4.1833739999999997,200,True,
benchmark,927,q3_user_by_login,0.161,1,True,
benchmark,928,q4_sellers_rating,44.255958,100,True,
benchmark,929,q5_orders_offset,1.9520420000000001,50,True,
benchmark,930,q6_products_by_seller,0.16162499999999999,2,True,
benchmark,931,q7_products_join_sellers,0.21495800000000001,2,True,
benchmark,932,q8_order_items_join_products,0.21349899999999999,4,True,
benchmark,933,q9_orders_items_products_by_user,0.40262399999999998,2,True,
benchmark,934,q10_top_sellers_qty,55.781379999999999,20,True,
benchmark,935,q11_top_categories,0.151083,0,True,
benchmark,936,q1_user_by_id,0.142125,1,True,
benchmark,937,q2_all_users,3.0949170000000001,200,True,
benchmark,938,q3_user_by_login,0.24270800000000001,1,True,
benchmark,939,q4_sellers_rating,40.126874999999998,100,True,
benchmark,940,q5_orders_offset,1.616376,50,True,
benchmark,941,q6_products_by_seller,0.087374999999999994,0,True,
benchmark,942,q7_products_join_sellers,0.076832999999999999,0,True,
benchmark,943,q8_order_items_join_products,0.23016700000000001,5,True,
benchmark,944,q9_orders_items_products_by_user,0.065166000000000002,0,True,
benchmark,945,q10_top_sellers_qty,56.962209000000001,20,True,
benchmark,946,q11_top_categories,0.136375,0,True,
benchmark,947,q1_user_by_id,0.19366700000000001,1,True,
benchmark,948,q2_all_users,3.8095829999999999,200,True,
benchmark,949,q3_user_by_login,0.14949999999999999,1,True,
benchmark,950,q4_sellers_rating,40.598708999999999,100,True,
benchmark,951,q5_orders_offset,1.5129170000000001,50,True,
benchmark,952,q6_products_by_seller,0.084541000000000005,0,True,
benchmark,953,q7_products_join_sellers,0.069500000000000006,0,True,
benchmark,954,q8_order_items_join_products,0.187251,1,True,
benchmark,955,q9_orders_items_products_by_user,0.065083000000000002,0,True,
benchmark,956,q10_top_sellers_qty,75.297376,20,True,
benchmark,957,q11_top_categories,0.140875,0,True,
benchmark,958,q1_user_by_id,0.1535,1,True,
benchmark,959,q2_all_users,5.5370410000000003,200,True,
benchmark,960,q3_user_by_login,0.15225,1,True,
benchmark,961,q4_sellers_rating,44.142209000000001,100,True,
benchmark,962,q5_orders_offset,1.4628749999999999,50,True,
benchmark,963,q6_products_by_seller,0.153917,2,True,
benchmark,964,q7_products_join_sellers,0.22558300000000001,2,True,
benchmark,965,q8_order_items_join_products,0.21245700000000001,3,True,
benchmark,966,q9_orders_items_products_by_user,0.072124999999999995,0,True,
benchmark,967,q10_top_sellers_qty,67.261795000000006,20,True,
benchmark,968,q11_top_categories,0.128667,0,True,
benchmark,969,q1_user_by_id,0.190833,1,True,
benchmark,970,q2_all_users,3.0399590000000001,200,True,
benchmark,971,q3_user_by_login,0.152249,1,True,
benchmark,972,q4_sellers_rating,39.671083000000003,100,True,
benchmark,973,q5_orders_offset,1.572417,50,True,
benchmark,974,q6_products_by_seller,0.157917,1,True,
benchmark,975,q7_products_join_sellers,0.21479200000000001,1,True,
benchmark,976,q8_order_items_join_products,0.228542,4,True,
benchmark,977,q9_orders_items_products_by_user,0.186418,0,True,
benchmark,978,q10_top_sellers_qty,74.597291999999996,20,True,
benchmark,979,q11_top_categories,0.13783300000000001,0,True,
benchmark,980,q1_user_by_id,0.13700000000000001,1,True,
benchmark,981,q2_all_users,3.3596249999999999,200,True,
benchmark,982,q3_user_by_login,0.15495800000000001,1,True,
benchmark,983,q4_sellers_rating,43.118374000000003,100,True,
benchmark,984,q5_orders_offset,1.596376,50,True,
benchmark,985,q6_products_by_seller,0.136125,2,True,
benchmark,986,q7_products_join_sellers,0.19741800000000001,2,True,
benchmark,987,q8_order_items_join_products,0.21054200000000001,4,True,
benchmark,988,q9_orders_items_products_by_user,0.56620700000000002,4,True,
benchmark,989,q10_top_sellers_qty,64.762,20,True,
benchmark,990,q11_top_categories,0.12679199999999999,0,True,
benchmark,991,q1_user_by_id,0.143041,1,True,
benchmark,992,q2_all_users,6.0160830000000001,200,True,
benchmark,993,q3_user_by_login,0.156916,1,True,
benchmark,994,q4_sellers_rating,44.713541999999997,100,True,
benchmark,995,q5_orders_offset,1.4666250000000001,50,True,
benchmark,996,q6_products_by_seller,0.14637500000000001,2,True,
benchmark,997,q7_products_join_sellers,0.20558399999999999,2,True,
benchmark,998,q8_order_items_join_products,0.22787499999999999,5,True,
benchmark,999,q9_orders_items_products_by_user,0.75183299999999997,6,True,
benchmark,1000,q10_top_sellers_qty,63.587797000000002,20,True,
benchmark,1001,q11_top_categories,0.156333,0,True,
benchmark,1002,q1_user_by_id,0.19508400000000001,1,True,
benchmark,1003,q2_all_users,3.2726660000000001,200,True,
benchmark,1004,q3_user_by_login,0.24074999999999999,1,True,
benchmark,1005,q4_sellers_rating,41.102831999999999,100,True,
benchmark,1006,q5_orders_offset,1.5467919999999999,50,True,
benchmark,1007,q6_products_by_seller,0.080084000000000002,0,True,
benchmark,1008,q7_products_join_sellers,0.077625,0,True,
benchmark,1009,q8_order_items_join_products,0.22833500000000001,4,True,
benchmark,1010,q9_orders_items_products_by_user,0.19554199999999999,0,True,
benchmark,1011,q10_top_sellers_qty,69.991077000000004,20,True,
benchmark,1012,q11_top_categories,0.14499999999999999,0,True,
benchmark,1013,q1_user_by_id,0.213167,1,True,
benchmark,1014,q2_all_users,3.1466660000000002,200,True,
benchmark,1015,q3_user_by_login,0.19045799999999999,1,True,
benchmark,1016,q4_sellers_rating,42.998334,100,True,
benchmark,1017,q5_orders_offset,4.896458,50,True,
benchmark,1018,q6_products_by_seller,0.15033299999999999,2,True,
benchmark,1019,q7_products_join_sellers,0.21887499999999999,2,True,
benchmark,1020,q8_order_items_join_products,0.207541,1,True,
benchmark,1021,q9_orders_items_products_by_user,0.062,0,True,
benchmark,1022,q10_top_sellers_qty,59.194498000000003,20,True,
benchmark,1023,q11_top_categories,0.126334,0,True,
benchmark,1024,q1_user_by_id,0.21995899999999999,1,True,
benchmark,1025,q2_all_users,3.7296260000000001,200,True,
benchmark,1026,q3_user_by_login,0.15454200000000001,1,True,
benchmark,1027,q4_sellers_rating,49.169542,100,True,
benchmark,1028,q5_orders_offset,1.436124,50,True,
benchmark,1029,q6_products_by_seller,0.153333,1,True,
benchmark,1030,q7_products_join_sellers,0.21154300000000001,1,True,
benchmark,1031,q8_order_items_join_products,0.23000000000000001,5,True,
benchmark,1032,q9_orders_items_products_by_user,0.070541000000000006,0,True,
benchmark,1033,q10_top_sellers_qty,71.790504999999996,20,True,
benchmark,1034,q11_top_categories,0.20341699999999999,0,True,
benchmark,1035,q1_user_by_id,0.17966699999999999,1,True,
benchmark,1036,q2_all_users,3.350041,200,True,
benchmark,1037,q3_user_by_login,0.31991599999999998,1,True,
benchmark,1038,q4_sellers_rating,42.263958000000002,100,True,
benchmark,1039,q5_orders_offset,1.5087079999999999,50,True,
benchmark,1040,q6_products_by_seller,0.13420899999999999,2,True,
benchmark,1041,q7_products_join_sellers,0.22729199999999999,2,True,
benchmark,1042,q8_order_items_join_products,0.231875,5,True,
benchmark,1043,q9_orders_items_products_by_user,0.062042,0,True,
benchmark,1044,q10_top_sellers_qty,98.016667999999996,20,True,
benchmark,1045,q11_top_categories,0.185167,0,True,
benchmark,1046,q1_user_by_id,0.16362499999999999,1,True,
benchmark,1047,q2_all_users,4.2418339999999999,200,True,
benchmark,1048,q3_user_by_login,0.138875,1,True,
benchmark,1049,q4_sellers_rating,42.036541999999997,100,True,
benchmark,1050,q5_orders_offset,1.575458,50,True,
benchmark,1051,q6_products_by_seller,0.088040999999999994,0,True,
benchmark,1052,q7_products_join_sellers,0.083875000000000005,0,True,
benchmark,1053,q8_order_items_join_products,0.236875,3,True,
benchmark,1054,q9_orders_items_products_by_user,0.19570799999999999,0,True,
benchmark,1055,q10_top_sellers_qty,78.941119999999998,20,True,
benchmark,1056,q11_top_categories,0.12870799999999999,0,True,
benchmark,1057,q1_user_by_id,0.26487500000000003,1,True,
benchmark,1058,q2_all_users,3.8643339999999999,200,True,
benchmark,1059,q3_user_by_login,0.15975,1,True,
benchmark,1060,q4_sellers_rating,47.553624999999997,100,True,
benchmark,1061,q5_orders_offset,1.6225830000000001,50,True,
benchmark,1062,q6_products_by_seller,0.15312400000000001,1,True,
benchmark,1063,q7_products_join_sellers,0.21262500000000001,1,True,
benchmark,1064,q8_order_items_join_products,0.21529200000000001,4,True,
benchmark,1065,q9_orders_items_products_by_user,0.069542000000000007,0,True,
benchmark,1066,q10_top_sellers_qty,55.907494,20,True,
benchmark,1067,q11_top_categories,0.095875000000000002,0,True,
benchmark,1068,q1_user_by_id,0.125583,1,True,
benchmark,1069,q2_all_users,7.6502499999999998,200,True,
benchmark,1070,q3_user_by_login,0.140459,1,True,
benchmark,1071,q4_sellers_rating,47.555124999999997,100,True,
benchmark,1072,q5_orders_offset,1.4857499999999999,50,True,
benchmark,1073,q6_products_by_seller,0.085250000000000006,0,True,
benchmark,1074,q7_products_join_sellers,0.083709000000000006,0,True,
benchmark,1075,q8_order_items_join_products,0.23025100000000001,4,True,
benchmark,1076,q9_orders_items_products_by_user,0.50649900000000003,4,True,
benchmark,1077,q10_top_sellers_qty,54.556209000000003,20,True,
benchmark,1078,q11_top_categories,0.096042000000000002,0,True,
benchmark,1079,q1_user_by_id,0.13941600000000001,1,True,
benchmark,1080,q2_all_users,2.8035000000000001,200,True,
benchmark,1081,q3_user_by_login,0.14549899999999999,1,True,
benchmark,1082,q4_sellers_rating,44.386709000000003,100,True,
benchmark,1083,q5_orders_offset,1.5472079999999999,50,True,
benchmark,1084,q6_products_by_seller,0.15370900000000001,2,True,
benchmark,1085,q7_products_join_sellers,0.19908200000000001,2,True,
benchmark,1086,q8_order_items_join_products,0.20791599999999999,3,True,
benchmark,1087,q9_orders_items_products_by_user,0.063625000000000001,0,True,
benchmark,1088,q10_top_sellers_qty,62.361787999999997,20,True,
benchmark,1089,q11_top_categories,0.13108300000000001,0,True,
benchmark,1090,q1_user_by_id,0.144458,1,True,
benchmark,1091,q2_all_users,3.1653739999999999,200,True,
benchmark,1092,q3_user_by_login,0.199041,1,True,
benchmark,1093,q4_sellers_rating,40.730666999999997,100,True,
benchmark,1094,q5_orders_offset,1.7266239999999999,50,True,
benchmark,1095,q6_products_by_seller,0.089041999999999996,0,True,
benchmark,1096,q7_products_join_sellers,0.083916000000000004,0,True,
benchmark,1097,q8_order_items_join_products,0.236043,4,True,
benchmark,1098,q9_orders_items_products_by_user,0.46208199999999999,3,True,
benchmark,1099,q10_top_sellers_qty,69.154088000000002,20,True,
benchmark,1100,q11_top_categories,0.124041,0,True,
benchmark,1101,q1_user_by_id,0.18016699999999999,1,True,
benchmark,1102,q2_all_users,3.71075,200,True,
benchmark,1103,q3_user_by_login,0.17787500000000001,1,True,
benchmark,1104,q4_sellers_rating,45.744498999999998,100,True,
benchmark,1105,q5_orders_offset,1.8055000000000001,50,True,
benchmark,1106,q6_products_by_seller,0.188,1,True,
benchmark,1107,q7_products_join_sellers,0.218667,1,True,
benchmark,1108,q8_order_items_join_products,0.21629200000000001,2,True,
benchmark,1109,q9_orders_items_products_by_user,0.38583299999999998,1,True,
benchmark,1110,q10_top_sellers_qty,72.497919999999993,20,True,
benchmark,1111,q11_top_categories,3.3126250000000002,0,True,
benchmark,1112,q1_user_by_id,0.21754100000000001,1,True,
benchmark,1113,q2_all_users,5.8203750000000003,200,True,
benchmark,1114,q3_user_by_login,0.23833299999999999,1,True,
benchmark,1115,q4_sellers_rating,48.090040999999999,100,True,
benchmark,1116,q5_orders_offset,1.4923329999999999,50,True,
benchmark,1117,q6_products_by_seller,0.14825099999999999,1,True,
benchmark,1118,q7_products_join_sellers,0.214999,1,True,
benchmark,1119,q8_order_items_join_products,0.21120700000000001,3,True,
benchmark,1120,q9_orders_items_products_by_user,0.51633200000000001,4,True,
benchmark,1121,q10_top_sellers_qty,92.589037000000005,20,True,
benchmark,1122,q11_top_categories,0.16337499999999999,0,True,
benchmark,1123,q1_user_by_id,0.16479099999999999,1,True,
benchmark,1124,q2_all_users,2.9252500000000001,200,True,
benchmark,1125,q3_user_by_login,0.168792,1,True,
benchmark,1126,q4_sellers_rating,45.366916000000003,100,True,
benchmark,1127,q5_orders_offset,1.529666,50,True,
benchmark,1128,q6_products_by_seller,0.173292,1,True,
benchmark,1129,q7_products_join_sellers,0.20033300000000001,1,True,
benchmark,1130,q8_order_items_join_products,0.23508299999999999,5,True,
benchmark,1131,q9_orders_items_products_by_user,0.062207999999999999,0,True,
benchmark,1132,q10_top_sellers_qty,72.412969000000004,20,True,
benchmark,1133,q11_top_categories,0.14008300000000001,0,True,
benchmark,1134,q1_user_by_id,0.12579199999999999,1,True,
benchmark,1135,q2_all_users,4.2104160000000004,200,True,
benchmark,1136,q3_user_by_login,0.22079199999999999,1,True,
benchmark,1137,q4_sellers_rating,44.305042,100,True,
benchmark,1138,q5_orders_offset,1.5707500000000001,50,True,
benchmark,1139,q6_products_by_seller,0.172458,2,True,
benchmark,1140,q7_products_join_sellers,0.22379199999999999,2,True,
benchmark,1141,q8_order_items_join_products,0.22766600000000001,4,True,
benchmark,1142,q9_orders_items_products_by_user,0.077707999999999999,0,True,
benchmark,1143,q10_top_sellers_qty,69.069087999999994,20,True,
benchmark,1144,q11_top_categories,0.13195799999999999,0,True,
benchmark,1145,q1_user_by_id,0.124209,1,True,
benchmark,1146,q2_all_users,3.2625839999999999,200,True,
benchmark,1147,q3_user_by_login,0.22950000000000001,1,True,
benchmark,1148,q4_sellers_rating,42.918292000000001,100,True,
benchmark,1149,q5_orders_offset,1.5507500000000001,50,True,
benchmark,1150,q6_products_by_seller,0.082625000000000004,0,True,
benchmark,1151,q7_products_join_sellers,0.085417000000000007,0,True,
benchmark,1152,q8_order_items_join_products,0.27700000000000002,5,True,
benchmark,1153,q9_orders_items_products_by_user,0.62408399999999997,0,True,
benchmark,1154,q10_top_sellers_qty,53.890667000000001,20,True,
benchmark,1155,q11_top_categories,0.19675000000000001,0,True,
benchmark,1156,q1_user_by_id,0.182167,1,True,
benchmark,1157,q2_all_users,3.1847080000000001,200,True,
benchmark,1158,q3_user_by_login,0.16087399999999999,1,True,
benchmark,1159,q4_sellers_rating,41.233792000000001,100,True,
benchmark,1160,q5_orders_offset,1.4860409999999999,50,True,
benchmark,1161,q6_products_by_seller,0.153167,1,True,
benchmark,1162,q7_products_join_sellers,0.20758399999999999,1,True,
benchmark,1163,q8_order_items_join_products,0.21754200000000001,5,True,
benchmark,1164,q9_orders_items_products_by_user,0.208042,0,True,
benchmark,1165,q10_top_sellers_qty,66.462913,20,True,
benchmark,1166,q11_top_categories,0.19,0,True,
benchmark,1167,q1_user_by_id,0.40045799999999998,1,True,
benchmark,1168,q2_all_users,4.397875,200,True,
benchmark,1169,q3_user_by_login,0.25229200000000002,1,True,
benchmark,1170,q4_sellers_rating,48.595041000000002,100,True,
benchmark,1171,q5_orders_offset,1.5798749999999999,50,True,
benchmark,1172,q6_products_by_seller,0.16341600000000001,1,True,
benchmark,1173,q7_products_join_sellers,0.20433299999999999,1,True,
benchmark,1174,q8_order_items_join_products,0.21395800000000001,5,True,
benchmark,1175,q9_orders_items_products_by_user,0.19454199999999999,0,True,
benchmark,1176,q10_top_sellers_qty,73.017252999999997,20,True,
benchmark,1177,q11_top_categories,0.13062499999999999,0,True,
benchmark,1178,q1_user_by_id,0.20374999999999999,1,True,
benchmark,1179,q2_all_users,3.8450419999999998,200,True,
benchmark,1180,q3_user_by_login,0.24095800000000001,1,True,
benchmark,1181,q4_sellers_rating,45.278664999999997,100,True,
benchmark,1182,q5_orders_offset,1.533501,50,True,
benchmark,1183,q6_products_by_seller,0.13641700000000001,1,True,
benchmark,1184,q7_products_join_sellers,0.19587399999999999,1,True,
benchmark,1185,q8_order_items_join_products,0.19520799999999999,3,True,
benchmark,1186,q9_orders_items_products_by_user,0.06275,0,True,
benchmark,1187,q10_top_sellers_qty,59.137664000000001,20,True,
benchmark,1188,q11_top_categories,0.12425,0,True,
benchmark,1189,q1_user_by_id,0.14050000000000001,1,True,
benchmark,1190,q2_all_users,5.5276680000000002,200,True,
benchmark,1191,q3_user_by_login,0.24654200000000001,1,True,
benchmark,1192,q4_sellers_rating,46.184167000000002,100,True,
benchmark,1193,q5_orders_offset,1.4485410000000001,50,True,
benchmark,1194,q6_products_by_seller,0.076874999999999999,0,True,
benchmark,1195,q7_products_join_sellers,0.076749999999999999,0,True,
benchmark,1196,q8_order_items_join_products,0.214166,3,True,
benchmark,1197,q9_orders_items_products_by_user,0.88929100000000005,8,True,
benchmark,1198,q10_top_sellers_qty,68.394700999999998,20,True,
benchmark,1199,q11_top_categories,0.141542,0,True,
benchmark,1200,q1_user_by_id,0.141791,1,True,
benchmark,1201,q2_all_users,3.3847909999999999,200,True,
benchmark,1202,q3_user_by_login,0.239624,1,True,
benchmark,1203,q4_sellers_rating,44.554166000000002,100,True,
benchmark,1204,q5_orders_offset,1.535917,50,True,
benchmark,1205,q6_products_by_seller,0.16716700000000001,1,True,
benchmark,1206,q7_products_join_sellers,0.21654200000000001,1,True,
benchmark,1207,q8_order_items_join_products,0.215665,1,True,
benchmark,1208,q9_orders_items_products_by_user,0.58404,4,True,
benchmark,1209,q10_top_sellers_qty,72.555419999999998,20,True,
benchmark,1210,q11_top_categories,0.13025,0,True,
benchmark,1211,q1_user_by_id,0.120291,1,True,
benchmark,1212,q2_all_users,3.4652090000000002,200,True,
benchmark,1213,q3_user_by_login,0.247251,1,True,
benchmark,1214,q4_sellers_rating,43.872666000000002,100,True,
benchmark,1215,q5_orders_offset,1.5903750000000001,50,True,
benchmark,1216,q6_products_by_seller,0.16520799999999999,1,True,
benchmark,1217,q7_products_join_sellers,0.218417,1,True,
benchmark,1218,q8_order_items_join_products,0.21150099999999999,1,True,
benchmark,1219,q9_orders_items_products_by_user,0.060999999999999999,0,True,
benchmark,1220,q10_top_sellers_qty,57.676744999999997,20,True,
benchmark,1221,q11_top_categories,0.13462499999999999,0,True,
benchmark,1222,q1_user_by_id,0.18537400000000001,1,True,
benchmark,1223,q2_all_users,6.3480410000000003,200,True,
benchmark,1224,q3_user_by_login,0.28112500000000001,1,True,
benchmark,1225,q4_sellers_rating,42.296083000000003,100,True,
benchmark,1226,q5_orders_offset,1.534416,50,True,
benchmark,1227,q6_products_by_seller,0.15670899999999999,4,True,
benchmark,1228,q7_products_join_sellers,0.21512500000000001,4,True,
benchmark,1229,q8_order_items_join_products,0.201541,3,True,
benchmark,1230,q9_orders_items_products_by_user,0.67800000000000005,5,True,
benchmark,1231,q10_top_sellers_qty,63.450921000000001,20,True,
benchmark,1232,q11_top_categories,2.951209,0,True,
benchmark,1233,q1_user_by_id,0.55195799999999995,1,True,
benchmark,1234,q2_all_users,3.5582919999999998,200,True,
benchmark,1235,q3_user_by_login,0.17833299999999999,1,True,
benchmark,1236,q4_sellers_rating,45.047708,100,True,
benchmark,1237,q5_orders_offset,4.893459,50,True,
benchmark,1238,q6_products_by_seller,0.30920799999999998,4,True,
benchmark,1239,q7_products_join_sellers,0.25237500000000002,4,True,
benchmark,1240,q8_order_items_join_products,0.30283300000000002,1,True,
benchmark,1241,q9_orders_items_products_by_user,0.065042000000000003,0,True,
benchmark,1242,q10_top_sellers_qty,64.946792000000002,20,True,
benchmark,1243,q11_top_categories,0.153416,0,True,
benchmark,1244,q1_user_by_id,0.13354199999999999,1,True,
benchmark,1245,q2_all_users,3.4910009999999998,200,True,
benchmark,1246,q3_user_by_login,0.16683300000000001,1,True,
benchmark,1247,q4_sellers_rating,45.435082999999999,100,True,
benchmark,1248,q5_orders_offset,1.5527500000000001,50,True,
benchmark,1249,q6_products_by_seller,0.15320900000000001,2,True,
benchmark,1250,q7_products_join_sellers,0.19662499999999999,2,True,
benchmark,1251,q8_order_items_join_products,0.265625,4,True,
benchmark,1252,q9_orders_items_products_by_user,0.067084000000000005,0,True,
benchmark,1253,q10_top_sellers_qty,49.853870000000001,20,True,
benchmark,1254,q11_top_categories,0.15754099999999999,0,True,
benchmark,1255,q1_user_by_id,0.128917,1,True,
benchmark,1256,q2_all_users,3.4347910000000001,200,True,
benchmark,1257,q3_user_by_login,0.141374,1,True,
benchmark,1258,q4_sellers_rating,38.801707999999998,100,True,
benchmark,1259,q5_orders_offset,1.5778749999999999,50,True,
benchmark,1260,q6_products_by_seller,0.086666999999999994,0,True,
benchmark,1261,q7_products_join_sellers,0.080333000000000002,0,True,
benchmark,1262,q8_order_items_join_products,0.25591700000000001,1,True,
benchmark,1263,q9_orders_items_products_by_user,0.434917,1,True,
benchmark,1264,q10_top_sellers_qty,80.640505000000005,20,True,
benchmark,1265,q11_top_categories,0.14008399999999999,0,True,
benchmark,1266,q1_user_by_id,0.18454200000000001,1,True,
benchmark,1267,q2_all_users,2.7446679999999999,200,True,
benchmark,1268,q3_user_by_login,0.143875,1,True,
benchmark,1269,q4_sellers_rating,43.267000000000003,100,True,
benchmark,1270,q5_orders_offset,1.594042,50,True,
benchmark,1271,q6_products_by_seller,0.082875000000000004,0,True,
benchmark,1272,q7_products_join_sellers,0.079834000000000002,0,True,
benchmark,1273,q8_order_items_join_products,0.229708,2,True,
benchmark,1274,q9_orders_items_products_by_user,0.66412400000000005,5,True,
benchmark,1275,q10_top_sellers_qty,71.385662999999994,20,True,
benchmark,1276,q11_top_categories,0.19633300000000001,0,True,
benchmark,1277,q1_user_by_id,0.187834,1,True,
benchmark,1278,q2_all_users,3.9393750000000001,200,True,
benchmark,1279,q3_user_by_login,0.16425000000000001,1,True,
benchmark,1280,q4_sellers_rating,47.368333,100,True,
benchmark,1281,q5_orders_offset,1.784416,50,True,
benchmark,1282,q6_products_by_seller,0.23866599999999999,1,True,
benchmark,1283,q7_products_join_sellers,0.30004199999999998,1,True,
benchmark,1284,q8_order_items_join_products,0.21870800000000001,2,True,
benchmark,1285,q9_orders_items_products_by_user,0.072458999999999996,0,True,
benchmark,1286,q10_top_sellers_qty,74.362500999999995,20,True,
benchmark,1287,q11_top_categories,0.14845800000000001,0,True,
benchmark,1288,q1_user_by_id,0.145291,1,True,
benchmark,1289,q2_all_users,3.6579160000000002,200,True,
benchmark,1290,q3_user_by_login,0.198376,1,True,
benchmark,1291,q4_sellers_rating,42.262084000000002,100,True,
benchmark,1292,q5_orders_offset,1.7471239999999999,50,True,
benchmark,1293,q6_products_by_seller,0.067834000000000005,0,True,
benchmark,1294,q7_products_join_sellers,0.068625000000000005,0,True,
benchmark,1295,q8_order_items_join_products,0.22170799999999999,4,True,
benchmark,1296,q9_orders_items_products_by_user,0.20566699999999999,0,True,
benchmark,1297,q10_top_sellers_qty,72.524293,20,True,
benchmark,1298,q11_top_categories,0.13691700000000001,0,True,
benchmark,1299,q1_user_by_id,0.19495799999999999,1,True,
benchmark,1300,q2_all_users,3.631875,200,True,
benchmark,1301,q3_user_by_login,0.14637500000000001,1,True,
benchmark,1302,q4_sellers_rating,51.266416,100,True,
benchmark,1303,q5_orders_offset,1.616584,50,True,
benchmark,1304,q6_products_by_seller,0.084208000000000005,0,True,
benchmark,1305,q7_products_join_sellers,0.076249999999999998,0,True,
benchmark,1306,q8_order_items_join_products,0.231375,5,True,
benchmark,1307,q9_orders_items_products_by_user,0.075040999999999997,0,True,
benchmark,1308,q10_top_sellers_qty,73.413411999999994,20,True,
benchmark,1309,q11_top_categories,0.175791,0,True,
benchmark,1310,q1_user_by_id,0.17324999999999999,1,True,
benchmark,1311,q2_all_users,3.1435,200,True,
benchmark,1312,q3_user_by_login,0.19295799999999999,1,True,
benchmark,1313,q4_sellers_rating,43.086666000000001,100,True,
benchmark,1314,q5_orders_offset,1.7146669999999999,50,True,
benchmark,1315,q6_products_by_seller,0.19983300000000001,3,True,
benchmark,1316,q7_products_join_sellers,0.25887500000000002,3,True,
benchmark,1317,q8_order_items_join_products,0.281582,3,True,
benchmark,1318,q9_orders_items_products_by_user,0.34958499999999998,0,True,
benchmark,1319,q10_top_sellers_qty,62.737743000000002,20,True,
benchmark,1320,q11_top_categories,0.135375,0,True,
benchmark,1321,q1_user_by_id,0.126666,1,True,
benchmark,1322,q2_all_users,3.0775000000000001,200,True,
benchmark,1323,q3_user_by_login,0.173624,1,True,
benchmark,1324,q4_sellers_rating,45.097124000000001,100,True,
benchmark,1325,q5_orders_offset,1.5346249999999999,50,True,
benchmark,1326,q6_products_by_seller,0.083750000000000005,0,True,
benchmark,1327,q7_products_join_sellers,0.081292000000000003,0,True,
benchmark,1328,q8_order_items_join_products,0.24787500000000001,4,True,
benchmark,1329,q9_orders_items_products_by_user,0.66437500000000005,5,True,
benchmark,1330,q10_top_sellers_qty,71.812450999999996,20,True,
benchmark,1331,q11_top_categories,0.15462500000000001,0,True,
benchmark,1332,q1_user_by_id,0.135708,1,True,
benchmark,1333,q2_all_users,3.4914999999999998,200,True,
benchmark,1334,q3_user_by_login,0.25554199999999999,1,True,
benchmark,1335,q4_sellers_rating,48.454126000000002,100,True,
benchmark,1336,q5_orders_offset,1.476167,50,True,
benchmark,1337,q6_products_by_seller,0.15220900000000001,1,True,
benchmark,1338,q7_products_join_sellers,0.20958399999999999,1,True,
benchmark,1339,q8_order_items_join_products,0.20949999999999999,3,True,
benchmark,1340,q9_orders_items_products_by_user,0.063125000000000001,0,True,
benchmark,1341,q10_top_sellers_qty,83.728586000000007,20,True,
benchmark,1342,q11_top_categories,0.14791699999999999,0,True,
benchmark,1343,q1_user_by_id,0.122208,1,True,
benchmark,1344,q2_all_users,8.3533749999999998,200,True,
benchmark,1345,q3_user_by_login,0.17891699999999999,1,True,
benchmark,1346,q4_sellers_rating,44.467751,100,True,
benchmark,1347,q5_orders_offset,2.2367910000000002,50,True,
benchmark,1348,q6_products_by_seller,0.10725,0,True,
benchmark,1349,q7_products_join_sellers,0.084167000000000006,0,True,
benchmark,1350,q8_order_items_join_products,0.220666,2,True,
benchmark,1351,q9_orders_items_products_by_user,0.48633500000000002,4,True,
benchmark,1352,q10_top_sellers_qty,62.963917000000002,20,True,
benchmark,1353,q11_top_categories,0.13558300000000001,0,True,
benchmark,1354,q1_user_by_id,0.130333,1,True,
benchmark,1355,q2_all_users,3.1019169999999998,200,True,
benchmark,1356,q3_user_by_login,0.16716600000000001,1,True,
benchmark,1357,q4_sellers_rating,42.041375000000002,100,True,
benchmark,1358,q5_orders_offset,1.566667,50,True,
benchmark,1359,q6_products_by_seller,0.080416000000000001,0,True,
benchmark,1360,q7_products_join_sellers,0.076916999999999999,0,True,
benchmark,1361,q8_order_items_join_products,0.221417,3,True,
benchmark,1362,q9_orders_items_products_by_user,0.063541,0,True,
benchmark,1363,q10_top_sellers_qty,60.078963000000002,20,True,
benchmark,1364,q11_top_categories,0.17920900000000001,0,True,
benchmark,1365,q1_user_by_id,0.13,1,True,
benchmark,1366,q2_all_users,3.10025,200,True,
benchmark,1367,q3_user_by_login,0.14870900000000001,1,True,
benchmark,1368,q4_sellers_rating,42.634334000000003,100,True,
benchmark,1369,q5_orders_offset,1.481959,50,True,
benchmark,1370,q6_products_by_seller,0.071291999999999994,0,True,
benchmark,1371,q7_products_join_sellers,0.075624999999999998,0,True,
benchmark,1372,q8_order_items_join_products,0.22950000000000001,2,True,
benchmark,1373,q9_orders_items_products_by_user,0.059541999999999998,0,True,
benchmark,1374,q10_top_sellers_qty,65.879707999999994,20,True,
benchmark,1375,q11_top_categories,10.916625,0,True,
benchmark,1376,q1_user_by_id,4.4391670000000003,1,True,
benchmark,1377,q2_all_users,3.9609160000000001,200,True,
benchmark,1378,q3_user_by_login,0.23100000000000001,1,True,
benchmark,1379,q4_sellers_rating,48.638666000000001,100,True,
benchmark,1380,q5_orders_offset,1.4614579999999999,50,True,
benchmark,1381,q6_products_by_seller,0.071874999999999994,0,True,
benchmark,1382,q7_products_join_sellers,0.083583000000000005,0,True,
benchmark,1383,q8_order_items_join_products,0.21337500000000001,1,True,
benchmark,1384,q9_orders_items_products_by_user,0.59162499999999996,4,True,
benchmark,1385,q10_top_sellers_qty,68.140001999999996,20,True,
benchmark,1386,q11_top_categories,0.19900000000000001,0,True,
benchmark,1387,q1_user_by_id,0.24825,1,True,
benchmark,1388,q2_all_users,2.9976660000000002,200,True,
benchmark,1389,q3_user_by_login,0.14749999999999999,1,True,
benchmark,1390,q4_sellers_rating,46.123708999999998,100,True,
benchmark,1391,q5_orders_offset,1.6695420000000001,50,True,
benchmark,1392,q6_products_by_seller,0.19270799999999999,1,True,
benchmark,1393,q7_products_join_sellers,0.20716699999999999,1,True,
benchmark,1394,q8_order_items_join_products,0.22804199999999999,4,True,
benchmark,1395,q9_orders_items_products_by_user,0.070541999999999994,0,True,
benchmark,1396,q10_top_sellers_qty,67.689831999999996,20,True,
benchmark,1397,q11_top_categories,0.124958,0,True,
benchmark,1398,q1_user_by_id,0.24279200000000001,1,True,
benchmark,1399,q2_all_users,3.494583,200,True,
benchmark,1400,q3_user_by_login,0.14987500000000001,1,True,
benchmark,1401,q4_sellers_rating,45.934125000000002,100,True,
benchmark,1402,q5_orders_offset,1.5075419999999999,50,True,
benchmark,1403,q6_products_by_seller,0.15620899999999999,1,True,
benchmark,1404,q7_products_join_sellers,0.21233399999999999,1,True,
benchmark,1405,q8_order_items_join_products,0.22304199999999999,5,True,
benchmark,1406,q9_orders_items_products_by_user,0.37199900000000002,2,True,
benchmark,1407,q10_top_sellers_qty,60.411951000000002,20,True,
benchmark,1408,q11_top_categories,0.141375,0,True,
benchmark,1409,q1_user_by_id,0.15645800000000001,1,True,
benchmark,1410,q2_all_users,5.4970840000000001,200,True,
benchmark,1411,q3_user_by_login,0.14733299999999999,1,True,
benchmark,1412,q4_sellers_rating,44.969334000000003,100,True,
benchmark,1413,q5_orders_offset,1.560916,50,True,
benchmark,1414,q6_products_by_seller,0.087832999999999994,0,True,
benchmark,1415,q7_products_join_sellers,0.077374999999999999,0,True,
benchmark,1416,q8_order_items_join_products,0.21495800000000001,3,True,
benchmark,1417,q9_orders_items_products_by_user,0.071957999999999994,0,True,
benchmark,1418,q10_top_sellers_qty,64.447873000000001,20,True,
benchmark,1419,q11_top_categories,0.13295799999999999,0,True,
benchmark,1420,q1_user_by_id,0.150334,1,True,
benchmark,1421,q2_all_users,3.6625839999999998,200,True,
benchmark,1422,q3_user_by_login,0.16483300000000001,1,True,
benchmark,1423,q4_sellers_rating,42.701292000000002,100,True,
benchmark,1424,q5_orders_offset,1.5219590000000001,50,True,
benchmark,1425,q6_products_by_seller,0.13245799999999999,2,True,
benchmark,1426,q7_products_join_sellers,0.20608299999999999,2,True,
benchmark,1427,q8_order_items_join_products,0.197542,4,True,
benchmark,1428,q9_orders_items_products_by_user,0.63395800000000002,3,True,
benchmark,1429,q10_top_sellers_qty,71.588793999999993,20,True,
benchmark,1430,q11_top_categories,0.234958,0,True,
benchmark,1431,q1_user_by_id,0.32029200000000002,1,True,
benchmark,1432,q2_all_users,3.5665840000000002,200,True,
benchmark,1433,q3_user_by_login,0.22575000000000001,1,True,
benchmark,1434,q4_sellers_rating,54.425874,100,True,
benchmark,1435,q5_orders_offset,4.7064579999999996,50,True,
benchmark,1436,q6_products_by_seller,0.111291,0,True,
benchmark,1437,q7_products_join_sellers,0.25954199999999999,0,True,
benchmark,1438,q8_order_items_join_products,0.936751,1,True,
benchmark,1439,q9_orders_items_products_by_user,0.079375000000000001,0,True,
benchmark,1440,q10_top_sellers_qty,64.536372999999998,20,True,
benchmark,1441,q11_top_categories,0.13516700000000001,0,True,
benchmark,1442,q1_user_by_id,0.236625,1,True,
benchmark,1443,q2_all_users,4.5203759999999997,200,True,
benchmark,1444,q3_user_by_login,0.27191700000000002,1,True,
benchmark,1445,q4_sellers_rating,44.926707999999998,100,True,
benchmark,1446,q5_orders_offset,1.5323329999999999,50,True,
benchmark,1447,q6_products_by_seller,0.16320899999999999,1,True,
benchmark,1448,q7_products_join_sellers,0.261208,1,True,
benchmark,1449,q8_order_items_join_products,0.24416599999999999,1,True,
benchmark,1450,q9_orders_items_products_by_user,1.1780010000000001,10,True,
benchmark,1451,q10_top_sellers_qty,61.859670000000001,20,True,
benchmark,1452,q11_top_categories,0.20883299999999999,0,True,
benchmark,1453,q1_user_by_id,0.199791,1,True,
benchmark,1454,q2_all_users,3.8234590000000002,200,True,
benchmark,1455,q3_user_by_login,0.27104200000000001,1,True,
benchmark,1456,q4_sellers_rating,44.466042999999999,100,True,
benchmark,1457,q5_orders_offset,1.4702489999999999,50,True,
benchmark,1458,q6_products_by_seller,0.153083,1,True,
benchmark,1459,q7_products_join_sellers,0.216084,1,True,
benchmark,1460,q8_order_items_join_products,0.21929199999999999,2,True,
benchmark,1461,q9_orders_items_products_by_user,0.30658299999999999,1,True,
benchmark,1462,q10_top_sellers_qty,69.855331000000007,20,True,
benchmark,1463,q11_top_categories,0.15512500000000001,0,True,
benchmark,1464,q1_user_by_id,0.12695899999999999,1,True,
benchmark,1465,q2_all_users,3.5447920000000002,200,True,
benchmark,1466,q3_user_by_login,0.14937500000000001,1,True,
benchmark,1467,q4_sellers_rating,45.133249999999997,100,True,
benchmark,1468,q5_orders_offset,1.6140000000000001,50,True,
benchmark,1469,q6_products_by_seller,0.14733399999999999,1,True,
benchmark,1470,q7_products_join_sellers,0.21720900000000001,1,True,
benchmark,1471,q8_order_items_join_products,0.20341699999999999,2,True,
benchmark,1472,q9_orders_items_products_by_user,0.66516500000000001,5,True,
benchmark,1473,q10_top_sellers_qty,67.977709000000004,20,True,
benchmark,1474,q11_top_categories,0.13087499999999999,0,True,
benchmark,1475,q1_user_by_id,0.19566600000000001,1,True,
benchmark,1476,q2_all_users,3.8671660000000001,200,True,
benchmark,1477,q3_user_by_login,0.14483299999999999,1,True,
benchmark,1478,q4_sellers_rating,49.945416000000002,100,True,
benchmark,1479,q5_orders_offset,1.6586669999999999,50,True,
benchmark,1480,q6_products_by_seller,0.173541,1,True,
benchmark,1481,q7_products_join_sellers,0.205041,1,True,
benchmark,1482,q8_order_items_join_products,0.21695900000000001,5,True,
benchmark,1483,q9_orders_items_products_by_user,0.065791000000000002,0,True,
benchmark,1484,q10_top_sellers_qty,68.884169,20,True,
benchmark,1485,q11_top_categories,0.16129099999999999,0,True,
benchmark,1486,q1_user_by_id,0.19087499999999999,1,True,
benchmark,1487,q2_all_users,5.5875830000000004,200,True,
benchmark,1488,q3_user_by_login,0.2475,1,True,
benchmark,1489,q4_sellers_rating,47.892749999999999,100,True,
benchmark,1490,q5_orders_offset,1.5387500000000001,50,True,
benchmark,1491,q6_products_by_seller,0.151501,1,True,
benchmark,1492,q7_products_join_sellers,0.206209,1,True,
benchmark,1493,q8_order_items_join_products,0.220834,5,True,
benchmark,1494,q9_orders_items_products_by_user,0.457291,2,True,
benchmark,1495,q10_top_sellers_qty,60.993048999999999,20,True,
benchmark,1496,q11_top_categories,0.15004100000000001,0,True,
benchmark,1497,q1_user_by_id,0.14533299999999999,1,True,
benchmark,1498,q2_all_users,3.7042079999999999,200,True,
benchmark,1499,q3_user_by_login,0.18745800000000001,1,True,
benchmark,1500,q4_sellers_rating,47.925500999999997,100,True,
benchmark,1501,q5_orders_offset,1.9045000000000001,50,True,
benchmark,1502,q6_products_by_seller,0.085708000000000006,0,True,
benchmark,1503,q7_products_join_sellers,0.081834000000000004,0,True,
benchmark,1504,q8_order_items_join_products,0.21254100000000001,3,True,
benchmark,1505,q9_orders_items_products_by_user,2.1743329999999998,7,True,
benchmark,1506,q10_top_sellers_qty,62.576462999999997,20,True,
benchmark,1507,q11_top_categories,0.13316600000000001,0,True,
benchmark,1508,q1_user_by_id,0.18120800000000001,1,True,
benchmark,1509,q2_all_users,3.5692089999999999,200,True,
benchmark,1510,q3_user_by_login,0.20266600000000001,1,True,
benchmark,1511,q4_sellers_rating,39.421914999999998,100,True,
benchmark,1512,q5_orders_offset,1.5572919999999999,50,True,
benchmark,1513,q6_products_by_seller,0.086916999999999994,0,True,
benchmark,1514,q7_products_join_sellers,0.085000000000000006,0,True,
benchmark,1515,q8_order_items_join_products,0.22520799999999999,1,True,
benchmark,1516,q9_orders_items_products_by_user,0.062417,0,True,
benchmark,1517,q10_top_sellers_qty,60.944161999999999,20,True,
benchmark,1518,q11_top_categories,0.13225000000000001,0,True,
benchmark,1519,q1_user_by_id,0.18925,1,True,
benchmark,1520,q2_all_users,6.4241669999999997,200,True,
benchmark,1521,q3_user_by_login,0.21725,1,True,
benchmark,1522,q4_sellers_rating,43.800083000000001,100,True,
benchmark,1523,q5_orders_offset,1.490875,50,True,
benchmark,1524,q6_products_by_seller,0.15120800000000001,3,True,
benchmark,1525,q7_products_join_sellers,0.20100000000000001,3,True,
benchmark,1526,q8_order_items_join_products,0.19341800000000001,4,True,
benchmark,1527,q9_orders_items_products_by_user,0.608707,5,True,
benchmark,1528,q10_top_sellers_qty,56.166162999999997,20,True,
benchmark,1529,q11_top_categories,0.14762500000000001,0,True,
benchmark,1530,q1_user_by_id,0.233625,1,True,
benchmark,1531,q2_all_users,2.9713759999999998,200,True,
benchmark,1532,q3_user_by_login,0.11733300000000001,1,True,
benchmark,1533,q4_sellers_rating,38.119917000000001,100,True,
benchmark,1534,q5_orders_offset,5.287293,50,True,
benchmark,1535,q6_products_by_seller,0.15120900000000001,1,True,
benchmark,1536,q7_products_join_sellers,0.22720899999999999,1,True,
benchmark,1537,q8_order_items_join_products,0.208624,2,True,
benchmark,1538,q9_orders_items_products_by_user,0.19849900000000001,0,True,
benchmark,1539,q10_top_sellers_qty,63.917710999999997,20,True,
benchmark,1540,q11_top_categories,0.136125,0,True,
benchmark,1541,q1_user_by_id,0.18154200000000001,1,True,
benchmark,1542,q2_all_users,3.493833,200,True,
benchmark,1543,q3_user_by_login,0.24245800000000001,1,True,
benchmark,1544,q4_sellers_rating,43.725873999999997,100,True,
benchmark,1545,q5_orders_offset,1.55325,50,True,
benchmark,1546,q6_products_by_seller,0.182667,2,True,
benchmark,1547,q7_products_join_sellers,0.23691699999999999,2,True,
benchmark,1548,q8_order_items_join_products,0.26337500000000003,3,True,
benchmark,1549,q9_orders_items_products_by_user,0.076124999999999998,0,True,
benchmark,1550,q10_top_sellers_qty,69.799924000000004,20,True,
benchmark,1551,q11_top_categories,0.14741599999999999,0,True,
benchmark,1552,q1_user_by_id,0.21233299999999999,1,True,
benchmark,1553,q2_all_users,3.595291,200,True,
benchmark,1554,q3_user_by_login,0.19875000000000001,1,True,
benchmark,1555,q4_sellers_rating,41.973874000000002,100,True,
benchmark,1556,q5_orders_offset,1.5377510000000001,50,True,
benchmark,1557,q6_products_by_seller,0.15504200000000001,1,True,
benchmark,1558,q7_products_join_sellers,0.2135,1,True,
benchmark,1559,q8_order_items_join_products,0.208791,2,True,
benchmark,1560,q9_orders_items_products_by_user,0.48383399999999999,4,True,
benchmark,1561,q10_top_sellers_qty,80.601879999999994,20,True,
benchmark,1562,q11_top_categories,0.13225000000000001,0,True,
benchmark,1563,q1_user_by_id,0.27745900000000001,1,True,
benchmark,1564,q2_all_users,4.6689590000000001,200,True,
benchmark,1565,q3_user_by_login,0.247834,1,True,
benchmark,1566,q4_sellers_rating,43.356999999999999,100,True,
benchmark,1567,q5_orders_offset,1.473333,50,True,
benchmark,1568,q6_products_by_seller,0.070250000000000007,0,True,
benchmark,1569,q7_products_join_sellers,0.066083000000000003,0,True,
benchmark,1570,q8_order_items_join_products,0.21487500000000001,5,True,
benchmark,1571,q9_orders_items_products_by_user,0.197376,0,True,
benchmark,1572,q10_top_sellers_qty,55.774709000000001,20,True,
benchmark,1573,q11_top_categories,0.13045799999999999,0,True,
benchmark,1574,q1_user_by_id,0.12604099999999999,1,True,
benchmark,1575,q2_all_users,3.4374579999999999,200,True,
benchmark,1576,q3_user_by_login,0.16062599999999999,1,True,
benchmark,1577,q4_sellers_rating,47.670416000000003,100,True,
benchmark,1578,q5_orders_offset,4.896916,50,True,
benchmark,1579,q6_products_by_seller,0.080416000000000001,0,True,
benchmark,1580,q7_products_join_sellers,0.0785,0,True,
benchmark,1581,q8_order_items_join_products,0.223917,2,True,
benchmark,1582,q9_orders_items_products_by_user,0.062540999999999999,0,True,
benchmark,1583,q10_top_sellers_qty,60.227541000000002,20,True,
benchmark,1584,q11_top_categories,0.159583,0,True,
benchmark,1585,q1_user_by_id,0.15487500000000001,1,True,
benchmark,1586,q2_all_users,7.438625,200,True,
benchmark,1587,q3_user_by_login,0.23175000000000001,1,True,
benchmark,1588,q4_sellers_rating,44.935125999999997,100,True,
benchmark,1589,q5_orders_offset,1.516208,50,True,
benchmark,1590,q6_products_by_seller,0.15162500000000001,1,True,
benchmark,1591,q7_products_join_sellers,0.20225000000000001,1,True,
benchmark,1592,q8_order_items_join_products,0.20558399999999999,3,True,
benchmark,1593,q9_orders_items_products_by_user,0.071208999999999995,0,True,
benchmark,1594,q10_top_sellers_qty,59.164293000000001,20,True,
benchmark,1595,q11_top_categories,0.12920799999999999,0,True,
benchmark,1596,q1_user_by_id,0.224,1,True,
benchmark,1597,q2_all_users,3.5480830000000001,200,True,
benchmark,1598,q3_user_by_login,0.15462600000000001,1,True,
benchmark,1599,q4_sellers_rating,45.570917000000001,100,True,
benchmark,1600,q5_orders_offset,1.4340010000000001,50,True,
benchmark,1601,q6_products_by_seller,0.155833,3,True,
benchmark,1602,q7_products_join_sellers,0.20458399999999999,3,True,
benchmark,1603,q8_order_items_join_products,0.20183400000000001,1,True,
benchmark,1604,q9_orders_items_products_by_user,0.063792000000000001,0,True,
benchmark,1605,q10_top_sellers_qty,69.516875999999996,20,True,
benchmark,1606,q11_top_categories,0.15579200000000001,0,True,
benchmark,1607,q1_user_by_id,0.13454199999999999,1,True,
benchmark,1608,q2_all_users,3.2236250000000002,200,True,
benchmark,1609,q3_user_by_login,0.186,1,True,
benchmark,1610,q4_sellers_rating,43.306251000000003,100,True,
benchmark,1611,q5_orders_offset,1.605084,50,True,
benchmark,1612,q6_products_by_seller,0.15179200000000001,1,True,
benchmark,1613,q7_products_join_sellers,0.203541,1,True,
benchmark,1614,q8_order_items_join_products,0.216333,5,True,
benchmark,1615,q9_orders_items_products_by_user,0.069542000000000007,0,True,
benchmark,1616,q10_top_sellers_qty,75.142251000000002,20,True,
benchmark,1617,q11_top_categories,0.13208400000000001,0,True,
benchmark,1618,q1_user_by_id,0.230874,1,True,
benchmark,1619,q2_all_users,3.6250830000000001,200,True,
benchmark,1620,q3_user_by_login,0.1515,1,True,
benchmark,1621,q4_sellers_rating,44.626500999999998,100,True,
benchmark,1622,q5_orders_offset,1.5191239999999999,50,True,
benchmark,1623,q6_products_by_seller,0.085083000000000006,0,True,
benchmark,1624,q7_products_join_sellers,0.080333000000000002,0,True,
benchmark,1625,q8_order_items_join_products,0.21595800000000001,4,True,
benchmark,1626,q9_orders_items_products_by_user,0.068333000000000005,0,True,
benchmark,1627,q10_top_sellers_qty,76.262421000000003,20,True,
benchmark,1628,q11_top_categories,0.13433300000000001,0,True,
benchmark,1629,q1_user_by_id,0.23383399999999999,1,True,
benchmark,1630,q2_all_users,7.0442499999999999,200,True,
benchmark,1631,q3_user_by_login,0.29141699999999998,1,True,
benchmark,1632,q4_sellers_rating,44.647790999999998,100,True,
benchmark,1633,q5_orders_offset,1.5180419999999999,50,True,
benchmark,1634,q6_products_by_seller,0.080709000000000003,0,True,
benchmark,1635,q7_products_join_sellers,0.070707999999999993,0,True,
benchmark,1636,q8_order_items_join_products,0.21141599999999999,2,True,
benchmark,1637,q9_orders_items_products_by_user,0.066125000000000003,0,True,
benchmark,1638,q10_top_sellers_qty,72.891383000000005,20,True,
benchmark,1639,q11_top_categories,0.145625,0,True,
benchmark,1640,q1_user_by_id,0.16625100000000001,1,True,
benchmark,1641,q2_all_users,4.478834,200,True,
benchmark,1642,q3_user_by_login,0.19370799999999999,1,True,
benchmark,1643,q4_sellers_rating,42.566167,100,True,
benchmark,1644,q5_orders_offset,1.4824999999999999,50,True,
benchmark,1645,q6_products_by_seller,0.14608299999999999,1,True,
benchmark,1646,q7_products_join_sellers,0.19808300000000001,1,True,
benchmark,1647,q8_order_items_join_products,0.20633299999999999,3,True,
benchmark,1648,q9_orders_items_products_by_user,0.065125000000000002,0,True,
benchmark,1649,q10_top_sellers_qty,59.15175,20,True,
benchmark,1650,q11_top_categories,0.1245,0,True,
benchmark,1651,q1_user_by_id,0.185167,1,True,
benchmark,1652,q2_all_users,3.038916,200,True,
benchmark,1653,q3_user_by_login,0.20933299999999999,1,True,
benchmark,1654,q4_sellers_rating,40.140540999999999,100,True,
benchmark,1655,q5_orders_offset,1.631791,50,True,
benchmark,1656,q6_products_by_seller,0.13858300000000001,2,True,
benchmark,1657,q7_products_join_sellers,0.23025000000000001,2,True,
benchmark,1658,q8_order_items_join_products,0.201207,2,True,
benchmark,1659,q9_orders_items_products_by_user,0.060041999999999998,0,True,
benchmark,1660,q10_top_sellers_qty,61.776130000000002,20,True,
benchmark,1661,q11_top_categories,0.13725000000000001,0,True,
benchmark,1662,q1_user_by_id,0.143041,1,True,
benchmark,1663,q2_all_users,3.476709,200,True,
benchmark,1664,q3_user_by_login,0.230625,1,True,
benchmark,1665,q4_sellers_rating,44.779000000000003,100,True,
benchmark,1666,q5_orders_offset,1.4981249999999999,50,True,
benchmark,1667,q6_products_by_seller,0.099541000000000004,0,True,
benchmark,1668,q7_products_join_sellers,0.091791999999999999,0,True,
benchmark,1669,q8_order_items_join_products,0.213167,1,True,
benchmark,1670,q9_orders_items_products_by_user,0.1865,0,True,
benchmark,1671,q10_top_sellers_qty,64.141458999999998,20,True,
benchmark,1672,q11_top_categories,0.13766600000000001,0,True,
benchmark,1673,q1_user_by_id,0.17583299999999999,1,True,
benchmark,1674,q2_all_users,5.4432510000000001,200,True,
benchmark,1675,q3_user_by_login,0.15037400000000001,1,True,
benchmark,1676,q4_sellers_rating,44.217001000000003,100,True,
benchmark,1677,q5_orders_offset,1.4483330000000001,50,True,
benchmark,1678,q6_products_by_seller,0.094291,0,True,
benchmark,1679,q7_products_join_sellers,0.083166000000000004,0,True,
benchmark,1680,q8_order_items_join_products,0.23225000000000001,4,True,
benchmark,1681,q9_orders_items_products_by_user,0.062584000000000001,0,True,
benchmark,1682,q10_top_sellers_qty,60.189585000000001,20,True,
benchmark,1683,q11_top_categories,0.14866699999999999,0,True,
benchmark,1684,q1_user_by_id,0.19254099999999999,1,True,
benchmark,1685,q2_all_users,3.1576249999999999,200,True,
benchmark,1686,q3_user_by_login,0.17849899999999999,1,True,
benchmark,1687,q4_sellers_rating,42.165958000000003,100,True,
benchmark,1688,q5_orders_offset,1.548959,50,True,
benchmark,1689,q6_products_by_seller,0.151834,2,True,
benchmark,1690,q7_products_join_sellers,0.21037500000000001,2,True,
benchmark,1691,q8_order_items_join_products,0.208292,3,True,
benchmark,1692,q9_orders_items_products_by_user,0.06275,0,True,
benchmark,1693,q10_top_sellers_qty,72.657580999999993,20,True,
benchmark,1694,q11_top_categories,0.79425000000000001,0,True,
benchmark,1695,q1_user_by_id,0.2505,1,True,
benchmark,1696,q2_all_users,4.1702500000000002,200,True,
benchmark,1697,q3_user_by_login,0.17924899999999999,1,True,
benchmark,1698,q4_sellers_rating,55.278582,100,True,
benchmark,1699,q5_orders_offset,4.8046660000000001,50,True,
benchmark,1700,q6_products_by_seller,0.154334,2,True,
benchmark,1701,q7_products_join_sellers,0.22204199999999999,2,True,
benchmark,1702,q8_order_items_join_products,0.206292,4,True,
benchmark,1703,q9_orders_items_products_by_user,0.204708,0,True,
benchmark,1704,q10_top_sellers_qty,61.608417000000003,20,True,
benchmark,1705,q11_top_categories,0.139458,0,True,
benchmark,1706,q1_user_by_id,0.16891700000000001,1,True,
benchmark,1707,q2_all_users,4.1749590000000003,200,True,
benchmark,1708,q3_user_by_login,0.25279200000000002,1,True,
benchmark,1709,q4_sellers_rating,49.018917000000002,100,True,
benchmark,1710,q5_orders_offset,1.569375,50,True,
benchmark,1711,q6_products_by_seller,0.140958,1,True,
benchmark,1712,q7_products_join_sellers,0.231542,1,True,
benchmark,1713,q8_order_items_join_products,0.19545799999999999,5,True,
benchmark,1714,q9_orders_items_products_by_user,0.47991600000000001,3,True,
benchmark,1715,q10_top_sellers_qty,58.885624,20,True,
benchmark,1716,q11_top_categories,0.137042,0,True,
benchmark,1717,q1_user_by_id,0.16858400000000001,1,True,
benchmark,1718,q2_all_users,3.7747489999999999,200,True,
benchmark,1719,q3_user_by_login,0.21975,1,True,
benchmark,1720,q4_sellers_rating,44.688751000000003,100,True,
benchmark,1721,q5_orders_offset,1.5508329999999999,50,True,
benchmark,1722,q6_products_by_seller,0.16275000000000001,1,True,
benchmark,1723,q7_products_join_sellers,0.21887499999999999,1,True,
benchmark,1724,q8_order_items_join_products,0.19600100000000001,1,True,
benchmark,1725,q9_orders_items_products_by_user,0.77395999999999998,5,True,
benchmark,1726,q10_top_sellers_qty,69.696332999999996,20,True,
benchmark,1727,q11_top_categories,0.13925000000000001,0,True,
benchmark,1728,q1_user_by_id,0.13200000000000001,1,True,
benchmark,1729,q2_all_users,3.6505420000000002,200,True,
benchmark,1730,q3_user_by_login,0.22666600000000001,1,True,
benchmark,1731,q4_sellers_rating,47.338417999999997,100,True,
benchmark,1732,q5_orders_offset,1.474459,50,True,
benchmark,1733,q6_products_by_seller,0.070499999999999993,0,True,
benchmark,1734,q7_products_join_sellers,0.075041999999999998,0,True,
benchmark,1735,q8_order_items_join_products,0.234874,5,True,
benchmark,1736,q9_orders_items_products_by_user,0.49041699999999999,4,True,
benchmark,1737,q10_top_sellers_qty,64.027333999999996,20,True,
benchmark,1738,q11_top_categories,0.140541,0,True,
benchmark,1739,q1_user_by_id,0.123333,1,True,
benchmark,1740,q2_all_users,3.2122920000000001,200,True,
benchmark,1741,q3_user_by_login,0.25129200000000002,1,True,
benchmark,1742,q4_sellers_rating,42.953958,100,True,
benchmark,1743,q5_orders_offset,1.555917,50,True,
benchmark,1744,q6_products_by_seller,0.14016700000000001,2,True,
benchmark,1745,q7_products_join_sellers,0.205626,2,True,
benchmark,1746,q8_order_items_join_products,0.20541599999999999,2,True,
benchmark,1747,q9_orders_items_products_by_user,0.18020800000000001,0,True,
benchmark,1748,q10_top_sellers_qty,55.602414000000003,20,True,
benchmark,1749,q11_top_categories,0.13337499999999999,0,True,
benchmark,1750,q1_user_by_id,0.14766599999999999,1,True,
benchmark,1751,q2_all_users,5.1710419999999999,200,True,
benchmark,1752,q3_user_by_login,0.182333,1,True,
benchmark,1753,q4_sellers_rating,44.015875999999999,100,True,
benchmark,1754,q5_orders_offset,1.6016250000000001,50,True,
benchmark,1755,q6_products_by_seller,0.146291,1,True,
benchmark,1756,q7_products_join_sellers,0.21554200000000001,1,True,
benchmark,1757,q8_order_items_join_products,0.191583,3,True,
benchmark,1758,q9_orders_items_products_by_user,0.063083,0,True,
benchmark,1759,q10_top_sellers_qty,63.519841,20,True,
benchmark,1760,q11_top_categories,0.144291,0,True,
benchmark,1761,q1_user_by_id,0.199209,1,True,
benchmark,1762,q2_all_users,3.9790830000000001,200,True,
benchmark,1763,q3_user_by_login,0.19062499999999999,1,True,
benchmark,1764,q4_sellers_rating,42.361998999999997,100,True,
benchmark,1765,q5_orders_offset,1.6232500000000001,50,True,
benchmark,1766,q6_products_by_seller,0.16616600000000001,1,True,
benchmark,1767,q7_products_join_sellers,0.20300000000000001,1,True,
benchmark,1768,q8_order_items_join_products,0.215584,5,True,
benchmark,1769,q9_orders_items_products_by_user,0.51358400000000004,4,True,
benchmark,1770,q10_top_sellers_qty,72.259630999999999,20,True,
benchmark,1771,q11_top_categories,0.13220799999999999,0,True,
benchmark,1772,q1_user_by_id,0.20324900000000001,1,True,
benchmark,1773,q2_all_users,3.4845000000000002,200,True,
benchmark,1774,q3_user_by_login,0.19204099999999999,1,True,
benchmark,1775,q4_sellers_rating,38.881042000000001,100,True,
benchmark,1776,q5_orders_offset,1.5493330000000001,50,True,
benchmark,1777,q6_products_by_seller,0.14720800000000001,3,True,
benchmark,1778,q7_products_join_sellers,0.23050000000000001,3,True,
benchmark,1779,q8_order_items_join_products,0.21870899999999999,3,True,
benchmark,1780,q9_orders_items_products_by_user,0.063250000000000001,0,True,
benchmark,1781,q10_top_sellers_qty,62.326492000000002,20,True,
benchmark,1782,q11_top_categories,0.13462499999999999,0,True,
benchmark,1783,q1_user_by_id,0.22641700000000001,1,True,
benchmark,1784,q2_all_users,7.9598329999999997,200,True,
benchmark,1785,q3_user_by_login,0.24445900000000001,1,True,
benchmark,1786,q4_sellers_rating,46.163083,100,True,
benchmark,1787,q5_orders_offset,1.595,50,True,
benchmark,1788,q6_products_by_seller,0.078167,0,True,
benchmark,1789,q7_products_join_sellers,0.074707999999999997,0,True,
benchmark,1790,q8_order_items_join_products,0.21399899999999999,1,True,
benchmark,1791,q9_orders_items_products_by_user,0.441834,2,True,
benchmark,1792,q10_top_sellers_qty,61.837617999999999,20,True,
benchmark,1793,q11_top_categories,0.187416,0,True,
benchmark,1794,q1_user_by_id,0.16333300000000001,1,True,
benchmark,1795,q2_all_users,3.428833,200,True,
benchmark,1796,q3_user_by_login,0.19283400000000001,1,True,
benchmark,1797,q4_sellers_rating,43.922541000000002,100,True,
benchmark,1798,q5_orders_offset,1.5843339999999999,50,True,
benchmark,1799,q6_products_by_seller,0.15375,3,True,
benchmark,1800,q7_products_join_sellers,0.216499,3,True,
benchmark,1801,q8_order_items_join_products,0.22787399999999999,2,True,
benchmark,1802,q9_orders_items_products_by_user,0.55241499999999999,4,True,
benchmark,1803,q10_top_sellers_qty,72.548046999999997,20,True,
benchmark,1804,q11_top_categories,0.144708,0,True,
benchmark,1805,q1_user_by_id,0.15487600000000001,1,True,
benchmark,1806,q2_all_users,3.6142910000000001,200,True,
benchmark,1807,q3_user_by_login,0.14608199999999999,1,True,
benchmark,1808,q4_sellers_rating,41.644292,100,True,
benchmark,1809,q5_orders_offset,1.5546249999999999,50,True,
benchmark,1810,q6_products_by_seller,0.18262500000000001,1,True,
benchmark,1811,q7_products_join_sellers,0.29516599999999998,1,True,
benchmark,1812,q8_order_items_join_products,0.2555,5,True,
benchmark,1813,q9_orders_items_products_by_user,0.083000000000000004,0,True,
benchmark,1814,q10_top_sellers_qty,83.925504000000004,20,True,
benchmark,1815,q11_top_categories,0.13575000000000001,0,True,
benchmark,1816,q1_user_by_id,0.238042,1,True,
benchmark,1817,q2_all_users,3.9189159999999998,200,True,
benchmark,1818,q3_user_by_login,0.25637500000000002,1,True,
benchmark,1819,q4_sellers_rating,47.325709000000003,100,True,
benchmark,1820,q5_orders_offset,1.5205409999999999,50,True,
benchmark,1821,q6_products_by_seller,0.15045800000000001,2,True,
benchmark,1822,q7_products_join_sellers,0.22262499999999999,2,True,
benchmark,1823,q8_order_items_join_products,0.201874,2,True,
benchmark,1824,q9_orders_items_products_by_user,0.18149999999999999,0,True,
benchmark,1825,q10_top_sellers_qty,79.889000999999993,20,True,
benchmark,1826,q11_top_categories,0.208375,0,True,
benchmark,1827,q1_user_by_id,0.22658400000000001,1,True,
benchmark,1828,q2_all_users,7.1069170000000002,200,True,
benchmark,1829,q3_user_by_login,0.25912499999999999,1,True,
benchmark,1830,q4_sellers_rating,51.72175,100,True,
benchmark,1831,q5_orders_offset,1.5760829999999999,50,True,
benchmark,1832,q6_products_by_seller,0.083459000000000005,0,True,
benchmark,1833,q7_products_join_sellers,0.093082999999999999,0,True,
benchmark,1834,q8_order_items_join_products,0.24208399999999999,5,True,
benchmark,1835,q9_orders_items_products_by_user,0.217,0,True,
benchmark,1836,q10_top_sellers_qty,89.448706000000001,20,True,
benchmark,1837,q11_top_categories,0.13991600000000001,0,True,
benchmark,1838,q1_user_by_id,0.145625,1,True,
benchmark,1839,q2_all_users,3.6961659999999998,200,True,
benchmark,1840,q3_user_by_login,0.14933399999999999,1,True,
benchmark,1841,q4_sellers_rating,49.974249,100,True,
benchmark,1842,q5_orders_offset,1.450375,50,True,
benchmark,1843,q6_products_by_seller,0.14025000000000001,2,True,
benchmark,1844,q7_products_join_sellers,0.18820799999999999,2,True,
benchmark,1845,q8_order_items_join_products,0.18937599999999999,4,True,
benchmark,1846,q9_orders_items_products_by_user,0.32829199999999997,1,True,
benchmark,1847,q10_top_sellers_qty,75.694626,20,True,
benchmark,1848,q11_top_categories,0.138209,0,True,
benchmark,1849,q1_user_by_id,0.14787400000000001,1,True,
benchmark,1850,q2_all_users,3.6464590000000001,200,True,
benchmark,1851,q3_user_by_login,0.22520799999999999,1,True,
benchmark,1852,q4_sellers_rating,43.628582999999999,100,True,
benchmark,1853,q5_orders_offset,1.5448329999999999,50,True,
benchmark,1854,q6_products_by_seller,0.14879200000000001,1,True,
benchmark,1855,q7_products_join_sellers,0.21445800000000001,1,True,
benchmark,1856,q8_order_items_join_products,0.208292,4,True,
benchmark,1857,q9_orders_items_products_by_user,0.071624999999999994,0,True,
benchmark,1858,q10_top_sellers_qty,81.435213000000005,20,True,
benchmark,1859,q11_top_categories,0.124083,0,True,
benchmark,1860,q1_user_by_id,0.23066600000000001,1,True,
benchmark,1861,q2_all_users,4.3515410000000001,200,True,
benchmark,1862,q3_user_by_login,0.14820900000000001,1,True,
benchmark,1863,q4_sellers_rating,45.144623000000003,100,True,
benchmark,1864,q5_orders_offset,1.527833,50,True,
benchmark,1865,q6_products_by_seller,0.083084000000000005,0,True,
benchmark,1866,q7_products_join_sellers,0.084500000000000006,0,True,
benchmark,1867,q8_order_items_join_products,0.22554299999999999,4,True,
benchmark,1868,q9_orders_items_products_by_user,0.26874900000000002,0,True,
benchmark,1869,q10_top_sellers_qty,58.665247000000001,20,True,
benchmark,1870,q11_top_categories,0.13075000000000001,0,True,
benchmark,1871,q1_user_by_id,0.23824999999999999,1,True,
benchmark,1872,q2_all_users,3.4010829999999999,200,True,
benchmark,1873,q3_user_by_login,0.13883300000000001,1,True,
benchmark,1874,q4_sellers_rating,45.690416999999997,100,True,
benchmark,1875,q5_orders_offset,1.551334,50,True,
benchmark,1876,q6_products_by_seller,0.11616600000000001,0,True,
benchmark,1877,q7_products_join_sellers,0.087707999999999994,0,True,
benchmark,1878,q8_order_items_join_products,0.28620899999999999,4,True,
benchmark,1879,q9_orders_items_products_by_user,0.58862400000000004,1,True,
benchmark,1880,q10_top_sellers_qty,66.768210999999994,20,True,
benchmark,1881,q11_top_categories,0.13825000000000001,0,True,
benchmark,1882,q1_user_by_id,0.14866699999999999,1,True,
benchmark,1883,q2_all_users,5.5420429999999996,200,True,
benchmark,1884,q3_user_by_login,0.15612599999999999,1,True,
benchmark,1885,q4_sellers_rating,44.553916000000001,100,True,
benchmark,1886,q5_orders_offset,1.4835,50,True,
benchmark,1887,q6_products_by_seller,0.078583,0,True,
benchmark,1888,q7_products_join_sellers,0.078290999999999999,0,True,
benchmark,1889,q8_order_items_join_products,0.24029200000000001,3,True,
benchmark,1890,q9_orders_items_products_by_user,0.19279099999999999,0,True,
benchmark,1891,q10_top_sellers_qty,61.279708999999997,20,True,
benchmark,1892,q11_top_categories,0.88037500000000002,0,True,
benchmark,1893,q1_user_by_id,0.479375,1,True,
benchmark,1894,q2_all_users,3.240917,200,True,
benchmark,1895,q3_user_by_login,0.19112599999999999,1,True,
benchmark,1896,q4_sellers_rating,40.417292000000003,100,True,
benchmark,1897,q5_orders_offset,1.4765010000000001,50,True,
benchmark,1898,q6_products_by_seller,0.13095799999999999,2,True,
benchmark,1899,q7_products_join_sellers,0.206708,2,True,
benchmark,1900,q8_order_items_join_products,0.18050099999999999,1,True,
benchmark,1901,q9_orders_items_products_by_user,0.065959000000000004,0,True,
benchmark,1902,q10_top_sellers_qty,67.948750000000004,20,True,
benchmark,1903,q11_top_categories,0.18829099999999999,0,True,
benchmark,1904,q1_user_by_id,0.390542,1,True,
benchmark,1905,q2_all_users,4.5395000000000003,200,True,
benchmark,1906,q3_user_by_login,0.151,1,True,
benchmark,1907,q4_sellers_rating,44.783957999999998,100,True,
benchmark,1908,q5_orders_offset,4.6891249999999998,50,True,
benchmark,1909,q6_products_by_seller,0.085042000000000006,0,True,
benchmark,1910,q7_products_join_sellers,0.073208999999999996,0,True,
benchmark,1911,q8_order_items_join_products,0.22337599999999999,3,True,
benchmark,1912,q9_orders_items_products_by_user,0.47849999999999998,3,True,
benchmark,1913,q10_top_sellers_qty,59.928249000000001,20,True,
benchmark,1914,q11_top_categories,0.19737499999999999,0,True,
benchmark,1915,q1_user_by_id,0.202291,1,True,
benchmark,1916,q2_all_users,3.7418330000000002,200,True,
benchmark,1917,q3_user_by_login,0.26858300000000002,1,True,
benchmark,1918,q4_sellers_rating,46.141666999999998,100,True,
benchmark,1919,q5_orders_offset,1.559083,50,True,
benchmark,1920,q6_products_by_seller,0.151001,1,True,
benchmark,1921,q7_products_join_sellers,0.21245800000000001,1,True,
benchmark,1922,q8_order_items_join_products,0.215166,5,True,
benchmark,1923,q9_orders_items_products_by_user,0.69608499999999995,5,True,
benchmark,1924,q10_top_sellers_qty,56.000410000000002,20,True,
benchmark,1925,q11_top_categories,0.792041,0,True,
benchmark,1926,q1_user_by_id,0.14995900000000001,1,True,
benchmark,1927,q2_all_users,5.776834,200,True,
benchmark,1928,q3_user_by_login,0.247918,1,True,
benchmark,1929,q4_sellers_rating,40.140957999999998,100,True,
benchmark,1930,q5_orders_offset,1.6562079999999999,50,True,
benchmark,1931,q6_products_by_seller,0.14624999999999999,1,True,
benchmark,1932,q7_products_join_sellers,0.28666700000000001,1,True,
benchmark,1933,q8_order_items_join_products,0.27445900000000001,3,True,
benchmark,1934,q9_orders_items_products_by_user,0.20716699999999999,0,True,
benchmark,1935,q10_top_sellers_qty,69.455625999999995,20,True,
benchmark,1936,q11_top_categories,0.155416,0,True,
benchmark,1937,q1_user_by_id,0.18954099999999999,1,True,
benchmark,1938,q2_all_users,3.2517489999999998,200,True,
benchmark,1939,q3_user_by_login,0.24333299999999999,1,True,
benchmark,1940,q4_sellers_rating,43.356084000000003,100,True,
benchmark,1941,q5_orders_offset,1.795625,50,True,
benchmark,1942,q6_products_by_seller,0.083084000000000005,0,True,
benchmark,1943,q7_products_join_sellers,0.077332999999999999,0,True,
benchmark,1944,q8_order_items_join_products,0.23583299999999999,3,True,
benchmark,1945,q9_orders_items_products_by_user,0.674624,5,True,
benchmark,1946,q10_top_sellers_qty,76.177384000000004,20,True,
benchmark,1947,q11_top_categories,0.15837499999999999,0,True,
benchmark,1948,q1_user_by_id,0.29599900000000001,1,True,
benchmark,1949,q2_all_users,3.5277090000000002,200,True,
benchmark,1950,q3_user_by_login,0.155667,1,True,
benchmark,1951,q4_sellers_rating,40.765124999999998,100,True,
benchmark,1952,q5_orders_offset,1.411251,50,True,
benchmark,1953,q6_products_by_seller,0.16070899999999999,2,True,
benchmark,1954,q7_products_join_sellers,0.24629200000000001,2,True,
benchmark,1955,q8_order_items_join_products,0.24479100000000001,4,True,
benchmark,1956,q9_orders_items_products_by_user,0.20200099999999999,0,True,
benchmark,1957,q10_top_sellers_qty,60.293042,20,True,
benchmark,1958,q11_top_categories,0.17341699999999999,0,True,
benchmark,1959,q1_user_by_id,0.19287499999999999,1,True,
benchmark,1960,q2_all_users,3.130833,200,True,
benchmark,1961,q3_user_by_login,0.157416,1,True,
benchmark,1962,q4_sellers_rating,48.085208000000002,100,True,
benchmark,1963,q5_orders_offset,1.660541,50,True,
benchmark,1964,q6_products_by_seller,0.1065,0,True,
benchmark,1965,q7_products_join_sellers,0.10283399999999999,0,True,
benchmark,1966,q8_order_items_join_products,0.30549999999999999,3,True,
benchmark,1967,q9_orders_items_products_by_user,0.60746,3,True,
benchmark,1968,q10_top_sellers_qty,78.927452000000002,20,True,
benchmark,1969,q11_top_categories,0.22575000000000001,0,True,
benchmark,1970,q1_user_by_id,0.182917,1,True,
benchmark,1971,q2_all_users,3.8327499999999999,200,True,
benchmark,1972,q3_user_by_login,0.292292,1,True,
benchmark,1973,q4_sellers_rating,41.575457,100,True,
benchmark,1974,q5_orders_offset,1.6328339999999999,50,True,
benchmark,1975,q6_products_by_seller,0.16054199999999999,1,True,
benchmark,1976,q7_products_join_sellers,0.21887599999999999,1,True,
benchmark,1977,q8_order_items_join_products,0.22483300000000001,5,True,
benchmark,1978,q9_orders_items_products_by_user,0.192333,0,True,
benchmark,1979,q10_top_sellers_qty,64.632294000000002,20,True,
benchmark,1980,q11_top_categories,0.15762499999999999,0,True,
benchmark,1981,q1_user_by_id,0.167292,1,True,
benchmark,1982,q2_all_users,3.2915410000000001,200,True,
benchmark,1983,q3_user_by_login,0.14566699999999999,1,True,
benchmark,1984,q4_sellers_rating,43.645916999999997,100,True,
benchmark,1985,q5_orders_offset,1.554001,50,True,
benchmark,1986,q6_products_by_seller,0.14770900000000001,1,True,
benchmark,1987,q7_products_join_sellers,0.22637499999999999,1,True,
benchmark,1988,q8_order_items_join_products,0.19620699999999999,5,True,
benchmark,1989,q9_orders_items_products_by_user,0.065416000000000002,0,True,
benchmark,1990,q10_top_sellers_qty,70.806332999999995,20,True,
benchmark,1991,q11_top_categories,0.088874999999999996,0,True,
benchmark,1992,q1_user_by_id,0.17837500000000001,1,True,
benchmark,1993,q2_all_users,3.1880410000000001,200,True,
benchmark,1994,q3_user_by_login,0.15979099999999999,1,True,
benchmark,1995,q4_sellers_rating,58.161793000000003,100,True,
benchmark,1996,q5_orders_offset,1.4754989999999999,50,True,
benchmark,1997,q6_products_by_seller,0.187833,2,True,
benchmark,1998,q7_products_join_sellers,0.21537500000000001,2,True,
benchmark,1999,q8_order_items_join_products,0.214917,2,True,
benchmark,2000,q9_orders_items_products_by_user,0.76079200000000002,5,True,
benchmark,2001,q10_top_sellers_qty,80.812920000000005,20,True,
benchmark,2002,q11_top_categories,0.143958,0,True,
benchmark,2003,q1_user_by_id,0.24504100000000001,1,True,
benchmark,2004,q2_all_users,3.5896249999999998,200,True,
benchmark,2005,q3_user_by_login,0.177291,1,True,
benchmark,2006,q4_sellers_rating,46.793917,100,True,
benchmark,2007,q5_orders_offset,1.5372079999999999,50,True,
benchmark,2008,q6_products_by_seller,0.15975,2,True,
benchmark,2009,q7_products_join_sellers,0.23025000000000001,2,True,
benchmark,2010,q8_order_items_join_products,0.23325000000000001,5,True,
benchmark,2011,q9_orders_items_products_by_user,0.28462599999999999,0,True,
benchmark,2012,q10_top_sellers_qty,65.263586000000004,20,True,
benchmark,2013,q11_top_categories,0.19654099999999999,0,True,
benchmark,2014,q1_user_by_id,0.21612500000000001,1,True,
benchmark,2015,q2_all_users,4.3710420000000001,200,True,
benchmark,2016,q3_user_by_login,0.260042,1,True,
benchmark,2017,q4_sellers_rating,42.899791,100,True,
benchmark,2018,q5_orders_offset,1.6249579999999999,50,True,
benchmark,2019,q6_products_by_seller,0.212584,4,True,
benchmark,2020,q7_products_join_sellers,0.25704100000000002,4,True,
benchmark,2021,q8_order_items_join_products,0.299124,1,True,
benchmark,2022,q9_orders_items_products_by_user,0.082708000000000004,0,True,
benchmark,2023,q10_top_sellers_qty,72.352581999999998,20,True,
benchmark,2024,q11_top_categories,0.345916,0,True,
benchmark,2025,q1_user_by_id,0.36416700000000002,1,True,
benchmark,2026,q2_all_users,4.2859990000000003,200,True,
benchmark,2027,q3_user_by_login,0.29412500000000003,1,True,
benchmark,2028,q4_sellers_rating,43.926501000000002,100,True,
benchmark,2029,q5_orders_offset,10.691041,50,True,
benchmark,2030,q6_products_by_seller,0.15537500000000001,2,True,
benchmark,2031,q7_products_join_sellers,0.21154200000000001,2,True,
benchmark,2032,q8_order_items_join_products,0.20141600000000001,1,True,
benchmark,2033,q9_orders_items_products_by_user,0.56416699999999997,3,True,
benchmark,2034,q10_top_sellers_qty,78.188453999999993,20,True,
benchmark,2035,q11_top_categories,0.145208,0,True,
benchmark,2036,q1_user_by_id,0.22687399999999999,1,True,
benchmark,2037,q2_all_users,4.8647499999999999,200,True,
benchmark,2038,q3_user_by_login,0.15912499999999999,1,True,
benchmark,2039,q4_sellers_rating,45.575749999999999,100,True,
benchmark,2040,q5_orders_offset,1.46475,50,True,
benchmark,2041,q6_products_by_seller,0.081333000000000003,0,True,
benchmark,2042,q7_products_join_sellers,0.077124999999999999,0,True,
benchmark,2043,q8_order_items_join_products,0.221918,3,True,
benchmark,2044,q9_orders_items_products_by_user,0.64020900000000003,4,True,
benchmark,2045,q10_top_sellers_qty,69.620879000000002,20,True,
benchmark,2046,q11_top_categories,0.15062500000000001,0,True,
benchmark,2047,q1_user_by_id,0.224,1,True,
benchmark,2048,q2_all_users,4.3012499999999996,200,True,
benchmark,2049,q3_user_by_login,0.150667,1,True,
benchmark,2050,q4_sellers_rating,49.828541999999999,100,True,
benchmark,2051,q5_orders_offset,1.445333,50,True,
benchmark,2052,q6_products_by_seller,0.078,0,True,
benchmark,2053,q7_products_join_sellers,0.077542,0,True,
benchmark,2054,q8_order_items_join_products,0.236042,4,True,
benchmark,2055,q9_orders_items_products_by_user,0.065375000000000003,0,True,
benchmark,2056,q10_top_sellers_qty,59.847459000000001,20,True,
benchmark,2057,q11_top_categories,0.19858400000000001,0,True,
benchmark,2058,q1_user_by_id,0.17774999999999999,1,True,
benchmark,2059,q2_all_users,3.7341250000000001,200,True,
benchmark,2060,q3_user_by_login,0.14191599999999999,1,True,
benchmark,2061,q4_sellers_rating,46.629041000000001,100,True,
benchmark,2062,q5_orders_offset,1.558125,50,True,
benchmark,2063,q6_products_by_seller,0.14704200000000001,2,True,
benchmark,2064,q7_products_join_sellers,0.19883400000000001,2,True,
benchmark,2065,q8_order_items_join_products,0.215749,5,True,
benchmark,2066,q9_orders_items_products_by_user,0.73267000000000004,6,True,
benchmark,2067,q10_top_sellers_qty,61.147916000000002,20,True,
benchmark,2068,q11_top_categories,0.13125000000000001,0,True,
benchmark,2069,q1_user_by_id,0.197542,1,True,
benchmark,2070,q2_all_users,4.1008329999999997,200,True,
benchmark,2071,q3_user_by_login,0.198542,1,True,
benchmark,2072,q4_sellers_rating,39.488790999999999,100,True,
benchmark,2073,q5_orders_offset,1.573167,50,True,
benchmark,2074,q6_products_by_seller,0.159166,1,True,
benchmark,2075,q7_products_join_sellers,0.214249,1,True,
benchmark,2076,q8_order_items_join_products,0.21129100000000001,3,True,
benchmark,2077,q9_orders_items_products_by_user,0.19145899999999999,0,True,
benchmark,2078,q10_top_sellers_qty,63.309460000000001,20,True,
benchmark,2079,q11_top_categories,0.13450000000000001,0,True,
benchmark,2080,q1_user_by_id,0.168541,1,True,
benchmark,2081,q2_all_users,4.0211249999999996,200,True,
benchmark,2082,q3_user_by_login,0.19358300000000001,1,True,
benchmark,2083,q4_sellers_rating,46.816332000000003,100,True,
benchmark,2084,q5_orders_offset,1.4849589999999999,50,True,
benchmark,2085,q6_products_by_seller,0.17983399999999999,2,True,
benchmark,2086,q7_products_join_sellers,0.22212599999999999,2,True,
benchmark,2087,q8_order_items_join_products,0.222166,4,True,
benchmark,2088,q9_orders_items_products_by_user,0.068708000000000005,0,True,
benchmark,2089,q10_top_sellers_qty,60.044497999999997,20,True,
benchmark,2090,q11_top_categories,0.140042,0,True,
benchmark,2091,q1_user_by_id,0.19425000000000001,1,True,
benchmark,2092,q2_all_users,3.7685,200,True,
benchmark,2093,q3_user_by_login,0.19750000000000001,1,True,
benchmark,2094,q4_sellers_rating,46.788541000000002,100,True,
benchmark,2095,q5_orders_offset,1.622042,50,True,
benchmark,2096,q6_products_by_seller,0.167458,2,True,
benchmark,2097,q7_products_join_sellers,0.22570899999999999,2,True,
benchmark,2098,q8_order_items_join_products,0.25487500000000002,2,True,
benchmark,2099,q9_orders_items_products_by_user,0.085750000000000007,0,True,
benchmark,2100,q10_top_sellers_qty,78.055835000000002,20,True,
benchmark,2101,q11_top_categories,0.13200000000000001,0,True,
benchmark,2102,q1_user_by_id,0.15120900000000001,1,True,
benchmark,2103,q2_all_users,3.5042080000000002,200,True,
benchmark,2104,q3_user_by_login,0.263708,1,True,
benchmark,2105,q4_sellers_rating,42.705084999999997,100,True,
benchmark,2106,q5_orders_offset,1.6009580000000001,50,True,
benchmark,2107,q6_products_by_seller,0.082834000000000005,0,True,
benchmark,2108,q7_products_join_sellers,0.078333,0,True,
benchmark,2109,q8_order_items_join_products,0.22654199999999999,3,True,
benchmark,2110,q9_orders_items_products_by_user,0.058749999999999997,0,True,
benchmark,2111,q10_top_sellers_qty,80.155797000000007,20,True,
benchmark,2112,q11_top_categories,0.161166,0,True,
benchmark,2113,q1_user_by_id,0.21099899999999999,1,True,
benchmark,2114,q2_all_users,3.580333,200,True,
benchmark,2115,q3_user_by_login,0.19479199999999999,1,True,
benchmark,2116,q4_sellers_rating,42.103040999999997,100,True,
benchmark,2117,q5_orders_offset,1.565876,50,True,
benchmark,2118,q6_products_by_seller,0.18854199999999999,2,True,
benchmark,2119,q7_products_join_sellers,0.25162499999999999,2,True,
benchmark,2120,q8_order_items_join_products,0.29662500000000003,3,True,
benchmark,2121,q9_orders_items_products_by_user,0.58916500000000005,4,True,
benchmark,2122,q10_top_sellers_qty,56.970917,20,True,
benchmark,2123,q11_top_categories,0.153417,0,True,
benchmark,2124,q1_user_by_id,0.138208,1,True,
benchmark,2125,q2_all_users,3.7281659999999999,200,True,
benchmark,2126,q3_user_by_login,0.20491699999999999,1,True,
benchmark,2127,q4_sellers_rating,44.296374999999998,100,True,
benchmark,2128,q5_orders_offset,1.5070410000000001,50,True,
benchmark,2129,q6_products_by_seller,0.17845800000000001,1,True,
benchmark,2130,q7_products_join_sellers,0.21049999999999999,1,True,
benchmark,2131,q8_order_items_join_products,0.223333,2,True,
benchmark,2132,q9_orders_items_products_by_user,0.062417,0,True,
benchmark,2133,q10_top_sellers_qty,62.247791999999997,20,True,
benchmark,2134,q11_top_categories,0.126666,0,True,
benchmark,2135,q1_user_by_id,0.15537599999999999,1,True,
benchmark,2136,q2_all_users,3.6117499999999998,200,True,
benchmark,2137,q3_user_by_login,0.237625,1,True,
benchmark,2138,q4_sellers_rating,42.511167999999998,100,True,
benchmark,2139,q5_orders_offset,1.6530830000000001,50,True,
benchmark,2140,q6_products_by_seller,0.146208,2,True,
benchmark,2141,q7_products_join_sellers,0.19320899999999999,2,True,
benchmark,2142,q8_order_items_join_products,0.19520799999999999,4,True,
benchmark,2143,q9_orders_items_products_by_user,0.71350100000000005,5,True,
benchmark,2144,q10_top_sellers_qty,62.728416000000003,20,True,
benchmark,2145,q11_top_categories,0.22375,0,True,
benchmark,2146,q1_user_by_id,0.29204200000000002,1,True,
benchmark,2147,q2_all_users,6.0252080000000001,200,True,
benchmark,2148,q3_user_by_login,0.16166700000000001,1,True,
benchmark,2149,q4_sellers_rating,48.836959,100,True,
benchmark,2150,q5_orders_offset,1.589834,50,True,
benchmark,2151,q6_products_by_seller,0.081958000000000003,0,True,
benchmark,2152,q7_products_join_sellers,0.074791999999999997,0,True,
benchmark,2153,q8_order_items_join_products,0.230457,5,True,
benchmark,2154,q9_orders_items_products_by_user,0.204292,0,True,
benchmark,2155,q10_top_sellers_qty,55.235376000000002,20,True,
benchmark,2156,q11_top_categories,0.169041,0,True,
benchmark,2157,q1_user_by_id,0.21195800000000001,1,True,
benchmark,2158,q2_all_users,3.7085409999999999,200,True,
benchmark,2159,q3_user_by_login,0.204708,1,True,
benchmark,2160,q4_sellers_rating,41.803001000000002,100,True,
benchmark,2161,q5_orders_offset,1.5745420000000001,50,True,
benchmark,2162,q6_products_by_seller,0.17008300000000001,1,True,
benchmark,2163,q7_products_join_sellers,0.21654200000000001,1,True,
benchmark,2164,q8_order_items_join_products,0.203791,3,True,
benchmark,2165,q9_orders_items_products_by_user,0.061499999999999999,0,True,
benchmark,2166,q10_top_sellers_qty,65.790750000000003,20,True,
benchmark,2167,q11_top_categories,0.13883300000000001,0,True,
benchmark,2168,q1_user_by_id,0.126834,1,True,
benchmark,2169,q2_all_users,3.5424579999999999,200,True,
benchmark,2170,q3_user_by_login,0.156,1,True,
benchmark,2171,q4_sellers_rating,43.040666999999999,100,True,
benchmark,2172,q5_orders_offset,4.6838759999999997,50,True,
benchmark,2173,q6_products_by_seller,0.081542000000000003,0,True,
benchmark,2174,q7_products_join_sellers,0.080500000000000002,0,True,
benchmark,2175,q8_order_items_join_products,0.219751,2,True,
benchmark,2176,q9_orders_items_products_by_user,0.202625,0,True,
benchmark,2177,q10_top_sellers_qty,67.197537999999994,20,True,
benchmark,2178,q11_top_categories,0.13162499999999999,0,True,
benchmark,2179,q1_user_by_id,0.212917,1,True,
benchmark,2180,q2_all_users,3.6258339999999998,200,True,
benchmark,2181,q3_user_by_login,0.41949999999999998,1,True,
benchmark,2182,q4_sellers_rating,45.514875000000004,100,True,
benchmark,2183,q5_orders_offset,1.507334,50,True,
benchmark,2184,q6_products_by_seller,0.15654199999999999,2,True,
benchmark,2185,q7_products_join_sellers,0.221834,2,True,
benchmark,2186,q8_order_items_join_products,0.21729100000000001,4,True,
benchmark,2187,q9_orders_items_products_by_user,0.084417000000000006,0,True,
benchmark,2188,q10_top_sellers_qty,59.015965000000001,20,True,
benchmark,2189,q11_top_categories,0.162416,0,True,
benchmark,2190,q1_user_by_id,0.15075,1,True,
benchmark,2191,q2_all_users,3.9561660000000001,200,True,
benchmark,2192,q3_user_by_login,0.15870799999999999,1,True,
benchmark,2193,q4_sellers_rating,41.253207000000003,100,True,
benchmark,2194,q5_orders_offset,1.4905010000000001,50,True,
benchmark,2195,q6_products_by_seller,0.062,0,True,
benchmark,2196,q7_products_join_sellers,0.067667000000000005,0,True,
benchmark,2197,q8_order_items_join_products,0.20816599999999999,1,True,
benchmark,2198,q9_orders_items_products_by_user,0.065333000000000002,0,True,
benchmark,2199,q10_top_sellers_qty,56.396954999999998,20,True,
benchmark,2200,q11_top_categories,0.13575000000000001,0,True,
benchmark,2201,q1_user_by_id,0.14750099999999999,1,True,
benchmark,2202,q2_all_users,3.1924589999999999,200,True,
benchmark,2203,q3_user_by_login,0.19650100000000001,1,True,
benchmark,2204,q4_sellers_rating,39.080582,100,True,
benchmark,2205,q5_orders_offset,1.6040840000000001,50,True,
benchmark,2206,q6_products_by_seller,0.18024899999999999,1,True,
benchmark,2207,q7_products_join_sellers,0.233459,1,True,
benchmark,2208,q8_order_items_join_products,0.184667,4,True,
benchmark,2209,q9_orders_items_products_by_user,0.44379200000000002,3,True,
benchmark,2210,q10_top_sellers_qty,63.730415000000001,20,True,
benchmark,2211,q11_top_categories,0.13591600000000001,0,True,
benchmark,2212,q1_user_by_id,0.137876,1,True,
benchmark,2213,q2_all_users,3.409875,200,True,
benchmark,2214,q3_user_by_login,0.14912500000000001,1,True,
benchmark,2215,q4_sellers_rating,44.873998999999998,100,True,
benchmark,2216,q5_orders_offset,1.5161249999999999,50,True,
benchmark,2217,q6_products_by_seller,0.18625,1,True,
benchmark,2218,q7_products_join_sellers,0.262042,1,True,
benchmark,2219,q8_order_items_join_products,0.25458399999999998,5,True,
benchmark,2220,q9_orders_items_products_by_user,0.54366800000000004,2,True,
benchmark,2221,q10_top_sellers_qty,72.513996000000006,20,True,
benchmark,2222,q11_top_categories,0.34983399999999998,0,True,
benchmark,2223,q1_user_by_id,1.404833,1,True,
benchmark,2224,q2_all_users,5.9855,200,True,
benchmark,2225,q3_user_by_login,0.264542,1,True,
benchmark,2226,q4_sellers_rating,44.175001000000002,100,True,
benchmark,2227,q5_orders_offset,5.4163750000000004,50,True,
benchmark,2228,q6_products_by_seller,0.17962400000000001,1,True,
benchmark,2229,q7_products_join_sellers,0.22787399999999999,1,True,
benchmark,2230,q8_order_items_join_products,0.27437499999999998,1,True,
benchmark,2231,q9_orders_items_products_by_user,0.57983600000000002,5,True,
benchmark,2232,q10_top_sellers_qty,57.297159999999998,20,True,
benchmark,2233,q11_top_categories,0.13475000000000001,0,True,
benchmark,2234,q1_user_by_id,0.20283399999999999,1,True,
benchmark,2235,q2_all_users,4.2140829999999996,200,True,
benchmark,2236,q3_user_by_login,0.155166,1,True,
benchmark,2237,q4_sellers_rating,40.890042000000001,100,True,
benchmark,2238,q5_orders_offset,5.3715830000000002,50,True,
benchmark,2239,q6_products_by_seller,0.16104199999999999,2,True,
benchmark,2240,q7_products_join_sellers,0.207542,2,True,
benchmark,2241,q8_order_items_join_products,0.19279199999999999,1,True,
benchmark,2242,q9_orders_items_products_by_user,0.70595799999999997,5,True,
benchmark,2243,q10_top_sellers_qty,57.912044000000002,20,True,
benchmark,2244,q11_top_categories,0.14720900000000001,0,True,
benchmark,2245,q1_user_by_id,0.14991599999999999,1,True,
benchmark,2246,q2_all_users,3.1240420000000002,200,True,
benchmark,2247,q3_user_by_login,0.142458,1,True,
benchmark,2248,q4_sellers_rating,41.771000999999998,100,True,
benchmark,2249,q5_orders_offset,1.637583,50,True,
benchmark,2250,q6_products_by_seller,0.084333000000000005,0,True,
benchmark,2251,q7_products_join_sellers,0.076874999999999999,0,True,
benchmark,2252,q8_order_items_join_products,0.24224999999999999,4,True,
benchmark,2253,q9_orders_items_products_by_user,0.202458,0,True,
benchmark,2254,q10_top_sellers_qty,70.228710000000007,20,True,
benchmark,2255,q11_top_categories,0.137375,0,True,
benchmark,2256,q1_user_by_id,0.12787499999999999,1,True,
benchmark,2257,q2_all_users,3.3903759999999998,200,True,
benchmark,2258,q3_user_by_login,0.16425100000000001,1,True,
benchmark,2259,q4_sellers_rating,40.103374000000002,100,True,
benchmark,2260,q5_orders_offset,1.6231660000000001,50,True,
benchmark,2261,q6_products_by_seller,0.15620899999999999,1,True,
benchmark,2262,q7_products_join_sellers,0.205793,1,True,
benchmark,2263,q8_order_items_join_products,0.22120899999999999,3,True,
benchmark,2264,q9_orders_items_products_by_user,0.079667000000000002,0,True,
benchmark,2265,q10_top_sellers_qty,82.714625999999996,20,True,
benchmark,2266,q11_top_categories,0.15637499999999999,0,True,
benchmark,2267,q1_user_by_id,0.151833,1,True,
benchmark,2268,q2_all_users,3.5395829999999999,200,True,
benchmark,2269,q3_user_by_login,0.13700000000000001,1,True,
benchmark,2270,q4_sellers_rating,43.110833,100,True,
benchmark,2271,q5_orders_offset,1.520626,50,True,
benchmark,2272,q6_products_by_seller,0.15504100000000001,1,True,
benchmark,2273,q7_products_join_sellers,0.20725099999999999,1,True,
benchmark,2274,q8_order_items_join_products,0.202625,2,True,
benchmark,2275,q9_orders_items_products_by_user,0.42316900000000002,3,True,
benchmark,2276,q10_top_sellers_qty,68.233579000000006,20,True,
benchmark,2277,q11_top_categories,0.14962500000000001,0,True,
benchmark,2278,q1_user_by_id,0.14458299999999999,1,True,
benchmark,2279,q2_all_users,3.9494579999999999,200,True,
benchmark,2280,q3_user_by_login,0.199376,1,True,
benchmark,2281,q4_sellers_rating,45.950082999999999,100,True,
benchmark,2282,q5_orders_offset,4.7614169999999998,50,True,
benchmark,2283,q6_products_by_seller,0.152583,1,True,
benchmark,2284,q7_products_join_sellers,0.219834,1,True,
benchmark,2285,q8_order_items_join_products,0.22912399999999999,2,True,
benchmark,2286,q9_orders_items_products_by_user,0.076249999999999998,0,True,
benchmark,2287,q10_top_sellers_qty,63.135213999999998,20,True,
benchmark,2288,q11_top_categories,0.13683300000000001,0,True,
benchmark,2289,q1_user_by_id,0.30495899999999998,1,True,
benchmark,2290,q2_all_users,3.6899999999999999,200,True,
benchmark,2291,q3_user_by_login,0.19850000000000001,1,True,
benchmark,2292,q4_sellers_rating,50.765374999999999,100,True,
benchmark,2293,q5_orders_offset,1.515083,50,True,
benchmark,2294,q6_products_by_seller,0.086749999999999994,0,True,
benchmark,2295,q7_products_join_sellers,0.085500000000000007,0,True,
benchmark,2296,q8_order_items_join_products,0.24862500000000001,4,True,
benchmark,2297,q9_orders_items_products_by_user,0.068125000000000005,0,True,
benchmark,2298,q10_top_sellers_qty,75.210998000000004,20,True,
benchmark,2299,q11_top_categories,0.19187499999999999,0,True,
benchmark,2300,q1_user_by_id,0.231209,1,True,
benchmark,2301,q2_all_users,3.5142500000000001,200,True,
benchmark,2302,q3_user_by_login,0.25437500000000002,1,True,
benchmark,2303,q4_sellers_rating,44.292459000000001,100,True,
benchmark,2304,q5_orders_offset,1.4110419999999999,50,True,
benchmark,2305,q6_products_by_seller,0.17908399999999999,1,True,
benchmark,2306,q7_products_join_sellers,0.21695900000000001,1,True,
benchmark,2307,q8_order_items_join_products,0.218501,2,True,
benchmark,2308,q9_orders_items_products_by_user,0.45724999999999999,2,True,
benchmark,2309,q10_top_sellers_qty,78.540346,20,True,
benchmark,2310,q11_top_categories,0.13500000000000001,0,True,
benchmark,2311,q1_user_by_id,1.0741259999999999,1,True,
benchmark,2312,q2_all_users,3.1474169999999999,200,True,
benchmark,2313,q3_user_by_login,0.19329199999999999,1,True,
benchmark,2314,q4_sellers_rating,41.650334000000001,100,True,
benchmark,2315,q5_orders_offset,1.4775,50,True,
benchmark,2316,q6_products_by_seller,0.15075,1,True,
benchmark,2317,q7_products_join_sellers,0.25283299999999997,1,True,
benchmark,2318,q8_order_items_join_products,0.230624,2,True,
benchmark,2319,q9_orders_items_products_by_user,0.359458,0,True,
benchmark,2320,q10_top_sellers_qty,66.267411999999993,20,True,
benchmark,2321,q11_top_categories,0.127,0,True,
benchmark,2322,q1_user_by_id,0.15370800000000001,1,True,
benchmark,2323,q2_all_users,3.2398750000000001,200,True,
benchmark,2324,q3_user_by_login,0.26095800000000002,1,True,
benchmark,2325,q4_sellers_rating,38.259041000000003,100,True,
benchmark,2326,q5_orders_offset,1.5190410000000001,50,True,
benchmark,2327,q6_products_by_seller,0.15545800000000001,4,True,
benchmark,2328,q7_products_join_sellers,0.21066699999999999,4,True,
benchmark,2329,q8_order_items_join_products,0.23083300000000001,5,True,
benchmark,2330,q9_orders_items_products_by_user,0.82212399999999997,7,True,
benchmark,2331,q10_top_sellers_qty,61.295124000000001,20,True,
benchmark,2332,q11_top_categories,0.14999999999999999,0,True,
benchmark,2333,q1_user_by_id,0.18262500000000001,1,True,
benchmark,2334,q2_all_users,3.3940839999999999,200,True,
benchmark,2335,q3_user_by_login,0.188333,1,True,
benchmark,2336,q4_sellers_rating,41.801167,100,True,
benchmark,2337,q5_orders_offset,1.5965419999999999,50,True,
benchmark,2338,q6_products_by_seller,0.153501,4,True,
benchmark,2339,q7_products_join_sellers,0.218084,4,True,
benchmark,2340,q8_order_items_join_products,0.22633400000000001,5,True,
benchmark,2341,q9_orders_items_products_by_user,0.58062199999999997,3,True,
benchmark,2342,q10_top_sellers_qty,54.786003999999998,20,True,
benchmark,2343,q11_top_categories,0.159834,0,True,
benchmark,2344,q1_user_by_id,0.15520800000000001,1,True,
benchmark,2345,q2_all_users,3.2527499999999998,200,True,
benchmark,2346,q3_user_by_login,0.20741699999999999,1,True,
benchmark,2347,q4_sellers_rating,43.757832999999998,100,True,
benchmark,2348,q5_orders_offset,1.624166,50,True,
benchmark,2349,q6_products_by_seller,0.158167,2,True,
benchmark,2350,q7_products_join_sellers,0.214167,2,True,
benchmark,2351,q8_order_items_join_products,0.223417,5,True,
benchmark,2352,q9_orders_items_products_by_user,1.5032110000000001,5,True,
benchmark,2353,q10_top_sellers_qty,82.569042999999994,20,True,
benchmark,2354,q11_top_categories,0.172625,0,True,
benchmark,2355,q1_user_by_id,0.24062500000000001,1,True,
benchmark,2356,q2_all_users,3.6887080000000001,200,True,
benchmark,2357,q3_user_by_login,0.245666,1,True,
benchmark,2358,q4_sellers_rating,52.414374000000002,100,True,
benchmark,2359,q5_orders_offset,1.677125,50,True,
benchmark,2360,q6_products_by_seller,0.088916999999999996,0,True,
benchmark,2361,q7_products_join_sellers,0.084541000000000005,0,True,
benchmark,2362,q8_order_items_join_products,0.23983399999999999,4,True,
benchmark,2363,q9_orders_items_products_by_user,0.39600000000000002,2,True,
benchmark,2364,q10_top_sellers_qty,67.826706000000001,20,True,
benchmark,2365,q11_top_categories,0.13429199999999999,0,True,
benchmark,2366,q1_user_by_id,0.13187499999999999,1,True,
benchmark,2367,q2_all_users,3.2696670000000001,200,True,
benchmark,2368,q3_user_by_login,0.24470800000000001,1,True,
benchmark,2369,q4_sellers_rating,41.130042000000003,100,True,
benchmark,2370,q5_orders_offset,1.625208,50,True,
benchmark,2371,q6_products_by_seller,0.089499999999999996,0,True,
benchmark,2372,q7_products_join_sellers,0.084125000000000005,0,True,
benchmark,2373,q8_order_items_join_products,0.24479100000000001,5,True,
benchmark,2374,q9_orders_items_products_by_user,0.28199999999999997,0,True,
benchmark,2375,q10_top_sellers_qty,63.680664,20,True,
benchmark,2376,q11_top_categories,0.15375,0,True,
benchmark,2377,q1_user_by_id,0.18204200000000001,1,True,
benchmark,2378,q2_all_users,5.4013749999999998,200,True,
benchmark,2379,q3_user_by_login,0.160834,1,True,
benchmark,2380,q4_sellers_rating,45.925083000000001,100,True,
benchmark,2381,q5_orders_offset,1.5191250000000001,50,True,
benchmark,2382,q6_products_by_seller,0.19275100000000001,1,True,
benchmark,2383,q7_products_join_sellers,0.28004099999999998,1,True,
benchmark,2384,q8_order_items_join_products,0.20866699999999999,1,True,
benchmark,2385,q9_orders_items_products_by_user,0.74604000000000004,5,True,
benchmark,2386,q10_top_sellers_qty,76.353002000000004,20,True,
benchmark,2387,q11_top_categories,0.17316699999999999,0,True,
benchmark,2388,q1_user_by_id,0.146291,1,True,
benchmark,2389,q2_all_users,3.0320420000000001,200,True,
benchmark,2390,q3_user_by_login,0.261208,1,True,
benchmark,2391,q4_sellers_rating,44.810459000000002,100,True,
benchmark,2392,q5_orders_offset,1.897791,50,True,
benchmark,2393,q6_products_by_seller,0.086083000000000007,0,True,
benchmark,2394,q7_products_join_sellers,0.068167000000000005,0,True,
benchmark,2395,q8_order_items_join_products,0.216751,4,True,
benchmark,2396,q9_orders_items_products_by_user,0.057209000000000003,0,True,
benchmark,2397,q10_top_sellers_qty,69.091582000000002,20,True,
benchmark,2398,q11_top_categories,0.14733299999999999,0,True,
benchmark,2399,q1_user_by_id,0.137376,1,True,
benchmark,2400,q2_all_users,4.1515420000000001,200,True,
benchmark,2401,q3_user_by_login,0.144708,1,True,
benchmark,2402,q4_sellers_rating,46.740499999999997,100,True,
benchmark,2403,q5_orders_offset,1.5293749999999999,50,True,
benchmark,2404,q6_products_by_seller,0.081250000000000003,0,True,
benchmark,2405,q7_products_join_sellers,0.077249999999999999,0,True,
benchmark,2406,q8_order_items_join_products,0.24320800000000001,3,True,
benchmark,2407,q9_orders_items_products_by_user,0.76237500000000002,5,True,
benchmark,2408,q10_top_sellers_qty,57.483252,20,True,
benchmark,2409,q11_top_categories,0.122417,0,True,
benchmark,2410,q1_user_by_id,0.192,1,True,
benchmark,2411,q2_all_users,6.344417,200,True,
benchmark,2412,q3_user_by_login,0.24612500000000001,1,True,
benchmark,2413,q4_sellers_rating,41.242583000000003,100,True,
benchmark,2414,q5_orders_offset,1.5864579999999999,50,True,
benchmark,2415,q6_products_by_seller,0.16029199999999999,3,True,
benchmark,2416,q7_products_join_sellers,0.19304099999999999,3,True,
benchmark,2417,q8_order_items_join_products,0.18875,4,True,
benchmark,2418,q9_orders_items_products_by_user,0.074916999999999997,0,True,
benchmark,2419,q10_top_sellers_qty,64.738,20,True,
benchmark,2420,q11_top_categories,0.12662499999999999,0,True,
benchmark,2421,q1_user_by_id,0.139958,1,True,
benchmark,2422,q2_all_users,3.5019170000000002,200,True,
benchmark,2423,q3_user_by_login,0.265291,1,True,
benchmark,2424,q4_sellers_rating,45.949001000000003,100,True,
benchmark,2425,q5_orders_offset,1.7224170000000001,50,True,
benchmark,2426,q6_products_by_seller,0.083791000000000004,0,True,
benchmark,2427,q7_products_join_sellers,0.086291999999999994,0,True,
benchmark,2428,q8_order_items_join_products,0.24149999999999999,2,True,
benchmark,2429,q9_orders_items_products_by_user,0.56095899999999999,3,True,
benchmark,2430,q10_top_sellers_qty,57.202119000000003,20,True,
benchmark,2431,q11_top_categories,0.144375,0,True,
benchmark,2432,q1_user_by_id,0.15587500000000001,1,True,
benchmark,2433,q2_all_users,3.9070420000000001,200,True,
benchmark,2434,q3_user_by_login,0.232876,1,True,
benchmark,2435,q4_sellers_rating,39.460540999999999,100,True,
benchmark,2436,q5_orders_offset,1.5708759999999999,50,True,
benchmark,2437,q6_products_by_seller,0.15337500000000001,1,True,
benchmark,2438,q7_products_join_sellers,0.20891699999999999,1,True,
benchmark,2439,q8_order_items_join_products,0.209374,2,True,
benchmark,2440,q9_orders_items_products_by_user,0.057291000000000002,0,True,
benchmark,2441,q10_top_sellers_qty,70.360708000000002,20,True,
benchmark,2442,q11_top_categories,0.14208299999999999,0,True,
benchmark,2443,q1_user_by_id,0.12929099999999999,1,True,
benchmark,2444,q2_all_users,3.2267920000000001,200,True,
benchmark,2445,q3_user_by_login,0.202543,1,True,
benchmark,2446,q4_sellers_rating,45.732584000000003,100,True,
benchmark,2447,q5_orders_offset,1.6262080000000001,50,True,
benchmark,2448,q6_products_by_seller,0.085625000000000007,0,True,
benchmark,2449,q7_products_join_sellers,0.088874999999999996,0,True,
benchmark,2450,q8_order_items_join_products,0.19696,1,True,
benchmark,2451,q9_orders_items_products_by_user,0.50629199999999996,4,True,
benchmark,2452,q10_top_sellers_qty,58.181165999999997,20,True,
benchmark,2453,q11_top_categories,0.12595799999999999,0,True,
benchmark,2454,q1_user_by_id,0.16883300000000001,1,True,
benchmark,2455,q2_all_users,3.2775829999999999,200,True,
benchmark,2456,q3_user_by_login,0.16554099999999999,1,True,
benchmark,2457,q4_sellers_rating,46.675624999999997,100,True,
benchmark,2458,q5_orders_offset,1.5472079999999999,50,True,
benchmark,2459,q6_products_by_seller,0.079125000000000001,0,True,
benchmark,2460,q7_products_join_sellers,0.076624999999999999,0,True,
benchmark,2461,q8_order_items_join_products,0.20920900000000001,2,True,
benchmark,2462,q9_orders_items_products_by_user,0.058541999999999997,0,True,
benchmark,2463,q10_top_sellers_qty,64.281743000000006,20,True,
benchmark,2464,q11_top_categories,0.136625,0,True,
benchmark,2465,q1_user_by_id,0.15887499999999999,1,True,
benchmark,2466,q2_all_users,5.2630420000000004,200,True,
benchmark,2467,q3_user_by_login,0.16587499999999999,1,True,
benchmark,2468,q4_sellers_rating,42.655042000000002,100,True,
benchmark,2469,q5_orders_offset,1.5056670000000001,50,True,
benchmark,2470,q6_products_by_seller,0.078625,0,True,
benchmark,2471,q7_products_join_sellers,0.077917,0,True,
benchmark,2472,q8_order_items_join_products,0.222666,2,True,
benchmark,2473,q9_orders_items_products_by_user,0.0625,0,True,
benchmark,2474,q10_top_sellers_qty,74.517332999999994,20,True,
benchmark,2475,q11_top_categories,0.12987499999999999,0,True,
benchmark,2476,q1_user_by_id,0.16666600000000001,1,True,
benchmark,2477,q2_all_users,3.0527500000000001,200,True,
benchmark,2478,q3_user_by_login,0.15087500000000001,1,True,
benchmark,2479,q4_sellers_rating,40.731084000000003,100,True,
benchmark,2480,q5_orders_offset,1.561958,50,True,
benchmark,2481,q6_products_by_seller,0.082541000000000003,0,True,
benchmark,2482,q7_products_join_sellers,0.094458,0,True,
benchmark,2483,q8_order_items_join_products,0.24258399999999999,3,True,
benchmark,2484,q9_orders_items_products_by_user,0.078209000000000001,0,True,
benchmark,2485,q10_top_sellers_qty,77.135999999999996,20,True,
benchmark,2486,q11_top_categories,0.155333,0,True,
benchmark,2487,q1_user_by_id,0.176291,1,True,
benchmark,2488,q2_all_users,3.9002919999999999,200,True,
benchmark,2489,q3_user_by_login,0.22550000000000001,1,True,
benchmark,2490,q4_sellers_rating,46.077793,100,True,
benchmark,2491,q5_orders_offset,1.556416,50,True,
benchmark,2492,q6_products_by_seller,0.15370700000000001,1,True,
benchmark,2493,q7_products_join_sellers,0.22887399999999999,1,True,
benchmark,2494,q8_order_items_join_products,0.220916,5,True,
benchmark,2495,q9_orders_items_products_by_user,0.066334000000000004,0,True,
benchmark,2496,q10_top_sellers_qty,73.485710999999995,20,True,
benchmark,2497,q11_top_categories,0.18879199999999999,0,True,
benchmark,2498,q1_user_by_id,0.18325,1,True,
benchmark,2499,q2_all_users,3.5277919999999998,200,True,
benchmark,2500,q3_user_by_login,0.18141599999999999,1,True,
benchmark,2501,q4_sellers_rating,43.175916000000001,100,True,
benchmark,2502,q5_orders_offset,1.5330410000000001,50,True,
benchmark,2503,q6_products_by_seller,0.167292,1,True,
benchmark,2504,q7_products_join_sellers,0.21095800000000001,1,True,
benchmark,2505,q8_order_items_join_products,0.21104100000000001,2,True,
benchmark,2506,q9_orders_items_products_by_user,0.25412699999999999,0,True,
benchmark,2507,q10_top_sellers_qty,72.148955000000001,20,True,
benchmark,2508,q11_top_categories,0.25950000000000001,0,True,
benchmark,2509,q1_user_by_id,0.253917,1,True,
benchmark,2510,q2_all_users,3.8406250000000002,200,True,
benchmark,2511,q3_user_by_login,0.1515,1,True,
benchmark,2512,q4_sellers_rating,44.659416999999998,100,True,
benchmark,2513,q5_orders_offset,1.6868749999999999,50,True,
benchmark,2514,q6_products_by_seller,0.064833000000000002,0,True,
benchmark,2515,q7_products_join_sellers,0.081750000000000003,0,True,
benchmark,2516,q8_order_items_join_products,0.21337500000000001,5,True,
benchmark,2517,q9_orders_items_products_by_user,0.19687499999999999,0,True,
benchmark,2518,q10_top_sellers_qty,96.093711999999996,20,True,
benchmark,2519,q11_top_categories,0.13241600000000001,0,True,
benchmark,2520,q1_user_by_id,0.125083,1,True,
benchmark,2521,q2_all_users,3.6545830000000001,200,True,
benchmark,2522,q3_user_by_login,0.16433300000000001,1,True,
benchmark,2523,q4_sellers_rating,48.813208000000003,100,True,
benchmark,2524,q5_orders_offset,1.6015820000000001,50,True,
benchmark,2525,q6_products_by_seller,0.152501,2,True,
benchmark,2526,q7_products_join_sellers,0.205125,2,True,
benchmark,2527,q8_order_items_join_products,0.21504100000000001,1,True,
benchmark,2528,q9_orders_items_products_by_user,0.070416000000000006,0,True,
benchmark,2529,q10_top_sellers_qty,82.454301000000001,20,True,
benchmark,2530,q11_top_categories,0.129166,0,True,
benchmark,2531,q1_user_by_id,0.12612499999999999,1,True,
benchmark,2532,q2_all_users,3.9782500000000001,200,True,
benchmark,2533,q3_user_by_login,0.15062500000000001,1,True,
benchmark,2534,q4_sellers_rating,44.322291999999997,100,True,
benchmark,2535,q5_orders_offset,1.5202910000000001,50,True,
benchmark,2536,q6_products_by_seller,0.090207999999999997,0,True,
benchmark,2537,q7_products_join_sellers,0.071749999999999994,0,True,
benchmark,2538,q8_order_items_join_products,0.188834,1,True,
benchmark,2539,q9_orders_items_products_by_user,0.074499999999999997,0,True,
benchmark,2540,q10_top_sellers_qty,69.706132999999994,20,True,
benchmark,2541,q11_top_categories,0.130583,0,True,
benchmark,2542,q1_user_by_id,0.234208,1,True,
benchmark,2543,q2_all_users,4.0168749999999998,200,True,
benchmark,2544,q3_user_by_login,0.25350099999999998,1,True,
benchmark,2545,q4_sellers_rating,47.072291999999997,100,True,
benchmark,2546,q5_orders_offset,1.543042,50,True,
benchmark,2547,q6_products_by_seller,0.15345700000000001,1,True,
benchmark,2548,q7_products_join_sellers,0.19975000000000001,1,True,
benchmark,2549,q8_order_items_join_products,0.21904199999999999,4,True,
benchmark,2550,q9_orders_items_products_by_user,0.50341599999999997,4,True,
benchmark,2551,q10_top_sellers_qty,60.073076,20,True,
benchmark,2552,q11_top_categories,0.13162499999999999,0,True,
benchmark,2553,q1_user_by_id,0.17995800000000001,1,True,
benchmark,2554,q2_all_users,3.6635,200,True,
benchmark,2555,q3_user_by_login,0.19512499999999999,1,True,
benchmark,2556,q4_sellers_rating,43.065207999999998,100,True,
benchmark,2557,q5_orders_offset,1.560584,50,True,
benchmark,2558,q6_products_by_seller,0.13625000000000001,1,True,
benchmark,2559,q7_products_join_sellers,0.20825099999999999,1,True,
benchmark,2560,q8_order_items_join_products,0.203625,1,True,
benchmark,2561,q9_orders_items_products_by_user,0.061667,0,True,
benchmark,2562,q10_top_sellers_qty,57.677126000000001,20,True,
benchmark,2563,q11_top_categories,0.12912499999999999,0,True,
benchmark,2564,q1_user_by_id,0.168708,1,True,
benchmark,2565,q2_all_users,3.2008740000000002,200,True,
benchmark,2566,q3_user_by_login,0.23683199999999999,1,True,
benchmark,2567,q4_sellers_rating,40.603290999999999,100,True,
benchmark,2568,q5_orders_offset,1.5707500000000001,50,True,
benchmark,2569,q6_products_by_seller,0.15279200000000001,1,True,
benchmark,2570,q7_products_join_sellers,0.19329199999999999,1,True,
benchmark,2571,q8_order_items_join_products,0.20566699999999999,2,True,
benchmark,2572,q9_orders_items_products_by_user,0.064083000000000001,0,True,
benchmark,2573,q10_top_sellers_qty,58.857455999999999,20,True,
benchmark,2574,q11_top_categories,0.145791,0,True,
benchmark,2575,q1_user_by_id,0.11824900000000001,1,True,
benchmark,2576,q2_all_users,3.5459580000000002,200,True,
benchmark,2577,q3_user_by_login,0.16287499999999999,1,True,
benchmark,2578,q4_sellers_rating,46.884582999999999,100,True,
benchmark,2579,q5_orders_offset,1.4276660000000001,50,True,
benchmark,2580,q6_products_by_seller,0.15762499999999999,1,True,
benchmark,2581,q7_products_join_sellers,0.204375,1,True,
benchmark,2582,q8_order_items_join_products,0.20050100000000001,2,True,
benchmark,2583,q9_orders_items_products_by_user,0.192166,0,True,
benchmark,2584,q10_top_sellers_qty,57.560288999999997,20,True,
benchmark,2585,q11_top_categories,0.28645900000000002,0,True,
benchmark,2586,q1_user_by_id,0.238209,1,True,
benchmark,2587,q2_all_users,7.7584160000000004,200,True,
benchmark,2588,q3_user_by_login,0.17849899999999999,1,True,
benchmark,2589,q4_sellers_rating,44.317334000000002,100,True,
benchmark,2590,q5_orders_offset,1.540416,50,True,
benchmark,2591,q6_products_by_seller,0.142543,1,True,
benchmark,2592,q7_products_join_sellers,0.22708400000000001,1,True,
benchmark,2593,q8_order_items_join_products,0.21545800000000001,4,True,
benchmark,2594,q9_orders_items_products_by_user,0.22537499999999999,0,True,
benchmark,2595,q10_top_sellers_qty,54.542459999999998,20,True,
benchmark,2596,q11_top_categories,0.13225000000000001,0,True,
benchmark,2597,q1_user_by_id,0.140458,1,True,
benchmark,2598,q2_all_users,3.1398760000000001,200,True,
benchmark,2599,q3_user_by_login,0.22783300000000001,1,True,
benchmark,2600,q4_sellers_rating,40.589542000000002,100,True,
benchmark,2601,q5_orders_offset,1.475792,50,True,
benchmark,2602,q6_products_by_seller,0.071583999999999995,0,True,
benchmark,2603,q7_products_join_sellers,0.070791000000000007,0,True,
benchmark,2604,q8_order_items_join_products,0.19495799999999999,1,True,
benchmark,2605,q9_orders_items_products_by_user,0.18116699999999999,0,True,
benchmark,2606,q10_top_sellers_qty,62.054003999999999,20,True,
benchmark,2607,q11_top_categories,0.122333,0,True,
benchmark,2608,q1_user_by_id,0.168541,1,True,
benchmark,2609,q2_all_users,3.159084,200,True,
benchmark,2610,q3_user_by_login,0.16312499999999999,1,True,
benchmark,2611,q4_sellers_rating,46.859375,100,True,
benchmark,2612,q5_orders_offset,5.0722909999999999,50,True,
benchmark,2613,q6_products_by_seller,0.119958,0,True,
benchmark,2614,q7_products_join_sellers,0.11325,0,True,
benchmark,2615,q8_order_items_join_products,0.295458,1,True,
benchmark,2616,q9_orders_items_products_by_user,0.577623,5,True,
benchmark,2617,q10_top_sellers_qty,64.037707999999995,20,True,
benchmark,2618,q11_top_categories,0.14349999999999999,0,True,
benchmark,2619,q1_user_by_id,0.12854099999999999,1,True,
benchmark,2620,q2_all_users,3.715125,200,True,
benchmark,2621,q3_user_by_login,0.218583,1,True,
benchmark,2622,q4_sellers_rating,39.716208000000002,100,True,
benchmark,2623,q5_orders_offset,1.5585,50,True,
benchmark,2624,q6_products_by_seller,0.14491699999999999,3,True,
benchmark,2625,q7_products_join_sellers,0.20541599999999999,3,True,
benchmark,2626,q8_order_items_join_products,0.218916,3,True,
benchmark,2627,q9_orders_items_products_by_user,0.432751,2,True,
benchmark,2628,q10_top_sellers_qty,64.037128999999993,20,True,
benchmark,2629,q11_top_categories,0.13,0,True,
benchmark,2630,q1_user_by_id,0.12512499999999999,1,True,
benchmark,2631,q2_all_users,3.3325420000000001,200,True,
benchmark,2632,q3_user_by_login,0.16491700000000001,1,True,
benchmark,2633,q4_sellers_rating,45.754165999999998,100,True,
benchmark,2634,q5_orders_offset,1.4368749999999999,50,True,
benchmark,2635,q6_products_by_seller,0.153667,1,True,
benchmark,2636,q7_products_join_sellers,0.21162400000000001,1,True,
benchmark,2637,q8_order_items_join_products,0.204875,2,True,
benchmark,2638,q9_orders_items_products_by_user,0.063375000000000001,0,True,
benchmark,2639,q10_top_sellers_qty,65.256496999999996,20,True,
benchmark,2640,q11_top_categories,0.14116600000000001,0,True,
benchmark,2641,q1_user_by_id,0.14050000000000001,1,True,
benchmark,2642,q2_all_users,3.5423749999999998,200,True,
benchmark,2643,q3_user_by_login,0.198792,1,True,
benchmark,2644,q4_sellers_rating,40.753041000000003,100,True,
benchmark,2645,q5_orders_offset,1.5088330000000001,50,True,
benchmark,2646,q6_products_by_seller,0.12754299999999999,2,True,
benchmark,2647,q7_products_join_sellers,0.214499,2,True,
benchmark,2648,q8_order_items_join_products,0.18587500000000001,2,True,
benchmark,2649,q9_orders_items_products_by_user,0.26950099999999999,0,True,
benchmark,2650,q10_top_sellers_qty,82.435374999999993,20,True,
benchmark,2651,q11_top_categories,0.13516700000000001,0,True,
benchmark,2652,q1_user_by_id,0.21304200000000001,1,True,
benchmark,2653,q2_all_users,3.5900829999999999,200,True,
benchmark,2654,q3_user_by_login,0.18066599999999999,1,True,
benchmark,2655,q4_sellers_rating,43.599125000000001,100,True,
benchmark,2656,q5_orders_offset,1.5539160000000001,50,True,
benchmark,2657,q6_products_by_seller,0.158667,1,True,
benchmark,2658,q7_products_join_sellers,0.20950099999999999,1,True,
benchmark,2659,q8_order_items_join_products,0.219001,5,True,
benchmark,2660,q9_orders_items_products_by_user,0.36949900000000002,2,True,
benchmark,2661,q10_top_sellers_qty,85.250577000000007,20,True,
benchmark,2662,q11_top_categories,0.13233300000000001,0,True,
benchmark,2663,q1_user_by_id,0.233625,1,True,
benchmark,2664,q2_all_users,4.5502500000000001,200,True,
benchmark,2665,q3_user_by_login,0.31279200000000001,1,True,
benchmark,2666,q4_sellers_rating,44.465792999999998,100,True,
benchmark,2667,q5_orders_offset,1.557083,50,True,
benchmark,2668,q6_products_by_seller,0.059790999999999997,0,True,
benchmark,2669,q7_products_join_sellers,0.088499999999999995,0,True,
benchmark,2670,q8_order_items_join_products,0.21083199999999999,1,True,
benchmark,2671,q9_orders_items_products_by_user,0.361043,1,True,
benchmark,2672,q10_top_sellers_qty,56.244708000000003,20,True,
benchmark,2673,q11_top_categories,0.146125,0,True,
benchmark,2674,q1_user_by_id,0.12904199999999999,1,True,
benchmark,2675,q2_all_users,3.7206260000000002,200,True,
benchmark,2676,q3_user_by_login,0.224916,1,True,
benchmark,2677,q4_sellers_rating,43.770707999999999,100,True,
benchmark,2678,q5_orders_offset,1.5277069999999999,50,True,
benchmark,2679,q6_products_by_seller,0.124792,0,True,
benchmark,2680,q7_products_join_sellers,0.077459,0,True,
benchmark,2681,q8_order_items_join_products,0.2235,1,True,
benchmark,2682,q9_orders_items_products_by_user,0.39541599999999999,2,True,
benchmark,2683,q10_top_sellers_qty,75.401408000000004,20,True,
benchmark,2684,q11_top_categories,0.142709,0,True,
benchmark,2685,q1_user_by_id,0.136708,1,True,
benchmark,2686,q2_all_users,3.1925840000000001,200,True,
benchmark,2687,q3_user_by_login,0.17891599999999999,1,True,
benchmark,2688,q4_sellers_rating,40.053458999999997,100,True,
benchmark,2689,q5_orders_offset,1.5202910000000001,50,True,
benchmark,2690,q6_products_by_seller,0.154333,1,True,
benchmark,2691,q7_products_join_sellers,0.20987500000000001,1,True,
benchmark,2692,q8_order_items_join_products,0.216,2,True,
benchmark,2693,q9_orders_items_products_by_user,0.072707999999999995,0,True,
benchmark,2694,q10_top_sellers_qty,80.057910000000007,20,True,
benchmark,2695,q11_top_categories,0.123833,0,True,
benchmark,2696,q1_user_by_id,0.17025000000000001,1,True,
benchmark,2697,q2_all_users,3.2715830000000001,200,True,
benchmark,2698,q3_user_by_login,0.20583299999999999,1,True,
benchmark,2699,q4_sellers_rating,40.107000999999997,100,True,
benchmark,2700,q5_orders_offset,1.852875,50,True,
benchmark,2701,q6_products_by_seller,0.159417,3,True,
benchmark,2702,q7_products_join_sellers,0.21216699999999999,3,True,
benchmark,2703,q8_order_items_join_products,0.236708,4,True,
benchmark,2704,q9_orders_items_products_by_user,0.068416000000000005,0,True,
benchmark,2705,q10_top_sellers_qty,59.377082999999999,20,True,
benchmark,2706,q11_top_categories,0.21704100000000001,0,True,
benchmark,2707,q1_user_by_id,0.14358299999999999,1,True,
benchmark,2708,q2_all_users,3.6968329999999998,200,True,
benchmark,2709,q3_user_by_login,0.24187400000000001,1,True,
benchmark,2710,q4_sellers_rating,45.579000000000001,100,True,
benchmark,2711,q5_orders_offset,4.8408329999999999,50,True,
benchmark,2712,q6_products_by_seller,0.152749,1,True,
benchmark,2713,q7_products_join_sellers,0.205957,1,True,
benchmark,2714,q8_order_items_join_products,0.20766699999999999,2,True,
benchmark,2715,q9_orders_items_products_by_user,0.206875,0,True,
benchmark,2716,q10_top_sellers_qty,63.793081000000001,20,True,
benchmark,2717,q11_top_categories,0.139459,0,True,
benchmark,2718,q1_user_by_id,0.125167,1,True,
benchmark,2719,q2_all_users,3.0620820000000002,200,True,
benchmark,2720,q3_user_by_login,0.21429200000000001,1,True,
benchmark,2721,q4_sellers_rating,43.615749999999998,100,True,
benchmark,2722,q5_orders_offset,1.5483340000000001,50,True,
benchmark,2723,q6_products_by_seller,0.083084000000000005,0,True,
benchmark,2724,q7_products_join_sellers,0.079875000000000002,0,True,
benchmark,2725,q8_order_items_join_products,0.219,4,True,
benchmark,2726,q9_orders_items_products_by_user,0.440834,2,True,
benchmark,2727,q10_top_sellers_qty,63.262754999999999,20,True,
benchmark,2728,q11_top_categories,0.13191700000000001,0,True,
benchmark,2729,q1_user_by_id,0.142041,1,True,
benchmark,2730,q2_all_users,3.3050410000000001,200,True,
benchmark,2731,q3_user_by_login,0.20275099999999999,1,True,
benchmark,2732,q4_sellers_rating,43.267207999999997,100,True,
benchmark,2733,q5_orders_offset,1.5123759999999999,50,True,
benchmark,2734,q6_products_by_seller,0.080125000000000002,0,True,
benchmark,2735,q7_products_join_sellers,0.078125,0,True,
benchmark,2736,q8_order_items_join_products,0.21762599999999999,1,True,
benchmark,2737,q9_orders_items_products_by_user,0.19395799999999999,0,True,
benchmark,2738,q10_top_sellers_qty,68.651621000000006,20,True,
benchmark,2739,q11_top_categories,0.13445799999999999,0,True,
benchmark,2740,q1_user_by_id,0.252,1,True,
benchmark,2741,q2_all_users,3.3441670000000001,200,True,
benchmark,2742,q3_user_by_login,0.30791800000000003,1,True,
benchmark,2743,q4_sellers_rating,48.318249999999999,100,True,
benchmark,2744,q5_orders_offset,1.436625,50,True,
benchmark,2745,q6_products_by_seller,0.15845799999999999,1,True,
benchmark,2746,q7_products_join_sellers,0.20900099999999999,1,True,
benchmark,2747,q8_order_items_join_products,0.2215,5,True,
benchmark,2748,q9_orders_items_products_by_user,0.060541999999999999,0,True,
benchmark,2749,q10_top_sellers_qty,71.934123999999997,20,True,
benchmark,2750,q11_top_categories,0.128583,0,True,
benchmark,2751,q1_user_by_id,0.17816799999999999,1,True,
benchmark,2752,q2_all_users,3.4961660000000001,200,True,
benchmark,2753,q3_user_by_login,0.21875,1,True,
benchmark,2754,q4_sellers_rating,44.044167000000002,100,True,
benchmark,2755,q5_orders_offset,1.5479590000000001,50,True,
benchmark,2756,q6_products_by_seller,0.14974999999999999,2,True,
benchmark,2757,q7_products_join_sellers,0.21041599999999999,2,True,
benchmark,2758,q8_order_items_join_products,0.21479100000000001,4,True,
benchmark,2759,q9_orders_items_products_by_user,0.511876,4,True,
benchmark,2760,q10_top_sellers_qty,75.961659999999995,20,True,
benchmark,2761,q11_top_categories,0.135792,0,True,
benchmark,2762,q1_user_by_id,0.189667,1,True,
benchmark,2763,q2_all_users,9.8358749999999997,200,True,
benchmark,2764,q3_user_by_login,0.249334,1,True,
benchmark,2765,q4_sellers_rating,41.996209,100,True,
benchmark,2766,q5_orders_offset,1.533709,50,True,
benchmark,2767,q6_products_by_seller,0.071749999999999994,0,True,
benchmark,2768,q7_products_join_sellers,0.067292000000000005,0,True,
benchmark,2769,q8_order_items_join_products,0.220499,3,True,
benchmark,2770,q9_orders_items_products_by_user,0.065584000000000003,0,True,
benchmark,2771,q10_top_sellers_qty,62.666877999999997,20,True,
benchmark,2772,q11_top_categories,0.129167,0,True,
benchmark,2773,q1_user_by_id,0.142958,1,True,
benchmark,2774,q2_all_users,3.6318329999999999,200,True,
benchmark,2775,q3_user_by_login,0.17820900000000001,1,True,
benchmark,2776,q4_sellers_rating,41.284332999999997,100,True,
benchmark,2777,q5_orders_offset,1.4753750000000001,50,True,
benchmark,2778,q6_products_by_seller,0.076665999999999998,0,True,
benchmark,2779,q7_products_join_sellers,0.079125000000000001,0,True,
benchmark,2780,q8_order_items_join_products,0.198791,3,True,
benchmark,2781,q9_orders_items_products_by_user,0.35241800000000001,1,True,
benchmark,2782,q10_top_sellers_qty,81.340625000000003,20,True,
benchmark,2783,q11_top_categories,0.15375,0,True,
benchmark,2784,q1_user_by_id,0.120291,1,True,
benchmark,2785,q2_all_users,3.4882919999999999,200,True,
benchmark,2786,q3_user_by_login,0.207041,1,True,
benchmark,2787,q4_sellers_rating,47.647790999999998,100,True,
benchmark,2788,q5_orders_offset,1.635292,50,True,
benchmark,2789,q6_products_by_seller,0.142458,2,True,
benchmark,2790,q7_products_join_sellers,0.20900099999999999,2,True,
benchmark,2791,q8_order_items_join_products,0.23383300000000001,5,True,
benchmark,2792,q9_orders_items_products_by_user,0.0625,0,True,
benchmark,2793,q10_top_sellers_qty,76.631709999999998,20,True,
benchmark,2794,q11_top_categories,0.13195799999999999,0,True,
benchmark,2795,q1_user_by_id,0.13916600000000001,1,True,
benchmark,2796,q2_all_users,3.3378329999999998,200,True,
benchmark,2797,q3_user_by_login,0.230625,1,True,
benchmark,2798,q4_sellers_rating,43.977791000000003,100,True,
benchmark,2799,q5_orders_offset,1.6819999999999999,50,True,
benchmark,2800,q6_products_by_seller,0.15970799999999999,2,True,
benchmark,2801,q7_products_join_sellers,0.21870800000000001,2,True,
benchmark,2802,q8_order_items_join_products,0.212584,5,True,
benchmark,2803,q9_orders_items_products_by_user,0.183167,0,True,
benchmark,2804,q10_top_sellers_qty,74.787875,20,True,
benchmark,2805,q11_top_categories,0.140375,0,True,
benchmark,2806,q1_user_by_id,0.138375,1,True,
benchmark,2807,q2_all_users,5.9177489999999997,200,True,
benchmark,2808,q3_user_by_login,0.15775,1,True,
benchmark,2809,q4_sellers_rating,42.610542000000002,100,True,
benchmark,2810,q5_orders_offset,1.7385409999999999,50,True,
benchmark,2811,q6_products_by_seller,0.14904100000000001,1,True,
benchmark,2812,q7_products_join_sellers,0.206291,1,True,
benchmark,2813,q8_order_items_join_products,0.21258299999999999,2,True,
benchmark,2814,q9_orders_items_products_by_user,0.21012700000000001,0,True,
benchmark,2815,q10_top_sellers_qty,57.591495999999999,20,True,
benchmark,2816,q11_top_categories,0.12925,0,True,
benchmark,2817,q1_user_by_id,0.209291,1,True,
benchmark,2818,q2_all_users,3.3279169999999998,200,True,
benchmark,2819,q3_user_by_login,0.19483400000000001,1,True,
benchmark,2820,q4_sellers_rating,39.369542000000003,100,True,
benchmark,2821,q5_orders_offset,1.497209,50,True,
benchmark,2822,q6_products_by_seller,0.15016699999999999,1,True,
benchmark,2823,q7_products_join_sellers,0.207626,1,True,
benchmark,2824,q8_order_items_join_products,0.204291,1,True,
benchmark,2825,q9_orders_items_products_by_user,0.18612500000000001,0,True,
benchmark,2826,q10_top_sellers_qty,60.649209999999997,20,True,
benchmark,2827,q11_top_categories,0.12887499999999999,0,True,
benchmark,2828,q1_user_by_id,0.234959,1,True,
benchmark,2829,q2_all_users,4.113251,200,True,
benchmark,2830,q3_user_by_login,0.224,1,True,
benchmark,2831,q4_sellers_rating,47.068750000000001,100,True,
benchmark,2832,q5_orders_offset,1.435916,50,True,
benchmark,2833,q6_products_by_seller,0.083459000000000005,0,True,
benchmark,2834,q7_products_join_sellers,0.074665999999999996,0,True,
benchmark,2835,q8_order_items_join_products,0.200041,4,True,
benchmark,2836,q9_orders_items_products_by_user,0.063166,0,True,
benchmark,2837,q10_top_sellers_qty,63.084836000000003,20,True,
benchmark,2838,q11_top_categories,0.140625,0,True,
benchmark,2839,q1_user_by_id,0.17150099999999999,1,True,
benchmark,2840,q2_all_users,3.818708,200,True,
benchmark,2841,q3_user_by_login,0.24475,1,True,
benchmark,2842,q4_sellers_rating,47.241542000000003,100,True,
benchmark,2843,q5_orders_offset,1.5472079999999999,50,True,
benchmark,2844,q6_products_by_seller,0.17025100000000001,2,True,
benchmark,2845,q7_products_join_sellers,0.27791700000000003,2,True,
benchmark,2846,q8_order_items_join_products,0.24008499999999999,5,True,
benchmark,2847,q9_orders_items_products_by_user,0.063666,0,True,
benchmark,2848,q10_top_sellers_qty,56.865167,20,True,
benchmark,2849,q11_top_categories,0.13358400000000001,0,True,
benchmark,2850,q1_user_by_id,0.128,1,True,
benchmark,2851,q2_all_users,3.355667,200,True,
benchmark,2852,q3_user_by_login,0.19237399999999999,1,True,
benchmark,2853,q4_sellers_rating,40.376916000000001,100,True,
benchmark,2854,q5_orders_offset,5.7129989999999999,50,True,
benchmark,2855,q6_products_by_seller,0.157583,1,True,
benchmark,2856,q7_products_join_sellers,0.214167,1,True,
benchmark,2857,q8_order_items_join_products,0.24037500000000001,3,True,
benchmark,2858,q9_orders_items_products_by_user,0.44350200000000001,3,True,
benchmark,2859,q10_top_sellers_qty,65.083997999999994,20,True,
benchmark,2860,q11_top_categories,0.125584,0,True,
benchmark,2861,q1_user_by_id,0.18145900000000001,1,True,
benchmark,2862,q2_all_users,4.1204989999999997,200,True,
benchmark,2863,q3_user_by_login,0.260791,1,True,
benchmark,2864,q4_sellers_rating,42.457042999999999,100,True,
benchmark,2865,q5_orders_offset,1.488667,50,True,
benchmark,2866,q6_products_by_seller,0.14708399999999999,1,True,
benchmark,2867,q7_products_join_sellers,0.207624,1,True,
benchmark,2868,q8_order_items_join_products,0.218499,4,True,
benchmark,2869,q9_orders_items_products_by_user,0.42816799999999999,3,True,
benchmark,2870,q10_top_sellers_qty,66.608750000000001,20,True,
benchmark,2871,q11_top_categories,0.13475000000000001,0,True,
benchmark,2872,q1_user_by_id,0.18537500000000001,1,True,
benchmark,2873,q2_all_users,3.7665829999999998,200,True,
benchmark,2874,q3_user_by_login,0.13841600000000001,1,True,
benchmark,2875,q4_sellers_rating,43.384250000000002,100,True,
benchmark,2876,q5_orders_offset,1.5606260000000001,50,True,
benchmark,2877,q6_products_by_seller,0.159833,3,True,
benchmark,2878,q7_products_join_sellers,0.22070899999999999,3,True,
benchmark,2879,q8_order_items_join_products,0.21795800000000001,4,True,
benchmark,2880,q9_orders_items_products_by_user,0.79429000000000005,6,True,
benchmark,2881,q10_top_sellers_qty,78.731504000000001,20,True,
benchmark,2882,q11_top_categories,0.15024999999999999,0,True,
benchmark,2883,q1_user_by_id,0.128667,1,True,
benchmark,2884,q2_all_users,3.1872919999999998,200,True,
benchmark,2885,q3_user_by_login,0.14041699999999999,1,True,
benchmark,2886,q4_sellers_rating,44.466084000000002,100,True,
benchmark,2887,q5_orders_offset,1.6797489999999999,50,True,
benchmark,2888,q6_products_by_seller,0.080375000000000002,0,True,
benchmark,2889,q7_products_join_sellers,0.076332999999999998,0,True,
benchmark,2890,q8_order_items_join_products,0.236708,5,True,
benchmark,2891,q9_orders_items_products_by_user,0.073582999999999996,0,True,
benchmark,2892,q10_top_sellers_qty,67.023535999999993,20,True,
benchmark,2893,q11_top_categories,0.13158300000000001,0,True,
benchmark,2894,q1_user_by_id,0.18525,1,True,
benchmark,2895,q2_all_users,3.1967500000000002,200,True,
benchmark,2896,q3_user_by_login,0.18041699999999999,1,True,
benchmark,2897,q4_sellers_rating,43.468583000000002,100,True,
benchmark,2898,q5_orders_offset,1.4984170000000001,50,True,
benchmark,2899,q6_products_by_seller,0.16450000000000001,3,True,
benchmark,2900,q7_products_join_sellers,0.21562500000000001,3,True,
benchmark,2901,q8_order_items_join_products,0.23549999999999999,5,True,
benchmark,2902,q9_orders_items_products_by_user,0.378915,1,True,
benchmark,2903,q10_top_sellers_qty,56.000042999999998,20,True,
benchmark,2904,q11_top_categories,0.15587500000000001,0,True,
benchmark,2905,q1_user_by_id,0.168792,1,True,
benchmark,2906,q2_all_users,3.017166,200,True,
benchmark,2907,q3_user_by_login,0.141459,1,True,
benchmark,2908,q4_sellers_rating,36.794041999999997,100,True,
benchmark,2909,q5_orders_offset,1.4799169999999999,50,True,
benchmark,2910,q6_products_by_seller,0.15620899999999999,1,True,
benchmark,2911,q7_products_join_sellers,0.20716699999999999,1,True,
benchmark,2912,q8_order_items_join_products,0.22458400000000001,1,True,
benchmark,2913,q9_orders_items_products_by_user,0.065459000000000003,0,True,
benchmark,2914,q10_top_sellers_qty,59.574247,20,True,
benchmark,2915,q11_top_categories,0.13516700000000001,0,True,
benchmark,2916,q1_user_by_id,0.17583299999999999,1,True,
benchmark,2917,q2_all_users,3.4572929999999999,200,True,
benchmark,2918,q3_user_by_login,0.24195800000000001,1,True,
benchmark,2919,q4_sellers_rating,44.543875,100,True,
benchmark,2920,q5_orders_offset,1.443125,50,True,
benchmark,2921,q6_products_by_seller,0.138625,2,True,
benchmark,2922,q7_products_join_sellers,0.188583,2,True,
benchmark,2923,q8_order_items_join_products,0.20633499999999999,2,True,
benchmark,2924,q9_orders_items_products_by_user,0.063917000000000002,0,True,
benchmark,2925,q10_top_sellers_qty,56.204253000000001,20,True,
benchmark,2926,q11_top_categories,0.144208,0,True,
benchmark,2927,q1_user_by_id,0.16037499999999999,1,True,
benchmark,2928,q2_all_users,8.9229160000000007,200,True,
benchmark,2929,q3_user_by_login,0.15645899999999999,1,True,
benchmark,2930,q4_sellers_rating,43.867708999999998,100,True,
benchmark,2931,q5_orders_offset,1.4718340000000001,50,True,
benchmark,2932,q6_products_by_seller,0.079958000000000001,0,True,
benchmark,2933,q7_products_join_sellers,0.078708,0,True,
benchmark,2934,q8_order_items_join_products,0.24041699999999999,1,True,
benchmark,2935,q9_orders_items_products_by_user,0.17962600000000001,0,True,
benchmark,2936,q10_top_sellers_qty,75.061127999999997,20,True,
benchmark,2937,q11_top_categories,0.14979200000000001,0,True,
benchmark,2938,q1_user_by_id,0.18725,1,True,
benchmark,2939,q2_all_users,3.856417,200,True,
benchmark,2940,q3_user_by_login,0.208874,1,True,
benchmark,2941,q4_sellers_rating,40.857584000000003,100,True,
benchmark,2942,q5_orders_offset,1.578209,50,True,
benchmark,2943,q6_products_by_seller,0.16095799999999999,2,True,
benchmark,2944,q7_products_join_sellers,0.21895800000000001,2,True,
benchmark,2945,q8_order_items_join_products,0.22408400000000001,5,True,
benchmark,2946,q9_orders_items_products_by_user,0.57474999999999998,5,True,
benchmark,2947,q10_top_sellers_qty,86.769368999999998,20,True,
benchmark,2948,q11_top_categories,0.162416,0,True,
benchmark,2949,q1_user_by_id,0.18929199999999999,1,True,
benchmark,2950,q2_all_users,4.1045420000000004,200,True,
benchmark,2951,q3_user_by_login,0.235125,1,True,
benchmark,2952,q4_sellers_rating,48.120958999999999,100,True,
benchmark,2953,q5_orders_offset,4.658709,50,True,
benchmark,2954,q6_products_by_seller,0.15087500000000001,1,True,
benchmark,2955,q7_products_join_sellers,0.214917,1,True,
benchmark,2956,q8_order_items_join_products,0.21099999999999999,4,True,
benchmark,2957,q9_orders_items_products_by_user,0.071957999999999994,0,True,
benchmark,2958,q10_top_sellers_qty,54.007916999999999,20,True,
benchmark,2959,q11_top_categories,0.129667,0,True,
benchmark,2960,q1_user_by_id,0.18704200000000001,1,True,
benchmark,2961,q2_all_users,3.0942509999999999,200,True,
benchmark,2962,q3_user_by_login,0.24024999999999999,1,True,
benchmark,2963,q4_sellers_rating,42.491667,100,True,
benchmark,2964,q5_orders_offset,1.562292,50,True,
benchmark,2965,q6_products_by_seller,0.066291000000000003,0,True,
benchmark,2966,q7_products_join_sellers,0.075083999999999998,0,True,
benchmark,2967,q8_order_items_join_products,0.21195800000000001,3,True,
benchmark,2968,q9_orders_items_products_by_user,0.67866599999999999,5,True,
benchmark,2969,q10_top_sellers_qty,57.379624,20,True,
benchmark,2970,q11_top_categories,0.12845899999999999,0,True,
benchmark,2971,q1_user_by_id,0.15154300000000001,1,True,
benchmark,2972,q2_all_users,5.660501,200,True,
benchmark,2973,q3_user_by_login,0.171958,1,True,
benchmark,2974,q4_sellers_rating,40.084707999999999,100,True,
benchmark,2975,q5_orders_offset,1.506292,50,True,
benchmark,2976,q6_products_by_seller,0.085791000000000006,0,True,
benchmark,2977,q7_products_join_sellers,0.084667000000000006,0,True,
benchmark,2978,q8_order_items_join_products,0.22729099999999999,2,True,
benchmark,2979,q9_orders_items_products_by_user,0.189166,0,True,
benchmark,2980,q10_top_sellers_qty,66.589284000000006,20,True,
benchmark,2981,q11_top_categories,0.138459,0,True,
benchmark,2982,q1_user_by_id,0.13345799999999999,1,True,
benchmark,2983,q2_all_users,3.8696250000000001,200,True,
benchmark,2984,q3_user_by_login,0.26824999999999999,1,True,
benchmark,2985,q4_sellers_rating,43.077708000000001,100,True,
benchmark,2986,q5_orders_offset,1.6392089999999999,50,True,
benchmark,2987,q6_products_by_seller,0.081792000000000004,0,True,
benchmark,2988,q7_products_join_sellers,0.086916999999999994,0,True,
benchmark,2989,q8_order_items_join_products,0.21975,3,True,
benchmark,2990,q9_orders_items_products_by_user,0.062333,0,True,
benchmark,2991,q10_top_sellers_qty,68.332673,20,True,
benchmark,2992,q11_top_categories,0.135709,0,True,
benchmark,2993,q1_user_by_id,0.17858299999999999,1,True,
benchmark,2994,q2_all_users,3.536959,200,True,
benchmark,2995,q3_user_by_login,0.21395900000000001,1,True,
benchmark,2996,q4_sellers_rating,42.660375000000002,100,True,
benchmark,2997,q5_orders_offset,1.501541,50,True,
benchmark,2998,q6_products_by_seller,0.145791,2,True,
benchmark,2999,q7_products_join_sellers,0.214418,2,True,
benchmark,3000,q8_order_items_join_products,0.20324999999999999,1,True,
benchmark,3001,q9_orders_items_products_by_user,0.43637399999999998,2,True,
benchmark,3002,q10_top_sellers_qty,68.824332999999996,20,True,
benchmark,3003,q11_top_categories,0.108708,0,True,
benchmark,3004,q1_user_by_id,0.18216599999999999,1,True,
benchmark,3005,q2_all_users,5.5187499999999998,200,True,
benchmark,3006,q3_user_by_login,0.174876,1,True,
benchmark,3007,q4_sellers_rating,44.888083999999999,100,True,
benchmark,3008,q5_orders_offset,1.571167,50,True,
benchmark,3009,q6_products_by_seller,0.090540999999999996,0,True,
benchmark,3010,q7_products_join_sellers,0.093667,0,True,
benchmark,3011,q8_order_items_join_products,0.21379200000000001,2,True,
benchmark,3012,q9_orders_items_products_by_user,0.218083,0,True,
benchmark,3013,q10_top_sellers_qty,62.461663000000001,20,True,
benchmark,3014,q11_top_categories,0.121458,0,True,
benchmark,3015,q1_user_by_id,0.19700000000000001,1,True,
benchmark,3016,q2_all_users,5.8908750000000003,200,True,
benchmark,3017,q3_user_by_login,0.15404200000000001,1,True,
benchmark,3018,q4_sellers_rating,43.837499999999999,100,True,
benchmark,3019,q5_orders_offset,1.4884580000000001,50,True,
benchmark,3020,q6_products_by_seller,0.176457,1,True,
benchmark,3021,q7_products_join_sellers,0.24370900000000001,1,True,
benchmark,3022,q8_order_items_join_products,0.20849999999999999,2,True,
benchmark,3023,q9_orders_items_products_by_user,0.59666600000000003,4,True,
benchmark,3024,q10_top_sellers_qty,76.798080999999996,20,True,
benchmark,3025,q11_top_categories,0.140958,0,True,
benchmark,3026,q1_user_by_id,0.16841700000000001,1,True,
benchmark,3027,q2_all_users,3.5102509999999998,200,True,
benchmark,3028,q3_user_by_login,0.136708,1,True,
benchmark,3029,q4_sellers_rating,43.215206999999999,100,True,
benchmark,3030,q5_orders_offset,5.2004169999999998,50,True,
benchmark,3031,q6_products_by_seller,0.14845800000000001,1,True,
benchmark,3032,q7_products_join_sellers,0.21116699999999999,1,True,
benchmark,3033,q8_order_items_join_products,0.193333,1,True,
benchmark,3034,q9_orders_items_products_by_user,0.46379199999999998,3,True,
benchmark,3035,q10_top_sellers_qty,68.648712000000003,20,True,
benchmark,3036,q11_top_categories,0.248834,0,True,
benchmark,3037,q1_user_by_id,0.16825000000000001,1,True,
benchmark,3038,q2_all_users,3.6690839999999998,200,True,
benchmark,3039,q3_user_by_login,0.247333,1,True,
benchmark,3040,q4_sellers_rating,44.961084,100,True,
benchmark,3041,q5_orders_offset,1.5633330000000001,50,True,
benchmark,3042,q6_products_by_seller,0.082208000000000003,0,True,
benchmark,3043,q7_products_join_sellers,0.079125000000000001,0,True,
benchmark,3044,q8_order_items_join_products,0.222999,3,True,
benchmark,3045,q9_orders_items_products_by_user,0.069250000000000006,0,True,
benchmark,3046,q10_top_sellers_qty,78.474040000000002,20,True,
benchmark,3047,q11_top_categories,0.13191600000000001,0,True,
benchmark,3048,q1_user_by_id,0.138292,1,True,
benchmark,3049,q2_all_users,5.120749,200,True,
benchmark,3050,q3_user_by_login,0.29666700000000001,1,True,
benchmark,3051,q4_sellers_rating,45.044415999999998,100,True,
benchmark,3052,q5_orders_offset,1.5974170000000001,50,True,
benchmark,3053,q6_products_by_seller,0.1565,2,True,
benchmark,3054,q7_products_join_sellers,0.20925099999999999,2,True,
benchmark,3055,q8_order_items_join_products,0.21183299999999999,4,True,
benchmark,3056,q9_orders_items_products_by_user,0.18116699999999999,0,True,
benchmark,3057,q10_top_sellers_qty,75.683245999999997,20,True,
benchmark,3058,q11_top_categories,0.14274999999999999,0,True,
benchmark,3059,q1_user_by_id,0.136876,1,True,
benchmark,3060,q2_all_users,3.1258330000000001,200,True,
benchmark,3061,q3_user_by_login,0.19412499999999999,1,True,
benchmark,3062,q4_sellers_rating,41.671832999999999,100,True,
benchmark,3063,q5_orders_offset,1.5876250000000001,50,True,
benchmark,3064,q6_products_by_seller,0.080417000000000002,0,True,
benchmark,3065,q7_products_join_sellers,0.076707999999999998,0,True,
benchmark,3066,q8_order_items_join_products,0.25987500000000002,3,True,
benchmark,3067,q9_orders_items_products_by_user,0.65833299999999995,4,True,
benchmark,3068,q10_top_sellers_qty,68.672500999999997,20,True,
benchmark,3069,q11_top_categories,0.136542,0,True,
benchmark,3070,q1_user_by_id,0.120791,1,True,
benchmark,3071,q2_all_users,3.7040000000000002,200,True,
benchmark,3072,q3_user_by_login,0.213917,1,True,
benchmark,3073,q4_sellers_rating,44.367832999999997,100,True,
benchmark,3074,q5_orders_offset,1.6147499999999999,50,True,
benchmark,3075,q6_products_by_seller,0.184667,1,True,
benchmark,3076,q7_products_join_sellers,0.25120799999999999,1,True,
benchmark,3077,q8_order_items_join_products,0.293543,2,True,
benchmark,3078,q9_orders_items_products_by_user,0.093375,0,True,
benchmark,3079,q10_top_sellers_qty,72.934995000000001,20,True,
benchmark,3080,q11_top_categories,0.17758299999999999,0,True,
benchmark,3081,q1_user_by_id,0.170208,1,True,
benchmark,3082,q2_all_users,3.3022499999999999,200,True,
benchmark,3083,q3_user_by_login,0.171625,1,True,
benchmark,3084,q4_sellers_rating,45.919958000000001,100,True,
benchmark,3085,q5_orders_offset,1.494083,50,True,
benchmark,3086,q6_products_by_seller,0.153417,1,True,
benchmark,3087,q7_products_join_sellers,0.21012400000000001,1,True,
benchmark,3088,q8_order_items_join_products,0.23499900000000001,5,True,
benchmark,3089,q9_orders_items_products_by_user,0.069375000000000006,0,True,
benchmark,3090,q10_top_sellers_qty,70.861577999999994,20,True,
benchmark,3091,q11_top_categories,0.143959,0,True,
benchmark,3092,q1_user_by_id,0.167292,1,True,
benchmark,3093,q2_all_users,6.5203329999999999,200,True,
benchmark,3094,q3_user_by_login,0.17508299999999999,1,True,
benchmark,3095,q4_sellers_rating,42.634290999999997,100,True,
benchmark,3096,q5_orders_offset,1.570166,50,True,
benchmark,3097,q6_products_by_seller,0.14804300000000001,2,True,
benchmark,3098,q7_products_join_sellers,0.21375,2,True,
benchmark,3099,q8_order_items_join_products,0.22104099999999999,5,True,
benchmark,3100,q9_orders_items_products_by_user,0.068500000000000005,0,True,
benchmark,3101,q10_top_sellers_qty,69.503749999999997,20,True,
benchmark,3102,q11_top_categories,0.16958300000000001,0,True,
benchmark,3103,q1_user_by_id,0.16341700000000001,1,True,
benchmark,3104,q2_all_users,3.9172920000000002,200,True,
benchmark,3105,q3_user_by_login,0.20599999999999999,1,True,
benchmark,3106,q4_sellers_rating,41.403041999999999,100,True,
benchmark,3107,q5_orders_offset,1.467792,50,True,
benchmark,3108,q6_products_by_seller,0.16012499999999999,2,True,
benchmark,3109,q7_products_join_sellers,0.21183299999999999,2,True,
benchmark,3110,q8_order_items_join_products,0.19791700000000001,1,True,
benchmark,3111,q9_orders_items_products_by_user,0.062125,0,True,
benchmark,3112,q10_top_sellers_qty,70.679580999999999,20,True,
benchmark,3113,q11_top_categories,0.13433400000000001,0,True,
benchmark,3114,q1_user_by_id,0.207458,1,True,
benchmark,3115,q2_all_users,3.2437499999999999,200,True,
benchmark,3116,q3_user_by_login,0.17841799999999999,1,True,
benchmark,3117,q4_sellers_rating,41.437584000000001,100,True,
benchmark,3118,q5_orders_offset,1.6451249999999999,50,True,
benchmark,3119,q6_products_by_seller,0.155832,4,True,
benchmark,3120,q7_products_join_sellers,0.21654200000000001,4,True,
benchmark,3121,q8_order_items_join_products,0.225499,5,True,
benchmark,3122,q9_orders_items_products_by_user,0.064625000000000002,0,True,
benchmark,3123,q10_top_sellers_qty,67.811119000000005,20,True,
benchmark,3124,q11_top_categories,0.084916000000000005,0,True,
benchmark,3125,q1_user_by_id,0.15387500000000001,1,True,
benchmark,3126,q2_all_users,2.9882089999999999,200,True,
benchmark,3127,q3_user_by_login,0.173793,1,True,
benchmark,3128,q4_sellers_rating,46.216042000000002,100,True,
benchmark,3129,q5_orders_offset,1.522958,50,True,
benchmark,3130,q6_products_by_seller,0.17745900000000001,2,True,
benchmark,3131,q7_products_join_sellers,0.20941699999999999,2,True,
benchmark,3132,q8_order_items_join_products,0.22504199999999999,4,True,
benchmark,3133,q9_orders_items_products_by_user,0.19179099999999999,0,True,
benchmark,3134,q10_top_sellers_qty,58.562128999999999,20,True,
benchmark,3135,q11_top_categories,0.137542,0,True,
benchmark,3136,q1_user_by_id,0.170625,1,True,
benchmark,3137,q2_all_users,4.1165419999999999,200,True,
benchmark,3138,q3_user_by_login,0.270874,1,True,
benchmark,3139,q4_sellers_rating,42.278750000000002,100,True,
benchmark,3140,q5_orders_offset,1.5774999999999999,50,True,
benchmark,3141,q6_products_by_seller,0.075833999999999999,0,True,
benchmark,3142,q7_products_join_sellers,0.063917000000000002,0,True,
benchmark,3143,q8_order_items_join_products,0.247165,5,True,
benchmark,3144,q9_orders_items_products_by_user,0.072541999999999995,0,True,
benchmark,3145,q10_top_sellers_qty,69.787378000000004,20,True,
benchmark,3146,q11_top_categories,0.207792,0,True,
benchmark,3147,q1_user_by_id,0.43045800000000001,1,True,
benchmark,3148,q2_all_users,4.427333,200,True,
benchmark,3149,q3_user_by_login,0.15795799999999999,1,True,
benchmark,3150,q4_sellers_rating,46.099500999999997,100,True,
benchmark,3151,q5_orders_offset,1.4868749999999999,50,True,
benchmark,3152,q6_products_by_seller,0.077958,0,True,
benchmark,3153,q7_products_join_sellers,0.078541,0,True,
benchmark,3154,q8_order_items_join_products,0.22062499999999999,4,True,
benchmark,3155,q9_orders_items_products_by_user,1.4542060000000001,12,True,
benchmark,3156,q10_top_sellers_qty,67.270166000000003,20,True,
benchmark,3157,q11_top_categories,0.135125,0,True,
benchmark,3158,q1_user_by_id,0.189249,1,True,
benchmark,3159,q2_all_users,4.4877079999999996,200,True,
benchmark,3160,q3_user_by_login,0.140875,1,True,
benchmark,3161,q4_sellers_rating,49.079124999999998,100,True,
benchmark,3162,q5_orders_offset,1.55575,50,True,
benchmark,3163,q6_products_by_seller,0.14883299999999999,2,True,
benchmark,3164,q7_products_join_sellers,0.202292,2,True,
benchmark,3165,q8_order_items_join_products,0.202626,4,True,
benchmark,3166,q9_orders_items_products_by_user,0.061457999999999999,0,True,
benchmark,3167,q10_top_sellers_qty,55.029628000000002,20,True,
benchmark,3168,q11_top_categories,0.146208,0,True,
benchmark,3169,q1_user_by_id,0.15529100000000001,1,True,
benchmark,3170,q2_all_users,6.9275830000000003,200,True,
benchmark,3171,q3_user_by_login,0.32491700000000001,1,True,
benchmark,3172,q4_sellers_rating,43.962375000000002,100,True,
benchmark,3173,q5_orders_offset,1.492666,50,True,
benchmark,3174,q6_products_by_seller,0.160084,1,True,
benchmark,3175,q7_products_join_sellers,0.20975099999999999,1,True,
benchmark,3176,q8_order_items_join_products,0.21216599999999999,4,True,
benchmark,3177,q9_orders_items_products_by_user,0.064791000000000001,0,True,
benchmark,3178,q10_top_sellers_qty,60.092908000000001,20,True,
benchmark,3179,q11_top_categories,0.1565,0,True,
benchmark,3180,q1_user_by_id,0.16345699999999999,1,True,
benchmark,3181,q2_all_users,3.2582080000000002,200,True,
benchmark,3182,q3_user_by_login,0.22591700000000001,1,True,
benchmark,3183,q4_sellers_rating,38.332583999999997,100,True,
benchmark,3184,q5_orders_offset,1.519625,50,True,
benchmark,3185,q6_products_by_seller,0.14670800000000001,2,True,
benchmark,3186,q7_products_join_sellers,0.19625000000000001,2,True,
benchmark,3187,q8_order_items_join_products,0.22858300000000001,5,True,
benchmark,3188,q9_orders_items_products_by_user,0.064416000000000001,0,True,
benchmark,3189,q10_top_sellers_qty,77.003912999999997,20,True,
benchmark,3190,q11_top_categories,0.15104100000000001,0,True,
benchmark,3191,q1_user_by_id,0.18208299999999999,1,True,
benchmark,3192,q2_all_users,3.547167,200,True,
benchmark,3193,q3_user_by_login,0.26016699999999998,1,True,
benchmark,3194,q4_sellers_rating,43.774751000000002,100,True,
benchmark,3195,q5_orders_offset,1.5897920000000001,50,True,
benchmark,3196,q6_products_by_seller,0.157166,2,True,
benchmark,3197,q7_products_join_sellers,0.19725100000000001,2,True,
benchmark,3198,q8_order_items_join_products,0.20966599999999999,1,True,
benchmark,3199,q9_orders_items_products_by_user,0.97749699999999995,9,True,
benchmark,3200,q10_top_sellers_qty,55.802090999999997,20,True,
benchmark,3201,q11_top_categories,0.20954200000000001,0,True,
benchmark,3202,q1_user_by_id,0.205708,1,True,
benchmark,3203,q2_all_users,3.6865000000000001,200,True,
benchmark,3204,q3_user_by_login,0.25470900000000002,1,True,
benchmark,3205,q4_sellers_rating,43.041124000000003,100,True,
benchmark,3206,q5_orders_offset,1.5200419999999999,50,True,
benchmark,3207,q6_products_by_seller,0.082625000000000004,0,True,
benchmark,3208,q7_products_join_sellers,0.076791999999999999,0,True,
benchmark,3209,q8_order_items_join_products,0.229793,2,True,
benchmark,3210,q9_orders_items_products_by_user,0.57812600000000003,5,True,
benchmark,3211,q10_top_sellers_qty,55.497706000000001,20,True,
benchmark,3212,q11_top_categories,0.18875,0,True,
benchmark,3213,q1_user_by_id,0.17820800000000001,1,True,
benchmark,3214,q2_all_users,3.4997500000000001,200,True,
benchmark,3215,q3_user_by_login,0.158584,1,True,
benchmark,3216,q4_sellers_rating,43.304873999999998,100,True,
benchmark,3217,q5_orders_offset,1.529917,50,True,
benchmark,3218,q6_products_by_seller,0.14754200000000001,2,True,
benchmark,3219,q7_products_join_sellers,0.19179199999999999,2,True,
benchmark,3220,q8_order_items_join_products,0.216417,5,True,
benchmark,3221,q9_orders_items_products_by_user,0.57025199999999998,5,True,
benchmark,3222,q10_top_sellers_qty,66.151781999999997,20,True,
benchmark,3223,q11_top_categories,0.13941700000000001,0,True,
benchmark,3224,q1_user_by_id,0.18220900000000001,1,True,
benchmark,3225,q2_all_users,3.244291,200,True,
benchmark,3226,q3_user_by_login,0.18754199999999999,1,True,
benchmark,3227,q4_sellers_rating,40.977584,100,True,
benchmark,3228,q5_orders_offset,1.735333,50,True,
benchmark,3229,q6_products_by_seller,0.19708300000000001,1,True,
benchmark,3230,q7_products_join_sellers,0.30683300000000002,1,True,
benchmark,3231,q8_order_items_join_products,0.27162500000000001,3,True,
benchmark,3232,q9_orders_items_products_by_user,0.75720699999999996,5,True,
benchmark,3233,q10_top_sellers_qty,70.860957999999997,20,True,
benchmark,3234,q11_top_categories,0.139542,0,True,
benchmark,3235,q1_user_by_id,0.16112499999999999,1,True,
benchmark,3236,q2_all_users,3.0471659999999998,200,True,
benchmark,3237,q3_user_by_login,0.19366700000000001,1,True,
benchmark,3238,q4_sellers_rating,39.460374999999999,100,True,
benchmark,3239,q5_orders_offset,1.5744579999999999,50,True,
benchmark,3240,q6_products_by_seller,0.150334,2,True,
benchmark,3241,q7_products_join_sellers,0.20949999999999999,2,True,
benchmark,3242,q8_order_items_join_products,0.22245799999999999,3,True,
benchmark,3243,q9_orders_items_products_by_user,0.17575099999999999,0,True,
benchmark,3244,q10_top_sellers_qty,58.367207000000001,20,True,
benchmark,3245,q11_top_categories,0.25279200000000002,0,True,
benchmark,3246,q1_user_by_id,0.261125,1,True,
benchmark,3247,q2_all_users,3.7741669999999998,200,True,
benchmark,3248,q3_user_by_login,0.221417,1,True,
benchmark,3249,q4_sellers_rating,43.164082999999998,100,True,
benchmark,3250,q5_orders_offset,1.491708,50,True,
benchmark,3251,q6_products_by_seller,0.076416999999999999,0,True,
benchmark,3252,q7_products_join_sellers,0.073166999999999996,0,True,
benchmark,3253,q8_order_items_join_products,0.19616700000000001,5,True,
benchmark,3254,q9_orders_items_products_by_user,0.071665999999999994,0,True,
benchmark,3255,q10_top_sellers_qty,69.275960999999995,20,True,
benchmark,3256,q11_top_categories,0.17879200000000001,0,True,
benchmark,3257,q1_user_by_id,0.175041,1,True,
benchmark,3258,q2_all_users,3.3536670000000002,200,True,
benchmark,3259,q3_user_by_login,0.20641699999999999,1,True,
benchmark,3260,q4_sellers_rating,42.178083999999998,100,True,
benchmark,3261,q5_orders_offset,1.6608750000000001,50,True,
benchmark,3262,q6_products_by_seller,0.16316600000000001,1,True,
benchmark,3263,q7_products_join_sellers,0.216082,1,True,
benchmark,3264,q8_order_items_join_products,0.21679100000000001,4,True,
benchmark,3265,q9_orders_items_products_by_user,0.068708000000000005,0,True,
benchmark,3266,q10_top_sellers_qty,86.506784999999994,20,True,
benchmark,3267,q11_top_categories,0.14770800000000001,0,True,
benchmark,3268,q1_user_by_id,0.17699999999999999,1,True,
benchmark,3269,q2_all_users,3.4801250000000001,200,True,
benchmark,3270,q3_user_by_login,0.16129099999999999,1,True,
benchmark,3271,q4_sellers_rating,39.738292000000001,100,True,
benchmark,3272,q5_orders_offset,1.569833,50,True,
benchmark,3273,q6_products_by_seller,0.071374999999999994,0,True,
benchmark,3274,q7_products_join_sellers,0.067417000000000005,0,True,
benchmark,3275,q8_order_items_join_products,0.229626,3,True,
benchmark,3276,q9_orders_items_products_by_user,0.63495900000000005,5,True,
benchmark,3277,q10_top_sellers_qty,52.058087,20,True,
benchmark,3278,q11_top_categories,0.12729199999999999,0,True,
benchmark,3279,q1_user_by_id,0.19620899999999999,1,True,
benchmark,3280,q2_all_users,4.1695000000000002,200,True,
benchmark,3281,q3_user_by_login,0.234292,1,True,
benchmark,3282,q4_sellers_rating,41.231292000000003,100,True,
benchmark,3283,q5_orders_offset,1.494583,50,True,
benchmark,3284,q6_products_by_seller,0.14250099999999999,2,True,
benchmark,3285,q7_products_join_sellers,0.202291,2,True,
benchmark,3286,q8_order_items_join_products,0.252417,1,True,
benchmark,3287,q9_orders_items_products_by_user,0.065125000000000002,0,True,
benchmark,3288,q10_top_sellers_qty,52.555244999999999,20,True,
benchmark,3289,q11_top_categories,0.13441600000000001,0,True,
benchmark,3290,q1_user_by_id,0.14716699999999999,1,True,
benchmark,3291,q2_all_users,3.2662499999999999,200,True,
benchmark,3292,q3_user_by_login,0.18199899999999999,1,True,
benchmark,3293,q4_sellers_rating,41.592458000000001,100,True,
benchmark,3294,q5_orders_offset,1.5668740000000001,50,True,
benchmark,3295,q6_products_by_seller,0.080958000000000002,0,True,
benchmark,3296,q7_products_join_sellers,0.077625,0,True,
benchmark,3297,q8_order_items_join_products,0.222,3,True,
benchmark,3298,q9_orders_items_products_by_user,1.290375,2,True,
benchmark,3299,q10_top_sellers_qty,53.998334999999997,20,True,
benchmark,3300,q11_top_categories,0.16120899999999999,0,True,
benchmark,3301,q1_user_by_id,0.17941699999999999,1,True,
benchmark,3302,q2_all_users,3.228459,200,True,
benchmark,3303,q3_user_by_login,0.15404200000000001,1,True,
benchmark,3304,q4_sellers_rating,40.925499000000002,100,True,
benchmark,3305,q5_orders_offset,1.503957,50,True,
benchmark,3306,q6_products_by_seller,0.14900099999999999,1,True,
benchmark,3307,q7_products_join_sellers,0.20033300000000001,1,True,
benchmark,3308,q8_order_items_join_products,0.20441599999999999,2,True,
benchmark,3309,q9_orders_items_products_by_user,0.060957999999999998,0,True,
benchmark,3310,q10_top_sellers_qty,68.729416000000001,20,True,
benchmark,3311,q11_top_categories,0.135875,0,True,
benchmark,3312,q1_user_by_id,0.24095800000000001,1,True,
benchmark,3313,q2_all_users,3.5286240000000002,200,True,
benchmark,3314,q3_user_by_login,0.13858400000000001,1,True,
benchmark,3315,q4_sellers_rating,42.139667000000003,100,True,
benchmark,3316,q5_orders_offset,1.5823339999999999,50,True,
benchmark,3317,q6_products_by_seller,0.18241599999999999,1,True,
benchmark,3318,q7_products_join_sellers,0.232459,1,True,
benchmark,3319,q8_order_items_join_products,0.24087600000000001,3,True,
benchmark,3320,q9_orders_items_products_by_user,0.49312600000000001,2,True,
benchmark,3321,q10_top_sellers_qty,77.309915000000004,20,True,
benchmark,3322,q11_top_categories,0.28525,0,True,
benchmark,3323,q1_user_by_id,0.46704200000000001,1,True,
benchmark,3324,q2_all_users,6.638083,200,True,
benchmark,3325,q3_user_by_login,0.26050000000000001,1,True,
benchmark,3326,q4_sellers_rating,42.940168,100,True,
benchmark,3327,q5_orders_offset,4.9778330000000004,50,True,
benchmark,3328,q6_products_by_seller,0.16587399999999999,1,True,
benchmark,3329,q7_products_join_sellers,0.217166,1,True,
benchmark,3330,q8_order_items_join_products,0.223,4,True,
benchmark,3331,q9_orders_items_products_by_user,0.42895899999999998,3,True,
benchmark,3332,q10_top_sellers_qty,61.330582,20,True,
benchmark,3333,q11_top_categories,0.142125,0,True,
benchmark,3334,q1_user_by_id,0.18304100000000001,1,True,
benchmark,3335,q2_all_users,4.4340000000000002,200,True,
benchmark,3336,q3_user_by_login,0.139959,1,True,
benchmark,3337,q4_sellers_rating,47.960625,100,True,
benchmark,3338,q5_orders_offset,1.5800000000000001,50,True,
benchmark,3339,q6_products_by_seller,0.188416,2,True,
benchmark,3340,q7_products_join_sellers,0.218333,2,True,
benchmark,3341,q8_order_items_join_products,0.20887500000000001,3,True,
benchmark,3342,q9_orders_items_products_by_user,0.198458,0,True,
benchmark,3343,q10_top_sellers_qty,62.496209999999998,20,True,
benchmark,3344,q11_top_categories,0.13412499999999999,0,True,
benchmark,3345,q1_user_by_id,0.182751,1,True,
benchmark,3346,q2_all_users,4.0227079999999997,200,True,
benchmark,3347,q3_user_by_login,0.23258300000000001,1,True,
benchmark,3348,q4_sellers_rating,45.168709,100,True,
benchmark,3349,q5_orders_offset,1.5013749999999999,50,True,
benchmark,3350,q6_products_by_seller,0.079792000000000002,0,True,
benchmark,3351,q7_products_join_sellers,0.075915999999999997,0,True,
benchmark,3352,q8_order_items_join_products,0.2225,3,True,
benchmark,3353,q9_orders_items_products_by_user,0.071291999999999994,0,True,
benchmark,3354,q10_top_sellers_qty,52.678587999999998,20,True,
benchmark,3355,q11_top_categories,0.14674999999999999,0,True,
benchmark,3356,q1_user_by_id,0.13575000000000001,1,True,
benchmark,3357,q2_all_users,5.2276249999999997,200,True,
benchmark,3358,q3_user_by_login,0.16129199999999999,1,True,
benchmark,3359,q4_sellers_rating,43.076500000000003,100,True,
benchmark,3360,q5_orders_offset,1.5142089999999999,50,True,
benchmark,3361,q6_products_by_seller,0.14249999999999999,1,True,
benchmark,3362,q7_products_join_sellers,0.22087399999999999,1,True,
benchmark,3363,q8_order_items_join_products,0.215334,1,True,
benchmark,3364,q9_orders_items_products_by_user,0.89762600000000003,8,True,
benchmark,3365,q10_top_sellers_qty,54.347504000000001,20,True,
benchmark,3366,q11_top_categories,0.14895900000000001,0,True,
benchmark,3367,q1_user_by_id,0.13337499999999999,1,True,
benchmark,3368,q2_all_users,3.5597500000000002,200,True,
benchmark,3369,q3_user_by_login,0.189667,1,True,
benchmark,3370,q4_sellers_rating,40.380875000000003,100,True,
benchmark,3371,q5_orders_offset,1.5399579999999999,50,True,
benchmark,3372,q6_products_by_seller,0.15075,1,True,
benchmark,3373,q7_products_join_sellers,0.206791,1,True,
benchmark,3374,q8_order_items_join_products,0.21237400000000001,4,True,
benchmark,3375,q9_orders_items_products_by_user,0.29591600000000001,0,True,
benchmark,3376,q10_top_sellers_qty,67.908743999999999,20,True,
benchmark,3377,q11_top_categories,0.22695799999999999,0,True,
benchmark,3378,q1_user_by_id,0.22458400000000001,1,True,
benchmark,3379,q2_all_users,3.781625,200,True,
benchmark,3380,q3_user_by_login,0.247916,1,True,
benchmark,3381,q4_sellers_rating,44.081958,100,True,
benchmark,3382,q5_orders_offset,4.6737909999999996,50,True,
benchmark,3383,q6_products_by_seller,0.14749899999999999,1,True,
benchmark,3384,q7_products_join_sellers,0.20450099999999999,1,True,
benchmark,3385,q8_order_items_join_products,0.215916,4,True,
benchmark,3386,q9_orders_items_products_by_user,0.30612499999999998,1,True,
benchmark,3387,q10_top_sellers_qty,67.959836999999993,20,True,
benchmark,3388,q11_top_categories,0.144792,0,True,
benchmark,3389,q1_user_by_id,0.136791,1,True,
benchmark,3390,q2_all_users,3.4136259999999998,200,True,
benchmark,3391,q3_user_by_login,0.28708299999999998,1,True,
benchmark,3392,q4_sellers_rating,44.833041999999999,100,True,
benchmark,3393,q5_orders_offset,1.498958,50,True,
benchmark,3394,q6_products_by_seller,0.078541,0,True,
benchmark,3395,q7_products_join_sellers,0.078583,0,True,
benchmark,3396,q8_order_items_join_products,0.2475,3,True,
benchmark,3397,q9_orders_items_products_by_user,0.32483400000000001,1,True,
benchmark,3398,q10_top_sellers_qty,66.473578000000003,20,True,
benchmark,3399,q11_top_categories,0.135875,0,True,
benchmark,3400,q1_user_by_id,0.157583,1,True,
benchmark,3401,q2_all_users,3.434958,200,True,
benchmark,3402,q3_user_by_login,0.233625,1,True,
benchmark,3403,q4_sellers_rating,42.457417,100,True,
benchmark,3404,q5_orders_offset,1.556292,50,True,
benchmark,3405,q6_products_by_seller,0.16583300000000001,1,True,
benchmark,3406,q7_products_join_sellers,0.21346000000000001,1,True,
benchmark,3407,q8_order_items_join_products,0.204459,2,True,
benchmark,3408,q9_orders_items_products_by_user,0.17979100000000001,0,True,
benchmark,3409,q10_top_sellers_qty,78.500031000000007,20,True,
benchmark,3410,q11_top_categories,0.138125,0,True,
benchmark,3411,q1_user_by_id,0.122875,1,True,
benchmark,3412,q2_all_users,3.5444589999999998,200,True,
benchmark,3413,q3_user_by_login,0.138958,1,True,
benchmark,3414,q4_sellers_rating,44.560541999999998,100,True,
benchmark,3415,q5_orders_offset,1.83975,50,True,
benchmark,3416,q6_products_by_seller,0.14674999999999999,1,True,
benchmark,3417,q7_products_join_sellers,0.203208,1,True,
benchmark,3418,q8_order_items_join_products,0.23641799999999999,5,True,
benchmark,3419,q9_orders_items_products_by_user,0.068208000000000005,0,True,
benchmark,3420,q10_top_sellers_qty,91.113461999999998,20,True,
benchmark,3421,q11_top_categories,0.15245900000000001,0,True,
benchmark,3422,q1_user_by_id,0.121001,1,True,
benchmark,3423,q2_all_users,3.1361669999999999,200,True,
benchmark,3424,q3_user_by_login,0.14908399999999999,1,True,
benchmark,3425,q4_sellers_rating,48.812165999999998,100,True,
benchmark,3426,q5_orders_offset,1.7478750000000001,50,True,
benchmark,3427,q6_products_by_seller,0.15562500000000001,4,True,
benchmark,3428,q7_products_join_sellers,0.22070799999999999,4,True,
benchmark,3429,q8_order_items_join_products,0.208958,4,True,
benchmark,3430,q9_orders_items_products_by_user,0.19737499999999999,0,True,
benchmark,3431,q10_top_sellers_qty,74.198622,20,True,
benchmark,3432,q11_top_categories,0.142209,0,True,
benchmark,3433,q1_user_by_id,0.26791700000000002,1,True,
benchmark,3434,q2_all_users,6.9055419999999996,200,True,
benchmark,3435,q3_user_by_login,0.16775000000000001,1,True,
benchmark,3436,q4_sellers_rating,49.846417000000002,100,True,
benchmark,3437,q5_orders_offset,1.487417,50,True,
benchmark,3438,q6_products_by_seller,0.15745899999999999,4,True,
benchmark,3439,q7_products_join_sellers,0.21654100000000001,4,True,
benchmark,3440,q8_order_items_join_products,0.20966699999999999,2,True,
benchmark,3441,q9_orders_items_products_by_user,0.061332999999999999,0,True,
benchmark,3442,q10_top_sellers_qty,63.061129999999999,20,True,
benchmark,3443,q11_top_categories,0.136791,0,True,
benchmark,3444,q1_user_by_id,0.182333,1,True,
benchmark,3445,q2_all_users,3.6348340000000001,200,True,
benchmark,3446,q3_user_by_login,0.188917,1,True,
benchmark,3447,q4_sellers_rating,40.882958000000002,100,True,
benchmark,3448,q5_orders_offset,1.594959,50,True,
benchmark,3449,q6_products_by_seller,0.143292,2,True,
benchmark,3450,q7_products_join_sellers,0.201459,2,True,
benchmark,3451,q8_order_items_join_products,0.22537499999999999,4,True,
benchmark,3452,q9_orders_items_products_by_user,0.206708,0,True,
benchmark,3453,q10_top_sellers_qty,58.167833000000002,20,True,
benchmark,3454,q11_top_categories,0.13500000000000001,0,True,
benchmark,3455,q1_user_by_id,0.173375,1,True,
benchmark,3456,q2_all_users,3.4812080000000001,200,True,
benchmark,3457,q3_user_by_login,0.216084,1,True,
benchmark,3458,q4_sellers_rating,41.803165999999997,100,True,
benchmark,3459,q5_orders_offset,1.5764590000000001,50,True,
benchmark,3460,q6_products_by_seller,0.078290999999999999,0,True,
benchmark,3461,q7_products_join_sellers,0.078167,0,True,
benchmark,3462,q8_order_items_join_products,0.23749999999999999,2,True,
benchmark,3463,q9_orders_items_products_by_user,0.198625,0,True,
benchmark,3464,q10_top_sellers_qty,57.527045000000001,20,True,
benchmark,3465,q11_top_categories,0.122208,0,True,
benchmark,3466,q1_user_by_id,0.18162400000000001,1,True,
benchmark,3467,q2_all_users,3.2796249999999998,200,True,
benchmark,3468,q3_user_by_login,0.157833,1,True,
benchmark,3469,q4_sellers_rating,44.979540999999998,100,True,
benchmark,3470,q5_orders_offset,1.6059159999999999,50,True,
benchmark,3471,q6_products_by_seller,0.084834000000000007,0,True,
benchmark,3472,q7_products_join_sellers,0.079333000000000001,0,True,
benchmark,3473,q8_order_items_join_products,0.21895800000000001,3,True,
benchmark,3474,q9_orders_items_products_by_user,0.071874999999999994,0,True,
benchmark,3475,q10_top_sellers_qty,58.803043000000002,20,True,
benchmark,3476,q11_top_categories,0.14466599999999999,0,True,
benchmark,3477,q1_user_by_id,0.14633299999999999,1,True,
benchmark,3478,q2_all_users,3.3653749999999998,200,True,
benchmark,3479,q3_user_by_login,0.18654100000000001,1,True,
benchmark,3480,q4_sellers_rating,41.992001000000002,100,True,
benchmark,3481,q5_orders_offset,1.5055829999999999,50,True,
benchmark,3482,q6_products_by_seller,0.15479200000000001,1,True,
benchmark,3483,q7_products_join_sellers,0.19445899999999999,1,True,
benchmark,3484,q8_order_items_join_products,0.22212599999999999,4,True,
benchmark,3485,q9_orders_items_products_by_user,0.068500000000000005,0,True,
benchmark,3486,q10_top_sellers_qty,62.051668999999997,20,True,
benchmark,3487,q11_top_categories,0.14691599999999999,0,True,
benchmark,3488,q1_user_by_id,0.12620799999999999,1,True,
benchmark,3489,q2_all_users,3.803833,200,True,
benchmark,3490,q3_user_by_login,0.17949899999999999,1,True,
benchmark,3491,q4_sellers_rating,42.295458000000004,100,True,
benchmark,3492,q5_orders_offset,1.5909169999999999,50,True,
benchmark,3493,q6_products_by_seller,0.079291,0,True,
benchmark,3494,q7_products_join_sellers,0.078334000000000001,0,True,
benchmark,3495,q8_order_items_join_products,0.24083299999999999,3,True,
benchmark,3496,q9_orders_items_products_by_user,0.072374999999999995,0,True,
benchmark,3497,q10_top_sellers_qty,54.781001000000003,20,True,
benchmark,3498,q11_top_categories,0.12795799999999999,0,True,
benchmark,3499,q1_user_by_id,0.128416,1,True,
benchmark,3500,q2_all_users,9.6812079999999998,200,True,
benchmark,3501,q3_user_by_login,0.15795899999999999,1,True,
benchmark,3502,q4_sellers_rating,48.606417,100,True,
benchmark,3503,q5_orders_offset,1.534958,50,True,
benchmark,3504,q6_products_by_seller,0.073416999999999996,0,True,
benchmark,3505,q7_products_join_sellers,0.069791000000000006,0,True,
benchmark,3506,q8_order_items_join_products,0.22329199999999999,2,True,
benchmark,3507,q9_orders_items_products_by_user,0.058375000000000003,0,True,
benchmark,3508,q10_top_sellers_qty,65.612120000000004,20,True,
benchmark,3509,q11_top_categories,0.14199999999999999,0,True,
benchmark,3510,q1_user_by_id,0.13741700000000001,1,True,
benchmark,3511,q2_all_users,4.4304170000000003,200,True,
benchmark,3512,q3_user_by_login,0.23141600000000001,1,True,
benchmark,3513,q4_sellers_rating,43.119292000000002,100,True,
benchmark,3514,q5_orders_offset,1.5293749999999999,50,True,
benchmark,3515,q6_products_by_seller,0.16608400000000001,3,True,
benchmark,3516,q7_products_join_sellers,0.221334,3,True,
benchmark,3517,q8_order_items_join_products,0.21379200000000001,1,True,
benchmark,3518,q9_orders_items_products_by_user,0.062207999999999999,0,True,
benchmark,3519,q10_top_sellers_qty,67.501240999999993,20,True,
benchmark,3520,q11_top_categories,0.141041,0,True,
benchmark,3521,q1_user_by_id,0.126084,1,True,
benchmark,3522,q2_all_users,3.5187080000000002,200,True,
benchmark,3523,q3_user_by_login,0.14733299999999999,1,True,
benchmark,3524,q4_sellers_rating,42.078209000000001,100,True,
benchmark,3525,q5_orders_offset,4.537458,50,True,
benchmark,3526,q6_products_by_seller,0.080917000000000003,0,True,
benchmark,3527,q7_products_join_sellers,0.057083000000000002,0,True,
benchmark,3528,q8_order_items_join_products,0.16641600000000001,3,True,
benchmark,3529,q9_orders_items_products_by_user,0.33841700000000002,2,True,
benchmark,3530,q10_top_sellers_qty,63.113621999999999,20,True,
benchmark,3531,q11_top_categories,0.166292,0,True,
benchmark,3532,q1_user_by_id,0.19733300000000001,1,True,
benchmark,3533,q2_all_users,3.1476250000000001,200,True,
benchmark,3534,q3_user_by_login,0.27366699999999999,1,True,
benchmark,3535,q4_sellers_rating,42.896583,100,True,
benchmark,3536,q5_orders_offset,1.6234580000000001,50,True,
benchmark,3537,q6_products_by_seller,0.15579200000000001,1,True,
benchmark,3538,q7_products_join_sellers,0.186668,1,True,
benchmark,3539,q8_order_items_join_products,0.19275,1,True,
benchmark,3540,q9_orders_items_products_by_user,0.061124999999999999,0,True,
benchmark,3541,q10_top_sellers_qty,55.302247999999999,20,True,
benchmark,3542,q11_top_categories,0.136959,0,True,
benchmark,3543,q1_user_by_id,0.22608300000000001,1,True,
benchmark,3544,q2_all_users,3.2475010000000002,200,True,
benchmark,3545,q3_user_by_login,0.23666599999999999,1,True,
benchmark,3546,q4_sellers_rating,47.075082999999999,100,True,
benchmark,3547,q5_orders_offset,1.9638329999999999,50,True,
benchmark,3548,q6_products_by_seller,0.093790999999999999,0,True,
benchmark,3549,q7_products_join_sellers,0.086208999999999994,0,True,
benchmark,3550,q8_order_items_join_products,0.32270799999999999,4,True,
benchmark,3551,q9_orders_items_products_by_user,0.088124999999999995,0,True,
benchmark,3552,q10_top_sellers_qty,90.342708999999999,20,True,
benchmark,3553,q11_top_categories,0.18775,0,True,
benchmark,3554,q1_user_by_id,0.24912500000000001,1,True,
benchmark,3555,q2_all_users,4.2858749999999999,200,True,
benchmark,3556,q3_user_by_login,0.15412400000000001,1,True,
benchmark,3557,q4_sellers_rating,50.894416999999997,100,True,
benchmark,3558,q5_orders_offset,1.545666,50,True,
benchmark,3559,q6_products_by_seller,0.098916000000000004,0,True,
benchmark,3560,q7_products_join_sellers,0.091166999999999998,0,True,
benchmark,3561,q8_order_items_join_products,0.25900000000000001,5,True,
benchmark,3562,q9_orders_items_products_by_user,0.92049899999999996,7,True,
benchmark,3563,q10_top_sellers_qty,63.409910000000004,20,True,
benchmark,3564,q11_top_categories,0.15645899999999999,0,True,
benchmark,3565,q1_user_by_id,0.18637500000000001,1,True,
benchmark,3566,q2_all_users,3.9042080000000001,200,True,
benchmark,3567,q3_user_by_login,0.183666,1,True,
benchmark,3568,q4_sellers_rating,46.603042000000002,100,True,
benchmark,3569,q5_orders_offset,1.5094160000000001,50,True,
benchmark,3570,q6_products_by_seller,0.066416000000000003,0,True,
benchmark,3571,q7_products_join_sellers,0.071957999999999994,0,True,
benchmark,3572,q8_order_items_join_products,0.20949899999999999,1,True,
benchmark,3573,q9_orders_items_products_by_user,0.745417,5,True,
benchmark,3574,q10_top_sellers_qty,61.826788000000001,20,True,
benchmark,3575,q11_top_categories,0.138375,0,True,
benchmark,3576,q1_user_by_id,0.14941699999999999,1,True,
benchmark,3577,q2_all_users,5.0917079999999997,200,True,
benchmark,3578,q3_user_by_login,0.89979100000000001,1,True,
benchmark,3579,q4_sellers_rating,41.451000999999998,100,True,
benchmark,3580,q5_orders_offset,1.4679169999999999,50,True,
benchmark,3581,q6_products_by_seller,0.079791000000000001,0,True,
benchmark,3582,q7_products_join_sellers,0.068625000000000005,0,True,
benchmark,3583,q8_order_items_join_products,0.22800100000000001,2,True,
benchmark,3584,q9_orders_items_products_by_user,0.403501,1,True,
benchmark,3585,q10_top_sellers_qty,49.615958999999997,20,True,
benchmark,3586,q11_top_categories,0.14841699999999999,0,True,
benchmark,3587,q1_user_by_id,0.14033300000000001,1,True,
benchmark,3588,q2_all_users,2.9649169999999998,200,True,
benchmark,3589,q3_user_by_login,0.38083400000000001,1,True,
benchmark,3590,q4_sellers_rating,38.808,100,True,
benchmark,3591,q5_orders_offset,1.5216240000000001,50,True,
benchmark,3592,q6_products_by_seller,0.168959,1,True,
benchmark,3593,q7_products_join_sellers,0.25495899999999999,1,True,
benchmark,3594,q8_order_items_join_products,0.21212600000000001,1,True,
benchmark,3595,q9_orders_items_products_by_user,0.063750000000000001,0,True,
benchmark,3596,q10_top_sellers_qty,57.658628999999998,20,True,
benchmark,3597,q11_top_categories,0.191833,0,True,
benchmark,3598,q1_user_by_id,0.36258299999999999,1,True,
benchmark,3599,q2_all_users,3.6933750000000001,200,True,
benchmark,3600,q3_user_by_login,0.162416,1,True,
benchmark,3601,q4_sellers_rating,45.077916999999999,100,True,
benchmark,3602,q5_orders_offset,1.632916,50,True,
benchmark,3603,q6_products_by_seller,0.15829199999999999,1,True,
benchmark,3604,q7_products_join_sellers,0.21195900000000001,1,True,
benchmark,3605,q8_order_items_join_products,0.22433400000000001,3,True,
benchmark,3606,q9_orders_items_products_by_user,0.32579200000000003,1,True,
benchmark,3607,q10_top_sellers_qty,68.408922000000004,20,True,
benchmark,3608,q11_top_categories,0.13708300000000001,0,True,
benchmark,3609,q1_user_by_id,0.94299999999999995,1,True,
benchmark,3610,q2_all_users,4.947959,200,True,
benchmark,3611,q3_user_by_login,0.26366699999999998,1,True,
benchmark,3612,q4_sellers_rating,51.058751000000001,100,True,
benchmark,3613,q5_orders_offset,1.495042,50,True,
benchmark,3614,q6_products_by_seller,0.076874999999999999,0,True,
benchmark,3615,q7_products_join_sellers,0.080583000000000002,0,True,
benchmark,3616,q8_order_items_join_products,0.24212500000000001,2,True,
benchmark,3617,q9_orders_items_products_by_user,0.064250000000000002,0,True,
benchmark,3618,q10_top_sellers_qty,60.298617,20,True,
benchmark,3619,q11_top_categories,0.12545799999999999,0,True,
benchmark,3620,q1_user_by_id,0.12845799999999999,1,True,
benchmark,3621,q2_all_users,3.0881660000000002,200,True,
benchmark,3622,q3_user_by_login,0.14358399999999999,1,True,
benchmark,3623,q4_sellers_rating,47.840791000000003,100,True,
benchmark,3624,q5_orders_offset,1.529334,50,True,
benchmark,3625,q6_products_by_seller,0.184333,2,True,
benchmark,3626,q7_products_join_sellers,0.29104099999999999,2,True,
benchmark,3627,q8_order_items_join_products,0.24558199999999999,4,True,
benchmark,3628,q9_orders_items_products_by_user,0.085083000000000006,0,True,
benchmark,3629,q10_top_sellers_qty,61.476041000000002,20,True,
benchmark,3630,q11_top_categories,0.27216600000000002,0,True,
benchmark,3631,q1_user_by_id,0.28495799999999999,1,True,
benchmark,3632,q2_all_users,4.3762080000000001,200,True,
benchmark,3633,q3_user_by_login,0.23608299999999999,1,True,
benchmark,3634,q4_sellers_rating,41.482666999999999,100,True,
benchmark,3635,q5_orders_offset,1.5214589999999999,50,True,
benchmark,3636,q6_products_by_seller,0.081625000000000003,0,True,
benchmark,3637,q7_products_join_sellers,0.074624999999999997,0,True,
benchmark,3638,q8_order_items_join_products,0.25654100000000002,2,True,
benchmark,3639,q9_orders_items_products_by_user,0.28079100000000001,0,True,
benchmark,3640,q10_top_sellers_qty,71.442046000000005,20,True,
benchmark,3641,q11_top_categories,0.16595799999999999,0,True,
benchmark,3642,q1_user_by_id,0.14608299999999999,1,True,
benchmark,3643,q2_all_users,3.7639580000000001,200,True,
benchmark,3644,q3_user_by_login,0.14883399999999999,1,True,
benchmark,3645,q4_sellers_rating,41.926167,100,True,
benchmark,3646,q5_orders_offset,1.595709,50,True,
benchmark,3647,q6_products_by_seller,0.15725,1,True,
benchmark,3648,q7_products_join_sellers,0.216,1,True,
benchmark,3649,q8_order_items_join_products,0.21895899999999999,5,True,
benchmark,3650,q9_orders_items_products_by_user,0.176958,0,True,
benchmark,3651,q10_top_sellers_qty,55.183869999999999,20,True,
benchmark,3652,q11_top_categories,0.143791,0,True,
benchmark,3653,q1_user_by_id,0.16866600000000001,1,True,
benchmark,3654,q2_all_users,3.5167920000000001,200,True,
benchmark,3655,q3_user_by_login,0.14549999999999999,1,True,
benchmark,3656,q4_sellers_rating,47.053584999999998,100,True,
benchmark,3657,q5_orders_offset,1.567458,50,True,
benchmark,3658,q6_products_by_seller,0.16562499999999999,1,True,
benchmark,3659,q7_products_join_sellers,0.30137399999999998,1,True,
benchmark,3660,q8_order_items_join_products,0.25516699999999998,5,True,
benchmark,3661,q9_orders_items_products_by_user,0.24058399999999999,0,True,
benchmark,3662,q10_top_sellers_qty,68.253377999999998,20,True,
benchmark,3663,q11_top_categories,0.123084,0,True,
benchmark,3664,q1_user_by_id,0.17824999999999999,1,True,
benchmark,3665,q2_all_users,5.1135419999999998,200,True,
benchmark,3666,q3_user_by_login,0.15554100000000001,1,True,
benchmark,3667,q4_sellers_rating,44.351751,100,True,
benchmark,3668,q5_orders_offset,1.7622089999999999,50,True,
benchmark,3669,q6_products_by_seller,0.145708,1,True,
benchmark,3670,q7_products_join_sellers,0.19520799999999999,1,True,
benchmark,3671,q8_order_items_join_products,0.22445899999999999,1,True,
benchmark,3672,q9_orders_items_products_by_user,0.070708999999999994,0,True,
benchmark,3673,q10_top_sellers_qty,75.603537000000003,20,True,
benchmark,3674,q11_top_categories,0.14933399999999999,0,True,
benchmark,3675,q1_user_by_id,0.187417,1,True,
benchmark,3676,q2_all_users,4.2188749999999997,200,True,
benchmark,3677,q3_user_by_login,0.24141699999999999,1,True,
benchmark,3678,q4_sellers_rating,43.446083000000002,100,True,
benchmark,3679,q5_orders_offset,1.568459,50,True,
benchmark,3680,q6_products_by_seller,0.121,1,True,
benchmark,3681,q7_products_join_sellers,0.21820800000000001,1,True,
benchmark,3682,q8_order_items_join_products,0.217,5,True,
benchmark,3683,q9_orders_items_products_by_user,0.56212499999999999,4,True,
benchmark,3684,q10_top_sellers_qty,76.078290999999993,20,True,
benchmark,3685,q11_top_categories,0.14799999999999999,0,True,
benchmark,3686,q1_user_by_id,0.19004199999999999,1,True,
benchmark,3687,q2_all_users,3.2022499999999998,200,True,
benchmark,3688,q3_user_by_login,0.14879200000000001,1,True,
benchmark,3689,q4_sellers_rating,43.620834000000002,100,True,
benchmark,3690,q5_orders_offset,1.502251,50,True,
benchmark,3691,q6_products_by_seller,0.154501,1,True,
benchmark,3692,q7_products_join_sellers,0.21579200000000001,1,True,
benchmark,3693,q8_order_items_join_products,0.20116700000000001,3,True,
benchmark,3694,q9_orders_items_products_by_user,0.262874,0,True,
benchmark,3695,q10_top_sellers_qty,69.934830000000005,20,True,
benchmark,3696,q11_top_categories,0.14366599999999999,0,True,
benchmark,3697,q1_user_by_id,0.229208,1,True,
benchmark,3698,q2_all_users,3.696917,200,True,
benchmark,3699,q3_user_by_login,0.34241700000000003,1,True,
benchmark,3700,q4_sellers_rating,46.772374999999997,100,True,
benchmark,3701,q5_orders_offset,1.593958,50,True,
benchmark,3702,q6_products_by_seller,0.071832999999999994,0,True,
benchmark,3703,q7_products_join_sellers,0.070208999999999994,0,True,
benchmark,3704,q8_order_items_join_products,0.21133199999999999,2,True,
benchmark,3705,q9_orders_items_products_by_user,0.77145900000000001,6,True,
benchmark,3706,q10_top_sellers_qty,73.973372999999995,20,True,
benchmark,3707,q11_top_categories,0.14108399999999999,0,True,
benchmark,3708,q1_user_by_id,0.13295899999999999,1,True,
benchmark,3709,q2_all_users,3.1336249999999999,200,True,
benchmark,3710,q3_user_by_login,0.231375,1,True,
benchmark,3711,q4_sellers_rating,40.685250000000003,100,True,
benchmark,3712,q5_orders_offset,1.5942510000000001,50,True,
benchmark,3713,q6_products_by_seller,0.088165999999999994,0,True,
benchmark,3714,q7_products_join_sellers,0.082125000000000004,0,True,
benchmark,3715,q8_order_items_join_products,0.28566799999999998,4,True,
benchmark,3716,q9_orders_items_products_by_user,0.79841700000000004,5,True,
benchmark,3717,q10_top_sellers_qty,54.573121,20,True,
benchmark,3718,q11_top_categories,0.14083300000000001,0,True,
benchmark,3719,q1_user_by_id,0.16458300000000001,1,True,
benchmark,3720,q2_all_users,3.3300010000000002,200,True,
benchmark,3721,q3_user_by_login,0.20033300000000001,1,True,
benchmark,3722,q4_sellers_rating,38.360875,100,True,
benchmark,3723,q5_orders_offset,1.4972080000000001,50,True,
benchmark,3724,q6_products_by_seller,0.15895799999999999,3,True,
benchmark,3725,q7_products_join_sellers,0.23970900000000001,3,True,
benchmark,3726,q8_order_items_join_products,0.221001,1,True,
benchmark,3727,q9_orders_items_products_by_user,0.342084,1,True,
benchmark,3728,q10_top_sellers_qty,64.028751999999997,20,True,
benchmark,3729,q11_top_categories,0.13450000000000001,0,True,
benchmark,3730,q1_user_by_id,0.15062500000000001,1,True,
benchmark,3731,q2_all_users,3.1102910000000001,200,True,
benchmark,3732,q3_user_by_login,0.14566699999999999,1,True,
benchmark,3733,q4_sellers_rating,42.487457999999997,100,True,
benchmark,3734,q5_orders_offset,1.5035419999999999,50,True,
benchmark,3735,q6_products_by_seller,0.151917,1,True,
benchmark,3736,q7_products_join_sellers,0.203375,1,True,
benchmark,3737,q8_order_items_join_products,0.20216600000000001,1,True,
benchmark,3738,q9_orders_items_products_by_user,0.18529200000000001,0,True,
benchmark,3739,q10_top_sellers_qty,63.965328999999997,20,True,
benchmark,3740,q11_top_categories,0.138209,0,True,
benchmark,3741,q1_user_by_id,0.140125,1,True,
benchmark,3742,q2_all_users,6.0107080000000002,200,True,
benchmark,3743,q3_user_by_login,0.145875,1,True,
benchmark,3744,q4_sellers_rating,44.798499,100,True,
benchmark,3745,q5_orders_offset,2.0413749999999999,50,True,
benchmark,3746,q6_products_by_seller,0.143624,2,True,
benchmark,3747,q7_products_join_sellers,0.28862500000000002,2,True,
benchmark,3748,q8_order_items_join_products,0.24237600000000001,5,True,
benchmark,3749,q9_orders_items_products_by_user,0.31887500000000002,0,True,
benchmark,3750,q10_top_sellers_qty,64.997375000000005,20,True,
benchmark,3751,q11_top_categories,0.138959,0,True,
benchmark,3752,q1_user_by_id,0.12854099999999999,1,True,
benchmark,3753,q2_all_users,3.3651659999999999,200,True,
benchmark,3754,q3_user_by_login,0.201458,1,True,
benchmark,3755,q4_sellers_rating,41.782083,100,True,
benchmark,3756,q5_orders_offset,1.501417,50,True,
benchmark,3757,q6_products_by_seller,0.14866699999999999,1,True,
benchmark,3758,q7_products_join_sellers,0.21208299999999999,1,True,
benchmark,3759,q8_order_items_join_products,0.22125,3,True,
benchmark,3760,q9_orders_items_products_by_user,0.070624999999999993,0,True,
benchmark,3761,q10_top_sellers_qty,68.916167999999999,20,True,
benchmark,3762,q11_top_categories,0.13150000000000001,0,True,
benchmark,3763,q1_user_by_id,0.22958300000000001,1,True,
benchmark,3764,q2_all_users,3.6327090000000002,200,True,
benchmark,3765,q3_user_by_login,0.145541,1,True,
benchmark,3766,q4_sellers_rating,45.416792000000001,100,True,
benchmark,3767,q5_orders_offset,1.6288750000000001,50,True,
benchmark,3768,q6_products_by_seller,0.077417,0,True,
benchmark,3769,q7_products_join_sellers,0.076457999999999998,0,True,
benchmark,3770,q8_order_items_join_products,0.30162499999999998,5,True,
benchmark,3771,q9_orders_items_products_by_user,0.076124999999999998,0,True,
benchmark,3772,q10_top_sellers_qty,74.648413000000005,20,True,
benchmark,3773,q11_top_categories,0.129083,0,True,
benchmark,3774,q1_user_by_id,0.14745900000000001,1,True,
benchmark,3775,q2_all_users,5.6897089999999997,200,True,
benchmark,3776,q3_user_by_login,0.28866599999999998,1,True,
benchmark,3777,q4_sellers_rating,39.021000000000001,100,True,
benchmark,3778,q5_orders_offset,1.5844590000000001,50,True,
benchmark,3779,q6_products_by_seller,0.065584000000000003,0,True,
benchmark,3780,q7_products_join_sellers,0.074082999999999996,0,True,
benchmark,3781,q8_order_items_join_products,0.20299900000000001,2,True,
benchmark,3782,q9_orders_items_products_by_user,0.30679200000000001,1,True,
benchmark,3783,q10_top_sellers_qty,60.039364999999997,20,True,
benchmark,3784,q11_top_categories,0.28241699999999997,0,True,
benchmark,3785,q1_user_by_id,0.199958,1,True,
benchmark,3786,q2_all_users,3.2074159999999998,200,True,
benchmark,3787,q3_user_by_login,0.168624,1,True,
benchmark,3788,q4_sellers_rating,45.785375000000002,100,True,
benchmark,3789,q5_orders_offset,1.5531250000000001,50,True,
benchmark,3790,q6_products_by_seller,0.14608299999999999,1,True,
benchmark,3791,q7_products_join_sellers,0.22416700000000001,1,True,
benchmark,3792,q8_order_items_join_products,0.22608500000000001,3,True,
benchmark,3793,q9_orders_items_products_by_user,0.19483400000000001,0,True,
benchmark,3794,q10_top_sellers_qty,73.633172000000002,20,True,
benchmark,3795,q11_top_categories,0.12825,0,True,
benchmark,3796,q1_user_by_id,0.122583,1,True,
benchmark,3797,q2_all_users,3.6206670000000001,200,True,
benchmark,3798,q3_user_by_login,0.28054200000000001,1,True,
benchmark,3799,q4_sellers_rating,44.312874000000001,100,True,
benchmark,3800,q5_orders_offset,1.5535829999999999,50,True,
benchmark,3801,q6_products_by_seller,0.153333,3,True,
benchmark,3802,q7_products_join_sellers,0.206708,3,True,
benchmark,3803,q8_order_items_join_products,0.20608399999999999,4,True,
benchmark,3804,q9_orders_items_products_by_user,0.29750100000000002,1,True,
benchmark,3805,q10_top_sellers_qty,65.727909999999994,20,True,
benchmark,3806,q11_top_categories,0.12762499999999999,0,True,
benchmark,3807,q1_user_by_id,0.236959,1,True,
benchmark,3808,q2_all_users,3.3612090000000001,200,True,
benchmark,3809,q3_user_by_login,0.21737500000000001,1,True,
benchmark,3810,q4_sellers_rating,48.154834000000001,100,True,
benchmark,3811,q5_orders_offset,1.5912500000000001,50,True,
benchmark,3812,q6_products_by_seller,0.17141600000000001,1,True,
benchmark,3813,q7_products_join_sellers,0.21937400000000001,1,True,
benchmark,3814,q8_order_items_join_products,0.21179200000000001,1,True,
benchmark,3815,q9_orders_items_products_by_user,0.26195800000000002,0,True,
benchmark,3816,q10_top_sellers_qty,62.292122999999997,20,True,
benchmark,3817,q11_top_categories,0.12570799999999999,0,True,
benchmark,3818,q1_user_by_id,0.14408299999999999,1,True,
benchmark,3819,q2_all_users,6.7587489999999999,200,True,
benchmark,3820,q3_user_by_login,0.244167,1,True,
benchmark,3821,q4_sellers_rating,44.908499999999997,100,True,
benchmark,3822,q5_orders_offset,1.5412079999999999,50,True,
benchmark,3823,q6_products_by_seller,0.086291999999999994,0,True,
benchmark,3824,q7_products_join_sellers,0.085791000000000006,0,True,
benchmark,3825,q8_order_items_join_products,0.23325000000000001,2,True,
benchmark,3826,q9_orders_items_products_by_user,0.63854299999999997,4,True,
benchmark,3827,q10_top_sellers_qty,59.925291999999999,20,True,
benchmark,3828,q11_top_categories,0.12670799999999999,0,True,
benchmark,3829,q1_user_by_id,0.16683300000000001,1,True,
benchmark,3830,q2_all_users,3.154792,200,True,
benchmark,3831,q3_user_by_login,0.201709,1,True,
benchmark,3832,q4_sellers_rating,41.237667000000002,100,True,
benchmark,3833,q5_orders_offset,1.5532079999999999,50,True,
benchmark,3834,q6_products_by_seller,0.087332999999999994,0,True,
benchmark,3835,q7_products_join_sellers,0.080875000000000002,0,True,
benchmark,3836,q8_order_items_join_products,0.234292,5,True,
benchmark,3837,q9_orders_items_products_by_user,0.071624999999999994,0,True,
benchmark,3838,q10_top_sellers_qty,81.030916000000005,20,True,
benchmark,3839,q11_top_categories,0.136542,0,True,
benchmark,3840,q1_user_by_id,0.187333,1,True,
benchmark,3841,q2_all_users,3.3340830000000001,200,True,
benchmark,3842,q3_user_by_login,0.138292,1,True,
benchmark,3843,q4_sellers_rating,44.263375000000003,100,True,
benchmark,3844,q5_orders_offset,1.51875,50,True,
benchmark,3845,q6_products_by_seller,0.136708,1,True,
benchmark,3846,q7_products_join_sellers,0.20858299999999999,1,True,
benchmark,3847,q8_order_items_join_products,0.221917,4,True,
benchmark,3848,q9_orders_items_products_by_user,0.067417000000000005,0,True,
benchmark,3849,q10_top_sellers_qty,79.301467000000002,20,True,
benchmark,3850,q11_top_categories,0.14583299999999999,0,True,
benchmark,3851,q1_user_by_id,0.13958300000000001,1,True,
benchmark,3852,q2_all_users,3.5567090000000001,200,True,
benchmark,3853,q3_user_by_login,0.19450000000000001,1,True,
benchmark,3854,q4_sellers_rating,47.724083,100,True,
benchmark,3855,q5_orders_offset,1.5292920000000001,50,True,
benchmark,3856,q6_products_by_seller,0.15420900000000001,2,True,
benchmark,3857,q7_products_join_sellers,0.215417,2,True,
benchmark,3858,q8_order_items_join_products,0.214834,4,True,
benchmark,3859,q9_orders_items_products_by_user,0.77987499999999998,5,True,
benchmark,3860,q10_top_sellers_qty,62.089829000000002,20,True,
benchmark,3861,q11_top_categories,0.14566599999999999,0,True,
benchmark,3862,q1_user_by_id,0.142042,1,True,
benchmark,3863,q2_all_users,5.848541,200,True,
benchmark,3864,q3_user_by_login,0.19983300000000001,1,True,
benchmark,3865,q4_sellers_rating,39.139875000000004,100,True,
benchmark,3866,q5_orders_offset,1.492334,50,True,
benchmark,3867,q6_products_by_seller,0.084250000000000005,0,True,
benchmark,3868,q7_products_join_sellers,0.077374999999999999,0,True,
benchmark,3869,q8_order_items_join_products,0.25587399999999999,1,True,
benchmark,3870,q9_orders_items_products_by_user,0.064959000000000003,0,True,
benchmark,3871,q10_top_sellers_qty,57.895246,20,True,
benchmark,3872,q11_top_categories,0.13491700000000001,0,True,
benchmark,3873,q1_user_by_id,0.18625,1,True,
benchmark,3874,q2_all_users,3.1964169999999998,200,True,
benchmark,3875,q3_user_by_login,0.236375,1,True,
benchmark,3876,q4_sellers_rating,41.437834000000002,100,True,
benchmark,3877,q5_orders_offset,1.4992920000000001,50,True,
benchmark,3878,q6_products_by_seller,0.081417000000000003,0,True,
benchmark,3879,q7_products_join_sellers,0.077915999999999999,0,True,
benchmark,3880,q8_order_items_join_products,0.206458,5,True,
benchmark,3881,q9_orders_items_products_by_user,0.185333,0,True,
benchmark,3882,q10_top_sellers_qty,60.563291999999997,20,True,
benchmark,3883,q11_top_categories,0.175291,0,True,
benchmark,3884,q1_user_by_id,0.14612600000000001,1,True,
benchmark,3885,q2_all_users,3.6190009999999999,200,True,
benchmark,3886,q3_user_by_login,0.24391699999999999,1,True,
benchmark,3887,q4_sellers_rating,42.522208999999997,100,True,
benchmark,3888,q5_orders_offset,8.2057909999999996,50,True,
benchmark,3889,q6_products_by_seller,0.20716699999999999,2,True,
benchmark,3890,q7_products_join_sellers,0.263042,2,True,
benchmark,3891,q8_order_items_join_products,0.26958399999999999,4,True,
benchmark,3892,q9_orders_items_products_by_user,0.51037500000000002,1,True,
benchmark,3893,q10_top_sellers_qty,56.225662,20,True,
benchmark,3894,q11_top_categories,0.24041599999999999,0,True,
benchmark,3895,q1_user_by_id,0.219251,1,True,
benchmark,3896,q2_all_users,3.912582,200,True,
benchmark,3897,q3_user_by_login,0.220583,1,True,
benchmark,3898,q4_sellers_rating,44.338124000000001,100,True,
benchmark,3899,q5_orders_offset,1.531374,50,True,
benchmark,3900,q6_products_by_seller,0.14683399999999999,2,True,
benchmark,3901,q7_products_join_sellers,0.19533300000000001,2,True,
benchmark,3902,q8_order_items_join_products,0.220501,5,True,
benchmark,3903,q9_orders_items_products_by_user,0.77175000000000005,6,True,
benchmark,3904,q10_top_sellers_qty,54.814166,20,True,
benchmark,3905,q11_top_categories,0.14799999999999999,0,True,
benchmark,3906,q1_user_by_id,0.173124,1,True,
benchmark,3907,q2_all_users,3.9436249999999999,200,True,
benchmark,3908,q3_user_by_login,0.198042,1,True,
benchmark,3909,q4_sellers_rating,41.275207999999999,100,True,
benchmark,3910,q5_orders_offset,1.5146250000000001,50,True,
benchmark,3911,q6_products_by_seller,0.14508299999999999,1,True,
benchmark,3912,q7_products_join_sellers,0.209291,1,True,
benchmark,3913,q8_order_items_join_products,0.23449999999999999,5,True,
benchmark,3914,q9_orders_items_products_by_user,0.096958000000000003,0,True,
benchmark,3915,q10_top_sellers_qty,76.460420999999997,20,True,
benchmark,3916,q11_top_categories,0.199292,0,True,
benchmark,3917,q1_user_by_id,0.191333,1,True,
benchmark,3918,q2_all_users,6.0482500000000003,200,True,
benchmark,3919,q3_user_by_login,0.28399999999999997,1,True,
benchmark,3920,q4_sellers_rating,42.813958999999997,100,True,
benchmark,3921,q5_orders_offset,1.568084,50,True,
benchmark,3922,q6_products_by_seller,0.15454200000000001,1,True,
benchmark,3923,q7_products_join_sellers,0.20341500000000001,1,True,
benchmark,3924,q8_order_items_join_products,0.20800099999999999,3,True,
benchmark,3925,q9_orders_items_products_by_user,0.063750000000000001,0,True,
benchmark,3926,q10_top_sellers_qty,61.552878,20,True,
benchmark,3927,q11_top_categories,0.129917,0,True,
benchmark,3928,q1_user_by_id,0.168458,1,True,
benchmark,3929,q2_all_users,3.3348330000000002,200,True,
benchmark,3930,q3_user_by_login,0.18712599999999999,1,True,
benchmark,3931,q4_sellers_rating,42.699706999999997,100,True,
benchmark,3932,q5_orders_offset,1.5764579999999999,50,True,
benchmark,3933,q6_products_by_seller,0.086957999999999994,0,True,
benchmark,3934,q7_products_join_sellers,0.078833,0,True,
benchmark,3935,q8_order_items_join_products,0.24395800000000001,5,True,
benchmark,3936,q9_orders_items_products_by_user,0.19825000000000001,0,True,
benchmark,3937,q10_top_sellers_qty,69.155128000000005,20,True,
benchmark,3938,q11_top_categories,0.13350000000000001,0,True,
benchmark,3939,q1_user_by_id,0.16533300000000001,1,True,
benchmark,3940,q2_all_users,4.5813750000000004,200,True,
benchmark,3941,q3_user_by_login,0.25137399999999999,1,True,
benchmark,3942,q4_sellers_rating,44.745834000000002,100,True,
benchmark,3943,q5_orders_offset,1.496292,50,True,
benchmark,3944,q6_products_by_seller,0.16558300000000001,2,True,
benchmark,3945,q7_products_join_sellers,0.21729100000000001,2,True,
benchmark,3946,q8_order_items_join_products,0.214667,3,True,
benchmark,3947,q9_orders_items_products_by_user,0.070416000000000006,0,True,
benchmark,3948,q10_top_sellers_qty,70.575248000000002,20,True,
benchmark,3949,q11_top_categories,0.13158300000000001,0,True,
benchmark,3950,q1_user_by_id,0.14224999999999999,1,True,
benchmark,3951,q2_all_users,3.2798340000000001,200,True,
benchmark,3952,q3_user_by_login,0.14874999999999999,1,True,
benchmark,3953,q4_sellers_rating,43.701332999999998,100,True,
benchmark,3954,q5_orders_offset,1.570292,50,True,
benchmark,3955,q6_products_by_seller,0.154333,1,True,
benchmark,3956,q7_products_join_sellers,0.20541699999999999,1,True,
benchmark,3957,q8_order_items_join_products,0.20041700000000001,5,True,
benchmark,3958,q9_orders_items_products_by_user,0.50783599999999995,4,True,
benchmark,3959,q10_top_sellers_qty,75.704288000000005,20,True,
benchmark,3960,q11_top_categories,0.14949999999999999,0,True,
benchmark,3961,q1_user_by_id,0.207041,1,True,
benchmark,3962,q2_all_users,3.1987909999999999,200,True,
benchmark,3963,q3_user_by_login,0.215083,1,True,
benchmark,3964,q4_sellers_rating,40.219126000000003,100,True,
benchmark,3965,q5_orders_offset,1.70425,50,True,
benchmark,3966,q6_products_by_seller,0.15395800000000001,1,True,
benchmark,3967,q7_products_join_sellers,0.20433299999999999,1,True,
benchmark,3968,q8_order_items_join_products,0.20887500000000001,5,True,
benchmark,3969,q9_orders_items_products_by_user,0.067833000000000004,0,True,
benchmark,3970,q10_top_sellers_qty,70.864666,20,True,
benchmark,3971,q11_top_categories,0.140458,0,True,
benchmark,3972,q1_user_by_id,0.130249,1,True,
benchmark,3973,q2_all_users,3.028959,200,True,
benchmark,3974,q3_user_by_login,0.21675,1,True,
benchmark,3975,q4_sellers_rating,44.428708,100,True,
benchmark,3976,q5_orders_offset,1.6252489999999999,50,True,
benchmark,3977,q6_products_by_seller,0.151583,3,True,
benchmark,3978,q7_products_join_sellers,0.222749,3,True,
benchmark,3979,q8_order_items_join_products,0.218416,5,True,
benchmark,3980,q9_orders_items_products_by_user,0.50158199999999997,4,True,
benchmark,3981,q10_top_sellers_qty,71.738168000000002,20,True,
benchmark,3982,q11_top_categories,0.123541,0,True,
benchmark,3983,q1_user_by_id,0.18141599999999999,1,True,
benchmark,3984,q2_all_users,3.139084,200,True,
benchmark,3985,q3_user_by_login,0.15762499999999999,1,True,
benchmark,3986,q4_sellers_rating,49.953541000000001,100,True,
benchmark,3987,q5_orders_offset,1.5734159999999999,50,True,
benchmark,3988,q6_products_by_seller,0.062040999999999999,0,True,
benchmark,3989,q7_products_join_sellers,0.072958999999999996,0,True,
benchmark,3990,q8_order_items_join_products,0.201959,2,True,
benchmark,3991,q9_orders_items_products_by_user,0.066875000000000004,0,True,
benchmark,3992,q10_top_sellers_qty,71.386118999999994,20,True,
benchmark,3993,q11_top_categories,0.145542,0,True,
benchmark,3994,q1_user_by_id,0.14758199999999999,1,True,
benchmark,3995,q2_all_users,3.3993329999999999,200,True,
benchmark,3996,q3_user_by_login,0.141875,1,True,
benchmark,3997,q4_sellers_rating,43.227125999999998,100,True,
benchmark,3998,q5_orders_offset,1.512416,50,True,
benchmark,3999,q6_products_by_seller,0.17666599999999999,3,True,
benchmark,4000,q7_products_join_sellers,0.24124899999999999,3,True,
benchmark,4001,q8_order_items_join_products,0.265625,1,True,
benchmark,4002,q9_orders_items_products_by_user,0.58133500000000005,3,True,
benchmark,4003,q10_top_sellers_qty,80.231004999999996,20,True,
benchmark,4004,q11_top_categories,0.137209,0,True,
benchmark,4005,q1_user_by_id,0.18058299999999999,1,True,
benchmark,4006,q2_all_users,3.5815419999999998,200,True,
benchmark,4007,q3_user_by_login,0.21554200000000001,1,True,
benchmark,4008,q4_sellers_rating,44.450915000000002,100,True,
benchmark,4009,q5_orders_offset,1.5686249999999999,50,True,
benchmark,4010,q6_products_by_seller,0.17541599999999999,1,True,
benchmark,4011,q7_products_join_sellers,0.21720800000000001,1,True,
benchmark,4012,q8_order_items_join_products,0.253083,1,True,
benchmark,4013,q9_orders_items_products_by_user,0.71441699999999997,2,True,
benchmark,4014,q10_top_sellers_qty,64.054626999999996,20,True,
benchmark,4015,q11_top_categories,0.155333,0,True,
benchmark,4016,q1_user_by_id,0.155583,1,True,
benchmark,4017,q2_all_users,3.6257090000000001,200,True,
benchmark,4018,q3_user_by_login,0.25162400000000001,1,True,
benchmark,4019,q4_sellers_rating,42.854585,100,True,
benchmark,4020,q5_orders_offset,4.4262090000000001,50,True,
benchmark,4021,q6_products_by_seller,0.1605,2,True,
benchmark,4022,q7_products_join_sellers,0.21308299999999999,2,True,
benchmark,4023,q8_order_items_join_products,0.20849999999999999,1,True,
benchmark,4024,q9_orders_items_products_by_user,0.58770699999999998,5,True,
benchmark,4025,q10_top_sellers_qty,61.193168,20,True,
benchmark,4026,q11_top_categories,0.142792,0,True,
benchmark,4027,q1_user_by_id,0.172792,1,True,
benchmark,4028,q2_all_users,4.4906240000000004,200,True,
benchmark,4029,q3_user_by_login,0.29412500000000003,1,True,
benchmark,4030,q4_sellers_rating,53.445582999999999,100,True,
benchmark,4031,q5_orders_offset,1.471292,50,True,
benchmark,4032,q6_products_by_seller,0.091499999999999998,0,True,
benchmark,4033,q7_products_join_sellers,0.082750000000000004,0,True,
benchmark,4034,q8_order_items_join_products,0.233208,4,True,
benchmark,4035,q9_orders_items_products_by_user,0.33687400000000001,1,True,
benchmark,4036,q10_top_sellers_qty,49.855542999999997,20,True,
benchmark,4037,q11_top_categories,0.68533299999999997,0,True,
benchmark,4038,q1_user_by_id,0.136876,1,True,
benchmark,4039,q2_all_users,5.8298329999999998,200,True,
benchmark,4040,q3_user_by_login,0.26895799999999997,1,True,
benchmark,4041,q4_sellers_rating,42.179875000000003,100,True,
benchmark,4042,q5_orders_offset,1.5141260000000001,50,True,
benchmark,4043,q6_products_by_seller,0.15937499999999999,2,True,
benchmark,4044,q7_products_join_sellers,0.21937499999999999,2,True,
benchmark,4045,q8_order_items_join_products,0.208375,1,True,
benchmark,4046,q9_orders_items_products_by_user,0.58433400000000002,5,True,
benchmark,4047,q10_top_sellers_qty,75.641462000000004,20,True,
benchmark,4048,q11_top_categories,0.136208,0,True,
benchmark,4049,q1_user_by_id,0.171208,1,True,
benchmark,4050,q2_all_users,3.878126,200,True,
benchmark,4051,q3_user_by_login,0.221499,1,True,
benchmark,4052,q4_sellers_rating,43.661585000000002,100,True,
benchmark,4053,q5_orders_offset,1.519625,50,True,
benchmark,4054,q6_products_by_seller,0.13825000000000001,1,True,
benchmark,4055,q7_products_join_sellers,0.202624,1,True,
benchmark,4056,q8_order_items_join_products,0.21270900000000001,5,True,
benchmark,4057,q9_orders_items_products_by_user,0.39100099999999999,1,True,
benchmark,4058,q10_top_sellers_qty,68.407090999999994,20,True,
benchmark,4059,q11_top_categories,0.13012499999999999,0,True,
benchmark,4060,q1_user_by_id,0.20025000000000001,1,True,
benchmark,4061,q2_all_users,4.0664569999999998,200,True,
benchmark,4062,q3_user_by_login,0.22716600000000001,1,True,
benchmark,4063,q4_sellers_rating,47.698250000000002,100,True,
benchmark,4064,q5_orders_offset,1.704666,50,True,
benchmark,4065,q6_products_by_seller,0.077875,0,True,
benchmark,4066,q7_products_join_sellers,0.081750000000000003,0,True,
benchmark,4067,q8_order_items_join_products,0.21366599999999999,4,True,
benchmark,4068,q9_orders_items_products_by_user,0.31295699999999999,1,True,
benchmark,4069,q10_top_sellers_qty,73.149204999999995,20,True,
benchmark,4070,q11_top_categories,0.1295,0,True,
benchmark,4071,q1_user_by_id,0.19354099999999999,1,True,
benchmark,4072,q2_all_users,5.4672080000000003,200,True,
benchmark,4073,q3_user_by_login,0.14937500000000001,1,True,
benchmark,4074,q4_sellers_rating,43.627206999999999,100,True,
benchmark,4075,q5_orders_offset,1.554834,50,True,
benchmark,4076,q6_products_by_seller,0.084375000000000006,0,True,
benchmark,4077,q7_products_join_sellers,0.079917000000000002,0,True,
benchmark,4078,q8_order_items_join_products,0.22262399999999999,1,True,
benchmark,4079,q9_orders_items_products_by_user,0.064041000000000001,0,True,
benchmark,4080,q10_top_sellers_qty,61.285414000000003,20,True,
benchmark,4081,q11_top_categories,0.13983400000000001,0,True,
benchmark,4082,q1_user_by_id,0.48875000000000002,1,True,
benchmark,4083,q2_all_users,3.8890419999999999,200,True,
benchmark,4084,q3_user_by_login,0.24258299999999999,1,True,
benchmark,4085,q4_sellers_rating,41.456083999999997,100,True,
benchmark,4086,q5_orders_offset,1.7012499999999999,50,True,
benchmark,4087,q6_products_by_seller,0.087208999999999995,0,True,
benchmark,4088,q7_products_join_sellers,0.081875000000000003,0,True,
benchmark,4089,q8_order_items_join_products,0.233541,3,True,
benchmark,4090,q9_orders_items_products_by_user,0.50900100000000004,4,True,
benchmark,4091,q10_top_sellers_qty,71.762083000000004,20,True,
benchmark,4092,q11_top_categories,0.247666,0,True,
benchmark,4093,q1_user_by_id,0.201292,1,True,
benchmark,4094,q2_all_users,3.4924179999999998,200,True,
benchmark,4095,q3_user_by_login,0.24129200000000001,1,True,
benchmark,4096,q4_sellers_rating,46.685709000000003,100,True,
benchmark,4097,q5_orders_offset,4.8745000000000003,50,True,
benchmark,4098,q6_products_by_seller,0.16012499999999999,2,True,
benchmark,4099,q7_products_join_sellers,0.20958299999999999,2,True,
benchmark,4100,q8_order_items_join_products,0.18187500000000001,2,True,
benchmark,4101,q9_orders_items_products_by_user,0.48058499999999998,3,True,
benchmark,4102,q10_top_sellers_qty,60.674788999999997,20,True,
benchmark,4103,q11_top_categories,0.13033400000000001,0,True,
benchmark,4104,q1_user_by_id,0.18325,1,True,
benchmark,4105,q2_all_users,4.2584590000000002,200,True,
benchmark,4106,q3_user_by_login,1.111958,1,True,
benchmark,4107,q4_sellers_rating,44.797249999999998,100,True,
benchmark,4108,q5_orders_offset,1.5441670000000001,50,True,
benchmark,4109,q6_products_by_seller,0.080541000000000001,0,True,
benchmark,4110,q7_products_join_sellers,0.076999999999999999,0,True,
benchmark,4111,q8_order_items_join_products,0.22533400000000001,4,True,
benchmark,4112,q9_orders_items_products_by_user,0.200792,0,True,
benchmark,4113,q10_top_sellers_qty,59.769621999999998,20,True,
benchmark,4114,q11_top_categories,0.14016600000000001,0,True,
benchmark,4115,q1_user_by_id,0.1295,1,True,
benchmark,4116,q2_all_users,3.4050410000000002,200,True,
benchmark,4117,q3_user_by_login,0.16341700000000001,1,True,
benchmark,4118,q4_sellers_rating,41.072541999999999,100,True,
benchmark,4119,q5_orders_offset,1.496583,50,True,
benchmark,4120,q6_products_by_seller,0.151667,1,True,
benchmark,4121,q7_products_join_sellers,0.178624,1,True,
benchmark,4122,q8_order_items_join_products,0.251249,2,True,
benchmark,4123,q9_orders_items_products_by_user,0.67800099999999996,1,True,
benchmark,4124,q10_top_sellers_qty,57.008873000000001,20,True,
benchmark,4125,q11_top_categories,0.22675000000000001,0,True,
benchmark,4126,q1_user_by_id,0.31366699999999997,1,True,
benchmark,4127,q2_all_users,3.2639999999999998,200,True,
benchmark,4128,q3_user_by_login,0.21037500000000001,1,True,
benchmark,4129,q4_sellers_rating,40.492333000000002,100,True,
benchmark,4130,q5_orders_offset,1.6428339999999999,50,True,
benchmark,4131,q6_products_by_seller,0.15845899999999999,1,True,
benchmark,4132,q7_products_join_sellers,0.20449999999999999,1,True,
benchmark,4133,q8_order_items_join_products,0.220917,2,True,
benchmark,4134,q9_orders_items_products_by_user,0.059874999999999998,0,True,
benchmark,4135,q10_top_sellers_qty,70.458877999999999,20,True,
benchmark,4136,q11_top_categories,0.13354199999999999,0,True,
benchmark,4137,q1_user_by_id,0.14000000000000001,1,True,
benchmark,4138,q2_all_users,3.7842910000000001,200,True,
benchmark,4139,q3_user_by_login,0.20774999999999999,1,True,
benchmark,4140,q4_sellers_rating,41.443626999999999,100,True,
benchmark,4141,q5_orders_offset,1.5042500000000001,50,True,
benchmark,4142,q6_products_by_seller,0.084875000000000006,0,True,
benchmark,4143,q7_products_join_sellers,0.07775,0,True,
benchmark,4144,q8_order_items_join_products,0.25462499999999999,5,True,
benchmark,4145,q9_orders_items_products_by_user,0.067958000000000005,0,True,
benchmark,4146,q10_top_sellers_qty,66.373746999999995,20,True,
benchmark,4147,q11_top_categories,0.21375,0,True,
benchmark,4148,q1_user_by_id,0.14879100000000001,1,True,
benchmark,4149,q2_all_users,4.2566259999999998,200,True,
benchmark,4150,q3_user_by_login,0.26891700000000002,1,True,
benchmark,4151,q4_sellers_rating,47.378082999999997,100,True,
benchmark,4152,q5_orders_offset,1.5827500000000001,50,True,
benchmark,4153,q6_products_by_seller,0.14704100000000001,2,True,
benchmark,4154,q7_products_join_sellers,0.213916,2,True,
benchmark,4155,q8_order_items_join_products,0.21208299999999999,4,True,
benchmark,4156,q9_orders_items_products_by_user,0.065125000000000002,0,True,
benchmark,4157,q10_top_sellers_qty,62.251078,20,True,
benchmark,4158,q11_top_categories,0.17920900000000001,0,True,
benchmark,4159,q1_user_by_id,0.29291600000000001,1,True,
benchmark,4160,q2_all_users,3.423292,200,True,
benchmark,4161,q3_user_by_login,0.15612500000000001,1,True,
benchmark,4162,q4_sellers_rating,42.088667000000001,100,True,
benchmark,4163,q5_orders_offset,1.676709,50,True,
benchmark,4164,q6_products_by_seller,0.095208000000000001,0,True,
benchmark,4165,q7_products_join_sellers,0.079292000000000001,0,True,
benchmark,4166,q8_order_items_join_products,0.25187500000000002,5,True,
benchmark,4167,q9_orders_items_products_by_user,0.084958000000000006,0,True,
benchmark,4168,q10_top_sellers_qty,56.934914999999997,20,True,
benchmark,4169,q11_top_categories,0.13491700000000001,0,True,
benchmark,4170,q1_user_by_id,0.15074899999999999,1,True,
benchmark,4171,q2_all_users,3.7807919999999999,200,True,
benchmark,4172,q3_user_by_login,0.13849900000000001,1,True,
benchmark,4173,q4_sellers_rating,39.400042999999997,100,True,
benchmark,4174,q5_orders_offset,1.520375,50,True,
benchmark,4175,q6_products_by_seller,0.152583,1,True,
benchmark,4176,q7_products_join_sellers,0.18879199999999999,1,True,
benchmark,4177,q8_order_items_join_products,0.22454099999999999,5,True,
benchmark,4178,q9_orders_items_products_by_user,0.062125,0,True,
benchmark,4179,q10_top_sellers_qty,61.03754,20,True,
benchmark,4180,q11_top_categories,0.1265,0,True,
benchmark,4181,q1_user_by_id,0.127084,1,True,
benchmark,4182,q2_all_users,3.607208,200,True,
benchmark,4183,q3_user_by_login,0.14891699999999999,1,True,
benchmark,4184,q4_sellers_rating,44.702376000000001,100,True,
benchmark,4185,q5_orders_offset,1.5697490000000001,50,True,
benchmark,4186,q6_products_by_seller,0.16916700000000001,1,True,
benchmark,4187,q7_products_join_sellers,0.20391799999999999,1,True,
benchmark,4188,q8_order_items_join_products,0.22412599999999999,5,True,
benchmark,4189,q9_orders_items_products_by_user,0.70925000000000005,5,True,
benchmark,4190,q10_top_sellers_qty,66.163123999999996,20,True,
benchmark,4191,q11_top_categories,0.140208,0,True,
benchmark,4192,q1_user_by_id,0.20649999999999999,1,True,
benchmark,4193,q2_all_users,3.7509999999999999,200,True,
benchmark,4194,q3_user_by_login,0.14870900000000001,1,True,
benchmark,4195,q4_sellers_rating,44.060707999999998,100,True,
benchmark,4196,q5_orders_offset,1.5683750000000001,50,True,
benchmark,4197,q6_products_by_seller,0.14274999999999999,2,True,
benchmark,4198,q7_products_join_sellers,0.203042,2,True,
benchmark,4199,q8_order_items_join_products,0.20716599999999999,1,True,
benchmark,4200,q9_orders_items_products_by_user,0.065291000000000002,0,True,
benchmark,4201,q10_top_sellers_qty,59.446536999999999,20,True,
benchmark,4202,q11_top_categories,0.14000000000000001,0,True,
benchmark,4203,q1_user_by_id,0.214833,1,True,
benchmark,4204,q2_all_users,3.3315419999999998,200,True,
benchmark,4205,q3_user_by_login,0.193416,1,True,
benchmark,4206,q4_sellers_rating,43.190375000000003,100,True,
benchmark,4207,q5_orders_offset,1.5344580000000001,50,True,
benchmark,4208,q6_products_by_seller,0.16383400000000001,2,True,
benchmark,4209,q7_products_join_sellers,0.21270800000000001,2,True,
benchmark,4210,q8_order_items_join_products,0.209624,3,True,
benchmark,4211,q9_orders_items_products_by_user,0.069500000000000006,0,True,
benchmark,4212,q10_top_sellers_qty,55.514454999999998,20,True,
benchmark,4213,q11_top_categories,0.13291600000000001,0,True,
benchmark,4214,q1_user_by_id,0.151084,1,True,
benchmark,4215,q2_all_users,3.1878739999999999,200,True,
benchmark,4216,q3_user_by_login,0.22800000000000001,1,True,
benchmark,4217,q4_sellers_rating,39.703000000000003,100,True,
benchmark,4218,q5_orders_offset,5.0685840000000004,50,True,
benchmark,4219,q6_products_by_seller,0.15512500000000001,4,True,
benchmark,4220,q7_products_join_sellers,0.23399800000000001,4,True,
benchmark,4221,q8_order_items_join_products,0.200292,5,True,
benchmark,4222,q9_orders_items_products_by_user,0.070041999999999993,0,True,
benchmark,4223,q10_top_sellers_qty,61.470371,20,True,
benchmark,4224,q11_top_categories,0.40454099999999998,0,True,
benchmark,4225,q1_user_by_id,0.22562499999999999,1,True,
benchmark,4226,q2_all_users,3.6571259999999999,200,True,
benchmark,4227,q3_user_by_login,0.177125,1,True,
benchmark,4228,q4_sellers_rating,43.534626000000003,100,True,
benchmark,4229,q5_orders_offset,1.488791,50,True,
benchmark,4230,q6_products_by_seller,0.15954199999999999,2,True,
benchmark,4231,q7_products_join_sellers,0.23174900000000001,2,True,
benchmark,4232,q8_order_items_join_products,0.22137499999999999,5,True,
benchmark,4233,q9_orders_items_products_by_user,0.18504200000000001,0,True,
benchmark,4234,q10_top_sellers_qty,64.42671,20,True,
benchmark,4235,q11_top_categories,0.15245800000000001,0,True,
benchmark,4236,q1_user_by_id,0.18320800000000001,1,True,
benchmark,4237,q2_all_users,3.5853329999999999,200,True,
benchmark,4238,q3_user_by_login,0.155833,1,True,
benchmark,4239,q4_sellers_rating,40.462375000000002,100,True,
benchmark,4240,q5_orders_offset,1.562125,50,True,
benchmark,4241,q6_products_by_seller,0.083458000000000004,0,True,
benchmark,4242,q7_products_join_sellers,0.076541999999999999,0,True,
benchmark,4243,q8_order_items_join_products,0.21354200000000001,1,True,
benchmark,4244,q9_orders_items_products_by_user,0.228293,0,True,
benchmark,4245,q10_top_sellers_qty,72.535460999999998,20,True,
benchmark,4246,q11_top_categories,0.15487500000000001,0,True,
benchmark,4247,q1_user_by_id,0.172625,1,True,
benchmark,4248,q2_all_users,3.2999589999999999,200,True,
benchmark,4249,q3_user_by_login,0.27954200000000001,1,True,
benchmark,4250,q4_sellers_rating,43.291333000000002,100,True,
benchmark,4251,q5_orders_offset,1.555042,50,True,
benchmark,4252,q6_products_by_seller,0.084542000000000006,0,True,
benchmark,4253,q7_products_join_sellers,0.080458000000000002,0,True,
benchmark,4254,q8_order_items_join_products,0.21554200000000001,2,True,
benchmark,4255,q9_orders_items_products_by_user,0.062042,0,True,
benchmark,4256,q10_top_sellers_qty,75.064126000000002,20,True,
benchmark,4257,q11_top_categories,0.142542,0,True,
benchmark,4258,q1_user_by_id,0.16633400000000001,1,True,
benchmark,4259,q2_all_users,3.2464590000000002,200,True,
benchmark,4260,q3_user_by_login,0.16270799999999999,1,True,
benchmark,4261,q4_sellers_rating,40.055124999999997,100,True,
benchmark,4262,q5_orders_offset,1.5803750000000001,50,True,
benchmark,4263,q6_products_by_seller,0.15762499999999999,2,True,
benchmark,4264,q7_products_join_sellers,0.218333,2,True,
benchmark,4265,q8_order_items_join_products,0.20258300000000001,1,True,
benchmark,4266,q9_orders_items_products_by_user,0.19816700000000001,0,True,
benchmark,4267,q10_top_sellers_qty,55.242458999999997,20,True,
benchmark,4268,q11_top_categories,0.20441699999999999,0,True,
benchmark,4269,q1_user_by_id,0.19575000000000001,1,True,
benchmark,4270,q2_all_users,3.2814160000000001,200,True,
benchmark,4271,q3_user_by_login,0.238959,1,True,
benchmark,4272,q4_sellers_rating,40.379708000000001,100,True,
benchmark,4273,q5_orders_offset,5.1654989999999996,50,True,
benchmark,4274,q6_products_by_seller,0.22037599999999999,1,True,
benchmark,4275,q7_products_join_sellers,0.21170800000000001,1,True,
benchmark,4276,q8_order_items_join_products,0.22745699999999999,2,True,
benchmark,4277,q9_orders_items_products_by_user,0.393291,1,True,
benchmark,4278,q10_top_sellers_qty,57.342331999999999,20,True,
benchmark,4279,q11_top_categories,0.16520799999999999,0,True,
benchmark,4280,q1_user_by_id,0.158834,1,True,
benchmark,4281,q2_all_users,3.5118740000000002,200,True,
benchmark,4282,q3_user_by_login,0.160166,1,True,
benchmark,4283,q4_sellers_rating,43.876748999999997,100,True,
benchmark,4284,q5_orders_offset,1.616959,50,True,
benchmark,4285,q6_products_by_seller,0.15145800000000001,2,True,
benchmark,4286,q7_products_join_sellers,0.21729200000000001,2,True,
benchmark,4287,q8_order_items_join_products,0.27116699999999999,3,True,
benchmark,4288,q9_orders_items_products_by_user,0.121292,0,True,
benchmark,4289,q10_top_sellers_qty,71.647666999999998,20,True,
benchmark,4290,q11_top_categories,0.10270799999999999,0,True,
benchmark,4291,q1_user_by_id,0.17908199999999999,1,True,
benchmark,4292,q2_all_users,2.945084,200,True,
benchmark,4293,q3_user_by_login,0.14166599999999999,1,True,
benchmark,4294,q4_sellers_rating,41.467333000000004,100,True,
benchmark,4295,q5_orders_offset,1.499541,50,True,
benchmark,4296,q6_products_by_seller,0.153166,2,True,
benchmark,4297,q7_products_join_sellers,0.216917,2,True,
benchmark,4298,q8_order_items_join_products,0.21895700000000001,5,True,
benchmark,4299,q9_orders_items_products_by_user,0.230042,0,True,
benchmark,4300,q10_top_sellers_qty,79.129958000000002,20,True,
benchmark,4301,q11_top_categories,0.15087500000000001,0,True,
benchmark,4302,q1_user_by_id,0.23025000000000001,1,True,
benchmark,4303,q2_all_users,4.885459,200,True,
benchmark,4304,q3_user_by_login,0.24216599999999999,1,True,
benchmark,4305,q4_sellers_rating,46.819875000000003,100,True,
benchmark,4306,q5_orders_offset,1.526583,50,True,
benchmark,4307,q6_products_by_seller,0.082792000000000004,0,True,
benchmark,4308,q7_products_join_sellers,0.080083000000000001,0,True,
benchmark,4309,q8_order_items_join_products,0.26083299999999998,4,True,
benchmark,4310,q9_orders_items_products_by_user,0.080916000000000002,0,True,
benchmark,4311,q10_top_sellers_qty,61.308754,20,True,
benchmark,4312,q11_top_categories,0.13200000000000001,0,True,
benchmark,4313,q1_user_by_id,0.13866700000000001,1,True,
benchmark,4314,q2_all_users,3.406625,200,True,
benchmark,4315,q3_user_by_login,0.19558400000000001,1,True,
benchmark,4316,q4_sellers_rating,42.196375000000003,100,True,
benchmark,4317,q5_orders_offset,4.4209579999999997,50,True,
benchmark,4318,q6_products_by_seller,0.15962499999999999,2,True,
benchmark,4319,q7_products_join_sellers,0.22625000000000001,2,True,
benchmark,4320,q8_order_items_join_products,0.238958,5,True,
benchmark,4321,q9_orders_items_products_by_user,0.064334000000000002,0,True,
benchmark,4322,q10_top_sellers_qty,62.263914999999997,20,True,
benchmark,4323,q11_top_categories,0.15320800000000001,0,True,
benchmark,4324,q1_user_by_id,0.191001,1,True,
benchmark,4325,q2_all_users,3.1061670000000001,200,True,
benchmark,4326,q3_user_by_login,0.190333,1,True,
benchmark,4327,q4_sellers_rating,41.341541999999997,100,True,
benchmark,4328,q5_orders_offset,1.5945819999999999,50,True,
benchmark,4329,q6_products_by_seller,0.16079199999999999,1,True,
benchmark,4330,q7_products_join_sellers,0.218168,1,True,
benchmark,4331,q8_order_items_join_products,0.22658300000000001,2,True,
benchmark,4332,q9_orders_items_products_by_user,0.066500000000000004,0,True,
benchmark,4333,q10_top_sellers_qty,63.254545999999998,20,True,
benchmark,4334,q11_top_categories,0.13841700000000001,0,True,
benchmark,4335,q1_user_by_id,0.1305,1,True,
benchmark,4336,q2_all_users,3.2164579999999998,200,True,
benchmark,4337,q3_user_by_login,0.16275000000000001,1,True,
benchmark,4338,q4_sellers_rating,40.948625,100,True,
benchmark,4339,q5_orders_offset,1.976583,50,True,
benchmark,4340,q6_products_by_seller,0.15595800000000001,2,True,
benchmark,4341,q7_products_join_sellers,0.22691600000000001,2,True,
benchmark,4342,q8_order_items_join_products,0.21024999999999999,4,True,
benchmark,4343,q9_orders_items_products_by_user,0.065666000000000002,0,True,
benchmark,4344,q10_top_sellers_qty,53.928331,20,True,
benchmark,4345,q11_top_categories,0.12895899999999999,0,True,
benchmark,4346,q1_user_by_id,0.135958,1,True,
benchmark,4347,q2_all_users,8.3369579999999992,200,True,
benchmark,4348,q3_user_by_login,0.185083,1,True,
benchmark,4349,q4_sellers_rating,39.531832999999999,100,True,
benchmark,4350,q5_orders_offset,1.773042,50,True,
benchmark,4351,q6_products_by_seller,0.069375000000000006,0,True,
benchmark,4352,q7_products_join_sellers,0.069292000000000006,0,True,
benchmark,4353,q8_order_items_join_products,0.207791,1,True,
benchmark,4354,q9_orders_items_products_by_user,0.064333000000000001,0,True,
benchmark,4355,q10_top_sellers_qty,57.713506000000002,20,True,
benchmark,4356,q11_top_categories,0.134959,0,True,
benchmark,4357,q1_user_by_id,0.18712500000000001,1,True,
benchmark,4358,q2_all_users,3.096708,200,True,
benchmark,4359,q3_user_by_login,0.19062499999999999,1,True,
benchmark,4360,q4_sellers_rating,41.762666000000003,100,True,
benchmark,4361,q5_orders_offset,1.491833,50,True,
benchmark,4362,q6_products_by_seller,0.15304200000000001,1,True,
benchmark,4363,q7_products_join_sellers,0.20724999999999999,1,True,
benchmark,4364,q8_order_items_join_products,0.200958,4,True,
benchmark,4365,q9_orders_items_products_by_user,0.24424999999999999,0,True,
benchmark,4366,q10_top_sellers_qty,72.421197000000006,20,True,
benchmark,4367,q11_top_categories,0.160084,0,True,
benchmark,4368,q1_user_by_id,0.13516600000000001,1,True,
benchmark,4369,q2_all_users,4.4639579999999999,200,True,
benchmark,4370,q3_user_by_login,0.20474999999999999,1,True,
benchmark,4371,q4_sellers_rating,44.803750000000001,100,True,
benchmark,4372,q5_orders_offset,5.0634579999999998,50,True,
benchmark,4373,q6_products_by_seller,0.079666000000000001,0,True,
benchmark,4374,q7_products_join_sellers,0.079500000000000001,0,True,
benchmark,4375,q8_order_items_join_products,0.22591800000000001,2,True,
benchmark,4376,q9_orders_items_products_by_user,0.19908300000000001,0,True,
benchmark,4377,q10_top_sellers_qty,59.545538999999998,20,True,
benchmark,4378,q11_top_categories,0.14233299999999999,0,True,
benchmark,4379,q1_user_by_id,0.18354200000000001,1,True,
benchmark,4380,q2_all_users,3.1771660000000002,200,True,
benchmark,4381,q3_user_by_login,0.54179100000000002,1,True,
benchmark,4382,q4_sellers_rating,47.338831999999996,100,True,
benchmark,4383,q5_orders_offset,1.646876,50,True,
benchmark,4384,q6_products_by_seller,0.14399999999999999,2,True,
benchmark,4385,q7_products_join_sellers,0.199875,2,True,
benchmark,4386,q8_order_items_join_products,0.20550099999999999,4,True,
benchmark,4387,q9_orders_items_products_by_user,0.067250000000000004,0,True,
benchmark,4388,q10_top_sellers_qty,59.757043000000003,20,True,
benchmark,4389,q11_top_categories,0.12795799999999999,0,True,
benchmark,4390,q1_user_by_id,0.15537599999999999,1,True,
benchmark,4391,q2_all_users,3.4417080000000002,200,True,
benchmark,4392,q3_user_by_login,0.170291,1,True,
benchmark,4393,q4_sellers_rating,42.355375000000002,100,True,
benchmark,4394,q5_orders_offset,1.756667,50,True,
benchmark,4395,q6_products_by_seller,0.084875000000000006,0,True,
benchmark,4396,q7_products_join_sellers,0.084833000000000006,0,True,
benchmark,4397,q8_order_items_join_products,0.231792,3,True,
benchmark,4398,q9_orders_items_products_by_user,0.061207999999999999,0,True,
benchmark,4399,q10_top_sellers_qty,69.439787999999993,20,True,
benchmark,4400,q11_top_categories,0.15854099999999999,0,True,
benchmark,4401,q1_user_by_id,0.13075000000000001,1,True,
benchmark,4402,q2_all_users,4.2805,200,True,
benchmark,4403,q3_user_by_login,0.25962499999999999,1,True,
benchmark,4404,q4_sellers_rating,48.119456999999997,100,True,
benchmark,4405,q5_orders_offset,1.5484990000000001,50,True,
benchmark,4406,q6_products_by_seller,0.15004100000000001,1,True,
benchmark,4407,q7_products_join_sellers,0.21158299999999999,1,True,
benchmark,4408,q8_order_items_join_products,0.19683300000000001,3,True,
benchmark,4409,q9_orders_items_products_by_user,0.069792000000000007,0,True,
benchmark,4410,q10_top_sellers_qty,70.213582000000002,20,True,
benchmark,4411,q11_top_categories,0.140459,0,True,
benchmark,4412,q1_user_by_id,0.19725000000000001,1,True,
benchmark,4413,q2_all_users,3.5212509999999999,200,True,
benchmark,4414,q3_user_by_login,0.22025,1,True,
benchmark,4415,q4_sellers_rating,45.632375000000003,100,True,
benchmark,4416,q5_orders_offset,1.4695830000000001,50,True,
benchmark,4417,q6_products_by_seller,0.1555,1,True,
benchmark,4418,q7_products_join_sellers,0.19554099999999999,1,True,
benchmark,4419,q8_order_items_join_products,0.218167,4,True,
benchmark,4420,q9_orders_items_products_by_user,0.204875,0,True,
benchmark,4421,q10_top_sellers_qty,79.782340000000005,20,True,
benchmark,4422,q11_top_categories,0.13258300000000001,0,True,
benchmark,4423,q1_user_by_id,0.237041,1,True,
benchmark,4424,q2_all_users,7.2467079999999999,200,True,
benchmark,4425,q3_user_by_login,0.21937599999999999,1,True,
benchmark,4426,q4_sellers_rating,44.675125999999999,100,True,
benchmark,4427,q5_orders_offset,1.5190840000000001,50,True,
benchmark,4428,q6_products_by_seller,0.16658300000000001,1,True,
benchmark,4429,q7_products_join_sellers,0.190834,1,True,
benchmark,4430,q8_order_items_join_products,0.253751,5,True,
benchmark,4431,q9_orders_items_products_by_user,0.066709000000000004,0,True,
benchmark,4432,q10_top_sellers_qty,59.065283999999998,20,True,
benchmark,4433,q11_top_categories,0.251583,0,True,
benchmark,4434,q1_user_by_id,0.26224999999999998,1,True,
benchmark,4435,q2_all_users,4.7149590000000003,200,True,
benchmark,4436,q3_user_by_login,0.155417,1,True,
benchmark,4437,q4_sellers_rating,45.656959000000001,100,True,
benchmark,4438,q5_orders_offset,1.6705000000000001,50,True,
benchmark,4439,q6_products_by_seller,0.14499899999999999,2,True,
benchmark,4440,q7_products_join_sellers,0.20733399999999999,2,True,
benchmark,4441,q8_order_items_join_products,0.18620900000000001,1,True,
benchmark,4442,q9_orders_items_products_by_user,0.067791000000000004,0,True,
benchmark,4443,q10_top_sellers_qty,82.020538000000002,20,True,
benchmark,4444,q11_top_categories,0.170292,0,True,
benchmark,4445,q1_user_by_id,0.23358300000000001,1,True,
benchmark,4446,q2_all_users,3.7407910000000002,200,True,
benchmark,4447,q3_user_by_login,0.218,1,True,
benchmark,4448,q4_sellers_rating,45.069414999999999,100,True,
benchmark,4449,q5_orders_offset,1.5788340000000001,50,True,
benchmark,4450,q6_products_by_seller,0.080458000000000002,0,True,
benchmark,4451,q7_products_join_sellers,0.077292,0,True,
benchmark,4452,q8_order_items_join_products,0.233625,1,True,
benchmark,4453,q9_orders_items_products_by_user,0.066000000000000003,0,True,
benchmark,4454,q10_top_sellers_qty,68.547667000000004,20,True,
benchmark,4455,q11_top_categories,0.15987499999999999,0,True,
benchmark,4456,q1_user_by_id,0.145708,1,True,
benchmark,4457,q2_all_users,3.5342920000000002,200,True,
benchmark,4458,q3_user_by_login,0.15420800000000001,1,True,
benchmark,4459,q4_sellers_rating,53.353625000000001,100,True,
benchmark,4460,q5_orders_offset,1.6621250000000001,50,True,
benchmark,4461,q6_products_by_seller,0.14999999999999999,1,True,
benchmark,4462,q7_products_join_sellers,0.207792,1,True,
benchmark,4463,q8_order_items_join_products,0.21033199999999999,5,True,
benchmark,4464,q9_orders_items_products_by_user,0.17795800000000001,0,True,
benchmark,4465,q10_top_sellers_qty,66.771163000000001,20,True,
benchmark,4466,q11_top_categories,0.137625,0,True,
benchmark,4467,q1_user_by_id,0.22237499999999999,1,True,
benchmark,4468,q2_all_users,3.4650840000000001,200,True,
benchmark,4469,q3_user_by_login,0.21570800000000001,1,True,
benchmark,4470,q4_sellers_rating,45.705624999999998,100,True,
benchmark,4471,q5_orders_offset,1.8502080000000001,50,True,
benchmark,4472,q6_products_by_seller,0.12529100000000001,1,True,
benchmark,4473,q7_products_join_sellers,0.191418,1,True,
benchmark,4474,q8_order_items_join_products,0.19045799999999999,5,True,
benchmark,4475,q9_orders_items_products_by_user,0.068125000000000005,0,True,
benchmark,4476,q10_top_sellers_qty,62.072667000000003,20,True,
benchmark,4477,q11_top_categories,0.13070799999999999,0,True,
benchmark,4478,q1_user_by_id,0.25099900000000003,1,True,
benchmark,4479,q2_all_users,3.6890000000000001,200,True,
benchmark,4480,q3_user_by_login,0.217167,1,True,
benchmark,4481,q4_sellers_rating,44.644584000000002,100,True,
benchmark,4482,q5_orders_offset,1.646042,50,True,
benchmark,4483,q6_products_by_seller,0.160834,1,True,
benchmark,4484,q7_products_join_sellers,0.21712600000000001,1,True,
benchmark,4485,q8_order_items_join_products,0.19679199999999999,2,True,
benchmark,4486,q9_orders_items_products_by_user,0.43112400000000001,3,True,
benchmark,4487,q10_top_sellers_qty,78.255004,20,True,
benchmark,4488,q11_top_categories,0.13541700000000001,0,True,
benchmark,4489,q1_user_by_id,0.201709,1,True,
benchmark,4490,q2_all_users,3.9598740000000001,200,True,
benchmark,4491,q3_user_by_login,0.15462500000000001,1,True,
benchmark,4492,q4_sellers_rating,41.903333000000003,100,True,
benchmark,4493,q5_orders_offset,1.4553339999999999,50,True,
benchmark,4494,q6_products_by_seller,0.14654200000000001,0,True,
benchmark,4495,q7_products_join_sellers,0.073082999999999995,0,True,
benchmark,4496,q8_order_items_join_products,0.22800000000000001,4,True,
benchmark,4497,q9_orders_items_products_by_user,0.061082999999999998,0,True,
benchmark,4498,q10_top_sellers_qty,81.102870999999993,20,True,
benchmark,4499,q11_top_categories,0.122292,0,True,
benchmark,4500,q1_user_by_id,0.19575000000000001,1,True,
benchmark,4501,q2_all_users,3.382333,200,True,
benchmark,4502,q3_user_by_login,0.27708300000000002,1,True,
benchmark,4503,q4_sellers_rating,47.646042000000001,100,True,
benchmark,4504,q5_orders_offset,1.5493749999999999,50,True,
benchmark,4505,q6_products_by_seller,0.16270799999999999,1,True,
benchmark,4506,q7_products_join_sellers,0.207042,1,True,
benchmark,4507,q8_order_items_join_products,0.20458299999999999,1,True,
benchmark,4508,q9_orders_items_products_by_user,0.43754100000000001,3,True,
benchmark,4509,q10_top_sellers_qty,74.627330000000001,20,True,
benchmark,4510,q11_top_categories,0.12695799999999999,0,True,
benchmark,4511,q1_user_by_id,0.14008200000000001,1,True,
benchmark,4512,q2_all_users,5.2597079999999998,200,True,
benchmark,4513,q3_user_by_login,0.19416700000000001,1,True,
benchmark,4514,q4_sellers_rating,44.515168000000003,100,True,
benchmark,4515,q5_orders_offset,1.5487919999999999,50,True,
benchmark,4516,q6_products_by_seller,0.15304100000000001,1,True,
benchmark,4517,q7_products_join_sellers,0.19487499999999999,1,True,
benchmark,4518,q8_order_items_join_products,0.199376,3,True,
benchmark,4519,q9_orders_items_products_by_user,0.45787499999999998,2,True,
benchmark,4520,q10_top_sellers_qty,60.979494000000003,20,True,
benchmark,4521,q11_top_categories,0.142875,0,True,
benchmark,4522,q1_user_by_id,0.153168,1,True,
benchmark,4523,q2_all_users,3.1579160000000002,200,True,
benchmark,4524,q3_user_by_login,0.20766699999999999,1,True,
benchmark,4525,q4_sellers_rating,40.605041,100,True,
benchmark,4526,q5_orders_offset,1.56375,50,True,
benchmark,4527,q6_products_by_seller,0.15445900000000001,4,True,
benchmark,4528,q7_products_join_sellers,0.22654199999999999,4,True,
benchmark,4529,q8_order_items_join_products,0.21475,3,True,
benchmark,4530,q9_orders_items_products_by_user,0.44600099999999998,3,True,
benchmark,4531,q10_top_sellers_qty,67.594210000000004,20,True,
benchmark,4532,q11_top_categories,0.12779199999999999,0,True,
benchmark,4533,q1_user_by_id,0.174958,1,True,
benchmark,4534,q2_all_users,3.0532080000000001,200,True,
benchmark,4535,q3_user_by_login,0.17649999999999999,1,True,
benchmark,4536,q4_sellers_rating,41.741709,100,True,
benchmark,4537,q5_orders_offset,1.5685,50,True,
benchmark,4538,q6_products_by_seller,0.188083,4,True,
benchmark,4539,q7_products_join_sellers,0.261208,4,True,
benchmark,4540,q8_order_items_join_products,0.22520899999999999,2,True,
benchmark,4541,q9_orders_items_products_by_user,0.059582999999999997,0,True,
benchmark,4542,q10_top_sellers_qty,73.539499000000006,20,True,
benchmark,4543,q11_top_categories,0.13245799999999999,0,True,
benchmark,4544,q1_user_by_id,0.18262500000000001,1,True,
benchmark,4545,q2_all_users,5.651084,200,True,
benchmark,4546,q3_user_by_login,0.152166,1,True,
benchmark,4547,q4_sellers_rating,42.880834,100,True,
benchmark,4548,q5_orders_offset,1.5410839999999999,50,True,
benchmark,4549,q6_products_by_seller,0.15395800000000001,2,True,
benchmark,4550,q7_products_join_sellers,0.214333,2,True,
benchmark,4551,q8_order_items_join_products,0.22612599999999999,5,True,
benchmark,4552,q9_orders_items_products_by_user,0.51020799999999999,4,True,
benchmark,4553,q10_top_sellers_qty,69.081706999999994,20,True,
benchmark,4554,q11_top_categories,0.13216700000000001,0,True,
benchmark,4555,q1_user_by_id,0.17358299999999999,1,True,
benchmark,4556,q2_all_users,3.0794570000000001,200,True,
benchmark,4557,q3_user_by_login,0.20016700000000001,1,True,
benchmark,4558,q4_sellers_rating,39.665666999999999,100,True,
benchmark,4559,q5_orders_offset,1.589709,50,True,
benchmark,4560,q6_products_by_seller,0.082708000000000004,0,True,
benchmark,4561,q7_products_join_sellers,0.074541999999999997,0,True,
benchmark,4562,q8_order_items_join_products,0.215499,2,True,
benchmark,4563,q9_orders_items_products_by_user,0.58957999999999999,4,True,
benchmark,4564,q10_top_sellers_qty,64.667841999999993,20,True,
benchmark,4565,q11_top_categories,0.16270799999999999,0,True,
benchmark,4566,q1_user_by_id,0.20766599999999999,1,True,
benchmark,4567,q2_all_users,4.2283749999999998,200,True,
benchmark,4568,q3_user_by_login,0.16875000000000001,1,True,
benchmark,4569,q4_sellers_rating,51.929709000000003,100,True,
benchmark,4570,q5_orders_offset,1.4748749999999999,50,True,
benchmark,4571,q6_products_by_seller,0.081042000000000003,0,True,
benchmark,4572,q7_products_join_sellers,0.077917,0,True,
benchmark,4573,q8_order_items_join_products,0.24720800000000001,1,True,
benchmark,4574,q9_orders_items_products_by_user,0.19,0,True,
benchmark,4575,q10_top_sellers_qty,70.852450000000005,20,True,
benchmark,4576,q11_top_categories,0.14025000000000001,0,True,
benchmark,4577,q1_user_by_id,0.16650000000000001,1,True,
benchmark,4578,q2_all_users,5.4763739999999999,200,True,
benchmark,4579,q3_user_by_login,0.20133400000000001,1,True,
benchmark,4580,q4_sellers_rating,44.418208,100,True,
benchmark,4581,q5_orders_offset,1.5388329999999999,50,True,
benchmark,4582,q6_products_by_seller,0.14741599999999999,1,True,
benchmark,4583,q7_products_join_sellers,0.22925000000000001,1,True,
benchmark,4584,q8_order_items_join_products,0.21079200000000001,1,True,
benchmark,4585,q9_orders_items_products_by_user,0.066125000000000003,0,True,
benchmark,4586,q10_top_sellers_qty,81.553628000000003,20,True,
benchmark,4587,q11_top_categories,0.15137500000000001,0,True,
benchmark,4588,q1_user_by_id,0.13229199999999999,1,True,
benchmark,4589,q2_all_users,4.1138339999999998,200,True,
benchmark,4590,q3_user_by_login,0.14566599999999999,1,True,
benchmark,4591,q4_sellers_rating,45.685208000000003,100,True,
benchmark,4592,q5_orders_offset,1.511333,50,True,
benchmark,4593,q6_products_by_seller,0.080500000000000002,0,True,
benchmark,4594,q7_products_join_sellers,0.080875000000000002,0,True,
benchmark,4595,q8_order_items_join_products,0.208625,3,True,
benchmark,4596,q9_orders_items_products_by_user,0.421709,2,True,
benchmark,4597,q10_top_sellers_qty,61.890076999999998,20,True,
benchmark,4598,q11_top_categories,0.168958,0,True,
benchmark,4599,q1_user_by_id,0.130166,1,True,
benchmark,4600,q2_all_users,4.0333329999999998,200,True,
benchmark,4601,q3_user_by_login,0.239374,1,True,
benchmark,4602,q4_sellers_rating,45.667000999999999,100,True,
benchmark,4603,q5_orders_offset,4.5608339999999998,50,True,
benchmark,4604,q6_products_by_seller,0.090207999999999997,0,True,
benchmark,4605,q7_products_join_sellers,0.079834000000000002,0,True,
benchmark,4606,q8_order_items_join_products,0.21820899999999999,5,True,
benchmark,4607,q9_orders_items_products_by_user,0.33533400000000002,1,True,
benchmark,4608,q10_top_sellers_qty,67.988754,20,True,
benchmark,4609,q11_top_categories,0.13075000000000001,0,True,
benchmark,4610,q1_user_by_id,0.13499900000000001,1,True,
benchmark,4611,q2_all_users,3.6150829999999998,200,True,
benchmark,4612,q3_user_by_login,0.22416700000000001,1,True,
benchmark,4613,q4_sellers_rating,45.489375000000003,100,True,
benchmark,4614,q5_orders_offset,1.6904589999999999,50,True,
benchmark,4615,q6_products_by_seller,0.14758399999999999,3,True,
benchmark,4616,q7_products_join_sellers,0.21099999999999999,3,True,
benchmark,4617,q8_order_items_join_products,0.206125,3,True,
benchmark,4618,q9_orders_items_products_by_user,0.064333000000000001,0,True,
benchmark,4619,q10_top_sellers_qty,74.079543000000001,20,True,
benchmark,4620,q11_top_categories,0.110833,0,True,
benchmark,4621,q1_user_by_id,0.183668,1,True,
benchmark,4622,q2_all_users,3.3748339999999999,200,True,
benchmark,4623,q3_user_by_login,0.19662499999999999,1,True,
benchmark,4624,q4_sellers_rating,40.207374999999999,100,True,
benchmark,4625,q5_orders_offset,1.558624,50,True,
benchmark,4626,q6_products_by_seller,0.077334,0,True,
benchmark,4627,q7_products_join_sellers,0.076707999999999998,0,True,
benchmark,4628,q8_order_items_join_products,0.24329300000000001,3,True,
benchmark,4629,q9_orders_items_products_by_user,0.18304200000000001,0,True,
benchmark,4630,q10_top_sellers_qty,75.128748999999999,20,True,
benchmark,4631,q11_top_categories,0.13329199999999999,0,True,
benchmark,4632,q1_user_by_id,0.16308400000000001,1,True,
benchmark,4633,q2_all_users,2.9994999999999998,200,True,
benchmark,4634,q3_user_by_login,0.20333300000000001,1,True,
benchmark,4635,q4_sellers_rating,41.241500000000002,100,True,
benchmark,4636,q5_orders_offset,1.4905409999999999,50,True,
benchmark,4637,q6_products_by_seller,0.156917,1,True,
benchmark,4638,q7_products_join_sellers,0.25795800000000002,1,True,
benchmark,4639,q8_order_items_join_products,0.21283299999999999,1,True,
benchmark,4640,q9_orders_items_products_by_user,0.063750000000000001,0,True,
benchmark,4641,q10_top_sellers_qty,52.686832000000003,20,True,
benchmark,4642,q11_top_categories,0.13120799999999999,0,True,
benchmark,4643,q1_user_by_id,0.201792,1,True,
benchmark,4644,q2_all_users,3.7349169999999998,200,True,
benchmark,4645,q3_user_by_login,0.13608300000000001,1,True,
benchmark,4646,q4_sellers_rating,39.918584000000003,100,True,
benchmark,4647,q5_orders_offset,5.3667499999999997,50,True,
benchmark,4648,q6_products_by_seller,0.094625000000000001,0,True,
benchmark,4649,q7_products_join_sellers,0.092582999999999999,0,True,
benchmark,4650,q8_order_items_join_products,0.217666,3,True,
benchmark,4651,q9_orders_items_products_by_user,0.06225,0,True,
benchmark,4652,q10_top_sellers_qty,64.244586999999996,20,True,
benchmark,4653,q11_top_categories,0.14574999999999999,0,True,
benchmark,4654,q1_user_by_id,0.18220900000000001,1,True,
benchmark,4655,q2_all_users,3.1681249999999999,200,True,
benchmark,4656,q3_user_by_login,0.14804100000000001,1,True,
benchmark,4657,q4_sellers_rating,41.531416999999998,100,True,
benchmark,4658,q5_orders_offset,1.548292,50,True,
benchmark,4659,q6_products_by_seller,0.083750000000000005,0,True,
benchmark,4660,q7_products_join_sellers,0.081167000000000003,0,True,
benchmark,4661,q8_order_items_join_products,0.191665,1,True,
benchmark,4662,q9_orders_items_products_by_user,0.201624,0,True,
benchmark,4663,q10_top_sellers_qty,69.551460000000006,20,True,
benchmark,4664,q11_top_categories,0.137875,0,True,
benchmark,4665,q1_user_by_id,0.155667,1,True,
benchmark,4666,q2_all_users,7.2005840000000001,200,True,
benchmark,4667,q3_user_by_login,0.29329100000000002,1,True,
benchmark,4668,q4_sellers_rating,44.724749000000003,100,True,
benchmark,4669,q5_orders_offset,1.480208,50,True,
benchmark,4670,q6_products_by_seller,0.092791999999999999,0,True,
benchmark,4671,q7_products_join_sellers,0.081459000000000004,0,True,
benchmark,4672,q8_order_items_join_products,0.24333199999999999,1,True,
benchmark,4673,q9_orders_items_products_by_user,0.088415999999999995,0,True,
benchmark,4674,q10_top_sellers_qty,75.678700000000006,20,True,
benchmark,4675,q11_top_categories,0.33929100000000001,0,True,
benchmark,4676,q1_user_by_id,0.200625,1,True,
benchmark,4677,q2_all_users,3.6339160000000001,200,True,
benchmark,4678,q3_user_by_login,0.24250099999999999,1,True,
benchmark,4679,q4_sellers_rating,46.238664999999997,100,True,
benchmark,4680,q5_orders_offset,1.7115,50,True,
benchmark,4681,q6_products_by_seller,0.076291999999999999,0,True,
benchmark,4682,q7_products_join_sellers,0.076249999999999998,0,True,
benchmark,4683,q8_order_items_join_products,0.24220800000000001,4,True,
benchmark,4684,q9_orders_items_products_by_user,0.57725099999999996,5,True,
benchmark,4685,q10_top_sellers_qty,80.888457000000002,20,True,
benchmark,4686,q11_top_categories,0.15379200000000001,0,True,
benchmark,4687,q1_user_by_id,0.122167,1,True,
benchmark,4688,q2_all_users,3.5179999999999998,200,True,
benchmark,4689,q3_user_by_login,0.252751,1,True,
benchmark,4690,q4_sellers_rating,45.142209000000001,100,True,
benchmark,4691,q5_orders_offset,1.592584,50,True,
benchmark,4692,q6_products_by_seller,0.16054199999999999,1,True,
benchmark,4693,q7_products_join_sellers,0.22025,1,True,
benchmark,4694,q8_order_items_join_products,0.205043,3,True,
benchmark,4695,q9_orders_items_products_by_user,0.068292000000000005,0,True,
benchmark,4696,q10_top_sellers_qty,64.418583999999996,20,True,
benchmark,4697,q11_top_categories,0.13112499999999999,0,True,
benchmark,4698,q1_user_by_id,0.20008400000000001,1,True,
benchmark,4699,q2_all_users,6.2820410000000004,200,True,
benchmark,4700,q3_user_by_login,0.208208,1,True,
benchmark,4701,q4_sellers_rating,49.727083,100,True,
benchmark,4702,q5_orders_offset,1.573043,50,True,
benchmark,4703,q6_products_by_seller,0.16700000000000001,1,True,
benchmark,4704,q7_products_join_sellers,0.22237499999999999,1,True,
benchmark,4705,q8_order_items_join_products,0.21137500000000001,5,True,
benchmark,4706,q9_orders_items_products_by_user,0.61333199999999999,4,True,
benchmark,4707,q10_top_sellers_qty,77.964954000000006,20,True,
benchmark,4708,q11_top_categories,0.13325000000000001,0,True,
benchmark,4709,q1_user_by_id,0.14770800000000001,1,True,
benchmark,4710,q2_all_users,3.255709,200,True,
benchmark,4711,q3_user_by_login,0.170875,1,True,
benchmark,4712,q4_sellers_rating,43.51296,100,True,
benchmark,4713,q5_orders_offset,1.531374,50,True,
benchmark,4714,q6_products_by_seller,0.060665999999999998,0,True,
benchmark,4715,q7_products_join_sellers,0.079584000000000002,0,True,
benchmark,4716,q8_order_items_join_products,0.21012600000000001,2,True,
benchmark,4717,q9_orders_items_products_by_user,0.72391899999999998,6,True,
benchmark,4718,q10_top_sellers_qty,67.997209999999995,20,True,
benchmark,4719,q11_top_categories,0.14924999999999999,0,True,
benchmark,4720,q1_user_by_id,0.124083,1,True,
benchmark,4721,q2_all_users,3.5059580000000001,200,True,
benchmark,4722,q3_user_by_login,0.26591700000000001,1,True,
benchmark,4723,q4_sellers_rating,49.186374999999998,100,True,
benchmark,4724,q5_orders_offset,1.531458,50,True,
benchmark,4725,q6_products_by_seller,0.17808299999999999,2,True,
benchmark,4726,q7_products_join_sellers,0.21149999999999999,2,True,
benchmark,4727,q8_order_items_join_products,0.22545799999999999,1,True,
benchmark,4728,q9_orders_items_products_by_user,0.235542,0,True,
benchmark,4729,q10_top_sellers_qty,68.719368000000003,20,True,
benchmark,4730,q11_top_categories,0.13108300000000001,0,True,
benchmark,4731,q1_user_by_id,0.175459,1,True,
benchmark,4732,q2_all_users,3.5692919999999999,200,True,
benchmark,4733,q3_user_by_login,0.23699899999999999,1,True,
benchmark,4734,q4_sellers_rating,45.960498999999999,100,True,
benchmark,4735,q5_orders_offset,1.657708,50,True,
benchmark,4736,q6_products_by_seller,0.082000000000000003,0,True,
benchmark,4737,q7_products_join_sellers,0.073583999999999997,0,True,
benchmark,4738,q8_order_items_join_products,0.236124,2,True,
benchmark,4739,q9_orders_items_products_by_user,0.062040999999999999,0,True,
benchmark,4740,q10_top_sellers_qty,70.532753999999997,20,True,
benchmark,4741,q11_top_categories,0.138209,0,True,
benchmark,4742,q1_user_by_id,0.158334,1,True,
benchmark,4743,q2_all_users,6.5119999999999996,200,True,
benchmark,4744,q3_user_by_login,0.151834,1,True,
benchmark,4745,q4_sellers_rating,41.752665,100,True,
benchmark,4746,q5_orders_offset,1.633375,50,True,
benchmark,4747,q6_products_by_seller,0.15083299999999999,1,True,
benchmark,4748,q7_products_join_sellers,0.207875,1,True,
benchmark,4749,q8_order_items_join_products,0.22270799999999999,4,True,
benchmark,4750,q9_orders_items_products_by_user,0.059791999999999998,0,True,
benchmark,4751,q10_top_sellers_qty,70.498169000000004,20,True,
benchmark,4752,q11_top_categories,0.14991599999999999,0,True,
benchmark,4753,q1_user_by_id,0.140709,1,True,
benchmark,4754,q2_all_users,3.201667,200,True,
benchmark,4755,q3_user_by_login,0.14958399999999999,1,True,
benchmark,4756,q4_sellers_rating,45.079917999999999,100,True,
benchmark,4757,q5_orders_offset,1.469209,50,True,
benchmark,4758,q6_products_by_seller,0.14516699999999999,1,True,
benchmark,4759,q7_products_join_sellers,0.206292,1,True,
benchmark,4760,q8_order_items_join_products,0.20341600000000001,2,True,
benchmark,4761,q9_orders_items_products_by_user,0.054833,0,True,
benchmark,4762,q10_top_sellers_qty,83.043243000000004,20,True,
benchmark,4763,q11_top_categories,0.14141599999999999,0,True,
benchmark,4764,q1_user_by_id,0.21425,1,True,
benchmark,4765,q2_all_users,3.2675830000000001,200,True,
benchmark,4766,q3_user_by_login,0.19633400000000001,1,True,
benchmark,4767,q4_sellers_rating,40.253042000000001,100,True,
benchmark,4768,q5_orders_offset,1.4615,50,True,
benchmark,4769,q6_products_by_seller,0.14779100000000001,1,True,
benchmark,4770,q7_products_join_sellers,0.22395799999999999,1,True,
benchmark,4771,q8_order_items_join_products,0.27929100000000001,3,True,
benchmark,4772,q9_orders_items_products_by_user,0.064791000000000001,0,True,
benchmark,4773,q10_top_sellers_qty,70.98321,20,True,
benchmark,4774,q11_top_categories,0.139875,0,True,
benchmark,4775,q1_user_by_id,0.12529100000000001,1,True,
benchmark,4776,q2_all_users,5.5476669999999997,200,True,
benchmark,4777,q3_user_by_login,0.24512500000000001,1,True,
benchmark,4778,q4_sellers_rating,43.347332999999999,100,True,
benchmark,4779,q5_orders_offset,1.6025830000000001,50,True,
benchmark,4780,q6_products_by_seller,0.14570900000000001,1,True,
benchmark,4781,q7_products_join_sellers,0.20483299999999999,1,True,
benchmark,4782,q8_order_items_join_products,0.218667,3,True,
benchmark,4783,q9_orders_items_products_by_user,0.49770599999999998,4,True,
benchmark,4784,q10_top_sellers_qty,75.197999999999993,20,True,
benchmark,4785,q11_top_categories,0.136792,0,True,
benchmark,4786,q1_user_by_id,0.16766700000000001,1,True,
benchmark,4787,q2_all_users,3.773625,200,True,
benchmark,4788,q3_user_by_login,0.157332,1,True,
benchmark,4789,q4_sellers_rating,42.348374999999997,100,True,
benchmark,4790,q5_orders_offset,1.531833,50,True,
benchmark,4791,q6_products_by_seller,0.105666,1,True,
benchmark,4792,q7_products_join_sellers,0.13933300000000001,1,True,
benchmark,4793,q8_order_items_join_products,0.168707,3,True,
benchmark,4794,q9_orders_items_products_by_user,0.48816599999999999,3,True,
benchmark,4795,q10_top_sellers_qty,76.002626000000006,20,True,
benchmark,4796,q11_top_categories,0.137125,0,True,
benchmark,4797,q1_user_by_id,0.13454199999999999,1,True,
benchmark,4798,q2_all_users,3.2581660000000001,200,True,
benchmark,4799,q3_user_by_login,0.216667,1,True,
benchmark,4800,q4_sellers_rating,45.241126000000001,100,True,
benchmark,4801,q5_orders_offset,1.4875419999999999,50,True,
benchmark,4802,q6_products_by_seller,0.076624999999999999,0,True,
benchmark,4803,q7_products_join_sellers,0.075374999999999998,0,True,
benchmark,4804,q8_order_items_join_products,0.217584,1,True,
benchmark,4805,q9_orders_items_products_by_user,0.066291000000000003,0,True,
benchmark,4806,q10_top_sellers_qty,79.767292999999995,20,True,
benchmark,4807,q11_top_categories,0.12970899999999999,0,True,
benchmark,4808,q1_user_by_id,0.19600000000000001,1,True,
benchmark,4809,q2_all_users,3.7767499999999998,200,True,
benchmark,4810,q3_user_by_login,0.14970800000000001,1,True,
benchmark,4811,q4_sellers_rating,44.040959000000001,100,True,
benchmark,4812,q5_orders_offset,1.559709,50,True,
benchmark,4813,q6_products_by_seller,0.079500000000000001,0,True,
benchmark,4814,q7_products_join_sellers,0.078458,0,True,
benchmark,4815,q8_order_items_join_products,0.208458,2,True,
benchmark,4816,q9_orders_items_products_by_user,0.54620899999999994,5,True,
benchmark,4817,q10_top_sellers_qty,235.73841899999999,20,True,
benchmark,4818,q11_top_categories,0.49333300000000002,0,True,
benchmark,4819,q1_user_by_id,0.52083299999999999,1,True,
benchmark,4820,q2_all_users,13.201833000000001,200,True,
benchmark,4821,q3_user_by_login,0.55287500000000001,1,True,
benchmark,4822,q4_sellers_rating,96.640957999999998,100,True,
benchmark,4823,q5_orders_offset,6.5485829999999998,50,True,
benchmark,4824,q6_products_by_seller,0.629166,3,True,
benchmark,4825,q7_products_join_sellers,0.75062499999999999,3,True,
benchmark,4826,q8_order_items_join_products,0.70808300000000002,4,True,
benchmark,4827,q9_orders_items_products_by_user,2.1263749999999999,5,True,
benchmark,4828,q10_top_sellers_qty,191.409704,20,True,
benchmark,4829,q11_top_categories,0.48062500000000002,0,True,
benchmark,4830,q1_user_by_id,0.56441699999999995,1,True,
benchmark,4831,q2_all_users,11.628125000000001,200,True,
benchmark,4832,q3_user_by_login,0.47804099999999999,1,True,
benchmark,4833,q4_sellers_rating,72.054040999999998,100,True,
benchmark,4834,q5_orders_offset,5.8606249999999998,50,True,
benchmark,4835,q6_products_by_seller,0.48166700000000001,1,True,
benchmark,4836,q7_products_join_sellers,0.50887499999999997,1,True,
benchmark,4837,q8_order_items_join_products,0.463084,1,True,
benchmark,4838,q9_orders_items_products_by_user,0.15062500000000001,0,True,
benchmark,4839,q10_top_sellers_qty,133.61913000000001,20,True,
benchmark,4840,q11_top_categories,0.38054100000000002,0,True,
benchmark,4841,q1_user_by_id,0.47449999999999998,1,True,
benchmark,4842,q2_all_users,11.892791000000001,200,True,
benchmark,4843,q3_user_by_login,0.47858200000000001,1,True,
benchmark,4844,q4_sellers_rating,64.023542000000006,100,True,
benchmark,4845,q5_orders_offset,6.2796250000000002,50,True,
benchmark,4846,q6_products_by_seller,0.42175000000000001,2,True,
benchmark,4847,q7_products_join_sellers,0.52937500000000004,2,True,
benchmark,4848,q8_order_items_join_products,0.52549999999999997,2,True,
benchmark,4849,q9_orders_items_products_by_user,0.14808399999999999,0,True,
benchmark,4850,q10_top_sellers_qty,174.705039,20,True,
benchmark,4851,q11_top_categories,0.52925,0,True,
benchmark,4852,q1_user_by_id,0.44470900000000002,1,True,
benchmark,4853,q2_all_users,10.653416999999999,200,True,
benchmark,4854,q3_user_by_login,0.55920800000000004,1,True,
benchmark,4855,q4_sellers_rating,93.732916000000003,100,True,
benchmark,4856,q5_orders_offset,6.9102499999999996,50,True,
benchmark,4857,q6_products_by_seller,0.61695800000000001,1,True,
benchmark,4858,q7_products_join_sellers,0.70133400000000001,1,True,
benchmark,4859,q8_order_items_join_products,0.71837499999999999,3,True,
benchmark,4860,q9_orders_items_products_by_user,0.208541,0,True,
benchmark,4861,q10_top_sellers_qty,225.25720799999999,20,True,
benchmark,4862,q11_top_categories,0.46908300000000003,0,True,
benchmark,4863,q1_user_by_id,0.58141699999999996,1,True,
benchmark,4864,q2_all_users,11.461957999999999,200,True,
benchmark,4865,q3_user_by_login,0.53420800000000002,1,True,
benchmark,4866,q4_sellers_rating,70.145624999999995,100,True,
benchmark,4867,q5_orders_offset,5.8878750000000002,50,True,
benchmark,4868,q6_products_by_seller,0.19625000000000001,0,True,
benchmark,4869,q7_products_join_sellers,0.112,0,True,
benchmark,4870,q8_order_items_join_products,0.30291699999999999,1,True,
benchmark,4871,q9_orders_items_products_by_user,0.28929199999999999,0,True,
benchmark,4872,q10_top_sellers_qty,199.62808100000001,20,True,
benchmark,4873,q11_top_categories,0.56029200000000001,0,True,
benchmark,4874,q1_user_by_id,0.59583299999999995,1,True,
benchmark,4875,q2_all_users,14.454416,200,True,
benchmark,4876,q3_user_by_login,0.534582,1,True,
benchmark,4877,q4_sellers_rating,84.941209000000001,100,True,
benchmark,4878,q5_orders_offset,6.3845000000000001,50,True,
benchmark,4879,q6_products_by_seller,0.33391700000000002,0,True,
benchmark,4880,q7_products_join_sellers,0.25787500000000002,0,True,
benchmark,4881,q8_order_items_join_products,0.77858400000000005,3,True,
benchmark,4882,q9_orders_items_products_by_user,1.8095840000000001,3,True,
benchmark,4883,q10_top_sellers_qty,269.17062199999998,20,True,
benchmark,4884,q11_top_categories,0.44891700000000001,0,True,
benchmark,4885,q1_user_by_id,0.56270799999999999,1,True,
benchmark,4886,q2_all_users,11.778,200,True,
benchmark,4887,q3_user_by_login,0.52304200000000001,1,True,
benchmark,4888,q4_sellers_rating,89.202250000000006,100,True,
benchmark,4889,q5_orders_offset,6.2157499999999999,50,True,
benchmark,4890,q6_products_by_seller,0.608375,1,True,
benchmark,4891,q7_products_join_sellers,0.76262399999999997,1,True,
benchmark,4892,q8_order_items_join_products,0.84075,3,True,
benchmark,4893,q9_orders_items_products_by_user,0.64891699999999997,0,True,
benchmark,4894,q10_top_sellers_qty,101.008966,20,True,
benchmark,4895,q11_top_categories,0.56458299999999995,0,True,
benchmark,4896,q1_user_by_id,0.60654200000000003,1,True,
benchmark,4897,q2_all_users,14.839458,200,True,
benchmark,4898,q3_user_by_login,0.61637500000000001,1,True,
benchmark,4899,q4_sellers_rating,94.975708999999995,100,True,
benchmark,4900,q5_orders_offset,4.9764999999999997,50,True,
benchmark,4901,q6_products_by_seller,0.62733399999999995,3,True,
benchmark,4902,q7_products_join_sellers,0.97487500000000005,3,True,
benchmark,4903,q8_order_items_join_products,0.91449899999999995,4,True,
benchmark,4904,q9_orders_items_products_by_user,0.23574999999999999,0,True,
benchmark,4905,q10_top_sellers_qty,159.905587,20,True,
benchmark,4906,q11_top_categories,0.661833,0,True,
benchmark,4907,q1_user_by_id,0.67166599999999999,1,True,
benchmark,4908,q2_all_users,8.7373750000000001,200,True,
benchmark,4909,q3_user_by_login,0.39025100000000001,1,True,
benchmark,4910,q4_sellers_rating,113.803999,100,True,
benchmark,4911,q5_orders_offset,5.298832,50,True,
benchmark,4912,q6_products_by_seller,0.41499999999999998,1,True,
benchmark,4913,q7_products_join_sellers,0.40583399999999997,1,True,
benchmark,4914,q8_order_items_join_products,0.34649999999999997,1,True,
benchmark,4915,q9_orders_items_products_by_user,0.088291999999999995,0,True,
benchmark,4916,q10_top_sellers_qty,364.89783299999999,20,True,
benchmark,4917,q11_top_categories,0.70254099999999997,0,True,
benchmark,4918,q1_user_by_id,0.81720800000000005,1,True,
benchmark,4919,q2_all_users,11.323083,200,True,
benchmark,4920,q3_user_by_login,0.65649999999999997,1,True,
benchmark,4921,q4_sellers_rating,88.851042000000007,100,True,
benchmark,4922,q5_orders_offset,5.6440000000000001,50,True,
benchmark,4923,q6_products_by_seller,0.35516599999999998,0,True,
benchmark,4924,q7_products_join_sellers,0.27820899999999998,0,True,
benchmark,4925,q8_order_items_join_products,0.77041700000000002,4,True,
benchmark,4926,q9_orders_items_products_by_user,0.14787500000000001,0,True,
benchmark,4927,q10_top_sellers_qty,305.22716600000001,20,True,
benchmark,4928,q11_top_categories,0.50291699999999995,0,True,
benchmark,4929,q1_user_by_id,0.61312500000000003,1,True,
benchmark,4930,q2_all_users,14.158708000000001,200,True,
benchmark,4931,q3_user_by_login,0.580125,1,True,
benchmark,4932,q4_sellers_rating,71.830792000000002,100,True,
benchmark,4933,q5_orders_offset,6.7469169999999998,50,True,
benchmark,4934,q6_products_by_seller,0.29116599999999998,0,True,
benchmark,4935,q7_products_join_sellers,0.17879100000000001,0,True,
benchmark,4936,q8_order_items_join_products,0.56529099999999999,2,True,
benchmark,4937,q9_orders_items_products_by_user,1.784376,5,True,
benchmark,4938,q10_top_sellers_qty,131.81520399999999,20,True,
benchmark,4939,q11_top_categories,0.57333400000000001,0,True,
benchmark,4940,q1_user_by_id,0.57408300000000001,1,True,
benchmark,4941,q2_all_users,12.173583000000001,200,True,
benchmark,4942,q3_user_by_login,0.63600000000000001,1,True,
benchmark,4943,q4_sellers_rating,91.674999999999997,100,True,
benchmark,4944,q5_orders_offset,5.8197089999999996,50,True,
benchmark,4945,q6_products_by_seller,0.55641600000000002,1,True,
benchmark,4946,q7_products_join_sellers,0.74670800000000004,1,True,
benchmark,4947,q8_order_items_join_products,0.67695799999999995,1,True,
benchmark,4948,q9_orders_items_products_by_user,0.21379100000000001,0,True,
benchmark,4949,q10_top_sellers_qty,177.320829,20,True,
benchmark,4950,q11_top_categories,0.60670900000000005,0,True,
benchmark,4951,q1_user_by_id,0.51949900000000004,1,True,
benchmark,4952,q2_all_users,12.477542,200,True,
benchmark,4953,q3_user_by_login,0.63404199999999999,1,True,
benchmark,4954,q4_sellers_rating,72.438249999999996,100,True,
benchmark,4955,q5_orders_offset,5.8495010000000001,50,True,
benchmark,4956,q6_products_by_seller,0.49195800000000001,2,True,
benchmark,4957,q7_products_join_sellers,0.51554100000000003,2,True,
benchmark,4958,q8_order_items_join_products,0.55991599999999997,4,True,
benchmark,4959,q9_orders_items_products_by_user,0.43729200000000001,0,True,
benchmark,4960,q10_top_sellers_qty,184.25145900000001,20,True,
benchmark,4961,q11_top_categories,0.480209,0,True,
benchmark,4962,q1_user_by_id,0.64808299999999996,1,True,
benchmark,4963,q2_all_users,19.212292000000001,200,True,
benchmark,4964,q3_user_by_login,0.469001,1,True,
benchmark,4965,q4_sellers_rating,67.433501000000007,100,True,
benchmark,4966,q5_orders_offset,5.2132079999999998,50,True,
benchmark,4967,q6_products_by_seller,0.36245899999999998,0,True,
benchmark,4968,q7_products_join_sellers,0.26950000000000002,0,True,
benchmark,4969,q8_order_items_join_products,0.75270700000000001,5,True,
benchmark,4970,q9_orders_items_products_by_user,3.4669569999999998,10,True,
benchmark,4971,q10_top_sellers_qty,147.90408600000001,20,True,
benchmark,4972,q11_top_categories,0.66516699999999995,0,True,
benchmark,4973,q1_user_by_id,0.51475000000000004,1,True,
benchmark,4974,q2_all_users,8.3569580000000006,200,True,
benchmark,4975,q3_user_by_login,0.58395900000000001,1,True,
benchmark,4976,q4_sellers_rating,75.768833999999998,100,True,
benchmark,4977,q5_orders_offset,4.6063330000000002,50,True,
benchmark,4978,q6_products_by_seller,0.52366699999999999,0,True,
benchmark,4979,q7_products_join_sellers,0.33937499999999998,0,True,
benchmark,4980,q8_order_items_join_products,1.819124,5,True,
benchmark,4981,q9_orders_items_products_by_user,3.2706240000000002,2,True,
benchmark,4982,q10_top_sellers_qty,211.87479500000001,20,True,
benchmark,4983,q11_top_categories,0.62608399999999997,0,True,
benchmark,4984,q1_user_by_id,0.57820800000000006,1,True,
benchmark,4985,q2_all_users,11.798500000000001,200,True,
benchmark,4986,q3_user_by_login,0.48191699999999998,1,True,
benchmark,4987,q4_sellers_rating,64.343457999999998,100,True,
benchmark,4988,q5_orders_offset,5.2629590000000004,50,True,
benchmark,4989,q6_products_by_seller,0.39062400000000003,2,True,
benchmark,4990,q7_products_join_sellers,0.50687499999999996,2,True,
benchmark,4991,q8_order_items_join_products,0.69029200000000002,4,True,
benchmark,4992,q9_orders_items_products_by_user,0.18829099999999999,0,True,
benchmark,4993,q10_top_sellers_qty,142.368336,20,True,
benchmark,4994,q11_top_categories,0.467416,0,True,
benchmark,4995,q1_user_by_id,0.468999,1,True,
benchmark,4996,q2_all_users,33.024957999999998,200,True,
benchmark,4997,q3_user_by_login,0.67295799999999995,1,True,
benchmark,4998,q4_sellers_rating,71.731292999999994,100,True,
benchmark,4999,q5_orders_offset,6.6293740000000003,50,True,
benchmark,5000,q6_products_by_seller,0.34820899999999999,2,True,
benchmark,5001,q7_products_join_sellers,0.43575000000000003,2,True,
benchmark,5002,q8_order_items_join_products,0.60945800000000006,5,True,
benchmark,5003,q9_orders_items_products_by_user,2.117041,7,True,
benchmark,5004,q10_top_sellers_qty,138.70200500000001,20,True,
benchmark,5005,q11_top_categories,0.53091699999999997,0,True,
benchmark,5006,q1_user_by_id,3.7935829999999999,1,True,
benchmark,5007,q2_all_users,16.198833,200,True,
benchmark,5008,q3_user_by_login,0.74099999999999999,1,True,
benchmark,5009,q4_sellers_rating,94.708375000000004,100,True,
benchmark,5010,q5_orders_offset,9.6122499999999995,50,True,
benchmark,5011,q6_products_by_seller,0.59854300000000005,1,True,
benchmark,5012,q7_products_join_sellers,0.40595799999999999,1,True,
benchmark,5013,q8_order_items_join_products,0.35137499999999999,1,True,
benchmark,5014,q9_orders_items_products_by_user,2.5738750000000001,9,True,
benchmark,5015,q10_top_sellers_qty,229.39229700000001,20,True,
benchmark,5016,q11_top_categories,0.47654200000000002,0,True,
benchmark,5017,q1_user_by_id,0.52745900000000001,1,True,
benchmark,5018,q2_all_users,10.889666999999999,200,True,
benchmark,5019,q3_user_by_login,0.45183299999999998,1,True,
benchmark,5020,q4_sellers_rating,74.005623999999997,100,True,
benchmark,5021,q5_orders_offset,5.6129579999999999,50,True,
benchmark,5022,q6_products_by_seller,0.57458299999999995,1,True,
benchmark,5023,q7_products_join_sellers,0.71829200000000004,1,True,
benchmark,5024,q8_order_items_join_products,0.75941700000000001,2,True,
benchmark,5025,q9_orders_items_products_by_user,0.62533300000000003,0,True,
benchmark,5026,q10_top_sellers_qty,174.59271000000001,20,True,
benchmark,5027,q11_top_categories,0.503166,0,True,
benchmark,5028,q1_user_by_id,0.537999,1,True,
benchmark,5029,q2_all_users,16.212167000000001,200,True,
benchmark,5030,q3_user_by_login,0.74508300000000005,1,True,
benchmark,5031,q4_sellers_rating,68.233582999999996,100,True,
benchmark,5032,q5_orders_offset,6.2695410000000003,50,True,
benchmark,5033,q6_products_by_seller,0.1835,0,True,
benchmark,5034,q7_products_join_sellers,0.1275,0,True,
benchmark,5035,q8_order_items_join_products,0.41095900000000002,3,True,
benchmark,5036,q9_orders_items_products_by_user,0.786416,3,True,
benchmark,5037,q10_top_sellers_qty,169.70620500000001,20,True,
benchmark,5038,q11_top_categories,0.52887499999999998,0,True,
benchmark,5039,q1_user_by_id,0.62387499999999996,1,True,
benchmark,5040,q2_all_users,9.6944169999999996,200,True,
benchmark,5041,q3_user_by_login,0.85216700000000001,1,True,
benchmark,5042,q4_sellers_rating,86.770750000000007,100,True,
benchmark,5043,q5_orders_offset,6.6092919999999999,50,True,
benchmark,5044,q6_products_by_seller,0.48249900000000001,2,True,
benchmark,5045,q7_products_join_sellers,0.54504200000000003,2,True,
benchmark,5046,q8_order_items_join_products,0.58970699999999998,5,True,
benchmark,5047,q9_orders_items_products_by_user,3.4657100000000001,10,True,
benchmark,5048,q10_top_sellers_qty,208.30170799999999,20,True,
benchmark,5049,q11_top_categories,0.58508400000000005,0,True,
benchmark,5050,q1_user_by_id,0.61362499999999998,1,True,
benchmark,5051,q2_all_users,11.745208,200,True,
benchmark,5052,q3_user_by_login,0.48066700000000001,1,True,
benchmark,5053,q4_sellers_rating,84.440415999999999,100,True,
benchmark,5054,q5_orders_offset,6.0181250000000004,50,True,
benchmark,5055,q6_products_by_seller,0.36495899999999998,1,True,
benchmark,5056,q7_products_join_sellers,0.34979100000000002,1,True,
benchmark,5057,q8_order_items_join_products,0.39029199999999997,5,True,
benchmark,5058,q9_orders_items_products_by_user,0.10087500000000001,0,True,
benchmark,5059,q10_top_sellers_qty,257.72324900000001,20,True,
benchmark,5060,q11_top_categories,0.53829199999999999,0,True,
benchmark,5061,q1_user_by_id,0.61916599999999999,1,True,
benchmark,5062,q2_all_users,10.366875,200,True,
benchmark,5063,q3_user_by_login,0.44341700000000001,1,True,
benchmark,5064,q4_sellers_rating,60.900208999999997,100,True,
benchmark,5065,q5_orders_offset,7.020124,50,True,
benchmark,5066,q6_products_by_seller,0.68154099999999995,1,True,
benchmark,5067,q7_products_join_sellers,0.42149999999999999,1,True,
benchmark,5068,q8_order_items_join_products,0.31129099999999998,1,True,
benchmark,5069,q9_orders_items_products_by_user,1.115542,4,True,
benchmark,5070,q10_top_sellers_qty,141.25349900000001,20,True,
benchmark,5071,q11_top_categories,0.38479099999999999,0,True,
benchmark,5072,q1_user_by_id,0.45195800000000003,1,True,
benchmark,5073,q2_all_users,11.316666,200,True,
benchmark,5074,q3_user_by_login,0.53591599999999995,1,True,
benchmark,5075,q4_sellers_rating,87.681959000000006,100,True,
benchmark,5076,q5_orders_offset,25.714915999999999,50,True,
benchmark,5077,q6_products_by_seller,0.96787599999999996,3,True,
benchmark,5078,q7_products_join_sellers,1.138625,3,True,
benchmark,5079,q8_order_items_join_products,0.91412499999999997,4,True,
benchmark,5080,q9_orders_items_products_by_user,0.167041,0,True,
benchmark,5081,q10_top_sellers_qty,276.29749299999997,20,True,
benchmark,5082,q11_top_categories,0.39716699999999999,0,True,
benchmark,5083,q1_user_by_id,0.636625,1,True,
benchmark,5084,q2_all_users,10.410083,200,True,
benchmark,5085,q3_user_by_login,2.5262500000000001,1,True,
benchmark,5086,q4_sellers_rating,67.671916999999993,100,True,
benchmark,5087,q5_orders_offset,6.3866250000000004,50,True,
benchmark,5088,q6_products_by_seller,0.25345800000000002,0,True,
benchmark,5089,q7_products_join_sellers,0.141375,0,True,
benchmark,5090,q8_order_items_join_products,0.45970800000000001,4,True,
benchmark,5091,q9_orders_items_products_by_user,0.10174999999999999,0,True,
benchmark,5092,q10_top_sellers_qty,154.41624999999999,20,True,
benchmark,5093,q11_top_categories,0.62195900000000004,0,True,
benchmark,5094,q1_user_by_id,0.827542,1,True,
benchmark,5095,q2_all_users,9.5462500000000006,200,True,
benchmark,5096,q3_user_by_login,0.54233299999999995,1,True,
benchmark,5097,q4_sellers_rating,61.334125,100,True,
benchmark,5098,q5_orders_offset,5.9517910000000001,50,True,
benchmark,5099,q6_products_by_seller,0.34620800000000002,3,True,
benchmark,5100,q7_products_join_sellers,0.33200000000000002,3,True,
benchmark,5101,q8_order_items_join_products,0.30537500000000001,1,True,
benchmark,5102,q9_orders_items_products_by_user,0.095167000000000002,0,True,
benchmark,5103,q10_top_sellers_qty,222.60020599999999,20,True,
benchmark,5104,q11_top_categories,0.65483400000000003,0,True,
benchmark,5105,q1_user_by_id,0.66366599999999998,1,True,
benchmark,5106,q2_all_users,11.905915999999999,200,True,
benchmark,5107,q3_user_by_login,0.69725000000000004,1,True,
benchmark,5108,q4_sellers_rating,134.89629199999999,100,True,
benchmark,5109,q5_orders_offset,7.1561669999999999,50,True,
benchmark,5110,q6_products_by_seller,0.59824999999999995,1,True,
benchmark,5111,q7_products_join_sellers,0.71758200000000005,1,True,
benchmark,5112,q8_order_items_join_products,0.60925099999999999,1,True,
benchmark,5113,q9_orders_items_products_by_user,1.9277930000000001,5,True,
benchmark,5114,q10_top_sellers_qty,217.92900599999999,20,True,
benchmark,5115,q11_top_categories,0.54925000000000002,0,True,
benchmark,5116,q1_user_by_id,0.58604199999999995,1,True,
benchmark,5117,q2_all_users,12.011167,200,True,
benchmark,5118,q3_user_by_login,0.57166700000000004,1,True,
benchmark,5119,q4_sellers_rating,66.734999999999999,100,True,
benchmark,5120,q5_orders_offset,4.1927909999999997,50,True,
benchmark,5121,q6_products_by_seller,0.53837500000000005,2,True,
benchmark,5122,q7_products_join_sellers,0.56674999999999998,2,True,
benchmark,5123,q8_order_items_join_products,0.56212600000000001,4,True,
benchmark,5124,q9_orders_items_products_by_user,0.43304199999999998,0,True,
benchmark,5125,q10_top_sellers_qty,145.61783,20,True,
benchmark,5126,q11_top_categories,0.49349999999999999,0,True,
benchmark,5127,q1_user_by_id,0.55508299999999999,1,True,
benchmark,5128,q2_all_users,11.215584,200,True,
benchmark,5129,q3_user_by_login,0.61212500000000003,1,True,
benchmark,5130,q4_sellers_rating,86.972415999999996,100,True,
benchmark,5131,q5_orders_offset,6.4606250000000003,50,True,
benchmark,5132,q6_products_by_seller,0.246834,0,True,
benchmark,5133,q7_products_join_sellers,0.13641600000000001,0,True,
benchmark,5134,q8_order_items_join_products,0.39300099999999999,5,True,
benchmark,5135,q9_orders_items_products_by_user,0.63041599999999998,3,True,
benchmark,5136,q10_top_sellers_qty,316.67733700000002,20,True,
benchmark,5137,q11_top_categories,0.59970800000000002,0,True,
benchmark,5138,q1_user_by_id,0.689666,1,True,
benchmark,5139,q2_all_users,14.911166,200,True,
benchmark,5140,q3_user_by_login,0.57962499999999995,1,True,
benchmark,5141,q4_sellers_rating,64.606915999999998,100,True,
benchmark,5142,q5_orders_offset,6.5559159999999999,50,True,
benchmark,5143,q6_products_by_seller,0.40749999999999997,2,True,
benchmark,5144,q7_products_join_sellers,0.45958300000000002,2,True,
benchmark,5145,q8_order_items_join_products,0.35570800000000002,4,True,
benchmark,5146,q9_orders_items_products_by_user,0.30462499999999998,0,True,
benchmark,5147,q10_top_sellers_qty,238.64075800000001,20,True,
benchmark,5148,q11_top_categories,0.43845800000000001,0,True,
benchmark,5149,q1_user_by_id,0.50754200000000005,1,True,
benchmark,5150,q2_all_users,13.50975,200,True,
benchmark,5151,q3_user_by_login,0.47025099999999997,1,True,
benchmark,5152,q4_sellers_rating,67.448459999999997,100,True,
benchmark,5153,q5_orders_offset,6.5475409999999998,50,True,
benchmark,5154,q6_products_by_seller,0.38162499999999999,1,True,
benchmark,5155,q7_products_join_sellers,0.36216700000000002,1,True,
benchmark,5156,q8_order_items_join_products,0.35129100000000002,3,True,
benchmark,5157,q9_orders_items_products_by_user,0.094125,0,True,
benchmark,5158,q10_top_sellers_qty,70.547462999999993,20,True,
benchmark,5159,q11_top_categories,0.55641600000000002,0,True,
benchmark,5160,q1_user_by_id,0.64624999999999999,1,True,
benchmark,5161,q2_all_users,11.488125,200,True,
benchmark,5162,q3_user_by_login,0.54779199999999995,1,True,
benchmark,5163,q4_sellers_rating,87.936749000000006,100,True,
benchmark,5164,q5_orders_offset,7.1504159999999999,50,True,
benchmark,5165,q6_products_by_seller,0.292375,0,True,
benchmark,5166,q7_products_join_sellers,0.24091599999999999,0,True,
benchmark,5167,q8_order_items_join_products,0.71795799999999999,2,True,
benchmark,5168,q9_orders_items_products_by_user,0.19404199999999999,0,True,
benchmark,5169,q10_top_sellers_qty,125.58495499999999,20,True,
benchmark,5170,q11_top_categories,0.449708,0,True,
benchmark,5171,q1_user_by_id,0.502,1,True,
benchmark,5172,q2_all_users,11.309208,200,True,
benchmark,5173,q3_user_by_login,0.91070799999999996,1,True,
benchmark,5174,q4_sellers_rating,68.238667000000007,100,True,
benchmark,5175,q5_orders_offset,6.9100409999999997,50,True,
benchmark,5176,q6_products_by_seller,0.26166699999999998,0,True,
benchmark,5177,q7_products_join_sellers,0.14774999999999999,0,True,
benchmark,5178,q8_order_items_join_products,0.42733399999999999,4,True,
benchmark,5179,q9_orders_items_products_by_user,0.62308399999999997,0,True,
benchmark,5180,q10_top_sellers_qty,168.17278300000001,20,True,
benchmark,5181,q11_top_categories,0.561334,0,True,
benchmark,5182,q1_user_by_id,0.92158300000000004,1,True,
benchmark,5183,q2_all_users,14.680292,200,True,
benchmark,5184,q3_user_by_login,0.62254200000000004,1,True,
benchmark,5185,q4_sellers_rating,77.549499999999995,100,True,
benchmark,5186,q5_orders_offset,6.5667920000000004,50,True,
benchmark,5187,q6_products_by_seller,0.23408300000000001,0,True,
benchmark,5188,q7_products_join_sellers,0.15525,0,True,
benchmark,5189,q8_order_items_join_products,0.42708299999999999,4,True,
benchmark,5190,q9_orders_items_products_by_user,0.112666,0,True,
benchmark,5191,q10_top_sellers_qty,266.68450100000001,20,True,
benchmark,5192,q11_top_categories,0.56799999999999995,0,True,
benchmark,5193,q1_user_by_id,0.64812499999999995,1,True,
benchmark,5194,q2_all_users,11.664542000000001,200,True,
benchmark,5195,q3_user_by_login,0.48112500000000002,1,True,
benchmark,5196,q4_sellers_rating,85.202459000000005,100,True,
benchmark,5197,q5_orders_offset,6.344792,50,True,
benchmark,5198,q6_products_by_seller,0.43320900000000001,2,True,
benchmark,5199,q7_products_join_sellers,0.416375,2,True,
benchmark,5200,q8_order_items_join_products,0.38374999999999998,3,True,
benchmark,5201,q9_orders_items_products_by_user,0.33670800000000001,0,True,
benchmark,5202,q10_top_sellers_qty,223.536452,20,True,
benchmark,5203,q11_top_categories,0.50658400000000003,0,True,
benchmark,5204,q1_user_by_id,0.56270900000000001,1,True,
benchmark,5205,q2_all_users,11.599667,200,True,
benchmark,5206,q3_user_by_login,0.59658299999999997,1,True,
benchmark,5207,q4_sellers_rating,73.424290999999997,100,True,
benchmark,5208,q5_orders_offset,5.4967090000000001,50,True,
benchmark,5209,q6_products_by_seller,0.25054199999999999,0,True,
benchmark,5210,q7_products_join_sellers,0.13366700000000001,0,True,
benchmark,5211,q8_order_items_join_products,0.39866699999999999,5,True,
benchmark,5212,q9_orders_items_products_by_user,0.28204099999999999,0,True,
benchmark,5213,q10_top_sellers_qty,287.09683100000001,20,True,
benchmark,5214,q11_top_categories,0.50279200000000002,0,True,
benchmark,5215,q1_user_by_id,0.59308300000000003,1,True,
benchmark,5216,q2_all_users,9.0301670000000005,200,True,
benchmark,5217,q3_user_by_login,0.73204199999999997,1,True,
benchmark,5218,q4_sellers_rating,74.932040999999998,100,True,
benchmark,5219,q5_orders_offset,6.8015420000000004,50,True,
benchmark,5220,q6_products_by_seller,0.362958,1,True,
benchmark,5221,q7_products_join_sellers,0.34129199999999998,1,True,
benchmark,5222,q8_order_items_join_products,0.35683300000000001,4,True,
benchmark,5223,q9_orders_items_products_by_user,0.085625000000000007,0,True,
benchmark,5224,q10_top_sellers_qty,139.32550000000001,20,True,
benchmark,5225,q11_top_categories,0.51408399999999999,0,True,
benchmark,5226,q1_user_by_id,0.566249,1,True,
benchmark,5227,q2_all_users,45.142375000000001,200,True,
benchmark,5228,q3_user_by_login,0.54408299999999998,1,True,
benchmark,5229,q4_sellers_rating,92.186374999999998,100,True,
benchmark,5230,q5_orders_offset,5.7145830000000002,50,True,
benchmark,5231,q6_products_by_seller,0.52562600000000004,1,True,
benchmark,5232,q7_products_join_sellers,0.549292,1,True,
benchmark,5233,q8_order_items_join_products,0.74329100000000004,3,True,
benchmark,5234,q9_orders_items_products_by_user,2.4877500000000001,6,True,
benchmark,5235,q10_top_sellers_qty,233.089123,20,True,
benchmark,5236,q11_top_categories,0.41441699999999998,0,True,
benchmark,5237,q1_user_by_id,0.60104199999999997,1,True,
benchmark,5238,q2_all_users,11.917209,200,True,
benchmark,5239,q3_user_by_login,0.50662399999999996,1,True,
benchmark,5240,q4_sellers_rating,68.501958999999999,100,True,
benchmark,5241,q5_orders_offset,6.2400419999999999,50,True,
benchmark,5242,q6_products_by_seller,0.22654099999999999,0,True,
benchmark,5243,q7_products_join_sellers,0.13316600000000001,0,True,
benchmark,5244,q8_order_items_join_products,0.40762500000000002,1,True,
benchmark,5245,q9_orders_items_products_by_user,0.11716600000000001,0,True,
benchmark,5246,q10_top_sellers_qty,156.1842,20,True,
benchmark,5247,q11_top_categories,0.532667,0,True,
benchmark,5248,q1_user_by_id,0.58604100000000003,1,True,
benchmark,5249,q2_all_users,10.274459,200,True,
benchmark,5250,q3_user_by_login,0.56383300000000003,1,True,
benchmark,5251,q4_sellers_rating,66.499583000000001,100,True,
benchmark,5252,q5_orders_offset,5.5858749999999997,50,True,
benchmark,5253,q6_products_by_seller,0.36191699999999999,2,True,
benchmark,5254,q7_products_join_sellers,0.55008299999999999,2,True,
benchmark,5255,q8_order_items_join_products,0.34304200000000001,4,True,
benchmark,5256,q9_orders_items_products_by_user,3.8939590000000002,14,True,
benchmark,5257,q10_top_sellers_qty,244.47691499999999,20,True,
benchmark,5258,q11_top_categories,0.55058300000000004,0,True,
benchmark,5259,q1_user_by_id,0.62424999999999997,1,True,
benchmark,5260,q2_all_users,10.491875,200,True,
benchmark,5261,q3_user_by_login,0.41516700000000001,1,True,
benchmark,5262,q4_sellers_rating,112.09316699999999,100,True,
benchmark,5263,q5_orders_offset,7.0422079999999996,50,True,
benchmark,5264,q6_products_by_seller,0.22,0,True,
benchmark,5265,q7_products_join_sellers,0.12712499999999999,0,True,
benchmark,5266,q8_order_items_join_products,0.39150099999999999,4,True,
benchmark,5267,q9_orders_items_products_by_user,0.098917000000000005,0,True,
benchmark,5268,q10_top_sellers_qty,143.99937600000001,20,True,
benchmark,5269,q11_top_categories,0.57041699999999995,0,True,
benchmark,5270,q1_user_by_id,0.59654200000000002,1,True,
benchmark,5271,q2_all_users,11.724834,200,True,
benchmark,5272,q3_user_by_login,0.386625,1,True,
benchmark,5273,q4_sellers_rating,83.760041999999999,100,True,
benchmark,5274,q5_orders_offset,6.1245409999999998,50,True,
benchmark,5275,q6_products_by_seller,0.594333,1,True,
benchmark,5276,q7_products_join_sellers,0.71799999999999997,1,True,
benchmark,5277,q8_order_items_join_products,0.66537500000000005,1,True,
benchmark,5278,q9_orders_items_products_by_user,0.17958399999999999,0,True,
benchmark,5279,q10_top_sellers_qty,255.160246,20,True,
benchmark,5280,q11_top_categories,0.59183300000000005,0,True,
benchmark,5281,q1_user_by_id,0.53308299999999997,1,True,
benchmark,5282,q2_all_users,8.6491240000000005,200,True,
benchmark,5283,q3_user_by_login,0.30054199999999998,1,True,
benchmark,5284,q4_sellers_rating,117.525958,100,True,
benchmark,5285,q5_orders_offset,6.428083,50,True,
benchmark,5286,q6_products_by_seller,0.25004199999999999,1,True,
benchmark,5287,q7_products_join_sellers,0.26516600000000001,1,True,
benchmark,5288,q8_order_items_join_products,0.30520700000000001,3,True,
benchmark,5289,q9_orders_items_products_by_user,0.467501,0,True,
benchmark,5290,q10_top_sellers_qty,197.16854799999999,20,True,
benchmark,5291,q11_top_categories,0.31387500000000002,0,True,
benchmark,5292,q1_user_by_id,0.63024999999999998,1,True,
benchmark,5293,q2_all_users,13.408833,200,True,
benchmark,5294,q3_user_by_login,0.64083400000000001,1,True,
benchmark,5295,q4_sellers_rating,130.018584,100,True,
benchmark,5296,q5_orders_offset,4.7600420000000003,50,True,
benchmark,5297,q6_products_by_seller,0.55408400000000002,2,True,
benchmark,5298,q7_products_join_sellers,0.659833,2,True,
benchmark,5299,q8_order_items_join_products,0.66483300000000001,2,True,
benchmark,5300,q9_orders_items_products_by_user,0.84354200000000001,0,True,
benchmark,5301,q10_top_sellers_qty,370.86604399999999,20,True,
benchmark,5302,q11_top_categories,0.58487500000000003,0,True,
benchmark,5303,q1_user_by_id,0.66408400000000001,1,True,
benchmark,5304,q2_all_users,11.877083000000001,200,True,
benchmark,5305,q3_user_by_login,0.54662500000000003,1,True,
benchmark,5306,q4_sellers_rating,89.324207999999999,100,True,
benchmark,5307,q5_orders_offset,7.0997500000000002,50,True,
benchmark,5308,q6_products_by_seller,0.299375,2,True,
benchmark,5309,q7_products_join_sellers,0.76558300000000001,2,True,
benchmark,5310,q8_order_items_join_products,7.1564589999999999,4,True,
benchmark,5311,q9_orders_items_products_by_user,0.80091599999999996,0,True,
benchmark,5312,q10_top_sellers_qty,150.50807900000001,20,True,
benchmark,5313,q11_top_categories,0.47020800000000001,0,True,
benchmark,5314,q1_user_by_id,0.49654100000000001,1,True,
benchmark,5315,q2_all_users,9.1132500000000007,200,True,
benchmark,5316,q3_user_by_login,0.30462499999999998,1,True,
benchmark,5317,q4_sellers_rating,102.263167,100,True,
benchmark,5318,q5_orders_offset,6.2067500000000004,50,True,
benchmark,5319,q6_products_by_seller,0.66395899999999997,4,True,
benchmark,5320,q7_products_join_sellers,0.76758300000000002,4,True,
benchmark,5321,q8_order_items_join_products,0.53029099999999996,2,True,
benchmark,5322,q9_orders_items_products_by_user,0.567832,0,True,
benchmark,5323,q10_top_sellers_qty,239.85620499999999,20,True,
benchmark,5324,q11_top_categories,0.39033299999999999,0,True,
benchmark,5325,q1_user_by_id,0.393625,1,True,
benchmark,5326,q2_all_users,8.3317910000000008,200,True,
benchmark,5327,q3_user_by_login,0.57716599999999996,1,True,
benchmark,5328,q4_sellers_rating,61.165000999999997,100,True,
benchmark,5329,q5_orders_offset,6.0233340000000002,50,True,
benchmark,5330,q6_products_by_seller,0.52749999999999997,2,True,
benchmark,5331,q7_products_join_sellers,0.41625099999999998,2,True,
benchmark,5332,q8_order_items_join_products,0.37866699999999998,2,True,
benchmark,5333,q9_orders_items_products_by_user,0.106333,0,True,
benchmark,5334,q10_top_sellers_qty,222.17533399999999,20,True,
benchmark,5335,q11_top_categories,0.411333,0,True,
benchmark,5336,q1_user_by_id,0.62479099999999999,1,True,
benchmark,5337,q2_all_users,10.929708,200,True,
benchmark,5338,q3_user_by_login,0.54116600000000004,1,True,
benchmark,5339,q4_sellers_rating,69.823583999999997,100,True,
benchmark,5340,q5_orders_offset,6.5331250000000001,50,True,
benchmark,5341,q6_products_by_seller,0.301375,0,True,
benchmark,5342,q7_products_join_sellers,0.24562500000000001,0,True,
benchmark,5343,q8_order_items_join_products,0.668709,2,True,
benchmark,5344,q9_orders_items_products_by_user,0.22691600000000001,0,True,
benchmark,5345,q10_top_sellers_qty,154.04382799999999,20,True,
benchmark,5346,q11_top_categories,0.422292,0,True,
benchmark,5347,q1_user_by_id,0.55674999999999997,1,True,
benchmark,5348,q2_all_users,11.985374999999999,200,True,
benchmark,5349,q3_user_by_login,0.44512499999999999,1,True,
benchmark,5350,q4_sellers_rating,83.747540000000001,100,True,
benchmark,5351,q5_orders_offset,5.8297509999999999,50,True,
benchmark,5352,q6_products_by_seller,0.27954099999999998,0,True,
benchmark,5353,q7_products_join_sellers,0.16416700000000001,0,True,
benchmark,5354,q8_order_items_join_products,0.49466700000000002,5,True,
benchmark,5355,q9_orders_items_products_by_user,0.60416499999999995,1,True,
benchmark,5356,q10_top_sellers_qty,216.52880400000001,20,True,
benchmark,5357,q11_top_categories,0.54816699999999996,0,True,
benchmark,5358,q1_user_by_id,0.56737400000000004,1,True,
benchmark,5359,q2_all_users,10.216958999999999,200,True,
benchmark,5360,q3_user_by_login,0.83245800000000003,1,True,
benchmark,5361,q4_sellers_rating,83.742333000000002,100,True,
benchmark,5362,q5_orders_offset,6.425834,50,True,
benchmark,5363,q6_products_by_seller,0.62745899999999999,2,True,
benchmark,5364,q7_products_join_sellers,0.72679099999999996,2,True,
benchmark,5365,q8_order_items_join_products,0.68974899999999995,2,True,
benchmark,5366,q9_orders_items_products_by_user,0.184,0,True,
benchmark,5367,q10_top_sellers_qty,218.53963300000001,20,True,
benchmark,5368,q11_top_categories,0.85320799999999997,0,True,
benchmark,5369,q1_user_by_id,0.51408399999999999,1,True,
benchmark,5370,q2_all_users,33.655957999999998,200,True,
benchmark,5371,q3_user_by_login,0.85416700000000001,1,True,
benchmark,5372,q4_sellers_rating,88.739208000000005,100,True,
benchmark,5373,q5_orders_offset,5.760707,50,True,
benchmark,5374,q6_products_by_seller,0.35708299999999998,1,True,
benchmark,5375,q7_products_join_sellers,0.37683299999999997,1,True,
benchmark,5376,q8_order_items_join_products,0.40916599999999997,3,True,
benchmark,5377,q9_orders_items_products_by_user,1.617416,8,True,
benchmark,5378,q10_top_sellers_qty,166.54958999999999,20,True,
benchmark,5379,q11_top_categories,0.55525000000000002,0,True,
benchmark,5380,q1_user_by_id,0.76537500000000003,1,True,
benchmark,5381,q2_all_users,16.895458000000001,200,True,
benchmark,5382,q3_user_by_login,0.39324999999999999,1,True,
benchmark,5383,q4_sellers_rating,102.55829199999999,100,True,
benchmark,5384,q5_orders_offset,7.3956670000000004,50,True,
benchmark,5385,q6_products_by_seller,0.38525100000000001,2,True,
benchmark,5386,q7_products_join_sellers,0.31812400000000002,2,True,
benchmark,5387,q8_order_items_join_products,0.30904300000000001,3,True,
benchmark,5388,q9_orders_items_products_by_user,0.72416700000000001,5,True,
benchmark,5389,q10_top_sellers_qty,282.366378,20,True,
benchmark,5390,q11_top_categories,0.46591700000000003,0,True,
benchmark,5391,q1_user_by_id,0.56399999999999995,1,True,
benchmark,5392,q2_all_users,12.819416,200,True,
benchmark,5393,q3_user_by_login,0.59054099999999998,1,True,
benchmark,5394,q4_sellers_rating,73.085499999999996,100,True,
benchmark,5395,q5_orders_offset,6.409624,50,True,
benchmark,5396,q6_products_by_seller,0.35070800000000002,2,True,
benchmark,5397,q7_products_join_sellers,0.30529099999999998,2,True,
benchmark,5398,q8_order_items_join_products,0.42829099999999998,3,True,
benchmark,5399,q9_orders_items_products_by_user,0.093042,0,True,
benchmark,5400,q10_top_sellers_qty,184.504165,20,True,
benchmark,5401,q11_top_categories,0.52412499999999995,0,True,
benchmark,5402,q1_user_by_id,0.60087599999999997,1,True,
benchmark,5403,q2_all_users,10.736666,200,True,
benchmark,5404,q3_user_by_login,0.47395799999999999,1,True,
benchmark,5405,q4_sellers_rating,83.924499999999995,100,True,
benchmark,5406,q5_orders_offset,6.3174999999999999,50,True,
benchmark,5407,q6_products_by_seller,0.29754199999999997,0,True,
benchmark,5408,q7_products_join_sellers,0.177125,0,True,
benchmark,5409,q8_order_items_join_products,0.64749999999999996,5,True,
benchmark,5410,q9_orders_items_products_by_user,0.27620800000000001,0,True,
benchmark,5411,q10_top_sellers_qty,201.55050299999999,20,True,
benchmark,5412,q11_top_categories,0.537416,0,True,
benchmark,5413,q1_user_by_id,0.64658300000000002,1,True,
benchmark,5414,q2_all_users,36.520000000000003,200,True,
benchmark,5415,q3_user_by_login,0.61970899999999995,1,True,
benchmark,5416,q4_sellers_rating,83.747791000000007,100,True,
benchmark,5417,q5_orders_offset,6.203125,50,True,
benchmark,5418,q6_products_by_seller,0.41145799999999999,2,True,
benchmark,5419,q7_products_join_sellers,0.39770899999999998,2,True,
benchmark,5420,q8_order_items_join_products,0.42529099999999997,3,True,
benchmark,5421,q9_orders_items_products_by_user,0.82308400000000004,3,True,
benchmark,5422,q10_top_sellers_qty,133.76078699999999,20,True,
benchmark,5423,q11_top_categories,0.5625,0,True,
benchmark,5424,q1_user_by_id,0.60616700000000001,1,True,
benchmark,5425,q2_all_users,11.885166999999999,200,True,
benchmark,5426,q3_user_by_login,0.53066599999999997,1,True,
benchmark,5427,q4_sellers_rating,107.097083,100,True,
benchmark,5428,q5_orders_offset,6.5441250000000002,50,True,
benchmark,5429,q6_products_by_seller,0.46158399999999999,1,True,
benchmark,5430,q7_products_join_sellers,0.51012500000000005,1,True,
benchmark,5431,q8_order_items_join_products,0.47070699999999999,1,True,
benchmark,5432,q9_orders_items_products_by_user,0.76691699999999996,1,True,
benchmark,5433,q10_top_sellers_qty,307.090958,20,True,
benchmark,5434,q11_top_categories,0.55649999999999999,0,True,
benchmark,5435,q1_user_by_id,0.57904199999999995,1,True,
benchmark,5436,q2_all_users,17.519334000000001,200,True,
benchmark,5437,q3_user_by_login,0.78104200000000001,1,True,
benchmark,5438,q4_sellers_rating,106.279083,100,True,
benchmark,5439,q5_orders_offset,3.974542,50,True,
benchmark,5440,q6_products_by_seller,0.42083399999999999,2,True,
benchmark,5441,q7_products_join_sellers,0.47966700000000001,2,True,
benchmark,5442,q8_order_items_join_products,0.55000000000000004,1,True,
benchmark,5443,q9_orders_items_products_by_user,0.18320900000000001,0,True,
benchmark,5444,q10_top_sellers_qty,298.11608699999999,20,True,
benchmark,5445,q11_top_categories,0.58520899999999998,0,True,
benchmark,5446,q1_user_by_id,0.65754199999999996,1,True,
benchmark,5447,q2_all_users,11.9305,200,True,
benchmark,5448,q3_user_by_login,0.47179199999999999,1,True,
benchmark,5449,q4_sellers_rating,88.147291999999993,100,True,
benchmark,5450,q5_orders_offset,6.6266670000000003,50,True,
benchmark,5451,q6_products_by_seller,0.33570800000000001,0,True,
benchmark,5452,q7_products_join_sellers,0.277167,0,True,
benchmark,5453,q8_order_items_join_products,0.70058299999999996,1,True,
benchmark,5454,q9_orders_items_products_by_user,1.9922070000000001,5,True,
benchmark,5455,q10_top_sellers_qty,301.06974600000001,20,True,
benchmark,5456,q11_top_categories,0.74258400000000002,0,True,
benchmark,5457,q1_user_by_id,0.55716600000000005,1,True,
benchmark,5458,q2_all_users,12.369415999999999,200,True,
benchmark,5459,q3_user_by_login,0.566917,1,True,
benchmark,5460,q4_sellers_rating,91.198583999999997,100,True,
benchmark,5461,q5_orders_offset,6.5923340000000001,50,True,
benchmark,5462,q6_products_by_seller,0.41175,1,True,
benchmark,5463,q7_products_join_sellers,0.361292,1,True,
benchmark,5464,q8_order_items_join_products,0.356043,2,True,
benchmark,5465,q9_orders_items_products_by_user,0.28770800000000002,0,True,
benchmark,5466,q10_top_sellers_qty,118.799211,20,True,
benchmark,5467,q11_top_categories,0.57866600000000001,0,True,
benchmark,5468,q1_user_by_id,0.60499899999999995,1,True,
benchmark,5469,q2_all_users,14.411917000000001,200,True,
benchmark,5470,q3_user_by_login,0.61741699999999999,1,True,
benchmark,5471,q4_sellers_rating,124.876583,100,True,
benchmark,5472,q5_orders_offset,13.996333999999999,50,True,
benchmark,5473,q6_products_by_seller,0.34549999999999997,0,True,
benchmark,5474,q7_products_join_sellers,0.28383399999999998,0,True,
benchmark,5475,q8_order_items_join_products,0.81774999999999998,5,True,
benchmark,5476,q9_orders_items_products_by_user,0.230625,0,True,
benchmark,5477,q10_top_sellers_qty,247.29086899999999,20,True,
benchmark,5478,q11_top_categories,0.49275000000000002,0,True,
benchmark,5479,q1_user_by_id,0.50004099999999996,1,True,
benchmark,5480,q2_all_users,11.078792,200,True,
benchmark,5481,q3_user_by_login,0.57550000000000001,1,True,
benchmark,5482,q4_sellers_rating,66.708958999999993,100,True,
benchmark,5483,q5_orders_offset,6.4855409999999996,50,True,
benchmark,5484,q6_products_by_seller,0.41545799999999999,2,True,
benchmark,5485,q7_products_join_sellers,0.38420900000000002,2,True,
benchmark,5486,q8_order_items_join_products,0.33133299999999999,1,True,
benchmark,5487,q9_orders_items_products_by_user,1.1267510000000001,5,True,
benchmark,5488,q10_top_sellers_qty,226.65849399999999,20,True,
benchmark,5489,q11_top_categories,0.4965,0,True,
benchmark,5490,q1_user_by_id,0.407167,1,True,
benchmark,5491,q2_all_users,9.7368749999999995,200,True,
benchmark,5492,q3_user_by_login,0.53862500000000002,1,True,
benchmark,5493,q4_sellers_rating,86.766750000000002,100,True,
benchmark,5494,q5_orders_offset,8.1582919999999994,50,True,
benchmark,5495,q6_products_by_seller,0.25958399999999998,0,True,
benchmark,5496,q7_products_join_sellers,0.17945900000000001,0,True,
benchmark,5497,q8_order_items_join_products,1.539833,2,True,
benchmark,5498,q9_orders_items_products_by_user,1.1197919999999999,1,True,
benchmark,5499,q10_top_sellers_qty,218.94262499999999,20,True,
benchmark,5500,q11_top_categories,0.53437500000000004,0,True,
benchmark,5501,q1_user_by_id,0.58350100000000005,1,True,
benchmark,5502,q2_all_users,35.629167000000002,200,True,
benchmark,5503,q3_user_by_login,0.63295800000000002,1,True,
benchmark,5504,q4_sellers_rating,101.42125,100,True,
benchmark,5505,q5_orders_offset,5.8125830000000001,50,True,
benchmark,5506,q6_products_by_seller,0.31870799999999999,1,True,
benchmark,5507,q7_products_join_sellers,0.34720699999999999,1,True,
benchmark,5508,q8_order_items_join_products,0.35054200000000002,3,True,
benchmark,5509,q9_orders_items_products_by_user,0.29766700000000001,0,True,
benchmark,5510,q10_top_sellers_qty,172.50695999999999,20,True,
benchmark,5511,q11_top_categories,0.73183299999999996,0,True,
benchmark,5512,q1_user_by_id,0.59366699999999994,1,True,
benchmark,5513,q2_all_users,11.342708999999999,200,True,
benchmark,5514,q3_user_by_login,0.65729199999999999,1,True,
benchmark,5515,q4_sellers_rating,104.415708,100,True,
benchmark,5516,q5_orders_offset,5.5657069999999997,50,True,
benchmark,5517,q6_products_by_seller,0.60587500000000005,1,True,
benchmark,5518,q7_products_join_sellers,0.65254199999999996,1,True,
benchmark,5519,q8_order_items_join_products,0.66729099999999997,4,True,
benchmark,5520,q9_orders_items_products_by_user,2.7797499999999999,9,True,
benchmark,5521,q10_top_sellers_qty,139.34266600000001,20,True,
benchmark,5522,q11_top_categories,0.56599999999999995,0,True,
benchmark,5523,q1_user_by_id,0.30270799999999998,1,True,
benchmark,5524,q2_all_users,7.4000000000000004,200,True,
benchmark,5525,q3_user_by_login,0.55862599999999996,1,True,
benchmark,5526,q4_sellers_rating,127.425583,100,True,
benchmark,5527,q5_orders_offset,7.761876,50,True,
benchmark,5528,q6_products_by_seller,0.61112500000000003,1,True,
benchmark,5529,q7_products_join_sellers,0.71445899999999996,1,True,
benchmark,5530,q8_order_items_join_products,0.66137500000000005,2,True,
benchmark,5531,q9_orders_items_products_by_user,1.5515000000000001,3,True,
benchmark,5532,q10_top_sellers_qty,243.98012,20,True,
benchmark,5533,q11_top_categories,0.38400000000000001,0,True,
benchmark,5534,q1_user_by_id,0.22779199999999999,1,True,
benchmark,5535,q2_all_users,11.606749000000001,200,True,
benchmark,5536,q3_user_by_login,0.55462500000000003,1,True,
benchmark,5537,q4_sellers_rating,72.539957999999999,100,True,
benchmark,5538,q5_orders_offset,21.724499999999999,50,True,
benchmark,5539,q6_products_by_seller,0.609792,2,True,
benchmark,5540,q7_products_join_sellers,0.51933300000000004,2,True,
benchmark,5541,q8_order_items_join_products,0.85683399999999998,3,True,
benchmark,5542,q9_orders_items_products_by_user,0.50612500000000005,0,True,
benchmark,5543,q10_top_sellers_qty,138.93845999999999,20,True,
benchmark,5544,q11_top_categories,0.74329100000000004,0,True,
benchmark,5545,q1_user_by_id,0.60095799999999999,1,True,
benchmark,5546,q2_all_users,10.774709,200,True,
benchmark,5547,q3_user_by_login,0.458125,1,True,
benchmark,5548,q4_sellers_rating,82.927000000000007,100,True,
benchmark,5549,q5_orders_offset,6.8832079999999998,50,True,
benchmark,5550,q6_products_by_seller,0.32683400000000001,0,True,
benchmark,5551,q7_products_join_sellers,0.22850000000000001,0,True,
benchmark,5552,q8_order_items_join_products,1.9502079999999999,5,True,
benchmark,5553,q9_orders_items_products_by_user,2.487832,0,True,
benchmark,5554,q10_top_sellers_qty,174.517458,20,True,
benchmark,5555,q11_top_categories,0.46320800000000001,0,True,
benchmark,5556,q1_user_by_id,0.482875,1,True,
benchmark,5557,q2_all_users,38.788249999999998,200,True,
benchmark,5558,q3_user_by_login,0.60833300000000001,1,True,
benchmark,5559,q4_sellers_rating,103.147042,100,True,
benchmark,5560,q5_orders_offset,6.7472919999999998,50,True,
benchmark,5561,q6_products_by_seller,0.58845899999999995,1,True,
benchmark,5562,q7_products_join_sellers,0.57758399999999999,1,True,
benchmark,5563,q8_order_items_join_products,0.53529099999999996,5,True,
benchmark,5564,q9_orders_items_products_by_user,0.14887500000000001,0,True,
benchmark,5565,q10_top_sellers_qty,255.02912499999999,20,True,
benchmark,5566,q11_top_categories,0.57637499999999997,0,True,
benchmark,5567,q1_user_by_id,0.65500100000000006,1,True,
benchmark,5568,q2_all_users,12.077291000000001,200,True,
benchmark,5569,q3_user_by_login,0.57933299999999999,1,True,
benchmark,5570,q4_sellers_rating,85.202668000000003,100,True,
benchmark,5571,q5_orders_offset,6.2518750000000001,50,True,
benchmark,5572,q6_products_by_seller,0.39224900000000001,1,True,
benchmark,5573,q7_products_join_sellers,0.495085,1,True,
benchmark,5574,q8_order_items_join_products,0.71725000000000005,5,True,
benchmark,5575,q9_orders_items_products_by_user,1.0030829999999999,1,True,
benchmark,5576,q10_top_sellers_qty,283.73821400000003,20,True,
benchmark,5577,q11_top_categories,0.51045799999999997,0,True,
benchmark,5578,q1_user_by_id,0.65170799999999995,1,True,
benchmark,5579,q2_all_users,11.248666,200,True,
benchmark,5580,q3_user_by_login,0.49016700000000002,1,True,
benchmark,5581,q4_sellers_rating,74.012541999999996,100,True,
benchmark,5582,q5_orders_offset,3.9502510000000002,50,True,
benchmark,5583,q6_products_by_seller,0.41404200000000002,1,True,
benchmark,5584,q7_products_join_sellers,0.395042,1,True,
benchmark,5585,q8_order_items_join_products,0.45883299999999999,5,True,
benchmark,5586,q9_orders_items_products_by_user,1.0460400000000001,4,True,
benchmark,5587,q10_top_sellers_qty,155.72474399999999,20,True,
benchmark,5588,q11_top_categories,0.56137499999999996,0,True,
benchmark,5589,q1_user_by_id,0.67462500000000003,1,True,
benchmark,5590,q2_all_users,10.563751,200,True,
benchmark,5591,q3_user_by_login,0.58062499999999995,1,True,
benchmark,5592,q4_sellers_rating,117.553583,100,True,
benchmark,5593,q5_orders_offset,7.2977489999999996,50,True,
benchmark,5594,q6_products_by_seller,0.32366600000000001,0,True,
benchmark,5595,q7_products_join_sellers,0.21975,0,True,
benchmark,5596,q8_order_items_join_products,0.81158399999999997,5,True,
benchmark,5597,q9_orders_items_products_by_user,0.188667,0,True,
benchmark,5598,q10_top_sellers_qty,226.644498,20,True,
benchmark,5599,q11_top_categories,0.41487499999999999,0,True,
benchmark,5600,q1_user_by_id,0.81599999999999995,1,True,
benchmark,5601,q2_all_users,55.156292000000001,200,True,
benchmark,5602,q3_user_by_login,0.55529200000000001,1,True,
benchmark,5603,q4_sellers_rating,127.136043,100,True,
benchmark,5604,q5_orders_offset,5.2371670000000003,50,True,
benchmark,5605,q6_products_by_seller,0.71062400000000003,1,True,
benchmark,5606,q7_products_join_sellers,0.67979100000000003,1,True,
benchmark,5607,q8_order_items_join_products,0.69750100000000004,3,True,
benchmark,5608,q9_orders_items_products_by_user,1.30925,1,True,
benchmark,5609,q10_top_sellers_qty,141.21608499999999,20,True,
benchmark,5610,q11_top_categories,0.894042,0,True,
benchmark,5611,q1_user_by_id,0.75429199999999996,1,True,
benchmark,5612,q2_all_users,20.206125,200,True,
benchmark,5613,q3_user_by_login,0.53745900000000002,1,True,
benchmark,5614,q4_sellers_rating,60.342834000000003,100,True,
benchmark,5615,q5_orders_offset,6.7092080000000003,50,True,
benchmark,5616,q6_products_by_seller,0.45445799999999997,1,True,
benchmark,5617,q7_products_join_sellers,0.685917,1,True,
benchmark,5618,q8_order_items_join_products,0.70583200000000001,4,True,
benchmark,5619,q9_orders_items_products_by_user,0.18987499999999999,0,True,
benchmark,5620,q10_top_sellers_qty,171.74242100000001,20,True,
benchmark,5621,q11_top_categories,0.54858399999999996,0,True,
benchmark,5622,q1_user_by_id,0.61133400000000004,1,True,
benchmark,5623,q2_all_users,13.208748999999999,200,True,
benchmark,5624,q3_user_by_login,0.58491599999999999,1,True,
benchmark,5625,q4_sellers_rating,77.248416000000006,100,True,
benchmark,5626,q5_orders_offset,6.244834,50,True,
benchmark,5627,q6_products_by_seller,0.733124,4,True,
benchmark,5628,q7_products_join_sellers,0.78125,4,True,
benchmark,5629,q8_order_items_join_products,0.67674999999999996,1,True,
benchmark,5630,q9_orders_items_products_by_user,0.611375,0,True,
benchmark,5631,q10_top_sellers_qty,119.79320300000001,20,True,
benchmark,5632,q11_top_categories,0.53945799999999999,0,True,
benchmark,5633,q1_user_by_id,0.62454100000000001,1,True,
benchmark,5634,q2_all_users,11.701499,200,True,
benchmark,5635,q3_user_by_login,0.45766699999999999,1,True,
benchmark,5636,q4_sellers_rating,67.012165999999993,100,True,
benchmark,5637,q5_orders_offset,26.289124999999999,50,True,
benchmark,5638,q6_products_by_seller,0.53458300000000003,4,True,
benchmark,5639,q7_products_join_sellers,0.57700099999999999,4,True,
benchmark,5640,q8_order_items_join_products,0.483458,1,True,
benchmark,5641,q9_orders_items_products_by_user,1.0640419999999999,3,True,
benchmark,5642,q10_top_sellers_qty,168.838751,20,True,
benchmark,5643,q11_top_categories,0.48662499999999997,0,True,
benchmark,5644,q1_user_by_id,0.58558299999999996,1,True,
benchmark,5645,q2_all_users,9.138916,200,True,
benchmark,5646,q3_user_by_login,0.62329100000000004,1,True,
benchmark,5647,q4_sellers_rating,91.768709999999999,100,True,
benchmark,5648,q5_orders_offset,6.5444990000000001,50,True,
benchmark,5649,q6_products_by_seller,0.42474899999999999,2,True,
benchmark,5650,q7_products_join_sellers,0.41466500000000001,2,True,
benchmark,5651,q8_order_items_join_products,0.41379100000000002,5,True,
benchmark,5652,q9_orders_items_products_by_user,0.486209,0,True,
benchmark,5653,q10_top_sellers_qty,142.53500099999999,20,True,
benchmark,5654,q11_top_categories,0.50924999999999998,0,True,
benchmark,5655,q1_user_by_id,0.53658399999999995,1,True,
benchmark,5656,q2_all_users,12.341917,200,True,
benchmark,5657,q3_user_by_login,0.54687600000000003,1,True,
benchmark,5658,q4_sellers_rating,65.159750000000003,100,True,
benchmark,5659,q5_orders_offset,6.7009169999999996,50,True,
benchmark,5660,q6_products_by_seller,0.22770899999999999,0,True,
benchmark,5661,q7_products_join_sellers,0.10229100000000001,0,True,
benchmark,5662,q8_order_items_join_products,0.340916,5,True,
benchmark,5663,q9_orders_items_products_by_user,0.091666999999999998,0,True,
benchmark,5664,q10_top_sellers_qty,122.868458,20,True,
benchmark,5665,q11_top_categories,0.54104200000000002,0,True,
benchmark,5666,q1_user_by_id,0.63091600000000003,1,True,
benchmark,5667,q2_all_users,11.221625,200,True,
benchmark,5668,q3_user_by_login,0.57870900000000003,1,True,
benchmark,5669,q4_sellers_rating,75.948458000000002,100,True,
benchmark,5670,q5_orders_offset,5.6256659999999998,50,True,
benchmark,5671,q6_products_by_seller,0.32112499999999999,0,True,
benchmark,5672,q7_products_join_sellers,0.24820900000000001,0,True,
benchmark,5673,q8_order_items_join_products,0.99691600000000002,1,True,
benchmark,5674,q9_orders_items_products_by_user,0.24049999999999999,0,True,
benchmark,5675,q10_top_sellers_qty,245.98758599999999,20,True,
benchmark,5676,q11_top_categories,0.80233299999999996,0,True,
benchmark,5677,q1_user_by_id,0.46720800000000001,1,True,
benchmark,5678,q2_all_users,6.8591240000000004,200,True,
benchmark,5679,q3_user_by_login,0.533501,1,True,
benchmark,5680,q4_sellers_rating,64.979833999999997,100,True,
benchmark,5681,q5_orders_offset,5.6838749999999996,50,True,
benchmark,5682,q6_products_by_seller,0.44083299999999997,1,True,
benchmark,5683,q7_products_join_sellers,0.51316799999999996,1,True,
benchmark,5684,q8_order_items_join_products,0.58845800000000004,5,True,
benchmark,5685,q9_orders_items_products_by_user,0.41833300000000001,0,True,
benchmark,5686,q10_top_sellers_qty,186.07629800000001,20,True,
benchmark,5687,q11_top_categories,0.49391699999999999,0,True,
benchmark,5688,q1_user_by_id,0.58354300000000003,1,True,
benchmark,5689,q2_all_users,32.575499999999998,200,True,
benchmark,5690,q3_user_by_login,0.67195800000000006,1,True,
benchmark,5691,q4_sellers_rating,73.828666999999996,100,True,
benchmark,5692,q5_orders_offset,6.6004170000000002,50,True,
benchmark,5693,q6_products_by_seller,0.31154100000000001,0,True,
benchmark,5694,q7_products_join_sellers,0.234375,0,True,
benchmark,5695,q8_order_items_join_products,0.64066699999999999,1,True,
benchmark,5696,q9_orders_items_products_by_user,0.66533299999999995,0,True,
benchmark,5697,q10_top_sellers_qty,172.23258100000001,20,True,
benchmark,5698,q11_top_categories,1.1629160000000001,0,True,
benchmark,5699,q1_user_by_id,0.71999999999999997,1,True,
benchmark,5700,q2_all_users,11.304207999999999,200,True,
benchmark,5701,q3_user_by_login,0.61012500000000003,1,True,
benchmark,5702,q4_sellers_rating,68.146916000000004,100,True,
benchmark,5703,q5_orders_offset,7.7676670000000003,50,True,
benchmark,5704,q6_products_by_seller,0.22500000000000001,0,True,
benchmark,5705,q7_products_join_sellers,0.145542,0,True,
benchmark,5706,q8_order_items_join_products,0.42675000000000002,2,True,
benchmark,5707,q9_orders_items_products_by_user,0.112125,0,True,
benchmark,5708,q10_top_sellers_qty,337.49949900000001,20,True,
benchmark,5709,q11_top_categories,0.58754200000000001,0,True,
benchmark,5710,q1_user_by_id,0.61424999999999996,1,True,
benchmark,5711,q2_all_users,11.291957999999999,200,True,
benchmark,5712,q3_user_by_login,0.53662500000000002,1,True,
benchmark,5713,q4_sellers_rating,95.058666000000002,100,True,
benchmark,5714,q5_orders_offset,6.6989580000000002,50,True,
benchmark,5715,q6_products_by_seller,0.57983399999999996,3,True,
benchmark,5716,q7_products_join_sellers,0.771374,3,True,
benchmark,5717,q8_order_items_join_products,0.74749900000000002,3,True,
benchmark,5718,q9_orders_items_products_by_user,1.2003740000000001,2,True,
benchmark,5719,q10_top_sellers_qty,244.929169,20,True,
benchmark,5720,q11_top_categories,0.57050000000000001,0,True,
benchmark,5721,q1_user_by_id,0.58387500000000003,1,True,
benchmark,5722,q2_all_users,11.564624999999999,200,True,
benchmark,5723,q3_user_by_login,0.521208,1,True,
benchmark,5724,q4_sellers_rating,89.778208000000006,100,True,
benchmark,5725,q5_orders_offset,5.0232910000000004,50,True,
benchmark,5726,q6_products_by_seller,0.42033399999999999,0,True,
benchmark,5727,q7_products_join_sellers,0.31966699999999998,0,True,
benchmark,5728,q8_order_items_join_products,0.82541699999999996,3,True,
benchmark,5729,q9_orders_items_products_by_user,0.20200000000000001,0,True,
benchmark,5730,q10_top_sellers_qty,271.85633300000001,20,True,
benchmark,5731,q11_top_categories,0.418209,0,True,
benchmark,5732,q1_user_by_id,0.52620800000000001,1,True,
benchmark,5733,q2_all_users,32.663207999999997,200,True,
benchmark,5734,q3_user_by_login,0.47145799999999999,1,True,
benchmark,5735,q4_sellers_rating,52.213251,100,True,
benchmark,5736,q5_orders_offset,5.5569160000000002,50,True,
benchmark,5737,q6_products_by_seller,0.71695900000000001,1,True,
benchmark,5738,q7_products_join_sellers,0.245833,1,True,
benchmark,5739,q8_order_items_join_products,0.27583400000000002,2,True,
benchmark,5740,q9_orders_items_products_by_user,0.093375,0,True,
benchmark,5741,q10_top_sellers_qty,162.60255100000001,20,True,
benchmark,5742,q11_top_categories,0.51445799999999997,0,True,
benchmark,5743,q1_user_by_id,0.60075000000000001,1,True,
benchmark,5744,q2_all_users,11.454332000000001,200,True,
benchmark,5745,q3_user_by_login,0.654667,1,True,
benchmark,5746,q4_sellers_rating,97.215040999999999,100,True,
benchmark,5747,q5_orders_offset,6.4021249999999998,50,True,
benchmark,5748,q6_products_by_seller,0.22029199999999999,0,True,
benchmark,5749,q7_products_join_sellers,0.15187500000000001,0,True,
benchmark,5750,q8_order_items_join_products,0.44637500000000002,4,True,
benchmark,5751,q9_orders_items_products_by_user,0.1125,0,True,
benchmark,5752,q10_top_sellers_qty,235.83204000000001,20,True,
benchmark,5753,q11_top_categories,0.62066600000000005,0,True,
benchmark,5754,q1_user_by_id,0.48545899999999997,1,True,
benchmark,5755,q2_all_users,11.439333,200,True,
benchmark,5756,q3_user_by_login,0.50762600000000002,1,True,
benchmark,5757,q4_sellers_rating,95.845500000000001,100,True,
benchmark,5758,q5_orders_offset,6.4373329999999997,50,True,
benchmark,5759,q6_products_by_seller,0.21770800000000001,0,True,
benchmark,5760,q7_products_join_sellers,0.20391699999999999,0,True,
benchmark,5761,q8_order_items_join_products,0.73462499999999997,5,True,
benchmark,5762,q9_orders_items_products_by_user,3.2103760000000001,9,True,
benchmark,5763,q10_top_sellers_qty,152.29462599999999,20,True,
benchmark,5764,q11_top_categories,0.66087499999999999,0,True,
benchmark,5765,q1_user_by_id,1.1449579999999999,1,True,
benchmark,5766,q2_all_users,11.255458000000001,200,True,
benchmark,5767,q3_user_by_login,0.62983299999999998,1,True,
benchmark,5768,q4_sellers_rating,94.873667999999995,100,True,
benchmark,5769,q5_orders_offset,6.0528750000000002,50,True,
benchmark,5770,q6_products_by_seller,0.36737500000000001,0,True,
benchmark,5771,q7_products_join_sellers,0.30845899999999998,0,True,
benchmark,5772,q8_order_items_join_products,0.82104100000000002,5,True,
benchmark,5773,q9_orders_items_products_by_user,0.202959,0,True,
benchmark,5774,q10_top_sellers_qty,205.36312599999999,20,True,
benchmark,5775,q11_top_categories,0.44274999999999998,0,True,
benchmark,5776,q1_user_by_id,0.52075000000000005,1,True,
benchmark,5777,q2_all_users,12.070209,200,True,
benchmark,5778,q3_user_by_login,0.83450000000000002,1,True,
benchmark,5779,q4_sellers_rating,74.512040999999996,100,True,
benchmark,5780,q5_orders_offset,6.2441240000000002,50,True,
benchmark,5781,q6_products_by_seller,0.358375,0,True,
benchmark,5782,q7_products_join_sellers,0.30554199999999998,0,True,
benchmark,5783,q8_order_items_join_products,0.71737499999999998,1,True,
benchmark,5784,q9_orders_items_products_by_user,1.1727510000000001,3,True,
benchmark,5785,q10_top_sellers_qty,95.994291000000004,20,True,
benchmark,5786,q11_top_categories,0.40008300000000002,0,True,
benchmark,5787,q1_user_by_id,0.51041599999999998,1,True,
benchmark,5788,q2_all_users,41.675249999999998,200,True,
benchmark,5789,q3_user_by_login,0.62929199999999996,1,True,
benchmark,5790,q4_sellers_rating,67.387249999999995,100,True,
benchmark,5791,q5_orders_offset,6.7480000000000002,50,True,
benchmark,5792,q6_products_by_seller,0.52333399999999997,1,True,
benchmark,5793,q7_products_join_sellers,0.32200000000000001,1,True,
benchmark,5794,q8_order_items_join_products,0.28641699999999998,2,True,
benchmark,5795,q9_orders_items_products_by_user,0.41549999999999998,1,True,
benchmark,5796,q10_top_sellers_qty,277.40304300000003,20,True,
benchmark,5797,q11_top_categories,0.450125,0,True,
benchmark,5798,q1_user_by_id,0.47787499999999999,1,True,
benchmark,5799,q2_all_users,12.177875,200,True,
benchmark,5800,q3_user_by_login,0.54058399999999995,1,True,
benchmark,5801,q4_sellers_rating,64.310708000000005,100,True,
benchmark,5802,q5_orders_offset,6.0476669999999997,50,True,
benchmark,5803,q6_products_by_seller,0.44887500000000002,1,True,
benchmark,5804,q7_products_join_sellers,0.46800000000000003,1,True,
benchmark,5805,q8_order_items_join_products,0.56520800000000004,5,True,
benchmark,5806,q9_orders_items_products_by_user,0.87275100000000005,2,True,
benchmark,5807,q10_top_sellers_qty,316.56049899999999,20,True,
benchmark,5808,q11_top_categories,0.51070800000000005,0,True,
benchmark,5809,q1_user_by_id,0.57879199999999997,1,True,
benchmark,5810,q2_all_users,11.864208,200,True,
benchmark,5811,q3_user_by_login,0.50954200000000005,1,True,
benchmark,5812,q4_sellers_rating,76.211083000000002,100,True,
benchmark,5813,q5_orders_offset,6.0106669999999998,50,True,
benchmark,5814,q6_products_by_seller,0.31754199999999999,0,True,
benchmark,5815,q7_products_join_sellers,0.204125,0,True,
benchmark,5816,q8_order_items_join_products,0.61216599999999999,4,True,
benchmark,5817,q9_orders_items_products_by_user,0.47212500000000002,0,True,
benchmark,5818,q10_top_sellers_qty,243.10203899999999,20,True,
benchmark,5819,q11_top_categories,0.43470900000000001,0,True,
benchmark,5820,q1_user_by_id,0.53983300000000001,1,True,
benchmark,5821,q2_all_users,10.158917000000001,200,True,
benchmark,5822,q3_user_by_login,0.68783399999999995,1,True,
benchmark,5823,q4_sellers_rating,68.445751000000001,100,True,
benchmark,5824,q5_orders_offset,5.9347500000000002,50,True,
benchmark,5825,q6_products_by_seller,0.37329099999999998,2,True,
benchmark,5826,q7_products_join_sellers,0.37029200000000001,2,True,
benchmark,5827,q8_order_items_join_products,0.36766700000000002,2,True,
benchmark,5828,q9_orders_items_products_by_user,0.52129300000000001,1,True,
benchmark,5829,q10_top_sellers_qty,222.637047,20,True,
benchmark,5830,q11_top_categories,0.521791,0,True,
benchmark,5831,q1_user_by_id,0.53041700000000003,1,True,
benchmark,5832,q2_all_users,9.4129579999999997,200,True,
benchmark,5833,q3_user_by_login,0.65045799999999998,1,True,
benchmark,5834,q4_sellers_rating,75.147209000000004,100,True,
benchmark,5835,q5_orders_offset,6.6269580000000001,50,True,
benchmark,5836,q6_products_by_seller,0.25954199999999999,0,True,
benchmark,5837,q7_products_join_sellers,0.19408400000000001,0,True,
benchmark,5838,q8_order_items_join_products,0.57654099999999997,3,True,
benchmark,5839,q9_orders_items_products_by_user,0.142375,0,True,
benchmark,5840,q10_top_sellers_qty,272.85978499999999,20,True,
benchmark,5841,q11_top_categories,0.38554100000000002,0,True,
benchmark,5842,q1_user_by_id,0.52608299999999997,1,True,
benchmark,5843,q2_all_users,11.129417,200,True,
benchmark,5844,q3_user_by_login,0.420958,1,True,
benchmark,5845,q4_sellers_rating,72.896040999999997,100,True,
benchmark,5846,q5_orders_offset,3.7495829999999999,50,True,
benchmark,5847,q6_products_by_seller,0.43779200000000001,1,True,
benchmark,5848,q7_products_join_sellers,0.38450000000000001,1,True,
benchmark,5849,q8_order_items_join_products,0.407833,4,True,
benchmark,5850,q9_orders_items_products_by_user,0.53095899999999996,1,True,
benchmark,5851,q10_top_sellers_qty,125.523336,20,True,
benchmark,5852,q11_top_categories,0.464167,0,True,
benchmark,5853,q1_user_by_id,0.812917,1,True,
benchmark,5854,q2_all_users,17.465416999999999,200,True,
benchmark,5855,q3_user_by_login,0.57704100000000003,1,True,
benchmark,5856,q4_sellers_rating,69.290250999999998,100,True,
benchmark,5857,q5_orders_offset,6.5004169999999997,50,True,
benchmark,5858,q6_products_by_seller,0.43062499999999998,1,True,
benchmark,5859,q7_products_join_sellers,0.46679100000000001,1,True,
benchmark,5860,q8_order_items_join_products,0.510625,1,True,
benchmark,5861,q9_orders_items_products_by_user,0.42904199999999998,0,True,
benchmark,5862,q10_top_sellers_qty,235.88924600000001,20,True,
benchmark,5863,q11_top_categories,0.33562500000000001,0,True,
benchmark,5864,q1_user_by_id,0.46179199999999998,1,True,
benchmark,5865,q2_all_users,8.8841249999999992,200,True,
benchmark,5866,q3_user_by_login,0.46491700000000002,1,True,
benchmark,5867,q4_sellers_rating,86.265165999999994,100,True,
benchmark,5868,q5_orders_offset,4.4673759999999998,50,True,
benchmark,5869,q6_products_by_seller,0.39662500000000001,1,True,
benchmark,5870,q7_products_join_sellers,0.44045899999999999,1,True,
benchmark,5871,q8_order_items_join_products,0.59145800000000004,3,True,
benchmark,5872,q9_orders_items_products_by_user,0.152917,0,True,
benchmark,5873,q10_top_sellers_qty,142.25637900000001,20,True,
benchmark,5874,q11_top_categories,0.546292,0,True,
benchmark,5875,q1_user_by_id,0.59566699999999995,1,True,
benchmark,5876,q2_all_users,11.969875,200,True,
benchmark,5877,q3_user_by_login,0.58174899999999996,1,True,
benchmark,5878,q4_sellers_rating,84.376918000000003,100,True,
benchmark,5879,q5_orders_offset,6.6339160000000001,50,True,
benchmark,5880,q6_products_by_seller,0.42954199999999998,1,True,
benchmark,5881,q7_products_join_sellers,0.64154199999999995,1,True,
benchmark,5882,q8_order_items_join_products,0.311917,5,True,
benchmark,5883,q9_orders_items_products_by_user,0.17133300000000001,0,True,
benchmark,5884,q10_top_sellers_qty,165.617794,20,True,
benchmark,5885,q11_top_categories,0.390125,0,True,
benchmark,5886,q1_user_by_id,0.47924899999999998,1,True,
benchmark,5887,q2_all_users,6.1866669999999999,200,True,
benchmark,5888,q3_user_by_login,0.32241700000000001,1,True,
benchmark,5889,q4_sellers_rating,68.318083000000001,100,True,
benchmark,5890,q5_orders_offset,5.1633750000000003,50,True,
benchmark,5891,q6_products_by_seller,0.48762499999999998,1,True,
benchmark,5892,q7_products_join_sellers,0.55700099999999997,1,True,
benchmark,5893,q8_order_items_join_products,0.467001,2,True,
benchmark,5894,q9_orders_items_products_by_user,0.74987499999999996,0,True,
benchmark,5895,q10_top_sellers_qty,106.736166,20,True,
benchmark,5896,q11_top_categories,0.533833,0,True,
benchmark,5897,q1_user_by_id,0.532833,1,True,
benchmark,5898,q2_all_users,13.154375,200,True,
benchmark,5899,q3_user_by_login,0.59645800000000004,1,True,
benchmark,5900,q4_sellers_rating,98.308291999999994,100,True,
benchmark,5901,q5_orders_offset,5.8125410000000004,50,True,
benchmark,5902,q6_products_by_seller,0.53370899999999999,0,True,
benchmark,5903,q7_products_join_sellers,0.19362499999999999,0,True,
benchmark,5904,q8_order_items_join_products,0.48979299999999998,3,True,
benchmark,5905,q9_orders_items_products_by_user,2.3470409999999999,6,True,
benchmark,5906,q10_top_sellers_qty,179.376161,20,True,
benchmark,5907,q11_top_categories,0.45424999999999999,0,True,
benchmark,5908,q1_user_by_id,0.58054099999999997,1,True,
benchmark,5909,q2_all_users,11.633334,200,True,
benchmark,5910,q3_user_by_login,0.54954199999999997,1,True,
benchmark,5911,q4_sellers_rating,89.959708000000006,100,True,
benchmark,5912,q5_orders_offset,21.994166,50,True,
benchmark,5913,q6_products_by_seller,0.29770799999999997,0,True,
benchmark,5914,q7_products_join_sellers,0.34737499999999999,0,True,
benchmark,5915,q8_order_items_join_products,0.79916600000000004,5,True,
benchmark,5916,q9_orders_items_products_by_user,0.63891699999999996,0,True,
benchmark,5917,q10_top_sellers_qty,247.613923,20,True,
benchmark,5918,q11_top_categories,0.526667,0,True,
benchmark,5919,q1_user_by_id,0.63616700000000004,1,True,
benchmark,5920,q2_all_users,8.3758330000000001,200,True,
benchmark,5921,q3_user_by_login,0.71183300000000005,1,True,
benchmark,5922,q4_sellers_rating,69.578209000000001,100,True,
benchmark,5923,q5_orders_offset,6.5233340000000002,50,True,
benchmark,5924,q6_products_by_seller,0.54666700000000001,3,True,
benchmark,5925,q7_products_join_sellers,0.529667,3,True,
benchmark,5926,q8_order_items_join_products,0.52429099999999995,2,True,
benchmark,5927,q9_orders_items_products_by_user,1.5876269999999999,5,True,
benchmark,5928,q10_top_sellers_qty,104.547411,20,True,
benchmark,5929,q11_top_categories,0.56100000000000005,0,True,
benchmark,5930,q1_user_by_id,0.56416599999999995,1,True,
benchmark,5931,q2_all_users,12.352499999999999,200,True,
benchmark,5932,q3_user_by_login,0.65262600000000004,1,True,
benchmark,5933,q4_sellers_rating,109.738209,100,True,
benchmark,5934,q5_orders_offset,4.4444999999999997,50,True,
benchmark,5935,q6_products_by_seller,0.38779200000000003,1,True,
benchmark,5936,q7_products_join_sellers,0.44841700000000001,1,True,
benchmark,5937,q8_order_items_join_products,0.50575000000000003,3,True,
benchmark,5938,q9_orders_items_products_by_user,0.97145800000000004,2,True,
benchmark,5939,q10_top_sellers_qty,63.723384000000003,20,True,
benchmark,5940,q11_top_categories,0.53212499999999996,0,True,
benchmark,5941,q1_user_by_id,0.79937599999999998,1,True,
benchmark,5942,q2_all_users,16.348541999999998,200,True,
benchmark,5943,q3_user_by_login,0.63812500000000005,1,True,
benchmark,5944,q4_sellers_rating,103.460166,100,True,
benchmark,5945,q5_orders_offset,7.5965829999999999,50,True,
benchmark,5946,q6_products_by_seller,0.61787499999999995,2,True,
benchmark,5947,q7_products_join_sellers,0.675292,2,True,
benchmark,5948,q8_order_items_join_products,0.77795800000000004,5,True,
benchmark,5949,q9_orders_items_products_by_user,1.175125,1,True,
benchmark,5950,q10_top_sellers_qty,288.43704200000002,20,True,
benchmark,5951,q11_top_categories,0.58033299999999999,0,True,
benchmark,5952,q1_user_by_id,0.592333,1,True,
benchmark,5953,q2_all_users,12.297750000000001,200,True,
benchmark,5954,q3_user_by_login,0.68499900000000002,1,True,
benchmark,5955,q4_sellers_rating,109.168334,100,True,
benchmark,5956,q5_orders_offset,6.4672919999999996,50,True,
benchmark,5957,q6_products_by_seller,0.52804099999999998,1,True,
benchmark,5958,q7_products_join_sellers,0.58912500000000001,1,True,
benchmark,5959,q8_order_items_join_products,0.40554200000000001,1,True,
benchmark,5960,q9_orders_items_products_by_user,1.069002,4,True,
benchmark,5961,q10_top_sellers_qty,112.67154600000001,20,True,
benchmark,5962,q11_top_categories,0.51112500000000005,0,True,
benchmark,5963,q1_user_by_id,0.55220800000000003,1,True,
benchmark,5964,q2_all_users,9.8806250000000002,200,True,
benchmark,5965,q3_user_by_login,0.52345900000000001,1,True,
benchmark,5966,q4_sellers_rating,88.647250999999997,100,True,
benchmark,5967,q5_orders_offset,8.4114170000000001,50,True,
benchmark,5968,q6_products_by_seller,0.33570899999999998,0,True,
benchmark,5969,q7_products_join_sellers,0.27754200000000001,0,True,
benchmark,5970,q8_order_items_join_products,0.732375,3,True,
benchmark,5971,q9_orders_items_products_by_user,3.5306660000000001,8,True,
benchmark,5972,q10_top_sellers_qty,149.20582899999999,20,True,
benchmark,5973,q11_top_categories,1.3635409999999999,0,True,
benchmark,5974,q1_user_by_id,0.74658400000000003,1,True,
benchmark,5975,q2_all_users,7.6367079999999996,200,True,
benchmark,5976,q3_user_by_login,0.88108299999999995,1,True,
benchmark,5977,q4_sellers_rating,90.342207999999999,100,True,
benchmark,5978,q5_orders_offset,6.347874,50,True,
benchmark,5979,q6_products_by_seller,0.28749999999999998,0,True,
benchmark,5980,q7_products_join_sellers,0.23283300000000001,0,True,
benchmark,5981,q8_order_items_join_products,0.67320800000000003,1,True,
benchmark,5982,q9_orders_items_products_by_user,0.20874999999999999,0,True,
benchmark,5983,q10_top_sellers_qty,114.836709,20,True,
benchmark,5984,q11_top_categories,0.582125,0,True,
benchmark,5985,q1_user_by_id,0.676709,1,True,
benchmark,5986,q2_all_users,11.667458,200,True,
benchmark,5987,q3_user_by_login,0.46795799999999999,1,True,
benchmark,5988,q4_sellers_rating,91.628291000000004,100,True,
benchmark,5989,q5_orders_offset,5.6771659999999997,50,True,
benchmark,5990,q6_products_by_seller,0.36712400000000001,1,True,
benchmark,5991,q7_products_join_sellers,0.30745800000000001,1,True,
benchmark,5992,q8_order_items_join_products,0.28912500000000002,3,True,
benchmark,5993,q9_orders_items_products_by_user,0.079583000000000001,0,True,
benchmark,5994,q10_top_sellers_qty,279.75703900000002,20,True,
benchmark,5995,q11_top_categories,0.754417,0,True,
benchmark,5996,q1_user_by_id,0.54654100000000005,1,True,
benchmark,5997,q2_all_users,9.3673330000000004,200,True,
benchmark,5998,q3_user_by_login,0.51516600000000001,1,True,
benchmark,5999,q4_sellers_rating,69.475126000000003,100,True,
benchmark,6000,q5_orders_offset,6.6289160000000003,50,True,
benchmark,6001,q6_products_by_seller,0.47304200000000002,3,True,
benchmark,6002,q7_products_join_sellers,0.53179100000000001,3,True,
benchmark,6003,q8_order_items_join_products,0.482792,2,True,
benchmark,6004,q9_orders_items_products_by_user,0.14308299999999999,0,True,
benchmark,6005,q10_top_sellers_qty,159.88716700000001,20,True,
benchmark,6006,q11_top_categories,0.55062500000000003,0,True,
benchmark,6007,q1_user_by_id,0.654501,1,True,
benchmark,6008,q2_all_users,11.539458,200,True,
benchmark,6009,q3_user_by_login,0.44787399999999999,1,True,
benchmark,6010,q4_sellers_rating,64.274456999999998,100,True,
benchmark,6011,q5_orders_offset,6.6082090000000004,50,True,
benchmark,6012,q6_products_by_seller,0.60420799999999997,1,True,
benchmark,6013,q7_products_join_sellers,0.37137399999999998,1,True,
benchmark,6014,q8_order_items_join_products,0.317417,1,True,
benchmark,6015,q9_orders_items_products_by_user,1.6043339999999999,9,True,
benchmark,6016,q10_top_sellers_qty,211.71212,20,True,
benchmark,6017,q11_top_categories,0.56433299999999997,0,True,
benchmark,6018,q1_user_by_id,0.52291600000000005,1,True,
benchmark,6019,q2_all_users,11.302167000000001,200,True,
benchmark,6020,q3_user_by_login,0.56254099999999996,1,True,
benchmark,6021,q4_sellers_rating,94.322500000000005,100,True,
benchmark,6022,q5_orders_offset,5.6091670000000002,50,True,
benchmark,6023,q6_products_by_seller,0.21995799999999999,0,True,
benchmark,6024,q7_products_join_sellers,0.158334,0,True,
benchmark,6025,q8_order_items_join_products,0.42075000000000001,2,True,
benchmark,6026,q9_orders_items_products_by_user,0.32183299999999998,0,True,
benchmark,6027,q10_top_sellers_qty,192.566834,20,True,
benchmark,6028,q11_top_categories,0.69341699999999995,0,True,
benchmark,6029,q1_user_by_id,0.57520800000000005,1,True,
benchmark,6030,q2_all_users,14.435708,200,True,
benchmark,6031,q3_user_by_login,0.582125,1,True,
benchmark,6032,q4_sellers_rating,71.067417000000006,100,True,
benchmark,6033,q5_orders_offset,5.2545419999999998,50,True,
benchmark,6034,q6_products_by_seller,0.219333,0,True,
benchmark,6035,q7_products_join_sellers,0.14474999999999999,0,True,
benchmark,6036,q8_order_items_join_products,0.410667,2,True,
benchmark,6037,q9_orders_items_products_by_user,0.76437600000000006,2,True,
benchmark,6038,q10_top_sellers_qty,170.129336,20,True,
benchmark,6039,q11_top_categories,0.46066600000000002,0,True,
benchmark,6040,q1_user_by_id,0.57399999999999995,1,True,
benchmark,6041,q2_all_users,9.5459580000000006,200,True,
benchmark,6042,q3_user_by_login,0.589167,1,True,
benchmark,6043,q4_sellers_rating,66.076209000000006,100,True,
benchmark,6044,q5_orders_offset,6.4132499999999997,50,True,
benchmark,6045,q6_products_by_seller,0.34545900000000002,1,True,
benchmark,6046,q7_products_join_sellers,0.33929100000000001,1,True,
benchmark,6047,q8_order_items_join_products,0.30504300000000001,2,True,
benchmark,6048,q9_orders_items_products_by_user,0.094375000000000001,0,True,
benchmark,6049,q10_top_sellers_qty,304.49821600000001,20,True,
benchmark,6050,q11_top_categories,0.49133300000000002,0,True,
benchmark,6051,q1_user_by_id,0.54620800000000003,1,True,
benchmark,6052,q2_all_users,11.504583999999999,200,True,
benchmark,6053,q3_user_by_login,0.57616599999999996,1,True,
benchmark,6054,q4_sellers_rating,88.464667000000006,100,True,
benchmark,6055,q5_orders_offset,6.0867909999999998,50,True,
benchmark,6056,q6_products_by_seller,0.85375000000000001,2,True,
benchmark,6057,q7_products_join_sellers,0.84737499999999999,2,True,
benchmark,6058,q8_order_items_join_products,0.75720799999999999,5,True,
benchmark,6059,q9_orders_items_products_by_user,0.65245799999999998,0,True,
benchmark,6060,q10_top_sellers_qty,225.58099899999999,20,True,
benchmark,6061,q11_top_categories,0.44908300000000001,0,True,
benchmark,6062,q1_user_by_id,0.515876,1,True,
benchmark,6063,q2_all_users,11.279042,200,True,
benchmark,6064,q3_user_by_login,0.56958399999999998,1,True,
benchmark,6065,q4_sellers_rating,82.404248999999993,100,True,
benchmark,6066,q5_orders_offset,5.6324579999999997,50,True,
benchmark,6067,q6_products_by_seller,0.29029199999999999,0,True,
benchmark,6068,q7_products_join_sellers,0.21170800000000001,0,True,
benchmark,6069,q8_order_items_join_products,0.58508199999999999,4,True,
benchmark,6070,q9_orders_items_products_by_user,0.138375,0,True,
benchmark,6071,q10_top_sellers_qty,120.978419,20,True,
benchmark,6072,q11_top_categories,0.56916699999999998,0,True,
benchmark,6073,q1_user_by_id,0.57104100000000002,1,True,
benchmark,6074,q2_all_users,13.323458,200,True,
benchmark,6075,q3_user_by_login,0.57379199999999997,1,True,
benchmark,6076,q4_sellers_rating,89.257958000000002,100,True,
benchmark,6077,q5_orders_offset,5.2149989999999997,50,True,
benchmark,6078,q6_products_by_seller,0.32866699999999999,0,True,
benchmark,6079,q7_products_join_sellers,0.24058299999999999,0,True,
benchmark,6080,q8_order_items_join_products,0.77762500000000001,5,True,
benchmark,6081,q9_orders_items_products_by_user,1.3035410000000001,1,True,
benchmark,6082,q10_top_sellers_qty,188.34737100000001,20,True,
benchmark,6083,q11_top_categories,0.39770800000000001,0,True,
benchmark,6084,q1_user_by_id,0.56366700000000003,1,True,
benchmark,6085,q2_all_users,10.729666999999999,200,True,
benchmark,6086,q3_user_by_login,0.46641700000000003,1,True,
benchmark,6087,q4_sellers_rating,81.186459999999997,100,True,
benchmark,6088,q5_orders_offset,5.4283340000000004,50,True,
benchmark,6089,q6_products_by_seller,0.40104200000000001,2,True,
benchmark,6090,q7_products_join_sellers,0.35383300000000001,2,True,
benchmark,6091,q8_order_items_join_products,0.43270900000000001,3,True,
benchmark,6092,q9_orders_items_products_by_user,0.473416,0,True,
benchmark,6093,q10_top_sellers_qty,234.979085,20,True,
benchmark,6094,q11_top_categories,0.93566700000000003,0,True,
benchmark,6095,q1_user_by_id,0.81266700000000003,1,True,
benchmark,6096,q2_all_users,15.170334,200,True,
benchmark,6097,q3_user_by_login,0.48349999999999999,1,True,
benchmark,6098,q4_sellers_rating,68.801292000000004,100,True,
benchmark,6099,q5_orders_offset,6.1243749999999997,50,True,
benchmark,6100,q6_products_by_seller,0.69220800000000005,2,True,
benchmark,6101,q7_products_join_sellers,0.435834,2,True,
benchmark,6102,q8_order_items_join_products,31.175667000000001,3,True,
benchmark,6103,q9_orders_items_products_by_user,0.77229199999999998,0,True,
benchmark,6104,q10_top_sellers_qty,248.52624800000001,20,True,
benchmark,6105,q11_top_categories,0.50924999999999998,0,True,
benchmark,6106,q1_user_by_id,0.43679200000000001,1,True,
benchmark,6107,q2_all_users,8.7534159999999996,200,True,
benchmark,6108,q3_user_by_login,0.38387500000000002,1,True,
benchmark,6109,q4_sellers_rating,54.686708000000003,100,True,
benchmark,6110,q5_orders_offset,5.2804169999999999,50,True,
benchmark,6111,q6_products_by_seller,0.46770899999999999,1,True,
benchmark,6112,q7_products_join_sellers,0.50895699999999999,1,True,
benchmark,6113,q8_order_items_join_products,0.52308299999999996,2,True,
benchmark,6114,q9_orders_items_products_by_user,0.14754200000000001,0,True,
benchmark,6115,q10_top_sellers_qty,236.319335,20,True,
benchmark,6116,q11_top_categories,0.62433399999999994,0,True,
benchmark,6117,q1_user_by_id,0.63237600000000005,1,True,
benchmark,6118,q2_all_users,11.868459,200,True,
benchmark,6119,q3_user_by_login,0.52154199999999995,1,True,
benchmark,6120,q4_sellers_rating,80.892166000000003,100,True,
benchmark,6121,q5_orders_offset,5.5747499999999999,50,True,
benchmark,6122,q6_products_by_seller,0.35029300000000002,1,True,
benchmark,6123,q7_products_join_sellers,0.35833399999999999,1,True,
benchmark,6124,q8_order_items_join_products,0.37645800000000001,5,True,
benchmark,6125,q9_orders_items_products_by_user,0.95291700000000001,5,True,
benchmark,6126,q10_top_sellers_qty,146.65028899999999,20,True,
benchmark,6127,q11_top_categories,0.52804200000000001,0,True,
benchmark,6128,q1_user_by_id,0.77691699999999997,1,True,
benchmark,6129,q2_all_users,10.189667,200,True,
benchmark,6130,q3_user_by_login,0.53245699999999996,1,True,
benchmark,6131,q4_sellers_rating,71.287582999999998,100,True,
benchmark,6132,q5_orders_offset,4.4880839999999997,50,True,
benchmark,6133,q6_products_by_seller,0.22650000000000001,0,True,
benchmark,6134,q7_products_join_sellers,0.14654200000000001,0,True,
benchmark,6135,q8_order_items_join_products,0.43179099999999998,4,True,
benchmark,6136,q9_orders_items_products_by_user,1.0095829999999999,5,True,
benchmark,6137,q10_top_sellers_qty,239.141458,20,True,
benchmark,6138,q11_top_categories,0.32487500000000002,0,True,
benchmark,6139,q1_user_by_id,0.22904099999999999,1,True,
benchmark,6140,q2_all_users,9.4667919999999999,200,True,
benchmark,6141,q3_user_by_login,0.26574999999999999,1,True,
benchmark,6142,q4_sellers_rating,55.516123999999998,100,True,
benchmark,6143,q5_orders_offset,7.3178749999999999,50,True,
benchmark,6144,q6_products_by_seller,0.701959,2,True,
benchmark,6145,q7_products_join_sellers,0.57274899999999995,2,True,
benchmark,6146,q8_order_items_join_products,0.45358300000000001,2,True,
benchmark,6147,q9_orders_items_products_by_user,2.0699179999999999,5,True,
benchmark,6148,q10_top_sellers_qty,119.190834,20,True,
benchmark,6149,q11_top_categories,0.504583,0,True,
benchmark,6150,q1_user_by_id,0.52625100000000002,1,True,
benchmark,6151,q2_all_users,9.6822499999999998,200,True,
benchmark,6152,q3_user_by_login,0.82379199999999997,1,True,
benchmark,6153,q4_sellers_rating,93.646665999999996,100,True,
benchmark,6154,q5_orders_offset,5.9796250000000004,50,True,
benchmark,6155,q6_products_by_seller,0.38274999999999998,1,True,
benchmark,6156,q7_products_join_sellers,0.39604200000000001,1,True,
benchmark,6157,q8_order_items_join_products,0.38937500000000003,5,True,
benchmark,6158,q9_orders_items_products_by_user,1.04725,5,True,
benchmark,6159,q10_top_sellers_qty,137.945042,20,True,
benchmark,6160,q11_top_categories,0.56295799999999996,0,True,
benchmark,6161,q1_user_by_id,0.67916699999999997,1,True,
benchmark,6162,q2_all_users,11.791917,200,True,
benchmark,6163,q3_user_by_login,0.63824999999999998,1,True,
benchmark,6164,q4_sellers_rating,72.093084000000005,100,True,
benchmark,6165,q5_orders_offset,6.5283749999999996,50,True,
benchmark,6166,q6_products_by_seller,0.33875,1,True,
benchmark,6167,q7_products_join_sellers,0.33383400000000002,1,True,
benchmark,6168,q8_order_items_join_products,0.42758400000000002,5,True,
benchmark,6169,q9_orders_items_products_by_user,0.09325,0,True,
benchmark,6170,q10_top_sellers_qty,256.45446700000002,20,True,
benchmark,6171,q11_top_categories,0.32000000000000001,0,True,
benchmark,6172,q1_user_by_id,0.34133400000000003,1,True,
benchmark,6173,q2_all_users,11.174583999999999,200,True,
benchmark,6174,q3_user_by_login,0.61875000000000002,1,True,
benchmark,6175,q4_sellers_rating,90.905541999999997,100,True,
benchmark,6176,q5_orders_offset,7.1323749999999997,50,True,
benchmark,6177,q6_products_by_seller,0.63070800000000005,3,True,
benchmark,6178,q7_products_join_sellers,0.73658299999999999,3,True,
benchmark,6179,q8_order_items_join_products,0.83662599999999998,5,True,
benchmark,6180,q9_orders_items_products_by_user,1.0089600000000001,0,True,
benchmark,6181,q10_top_sellers_qty,175.314043,20,True,
benchmark,6182,q11_top_categories,0.51675000000000004,0,True,
benchmark,6183,q1_user_by_id,0.58987400000000001,1,True,
benchmark,6184,q2_all_users,10.117625,200,True,
benchmark,6185,q3_user_by_login,0.60316599999999998,1,True,
benchmark,6186,q4_sellers_rating,70.148210000000006,100,True,
benchmark,6187,q5_orders_offset,6.9178329999999999,50,True,
benchmark,6188,q6_products_by_seller,0.35404200000000002,0,True,
benchmark,6189,q7_products_join_sellers,0.25395800000000002,0,True,
benchmark,6190,q8_order_items_join_products,0.71875100000000003,1,True,
benchmark,6191,q9_orders_items_products_by_user,0.22437499999999999,0,True,
benchmark,6192,q10_top_sellers_qty,239.17758000000001,20,True,
benchmark,6193,q11_top_categories,0.31079200000000001,0,True,
benchmark,6194,q1_user_by_id,0.485375,1,True,
benchmark,6195,q2_all_users,10.86225,200,True,
benchmark,6196,q3_user_by_login,0.69162400000000002,1,True,
benchmark,6197,q4_sellers_rating,90.580957999999995,100,True,
benchmark,6198,q5_orders_offset,5.591666,50,True,
benchmark,6199,q6_products_by_seller,0.42875099999999999,3,True,
benchmark,6200,q7_products_join_sellers,0.432251,3,True,
benchmark,6201,q8_order_items_join_products,0.65237500000000004,1,True,
benchmark,6202,q9_orders_items_products_by_user,1.7787500000000001,5,True,
benchmark,6203,q10_top_sellers_qty,298.54145999999997,20,True,
benchmark,6204,q11_top_categories,0.93779100000000004,0,True,
benchmark,6205,q1_user_by_id,0.52083299999999999,1,True,
benchmark,6206,q2_all_users,12.114625999999999,200,True,
benchmark,6207,q3_user_by_login,0.41466599999999998,1,True,
benchmark,6208,q4_sellers_rating,77.829999999999998,100,True,
benchmark,6209,q5_orders_offset,6.7270830000000004,50,True,
benchmark,6210,q6_products_by_seller,0.36408299999999999,1,True,
benchmark,6211,q7_products_join_sellers,0.47195900000000002,1,True,
benchmark,6212,q8_order_items_join_products,0.57200099999999998,4,True,
benchmark,6213,q9_orders_items_products_by_user,0.13062499999999999,0,True,
benchmark,6214,q10_top_sellers_qty,162.688456,20,True,
benchmark,6215,q11_top_categories,0.49512499999999998,0,True,
benchmark,6216,q1_user_by_id,0.495251,1,True,
benchmark,6217,q2_all_users,7.5742510000000003,200,True,
benchmark,6218,q3_user_by_login,0.94699999999999995,1,True,
benchmark,6219,q4_sellers_rating,65.196832999999998,100,True,
benchmark,6220,q5_orders_offset,4.4050419999999999,50,True,
benchmark,6221,q6_products_by_seller,0.45383299999999999,2,True,
benchmark,6222,q7_products_join_sellers,0.51300000000000001,2,True,
benchmark,6223,q8_order_items_join_products,0.34945799999999999,4,True,
benchmark,6224,q9_orders_items_products_by_user,0.10004200000000001,0,True,
benchmark,6225,q10_top_sellers_qty,200.319582,20,True,
benchmark,6226,q11_top_categories,0.40079199999999998,0,True,
benchmark,6227,q1_user_by_id,0.36566599999999999,1,True,
benchmark,6228,q2_all_users,5.7537500000000001,200,True,
benchmark,6229,q3_user_by_login,0.361375,1,True,
benchmark,6230,q4_sellers_rating,101.984917,100,True,
benchmark,6231,q5_orders_offset,5.9391660000000002,50,True,
benchmark,6232,q6_products_by_seller,0.362375,0,True,
benchmark,6233,q7_products_join_sellers,0.1825,0,True,
benchmark,6234,q8_order_items_join_products,0.421875,4,True,
benchmark,6235,q9_orders_items_products_by_user,0.84845999999999999,3,True,
benchmark,6236,q10_top_sellers_qty,269.86433399999999,20,True,
benchmark,6237,q11_top_categories,0.43983299999999997,0,True,
benchmark,6238,q1_user_by_id,0.59824999999999995,1,True,
benchmark,6239,q2_all_users,8.4931239999999999,200,True,
benchmark,6240,q3_user_by_login,0.63316700000000004,1,True,
benchmark,6241,q4_sellers_rating,129.25174999999999,100,True,
benchmark,6242,q5_orders_offset,6.5716659999999996,50,True,
benchmark,6243,q6_products_by_seller,0.36999900000000002,2,True,
benchmark,6244,q7_products_join_sellers,1.316667,2,True,
benchmark,6245,q8_order_items_join_products,0.65337500000000004,5,True,
benchmark,6246,q9_orders_items_products_by_user,7.6420820000000003,4,True,
benchmark,6247,q10_top_sellers_qty,169.34582499999999,20,True,
benchmark,6248,q11_top_categories,0.22112499999999999,0,True,
benchmark,6249,q1_user_by_id,0.16233300000000001,1,True,
benchmark,6250,q2_all_users,3.0251250000000001,200,True,
benchmark,6251,q3_user_by_login,0.14649999999999999,1,True,
benchmark,6252,q4_sellers_rating,45.186334000000002,100,True,
benchmark,6253,q5_orders_offset,1.634209,50,True,
benchmark,6254,q6_products_by_seller,0.17945900000000001,1,True,
benchmark,6255,q7_products_join_sellers,0.21445800000000001,1,True,
benchmark,6256,q8_order_items_join_products,0.24366699999999999,5,True,
benchmark,6257,q9_orders_items_products_by_user,0.18662500000000001,0,True,
benchmark,6258,q10_top_sellers_qty,74.719913000000005,20,True,
benchmark,6259,q11_top_categories,0.13320799999999999,0,True,
benchmark,6260,q1_user_by_id,0.19137499999999999,1,True,
benchmark,6261,q2_all_users,3.6568329999999998,200,True,
benchmark,6262,q3_user_by_login,0.158584,1,True,
benchmark,6263,q4_sellers_rating,46.653834000000003,100,True,
benchmark,6264,q5_orders_offset,1.5177499999999999,50,True,
benchmark,6265,q6_products_by_seller,0.086916999999999994,0,True,
benchmark,6266,q7_products_join_sellers,0.079250000000000001,0,True,
benchmark,6267,q8_order_items_join_products,0.22370799999999999,3,True,
benchmark,6268,q9_orders_items_products_by_user,0.062667,0,True,
benchmark,6269,q10_top_sellers_qty,70.460290999999998,20,True,
benchmark,6270,q11_top_categories,0.15820799999999999,0,True,
benchmark,6271,q1_user_by_id,0.17316599999999999,1,True,
benchmark,6272,q2_all_users,3.244459,200,True,
benchmark,6273,q3_user_by_login,0.14920900000000001,1,True,
benchmark,6274,q4_sellers_rating,42.196834000000003,100,True,
benchmark,6275,q5_orders_offset,1.460958,50,True,
benchmark,6276,q6_products_by_seller,0.081750000000000003,0,True,
benchmark,6277,q7_products_join_sellers,0.079625000000000001,0,True,
benchmark,6278,q8_order_items_join_products,0.22604199999999999,3,True,
benchmark,6279,q9_orders_items_products_by_user,0.55525000000000002,5,True,
benchmark,6280,q10_top_sellers_qty,86.802744000000004,20,True,
benchmark,6281,q11_top_categories,0.20474999999999999,0,True,
benchmark,6282,q1_user_by_id,0.20912600000000001,1,True,
benchmark,6283,q2_all_users,3.3500000000000001,200,True,
benchmark,6284,q3_user_by_login,0.21979199999999999,1,True,
benchmark,6285,q4_sellers_rating,44.856915999999998,100,True,
benchmark,6286,q5_orders_offset,1.5533760000000001,50,True,
benchmark,6287,q6_products_by_seller,0.085042000000000006,0,True,
benchmark,6288,q7_products_join_sellers,0.096500000000000002,0,True,
benchmark,6289,q8_order_items_join_products,0.28833300000000001,3,True,
benchmark,6290,q9_orders_items_products_by_user,0.72749900000000001,4,True,
benchmark,6291,q10_top_sellers_qty,71.820412000000005,20,True,
benchmark,6292,q11_top_categories,0.14124999999999999,0,True,
benchmark,6293,q1_user_by_id,0.181334,1,True,
benchmark,6294,q2_all_users,3.582376,200,True,
benchmark,6295,q3_user_by_login,0.21975,1,True,
benchmark,6296,q4_sellers_rating,42.422083999999998,100,True,
benchmark,6297,q5_orders_offset,1.9206669999999999,50,True,
benchmark,6298,q6_products_by_seller,0.159,2,True,
benchmark,6299,q7_products_join_sellers,0.22575000000000001,2,True,
benchmark,6300,q8_order_items_join_products,0.25762499999999999,1,True,
benchmark,6301,q9_orders_items_products_by_user,1.0805400000000001,10,True,
benchmark,6302,q10_top_sellers_qty,71.859870999999998,20,True,
benchmark,6303,q11_top_categories,0.13145799999999999,0,True,
benchmark,6304,q1_user_by_id,0.20575099999999999,1,True,
benchmark,6305,q2_all_users,6.8770410000000002,200,True,
benchmark,6306,q3_user_by_login,0.338833,1,True,
benchmark,6307,q4_sellers_rating,42.847333999999996,100,True,
benchmark,6308,q5_orders_offset,1.581083,50,True,
benchmark,6309,q6_products_by_seller,0.097458000000000003,0,True,
benchmark,6310,q7_products_join_sellers,0.080833000000000002,0,True,
benchmark,6311,q8_order_items_join_products,0.228875,1,True,
benchmark,6312,q9_orders_items_products_by_user,0.58129200000000003,5,True,
benchmark,6313,q10_top_sellers_qty,60.242215999999999,20,True,
benchmark,6314,q11_top_categories,0.14854200000000001,0,True,
benchmark,6315,q1_user_by_id,0.221083,1,True,
benchmark,6316,q2_all_users,4.4229580000000004,200,True,
benchmark,6317,q3_user_by_login,0.21312400000000001,1,True,
benchmark,6318,q4_sellers_rating,42.809958000000002,100,True,
benchmark,6319,q5_orders_offset,1.4727920000000001,50,True,
benchmark,6320,q6_products_by_seller,0.14575099999999999,1,True,
benchmark,6321,q7_products_join_sellers,0.20858299999999999,1,True,
benchmark,6322,q8_order_items_join_products,0.22379199999999999,3,True,
benchmark,6323,q9_orders_items_products_by_user,0.28820899999999999,0,True,
benchmark,6324,q10_top_sellers_qty,77.775125000000003,20,True,
benchmark,6325,q11_top_categories,0.153333,0,True,
benchmark,6326,q1_user_by_id,0.15645800000000001,1,True,
benchmark,6327,q2_all_users,3.0502090000000002,200,True,
benchmark,6328,q3_user_by_login,0.1555,1,True,
benchmark,6329,q4_sellers_rating,41.217416999999998,100,True,
benchmark,6330,q5_orders_offset,1.518958,50,True,
benchmark,6331,q6_products_by_seller,0.14729100000000001,1,True,
benchmark,6332,q7_products_join_sellers,0.20754,1,True,
benchmark,6333,q8_order_items_join_products,0.20433299999999999,2,True,
benchmark,6334,q9_orders_items_products_by_user,0.32987499999999997,0,True,
benchmark,6335,q10_top_sellers_qty,80.173956000000004,20,True,
benchmark,6336,q11_top_categories,0.140125,0,True,
benchmark,6337,q1_user_by_id,0.156084,1,True,
benchmark,6338,q2_all_users,3.516791,200,True,
benchmark,6339,q3_user_by_login,0.21479200000000001,1,True,
benchmark,6340,q4_sellers_rating,56.823709000000001,100,True,
benchmark,6341,q5_orders_offset,1.5427500000000001,50,True,
benchmark,6342,q6_products_by_seller,0.085458000000000006,0,True,
benchmark,6343,q7_products_join_sellers,0.072582999999999995,0,True,
benchmark,6344,q8_order_items_join_products,0.22487499999999999,2,True,
benchmark,6345,q9_orders_items_products_by_user,0.069792000000000007,0,True,
benchmark,6346,q10_top_sellers_qty,65.520089999999996,20,True,
benchmark,6347,q11_top_categories,0.91529199999999999,0,True,
benchmark,6348,q1_user_by_id,0.22583400000000001,1,True,
benchmark,6349,q2_all_users,4.1539590000000004,200,True,
benchmark,6350,q3_user_by_login,0.29029199999999999,1,True,
benchmark,6351,q4_sellers_rating,48.514000000000003,100,True,
benchmark,6352,q5_orders_offset,1.593958,50,True,
benchmark,6353,q6_products_by_seller,0.14699999999999999,2,True,
benchmark,6354,q7_products_join_sellers,0.20391699999999999,2,True,
benchmark,6355,q8_order_items_join_products,0.253583,4,True,
benchmark,6356,q9_orders_items_products_by_user,0.295292,0,True,
benchmark,6357,q10_top_sellers_qty,56.815753000000001,20,True,
benchmark,6358,q11_top_categories,0.19125,0,True,
benchmark,6359,q1_user_by_id,0.26220900000000003,1,True,
benchmark,6360,q2_all_users,3.2697910000000001,200,True,
benchmark,6361,q3_user_by_login,0.160833,1,True,
benchmark,6362,q4_sellers_rating,41.323625,100,True,
benchmark,6363,q5_orders_offset,1.566875,50,True,
benchmark,6364,q6_products_by_seller,0.086249999999999993,0,True,
benchmark,6365,q7_products_join_sellers,0.081375000000000003,0,True,
benchmark,6366,q8_order_items_join_products,0.25541599999999998,4,True,
benchmark,6367,q9_orders_items_products_by_user,0.12995799999999999,0,True,
benchmark,6368,q10_top_sellers_qty,60.192957999999997,20,True,
benchmark,6369,q11_top_categories,0.15645800000000001,0,True,
benchmark,6370,q1_user_by_id,0.19383300000000001,1,True,
benchmark,6371,q2_all_users,3.2371669999999999,200,True,
benchmark,6372,q3_user_by_login,0.20666599999999999,1,True,
benchmark,6373,q4_sellers_rating,42.387833000000001,100,True,
benchmark,6374,q5_orders_offset,1.4838750000000001,50,True,
benchmark,6375,q6_products_by_seller,0.16783300000000001,1,True,
benchmark,6376,q7_products_join_sellers,0.25908399999999998,1,True,
benchmark,6377,q8_order_items_join_products,0.203875,1,True,
benchmark,6378,q9_orders_items_products_by_user,0.063333,0,True,
benchmark,6379,q10_top_sellers_qty,81.508330000000001,20,True,
benchmark,6380,q11_top_categories,0.72095799999999999,0,True,
benchmark,6381,q1_user_by_id,2.2748750000000002,1,True,
benchmark,6382,q2_all_users,5.165375,200,True,
benchmark,6383,q3_user_by_login,0.27133299999999999,1,True,
benchmark,6384,q4_sellers_rating,52.061500000000002,100,True,
benchmark,6385,q5_orders_offset,1.5524990000000001,50,True,
benchmark,6386,q6_products_by_seller,0.17837500000000001,1,True,
benchmark,6387,q7_products_join_sellers,0.19620899999999999,1,True,
benchmark,6388,q8_order_items_join_products,0.20441699999999999,2,True,
benchmark,6389,q9_orders_items_products_by_user,0.73045899999999997,5,True,
benchmark,6390,q10_top_sellers_qty,66.068669999999997,20,True,
benchmark,6391,q11_top_categories,0.13883300000000001,0,True,
benchmark,6392,q1_user_by_id,0.21395900000000001,1,True,
benchmark,6393,q2_all_users,3.880957,200,True,
benchmark,6394,q3_user_by_login,0.26108399999999998,1,True,
benchmark,6395,q4_sellers_rating,53.061999999999998,100,True,
benchmark,6396,q5_orders_offset,1.426167,50,True,
benchmark,6397,q6_products_by_seller,0.15320800000000001,2,True,
benchmark,6398,q7_products_join_sellers,0.22520899999999999,2,True,
benchmark,6399,q8_order_items_join_products,0.233791,4,True,
benchmark,6400,q9_orders_items_products_by_user,0.063083,0,True,
benchmark,6401,q10_top_sellers_qty,61.093584,20,True,
benchmark,6402,q11_top_categories,0.16229199999999999,0,True,
benchmark,6403,q1_user_by_id,0.14908299999999999,1,True,
benchmark,6404,q2_all_users,3.2817919999999998,200,True,
benchmark,6405,q3_user_by_login,0.19329199999999999,1,True,
benchmark,6406,q4_sellers_rating,44.593499999999999,100,True,
benchmark,6407,q5_orders_offset,1.5036670000000001,50,True,
benchmark,6408,q6_products_by_seller,0.16466700000000001,2,True,
benchmark,6409,q7_products_join_sellers,0.24345800000000001,2,True,
benchmark,6410,q8_order_items_join_products,0.25479200000000002,4,True,
benchmark,6411,q9_orders_items_products_by_user,0.076332999999999998,0,True,
benchmark,6412,q10_top_sellers_qty,59.326039000000002,20,True,
benchmark,6413,q11_top_categories,0.13304199999999999,0,True,
benchmark,6414,q1_user_by_id,0.26041799999999998,1,True,
benchmark,6415,q2_all_users,3.2385419999999998,200,True,
benchmark,6416,q3_user_by_login,0.19154199999999999,1,True,
benchmark,6417,q4_sellers_rating,46.158999000000001,100,True,
benchmark,6418,q5_orders_offset,1.60225,50,True,
benchmark,6419,q6_products_by_seller,0.23300000000000001,4,True,
benchmark,6420,q7_products_join_sellers,0.27975,4,True,
benchmark,6421,q8_order_items_join_products,0.24229100000000001,3,True,
benchmark,6422,q9_orders_items_products_by_user,0.207042,0,True,
benchmark,6423,q10_top_sellers_qty,69.635996000000006,20,True,
benchmark,6424,q11_top_categories,0.140791,0,True,
benchmark,6425,q1_user_by_id,0.13649900000000001,1,True,
benchmark,6426,q2_all_users,6.0164590000000002,200,True,
benchmark,6427,q3_user_by_login,0.20433299999999999,1,True,
benchmark,6428,q4_sellers_rating,43.929833000000002,100,True,
benchmark,6429,q5_orders_offset,1.5806260000000001,50,True,
benchmark,6430,q6_products_by_seller,0.167375,2,True,
benchmark,6431,q7_products_join_sellers,0.21245700000000001,2,True,
benchmark,6432,q8_order_items_join_products,0.217417,4,True,
benchmark,6433,q9_orders_items_products_by_user,0.20300000000000001,0,True,
benchmark,6434,q10_top_sellers_qty,56.765663000000004,20,True,
benchmark,6435,q11_top_categories,0.158584,0,True,
benchmark,6436,q1_user_by_id,0.21379100000000001,1,True,
benchmark,6437,q2_all_users,3.534875,200,True,
benchmark,6438,q3_user_by_login,0.16025,1,True,
benchmark,6439,q4_sellers_rating,42.457292000000002,100,True,
benchmark,6440,q5_orders_offset,1.599083,50,True,
benchmark,6441,q6_products_by_seller,0.089291999999999996,0,True,
benchmark,6442,q7_products_join_sellers,0.078917000000000001,0,True,
benchmark,6443,q8_order_items_join_products,0.23466500000000001,5,True,
benchmark,6444,q9_orders_items_products_by_user,0.31695699999999999,0,True,
benchmark,6445,q10_top_sellers_qty,59.133623,20,True,
benchmark,6446,q11_top_categories,0.136125,0,True,
benchmark,6447,q1_user_by_id,0.14774999999999999,1,True,
benchmark,6448,q2_all_users,3.8467920000000002,200,True,
benchmark,6449,q3_user_by_login,0.24320800000000001,1,True,
benchmark,6450,q4_sellers_rating,47.535085000000002,100,True,
benchmark,6451,q5_orders_offset,1.8604590000000001,50,True,
benchmark,6452,q6_products_by_seller,0.12175,0,True,
benchmark,6453,q7_products_join_sellers,0.464833,0,True,
benchmark,6454,q8_order_items_join_products,0.24366599999999999,2,True,
benchmark,6455,q9_orders_items_products_by_user,0.199375,0,True,
benchmark,6456,q10_top_sellers_qty,79.469545999999994,20,True,
benchmark,6457,q11_top_categories,0.31841599999999998,0,True,
benchmark,6458,q1_user_by_id,0.47762500000000002,1,True,
benchmark,6459,q2_all_users,7.5831660000000003,200,True,
benchmark,6460,q3_user_by_login,0.232791,1,True,
benchmark,6461,q4_sellers_rating,74.821624999999997,100,True,
benchmark,6462,q5_orders_offset,4.7934999999999999,50,True,
benchmark,6463,q6_products_by_seller,0.214584,2,True,
benchmark,6464,q7_products_join_sellers,0.28512599999999999,2,True,
benchmark,6465,q8_order_items_join_products,0.26700000000000002,3,True,
benchmark,6466,q9_orders_items_products_by_user,0.09325,0,True,
benchmark,6467,q10_top_sellers_qty,80.636994999999999,20,True,
benchmark,6468,q11_top_categories,0.12225,0,True,
benchmark,6469,q1_user_by_id,0.18912599999999999,1,True,
benchmark,6470,q2_all_users,3.8326660000000001,200,True,
benchmark,6471,q3_user_by_login,0.173209,1,True,
benchmark,6472,q4_sellers_rating,55.818249999999999,100,True,
benchmark,6473,q5_orders_offset,2.1371250000000002,50,True,
benchmark,6474,q6_products_by_seller,0.139125,1,True,
benchmark,6475,q7_products_join_sellers,0.201626,1,True,
benchmark,6476,q8_order_items_join_products,0.20058300000000001,2,True,
benchmark,6477,q9_orders_items_products_by_user,0.063834000000000002,0,True,
benchmark,6478,q10_top_sellers_qty,76.463881000000001,20,True,
benchmark,6479,q11_top_categories,0.128583,0,True,
benchmark,6480,q1_user_by_id,0.239374,1,True,
benchmark,6481,q2_all_users,5.7895000000000003,200,True,
benchmark,6482,q3_user_by_login,0.27675,1,True,
benchmark,6483,q4_sellers_rating,131.51304099999999,100,True,
benchmark,6484,q5_orders_offset,4.7354159999999998,50,True,
benchmark,6485,q6_products_by_seller,0.26258300000000001,2,True,
benchmark,6486,q7_products_join_sellers,0.283916,2,True,
benchmark,6487,q8_order_items_join_products,0.19270899999999999,2,True,
benchmark,6488,q9_orders_items_products_by_user,0.064333000000000001,0,True,
benchmark,6489,q10_top_sellers_qty,88.598290000000006,20,True,
benchmark,6490,q11_top_categories,0.18187500000000001,0,True,
benchmark,6491,q1_user_by_id,0.16383300000000001,1,True,
benchmark,6492,q2_all_users,4.5134160000000003,200,True,
benchmark,6493,q3_user_by_login,0.239041,1,True,
benchmark,6494,q4_sellers_rating,46.943790999999997,100,True,
benchmark,6495,q5_orders_offset,1.566541,50,True,
benchmark,6496,q6_products_by_seller,0.16262499999999999,2,True,
benchmark,6497,q7_products_join_sellers,0.218165,2,True,
benchmark,6498,q8_order_items_join_products,0.216167,1,True,
benchmark,6499,q9_orders_items_products_by_user,0.396125,2,True,
benchmark,6500,q10_top_sellers_qty,56.39875,20,True,
benchmark,6501,q11_top_categories,0.154833,0,True,
benchmark,6502,q1_user_by_id,0.16020799999999999,1,True,
benchmark,6503,q2_all_users,3.5819999999999999,200,True,
benchmark,6504,q3_user_by_login,3.3050839999999999,1,True,
benchmark,6505,q4_sellers_rating,47.426709000000002,100,True,
benchmark,6506,q5_orders_offset,1.6368320000000001,50,True,
benchmark,6507,q6_products_by_seller,0.10287499999999999,0,True,
benchmark,6508,q7_products_join_sellers,0.070333999999999994,0,True,
benchmark,6509,q8_order_items_join_products,0.188833,2,True,
benchmark,6510,q9_orders_items_products_by_user,0.067750000000000005,0,True,
benchmark,6511,q10_top_sellers_qty,59.760832000000001,20,True,
benchmark,6512,q11_top_categories,0.13541700000000001,0,True,
benchmark,6513,q1_user_by_id,0.14691699999999999,1,True,
benchmark,6514,q2_all_users,3.2172489999999998,200,True,
benchmark,6515,q3_user_by_login,0.142625,1,True,
benchmark,6516,q4_sellers_rating,46.936083000000004,100,True,
benchmark,6517,q5_orders_offset,1.6882079999999999,50,True,
benchmark,6518,q6_products_by_seller,0.11737599999999999,2,True,
benchmark,6519,q7_products_join_sellers,0.14745900000000001,2,True,
benchmark,6520,q8_order_items_join_products,0.14358299999999999,1,True,
benchmark,6521,q9_orders_items_products_by_user,0.42499900000000002,3,True,
benchmark,6522,q10_top_sellers_qty,70.894080000000002,20,True,
benchmark,6523,q11_top_categories,0.15345800000000001,0,True,
benchmark,6524,q1_user_by_id,0.12962499999999999,1,True,
benchmark,6525,q2_all_users,3.683875,200,True,
benchmark,6526,q3_user_by_login,0.25812499999999999,1,True,
benchmark,6527,q4_sellers_rating,48.795625000000001,100,True,
benchmark,6528,q5_orders_offset,1.5199990000000001,50,True,
benchmark,6529,q6_products_by_seller,0.14483299999999999,1,True,
benchmark,6530,q7_products_join_sellers,0.21108299999999999,1,True,
benchmark,6531,q8_order_items_join_products,0.21979199999999999,2,True,
benchmark,6532,q9_orders_items_products_by_user,0.181584,0,True,
benchmark,6533,q10_top_sellers_qty,77.228796000000003,20,True,
benchmark,6534,q11_top_categories,4.907292,0,True,
benchmark,6535,q1_user_by_id,0.20908299999999999,1,True,
benchmark,6536,q2_all_users,5.6847919999999998,200,True,
benchmark,6537,q3_user_by_login,0.86779200000000001,1,True,
benchmark,6538,q4_sellers_rating,52.824458999999997,100,True,
benchmark,6539,q5_orders_offset,1.5439590000000001,50,True,
benchmark,6540,q6_products_by_seller,0.152751,2,True,
benchmark,6541,q7_products_join_sellers,0.214167,2,True,
benchmark,6542,q8_order_items_join_products,0.22512399999999999,4,True,
benchmark,6543,q9_orders_items_products_by_user,0.073832999999999996,0,True,
benchmark,6544,q10_top_sellers_qty,55.597751000000002,20,True,
benchmark,6545,q11_top_categories,0.23524999999999999,0,True,
benchmark,6546,q1_user_by_id,0.16541700000000001,1,True,
benchmark,6547,q2_all_users,4.4517499999999997,200,True,
benchmark,6548,q3_user_by_login,0.25108399999999997,1,True,
benchmark,6549,q4_sellers_rating,48.725875000000002,100,True,
benchmark,6550,q5_orders_offset,1.536416,50,True,
benchmark,6551,q6_products_by_seller,0.10079200000000001,0,True,
benchmark,6552,q7_products_join_sellers,0.083375000000000005,0,True,
benchmark,6553,q8_order_items_join_products,0.19766600000000001,3,True,
benchmark,6554,q9_orders_items_products_by_user,0.18775,0,True,
benchmark,6555,q10_top_sellers_qty,65.914789999999996,20,True,
benchmark,6556,q11_top_categories,0.120917,0,True,
benchmark,6557,q1_user_by_id,0.17962500000000001,1,True,
benchmark,6558,q2_all_users,3.1010409999999999,200,True,
benchmark,6559,q3_user_by_login,0.24012600000000001,1,True,
benchmark,6560,q4_sellers_rating,51.363250999999998,100,True,
benchmark,6561,q5_orders_offset,1.510875,50,True,
benchmark,6562,q6_products_by_seller,0.153918,1,True,
benchmark,6563,q7_products_join_sellers,0.21208299999999999,1,True,
benchmark,6564,q8_order_items_join_products,0.230543,2,True,
benchmark,6565,q9_orders_items_products_by_user,0.064625000000000002,0,True,
benchmark,6566,q10_top_sellers_qty,65.043836999999996,20,True,
benchmark,6567,q11_top_categories,0.127084,0,True,
benchmark,6568,q1_user_by_id,0.31841700000000001,1,True,
benchmark,6569,q2_all_users,3.6947920000000001,200,True,
benchmark,6570,q3_user_by_login,0.224583,1,True,
benchmark,6571,q4_sellers_rating,46.679459000000001,100,True,
benchmark,6572,q5_orders_offset,1.646666,50,True,
benchmark,6573,q6_products_by_seller,0.108875,0,True,
benchmark,6574,q7_products_join_sellers,0.070499999999999993,0,True,
benchmark,6575,q8_order_items_join_products,0.22699900000000001,1,True,
benchmark,6576,q9_orders_items_products_by_user,0.58858200000000005,5,True,
benchmark,6577,q10_top_sellers_qty,60.833627,20,True,
benchmark,6578,q11_top_categories,0.15237500000000001,0,True,
benchmark,6579,q1_user_by_id,0.130499,1,True,
benchmark,6580,q2_all_users,3.4264169999999998,200,True,
benchmark,6581,q3_user_by_login,0.246333,1,True,
benchmark,6582,q4_sellers_rating,43.912125000000003,100,True,
benchmark,6583,q5_orders_offset,1.4595830000000001,50,True,
benchmark,6584,q6_products_by_seller,0.14962500000000001,2,True,
benchmark,6585,q7_products_join_sellers,0.221583,2,True,
benchmark,6586,q8_order_items_join_products,0.21241699999999999,3,True,
benchmark,6587,q9_orders_items_products_by_user,0.066541000000000003,0,True,
benchmark,6588,q10_top_sellers_qty,62.895378999999998,20,True,
benchmark,6589,q11_top_categories,0.174625,0,True,
benchmark,6590,q1_user_by_id,0.18812499999999999,1,True,
benchmark,6591,q2_all_users,3.3756659999999998,200,True,
benchmark,6592,q3_user_by_login,0.24962500000000001,1,True,
benchmark,6593,q4_sellers_rating,46.188583000000001,100,True,
benchmark,6594,q5_orders_offset,1.4833750000000001,50,True,
benchmark,6595,q6_products_by_seller,0.10045800000000001,0,True,
benchmark,6596,q7_products_join_sellers,0.090874999999999997,0,True,
benchmark,6597,q8_order_items_join_products,0.25803999999999999,4,True,
benchmark,6598,q9_orders_items_products_by_user,0.37329000000000001,2,True,
benchmark,6599,q10_top_sellers_qty,55.120078999999997,20,True,
benchmark,6600,q11_top_categories,0.14366699999999999,0,True,
benchmark,6601,q1_user_by_id,0.14291699999999999,1,True,
benchmark,6602,q2_all_users,2.8934160000000002,200,True,
benchmark,6603,q3_user_by_login,0.17491599999999999,1,True,
benchmark,6604,q4_sellers_rating,37.496751000000003,100,True,
benchmark,6605,q5_orders_offset,1.532125,50,True,
benchmark,6606,q6_products_by_seller,0.129917,1,True,
benchmark,6607,q7_products_join_sellers,0.21162500000000001,1,True,
benchmark,6608,q8_order_items_join_products,0.20658299999999999,3,True,
benchmark,6609,q9_orders_items_products_by_user,0.22779199999999999,0,True,
benchmark,6610,q10_top_sellers_qty,66.951211999999998,20,True,
benchmark,6611,q11_top_categories,0.26108300000000001,0,True,
benchmark,6612,q1_user_by_id,0.218749,1,True,
benchmark,6613,q2_all_users,5.6038329999999998,200,True,
benchmark,6614,q3_user_by_login,0.25366699999999998,1,True,
benchmark,6615,q4_sellers_rating,43.165500000000002,100,True,
benchmark,6616,q5_orders_offset,1.519749,50,True,
benchmark,6617,q6_products_by_seller,0.169792,1,True,
benchmark,6618,q7_products_join_sellers,0.24329000000000001,1,True,
benchmark,6619,q8_order_items_join_products,0.23333300000000001,1,True,
benchmark,6620,q9_orders_items_products_by_user,0.299875,0,True,
benchmark,6621,q10_top_sellers_qty,61.707999999999998,20,True,
benchmark,6622,q11_top_categories,0.14399999999999999,0,True,
benchmark,6623,q1_user_by_id,0.1295,1,True,
benchmark,6624,q2_all_users,3.057334,200,True,
benchmark,6625,q3_user_by_login,0.18429100000000001,1,True,
benchmark,6626,q4_sellers_rating,41.581040999999999,100,True,
benchmark,6627,q5_orders_offset,1.526583,50,True,
benchmark,6628,q6_products_by_seller,0.14966599999999999,1,True,
benchmark,6629,q7_products_join_sellers,0.199791,1,True,
benchmark,6630,q8_order_items_join_products,0.207376,1,True,
benchmark,6631,q9_orders_items_products_by_user,0.065125000000000002,0,True,
benchmark,6632,q10_top_sellers_qty,58.501373999999998,20,True,
benchmark,6633,q11_top_categories,0.13458400000000001,0,True,
benchmark,6634,q1_user_by_id,0.177375,1,True,
benchmark,6635,q2_all_users,5.4494579999999999,200,True,
benchmark,6636,q3_user_by_login,0.145708,1,True,
benchmark,6637,q4_sellers_rating,42.721291999999998,100,True,
benchmark,6638,q5_orders_offset,1.5520419999999999,50,True,
benchmark,6639,q6_products_by_seller,0.158167,2,True,
benchmark,6640,q7_products_join_sellers,0.21354100000000001,2,True,
benchmark,6641,q8_order_items_join_products,0.202873,2,True,
benchmark,6642,q9_orders_items_products_by_user,0.19287699999999999,0,True,
benchmark,6643,q10_top_sellers_qty,58.132738000000003,20,True,
benchmark,6644,q11_top_categories,0.13541700000000001,0,True,
benchmark,6645,q1_user_by_id,0.13329199999999999,1,True,
benchmark,6646,q2_all_users,3.965792,200,True,
benchmark,6647,q3_user_by_login,0.185751,1,True,
benchmark,6648,q4_sellers_rating,44.500334000000002,100,True,
benchmark,6649,q5_orders_offset,1.442958,50,True,
benchmark,6650,q6_products_by_seller,0.091291999999999998,0,True,
benchmark,6651,q7_products_join_sellers,0.080209000000000003,0,True,
benchmark,6652,q8_order_items_join_products,0.25545800000000002,4,True,
benchmark,6653,q9_orders_items_products_by_user,0.19370799999999999,0,True,
benchmark,6654,q10_top_sellers_qty,59.348329999999997,20,True,
benchmark,6655,q11_top_categories,0.166542,0,True,
benchmark,6656,q1_user_by_id,0.22737499999999999,1,True,
benchmark,6657,q2_all_users,3.4232499999999999,200,True,
benchmark,6658,q3_user_by_login,0.17816599999999999,1,True,
benchmark,6659,q4_sellers_rating,42.628999999999998,100,True,
benchmark,6660,q5_orders_offset,4.6227910000000003,50,True,
benchmark,6661,q6_products_by_seller,0.16425000000000001,1,True,
benchmark,6662,q7_products_join_sellers,0.207042,1,True,
benchmark,6663,q8_order_items_join_products,0.21687600000000001,4,True,
benchmark,6664,q9_orders_items_products_by_user,0.063750000000000001,0,True,
benchmark,6665,q10_top_sellers_qty,56.849212999999999,20,True,
benchmark,6666,q11_top_categories,0.13608400000000001,0,True,
benchmark,6667,q1_user_by_id,0.15004200000000001,1,True,
benchmark,6668,q2_all_users,3.1867079999999999,200,True,
benchmark,6669,q3_user_by_login,0.18629200000000001,1,True,
benchmark,6670,q4_sellers_rating,41.614666999999997,100,True,
benchmark,6671,q5_orders_offset,5.0441240000000001,50,True,
benchmark,6672,q6_products_by_seller,0.168459,1,True,
benchmark,6673,q7_products_join_sellers,0.23425000000000001,1,True,
benchmark,6674,q8_order_items_join_products,0.21000099999999999,4,True,
benchmark,6675,q9_orders_items_products_by_user,0.068042000000000005,0,True,
benchmark,6676,q10_top_sellers_qty,59.677545000000002,20,True,
benchmark,6677,q11_top_categories,0.15570800000000001,0,True,
benchmark,6678,q1_user_by_id,0.21712500000000001,1,True,
benchmark,6679,q2_all_users,3.6735419999999999,200,True,
benchmark,6680,q3_user_by_login,0.17841599999999999,1,True,
benchmark,6681,q4_sellers_rating,45.368290999999999,100,True,
benchmark,6682,q5_orders_offset,1.5773330000000001,50,True,
benchmark,6683,q6_products_by_seller,0.16062499999999999,1,True,
benchmark,6684,q7_products_join_sellers,0.220333,1,True,
benchmark,6685,q8_order_items_join_products,0.21879100000000001,3,True,
benchmark,6686,q9_orders_items_products_by_user,1.025542,5,True,
benchmark,6687,q10_top_sellers_qty,67.816586999999998,20,True,
benchmark,6688,q11_top_categories,0.17449999999999999,0,True,
benchmark,6689,q1_user_by_id,0.14966599999999999,1,True,
benchmark,6690,q2_all_users,3.728917,200,True,
benchmark,6691,q3_user_by_login,0.2165,1,True,
benchmark,6692,q4_sellers_rating,49.020543000000004,100,True,
benchmark,6693,q5_orders_offset,1.5525,50,True,
benchmark,6694,q6_products_by_seller,0.073749999999999996,0,True,
benchmark,6695,q7_products_join_sellers,0.090374999999999997,0,True,
benchmark,6696,q8_order_items_join_products,0.26495800000000003,4,True,
benchmark,6697,q9_orders_items_products_by_user,0.059249999999999997,0,True,
benchmark,6698,q10_top_sellers_qty,79.273872999999995,20,True,
benchmark,6699,q11_top_categories,0.108167,0,True,
benchmark,6700,q1_user_by_id,0.13808400000000001,1,True,
benchmark,6701,q2_all_users,3.5628329999999999,200,True,
benchmark,6702,q3_user_by_login,0.20433399999999999,1,True,
benchmark,6703,q4_sellers_rating,40.319417000000001,100,True,
benchmark,6704,q5_orders_offset,1.8003739999999999,50,True,
benchmark,6705,q6_products_by_seller,0.15820899999999999,1,True,
benchmark,6706,q7_products_join_sellers,0.21737600000000001,1,True,
benchmark,6707,q8_order_items_join_products,0.20258399999999999,2,True,
benchmark,6708,q9_orders_items_products_by_user,0.38403999999999999,2,True,
benchmark,6709,q10_top_sellers_qty,77.804287000000002,20,True,
benchmark,6710,q11_top_categories,0.153083,0,True,
benchmark,6711,q1_user_by_id,0.153416,1,True,
benchmark,6712,q2_all_users,3.190833,200,True,
benchmark,6713,q3_user_by_login,0.15745799999999999,1,True,
benchmark,6714,q4_sellers_rating,41.416291999999999,100,True,
benchmark,6715,q5_orders_offset,1.687791,50,True,
benchmark,6716,q6_products_by_seller,0.15029200000000001,1,True,
benchmark,6717,q7_products_join_sellers,0.228543,1,True,
benchmark,6718,q8_order_items_join_products,0.21579300000000001,4,True,
benchmark,6719,q9_orders_items_products_by_user,0.093958,0,True,
benchmark,6720,q10_top_sellers_qty,59.221167000000001,20,True,
benchmark,6721,q11_top_categories,0.14920800000000001,0,True,
benchmark,6722,q1_user_by_id,0.14383299999999999,1,True,
benchmark,6723,q2_all_users,3.186709,200,True,
benchmark,6724,q3_user_by_login,0.1865,1,True,
benchmark,6725,q4_sellers_rating,42.628874000000003,100,True,
benchmark,6726,q5_orders_offset,6.0294169999999996,50,True,
benchmark,6727,q6_products_by_seller,0.19262399999999999,4,True,
benchmark,6728,q7_products_join_sellers,0.22766600000000001,4,True,
benchmark,6729,q8_order_items_join_products,0.269459,3,True,
benchmark,6730,q9_orders_items_products_by_user,0.094708000000000001,0,True,
benchmark,6731,q10_top_sellers_qty,63.223286999999999,20,True,
benchmark,6732,q11_top_categories,0.20341600000000001,0,True,
benchmark,6733,q1_user_by_id,0.17033300000000001,1,True,
benchmark,6734,q2_all_users,3.8443749999999999,200,True,
benchmark,6735,q3_user_by_login,0.27575,1,True,
benchmark,6736,q4_sellers_rating,46.753124,100,True,
benchmark,6737,q5_orders_offset,1.480167,50,True,
benchmark,6738,q6_products_by_seller,0.15925,4,True,
benchmark,6739,q7_products_join_sellers,0.221333,4,True,
benchmark,6740,q8_order_items_join_products,0.21179200000000001,5,True,
benchmark,6741,q9_orders_items_products_by_user,0.066125000000000003,0,True,
benchmark,6742,q10_top_sellers_qty,55.756796999999999,20,True,
benchmark,6743,q11_top_categories,0.14091600000000001,0,True,
benchmark,6744,q1_user_by_id,0.16175,1,True,
benchmark,6745,q2_all_users,3.193082,200,True,
benchmark,6746,q3_user_by_login,0.19633300000000001,1,True,
benchmark,6747,q4_sellers_rating,40.950125,100,True,
benchmark,6748,q5_orders_offset,1.5439579999999999,50,True,
benchmark,6749,q6_products_by_seller,0.15695799999999999,2,True,
benchmark,6750,q7_products_join_sellers,0.22545799999999999,2,True,
benchmark,6751,q8_order_items_join_products,0.23150000000000001,5,True,
benchmark,6752,q9_orders_items_products_by_user,1.283874,8,True,
benchmark,6753,q10_top_sellers_qty,80.218653000000003,20,True,
benchmark,6754,q11_top_categories,0.27829100000000001,0,True,
benchmark,6755,q1_user_by_id,0.23308300000000001,1,True,
benchmark,6756,q2_all_users,3.4945409999999999,200,True,
benchmark,6757,q3_user_by_login,0.153583,1,True,
benchmark,6758,q4_sellers_rating,42.697415999999997,100,True,
benchmark,6759,q5_orders_offset,1.3610420000000001,50,True,
benchmark,6760,q6_products_by_seller,0.079834000000000002,0,True,
benchmark,6761,q7_products_join_sellers,0.077166999999999999,0,True,
benchmark,6762,q8_order_items_join_products,0.201376,1,True,
benchmark,6763,q9_orders_items_products_by_user,0.189667,0,True,
benchmark,6764,q10_top_sellers_qty,78.526750000000007,20,True,
benchmark,6765,q11_top_categories,0.13508400000000001,0,True,
benchmark,6766,q1_user_by_id,0.14591599999999999,1,True,
benchmark,6767,q2_all_users,3.2389579999999998,200,True,
benchmark,6768,q3_user_by_login,0.22587499999999999,1,True,
benchmark,6769,q4_sellers_rating,45.059792000000002,100,True,
benchmark,6770,q5_orders_offset,1.527625,50,True,
benchmark,6771,q6_products_by_seller,0.095250000000000001,0,True,
benchmark,6772,q7_products_join_sellers,0.080209000000000003,0,True,
benchmark,6773,q8_order_items_join_products,0.21166699999999999,3,True,
benchmark,6774,q9_orders_items_products_by_user,0.067125000000000004,0,True,
benchmark,6775,q10_top_sellers_qty,67.695042000000001,20,True,
benchmark,6776,q11_top_categories,0.12675,0,True,
benchmark,6777,q1_user_by_id,0.24525,1,True,
benchmark,6778,q2_all_users,3.3776660000000001,200,True,
benchmark,6779,q3_user_by_login,0.21920899999999999,1,True,
benchmark,6780,q4_sellers_rating,44.702333000000003,100,True,
benchmark,6781,q5_orders_offset,1.4841249999999999,50,True,
benchmark,6782,q6_products_by_seller,0.15012600000000001,1,True,
benchmark,6783,q7_products_join_sellers,0.214,1,True,
benchmark,6784,q8_order_items_join_products,0.20791599999999999,1,True,
benchmark,6785,q9_orders_items_products_by_user,0.063417000000000001,0,True,
benchmark,6786,q10_top_sellers_qty,60.939622999999997,20,True,
benchmark,6787,q11_top_categories,0.15016699999999999,0,True,
benchmark,6788,q1_user_by_id,0.14687500000000001,1,True,
benchmark,6789,q2_all_users,3.2134170000000002,200,True,
benchmark,6790,q3_user_by_login,0.14804200000000001,1,True,
benchmark,6791,q4_sellers_rating,41.639791000000002,100,True,
benchmark,6792,q5_orders_offset,1.539833,50,True,
benchmark,6793,q6_products_by_seller,0.071041999999999994,0,True,
benchmark,6794,q7_products_join_sellers,0.077792,0,True,
benchmark,6795,q8_order_items_join_products,0.207125,1,True,
benchmark,6796,q9_orders_items_products_by_user,0.83583300000000005,7,True,
benchmark,6797,q10_top_sellers_qty,79.597624999999994,20,True,
benchmark,6798,q11_top_categories,0.153083,0,True,
benchmark,6799,q1_user_by_id,0.14624999999999999,1,True,
benchmark,6800,q2_all_users,3.1291250000000002,200,True,
benchmark,6801,q3_user_by_login,0.20000000000000001,1,True,
benchmark,6802,q4_sellers_rating,40.830292,100,True,
benchmark,6803,q5_orders_offset,1.5680419999999999,50,True,
benchmark,6804,q6_products_by_seller,0.084791000000000005,0,True,
benchmark,6805,q7_products_join_sellers,0.081500000000000003,0,True,
benchmark,6806,q8_order_items_join_products,0.22012599999999999,3,True,
benchmark,6807,q9_orders_items_products_by_user,0.074707999999999997,0,True,
benchmark,6808,q10_top_sellers_qty,68.673919999999995,20,True,
benchmark,6809,q11_top_categories,0.13008400000000001,0,True,
benchmark,6810,q1_user_by_id,0.16916600000000001,1,True,
benchmark,6811,q2_all_users,3.1290420000000001,200,True,
benchmark,6812,q3_user_by_login,0.144958,1,True,
benchmark,6813,q4_sellers_rating,43.673457999999997,100,True,
benchmark,6814,q5_orders_offset,1.6194170000000001,50,True,
benchmark,6815,q6_products_by_seller,0.156917,3,True,
benchmark,6816,q7_products_join_sellers,0.221667,3,True,
benchmark,6817,q8_order_items_join_products,0.202709,1,True,
benchmark,6818,q9_orders_items_products_by_user,0.19045699999999999,0,True,
benchmark,6819,q10_top_sellers_qty,55.841580999999998,20,True,
benchmark,6820,q11_top_categories,0.125,0,True,
benchmark,6821,q1_user_by_id,0.157834,1,True,
benchmark,6822,q2_all_users,3.1102910000000001,200,True,
benchmark,6823,q3_user_by_login,0.14108399999999999,1,True,
benchmark,6824,q4_sellers_rating,42.029707000000002,100,True,
benchmark,6825,q5_orders_offset,1.8471660000000001,50,True,
benchmark,6826,q6_products_by_seller,0.078583,0,True,
benchmark,6827,q7_products_join_sellers,0.079125000000000001,0,True,
benchmark,6828,q8_order_items_join_products,0.20458299999999999,5,True,
benchmark,6829,q9_orders_items_products_by_user,0.054875,0,True,
benchmark,6830,q10_top_sellers_qty,60.545292000000003,20,True,
benchmark,6831,q11_top_categories,0.14341599999999999,0,True,
benchmark,6832,q1_user_by_id,0.14499999999999999,1,True,
benchmark,6833,q2_all_users,3.1225420000000002,200,True,
benchmark,6834,q3_user_by_login,0.14758299999999999,1,True,
benchmark,6835,q4_sellers_rating,39.321499000000003,100,True,
benchmark,6836,q5_orders_offset,1.523917,50,True,
benchmark,6837,q6_products_by_seller,0.15066599999999999,1,True,
benchmark,6838,q7_products_join_sellers,0.20833299999999999,1,True,
benchmark,6839,q8_order_items_join_products,0.204458,3,True,
benchmark,6840,q9_orders_items_products_by_user,0.17641699999999999,0,True,
benchmark,6841,q10_top_sellers_qty,70.093038000000007,20,True,
benchmark,6842,q11_top_categories,0.128583,0,True,
benchmark,6843,q1_user_by_id,0.238292,1,True,
benchmark,6844,q2_all_users,3.5762079999999998,200,True,
benchmark,6845,q3_user_by_login,0.21179200000000001,1,True,
benchmark,6846,q4_sellers_rating,43.913209000000002,100,True,
benchmark,6847,q5_orders_offset,1.4761249999999999,50,True,
benchmark,6848,q6_products_by_seller,0.091082999999999997,0,True,
benchmark,6849,q7_products_join_sellers,0.061624999999999999,0,True,
benchmark,6850,q8_order_items_join_products,0.21779200000000001,2,True,
benchmark,6851,q9_orders_items_products_by_user,0.055,0,True,
benchmark,6852,q10_top_sellers_qty,57.659959000000001,20,True,
benchmark,6853,q11_top_categories,0.13366700000000001,0,True,
benchmark,6854,q1_user_by_id,0.14575099999999999,1,True,
benchmark,6855,q2_all_users,3.2532930000000002,200,True,
benchmark,6856,q3_user_by_login,0.24587500000000001,1,True,
benchmark,6857,q4_sellers_rating,56.347250000000003,100,True,
benchmark,6858,q5_orders_offset,2.1236660000000001,50,True,
benchmark,6859,q6_products_by_seller,0.082541000000000003,0,True,
benchmark,6860,q7_products_join_sellers,0.078333,0,True,
benchmark,6861,q8_order_items_join_products,0.28624899999999998,4,True,
benchmark,6862,q9_orders_items_products_by_user,0.72500100000000001,5,True,
benchmark,6863,q10_top_sellers_qty,120.376548,20,True,
benchmark,6864,q11_top_categories,0.14508299999999999,0,True,
benchmark,6865,q1_user_by_id,0.19112499999999999,1,True,
benchmark,6866,q2_all_users,4.4197090000000001,200,True,
benchmark,6867,q3_user_by_login,0.17141600000000001,1,True,
benchmark,6868,q4_sellers_rating,49.359751000000003,100,True,
benchmark,6869,q5_orders_offset,4.6006679999999998,50,True,
benchmark,6870,q6_products_by_seller,0.089999999999999997,0,True,
benchmark,6871,q7_products_join_sellers,0.087832999999999994,0,True,
benchmark,6872,q8_order_items_join_products,0.271125,2,True,
benchmark,6873,q9_orders_items_products_by_user,0.51466699999999999,3,True,
benchmark,6874,q10_top_sellers_qty,65.597294000000005,20,True,
benchmark,6875,q11_top_categories,0.15008299999999999,0,True,
benchmark,6876,q1_user_by_id,0.159417,1,True,
benchmark,6877,q2_all_users,4.001042,200,True,
benchmark,6878,q3_user_by_login,0.151,1,True,
benchmark,6879,q4_sellers_rating,53.718834000000001,100,True,
benchmark,6880,q5_orders_offset,3.2329180000000002,50,True,
benchmark,6881,q6_products_by_seller,0.087249999999999994,0,True,
benchmark,6882,q7_products_join_sellers,0.089541999999999997,0,True,
benchmark,6883,q8_order_items_join_products,0.21512500000000001,3,True,
benchmark,6884,q9_orders_items_products_by_user,0.062125,0,True,
benchmark,6885,q10_top_sellers_qty,79.030331000000004,20,True,
benchmark,6886,q11_top_categories,5.3282920000000003,0,True,
benchmark,6887,q1_user_by_id,32.305418000000003,1,True,
benchmark,6888,q2_all_users,13.706166,200,True,
benchmark,6889,q3_user_by_login,0.59545899999999996,1,True,
benchmark,6890,q4_sellers_rating,88.467541999999995,100,True,
benchmark,6891,q5_orders_offset,2.699417,50,True,
benchmark,6892,q6_products_by_seller,0.24145800000000001,1,True,
benchmark,6893,q7_products_join_sellers,0.30149900000000002,1,True,
benchmark,6894,q8_order_items_join_products,0.36408299999999999,2,True,
benchmark,6895,q9_orders_items_products_by_user,0.087290999999999994,0,True,
benchmark,6896,q10_top_sellers_qty,87.680244000000002,20,True,
benchmark,6897,q11_top_categories,0.15862499999999999,0,True,
benchmark,6898,q1_user_by_id,0.15912499999999999,1,True,
benchmark,6899,q2_all_users,3.352376,200,True,
benchmark,6900,q3_user_by_login,0.140207,1,True,
benchmark,6901,q4_sellers_rating,45.764415999999997,100,True,
benchmark,6902,q5_orders_offset,1.5706249999999999,50,True,
benchmark,6903,q6_products_by_seller,0.18120900000000001,1,True,
benchmark,6904,q7_products_join_sellers,0.24520800000000001,1,True,
benchmark,6905,q8_order_items_join_products,0.250249,5,True,
benchmark,6906,q9_orders_items_products_by_user,0.081750000000000003,0,True,
benchmark,6907,q10_top_sellers_qty,69.210622000000001,20,True,
benchmark,6908,q11_top_categories,0.17795900000000001,0,True,
benchmark,6909,q1_user_by_id,0.14945800000000001,1,True,
benchmark,6910,q2_all_users,3.4172920000000002,200,True,
benchmark,6911,q3_user_by_login,0.221083,1,True,
benchmark,6912,q4_sellers_rating,42.849874,100,True,
benchmark,6913,q5_orders_offset,1.5311669999999999,50,True,
benchmark,6914,q6_products_by_seller,0.083875000000000005,0,True,
benchmark,6915,q7_products_join_sellers,0.085875000000000007,0,True,
benchmark,6916,q8_order_items_join_products,0.21179200000000001,3,True,
benchmark,6917,q9_orders_items_products_by_user,0.42437599999999998,2,True,
benchmark,6918,q10_top_sellers_qty,57.638708999999999,20,True,
benchmark,6919,q11_top_categories,0.143125,0,True,
benchmark,6920,q1_user_by_id,0.172042,1,True,
benchmark,6921,q2_all_users,3.3256239999999999,200,True,
benchmark,6922,q3_user_by_login,0.139375,1,True,
benchmark,6923,q4_sellers_rating,39.649166999999998,100,True,
benchmark,6924,q5_orders_offset,5.3138329999999998,50,True,
benchmark,6925,q6_products_by_seller,0.14837500000000001,2,True,
benchmark,6926,q7_products_join_sellers,0.19950000000000001,2,True,
benchmark,6927,q8_order_items_join_products,0.209707,5,True,
benchmark,6928,q9_orders_items_products_by_user,0.623668,5,True,
benchmark,6929,q10_top_sellers_qty,65.292415000000005,20,True,
benchmark,6930,q11_top_categories,0.13004099999999999,0,True,
benchmark,6931,q1_user_by_id,0.190999,1,True,
benchmark,6932,q2_all_users,4.194,200,True,
benchmark,6933,q3_user_by_login,0.24149999999999999,1,True,
benchmark,6934,q4_sellers_rating,43.609124999999999,100,True,
benchmark,6935,q5_orders_offset,1.577874,50,True,
benchmark,6936,q6_products_by_seller,0.080542000000000002,0,True,
benchmark,6937,q7_products_join_sellers,0.072082999999999994,0,True,
benchmark,6938,q8_order_items_join_products,0.21829100000000001,1,True,
benchmark,6939,q9_orders_items_products_by_user,0.20441699999999999,0,True,
benchmark,6940,q10_top_sellers_qty,73.66283,20,True,
benchmark,6941,q11_top_categories,0.15037500000000001,0,True,
benchmark,6942,q1_user_by_id,0.16883400000000001,1,True,
benchmark,6943,q2_all_users,3.3835829999999998,200,True,
benchmark,6944,q3_user_by_login,0.18370900000000001,1,True,
benchmark,6945,q4_sellers_rating,47.665582999999998,100,True,
benchmark,6946,q5_orders_offset,1.5225,50,True,
benchmark,6947,q6_products_by_seller,0.15170900000000001,1,True,
benchmark,6948,q7_products_join_sellers,0.20741599999999999,1,True,
benchmark,6949,q8_order_items_join_products,0.19908300000000001,1,True,
benchmark,6950,q9_orders_items_products_by_user,0.47837400000000002,2,True,
benchmark,6951,q10_top_sellers_qty,60.781086999999999,20,True,
benchmark,6952,q11_top_categories,0.141125,0,True,
benchmark,6953,q1_user_by_id,0.14524999999999999,1,True,
benchmark,6954,q2_all_users,3.215249,200,True,
benchmark,6955,q3_user_by_login,0.175042,1,True,
benchmark,6956,q4_sellers_rating,41.729458000000001,100,True,
benchmark,6957,q5_orders_offset,1.584125,50,True,
benchmark,6958,q6_products_by_seller,0.19187499999999999,1,True,
benchmark,6959,q7_products_join_sellers,0.207125,1,True,
benchmark,6960,q8_order_items_join_products,0.21045800000000001,5,True,
benchmark,6961,q9_orders_items_products_by_user,0.51700000000000002,4,True,
benchmark,6962,q10_top_sellers_qty,55.483961000000001,20,True,
benchmark,6963,q11_top_categories,0.10041700000000001,0,True,
benchmark,6964,q1_user_by_id,0.16599900000000001,1,True,
benchmark,6965,q2_all_users,3.3285830000000001,200,True,
benchmark,6966,q3_user_by_login,0.19354199999999999,1,True,
benchmark,6967,q4_sellers_rating,43.476832999999999,100,True,
benchmark,6968,q5_orders_offset,4.599958,50,True,
benchmark,6969,q6_products_by_seller,0.16650000000000001,1,True,
benchmark,6970,q7_products_join_sellers,0.25083299999999997,1,True,
benchmark,6971,q8_order_items_join_products,0.21504200000000001,5,True,
benchmark,6972,q9_orders_items_products_by_user,0.070083000000000006,0,True,
benchmark,6973,q10_top_sellers_qty,64.726377999999997,20,True,
benchmark,6974,q11_top_categories,0.31162499999999999,0,True,
benchmark,6975,q1_user_by_id,0.29354200000000003,1,True,
benchmark,6976,q2_all_users,7.3112909999999998,200,True,
benchmark,6977,q3_user_by_login,0.23641599999999999,1,True,
benchmark,6978,q4_sellers_rating,42.192501,100,True,
benchmark,6979,q5_orders_offset,5.3138750000000003,50,True,
benchmark,6980,q6_products_by_seller,0.188917,1,True,
benchmark,6981,q7_products_join_sellers,0.22516700000000001,1,True,
benchmark,6982,q8_order_items_join_products,0.217166,5,True,
benchmark,6983,q9_orders_items_products_by_user,0.065792000000000003,0,True,
benchmark,6984,q10_top_sellers_qty,59.000627000000001,20,True,
benchmark,6985,q11_top_categories,0.14570900000000001,0,True,
benchmark,6986,q1_user_by_id,0.13100000000000001,1,True,
benchmark,6987,q2_all_users,3.4403329999999999,200,True,
benchmark,6988,q3_user_by_login,0.16387499999999999,1,True,
benchmark,6989,q4_sellers_rating,40.921123999999999,100,True,
benchmark,6990,q5_orders_offset,1.4964999999999999,50,True,
benchmark,6991,q6_products_by_seller,0.14895800000000001,1,True,
benchmark,6992,q7_products_join_sellers,0.22812399999999999,1,True,
benchmark,6993,q8_order_items_join_products,0.217749,3,True,
benchmark,6994,q9_orders_items_products_by_user,0.063875000000000001,0,True,
benchmark,6995,q10_top_sellers_qty,64.741713000000004,20,True,
benchmark,6996,q11_top_categories,0.13333300000000001,0,True,
benchmark,6997,q1_user_by_id,0.17291699999999999,1,True,
benchmark,6998,q2_all_users,2.9707499999999998,200,True,
benchmark,6999,q3_user_by_login,0.17995900000000001,1,True,
benchmark,7000,q4_sellers_rating,38.125332999999998,100,True,
benchmark,7001,q5_orders_offset,1.513792,50,True,
benchmark,7002,q6_products_by_seller,0.082458000000000004,0,True,
benchmark,7003,q7_products_join_sellers,0.075333999999999998,0,True,
benchmark,7004,q8_order_items_join_products,0.238208,5,True,
benchmark,7005,q9_orders_items_products_by_user,1.1930829999999999,11,True,
benchmark,7006,q10_top_sellers_qty,78.426958999999997,20,True,
benchmark,7007,q11_top_categories,0.13104199999999999,0,True,
benchmark,7008,q1_user_by_id,0.25962499999999999,1,True,
benchmark,7009,q2_all_users,3.6017929999999998,200,True,
benchmark,7010,q3_user_by_login,0.21020800000000001,1,True,
benchmark,7011,q4_sellers_rating,43.261707000000001,100,True,
benchmark,7012,q5_orders_offset,1.5568329999999999,50,True,
benchmark,7013,q6_products_by_seller,0.076124999999999998,0,True,
benchmark,7014,q7_products_join_sellers,0.078209000000000001,0,True,
benchmark,7015,q8_order_items_join_products,0.21054100000000001,2,True,
benchmark,7016,q9_orders_items_products_by_user,0.066542000000000004,0,True,
benchmark,7017,q10_top_sellers_qty,64.343170000000001,20,True,
benchmark,7018,q11_top_categories,0.134459,0,True,
benchmark,7019,q1_user_by_id,0.145958,1,True,
benchmark,7020,q2_all_users,4.0884169999999997,200,True,
benchmark,7021,q3_user_by_login,0.22637599999999999,1,True,
benchmark,7022,q4_sellers_rating,47.888582999999997,100,True,
benchmark,7023,q5_orders_offset,4.7476669999999999,50,True,
benchmark,7024,q6_products_by_seller,0.15679299999999999,3,True,
benchmark,7025,q7_products_join_sellers,0.21274899999999999,3,True,
benchmark,7026,q8_order_items_join_products,0.21212600000000001,3,True,
benchmark,7027,q9_orders_items_products_by_user,0.073832999999999996,0,True,
benchmark,7028,q10_top_sellers_qty,60.966205000000002,20,True,
benchmark,7029,q11_top_categories,0.13258300000000001,0,True,
benchmark,7030,q1_user_by_id,0.23891599999999999,1,True,
benchmark,7031,q2_all_users,4.1440419999999998,200,True,
benchmark,7032,q3_user_by_login,0.18895799999999999,1,True,
benchmark,7033,q4_sellers_rating,45.738208999999998,100,True,
benchmark,7034,q5_orders_offset,1.4848749999999999,50,True,
benchmark,7035,q6_products_by_seller,0.143875,1,True,
benchmark,7036,q7_products_join_sellers,0.20900099999999999,1,True,
benchmark,7037,q8_order_items_join_products,0.208124,3,True,
benchmark,7038,q9_orders_items_products_by_user,0.062583,0,True,
benchmark,7039,q10_top_sellers_qty,58.572040000000001,20,True,
benchmark,7040,q11_top_categories,0.13425000000000001,0,True,
benchmark,7041,q1_user_by_id,0.17962400000000001,1,True,
benchmark,7042,q2_all_users,3.441376,200,True,
benchmark,7043,q3_user_by_login,0.24395900000000001,1,True,
benchmark,7044,q4_sellers_rating,44.153500000000001,100,True,
benchmark,7045,q5_orders_offset,1.6603749999999999,50,True,
benchmark,7046,q6_products_by_seller,0.13237599999999999,2,True,
benchmark,7047,q7_products_join_sellers,0.22054299999999999,2,True,
benchmark,7048,q8_order_items_join_products,0.199708,4,True,
benchmark,7049,q9_orders_items_products_by_user,0.060082999999999998,0,True,
benchmark,7050,q10_top_sellers_qty,71.581502,20,True,
benchmark,7051,q11_top_categories,0.13362499999999999,0,True,
benchmark,7052,q1_user_by_id,0.15245700000000001,1,True,
benchmark,7053,q2_all_users,3.1349170000000002,200,True,
benchmark,7054,q3_user_by_login,0.199542,1,True,
benchmark,7055,q4_sellers_rating,40.558208999999998,100,True,
benchmark,7056,q5_orders_offset,1.567458,50,True,
benchmark,7057,q6_products_by_seller,0.151167,1,True,
benchmark,7058,q7_products_join_sellers,0.22670799999999999,1,True,
benchmark,7059,q8_order_items_join_products,0.200459,3,True,
benchmark,7060,q9_orders_items_products_by_user,0.59158200000000005,5,True,
benchmark,7061,q10_top_sellers_qty,67.554165999999995,20,True,
benchmark,7062,q11_top_categories,0.14799999999999999,0,True,
benchmark,7063,q1_user_by_id,0.173459,1,True,
benchmark,7064,q2_all_users,3.4879579999999999,200,True,
benchmark,7065,q3_user_by_login,0.17891699999999999,1,True,
benchmark,7066,q4_sellers_rating,42,100,True,
benchmark,7067,q5_orders_offset,1.512084,50,True,
benchmark,7068,q6_products_by_seller,0.080916000000000002,0,True,
benchmark,7069,q7_products_join_sellers,0.062459000000000001,0,True,
benchmark,7070,q8_order_items_join_products,0.24512500000000001,4,True,
benchmark,7071,q9_orders_items_products_by_user,0.069625000000000006,0,True,
benchmark,7072,q10_top_sellers_qty,70.885210999999998,20,True,
benchmark,7073,q11_top_categories,0.105,0,True,
benchmark,7074,q1_user_by_id,0.14508299999999999,1,True,
benchmark,7075,q2_all_users,9.8692919999999997,200,True,
benchmark,7076,q3_user_by_login,0.185416,1,True,
benchmark,7077,q4_sellers_rating,51.475915999999998,100,True,
benchmark,7078,q5_orders_offset,1.541417,50,True,
benchmark,7079,q6_products_by_seller,0.070166999999999993,0,True,
benchmark,7080,q7_products_join_sellers,0.063125000000000001,0,True,
benchmark,7081,q8_order_items_join_products,0.19875000000000001,3,True,
benchmark,7082,q9_orders_items_products_by_user,0.35083500000000001,1,True,
benchmark,7083,q10_top_sellers_qty,55.528624999999998,20,True,
benchmark,7084,q11_top_categories,0.172375,0,True,
benchmark,7085,q1_user_by_id,0.23791699999999999,1,True,
benchmark,7086,q2_all_users,4.292001,200,True,
benchmark,7087,q3_user_by_login,0.141876,1,True,
benchmark,7088,q4_sellers_rating,38.761124000000002,100,True,
benchmark,7089,q5_orders_offset,1.5844990000000001,50,True,
benchmark,7090,q6_products_by_seller,0.161333,1,True,
benchmark,7091,q7_products_join_sellers,0.24720900000000001,1,True,
benchmark,7092,q8_order_items_join_products,0.27712399999999998,2,True,
benchmark,7093,q9_orders_items_products_by_user,0.114209,0,True,
benchmark,7094,q10_top_sellers_qty,57.821666,20,True,
benchmark,7095,q11_top_categories,0.12645899999999999,0,True,
benchmark,7096,q1_user_by_id,0.27179199999999998,1,True,
benchmark,7097,q2_all_users,3.8100000000000001,200,True,
benchmark,7098,q3_user_by_login,0.24820800000000001,1,True,
benchmark,7099,q4_sellers_rating,47.113124999999997,100,True,
benchmark,7100,q5_orders_offset,1.4526250000000001,50,True,
benchmark,7101,q6_products_by_seller,0.14358299999999999,3,True,
benchmark,7102,q7_products_join_sellers,0.21037500000000001,3,True,
benchmark,7103,q8_order_items_join_products,0.212168,1,True,
benchmark,7104,q9_orders_items_products_by_user,0.19225,0,True,
benchmark,7105,q10_top_sellers_qty,70.215000000000003,20,True,
benchmark,7106,q11_top_categories,0.13104099999999999,0,True,
benchmark,7107,q1_user_by_id,0.47687499999999999,1,True,
benchmark,7108,q2_all_users,4.0970829999999996,200,True,
benchmark,7109,q3_user_by_login,0.237875,1,True,
benchmark,7110,q4_sellers_rating,52.578040999999999,100,True,
benchmark,7111,q5_orders_offset,1.669834,50,True,
benchmark,7112,q6_products_by_seller,0.23400099999999999,1,True,
benchmark,7113,q7_products_join_sellers,0.28491699999999998,1,True,
benchmark,7114,q8_order_items_join_products,0.26983400000000002,5,True,
benchmark,7115,q9_orders_items_products_by_user,0.450208,1,True,
benchmark,7116,q10_top_sellers_qty,58.774918999999997,20,True,
benchmark,7117,q11_top_categories,0.13683400000000001,0,True,
benchmark,7118,q1_user_by_id,0.138458,1,True,
benchmark,7119,q2_all_users,5.3395840000000003,200,True,
benchmark,7120,q3_user_by_login,0.20883299999999999,1,True,
benchmark,7121,q4_sellers_rating,42.488292000000001,100,True,
benchmark,7122,q5_orders_offset,1.56525,50,True,
benchmark,7123,q6_products_by_seller,0.085583000000000006,0,True,
benchmark,7124,q7_products_join_sellers,0.083583000000000005,0,True,
benchmark,7125,q8_order_items_join_products,0.18570900000000001,2,True,
benchmark,7126,q9_orders_items_products_by_user,0.216834,0,True,
benchmark,7127,q10_top_sellers_qty,64.600787999999994,20,True,
benchmark,7128,q11_top_categories,0.13112499999999999,0,True,
benchmark,7129,q1_user_by_id,0.125416,1,True,
benchmark,7130,q2_all_users,3.1423760000000001,200,True,
benchmark,7131,q3_user_by_login,0.15054200000000001,1,True,
benchmark,7132,q4_sellers_rating,40.312666999999998,100,True,
benchmark,7133,q5_orders_offset,1.4185829999999999,50,True,
benchmark,7134,q6_products_by_seller,0.082375000000000004,0,True,
benchmark,7135,q7_products_join_sellers,0.082583000000000004,0,True,
benchmark,7136,q8_order_items_join_products,0.21695900000000001,5,True,
benchmark,7137,q9_orders_items_products_by_user,0.19287499999999999,0,True,
benchmark,7138,q10_top_sellers_qty,61.181837000000002,20,True,
benchmark,7139,q11_top_categories,0.18475,0,True,
benchmark,7140,q1_user_by_id,0.20166700000000001,1,True,
benchmark,7141,q2_all_users,3.6782080000000001,200,True,
benchmark,7142,q3_user_by_login,0.14649999999999999,1,True,
benchmark,7143,q4_sellers_rating,43.707334000000003,100,True,
benchmark,7144,q5_orders_offset,1.6217079999999999,50,True,
benchmark,7145,q6_products_by_seller,0.152417,1,True,
benchmark,7146,q7_products_join_sellers,0.20258300000000001,1,True,
benchmark,7147,q8_order_items_join_products,0.20979300000000001,4,True,
benchmark,7148,q9_orders_items_products_by_user,0.18687500000000001,0,True,
benchmark,7149,q10_top_sellers_qty,63.943953,20,True,
benchmark,7150,q11_top_categories,0.14208299999999999,0,True,
benchmark,7151,q1_user_by_id,0.138458,1,True,
benchmark,7152,q2_all_users,3.5325000000000002,200,True,
benchmark,7153,q3_user_by_login,0.24320800000000001,1,True,
benchmark,7154,q4_sellers_rating,46.885958000000002,100,True,
benchmark,7155,q5_orders_offset,1.5608340000000001,50,True,
benchmark,7156,q6_products_by_seller,0.157167,2,True,
benchmark,7157,q7_products_join_sellers,0.20374999999999999,2,True,
benchmark,7158,q8_order_items_join_products,0.21099999999999999,4,True,
benchmark,7159,q9_orders_items_products_by_user,0.640544,4,True,
benchmark,7160,q10_top_sellers_qty,62.043005999999998,20,True,
benchmark,7161,q11_top_categories,0.13191600000000001,0,True,
benchmark,7162,q1_user_by_id,0.13212599999999999,1,True,
benchmark,7163,q2_all_users,3.143834,200,True,
benchmark,7164,q3_user_by_login,0.16204199999999999,1,True,
benchmark,7165,q4_sellers_rating,44.428291000000002,100,True,
benchmark,7166,q5_orders_offset,1.4703329999999999,50,True,
benchmark,7167,q6_products_by_seller,0.079625000000000001,0,True,
benchmark,7168,q7_products_join_sellers,0.082667000000000004,0,True,
benchmark,7169,q8_order_items_join_products,0.22604199999999999,3,True,
benchmark,7170,q9_orders_items_products_by_user,0.065417000000000003,0,True,
benchmark,7171,q10_top_sellers_qty,62.629786000000003,20,True,
benchmark,7172,q11_top_categories,0.13391600000000001,0,True,
benchmark,7173,q1_user_by_id,0.16558400000000001,1,True,
benchmark,7174,q2_all_users,3.7456659999999999,200,True,
benchmark,7175,q3_user_by_login,0.185333,1,True,
benchmark,7176,q4_sellers_rating,41.468541000000002,100,True,
benchmark,7177,q5_orders_offset,1.5337080000000001,50,True,
benchmark,7178,q6_products_by_seller,0.066000000000000003,0,True,
benchmark,7179,q7_products_join_sellers,0.071583999999999995,0,True,
benchmark,7180,q8_order_items_join_products,0.22850000000000001,5,True,
benchmark,7181,q9_orders_items_products_by_user,0.60229299999999997,5,True,
benchmark,7182,q10_top_sellers_qty,74.627583999999999,20,True,
benchmark,7183,q11_top_categories,0.13750000000000001,0,True,
benchmark,7184,q1_user_by_id,0.1515,1,True,
benchmark,7185,q2_all_users,3.5049169999999998,200,True,
benchmark,7186,q3_user_by_login,0.224916,1,True,
benchmark,7187,q4_sellers_rating,45.887625,100,True,
benchmark,7188,q5_orders_offset,1.553417,50,True,
benchmark,7189,q6_products_by_seller,0.141624,2,True,
benchmark,7190,q7_products_join_sellers,0.308334,2,True,
benchmark,7191,q8_order_items_join_products,0.25383299999999998,2,True,
benchmark,7192,q9_orders_items_products_by_user,0.32900000000000001,1,True,
benchmark,7193,q10_top_sellers_qty,71.442580000000007,20,True,
benchmark,7194,q11_top_categories,0.16850000000000001,0,True,
benchmark,7195,q1_user_by_id,0.13087499999999999,1,True,
benchmark,7196,q2_all_users,3.938958,200,True,
benchmark,7197,q3_user_by_login,1.0220830000000001,1,True,
benchmark,7198,q4_sellers_rating,50.753,100,True,
benchmark,7199,q5_orders_offset,1.5467500000000001,50,True,
benchmark,7200,q6_products_by_seller,0.15745799999999999,2,True,
benchmark,7201,q7_products_join_sellers,0.21083399999999999,2,True,
benchmark,7202,q8_order_items_join_products,0.24037500000000001,4,True,
benchmark,7203,q9_orders_items_products_by_user,0.064375000000000002,0,True,
benchmark,7204,q10_top_sellers_qty,66.256039000000001,20,True,
benchmark,7205,q11_top_categories,0.16258300000000001,0,True,
benchmark,7206,q1_user_by_id,0.13841600000000001,1,True,
benchmark,7207,q2_all_users,5.4922909999999998,200,True,
benchmark,7208,q3_user_by_login,0.184417,1,True,
benchmark,7209,q4_sellers_rating,46.458208999999997,100,True,
benchmark,7210,q5_orders_offset,1.586417,50,True,
benchmark,7211,q6_products_by_seller,0.15504200000000001,1,True,
benchmark,7212,q7_products_join_sellers,0.19558300000000001,1,True,
benchmark,7213,q8_order_items_join_products,0.222083,4,True,
benchmark,7214,q9_orders_items_products_by_user,0.070541000000000006,0,True,
benchmark,7215,q10_top_sellers_qty,69.141328999999999,20,True,
benchmark,7216,q11_top_categories,0.15066599999999999,0,True,
benchmark,7217,q1_user_by_id,0.13200000000000001,1,True,
benchmark,7218,q2_all_users,4.2551249999999996,200,True,
benchmark,7219,q3_user_by_login,0.26591700000000001,1,True,
benchmark,7220,q4_sellers_rating,43.089832999999999,100,True,
benchmark,7221,q5_orders_offset,1.477959,50,True,
benchmark,7222,q6_products_by_seller,0.171125,1,True,
benchmark,7223,q7_products_join_sellers,0.19479099999999999,1,True,
benchmark,7224,q8_order_items_join_products,0.204792,2,True,
benchmark,7225,q9_orders_items_products_by_user,0.25412600000000002,0,True,
benchmark,7226,q10_top_sellers_qty,61.258460999999997,20,True,
benchmark,7227,q11_top_categories,0.143125,0,True,
benchmark,7228,q1_user_by_id,0.14224999999999999,1,True,
benchmark,7229,q2_all_users,3.4317500000000001,200,True,
benchmark,7230,q3_user_by_login,0.17758399999999999,1,True,
benchmark,7231,q4_sellers_rating,43.157041999999997,100,True,
benchmark,7232,q5_orders_offset,1.6260840000000001,50,True,
benchmark,7233,q6_products_by_seller,0.096542000000000003,0,True,
benchmark,7234,q7_products_join_sellers,0.105708,0,True,
benchmark,7235,q8_order_items_join_products,0.32350000000000001,1,True,
benchmark,7236,q9_orders_items_products_by_user,1.027288,4,True,
benchmark,7237,q10_top_sellers_qty,56.967205999999997,20,True,
benchmark,7238,q11_top_categories,0.122625,0,True,
benchmark,7239,q1_user_by_id,0.19300100000000001,1,True,
benchmark,7240,q2_all_users,3.5365419999999999,200,True,
benchmark,7241,q3_user_by_login,0.159583,1,True,
benchmark,7242,q4_sellers_rating,43.481375,100,True,
benchmark,7243,q5_orders_offset,1.6230830000000001,50,True,
benchmark,7244,q6_products_by_seller,0.14808299999999999,2,True,
benchmark,7245,q7_products_join_sellers,0.205375,2,True,
benchmark,7246,q8_order_items_join_products,0.21937400000000001,5,True,
benchmark,7247,q9_orders_items_products_by_user,0.19791700000000001,0,True,
benchmark,7248,q10_top_sellers_qty,54.513626000000002,20,True,
benchmark,7249,q11_top_categories,0.14166599999999999,0,True,
benchmark,7250,q1_user_by_id,0.16204099999999999,1,True,
benchmark,7251,q2_all_users,5.6878739999999999,200,True,
benchmark,7252,q3_user_by_login,0.247083,1,True,
benchmark,7253,q4_sellers_rating,42.063541000000001,100,True,
benchmark,7254,q5_orders_offset,1.5270410000000001,50,True,
benchmark,7255,q6_products_by_seller,0.16329199999999999,1,True,
benchmark,7256,q7_products_join_sellers,0.19545799999999999,1,True,
benchmark,7257,q8_order_items_join_products,0.25529099999999999,3,True,
benchmark,7258,q9_orders_items_products_by_user,0.18929199999999999,0,True,
benchmark,7259,q10_top_sellers_qty,62.329169,20,True,
benchmark,7260,q11_top_categories,0.14916599999999999,0,True,
benchmark,7261,q1_user_by_id,0.12929099999999999,1,True,
benchmark,7262,q2_all_users,3.6377079999999999,200,True,
benchmark,7263,q3_user_by_login,0.222333,1,True,
benchmark,7264,q4_sellers_rating,44.793083000000003,100,True,
benchmark,7265,q5_orders_offset,1.7122919999999999,50,True,
benchmark,7266,q6_products_by_seller,0.14158399999999999,1,True,
benchmark,7267,q7_products_join_sellers,0.21995799999999999,1,True,
benchmark,7268,q8_order_items_join_products,0.20833299999999999,1,True,
benchmark,7269,q9_orders_items_products_by_user,0.060374999999999998,0,True,
benchmark,7270,q10_top_sellers_qty,70.562460000000002,20,True,
benchmark,7271,q11_top_categories,1.8780840000000001,0,True,
benchmark,7272,q1_user_by_id,0.64787499999999998,1,True,
benchmark,7273,q2_all_users,3.3776670000000002,200,True,
benchmark,7274,q3_user_by_login,0.20574899999999999,1,True,
benchmark,7275,q4_sellers_rating,46.241250999999998,100,True,
benchmark,7276,q5_orders_offset,1.5448329999999999,50,True,
benchmark,7277,q6_products_by_seller,0.157167,3,True,
benchmark,7278,q7_products_join_sellers,0.202708,3,True,
benchmark,7279,q8_order_items_join_products,0.21291599999999999,3,True,
benchmark,7280,q9_orders_items_products_by_user,0.062959000000000001,0,True,
benchmark,7281,q10_top_sellers_qty,77.556995999999998,20,True,
benchmark,7282,q11_top_categories,0.40791699999999997,0,True,
benchmark,7283,q1_user_by_id,0.18074999999999999,1,True,
benchmark,7284,q2_all_users,7.1039580000000004,200,True,
benchmark,7285,q3_user_by_login,0.156251,1,True,
benchmark,7286,q4_sellers_rating,40.769207999999999,100,True,
benchmark,7287,q5_orders_offset,1.4728749999999999,50,True,
benchmark,7288,q6_products_by_seller,0.095958000000000002,0,True,
benchmark,7289,q7_products_join_sellers,0.088166999999999995,0,True,
benchmark,7290,q8_order_items_join_products,0.218166,3,True,
benchmark,7291,q9_orders_items_products_by_user,0.60475100000000004,5,True,
benchmark,7292,q10_top_sellers_qty,77.225587000000004,20,True,
benchmark,7293,q11_top_categories,0.18412500000000001,0,True,
benchmark,7294,q1_user_by_id,0.169709,1,True,
benchmark,7295,q2_all_users,3.3453330000000001,200,True,
benchmark,7296,q3_user_by_login,0.21970799999999999,1,True,
benchmark,7297,q4_sellers_rating,41.746166000000002,100,True,
benchmark,7298,q5_orders_offset,1.5029999999999999,50,True,
benchmark,7299,q6_products_by_seller,0.13858300000000001,3,True,
benchmark,7300,q7_products_join_sellers,0.22237699999999999,3,True,
benchmark,7301,q8_order_items_join_products,0.20941699999999999,3,True,
benchmark,7302,q9_orders_items_products_by_user,0.185334,0,True,
benchmark,7303,q10_top_sellers_qty,63.689166999999998,20,True,
benchmark,7304,q11_top_categories,0.14812500000000001,0,True,
benchmark,7305,q1_user_by_id,0.19,1,True,
benchmark,7306,q2_all_users,3.3953329999999999,200,True,
benchmark,7307,q3_user_by_login,0.15412500000000001,1,True,
benchmark,7308,q4_sellers_rating,41.732709,100,True,
benchmark,7309,q5_orders_offset,1.6885829999999999,50,True,
benchmark,7310,q6_products_by_seller,0.19004199999999999,1,True,
benchmark,7311,q7_products_join_sellers,0.22820799999999999,1,True,
benchmark,7312,q8_order_items_join_products,0.203459,1,True,
benchmark,7313,q9_orders_items_products_by_user,0.19891600000000001,0,True,
benchmark,7314,q10_top_sellers_qty,73.753910000000005,20,True,
benchmark,7315,q11_top_categories,0.15725,0,True,
benchmark,7316,q1_user_by_id,0.14787500000000001,1,True,
benchmark,7317,q2_all_users,3.7440419999999999,200,True,
benchmark,7318,q3_user_by_login,0.26574900000000001,1,True,
benchmark,7319,q4_sellers_rating,46.562541000000003,100,True,
benchmark,7320,q5_orders_offset,1.5074160000000001,50,True,
benchmark,7321,q6_products_by_seller,0.14895900000000001,2,True,
benchmark,7322,q7_products_join_sellers,0.20991599999999999,2,True,
benchmark,7323,q8_order_items_join_products,0.24037500000000001,5,True,
benchmark,7324,q9_orders_items_products_by_user,0.082500000000000004,0,True,
benchmark,7325,q10_top_sellers_qty,60.029792999999998,20,True,
benchmark,7326,q11_top_categories,0.19175,0,True,
benchmark,7327,q1_user_by_id,0.170791,1,True,
benchmark,7328,q2_all_users,3.2970419999999998,200,True,
benchmark,7329,q3_user_by_login,0.30004199999999998,1,True,
benchmark,7330,q4_sellers_rating,40.412750000000003,100,True,
benchmark,7331,q5_orders_offset,1.452709,50,True,
benchmark,7332,q6_products_by_seller,0.077041999999999999,0,True,
benchmark,7333,q7_products_join_sellers,0.075332999999999997,0,True,
benchmark,7334,q8_order_items_join_products,0.22004099999999999,4,True,
benchmark,7335,q9_orders_items_products_by_user,0.213667,0,True,
benchmark,7336,q10_top_sellers_qty,62.219791000000001,20,True,
benchmark,7337,q11_top_categories,0.135708,0,True,
benchmark,7338,q1_user_by_id,0.19237599999999999,1,True,
benchmark,7339,q2_all_users,3.1291250000000002,200,True,
benchmark,7340,q3_user_by_login,0.18016699999999999,1,True,
benchmark,7341,q4_sellers_rating,48.184624999999997,100,True,
benchmark,7342,q5_orders_offset,1.5139990000000001,50,True,
benchmark,7343,q6_products_by_seller,0.156334,2,True,
benchmark,7344,q7_products_join_sellers,0.22404199999999999,2,True,
benchmark,7345,q8_order_items_join_products,0.239292,2,True,
benchmark,7346,q9_orders_items_products_by_user,0.068042000000000005,0,True,
benchmark,7347,q10_top_sellers_qty,65.109127000000001,20,True,
benchmark,7348,q11_top_categories,0.12829199999999999,0,True,
benchmark,7349,q1_user_by_id,0.18745800000000001,1,True,
benchmark,7350,q2_all_users,3.697708,200,True,
benchmark,7351,q3_user_by_login,0.31037399999999998,1,True,
benchmark,7352,q4_sellers_rating,49.557250000000003,100,True,
benchmark,7353,q5_orders_offset,1.4842919999999999,50,True,
benchmark,7354,q6_products_by_seller,0.19679199999999999,1,True,
benchmark,7355,q7_products_join_sellers,0.22704199999999999,1,True,
benchmark,7356,q8_order_items_join_products,0.220833,1,True,
benchmark,7357,q9_orders_items_products_by_user,0.24820800000000001,0,True,
benchmark,7358,q10_top_sellers_qty,53.873544000000003,20,True,
benchmark,7359,q11_top_categories,0.135875,0,True,
benchmark,7360,q1_user_by_id,0.50504199999999999,1,True,
benchmark,7361,q2_all_users,3.3411249999999999,200,True,
benchmark,7362,q3_user_by_login,0.24508199999999999,1,True,
benchmark,7363,q4_sellers_rating,39.966250000000002,100,True,
benchmark,7364,q5_orders_offset,1.536375,50,True,
benchmark,7365,q6_products_by_seller,0.097834000000000004,0,True,
benchmark,7366,q7_products_join_sellers,0.10079200000000001,0,True,
benchmark,7367,q8_order_items_join_products,0.201374,1,True,
benchmark,7368,q9_orders_items_products_by_user,0.070374999999999993,0,True,
benchmark,7369,q10_top_sellers_qty,58.209999000000003,20,True,
benchmark,7370,q11_top_categories,0.166625,0,True,
benchmark,7371,q1_user_by_id,0.169125,1,True,
benchmark,7372,q2_all_users,3.3941669999999999,200,True,
benchmark,7373,q3_user_by_login,0.158916,1,True,
benchmark,7374,q4_sellers_rating,42.864958999999999,100,True,
benchmark,7375,q5_orders_offset,1.532208,50,True,
benchmark,7376,q6_products_by_seller,0.084875000000000006,0,True,
benchmark,7377,q7_products_join_sellers,0.084916000000000005,0,True,
benchmark,7378,q8_order_items_join_products,0.22120999999999999,2,True,
benchmark,7379,q9_orders_items_products_by_user,0.42275099999999999,3,True,
benchmark,7380,q10_top_sellers_qty,59.151744999999998,20,True,
benchmark,7381,q11_top_categories,0.138792,0,True,
benchmark,7382,q1_user_by_id,0.170208,1,True,
benchmark,7383,q2_all_users,3.794416,200,True,
benchmark,7384,q3_user_by_login,0.27445799999999998,1,True,
benchmark,7385,q4_sellers_rating,42.577041999999999,100,True,
benchmark,7386,q5_orders_offset,1.566875,50,True,
benchmark,7387,q6_products_by_seller,0.083375000000000005,0,True,
benchmark,7388,q7_products_join_sellers,0.081792000000000004,0,True,
benchmark,7389,q8_order_items_join_products,0.20820900000000001,4,True,
benchmark,7390,q9_orders_items_products_by_user,0.066209000000000004,0,True,
benchmark,7391,q10_top_sellers_qty,79.271287000000001,20,True,
benchmark,7392,q11_top_categories,0.143125,0,True,
benchmark,7393,q1_user_by_id,0.119292,1,True,
benchmark,7394,q2_all_users,3.4017909999999998,200,True,
benchmark,7395,q3_user_by_login,0.13808400000000001,1,True,
benchmark,7396,q4_sellers_rating,43.145459000000002,100,True,
benchmark,7397,q5_orders_offset,1.5889169999999999,50,True,
benchmark,7398,q6_products_by_seller,0.14883399999999999,2,True,
benchmark,7399,q7_products_join_sellers,0.21537400000000001,2,True,
benchmark,7400,q8_order_items_join_products,0.202292,5,True,
benchmark,7401,q9_orders_items_products_by_user,0.0625,0,True,
benchmark,7402,q10_top_sellers_qty,60.290585999999998,20,True,
benchmark,7403,q11_top_categories,0.13791700000000001,0,True,
benchmark,7404,q1_user_by_id,0.18970899999999999,1,True,
benchmark,7405,q2_all_users,3.7256659999999999,200,True,
benchmark,7406,q3_user_by_login,0.25637500000000002,1,True,
benchmark,7407,q4_sellers_rating,42.407333999999999,100,True,
benchmark,7408,q5_orders_offset,1.468791,50,True,
benchmark,7409,q6_products_by_seller,0.089332999999999996,0,True,
benchmark,7410,q7_products_join_sellers,0.085583000000000006,0,True,
benchmark,7411,q8_order_items_join_products,0.237959,4,True,
benchmark,7412,q9_orders_items_products_by_user,0.71779300000000001,4,True,
benchmark,7413,q10_top_sellers_qty,61.908000000000001,20,True,
benchmark,7414,q11_top_categories,0.14116600000000001,0,True,
benchmark,7415,q1_user_by_id,0.13600000000000001,1,True,
benchmark,7416,q2_all_users,5.5046670000000004,200,True,
benchmark,7417,q3_user_by_login,0.14833299999999999,1,True,
benchmark,7418,q4_sellers_rating,44.149707999999997,100,True,
benchmark,7419,q5_orders_offset,1.659459,50,True,
benchmark,7420,q6_products_by_seller,0.14712600000000001,1,True,
benchmark,7421,q7_products_join_sellers,0.22020899999999999,1,True,
benchmark,7422,q8_order_items_join_products,0.244334,4,True,
benchmark,7423,q9_orders_items_products_by_user,0.47608400000000001,3,True,
benchmark,7424,q10_top_sellers_qty,59.650084999999997,20,True,
benchmark,7425,q11_top_categories,0.24470900000000001,0,True,
benchmark,7426,q1_user_by_id,0.170958,1,True,
benchmark,7427,q2_all_users,3.7254589999999999,200,True,
benchmark,7428,q3_user_by_login,0.22837499999999999,1,True,
benchmark,7429,q4_sellers_rating,42.148626,100,True,
benchmark,7430,q5_orders_offset,1.4097090000000001,50,True,
benchmark,7431,q6_products_by_seller,0.15120900000000001,1,True,
benchmark,7432,q7_products_join_sellers,0.21221000000000001,1,True,
benchmark,7433,q8_order_items_join_products,0.20433399999999999,2,True,
benchmark,7434,q9_orders_items_products_by_user,0.061499999999999999,0,True,
benchmark,7435,q10_top_sellers_qty,55.749369999999999,20,True,
benchmark,7436,q11_top_categories,0.16333300000000001,0,True,
benchmark,7437,q1_user_by_id,0.20258300000000001,1,True,
benchmark,7438,q2_all_users,4.0718759999999996,200,True,
benchmark,7439,q3_user_by_login,0.21895899999999999,1,True,
benchmark,7440,q4_sellers_rating,44.372750000000003,100,True,
benchmark,7441,q5_orders_offset,4.5940409999999998,50,True,
benchmark,7442,q6_products_by_seller,0.077584,0,True,
benchmark,7443,q7_products_join_sellers,0.083917000000000005,0,True,
benchmark,7444,q8_order_items_join_products,0.22516600000000001,2,True,
benchmark,7445,q9_orders_items_products_by_user,0.58253900000000003,5,True,
benchmark,7446,q10_top_sellers_qty,62.457042000000001,20,True,
benchmark,7447,q11_top_categories,0.136709,0,True,
benchmark,7448,q1_user_by_id,0.144875,1,True,
benchmark,7449,q2_all_users,3.168291,200,True,
benchmark,7450,q3_user_by_login,0.17774999999999999,1,True,
benchmark,7451,q4_sellers_rating,39.363874000000003,100,True,
benchmark,7452,q5_orders_offset,1.6522920000000001,50,True,
benchmark,7453,q6_products_by_seller,0.16558300000000001,2,True,
benchmark,7454,q7_products_join_sellers,0.221917,2,True,
benchmark,7455,q8_order_items_join_products,0.21249999999999999,2,True,
benchmark,7456,q9_orders_items_products_by_user,0.49341600000000002,3,True,
benchmark,7457,q10_top_sellers_qty,78.177121999999997,20,True,
benchmark,7458,q11_top_categories,0.157334,0,True,
benchmark,7459,q1_user_by_id,0.14812500000000001,1,True,
benchmark,7460,q2_all_users,3.9013330000000002,200,True,
benchmark,7461,q3_user_by_login,0.180668,1,True,
benchmark,7462,q4_sellers_rating,41.415500000000002,100,True,
benchmark,7463,q5_orders_offset,8.1466250000000002,50,True,
benchmark,7464,q6_products_by_seller,0.059915999999999997,0,True,
benchmark,7465,q7_products_join_sellers,0.054584000000000001,0,True,
benchmark,7466,q8_order_items_join_products,0.15154200000000001,3,True,
benchmark,7467,q9_orders_items_products_by_user,0.114708,0,True,
benchmark,7468,q10_top_sellers_qty,78.470664999999997,20,True,
benchmark,7469,q11_top_categories,0.199125,0,True,
benchmark,7470,q1_user_by_id,0.20854200000000001,1,True,
benchmark,7471,q2_all_users,4.1727499999999997,200,True,
benchmark,7472,q3_user_by_login,0.17308299999999999,1,True,
benchmark,7473,q4_sellers_rating,37.514333000000001,100,True,
benchmark,7474,q5_orders_offset,1.486667,50,True,
benchmark,7475,q6_products_by_seller,0.092291999999999999,1,True,
benchmark,7476,q7_products_join_sellers,0.140041,1,True,
benchmark,7477,q8_order_items_join_products,0.144875,4,True,
benchmark,7478,q9_orders_items_products_by_user,0.184501,0,True,
benchmark,7479,q10_top_sellers_qty,77.043210000000002,20,True,
benchmark,7480,q11_top_categories,0.62691699999999995,0,True,
benchmark,7481,q1_user_by_id,0.24887500000000001,1,True,
benchmark,7482,q2_all_users,5.1823759999999996,200,True,
benchmark,7483,q3_user_by_login,0.26408300000000001,1,True,
benchmark,7484,q4_sellers_rating,47.489541000000003,100,True,
benchmark,7485,q5_orders_offset,1.6177919999999999,50,True,
benchmark,7486,q6_products_by_seller,0.14833299999999999,1,True,
benchmark,7487,q7_products_join_sellers,0.254834,1,True,
benchmark,7488,q8_order_items_join_products,0.22741700000000001,4,True,
benchmark,7489,q9_orders_items_products_by_user,0.19450100000000001,0,True,
benchmark,7490,q10_top_sellers_qty,65.72842,20,True,
benchmark,7491,q11_top_categories,0.15325,0,True,
benchmark,7492,q1_user_by_id,0.202292,1,True,
benchmark,7493,q2_all_users,4.2939160000000003,200,True,
benchmark,7494,q3_user_by_login,0.161,1,True,
benchmark,7495,q4_sellers_rating,51.404291999999998,100,True,
benchmark,7496,q5_orders_offset,1.4881660000000001,50,True,
benchmark,7497,q6_products_by_seller,0.144707,2,True,
benchmark,7498,q7_products_join_sellers,0.213167,2,True,
benchmark,7499,q8_order_items_join_products,0.22329199999999999,5,True,
benchmark,7500,q9_orders_items_products_by_user,0.34220899999999999,1,True,
benchmark,7501,q10_top_sellers_qty,61.577328999999999,20,True,
benchmark,7502,q11_top_categories,0.14416699999999999,0,True,
benchmark,7503,q1_user_by_id,0.22637499999999999,1,True,
benchmark,7504,q2_all_users,8.1213750000000005,200,True,
benchmark,7505,q3_user_by_login,0.44662499999999999,1,True,
benchmark,7506,q4_sellers_rating,47.482999999999997,100,True,
benchmark,7507,q5_orders_offset,1.516626,50,True,
benchmark,7508,q6_products_by_seller,0.14566699999999999,2,True,
benchmark,7509,q7_products_join_sellers,0.21120800000000001,2,True,
benchmark,7510,q8_order_items_join_products,0.220584,5,True,
benchmark,7511,q9_orders_items_products_by_user,0.064667000000000002,0,True,
benchmark,7512,q10_top_sellers_qty,75.579375999999996,20,True,
benchmark,7513,q11_top_categories,0.12875,0,True,
benchmark,7514,q1_user_by_id,0.17866699999999999,1,True,
benchmark,7515,q2_all_users,3.712958,200,True,
benchmark,7516,q3_user_by_login,0.16454199999999999,1,True,
benchmark,7517,q4_sellers_rating,44.565165999999998,100,True,
benchmark,7518,q5_orders_offset,1.5554589999999999,50,True,
benchmark,7519,q6_products_by_seller,0.158166,4,True,
benchmark,7520,q7_products_join_sellers,0.23075000000000001,4,True,
benchmark,7521,q8_order_items_join_products,0.202875,4,True,
benchmark,7522,q9_orders_items_products_by_user,0.50550099999999998,4,True,
benchmark,7523,q10_top_sellers_qty,68.949004000000002,20,True,
benchmark,7524,q11_top_categories,0.13025,0,True,
benchmark,7525,q1_user_by_id,0.173792,1,True,
benchmark,7526,q2_all_users,3.8889589999999998,200,True,
benchmark,7527,q3_user_by_login,0.14812500000000001,1,True,
benchmark,7528,q4_sellers_rating,39.659208,100,True,
benchmark,7529,q5_orders_offset,2.6088339999999999,50,True,
benchmark,7530,q6_products_by_seller,0.15687499999999999,2,True,
benchmark,7531,q7_products_join_sellers,0.217584,2,True,
benchmark,7532,q8_order_items_join_products,0.204291,2,True,
benchmark,7533,q9_orders_items_products_by_user,0.070832999999999993,0,True,
benchmark,7534,q10_top_sellers_qty,60.598419999999997,20,True,
benchmark,7535,q11_top_categories,0.092707999999999999,0,True,
benchmark,7536,q1_user_by_id,0.151084,1,True,
benchmark,7537,q2_all_users,3.8167080000000002,200,True,
benchmark,7538,q3_user_by_login,0.172791,1,True,
benchmark,7539,q4_sellers_rating,42.136124000000002,100,True,
benchmark,7540,q5_orders_offset,1.4586250000000001,50,True,
benchmark,7541,q6_products_by_seller,0.090999999999999998,0,True,
benchmark,7542,q7_products_join_sellers,0.077667,0,True,
benchmark,7543,q8_order_items_join_products,0.236125,2,True,
benchmark,7544,q9_orders_items_products_by_user,0.074624999999999997,0,True,
benchmark,7545,q10_top_sellers_qty,55.773116999999999,20,True,
benchmark,7546,q11_top_categories,0.13354099999999999,0,True,
benchmark,7547,q1_user_by_id,0.197709,1,True,
benchmark,7548,q2_all_users,3.2616670000000001,200,True,
benchmark,7549,q3_user_by_login,0.17820800000000001,1,True,
benchmark,7550,q4_sellers_rating,41.422958999999999,100,True,
benchmark,7551,q5_orders_offset,1.7902089999999999,50,True,
benchmark,7552,q6_products_by_seller,0.075374999999999998,0,True,
benchmark,7553,q7_products_join_sellers,0.074332999999999996,0,True,
benchmark,7554,q8_order_items_join_products,0.21220900000000001,5,True,
benchmark,7555,q9_orders_items_products_by_user,0.54029099999999997,3,True,
benchmark,7556,q10_top_sellers_qty,66.228457000000006,20,True,
benchmark,7557,q11_top_categories,0.14683299999999999,0,True,
benchmark,7558,q1_user_by_id,0.124667,1,True,
benchmark,7559,q2_all_users,3.4340419999999998,200,True,
benchmark,7560,q3_user_by_login,0.146541,1,True,
benchmark,7561,q4_sellers_rating,42.759041000000003,100,True,
benchmark,7562,q5_orders_offset,1.4640839999999999,50,True,
benchmark,7563,q6_products_by_seller,0.15179200000000001,2,True,
benchmark,7564,q7_products_join_sellers,0.197792,2,True,
benchmark,7565,q8_order_items_join_products,0.21420900000000001,3,True,
benchmark,7566,q9_orders_items_products_by_user,0.066083000000000003,0,True,
benchmark,7567,q10_top_sellers_qty,83.978835000000004,20,True,
benchmark,7568,q11_top_categories,0.135458,0,True,
benchmark,7569,q1_user_by_id,0.247917,1,True,
benchmark,7570,q2_all_users,3.5949589999999998,200,True,
benchmark,7571,q3_user_by_login,0.12695799999999999,1,True,
benchmark,7572,q4_sellers_rating,43.315041000000001,100,True,
benchmark,7573,q5_orders_offset,1.5843750000000001,50,True,
benchmark,7574,q6_products_by_seller,0.17650099999999999,1,True,
benchmark,7575,q7_products_join_sellers,0.21241599999999999,1,True,
benchmark,7576,q8_order_items_join_products,0.22579199999999999,1,True,
benchmark,7577,q9_orders_items_products_by_user,0.18525,0,True,
benchmark,7578,q10_top_sellers_qty,56.978171000000003,20,True,
benchmark,7579,q11_top_categories,0.128,0,True,
benchmark,7580,q1_user_by_id,0.281833,1,True,
benchmark,7581,q2_all_users,3.9343750000000002,200,True,
benchmark,7582,q3_user_by_login,0.160751,1,True,
benchmark,7583,q4_sellers_rating,44.656624999999998,100,True,
benchmark,7584,q5_orders_offset,1.533833,50,True,
benchmark,7585,q6_products_by_seller,0.15229100000000001,2,True,
benchmark,7586,q7_products_join_sellers,0.25312600000000002,2,True,
benchmark,7587,q8_order_items_join_products,0.215585,1,True,
benchmark,7588,q9_orders_items_products_by_user,0.21100099999999999,0,True,
benchmark,7589,q10_top_sellers_qty,56.524206,20,True,
benchmark,7590,q11_top_categories,0.13583300000000001,0,True,
benchmark,7591,q1_user_by_id,0.17300099999999999,1,True,
benchmark,7592,q2_all_users,3.2063760000000001,200,True,
benchmark,7593,q3_user_by_login,0.14829200000000001,1,True,
benchmark,7594,q4_sellers_rating,41.856959000000003,100,True,
benchmark,7595,q5_orders_offset,1.5807910000000001,50,True,
benchmark,7596,q6_products_by_seller,0.145792,2,True,
benchmark,7597,q7_products_join_sellers,0.21262500000000001,2,True,
benchmark,7598,q8_order_items_join_products,0.208375,3,True,
benchmark,7599,q9_orders_items_products_by_user,0.485958,4,True,
benchmark,7600,q10_top_sellers_qty,71.117090000000005,20,True,
benchmark,7601,q11_top_categories,0.13850000000000001,0,True,
benchmark,7602,q1_user_by_id,0.184751,1,True,
benchmark,7603,q2_all_users,3.1503760000000001,200,True,
benchmark,7604,q3_user_by_login,0.16483300000000001,1,True,
benchmark,7605,q4_sellers_rating,41.800123999999997,100,True,
benchmark,7606,q5_orders_offset,1.4936670000000001,50,True,
benchmark,7607,q6_products_by_seller,0.080375000000000002,0,True,
benchmark,7608,q7_products_join_sellers,0.075791999999999998,0,True,
benchmark,7609,q8_order_items_join_products,0.23025100000000001,4,True,
benchmark,7610,q9_orders_items_products_by_user,0.18820899999999999,0,True,
benchmark,7611,q10_top_sellers_qty,72.057591000000002,20,True,
benchmark,7612,q11_top_categories,0.136459,0,True,
benchmark,7613,q1_user_by_id,0.16220899999999999,1,True,
benchmark,7614,q2_all_users,3.11225,200,True,
benchmark,7615,q3_user_by_login,0.157999,1,True,
benchmark,7616,q4_sellers_rating,36.857875,100,True,
benchmark,7617,q5_orders_offset,1.465125,50,True,
benchmark,7618,q6_products_by_seller,0.155499,2,True,
benchmark,7619,q7_products_join_sellers,0.209041,2,True,
benchmark,7620,q8_order_items_join_products,0.21737500000000001,3,True,
benchmark,7621,q9_orders_items_products_by_user,0.19528999999999999,0,True,
benchmark,7622,q10_top_sellers_qty,70.464752000000004,20,True,
benchmark,7623,q11_top_categories,0.155,0,True,
benchmark,7624,q1_user_by_id,0.137291,1,True,
benchmark,7625,q2_all_users,3.7213750000000001,200,True,
benchmark,7626,q3_user_by_login,0.143375,1,True,
benchmark,7627,q4_sellers_rating,42.163625000000003,100,True,
benchmark,7628,q5_orders_offset,1.653,50,True,
benchmark,7629,q6_products_by_seller,0.190916,1,True,
benchmark,7630,q7_products_join_sellers,0.2505,1,True,
benchmark,7631,q8_order_items_join_products,0.23166700000000001,1,True,
benchmark,7632,q9_orders_items_products_by_user,0.56891899999999995,1,True,
benchmark,7633,q10_top_sellers_qty,80.278789000000003,20,True,
benchmark,7634,q11_top_categories,0.144292,0,True,
benchmark,7635,q1_user_by_id,0.19683300000000001,1,True,
benchmark,7636,q2_all_users,3.3248739999999999,200,True,
benchmark,7637,q3_user_by_login,0.18166599999999999,1,True,
benchmark,7638,q4_sellers_rating,42.796999999999997,100,True,
benchmark,7639,q5_orders_offset,1.469875,50,True,
benchmark,7640,q6_products_by_seller,0.14166699999999999,2,True,
benchmark,7641,q7_products_join_sellers,0.19445799999999999,2,True,
benchmark,7642,q8_order_items_join_products,0.21045900000000001,2,True,
benchmark,7643,q9_orders_items_products_by_user,0.190083,0,True,
benchmark,7644,q10_top_sellers_qty,68.549707999999995,20,True,
benchmark,7645,q11_top_categories,0.13791700000000001,0,True,
benchmark,7646,q1_user_by_id,0.186751,1,True,
benchmark,7647,q2_all_users,3.347458,200,True,
benchmark,7648,q3_user_by_login,0.25029099999999999,1,True,
benchmark,7649,q4_sellers_rating,45.719999999999999,100,True,
benchmark,7650,q5_orders_offset,1.5990009999999999,50,True,
benchmark,7651,q6_products_by_seller,0.081334000000000004,0,True,
benchmark,7652,q7_products_join_sellers,0.081459000000000004,0,True,
benchmark,7653,q8_order_items_join_products,0.20866599999999999,1,True,
benchmark,7654,q9_orders_items_products_by_user,0.93487399999999998,6,True,
benchmark,7655,q10_top_sellers_qty,79.190168,20,True,
benchmark,7656,q11_top_categories,0.14283299999999999,0,True,
benchmark,7657,q1_user_by_id,0.12854199999999999,1,True,
benchmark,7658,q2_all_users,3.10025,200,True,
benchmark,7659,q3_user_by_login,0.245,1,True,
benchmark,7660,q4_sellers_rating,45.197000000000003,100,True,
benchmark,7661,q5_orders_offset,1.6439589999999999,50,True,
benchmark,7662,q6_products_by_seller,0.152167,1,True,
benchmark,7663,q7_products_join_sellers,0.20624999999999999,1,True,
benchmark,7664,q8_order_items_join_products,0.216583,2,True,
benchmark,7665,q9_orders_items_products_by_user,0.27379100000000001,0,True,
benchmark,7666,q10_top_sellers_qty,62.447087000000003,20,True,
benchmark,7667,q11_top_categories,0.14599999999999999,0,True,
benchmark,7668,q1_user_by_id,0.22754099999999999,1,True,
benchmark,7669,q2_all_users,7.3866670000000001,200,True,
benchmark,7670,q3_user_by_login,0.21929100000000001,1,True,
benchmark,7671,q4_sellers_rating,44.011457999999998,100,True,
benchmark,7672,q5_orders_offset,1.5825,50,True,
benchmark,7673,q6_products_by_seller,0.092874999999999999,0,True,
benchmark,7674,q7_products_join_sellers,0.092124999999999999,0,True,
benchmark,7675,q8_order_items_join_products,0.26587499999999997,2,True,
benchmark,7676,q9_orders_items_products_by_user,0.52016499999999999,4,True,
benchmark,7677,q10_top_sellers_qty,57.988920999999998,20,True,
benchmark,7678,q11_top_categories,0.13337499999999999,0,True,
benchmark,7679,q1_user_by_id,0.141874,1,True,
benchmark,7680,q2_all_users,3.6089169999999999,200,True,
benchmark,7681,q3_user_by_login,0.137375,1,True,
benchmark,7682,q4_sellers_rating,41.593499999999999,100,True,
benchmark,7683,q5_orders_offset,1.5258750000000001,50,True,
benchmark,7684,q6_products_by_seller,0.14908399999999999,2,True,
benchmark,7685,q7_products_join_sellers,0.213084,2,True,
benchmark,7686,q8_order_items_join_products,0.212668,2,True,
benchmark,7687,q9_orders_items_products_by_user,0.31679400000000002,0,True,
benchmark,7688,q10_top_sellers_qty,54.569789999999998,20,True,
benchmark,7689,q11_top_categories,0.25429200000000002,0,True,
benchmark,7690,q1_user_by_id,0.24929100000000001,1,True,
benchmark,7691,q2_all_users,3.3562080000000001,200,True,
benchmark,7692,q3_user_by_login,0.19983300000000001,1,True,
benchmark,7693,q4_sellers_rating,42.421292999999999,100,True,
benchmark,7694,q5_orders_offset,1.5790420000000001,50,True,
benchmark,7695,q6_products_by_seller,0.081375000000000003,0,True,
benchmark,7696,q7_products_join_sellers,0.079834000000000002,0,True,
benchmark,7697,q8_order_items_join_products,0.22229199999999999,4,True,
benchmark,7698,q9_orders_items_products_by_user,0.45516699999999999,2,True,
benchmark,7699,q10_top_sellers_qty,62.490335000000002,20,True,
benchmark,7700,q11_top_categories,0.124083,0,True,
benchmark,7701,q1_user_by_id,0.189916,1,True,
benchmark,7702,q2_all_users,4.336417,200,True,
benchmark,7703,q3_user_by_login,0.25312499999999999,1,True,
benchmark,7704,q4_sellers_rating,45.822375000000001,100,True,
benchmark,7705,q5_orders_offset,1.5909580000000001,50,True,
benchmark,7706,q6_products_by_seller,0.15670799999999999,1,True,
benchmark,7707,q7_products_join_sellers,0.20316600000000001,1,True,
benchmark,7708,q8_order_items_join_products,0.221167,1,True,
benchmark,7709,q9_orders_items_products_by_user,0.48745899999999998,4,True,
benchmark,7710,q10_top_sellers_qty,55.418581000000003,20,True,
benchmark,7711,q11_top_categories,0.088416999999999996,0,True,
benchmark,7712,q1_user_by_id,0.15995799999999999,1,True,
benchmark,7713,q2_all_users,5.8105000000000002,200,True,
benchmark,7714,q3_user_by_login,0.138708,1,True,
benchmark,7715,q4_sellers_rating,47.966124000000001,100,True,
benchmark,7716,q5_orders_offset,1.6241239999999999,50,True,
benchmark,7717,q6_products_by_seller,0.142375,1,True,
benchmark,7718,q7_products_join_sellers,0.206209,1,True,
benchmark,7719,q8_order_items_join_products,0.204708,4,True,
benchmark,7720,q9_orders_items_products_by_user,0.061584,0,True,
benchmark,7721,q10_top_sellers_qty,60.200834,20,True,
benchmark,7722,q11_top_categories,0.15287500000000001,0,True,
benchmark,7723,q1_user_by_id,0.11958299999999999,1,True,
benchmark,7724,q2_all_users,3.8660410000000001,200,True,
benchmark,7725,q3_user_by_login,0.17745900000000001,1,True,
benchmark,7726,q4_sellers_rating,41.191249999999997,100,True,
benchmark,7727,q5_orders_offset,1.5559160000000001,50,True,
benchmark,7728,q6_products_by_seller,0.156666,1,True,
benchmark,7729,q7_products_join_sellers,0.20991699999999999,1,True,
benchmark,7730,q8_order_items_join_products,0.19616700000000001,2,True,
benchmark,7731,q9_orders_items_products_by_user,0.18645800000000001,0,True,
benchmark,7732,q10_top_sellers_qty,69.772294000000002,20,True,
benchmark,7733,q11_top_categories,0.17641699999999999,0,True,
benchmark,7734,q1_user_by_id,0.232876,1,True,
benchmark,7735,q2_all_users,3.6581670000000002,200,True,
benchmark,7736,q3_user_by_login,0.26516699999999999,1,True,
benchmark,7737,q4_sellers_rating,42.692,100,True,
benchmark,7738,q5_orders_offset,4.7748749999999998,50,True,
benchmark,7739,q6_products_by_seller,0.142375,2,True,
benchmark,7740,q7_products_join_sellers,0.26650200000000002,2,True,
benchmark,7741,q8_order_items_join_products,0.20896000000000001,3,True,
benchmark,7742,q9_orders_items_products_by_user,0.091332999999999998,0,True,
benchmark,7743,q10_top_sellers_qty,66.552001000000004,20,True,
benchmark,7744,q11_top_categories,0.19958300000000001,0,True,
benchmark,7745,q1_user_by_id,0.19416600000000001,1,True,
benchmark,7746,q2_all_users,3.374209,200,True,
benchmark,7747,q3_user_by_login,0.20200099999999999,1,True,
benchmark,7748,q4_sellers_rating,43.001415999999999,100,True,
benchmark,7749,q5_orders_offset,1.5157080000000001,50,True,
benchmark,7750,q6_products_by_seller,0.072833999999999996,0,True,
benchmark,7751,q7_products_join_sellers,0.080167000000000002,0,True,
benchmark,7752,q8_order_items_join_products,0.202793,1,True,
benchmark,7753,q9_orders_items_products_by_user,0.066334000000000004,0,True,
benchmark,7754,q10_top_sellers_qty,59.063670000000002,20,True,
benchmark,7755,q11_top_categories,0.138875,0,True,
benchmark,7756,q1_user_by_id,0.158333,1,True,
benchmark,7757,q2_all_users,3.6989999999999998,200,True,
benchmark,7758,q3_user_by_login,0.18129100000000001,1,True,
benchmark,7759,q4_sellers_rating,44.371250000000003,100,True,
benchmark,7760,q5_orders_offset,1.5164169999999999,50,True,
benchmark,7761,q6_products_by_seller,0.15354200000000001,1,True,
benchmark,7762,q7_products_join_sellers,0.20424900000000001,1,True,
benchmark,7763,q8_order_items_join_products,0.22670899999999999,5,True,
benchmark,7764,q9_orders_items_products_by_user,0.065417000000000003,0,True,
benchmark,7765,q10_top_sellers_qty,58.283000000000001,20,True,
benchmark,7766,q11_top_categories,0.13833300000000001,0,True,
benchmark,7767,q1_user_by_id,0.187584,1,True,
benchmark,7768,q2_all_users,3.155583,200,True,
benchmark,7769,q3_user_by_login,0.14433399999999999,1,True,
benchmark,7770,q4_sellers_rating,42.278832999999999,100,True,
benchmark,7771,q5_orders_offset,1.535291,50,True,
benchmark,7772,q6_products_by_seller,0.16087499999999999,1,True,
benchmark,7773,q7_products_join_sellers,0.20491599999999999,1,True,
benchmark,7774,q8_order_items_join_products,0.19441700000000001,2,True,
benchmark,7775,q9_orders_items_products_by_user,0.51870700000000003,3,True,
benchmark,7776,q10_top_sellers_qty,59.812497,20,True,
benchmark,7777,q11_top_categories,0.13120899999999999,0,True,
benchmark,7778,q1_user_by_id,0.27066600000000002,1,True,
benchmark,7779,q2_all_users,3.6133329999999999,200,True,
benchmark,7780,q3_user_by_login,0.23075000000000001,1,True,
benchmark,7781,q4_sellers_rating,44.857083000000003,100,True,
benchmark,7782,q5_orders_offset,1.561625,50,True,
benchmark,7783,q6_products_by_seller,0.151416,1,True,
benchmark,7784,q7_products_join_sellers,0.22175,1,True,
benchmark,7785,q8_order_items_join_products,0.21645800000000001,5,True,
benchmark,7786,q9_orders_items_products_by_user,0.063709000000000002,0,True,
benchmark,7787,q10_top_sellers_qty,80.955753000000001,20,True,
benchmark,7788,q11_top_categories,1.863167,0,True,
benchmark,7789,q1_user_by_id,0.176124,1,True,
benchmark,7790,q2_all_users,3.0771250000000001,200,True,
benchmark,7791,q3_user_by_login,0.16112499999999999,1,True,
benchmark,7792,q4_sellers_rating,43.570542000000003,100,True,
benchmark,7793,q5_orders_offset,4.4157500000000001,50,True,
benchmark,7794,q6_products_by_seller,0.061749999999999999,0,True,
benchmark,7795,q7_products_join_sellers,0.075124999999999997,0,True,
benchmark,7796,q8_order_items_join_products,0.21179200000000001,5,True,
benchmark,7797,q9_orders_items_products_by_user,0.45783400000000002,3,True,
benchmark,7798,q10_top_sellers_qty,63.70279,20,True,
benchmark,7799,q11_top_categories,0.151666,0,True,
benchmark,7800,q1_user_by_id,0.123374,1,True,
benchmark,7801,q2_all_users,3.385751,200,True,
benchmark,7802,q3_user_by_login,0.21662500000000001,1,True,
benchmark,7803,q4_sellers_rating,44.462375000000002,100,True,
benchmark,7804,q5_orders_offset,1.555291,50,True,
benchmark,7805,q6_products_by_seller,0.192166,1,True,
benchmark,7806,q7_products_join_sellers,0.17341599999999999,1,True,
benchmark,7807,q8_order_items_join_products,0.16175,2,True,
benchmark,7808,q9_orders_items_products_by_user,0.091707999999999998,0,True,
benchmark,7809,q10_top_sellers_qty,83.051625999999999,20,True,
benchmark,7810,q11_top_categories,0.096875000000000003,0,True,
benchmark,7811,q1_user_by_id,0.12529199999999999,1,True,
benchmark,7812,q2_all_users,3.335458,200,True,
benchmark,7813,q3_user_by_login,0.20724999999999999,1,True,
benchmark,7814,q4_sellers_rating,54.939915999999997,100,True,
benchmark,7815,q5_orders_offset,1.483249,50,True,
benchmark,7816,q6_products_by_seller,0.15295800000000001,1,True,
benchmark,7817,q7_products_join_sellers,0.22220699999999999,1,True,
benchmark,7818,q8_order_items_join_products,0.22275,3,True,
benchmark,7819,q9_orders_items_products_by_user,0.57124900000000001,5,True,
benchmark,7820,q10_top_sellers_qty,65.598290000000006,20,True,
benchmark,7821,q11_top_categories,0.142375,0,True,
benchmark,7822,q1_user_by_id,0.13975000000000001,1,True,
benchmark,7823,q2_all_users,3.3058749999999999,200,True,
benchmark,7824,q3_user_by_login,0.21329200000000001,1,True,
benchmark,7825,q4_sellers_rating,41.672668000000002,100,True,
benchmark,7826,q5_orders_offset,1.483708,50,True,
benchmark,7827,q6_products_by_seller,0.158416,4,True,
benchmark,7828,q7_products_join_sellers,0.217833,4,True,
benchmark,7829,q8_order_items_join_products,0.206709,2,True,
benchmark,7830,q9_orders_items_products_by_user,0.19579099999999999,0,True,
benchmark,7831,q10_top_sellers_qty,69.690256000000005,20,True,
benchmark,7832,q11_top_categories,0.13858400000000001,0,True,
benchmark,7833,q1_user_by_id,0.15304100000000001,1,True,
benchmark,7834,q2_all_users,3.7269160000000001,200,True,
benchmark,7835,q3_user_by_login,0.13800000000000001,1,True,
benchmark,7836,q4_sellers_rating,44.073416000000002,100,True,
benchmark,7837,q5_orders_offset,1.6336250000000001,50,True,
benchmark,7838,q6_products_by_seller,0.153334,4,True,
benchmark,7839,q7_products_join_sellers,0.20733299999999999,4,True,
benchmark,7840,q8_order_items_join_products,0.244084,5,True,
benchmark,7841,q9_orders_items_products_by_user,0.200791,0,True,
benchmark,7842,q10_top_sellers_qty,58.838546000000001,20,True,
benchmark,7843,q11_top_categories,0.13075000000000001,0,True,
benchmark,7844,q1_user_by_id,0.13841600000000001,1,True,
benchmark,7845,q2_all_users,3.3484579999999999,200,True,
benchmark,7846,q3_user_by_login,0.21237500000000001,1,True,
benchmark,7847,q4_sellers_rating,49.150084,100,True,
benchmark,7848,q5_orders_offset,1.478375,50,True,
benchmark,7849,q6_products_by_seller,0.141958,2,True,
benchmark,7850,q7_products_join_sellers,0.208125,2,True,
benchmark,7851,q8_order_items_join_products,0.188667,2,True,
benchmark,7852,q9_orders_items_products_by_user,0.067875000000000005,0,True,
benchmark,7853,q10_top_sellers_qty,64.703171999999995,20,True,
benchmark,7854,q11_top_categories,0.13233400000000001,0,True,
benchmark,7855,q1_user_by_id,0.12937499999999999,1,True,
benchmark,7856,q2_all_users,6.1330840000000002,200,True,
benchmark,7857,q3_user_by_login,0.27283400000000002,1,True,
benchmark,7858,q4_sellers_rating,59.251832999999998,100,True,
benchmark,7859,q5_orders_offset,1.519584,50,True,
benchmark,7860,q6_products_by_seller,0.071041999999999994,0,True,
benchmark,7861,q7_products_join_sellers,0.082333000000000003,0,True,
benchmark,7862,q8_order_items_join_products,0.215666,4,True,
benchmark,7863,q9_orders_items_products_by_user,0.19462499999999999,0,True,
benchmark,7864,q10_top_sellers_qty,69.923961000000006,20,True,
benchmark,7865,q11_top_categories,0.140708,0,True,
benchmark,7866,q1_user_by_id,0.14133200000000001,1,True,
benchmark,7867,q2_all_users,3.2965840000000002,200,True,
benchmark,7868,q3_user_by_login,0.18320900000000001,1,True,
benchmark,7869,q4_sellers_rating,41.684043000000003,100,True,
benchmark,7870,q5_orders_offset,1.552834,50,True,
benchmark,7871,q6_products_by_seller,0.069958000000000006,0,True,
benchmark,7872,q7_products_join_sellers,0.075874999999999998,0,True,
benchmark,7873,q8_order_items_join_products,0.208958,2,True,
benchmark,7874,q9_orders_items_products_by_user,0.59704199999999996,3,True,
benchmark,7875,q10_top_sellers_qty,80.383627000000004,20,True,
benchmark,7876,q11_top_categories,0.12812499999999999,0,True,
benchmark,7877,q1_user_by_id,0.23674999999999999,1,True,
benchmark,7878,q2_all_users,3.9643329999999999,200,True,
benchmark,7879,q3_user_by_login,0.14987600000000001,1,True,
benchmark,7880,q4_sellers_rating,44.467751,100,True,
benchmark,7881,q5_orders_offset,2.1643330000000001,50,True,
benchmark,7882,q6_products_by_seller,0.18837499999999999,1,True,
benchmark,7883,q7_products_join_sellers,0.23833399999999999,1,True,
benchmark,7884,q8_order_items_join_products,0.24070900000000001,5,True,
benchmark,7885,q9_orders_items_products_by_user,0.94608400000000004,4,True,
benchmark,7886,q10_top_sellers_qty,69.803914000000006,20,True,
benchmark,7887,q11_top_categories,0.139125,0,True,
benchmark,7888,q1_user_by_id,0.23641699999999999,1,True,
benchmark,7889,q2_all_users,3.4616669999999998,200,True,
benchmark,7890,q3_user_by_login,0.205375,1,True,
benchmark,7891,q4_sellers_rating,47.363917000000001,100,True,
benchmark,7892,q5_orders_offset,1.5644169999999999,50,True,
benchmark,7893,q6_products_by_seller,0.06225,0,True,
benchmark,7894,q7_products_join_sellers,0.060208999999999999,0,True,
benchmark,7895,q8_order_items_join_products,0.18754100000000001,5,True,
benchmark,7896,q9_orders_items_products_by_user,0.159833,0,True,
benchmark,7897,q10_top_sellers_qty,69.296091000000004,20,True,
benchmark,7898,q11_top_categories,0.16383300000000001,0,True,
benchmark,7899,q1_user_by_id,0.142541,1,True,
benchmark,7900,q2_all_users,3.489001,200,True,
benchmark,7901,q3_user_by_login,0.234209,1,True,
benchmark,7902,q4_sellers_rating,42.796832999999999,100,True,
benchmark,7903,q5_orders_offset,1.6284160000000001,50,True,
benchmark,7904,q6_products_by_seller,0.073582999999999996,0,True,
benchmark,7905,q7_products_join_sellers,0.064958000000000002,0,True,
benchmark,7906,q8_order_items_join_products,0.22212399999999999,3,True,
benchmark,7907,q9_orders_items_products_by_user,0.38487399999999999,2,True,
benchmark,7908,q10_top_sellers_qty,61.193992999999999,20,True,
benchmark,7909,q11_top_categories,0.14808399999999999,0,True,
benchmark,7910,q1_user_by_id,0.173457,1,True,
benchmark,7911,q2_all_users,3.2989999999999999,200,True,
benchmark,7912,q3_user_by_login,0.20954200000000001,1,True,
benchmark,7913,q4_sellers_rating,40.415208999999997,100,True,
benchmark,7914,q5_orders_offset,1.611834,50,True,
benchmark,7915,q6_products_by_seller,0.13708400000000001,3,True,
benchmark,7916,q7_products_join_sellers,0.25137500000000002,3,True,
benchmark,7917,q8_order_items_join_products,0.206542,3,True,
benchmark,7918,q9_orders_items_products_by_user,0.064167000000000002,0,True,
benchmark,7919,q10_top_sellers_qty,62.65513,20,True,
benchmark,7920,q11_top_categories,0.15845899999999999,0,True,
benchmark,7921,q1_user_by_id,0.223916,1,True,
benchmark,7922,q2_all_users,3.9057909999999998,200,True,
benchmark,7923,q3_user_by_login,0.16195799999999999,1,True,
benchmark,7924,q4_sellers_rating,45.937582999999997,100,True,
benchmark,7925,q5_orders_offset,1.504,50,True,
benchmark,7926,q6_products_by_seller,0.081250000000000003,0,True,
benchmark,7927,q7_products_join_sellers,0.083750000000000005,0,True,
benchmark,7928,q8_order_items_join_products,0.22225,1,True,
benchmark,7929,q9_orders_items_products_by_user,0.063500000000000001,0,True,
benchmark,7930,q10_top_sellers_qty,76.431202999999996,20,True,
benchmark,7931,q11_top_categories,0.25650000000000001,0,True,
benchmark,7932,q1_user_by_id,0.35200100000000001,1,True,
benchmark,7933,q2_all_users,6.2272080000000001,200,True,
benchmark,7934,q3_user_by_login,0.171208,1,True,
benchmark,7935,q4_sellers_rating,49.008248999999999,100,True,
benchmark,7936,q5_orders_offset,1.596751,50,True,
benchmark,7937,q6_products_by_seller,0.145042,1,True,
benchmark,7938,q7_products_join_sellers,0.198792,1,True,
benchmark,7939,q8_order_items_join_products,0.19408300000000001,2,True,
benchmark,7940,q9_orders_items_products_by_user,0.18079100000000001,0,True,
benchmark,7941,q10_top_sellers_qty,76.528414999999995,20,True,
benchmark,7942,q11_top_categories,0.13395799999999999,0,True,
benchmark,7943,q1_user_by_id,0.174958,1,True,
benchmark,7944,q2_all_users,3.1957089999999999,200,True,
benchmark,7945,q3_user_by_login,0.276584,1,True,
benchmark,7946,q4_sellers_rating,43.062750000000001,100,True,
benchmark,7947,q5_orders_offset,1.4464999999999999,50,True,
benchmark,7948,q6_products_by_seller,0.079417000000000001,0,True,
benchmark,7949,q7_products_join_sellers,0.082542000000000004,0,True,
benchmark,7950,q8_order_items_join_products,0.25287399999999999,4,True,
benchmark,7951,q9_orders_items_products_by_user,1.2780819999999999,12,True,
benchmark,7952,q10_top_sellers_qty,70.003584000000004,20,True,
benchmark,7953,q11_top_categories,0.14191599999999999,0,True,
benchmark,7954,q1_user_by_id,0.16650000000000001,1,True,
benchmark,7955,q2_all_users,3.502875,200,True,
benchmark,7956,q3_user_by_login,0.13916700000000001,1,True,
benchmark,7957,q4_sellers_rating,37.235292999999999,100,True,
benchmark,7958,q5_orders_offset,1.6354580000000001,50,True,
benchmark,7959,q6_products_by_seller,0.089499999999999996,0,True,
benchmark,7960,q7_products_join_sellers,0.087166999999999994,0,True,
benchmark,7961,q8_order_items_join_products,0.24062500000000001,5,True,
benchmark,7962,q9_orders_items_products_by_user,0.48000100000000001,3,True,
benchmark,7963,q10_top_sellers_qty,70.671245999999996,20,True,
benchmark,7964,q11_top_categories,0.151333,0,True,
benchmark,7965,q1_user_by_id,0.125083,1,True,
benchmark,7966,q2_all_users,3.6754579999999999,200,True,
benchmark,7967,q3_user_by_login,0.21170900000000001,1,True,
benchmark,7968,q4_sellers_rating,42.444375000000001,100,True,
benchmark,7969,q5_orders_offset,1.591834,50,True,
benchmark,7970,q6_products_by_seller,0.080500000000000002,0,True,
benchmark,7971,q7_products_join_sellers,0.087415999999999994,0,True,
benchmark,7972,q8_order_items_join_products,0.262291,4,True,
benchmark,7973,q9_orders_items_products_by_user,0.070916999999999994,0,True,
benchmark,7974,q10_top_sellers_qty,74.290383000000006,20,True,
benchmark,7975,q11_top_categories,0.13237499999999999,0,True,
benchmark,7976,q1_user_by_id,0.172958,1,True,
benchmark,7977,q2_all_users,3.6084580000000002,200,True,
benchmark,7978,q3_user_by_login,0.17766699999999999,1,True,
benchmark,7979,q4_sellers_rating,46.077874999999999,100,True,
benchmark,7980,q5_orders_offset,1.6038749999999999,50,True,
benchmark,7981,q6_products_by_seller,0.078083,0,True,
benchmark,7982,q7_products_join_sellers,0.082000000000000003,0,True,
benchmark,7983,q8_order_items_join_products,0.19541600000000001,2,True,
benchmark,7984,q9_orders_items_products_by_user,0.313166,1,True,
benchmark,7985,q10_top_sellers_qty,62.541052000000001,20,True,
benchmark,7986,q11_top_categories,0.13716700000000001,0,True,
benchmark,7987,q1_user_by_id,0.13550000000000001,1,True,
benchmark,7988,q2_all_users,6.0181250000000004,200,True,
benchmark,7989,q3_user_by_login,0.15537400000000001,1,True,
benchmark,7990,q4_sellers_rating,48.262250999999999,100,True,
benchmark,7991,q5_orders_offset,1.5287500000000001,50,True,
benchmark,7992,q6_products_by_seller,0.12870799999999999,1,True,
benchmark,7993,q7_products_join_sellers,0.19458300000000001,1,True,
benchmark,7994,q8_order_items_join_products,0.235291,4,True,
benchmark,7995,q9_orders_items_products_by_user,0.070874999999999994,0,True,
benchmark,7996,q10_top_sellers_qty,57.219633000000002,20,True,
benchmark,7997,q11_top_categories,0.145458,0,True,
benchmark,7998,q1_user_by_id,0.170875,1,True,
benchmark,7999,q2_all_users,3.5877500000000002,200,True,
benchmark,8000,q3_user_by_login,0.13783300000000001,1,True,
benchmark,8001,q4_sellers_rating,41.198250000000002,100,True,
benchmark,8002,q5_orders_offset,1.423,50,True,
benchmark,8003,q6_products_by_seller,0.15437500000000001,1,True,
benchmark,8004,q7_products_join_sellers,0.20791699999999999,1,True,
benchmark,8005,q8_order_items_join_products,0.220083,5,True,
benchmark,8006,q9_orders_items_products_by_user,0.066625000000000004,0,True,
benchmark,8007,q10_top_sellers_qty,58.032127000000003,20,True,
benchmark,8008,q11_top_categories,0.18016599999999999,0,True,
benchmark,8009,q1_user_by_id,0.218667,1,True,
benchmark,8010,q2_all_users,3.7313749999999999,200,True,
benchmark,8011,q3_user_by_login,0.21287500000000001,1,True,
benchmark,8012,q4_sellers_rating,40.819374000000003,100,True,
benchmark,8013,q5_orders_offset,4.4691669999999997,50,True,
benchmark,8014,q6_products_by_seller,0.11529200000000001,0,True,
benchmark,8015,q7_products_join_sellers,0.083000000000000004,0,True,
benchmark,8016,q8_order_items_join_products,0.29941800000000002,3,True,
benchmark,8017,q9_orders_items_products_by_user,0.317417,0,True,
benchmark,8018,q10_top_sellers_qty,56.295414000000001,20,True,
benchmark,8019,q11_top_categories,0.19354099999999999,0,True,
benchmark,8020,q1_user_by_id,0.19416700000000001,1,True,
benchmark,8021,q2_all_users,3.058084,200,True,
benchmark,8022,q3_user_by_login,0.16724900000000001,1,True,
benchmark,8023,q4_sellers_rating,39.673082999999998,100,True,
benchmark,8024,q5_orders_offset,1.5496669999999999,50,True,
benchmark,8025,q6_products_by_seller,0.15695799999999999,2,True,
benchmark,8026,q7_products_join_sellers,0.22254199999999999,2,True,
benchmark,8027,q8_order_items_join_products,0.19458300000000001,1,True,
benchmark,8028,q9_orders_items_products_by_user,0.062290999999999999,0,True,
benchmark,8029,q10_top_sellers_qty,60.860039,20,True,
benchmark,8030,q11_top_categories,0.12575,0,True,
benchmark,8031,q1_user_by_id,0.199042,1,True,
benchmark,8032,q2_all_users,3.925125,200,True,
benchmark,8033,q3_user_by_login,0.325376,1,True,
benchmark,8034,q4_sellers_rating,44.725332999999999,100,True,
benchmark,8035,q5_orders_offset,1.5532090000000001,50,True,
benchmark,8036,q6_products_by_seller,0.078417000000000001,0,True,
benchmark,8037,q7_products_join_sellers,0.076499999999999999,0,True,
benchmark,8038,q8_order_items_join_products,0.22612499999999999,3,True,
benchmark,8039,q9_orders_items_products_by_user,0.437083,3,True,
benchmark,8040,q10_top_sellers_qty,64.904246000000001,20,True,
benchmark,8041,q11_top_categories,0.13062499999999999,0,True,
benchmark,8042,q1_user_by_id,0.13641700000000001,1,True,
benchmark,8043,q2_all_users,6.6705829999999997,200,True,
benchmark,8044,q3_user_by_login,0.141291,1,True,
benchmark,8045,q4_sellers_rating,44.190708000000001,100,True,
benchmark,8046,q5_orders_offset,1.598625,50,True,
benchmark,8047,q6_products_by_seller,0.13541700000000001,1,True,
benchmark,8048,q7_products_join_sellers,0.2135,1,True,
benchmark,8049,q8_order_items_join_products,0.206542,3,True,
benchmark,8050,q9_orders_items_products_by_user,0.065792000000000003,0,True,
benchmark,8051,q10_top_sellers_qty,56.414752999999997,20,True,
benchmark,8052,q11_top_categories,0.176875,0,True,
benchmark,8053,q1_user_by_id,0.14908399999999999,1,True,
benchmark,8054,q2_all_users,3.78925,200,True,
benchmark,8055,q3_user_by_login,0.18545900000000001,1,True,
benchmark,8056,q4_sellers_rating,41.017457999999998,100,True,
benchmark,8057,q5_orders_offset,1.5080420000000001,50,True,
benchmark,8058,q6_products_by_seller,0.152417,1,True,
benchmark,8059,q7_products_join_sellers,0.21195800000000001,1,True,
benchmark,8060,q8_order_items_join_products,0.21970899999999999,4,True,
benchmark,8061,q9_orders_items_products_by_user,0.062958,0,True,
benchmark,8062,q10_top_sellers_qty,65.947284999999994,20,True,
benchmark,8063,q11_top_categories,0.12887499999999999,0,True,
benchmark,8064,q1_user_by_id,0.23491699999999999,1,True,
benchmark,8065,q2_all_users,3.7247080000000001,200,True,
benchmark,8066,q3_user_by_login,0.13850000000000001,1,True,
benchmark,8067,q4_sellers_rating,44.884458000000002,100,True,
benchmark,8068,q5_orders_offset,4.8217920000000003,50,True,
benchmark,8069,q6_products_by_seller,0.16166700000000001,1,True,
benchmark,8070,q7_products_join_sellers,0.20600099999999999,1,True,
benchmark,8071,q8_order_items_join_products,0.21675,5,True,
benchmark,8072,q9_orders_items_products_by_user,0.077207999999999999,0,True,
benchmark,8073,q10_top_sellers_qty,56.639119999999998,20,True,
benchmark,8074,q11_top_categories,0.13850000000000001,0,True,
benchmark,8075,q1_user_by_id,0.154416,1,True,
benchmark,8076,q2_all_users,3.0181249999999999,200,True,
benchmark,8077,q3_user_by_login,0.31804199999999999,1,True,
benchmark,8078,q4_sellers_rating,42.299332999999997,100,True,
benchmark,8079,q5_orders_offset,1.4590000000000001,50,True,
benchmark,8080,q6_products_by_seller,0.151916,1,True,
benchmark,8081,q7_products_join_sellers,0.199208,1,True,
benchmark,8082,q8_order_items_join_products,0.21091599999999999,4,True,
benchmark,8083,q9_orders_items_products_by_user,0.54870699999999994,4,True,
benchmark,8084,q10_top_sellers_qty,56.586497000000001,20,True,
benchmark,8085,q11_top_categories,0.13391600000000001,0,True,
benchmark,8086,q1_user_by_id,0.141292,1,True,
benchmark,8087,q2_all_users,5.4051260000000001,200,True,
benchmark,8088,q3_user_by_login,0.220834,1,True,
benchmark,8089,q4_sellers_rating,41.796332999999997,100,True,
benchmark,8090,q5_orders_offset,1.4900009999999999,50,True,
benchmark,8091,q6_products_by_seller,0.14491699999999999,1,True,
benchmark,8092,q7_products_join_sellers,0.21462400000000001,1,True,
benchmark,8093,q8_order_items_join_products,0.21045900000000001,4,True,
benchmark,8094,q9_orders_items_products_by_user,0.54258300000000004,3,True,
benchmark,8095,q10_top_sellers_qty,77.451627000000002,20,True,
benchmark,8096,q11_top_categories,0.13162499999999999,0,True,
benchmark,8097,q1_user_by_id,0.171542,1,True,
benchmark,8098,q2_all_users,3.310209,200,True,
benchmark,8099,q3_user_by_login,0.183334,1,True,
benchmark,8100,q4_sellers_rating,43.778917,100,True,
benchmark,8101,q5_orders_offset,1.515417,50,True,
benchmark,8102,q6_products_by_seller,0.084750000000000006,0,True,
benchmark,8103,q7_products_join_sellers,0.082792000000000004,0,True,
benchmark,8104,q8_order_items_join_products,0.20908299999999999,2,True,
benchmark,8105,q9_orders_items_products_by_user,0.499334,4,True,
benchmark,8106,q10_top_sellers_qty,70.596207000000007,20,True,
benchmark,8107,q11_top_categories,0.15054200000000001,0,True,
benchmark,8108,q1_user_by_id,0.18362600000000001,1,True,
benchmark,8109,q2_all_users,3.4083760000000001,200,True,
benchmark,8110,q3_user_by_login,0.183917,1,True,
benchmark,8111,q4_sellers_rating,45.946500999999998,100,True,
benchmark,8112,q5_orders_offset,2.021334,50,True,
benchmark,8113,q6_products_by_seller,0.087165999999999993,0,True,
benchmark,8114,q7_products_join_sellers,0.073083999999999996,0,True,
benchmark,8115,q8_order_items_join_products,0.26458399999999999,4,True,
benchmark,8116,q9_orders_items_products_by_user,0.682751,4,True,
benchmark,8117,q10_top_sellers_qty,62.966918999999997,20,True,
benchmark,8118,q11_top_categories,0.2455,0,True,
benchmark,8119,q1_user_by_id,0.219999,1,True,
benchmark,8120,q2_all_users,7.080292,200,True,
benchmark,8121,q3_user_by_login,0.15237500000000001,1,True,
benchmark,8122,q4_sellers_rating,41.903374999999997,100,True,
benchmark,8123,q5_orders_offset,1.526124,50,True,
benchmark,8124,q6_products_by_seller,0.1585,3,True,
benchmark,8125,q7_products_join_sellers,0.21270900000000001,3,True,
benchmark,8126,q8_order_items_join_products,0.212168,5,True,
benchmark,8127,q9_orders_items_products_by_user,0.065458000000000002,0,True,
benchmark,8128,q10_top_sellers_qty,59.438709000000003,20,True,
benchmark,8129,q11_top_categories,0.15054200000000001,0,True,
benchmark,8130,q1_user_by_id,0.13908300000000001,1,True,
benchmark,8131,q2_all_users,3.3406669999999998,200,True,
benchmark,8132,q3_user_by_login,0.151083,1,True,
benchmark,8133,q4_sellers_rating,50.467624999999998,100,True,
benchmark,8134,q5_orders_offset,1.5867910000000001,50,True,
benchmark,8135,q6_products_by_seller,0.16295899999999999,1,True,
benchmark,8136,q7_products_join_sellers,0.21254200000000001,1,True,
benchmark,8137,q8_order_items_join_products,0.222416,2,True,
benchmark,8138,q9_orders_items_products_by_user,0.31137500000000001,1,True,
benchmark,8139,q10_top_sellers_qty,58.888533000000002,20,True,
benchmark,8140,q11_top_categories,0.151833,0,True,
benchmark,8141,q1_user_by_id,0.13337499999999999,1,True,
benchmark,8142,q2_all_users,3.2761659999999999,200,True,
benchmark,8143,q3_user_by_login,0.16816700000000001,1,True,
benchmark,8144,q4_sellers_rating,43.896124,100,True,
benchmark,8145,q5_orders_offset,5.7357079999999998,50,True,
benchmark,8146,q6_products_by_seller,0.306751,2,True,
benchmark,8147,q7_products_join_sellers,0.35145700000000002,2,True,
benchmark,8148,q8_order_items_join_products,0.25479200000000002,4,True,
benchmark,8149,q9_orders_items_products_by_user,0.78295700000000001,2,True,
benchmark,8150,q10_top_sellers_qty,62.304040000000001,20,True,
benchmark,8151,q11_top_categories,0.14724999999999999,0,True,
benchmark,8152,q1_user_by_id,0.14841599999999999,1,True,
benchmark,8153,q2_all_users,3.5954169999999999,200,True,
benchmark,8154,q3_user_by_login,0.25858300000000001,1,True,
benchmark,8155,q4_sellers_rating,45.010125000000002,100,True,
benchmark,8156,q5_orders_offset,1.534043,50,True,
benchmark,8157,q6_products_by_seller,0.15245900000000001,1,True,
benchmark,8158,q7_products_join_sellers,0.21912499999999999,1,True,
benchmark,8159,q8_order_items_join_products,0.23049900000000001,2,True,
benchmark,8160,q9_orders_items_products_by_user,0.063,0,True,
benchmark,8161,q10_top_sellers_qty,61.358251000000003,20,True,
benchmark,8162,q11_top_categories,0.139791,0,True,
benchmark,8163,q1_user_by_id,0.144542,1,True,
benchmark,8164,q2_all_users,5.4620009999999999,200,True,
benchmark,8165,q3_user_by_login,0.14720900000000001,1,True,
benchmark,8166,q4_sellers_rating,39.306168,100,True,
benchmark,8167,q5_orders_offset,1.5324580000000001,50,True,
benchmark,8168,q6_products_by_seller,0.091707999999999998,0,True,
benchmark,8169,q7_products_join_sellers,0.076665999999999998,0,True,
benchmark,8170,q8_order_items_join_products,0.237209,3,True,
benchmark,8171,q9_orders_items_products_by_user,0.21170800000000001,0,True,
benchmark,8172,q10_top_sellers_qty,57.554665,20,True,
benchmark,8173,q11_top_categories,0.158,0,True,
benchmark,8174,q1_user_by_id,0.19020799999999999,1,True,
benchmark,8175,q2_all_users,3.3786670000000001,200,True,
benchmark,8176,q3_user_by_login,0.189833,1,True,
benchmark,8177,q4_sellers_rating,40.927083000000003,100,True,
benchmark,8178,q5_orders_offset,1.454958,50,True,
benchmark,8179,q6_products_by_seller,0.081209000000000003,0,True,
benchmark,8180,q7_products_join_sellers,0.081750000000000003,0,True,
benchmark,8181,q8_order_items_join_products,0.220417,5,True,
benchmark,8182,q9_orders_items_products_by_user,0.19883400000000001,0,True,
benchmark,8183,q10_top_sellers_qty,58.097248,20,True,
benchmark,8184,q11_top_categories,0.138958,0,True,
benchmark,8185,q1_user_by_id,0.138875,1,True,
benchmark,8186,q2_all_users,3.3662489999999998,200,True,
benchmark,8187,q3_user_by_login,0.171375,1,True,
benchmark,8188,q4_sellers_rating,40.707707999999997,100,True,
benchmark,8189,q5_orders_offset,1.6175839999999999,50,True,
benchmark,8190,q6_products_by_seller,0.17895900000000001,1,True,
benchmark,8191,q7_products_join_sellers,0.219583,1,True,
benchmark,8192,q8_order_items_join_products,0.2205,4,True,
benchmark,8193,q9_orders_items_products_by_user,0.063250000000000001,0,True,
benchmark,8194,q10_top_sellers_qty,60.199629999999999,20,True,
benchmark,8195,q11_top_categories,0.141791,0,True,
benchmark,8196,q1_user_by_id,0.137292,1,True,
benchmark,8197,q2_all_users,3.0566249999999999,200,True,
benchmark,8198,q3_user_by_login,0.21554200000000001,1,True,
benchmark,8199,q4_sellers_rating,42.442416999999999,100,True,
benchmark,8200,q5_orders_offset,1.640083,50,True,
benchmark,8201,q6_products_by_seller,0.15062500000000001,3,True,
benchmark,8202,q7_products_join_sellers,0.22766600000000001,3,True,
benchmark,8203,q8_order_items_join_products,0.22195899999999999,4,True,
benchmark,8204,q9_orders_items_products_by_user,0.067709000000000005,0,True,
benchmark,8205,q10_top_sellers_qty,59.806592000000002,20,True,
benchmark,8206,q11_top_categories,0.13200000000000001,0,True,
benchmark,8207,q1_user_by_id,0.150834,1,True,
benchmark,8208,q2_all_users,3.298041,200,True,
benchmark,8209,q3_user_by_login,0.21245800000000001,1,True,
benchmark,8210,q4_sellers_rating,39.838292000000003,100,True,
benchmark,8211,q5_orders_offset,1.4614579999999999,50,True,
benchmark,8212,q6_products_by_seller,0.151667,1,True,
benchmark,8213,q7_products_join_sellers,0.206792,1,True,
benchmark,8214,q8_order_items_join_products,0.21124999999999999,4,True,
benchmark,8215,q9_orders_items_products_by_user,0.174958,0,True,
benchmark,8216,q10_top_sellers_qty,74.145498000000003,20,True,
benchmark,8217,q11_top_categories,0.136041,0,True,
benchmark,8218,q1_user_by_id,0.14679200000000001,1,True,
benchmark,8219,q2_all_users,5.6574999999999998,200,True,
benchmark,8220,q3_user_by_login,0.156333,1,True,
benchmark,8221,q4_sellers_rating,41.352249999999998,100,True,
benchmark,8222,q5_orders_offset,1.509833,50,True,
benchmark,8223,q6_products_by_seller,0.077124999999999999,0,True,
benchmark,8224,q7_products_join_sellers,0.066584000000000004,0,True,
benchmark,8225,q8_order_items_join_products,0.222417,4,True,
benchmark,8226,q9_orders_items_products_by_user,0.44516499999999998,2,True,
benchmark,8227,q10_top_sellers_qty,71.376251999999994,20,True,
benchmark,8228,q11_top_categories,0.13958400000000001,0,True,
benchmark,8229,q1_user_by_id,0.17691699999999999,1,True,
benchmark,8230,q2_all_users,3.6388750000000001,200,True,
benchmark,8231,q3_user_by_login,0.21199999999999999,1,True,
benchmark,8232,q4_sellers_rating,39.215958999999998,100,True,
benchmark,8233,q5_orders_offset,1.506751,50,True,
benchmark,8234,q6_products_by_seller,0.082834000000000005,0,True,
benchmark,8235,q7_products_join_sellers,0.078209000000000001,0,True,
benchmark,8236,q8_order_items_join_products,0.21970899999999999,1,True,
benchmark,8237,q9_orders_items_products_by_user,0.062292,0,True,
benchmark,8238,q10_top_sellers_qty,64.346545000000006,20,True,
benchmark,8239,q11_top_categories,0.145375,0,True,
benchmark,8240,q1_user_by_id,0.12837499999999999,1,True,
benchmark,8241,q2_all_users,3.5205000000000002,200,True,
benchmark,8242,q3_user_by_login,0.25074999999999997,1,True,
benchmark,8243,q4_sellers_rating,43.824292,100,True,
benchmark,8244,q5_orders_offset,1.400792,50,True,
benchmark,8245,q6_products_by_seller,0.158583,1,True,
benchmark,8246,q7_products_join_sellers,0.19779099999999999,1,True,
benchmark,8247,q8_order_items_join_products,0.20658299999999999,2,True,
benchmark,8248,q9_orders_items_products_by_user,0.22870799999999999,0,True,
benchmark,8249,q10_top_sellers_qty,60.928915000000003,20,True,
benchmark,8250,q11_top_categories,0.15087500000000001,0,True,
benchmark,8251,q1_user_by_id,0.13541700000000001,1,True,
benchmark,8252,q2_all_users,3.641,200,True,
benchmark,8253,q3_user_by_login,0.25112499999999999,1,True,
benchmark,8254,q4_sellers_rating,40.913958000000001,100,True,
benchmark,8255,q5_orders_offset,1.491584,50,True,
benchmark,8256,q6_products_by_seller,0.143625,2,True,
benchmark,8257,q7_products_join_sellers,0.21066799999999999,2,True,
benchmark,8258,q8_order_items_join_products,0.19891600000000001,2,True,
benchmark,8259,q9_orders_items_products_by_user,0.060249999999999998,0,True,
benchmark,8260,q10_top_sellers_qty,67.819005000000004,20,True,
benchmark,8261,q11_top_categories,0.18054100000000001,0,True,
benchmark,8262,q1_user_by_id,0.136292,1,True,
benchmark,8263,q2_all_users,3.0117509999999998,200,True,
benchmark,8264,q3_user_by_login,0.200958,1,True,
benchmark,8265,q4_sellers_rating,38.789209,100,True,
benchmark,8266,q5_orders_offset,1.61175,50,True,
benchmark,8267,q6_products_by_seller,0.079000000000000001,0,True,
benchmark,8268,q7_products_join_sellers,0.072166999999999995,0,True,
benchmark,8269,q8_order_items_join_products,0.21487400000000001,2,True,
benchmark,8270,q9_orders_items_products_by_user,0.062209,0,True,
benchmark,8271,q10_top_sellers_qty,63.479208999999997,20,True,
benchmark,8272,q11_top_categories,0.13125000000000001,0,True,
benchmark,8273,q1_user_by_id,0.19095799999999999,1,True,
benchmark,8274,q2_all_users,3.4223750000000002,200,True,
benchmark,8275,q3_user_by_login,0.26429200000000003,1,True,
benchmark,8276,q4_sellers_rating,43.478292000000003,100,True,
benchmark,8277,q5_orders_offset,1.639208,50,True,
benchmark,8278,q6_products_by_seller,0.090374999999999997,0,True,
benchmark,8279,q7_products_join_sellers,0.085708000000000006,0,True,
benchmark,8280,q8_order_items_join_products,0.22483300000000001,2,True,
benchmark,8281,q9_orders_items_products_by_user,0.38816800000000001,2,True,
benchmark,8282,q10_top_sellers_qty,66.851125999999994,20,True,
benchmark,8283,q11_top_categories,0.14466599999999999,0,True,
benchmark,8284,q1_user_by_id,0.13120899999999999,1,True,
benchmark,8285,q2_all_users,7.2841670000000001,200,True,
benchmark,8286,q3_user_by_login,0.23833399999999999,1,True,
benchmark,8287,q4_sellers_rating,48.019708000000001,100,True,
benchmark,8288,q5_orders_offset,1.516834,50,True,
benchmark,8289,q6_products_by_seller,0.154333,2,True,
benchmark,8290,q7_products_join_sellers,0.21720900000000001,2,True,
benchmark,8291,q8_order_items_join_products,0.214416,1,True,
benchmark,8292,q9_orders_items_products_by_user,0.20400099999999999,0,True,
benchmark,8293,q10_top_sellers_qty,56.141882000000003,20,True,
benchmark,8294,q11_top_categories,0.137875,0,True,
benchmark,8295,q1_user_by_id,0.14166599999999999,1,True,
benchmark,8296,q2_all_users,3.3871660000000001,200,True,
benchmark,8297,q3_user_by_login,0.17924999999999999,1,True,
benchmark,8298,q4_sellers_rating,49.067416000000001,100,True,
benchmark,8299,q5_orders_offset,1.4693750000000001,50,True,
benchmark,8300,q6_products_by_seller,0.14729100000000001,2,True,
benchmark,8301,q7_products_join_sellers,0.21512500000000001,2,True,
benchmark,8302,q8_order_items_join_products,0.2155,5,True,
benchmark,8303,q9_orders_items_products_by_user,0.18720800000000001,0,True,
benchmark,8304,q10_top_sellers_qty,66.018457999999995,20,True,
benchmark,8305,q11_top_categories,0.13162499999999999,0,True,
benchmark,8306,q1_user_by_id,0.12829099999999999,1,True,
benchmark,8307,q2_all_users,3.3752909999999998,200,True,
benchmark,8308,q3_user_by_login,0.14870800000000001,1,True,
benchmark,8309,q4_sellers_rating,46.955331999999999,100,True,
benchmark,8310,q5_orders_offset,1.6131249999999999,50,True,
benchmark,8311,q6_products_by_seller,0.143542,1,True,
benchmark,8312,q7_products_join_sellers,0.207291,1,True,
benchmark,8313,q8_order_items_join_products,0.20533199999999999,4,True,
benchmark,8314,q9_orders_items_products_by_user,0.061082999999999998,0,True,
benchmark,8315,q10_top_sellers_qty,69.658327999999997,20,True,
benchmark,8316,q11_top_categories,0.13666700000000001,0,True,
benchmark,8317,q1_user_by_id,0.120792,1,True,
benchmark,8318,q2_all_users,3.8263750000000001,200,True,
benchmark,8319,q3_user_by_login,0.22245799999999999,1,True,
benchmark,8320,q4_sellers_rating,44.185625000000002,100,True,
benchmark,8321,q5_orders_offset,1.579375,50,True,
benchmark,8322,q6_products_by_seller,0.154666,1,True,
benchmark,8323,q7_products_join_sellers,0.20474899999999999,1,True,
benchmark,8324,q8_order_items_join_products,0.20920900000000001,4,True,
benchmark,8325,q9_orders_items_products_by_user,0.073040999999999995,0,True,
benchmark,8326,q10_top_sellers_qty,63.162663999999999,20,True,
benchmark,8327,q11_top_categories,0.12812499999999999,0,True,
benchmark,8328,q1_user_by_id,0.176124,1,True,
benchmark,8329,q2_all_users,6.3318760000000003,200,True,
benchmark,8330,q3_user_by_login,0.13408300000000001,1,True,
benchmark,8331,q4_sellers_rating,41.328417999999999,100,True,
benchmark,8332,q5_orders_offset,1.4976670000000001,50,True,
benchmark,8333,q6_products_by_seller,0.090374999999999997,0,True,
benchmark,8334,q7_products_join_sellers,0.089040999999999995,0,True,
benchmark,8335,q8_order_items_join_products,0.238958,2,True,
benchmark,8336,q9_orders_items_products_by_user,0.65066599999999997,5,True,
benchmark,8337,q10_top_sellers_qty,53.500914000000002,20,True,
benchmark,8338,q11_top_categories,0.15412500000000001,0,True,
benchmark,8339,q1_user_by_id,0.20608299999999999,1,True,
benchmark,8340,q2_all_users,3.198833,200,True,
benchmark,8341,q3_user_by_login,0.33691700000000002,1,True,
benchmark,8342,q4_sellers_rating,43.253833999999998,100,True,
benchmark,8343,q5_orders_offset,1.6416249999999999,50,True,
benchmark,8344,q6_products_by_seller,0.14891599999999999,2,True,
benchmark,8345,q7_products_join_sellers,0.218667,2,True,
benchmark,8346,q8_order_items_join_products,0.22137399999999999,5,True,
benchmark,8347,q9_orders_items_products_by_user,0.064042000000000002,0,True,
benchmark,8348,q10_top_sellers_qty,59.592587999999999,20,True,
benchmark,8349,q11_top_categories,0.13379199999999999,0,True,
benchmark,8350,q1_user_by_id,0.13875000000000001,1,True,
benchmark,8351,q2_all_users,3.5582500000000001,200,True,
benchmark,8352,q3_user_by_login,0.14333399999999999,1,True,
benchmark,8353,q4_sellers_rating,48.181123999999997,100,True,
benchmark,8354,q5_orders_offset,1.552667,50,True,
benchmark,8355,q6_products_by_seller,0.22029199999999999,1,True,
benchmark,8356,q7_products_join_sellers,0.24133399999999999,1,True,
benchmark,8357,q8_order_items_join_products,0.268959,2,True,
benchmark,8358,q9_orders_items_products_by_user,0.26058300000000001,0,True,
benchmark,8359,q10_top_sellers_qty,58.787872,20,True,
benchmark,8360,q11_top_categories,0.12704199999999999,0,True,
benchmark,8361,q1_user_by_id,0.13445799999999999,1,True,
benchmark,8362,q2_all_users,3.2451660000000002,200,True,
benchmark,8363,q3_user_by_login,0.24033299999999999,1,True,
benchmark,8364,q4_sellers_rating,40.657834000000001,100,True,
benchmark,8365,q5_orders_offset,1.5199990000000001,50,True,
benchmark,8366,q6_products_by_seller,0.17508299999999999,1,True,
benchmark,8367,q7_products_join_sellers,0.213168,1,True,
benchmark,8368,q8_order_items_join_products,0.214418,1,True,
benchmark,8369,q9_orders_items_products_by_user,0.25029000000000001,0,True,
benchmark,8370,q10_top_sellers_qty,60.39817,20,True,
benchmark,8371,q11_top_categories,0.127916,0,True,
benchmark,8372,q1_user_by_id,0.191334,1,True,
benchmark,8373,q2_all_users,3.2390829999999999,200,True,
benchmark,8374,q3_user_by_login,0.208625,1,True,
benchmark,8375,q4_sellers_rating,42.638415999999999,100,True,
benchmark,8376,q5_orders_offset,1.5439579999999999,50,True,
benchmark,8377,q6_products_by_seller,0.13766600000000001,3,True,
benchmark,8378,q7_products_join_sellers,0.238791,3,True,
benchmark,8379,q8_order_items_join_products,0.21512600000000001,4,True,
benchmark,8380,q9_orders_items_products_by_user,0.061874999999999999,0,True,
benchmark,8381,q10_top_sellers_qty,67.483626999999998,20,True,
benchmark,8382,q11_top_categories,0.156333,0,True,
benchmark,8383,q1_user_by_id,0.18395800000000001,1,True,
benchmark,8384,q2_all_users,3.9023330000000001,200,True,
benchmark,8385,q3_user_by_login,0.15083299999999999,1,True,
benchmark,8386,q4_sellers_rating,42.654708999999997,100,True,
benchmark,8387,q5_orders_offset,1.6553329999999999,50,True,
benchmark,8388,q6_products_by_seller,0.087416999999999995,0,True,
benchmark,8389,q7_products_join_sellers,0.082292000000000004,0,True,
benchmark,8390,q8_order_items_join_products,0.23433399999999999,3,True,
benchmark,8391,q9_orders_items_products_by_user,0.43937599999999999,2,True,
benchmark,8392,q10_top_sellers_qty,77.440448000000004,20,True,
benchmark,8393,q11_top_categories,0.13466600000000001,0,True,
benchmark,8394,q1_user_by_id,0.121625,1,True,
benchmark,8395,q2_all_users,3.5771250000000001,200,True,
benchmark,8396,q3_user_by_login,0.14124999999999999,1,True,
benchmark,8397,q4_sellers_rating,46.307125999999997,100,True,
benchmark,8398,q5_orders_offset,1.542125,50,True,
benchmark,8399,q6_products_by_seller,0.16045899999999999,3,True,
benchmark,8400,q7_products_join_sellers,0.21166599999999999,3,True,
benchmark,8401,q8_order_items_join_products,0.209374,3,True,
benchmark,8402,q9_orders_items_products_by_user,0.19866600000000001,0,True,
benchmark,8403,q10_top_sellers_qty,66.185423,20,True,
benchmark,8404,q11_top_categories,0.145875,0,True,
benchmark,8405,q1_user_by_id,0.160917,1,True,
benchmark,8406,q2_all_users,3.4692500000000002,200,True,
benchmark,8407,q3_user_by_login,0.18304200000000001,1,True,
benchmark,8408,q4_sellers_rating,39.264249999999997,100,True,
benchmark,8409,q5_orders_offset,1.6057079999999999,50,True,
benchmark,8410,q6_products_by_seller,0.16425000000000001,1,True,
benchmark,8411,q7_products_join_sellers,0.21645800000000001,1,True,
benchmark,8412,q8_order_items_join_products,0.219332,5,True,
benchmark,8413,q9_orders_items_products_by_user,0.66733500000000001,4,True,
benchmark,8414,q10_top_sellers_qty,60.297373999999998,20,True,
benchmark,8415,q11_top_categories,0.13850000000000001,0,True,
benchmark,8416,q1_user_by_id,0.13354099999999999,1,True,
benchmark,8417,q2_all_users,3.3067090000000001,200,True,
benchmark,8418,q3_user_by_login,0.15262500000000001,1,True,
benchmark,8419,q4_sellers_rating,43.167250000000003,100,True,
benchmark,8420,q5_orders_offset,1.5749580000000001,50,True,
benchmark,8421,q6_products_by_seller,0.15420900000000001,2,True,
benchmark,8422,q7_products_join_sellers,0.216749,2,True,
benchmark,8423,q8_order_items_join_products,0.21770900000000001,1,True,
benchmark,8424,q9_orders_items_products_by_user,0.066208000000000003,0,True,
benchmark,8425,q10_top_sellers_qty,57.416291000000001,20,True,
benchmark,8426,q11_top_categories,0.127917,0,True,
benchmark,8427,q1_user_by_id,0.17912600000000001,1,True,
benchmark,8428,q2_all_users,3.4136250000000001,200,True,
benchmark,8429,q3_user_by_login,0.144791,1,True,
benchmark,8430,q4_sellers_rating,41.571542999999998,100,True,
benchmark,8431,q5_orders_offset,1.4906250000000001,50,True,
benchmark,8432,q6_products_by_seller,0.064917000000000002,0,True,
benchmark,8433,q7_products_join_sellers,0.065000000000000002,0,True,
benchmark,8434,q8_order_items_join_products,0.21324899999999999,2,True,
benchmark,8435,q9_orders_items_products_by_user,0.300958,0,True,
benchmark,8436,q10_top_sellers_qty,66.760960999999995,20,True,
benchmark,8437,q11_top_categories,0.123292,0,True,
benchmark,8438,q1_user_by_id,0.18737400000000001,1,True,
benchmark,8439,q2_all_users,3.2188340000000002,200,True,
benchmark,8440,q3_user_by_login,0.17291699999999999,1,True,
benchmark,8441,q4_sellers_rating,43.456708999999996,100,True,
benchmark,8442,q5_orders_offset,1.537917,50,True,
benchmark,8443,q6_products_by_seller,0.152167,2,True,
benchmark,8444,q7_products_join_sellers,0.21029200000000001,2,True,
benchmark,8445,q8_order_items_join_products,0.20416599999999999,1,True,
benchmark,8446,q9_orders_items_products_by_user,0.32254100000000002,0,True,
benchmark,8447,q10_top_sellers_qty,68.650377000000006,20,True,
benchmark,8448,q11_top_categories,0.14804200000000001,0,True,
benchmark,8449,q1_user_by_id,0.14729100000000001,1,True,
benchmark,8450,q2_all_users,3.324376,200,True,
benchmark,8451,q3_user_by_login,0.139209,1,True,
benchmark,8452,q4_sellers_rating,42.637374999999999,100,True,
benchmark,8453,q5_orders_offset,1.565666,50,True,
benchmark,8454,q6_products_by_seller,0.15354100000000001,1,True,
benchmark,8455,q7_products_join_sellers,0.22983500000000001,1,True,
benchmark,8456,q8_order_items_join_products,0.18062400000000001,4,True,
benchmark,8457,q9_orders_items_products_by_user,0.41941699999999998,3,True,
benchmark,8458,q10_top_sellers_qty,59.163167999999999,20,True,
benchmark,8459,q11_top_categories,0.13445799999999999,0,True,
benchmark,8460,q1_user_by_id,0.191001,1,True,
benchmark,8461,q2_all_users,3.3279990000000002,200,True,
benchmark,8462,q3_user_by_login,0.18979099999999999,1,True,
benchmark,8463,q4_sellers_rating,40.819792,100,True,
benchmark,8464,q5_orders_offset,1.5406249999999999,50,True,
benchmark,8465,q6_products_by_seller,0.080500000000000002,0,True,
benchmark,8466,q7_products_join_sellers,0.079041,0,True,
benchmark,8467,q8_order_items_join_products,0.207709,1,True,
benchmark,8468,q9_orders_items_products_by_user,0.065125000000000002,0,True,
benchmark,8469,q10_top_sellers_qty,75.374587000000005,20,True,
benchmark,8470,q11_top_categories,0.127167,0,True,
benchmark,8471,q1_user_by_id,0.168208,1,True,
benchmark,8472,q2_all_users,3.7585000000000002,200,True,
benchmark,8473,q3_user_by_login,0.29758400000000002,1,True,
benchmark,8474,q4_sellers_rating,43.607416000000001,100,True,
benchmark,8475,q5_orders_offset,1.401,50,True,
benchmark,8476,q6_products_by_seller,0.079500000000000001,0,True,
benchmark,8477,q7_products_join_sellers,0.083250000000000005,0,True,
benchmark,8478,q8_order_items_join_products,0.22270799999999999,2,True,
benchmark,8479,q9_orders_items_products_by_user,0.54804200000000003,4,True,
benchmark,8480,q10_top_sellers_qty,62.664997,20,True,
benchmark,8481,q11_top_categories,0.129667,0,True,
benchmark,8482,q1_user_by_id,0.145958,1,True,
benchmark,8483,q2_all_users,5.8824589999999999,200,True,
benchmark,8484,q3_user_by_login,0.24041699999999999,1,True,
benchmark,8485,q4_sellers_rating,44.068458999999997,100,True,
benchmark,8486,q5_orders_offset,1.5710820000000001,50,True,
benchmark,8487,q6_products_by_seller,0.083959000000000006,0,True,
benchmark,8488,q7_products_join_sellers,0.074666999999999997,0,True,
benchmark,8489,q8_order_items_join_products,0.216167,1,True,
benchmark,8490,q9_orders_items_products_by_user,0.19187499999999999,0,True,
benchmark,8491,q10_top_sellers_qty,53.925412999999999,20,True,
benchmark,8492,q11_top_categories,0.13816600000000001,0,True,
benchmark,8493,q1_user_by_id,0.17025000000000001,1,True,
benchmark,8494,q2_all_users,2.9914999999999998,200,True,
benchmark,8495,q3_user_by_login,0.169458,1,True,
benchmark,8496,q4_sellers_rating,37.090749000000002,100,True,
benchmark,8497,q5_orders_offset,1.5524579999999999,50,True,
benchmark,8498,q6_products_by_seller,0.156584,2,True,
benchmark,8499,q7_products_join_sellers,0.20441699999999999,2,True,
benchmark,8500,q8_order_items_join_products,0.20249900000000001,2,True,
benchmark,8501,q9_orders_items_products_by_user,0.207125,0,True,
benchmark,8502,q10_top_sellers_qty,59.622534999999999,20,True,
benchmark,8503,q11_top_categories,0.15329200000000001,0,True,
benchmark,8504,q1_user_by_id,0.214834,1,True,
benchmark,8505,q2_all_users,3.297291,200,True,
benchmark,8506,q3_user_by_login,0.18162500000000001,1,True,
benchmark,8507,q4_sellers_rating,40.769292,100,True,
benchmark,8508,q5_orders_offset,1.527126,50,True,
benchmark,8509,q6_products_by_seller,0.081459000000000004,0,True,
benchmark,8510,q7_products_join_sellers,0.082959000000000005,0,True,
benchmark,8511,q8_order_items_join_products,0.22070799999999999,2,True,
benchmark,8512,q9_orders_items_products_by_user,0.56825000000000003,5,True,
benchmark,8513,q10_top_sellers_qty,58.152214999999998,20,True,
benchmark,8514,q11_top_categories,0.12725,0,True,
benchmark,8515,q1_user_by_id,0.182834,1,True,
benchmark,8516,q2_all_users,3.7162500000000001,200,True,
benchmark,8517,q3_user_by_login,0.26316699999999998,1,True,
benchmark,8518,q4_sellers_rating,47.941625000000002,100,True,
benchmark,8519,q5_orders_offset,1.4941660000000001,50,True,
benchmark,8520,q6_products_by_seller,0.143708,1,True,
benchmark,8521,q7_products_join_sellers,0.20524899999999999,1,True,
benchmark,8522,q8_order_items_join_products,0.20691699999999999,1,True,
benchmark,8523,q9_orders_items_products_by_user,0.063875000000000001,0,True,
benchmark,8524,q10_top_sellers_qty,71.507335999999995,20,True,
benchmark,8525,q11_top_categories,0.13129099999999999,0,True,
benchmark,8526,q1_user_by_id,0.1875,1,True,
benchmark,8527,q2_all_users,3.3542909999999999,200,True,
benchmark,8528,q3_user_by_login,0.208708,1,True,
benchmark,8529,q4_sellers_rating,43.206708999999996,100,True,
benchmark,8530,q5_orders_offset,1.6435839999999999,50,True,
benchmark,8531,q6_products_by_seller,0.14833299999999999,1,True,
benchmark,8532,q7_products_join_sellers,0.200792,1,True,
benchmark,8533,q8_order_items_join_products,0.219166,5,True,
benchmark,8534,q9_orders_items_products_by_user,0.071833999999999995,0,True,
benchmark,8535,q10_top_sellers_qty,66.282002000000006,20,True,
benchmark,8536,q11_top_categories,0.13375000000000001,0,True,
benchmark,8537,q1_user_by_id,0.13,1,True,
benchmark,8538,q2_all_users,3.4852089999999998,200,True,
benchmark,8539,q3_user_by_login,0.212001,1,True,
benchmark,8540,q4_sellers_rating,42.263083000000002,100,True,
benchmark,8541,q5_orders_offset,1.5825,50,True,
benchmark,8542,q6_products_by_seller,0.086499999999999994,0,True,
benchmark,8543,q7_products_join_sellers,0.081208000000000002,0,True,
benchmark,8544,q8_order_items_join_products,0.22958400000000001,5,True,
benchmark,8545,q9_orders_items_products_by_user,0.074707999999999997,0,True,
benchmark,8546,q10_top_sellers_qty,64.864666999999997,20,True,
benchmark,8547,q11_top_categories,0.14924999999999999,0,True,
benchmark,8548,q1_user_by_id,0.13025,1,True,
benchmark,8549,q2_all_users,3.980375,200,True,
benchmark,8550,q3_user_by_login,0.22620799999999999,1,True,
benchmark,8551,q4_sellers_rating,48.064917000000001,100,True,
benchmark,8552,q5_orders_offset,1.506875,50,True,
benchmark,8553,q6_products_by_seller,0.161083,2,True,
benchmark,8554,q7_products_join_sellers,0.21079000000000001,2,True,
benchmark,8555,q8_order_items_join_products,0.25487500000000002,1,True,
benchmark,8556,q9_orders_items_products_by_user,0.39895799999999998,1,True,
benchmark,8557,q10_top_sellers_qty,72.614841999999996,20,True,
benchmark,8558,q11_top_categories,0.140125,0,True,
benchmark,8559,q1_user_by_id,0.12862499999999999,1,True,
benchmark,8560,q2_all_users,6.2141679999999999,200,True,
benchmark,8561,q3_user_by_login,0.26500000000000001,1,True,
benchmark,8562,q4_sellers_rating,43.357916000000003,100,True,
benchmark,8563,q5_orders_offset,2.0068320000000002,50,True,
benchmark,8564,q6_products_by_seller,0.070666000000000007,0,True,
benchmark,8565,q7_products_join_sellers,0.070250000000000007,0,True,
benchmark,8566,q8_order_items_join_products,0.22320899999999999,3,True,
benchmark,8567,q9_orders_items_products_by_user,0.074083999999999997,0,True,
benchmark,8568,q10_top_sellers_qty,73.606503000000004,20,True,
benchmark,8569,q11_top_categories,0.157667,0,True,
benchmark,8570,q1_user_by_id,0.15245700000000001,1,True,
benchmark,8571,q2_all_users,5.3376659999999996,200,True,
benchmark,8572,q3_user_by_login,0.19691700000000001,1,True,
benchmark,8573,q4_sellers_rating,41.034999999999997,100,True,
benchmark,8574,q5_orders_offset,1.5939989999999999,50,True,
benchmark,8575,q6_products_by_seller,0.16004199999999999,1,True,
benchmark,8576,q7_products_join_sellers,0.20995900000000001,1,True,
benchmark,8577,q8_order_items_join_products,0.21399899999999999,4,True,
benchmark,8578,q9_orders_items_products_by_user,0.070957999999999993,0,True,
benchmark,8579,q10_top_sellers_qty,92.860799999999998,20,True,
benchmark,8580,q11_top_categories,0.14687500000000001,0,True,
benchmark,8581,q1_user_by_id,0.13891700000000001,1,True,
benchmark,8582,q2_all_users,4.36625,200,True,
benchmark,8583,q3_user_by_login,0.171709,1,True,
benchmark,8584,q4_sellers_rating,47.672123999999997,100,True,
benchmark,8585,q5_orders_offset,1.850374,50,True,
benchmark,8586,q6_products_by_seller,0.134459,1,True,
benchmark,8587,q7_products_join_sellers,0.20333499999999999,1,True,
benchmark,8588,q8_order_items_join_products,0.21662500000000001,5,True,
benchmark,8589,q9_orders_items_products_by_user,0.063875000000000001,0,True,
benchmark,8590,q10_top_sellers_qty,74.214793999999998,20,True,
benchmark,8591,q11_top_categories,0.13237499999999999,0,True,
benchmark,8592,q1_user_by_id,0.18195800000000001,1,True,
benchmark,8593,q2_all_users,2.8798330000000001,200,True,
benchmark,8594,q3_user_by_login,0.23824999999999999,1,True,
benchmark,8595,q4_sellers_rating,43.832707999999997,100,True,
benchmark,8596,q5_orders_offset,1.488083,50,True,
benchmark,8597,q6_products_by_seller,0.12945799999999999,2,True,
benchmark,8598,q7_products_join_sellers,0.191416,2,True,
benchmark,8599,q8_order_items_join_products,0.20991599999999999,5,True,
benchmark,8600,q9_orders_items_products_by_user,0.53395899999999996,3,True,
benchmark,8601,q10_top_sellers_qty,69.364003999999994,20,True,
benchmark,8602,q11_top_categories,0.13991700000000001,0,True,
benchmark,8603,q1_user_by_id,0.13758300000000001,1,True,
benchmark,8604,q2_all_users,5.1779159999999997,200,True,
benchmark,8605,q3_user_by_login,0.15725,1,True,
benchmark,8606,q4_sellers_rating,43.653123999999998,100,True,
benchmark,8607,q5_orders_offset,1.621459,50,True,
benchmark,8608,q6_products_by_seller,0.15262400000000001,2,True,
benchmark,8609,q7_products_join_sellers,0.214417,2,True,
benchmark,8610,q8_order_items_join_products,0.21579100000000001,2,True,
benchmark,8611,q9_orders_items_products_by_user,0.065292000000000003,0,True,
benchmark,8612,q10_top_sellers_qty,77.365621000000004,20,True,
benchmark,8613,q11_top_categories,0.141125,0,True,
benchmark,8614,q1_user_by_id,0.18954199999999999,1,True,
benchmark,8615,q2_all_users,3.333666,200,True,
benchmark,8616,q3_user_by_login,0.19404099999999999,1,True,
benchmark,8617,q4_sellers_rating,41.72025,100,True,
benchmark,8618,q5_orders_offset,1.573375,50,True,
benchmark,8619,q6_products_by_seller,0.1525,4,True,
benchmark,8620,q7_products_join_sellers,0.21895899999999999,4,True,
benchmark,8621,q8_order_items_join_products,0.213251,5,True,
benchmark,8622,q9_orders_items_products_by_user,0.189082,0,True,
benchmark,8623,q10_top_sellers_qty,77.156209000000004,20,True,
benchmark,8624,q11_top_categories,0.14745900000000001,0,True,
benchmark,8625,q1_user_by_id,0.11924999999999999,1,True,
benchmark,8626,q2_all_users,3.7137500000000001,200,True,
benchmark,8627,q3_user_by_login,0.21929199999999999,1,True,
benchmark,8628,q4_sellers_rating,45.365709000000003,100,True,
benchmark,8629,q5_orders_offset,1.4880420000000001,50,True,
benchmark,8630,q6_products_by_seller,0.166625,2,True,
benchmark,8631,q7_products_join_sellers,0.205708,2,True,
benchmark,8632,q8_order_items_join_products,0.21020900000000001,1,True,
benchmark,8633,q9_orders_items_products_by_user,0.063875000000000001,0,True,
benchmark,8634,q10_top_sellers_qty,78.039918999999998,20,True,
benchmark,8635,q11_top_categories,0.15075,0,True,
benchmark,8636,q1_user_by_id,0.18645800000000001,1,True,
benchmark,8637,q2_all_users,6.2862080000000002,200,True,
benchmark,8638,q3_user_by_login,0.16004099999999999,1,True,
benchmark,8639,q4_sellers_rating,46.283000000000001,100,True,
benchmark,8640,q5_orders_offset,1.500791,50,True,
benchmark,8641,q6_products_by_seller,0.086291999999999994,0,True,
benchmark,8642,q7_products_join_sellers,0.091124999999999998,0,True,
benchmark,8643,q8_order_items_join_products,0.22404199999999999,5,True,
benchmark,8644,q9_orders_items_products_by_user,0.21195800000000001,0,True,
benchmark,8645,q10_top_sellers_qty,56.998131000000001,20,True,
benchmark,8646,q11_top_categories,0.18187500000000001,0,True,
benchmark,8647,q1_user_by_id,0.214667,1,True,
benchmark,8648,q2_all_users,3.110916,200,True,
benchmark,8649,q3_user_by_login,0.155501,1,True,
benchmark,8650,q4_sellers_rating,40.976416999999998,100,True,
benchmark,8651,q5_orders_offset,1.6877089999999999,50,True,
benchmark,8652,q6_products_by_seller,0.091583999999999999,0,True,
benchmark,8653,q7_products_join_sellers,0.084917000000000006,0,True,
benchmark,8654,q8_order_items_join_products,0.21050099999999999,4,True,
benchmark,8655,q9_orders_items_products_by_user,0.185582,0,True,
benchmark,8656,q10_top_sellers_qty,60.98171,20,True,
benchmark,8657,q11_top_categories,0.15687499999999999,0,True,
benchmark,8658,q1_user_by_id,0.13154099999999999,1,True,
benchmark,8659,q2_all_users,3.2582080000000002,200,True,
benchmark,8660,q3_user_by_login,0.18412400000000001,1,True,
benchmark,8661,q4_sellers_rating,40.689041000000003,100,True,
benchmark,8662,q5_orders_offset,1.489541,50,True,
benchmark,8663,q6_products_by_seller,0.17358299999999999,2,True,
benchmark,8664,q7_products_join_sellers,0.22758200000000001,2,True,
benchmark,8665,q8_order_items_join_products,0.213917,4,True,
benchmark,8666,q9_orders_items_products_by_user,0.074499999999999997,0,True,
benchmark,8667,q10_top_sellers_qty,59.909709999999997,20,True,
benchmark,8668,q11_top_categories,0.14041699999999999,0,True,
benchmark,8669,q1_user_by_id,0.172709,1,True,
benchmark,8670,q2_all_users,3.2766660000000001,200,True,
benchmark,8671,q3_user_by_login,0.27337499999999998,1,True,
benchmark,8672,q4_sellers_rating,43.867376,100,True,
benchmark,8673,q5_orders_offset,1.552875,50,True,
benchmark,8674,q6_products_by_seller,0.175709,1,True,
benchmark,8675,q7_products_join_sellers,0.248583,1,True,
benchmark,8676,q8_order_items_join_products,0.22162399999999999,3,True,
benchmark,8677,q9_orders_items_products_by_user,0.22504299999999999,0,True,
benchmark,8678,q10_top_sellers_qty,57.947581,20,True,
benchmark,8679,q11_top_categories,0.156667,0,True,
benchmark,8680,q1_user_by_id,0.14787600000000001,1,True,
benchmark,8681,q2_all_users,3.5265840000000002,200,True,
benchmark,8682,q3_user_by_login,0.17041700000000001,1,True,
benchmark,8683,q4_sellers_rating,42.851584000000003,100,True,
benchmark,8684,q5_orders_offset,1.496667,50,True,
benchmark,8685,q6_products_by_seller,0.152833,2,True,
benchmark,8686,q7_products_join_sellers,0.212584,2,True,
benchmark,8687,q8_order_items_join_products,0.20724999999999999,1,True,
benchmark,8688,q9_orders_items_products_by_user,0.066000000000000003,0,True,
benchmark,8689,q10_top_sellers_qty,54.148712000000003,20,True,
benchmark,8690,q11_top_categories,0.16591700000000001,0,True,
benchmark,8691,q1_user_by_id,0.13325100000000001,1,True,
benchmark,8692,q2_all_users,3.006459,200,True,
benchmark,8693,q3_user_by_login,0.16233400000000001,1,True,
benchmark,8694,q4_sellers_rating,37.620209000000003,100,True,
benchmark,8695,q5_orders_offset,1.514583,50,True,
benchmark,8696,q6_products_by_seller,0.155833,2,True,
benchmark,8697,q7_products_join_sellers,0.202458,2,True,
benchmark,8698,q8_order_items_join_products,0.19633400000000001,1,True,
benchmark,8699,q9_orders_items_products_by_user,0.495,4,True,
benchmark,8700,q10_top_sellers_qty,81.946535999999995,20,True,
benchmark,8701,q11_top_categories,0.136625,0,True,
benchmark,8702,q1_user_by_id,0.20358399999999999,1,True,
benchmark,8703,q2_all_users,4.0540419999999999,200,True,
benchmark,8704,q3_user_by_login,0.23366700000000001,1,True,
benchmark,8705,q4_sellers_rating,41.059956999999997,100,True,
benchmark,8706,q5_orders_offset,1.4170830000000001,50,True,
benchmark,8707,q6_products_by_seller,0.075832999999999998,0,True,
benchmark,8708,q7_products_join_sellers,0.075666999999999998,0,True,
benchmark,8709,q8_order_items_join_products,0.26537500000000003,5,True,
benchmark,8710,q9_orders_items_products_by_user,0.32133200000000001,1,True,
benchmark,8711,q10_top_sellers_qty,66.023751000000004,20,True,
benchmark,8712,q11_top_categories,0.14804200000000001,0,True,
benchmark,8713,q1_user_by_id,0.137126,1,True,
benchmark,8714,q2_all_users,4.3311669999999998,200,True,
benchmark,8715,q3_user_by_login,0.198125,1,True,
benchmark,8716,q4_sellers_rating,42.483249000000001,100,True,
benchmark,8717,q5_orders_offset,1.583334,50,True,
benchmark,8718,q6_products_by_seller,0.1515,2,True,
benchmark,8719,q7_products_join_sellers,0.21429200000000001,2,True,
benchmark,8720,q8_order_items_join_products,0.213667,4,True,
benchmark,8721,q9_orders_items_products_by_user,0.59925099999999998,3,True,
benchmark,8722,q10_top_sellers_qty,57.605953,20,True,
benchmark,8723,q11_top_categories,0.12645799999999999,0,True,
benchmark,8724,q1_user_by_id,0.167125,1,True,
benchmark,8725,q2_all_users,3.1012919999999999,200,True,
benchmark,8726,q3_user_by_login,0.186334,1,True,
benchmark,8727,q4_sellers_rating,40.94679,100,True,
benchmark,8728,q5_orders_offset,4.6552920000000002,50,True,
benchmark,8729,q6_products_by_seller,0.14937500000000001,1,True,
benchmark,8730,q7_products_join_sellers,0.20449999999999999,1,True,
benchmark,8731,q8_order_items_join_products,0.200541,3,True,
benchmark,8732,q9_orders_items_products_by_user,0.062459000000000001,0,True,
benchmark,8733,q10_top_sellers_qty,60.853042000000002,20,True,
benchmark,8734,q11_top_categories,0.13450000000000001,0,True,
benchmark,8735,q1_user_by_id,0.13404199999999999,1,True,
benchmark,8736,q2_all_users,3.2450000000000001,200,True,
benchmark,8737,q3_user_by_login,0.22020799999999999,1,True,
benchmark,8738,q4_sellers_rating,44.095708999999999,100,True,
benchmark,8739,q5_orders_offset,1.465875,50,True,
benchmark,8740,q6_products_by_seller,0.17133300000000001,2,True,
benchmark,8741,q7_products_join_sellers,0.21737400000000001,2,True,
benchmark,8742,q8_order_items_join_products,0.21291599999999999,5,True,
benchmark,8743,q9_orders_items_products_by_user,0.31875100000000001,1,True,
benchmark,8744,q10_top_sellers_qty,66.828128000000007,20,True,
benchmark,8745,q11_top_categories,0.108625,0,True,
benchmark,8746,q1_user_by_id,0.199792,1,True,
benchmark,8747,q2_all_users,3.1362920000000001,200,True,
benchmark,8748,q3_user_by_login,0.24233399999999999,1,True,
benchmark,8749,q4_sellers_rating,43.431083999999998,100,True,
benchmark,8750,q5_orders_offset,1.4830000000000001,50,True,
benchmark,8751,q6_products_by_seller,0.078542000000000001,0,True,
benchmark,8752,q7_products_join_sellers,0.078209000000000001,0,True,
benchmark,8753,q8_order_items_join_products,0.24829200000000001,5,True,
benchmark,8754,q9_orders_items_products_by_user,0.597001,3,True,
benchmark,8755,q10_top_sellers_qty,63.116748999999999,20,True,
benchmark,8756,q11_top_categories,0.13550000000000001,0,True,
benchmark,8757,q1_user_by_id,0.13933300000000001,1,True,
benchmark,8758,q2_all_users,3.4978750000000001,200,True,
benchmark,8759,q3_user_by_login,0.23666799999999999,1,True,
benchmark,8760,q4_sellers_rating,44.823042000000001,100,True,
benchmark,8761,q5_orders_offset,1.6120829999999999,50,True,
benchmark,8762,q6_products_by_seller,0.136709,1,True,
benchmark,8763,q7_products_join_sellers,0.20041800000000001,1,True,
benchmark,8764,q8_order_items_join_products,0.19529099999999999,2,True,
benchmark,8765,q9_orders_items_products_by_user,0.063625000000000001,0,True,
benchmark,8766,q10_top_sellers_qty,70.168250999999998,20,True,
benchmark,8767,q11_top_categories,0.12762499999999999,0,True,
benchmark,8768,q1_user_by_id,0.20858299999999999,1,True,
benchmark,8769,q2_all_users,3.472709,200,True,
benchmark,8770,q3_user_by_login,0.250334,1,True,
benchmark,8771,q4_sellers_rating,48.092374,100,True,
benchmark,8772,q5_orders_offset,4.5565829999999998,50,True,
benchmark,8773,q6_products_by_seller,0.085250000000000006,0,True,
benchmark,8774,q7_products_join_sellers,0.085125000000000006,0,True,
benchmark,8775,q8_order_items_join_products,0.22975100000000001,2,True,
benchmark,8776,q9_orders_items_products_by_user,1.271334,12,True,
benchmark,8777,q10_top_sellers_qty,68.576374000000001,20,True,
benchmark,8778,q11_top_categories,0.13400000000000001,0,True,
benchmark,8779,q1_user_by_id,0.247999,1,True,
benchmark,8780,q2_all_users,3.2741250000000002,200,True,
benchmark,8781,q3_user_by_login,0.13491700000000001,1,True,
benchmark,8782,q4_sellers_rating,45.947665000000001,100,True,
benchmark,8783,q5_orders_offset,1.8169580000000001,50,True,
benchmark,8784,q6_products_by_seller,0.15370800000000001,2,True,
benchmark,8785,q7_products_join_sellers,0.19612499999999999,2,True,
benchmark,8786,q8_order_items_join_products,0.21470800000000001,5,True,
benchmark,8787,q9_orders_items_products_by_user,0.18091599999999999,0,True,
benchmark,8788,q10_top_sellers_qty,76.332660000000004,20,True,
benchmark,8789,q11_top_categories,0.13129099999999999,0,True,
benchmark,8790,q1_user_by_id,0.189749,1,True,
benchmark,8791,q2_all_users,3.4981249999999999,200,True,
benchmark,8792,q3_user_by_login,0.21012500000000001,1,True,
benchmark,8793,q4_sellers_rating,45.110542000000002,100,True,
benchmark,8794,q5_orders_offset,1.544708,50,True,
benchmark,8795,q6_products_by_seller,0.085999999999999993,0,True,
benchmark,8796,q7_products_join_sellers,0.085416000000000006,0,True,
benchmark,8797,q8_order_items_join_products,0.22337599999999999,5,True,
benchmark,8798,q9_orders_items_products_by_user,0.19145899999999999,0,True,
benchmark,8799,q10_top_sellers_qty,78.949663999999999,20,True,
benchmark,8800,q11_top_categories,0.13079099999999999,0,True,
benchmark,8801,q1_user_by_id,0.18687500000000001,1,True,
benchmark,8802,q2_all_users,3.3403330000000002,200,True,
benchmark,8803,q3_user_by_login,0.175791,1,True,
benchmark,8804,q4_sellers_rating,42.795084000000003,100,True,
benchmark,8805,q5_orders_offset,1.5757080000000001,50,True,
benchmark,8806,q6_products_by_seller,0.16179199999999999,1,True,
benchmark,8807,q7_products_join_sellers,0.221584,1,True,
benchmark,8808,q8_order_items_join_products,0.245917,1,True,
benchmark,8809,q9_orders_items_products_by_user,0.41124899999999998,1,True,
benchmark,8810,q10_top_sellers_qty,61.204126000000002,20,True,
benchmark,8811,q11_top_categories,0.31762499999999999,0,True,
benchmark,8812,q1_user_by_id,0.22566600000000001,1,True,
benchmark,8813,q2_all_users,3.6386250000000002,200,True,
benchmark,8814,q3_user_by_login,0.19891700000000001,1,True,
benchmark,8815,q4_sellers_rating,42.738790000000002,100,True,
benchmark,8816,q5_orders_offset,4.7283330000000001,50,True,
benchmark,8817,q6_products_by_seller,0.153083,1,True,
benchmark,8818,q7_products_join_sellers,0.222999,1,True,
benchmark,8819,q8_order_items_join_products,0.223333,4,True,
benchmark,8820,q9_orders_items_products_by_user,0.298709,0,True,
benchmark,8821,q10_top_sellers_qty,61.891703,20,True,
benchmark,8822,q11_top_categories,0.1305,0,True,
benchmark,8823,q1_user_by_id,0.141791,1,True,
benchmark,8824,q2_all_users,3.1281249999999998,200,True,
benchmark,8825,q3_user_by_login,0.18445800000000001,1,True,
benchmark,8826,q4_sellers_rating,44.051875000000003,100,True,
benchmark,8827,q5_orders_offset,1.593834,50,True,
benchmark,8828,q6_products_by_seller,0.14366599999999999,1,True,
benchmark,8829,q7_products_join_sellers,0.21199999999999999,1,True,
benchmark,8830,q8_order_items_join_products,0.208208,1,True,
benchmark,8831,q9_orders_items_products_by_user,0.300209,1,True,
benchmark,8832,q10_top_sellers_qty,70.519666000000001,20,True,
benchmark,8833,q11_top_categories,0.13633400000000001,0,True,
benchmark,8834,q1_user_by_id,0.141708,1,True,
benchmark,8835,q2_all_users,3.5492919999999999,200,True,
benchmark,8836,q3_user_by_login,0.17574999999999999,1,True,
benchmark,8837,q4_sellers_rating,41.749250000000004,100,True,
benchmark,8838,q5_orders_offset,2.174042,50,True,
benchmark,8839,q6_products_by_seller,0.14570900000000001,2,True,
benchmark,8840,q7_products_join_sellers,0.19350000000000001,2,True,
benchmark,8841,q8_order_items_join_products,0.219667,4,True,
benchmark,8842,q9_orders_items_products_by_user,0.057542000000000003,0,True,
benchmark,8843,q10_top_sellers_qty,72.823125000000005,20,True,
benchmark,8844,q11_top_categories,0.137875,0,True,
benchmark,8845,q1_user_by_id,0.13625000000000001,1,True,
benchmark,8846,q2_all_users,4.0360420000000001,200,True,
benchmark,8847,q3_user_by_login,0.14791699999999999,1,True,
benchmark,8848,q4_sellers_rating,45.252290000000002,100,True,
benchmark,8849,q5_orders_offset,1.5535840000000001,50,True,
benchmark,8850,q6_products_by_seller,0.066334000000000004,0,True,
benchmark,8851,q7_products_join_sellers,0.069583999999999993,0,True,
benchmark,8852,q8_order_items_join_products,0.20291699999999999,2,True,
benchmark,8853,q9_orders_items_products_by_user,0.82291700000000001,7,True,
benchmark,8854,q10_top_sellers_qty,68.997584000000003,20,True,
benchmark,8855,q11_top_categories,0.1255,0,True,
benchmark,8856,q1_user_by_id,0.184917,1,True,
benchmark,8857,q2_all_users,3.0579990000000001,200,True,
benchmark,8858,q3_user_by_login,0.22808300000000001,1,True,
benchmark,8859,q4_sellers_rating,42.453293000000002,100,True,
benchmark,8860,q5_orders_offset,1.5483750000000001,50,True,
benchmark,8861,q6_products_by_seller,0.14316699999999999,1,True,
benchmark,8862,q7_products_join_sellers,0.20549899999999999,1,True,
benchmark,8863,q8_order_items_join_products,0.21729100000000001,4,True,
benchmark,8864,q9_orders_items_products_by_user,0.83195699999999995,7,True,
benchmark,8865,q10_top_sellers_qty,60.073661999999999,20,True,
benchmark,8866,q11_top_categories,0.113792,0,True,
benchmark,8867,q1_user_by_id,0.175292,1,True,
benchmark,8868,q2_all_users,6.4786250000000001,200,True,
benchmark,8869,q3_user_by_login,0.25295800000000002,1,True,
benchmark,8870,q4_sellers_rating,43.496251000000001,100,True,
benchmark,8871,q5_orders_offset,1.493125,50,True,
benchmark,8872,q6_products_by_seller,0.151667,1,True,
benchmark,8873,q7_products_join_sellers,0.21399899999999999,1,True,
benchmark,8874,q8_order_items_join_products,0.24279100000000001,4,True,
benchmark,8875,q9_orders_items_products_by_user,0.65837500000000004,4,True,
benchmark,8876,q10_top_sellers_qty,66.731325999999996,20,True,
benchmark,8877,q11_top_categories,0.16808300000000001,0,True,
benchmark,8878,q1_user_by_id,0.15104100000000001,1,True,
benchmark,8879,q2_all_users,3.3294999999999999,200,True,
benchmark,8880,q3_user_by_login,0.15495800000000001,1,True,
benchmark,8881,q4_sellers_rating,44.524667000000001,100,True,
benchmark,8882,q5_orders_offset,1.5876250000000001,50,True,
benchmark,8883,q6_products_by_seller,0.144708,1,True,
benchmark,8884,q7_products_join_sellers,0.220667,1,True,
benchmark,8885,q8_order_items_join_products,0.187083,3,True,
benchmark,8886,q9_orders_items_products_by_user,0.071457999999999994,0,True,
benchmark,8887,q10_top_sellers_qty,76.198285999999996,20,True,
benchmark,8888,q11_top_categories,0.160333,0,True,
benchmark,8889,q1_user_by_id,0.21320800000000001,1,True,
benchmark,8890,q2_all_users,3.3031259999999998,200,True,
benchmark,8891,q3_user_by_login,0.20674999999999999,1,True,
benchmark,8892,q4_sellers_rating,40.518540999999999,100,True,
benchmark,8893,q5_orders_offset,1.555458,50,True,
benchmark,8894,q6_products_by_seller,0.091082999999999997,0,True,
benchmark,8895,q7_products_join_sellers,0.083333000000000004,0,True,
benchmark,8896,q8_order_items_join_products,0.22925100000000001,1,True,
benchmark,8897,q9_orders_items_products_by_user,0.48999900000000002,2,True,
benchmark,8898,q10_top_sellers_qty,58.510209000000003,20,True,
benchmark,8899,q11_top_categories,0.166542,0,True,
benchmark,8900,q1_user_by_id,0.31879099999999999,1,True,
benchmark,8901,q2_all_users,6.7891659999999998,200,True,
benchmark,8902,q3_user_by_login,0.249667,1,True,
benchmark,8903,q4_sellers_rating,41.951168000000003,100,True,
benchmark,8904,q5_orders_offset,1.553501,50,True,
benchmark,8905,q6_products_by_seller,0.15404200000000001,1,True,
benchmark,8906,q7_products_join_sellers,0.21129200000000001,1,True,
benchmark,8907,q8_order_items_join_products,0.282418,3,True,
benchmark,8908,q9_orders_items_products_by_user,0.403084,1,True,
benchmark,8909,q10_top_sellers_qty,61.272084999999997,20,True,
benchmark,8910,q11_top_categories,0.13241700000000001,0,True,
benchmark,8911,q1_user_by_id,0.158584,1,True,
benchmark,8912,q2_all_users,2.9480420000000001,200,True,
benchmark,8913,q3_user_by_login,0.15387500000000001,1,True,
benchmark,8914,q4_sellers_rating,42.172749000000003,100,True,
benchmark,8915,q5_orders_offset,1.44825,50,True,
benchmark,8916,q6_products_by_seller,0.15512500000000001,1,True,
benchmark,8917,q7_products_join_sellers,0.23925199999999999,1,True,
benchmark,8918,q8_order_items_join_products,0.21779100000000001,4,True,
benchmark,8919,q9_orders_items_products_by_user,0.95808400000000005,5,True,
benchmark,8920,q10_top_sellers_qty,53.653919999999999,20,True,
benchmark,8921,q11_top_categories,0.14670800000000001,0,True,
benchmark,8922,q1_user_by_id,0.16666600000000001,1,True,
benchmark,8923,q2_all_users,3.5764999999999998,200,True,
benchmark,8924,q3_user_by_login,0.13966799999999999,1,True,
benchmark,8925,q4_sellers_rating,42.100000000000001,100,True,
benchmark,8926,q5_orders_offset,1.5137080000000001,50,True,
benchmark,8927,q6_products_by_seller,0.14795800000000001,4,True,
benchmark,8928,q7_products_join_sellers,0.22554099999999999,4,True,
benchmark,8929,q8_order_items_join_products,0.203958,2,True,
benchmark,8930,q9_orders_items_products_by_user,0.063750000000000001,0,True,
benchmark,8931,q10_top_sellers_qty,62.777382000000003,20,True,
benchmark,8932,q11_top_categories,0.14841699999999999,0,True,
benchmark,8933,q1_user_by_id,0.16833300000000001,1,True,
benchmark,8934,q2_all_users,2.9397920000000002,200,True,
benchmark,8935,q3_user_by_login,0.177708,1,True,
benchmark,8936,q4_sellers_rating,42.816541000000001,100,True,
benchmark,8937,q5_orders_offset,1.5688329999999999,50,True,
benchmark,8938,q6_products_by_seller,0.158168,4,True,
benchmark,8939,q7_products_join_sellers,0.21470900000000001,4,True,
benchmark,8940,q8_order_items_join_products,0.21099999999999999,4,True,
benchmark,8941,q9_orders_items_products_by_user,0.065041000000000002,0,True,
benchmark,8942,q10_top_sellers_qty,58.872045,20,True,
benchmark,8943,q11_top_categories,0.14974999999999999,0,True,
benchmark,8944,q1_user_by_id,0.14649899999999999,1,True,
benchmark,8945,q2_all_users,3.2727080000000002,200,True,
benchmark,8946,q3_user_by_login,0.234292,1,True,
benchmark,8947,q4_sellers_rating,43.142290000000003,100,True,
benchmark,8948,q5_orders_offset,1.5561259999999999,50,True,
benchmark,8949,q6_products_by_seller,0.14833299999999999,2,True,
benchmark,8950,q7_products_join_sellers,0.20899999999999999,2,True,
benchmark,8951,q8_order_items_join_products,0.23424900000000001,1,True,
benchmark,8952,q9_orders_items_products_by_user,0.62712699999999999,4,True,
benchmark,8953,q10_top_sellers_qty,54.431834000000002,20,True,
benchmark,8954,q11_top_categories,0.13358300000000001,0,True,
benchmark,8955,q1_user_by_id,0.15529200000000001,1,True,
benchmark,8956,q2_all_users,5.5355420000000004,200,True,
benchmark,8957,q3_user_by_login,0.167125,1,True,
benchmark,8958,q4_sellers_rating,43.465499000000001,100,True,
benchmark,8959,q5_orders_offset,1.611958,50,True,
benchmark,8960,q6_products_by_seller,0.10083399999999999,0,True,
benchmark,8961,q7_products_join_sellers,0.098542000000000005,0,True,
benchmark,8962,q8_order_items_join_products,0.253751,1,True,
benchmark,8963,q9_orders_items_products_by_user,0.264959,0,True,
benchmark,8964,q10_top_sellers_qty,57.577953999999998,20,True,
benchmark,8965,q11_top_categories,0.152333,0,True,
benchmark,8966,q1_user_by_id,0.18270800000000001,1,True,
benchmark,8967,q2_all_users,3.6123759999999998,200,True,
benchmark,8968,q3_user_by_login,2.3380000000000001,1,True,
benchmark,8969,q4_sellers_rating,45.984749999999998,100,True,
benchmark,8970,q5_orders_offset,1.5705,50,True,
benchmark,8971,q6_products_by_seller,0.080875000000000002,0,True,
benchmark,8972,q7_products_join_sellers,0.081291000000000002,0,True,
benchmark,8973,q8_order_items_join_products,0.222167,5,True,
benchmark,8974,q9_orders_items_products_by_user,0.77266699999999999,5,True,
benchmark,8975,q10_top_sellers_qty,58.552371000000001,20,True,
benchmark,8976,q11_top_categories,0.13270899999999999,0,True,
benchmark,8977,q1_user_by_id,0.12787399999999999,1,True,
benchmark,8978,q2_all_users,3.073083,200,True,
benchmark,8979,q3_user_by_login,0.15054200000000001,1,True,
benchmark,8980,q4_sellers_rating,40.619042,100,True,
benchmark,8981,q5_orders_offset,4.5802500000000004,50,True,
benchmark,8982,q6_products_by_seller,0.13300000000000001,1,True,
benchmark,8983,q7_products_join_sellers,0.18479200000000001,1,True,
benchmark,8984,q8_order_items_join_products,0.18054200000000001,3,True,
benchmark,8985,q9_orders_items_products_by_user,0.063750000000000001,0,True,
benchmark,8986,q10_top_sellers_qty,57.554253000000003,20,True,
benchmark,8987,q11_top_categories,0.126417,0,True,
benchmark,8988,q1_user_by_id,0.16395799999999999,1,True,
benchmark,8989,q2_all_users,3.634709,200,True,
benchmark,8990,q3_user_by_login,0.16333300000000001,1,True,
benchmark,8991,q4_sellers_rating,39.847541999999997,100,True,
benchmark,8992,q5_orders_offset,4.6750410000000002,50,True,
benchmark,8993,q6_products_by_seller,0.081875000000000003,0,True,
benchmark,8994,q7_products_join_sellers,0.07775,0,True,
benchmark,8995,q8_order_items_join_products,0.199542,5,True,
benchmark,8996,q9_orders_items_products_by_user,0.75241800000000003,5,True,
benchmark,8997,q10_top_sellers_qty,64.394167999999993,20,True,
benchmark,8998,q11_top_categories,0.13958300000000001,0,True,
benchmark,8999,q1_user_by_id,0.137041,1,True,
benchmark,9000,q2_all_users,4.1034160000000002,200,True,
benchmark,9001,q3_user_by_login,0.217667,1,True,
benchmark,9002,q4_sellers_rating,41.568041999999998,100,True,
benchmark,9003,q5_orders_offset,1.5703339999999999,50,True,
benchmark,9004,q6_products_by_seller,0.083709000000000006,0,True,
benchmark,9005,q7_products_join_sellers,0.085625000000000007,0,True,
benchmark,9006,q8_order_items_join_products,0.22212499999999999,2,True,
benchmark,9007,q9_orders_items_products_by_user,0.42716700000000002,3,True,
benchmark,9008,q10_top_sellers_qty,68.077209999999994,20,True,
benchmark,9009,q11_top_categories,0.13808300000000001,0,True,
benchmark,9010,q1_user_by_id,0.154083,1,True,
benchmark,9011,q2_all_users,3.2647080000000002,200,True,
benchmark,9012,q3_user_by_login,0.19700100000000001,1,True,
benchmark,9013,q4_sellers_rating,42.110624999999999,100,True,
benchmark,9014,q5_orders_offset,1.665834,50,True,
benchmark,9015,q6_products_by_seller,0.158916,3,True,
benchmark,9016,q7_products_join_sellers,0.207959,3,True,
benchmark,9017,q8_order_items_join_products,0.20183300000000001,2,True,
benchmark,9018,q9_orders_items_products_by_user,0.064791000000000001,0,True,
benchmark,9019,q10_top_sellers_qty,60.883873999999999,20,True,
benchmark,9020,q11_top_categories,0.139042,0,True,
benchmark,9021,q1_user_by_id,0.15962499999999999,1,True,
benchmark,9022,q2_all_users,3.8601260000000002,200,True,
benchmark,9023,q3_user_by_login,0.23866699999999999,1,True,
benchmark,9024,q4_sellers_rating,43.41825,100,True,
benchmark,9025,q5_orders_offset,1.5571250000000001,50,True,
benchmark,9026,q6_products_by_seller,0.082875000000000004,0,True,
benchmark,9027,q7_products_join_sellers,0.076874999999999999,0,True,
benchmark,9028,q8_order_items_join_products,0.18770800000000001,1,True,
benchmark,9029,q9_orders_items_products_by_user,0.43908399999999997,3,True,
benchmark,9030,q10_top_sellers_qty,62.408794,20,True,
benchmark,9031,q11_top_categories,0.14816699999999999,0,True,
benchmark,9032,q1_user_by_id,0.17779200000000001,1,True,
benchmark,9033,q2_all_users,3.506542,200,True,
benchmark,9034,q3_user_by_login,0.16700000000000001,1,True,
benchmark,9035,q4_sellers_rating,40.992415000000001,100,True,
benchmark,9036,q5_orders_offset,4.5124579999999996,50,True,
benchmark,9037,q6_products_by_seller,0.18762499999999999,1,True,
benchmark,9038,q7_products_join_sellers,0.213834,1,True,
benchmark,9039,q8_order_items_join_products,0.250334,2,True,
benchmark,9040,q9_orders_items_products_by_user,0.068167000000000005,0,True,
benchmark,9041,q10_top_sellers_qty,60.248587999999998,20,True,
benchmark,9042,q11_top_categories,0.13450000000000001,0,True,
benchmark,9043,q1_user_by_id,0.21720800000000001,1,True,
benchmark,9044,q2_all_users,3.4946670000000002,200,True,
benchmark,9045,q3_user_by_login,0.19675000000000001,1,True,
benchmark,9046,q4_sellers_rating,44.491208999999998,100,True,
benchmark,9047,q5_orders_offset,1.4819580000000001,50,True,
benchmark,9048,q6_products_by_seller,0.081000000000000003,0,True,
benchmark,9049,q7_products_join_sellers,0.084125000000000005,0,True,
benchmark,9050,q8_order_items_join_products,0.21329100000000001,3,True,
benchmark,9051,q9_orders_items_products_by_user,0.200708,0,True,
benchmark,9052,q10_top_sellers_qty,68.518045000000001,20,True,
benchmark,9053,q11_top_categories,0.13658400000000001,0,True,
benchmark,9054,q1_user_by_id,0.17066700000000001,1,True,
benchmark,9055,q2_all_users,3.5325829999999998,200,True,
benchmark,9056,q3_user_by_login,0.21062500000000001,1,True,
benchmark,9057,q4_sellers_rating,46.121291999999997,100,True,
benchmark,9058,q5_orders_offset,1.562084,50,True,
benchmark,9059,q6_products_by_seller,0.078,0,True,
benchmark,9060,q7_products_join_sellers,0.078625,0,True,
benchmark,9061,q8_order_items_join_products,0.20937500000000001,1,True,
benchmark,9062,q9_orders_items_products_by_user,0.38020700000000002,2,True,
benchmark,9063,q10_top_sellers_qty,64.532296000000002,20,True,
benchmark,9064,q11_top_categories,0.143125,0,True,
benchmark,9065,q1_user_by_id,0.14758299999999999,1,True,
benchmark,9066,q2_all_users,5.6583750000000004,200,True,
benchmark,9067,q3_user_by_login,0.14483299999999999,1,True,
benchmark,9068,q4_sellers_rating,44.371293000000001,100,True,
benchmark,9069,q5_orders_offset,1.5482499999999999,50,True,
benchmark,9070,q6_products_by_seller,0.075791999999999998,0,True,
benchmark,9071,q7_products_join_sellers,0.078875000000000001,0,True,
benchmark,9072,q8_order_items_join_products,0.24399999999999999,3,True,
benchmark,9073,q9_orders_items_products_by_user,0.063625000000000001,0,True,
benchmark,9074,q10_top_sellers_qty,62.842706,20,True,
benchmark,9075,q11_top_categories,0.15312500000000001,0,True,
benchmark,9076,q1_user_by_id,0.14908299999999999,1,True,
benchmark,9077,q2_all_users,3.585083,200,True,
benchmark,9078,q3_user_by_login,1.1881679999999999,1,True,
benchmark,9079,q4_sellers_rating,41.994751000000001,100,True,
benchmark,9080,q5_orders_offset,1.6333740000000001,50,True,
benchmark,9081,q6_products_by_seller,0.090083999999999997,0,True,
benchmark,9082,q7_products_join_sellers,0.088999999999999996,0,True,
benchmark,9083,q8_order_items_join_products,0.23441699999999999,3,True,
benchmark,9084,q9_orders_items_products_by_user,0.187249,0,True,
benchmark,9085,q10_top_sellers_qty,63.238709,20,True,
benchmark,9086,q11_top_categories,0.15179200000000001,0,True,
benchmark,9087,q1_user_by_id,0.13279199999999999,1,True,
benchmark,9088,q2_all_users,3.4739580000000001,200,True,
benchmark,9089,q3_user_by_login,0.14808399999999999,1,True,
benchmark,9090,q4_sellers_rating,43.436081999999999,100,True,
benchmark,9091,q5_orders_offset,4.5757089999999998,50,True,
benchmark,9092,q6_products_by_seller,0.175875,1,True,
benchmark,9093,q7_products_join_sellers,0.26124999999999998,1,True,
benchmark,9094,q8_order_items_join_products,0.19095899999999999,4,True,
benchmark,9095,q9_orders_items_products_by_user,0.57374899999999995,4,True,
benchmark,9096,q10_top_sellers_qty,65.20975,20,True,
benchmark,9097,q11_top_categories,0.140708,0,True,
benchmark,9098,q1_user_by_id,0.23691699999999999,1,True,
benchmark,9099,q2_all_users,2.7973330000000001,200,True,
benchmark,9100,q3_user_by_login,2.4684159999999999,1,True,
benchmark,9101,q4_sellers_rating,43.938333,100,True,
benchmark,9102,q5_orders_offset,1.5902080000000001,50,True,
benchmark,9103,q6_products_by_seller,0.15462500000000001,1,True,
benchmark,9104,q7_products_join_sellers,0.203374,1,True,
benchmark,9105,q8_order_items_join_products,0.21429200000000001,3,True,
benchmark,9106,q9_orders_items_products_by_user,0.18995799999999999,0,True,
benchmark,9107,q10_top_sellers_qty,55.100583,20,True,
benchmark,9108,q11_top_categories,0.13,0,True,
benchmark,9109,q1_user_by_id,0.13650000000000001,1,True,
benchmark,9110,q2_all_users,5.85175,200,True,
benchmark,9111,q3_user_by_login,0.18845799999999999,1,True,
benchmark,9112,q4_sellers_rating,41.209916,100,True,
benchmark,9113,q5_orders_offset,1.4924170000000001,50,True,
benchmark,9114,q6_products_by_seller,0.085375000000000006,0,True,
benchmark,9115,q7_products_join_sellers,0.081500000000000003,0,True,
benchmark,9116,q8_order_items_join_products,0.217416,2,True,
benchmark,9117,q9_orders_items_products_by_user,0.060957999999999998,0,True,
benchmark,9118,q10_top_sellers_qty,73.222916999999995,20,True,
benchmark,9119,q11_top_categories,0.137958,0,True,
benchmark,9120,q1_user_by_id,0.18304100000000001,1,True,
benchmark,9121,q2_all_users,3.36625,200,True,
benchmark,9122,q3_user_by_login,0.25262499999999999,1,True,
benchmark,9123,q4_sellers_rating,42.229084,100,True,
benchmark,9124,q5_orders_offset,1.4884170000000001,50,True,
benchmark,9125,q6_products_by_seller,0.151833,2,True,
benchmark,9126,q7_products_join_sellers,0.216499,2,True,
benchmark,9127,q8_order_items_join_products,0.201292,3,True,
benchmark,9128,q9_orders_items_products_by_user,0.062417,0,True,
benchmark,9129,q10_top_sellers_qty,75.868667000000002,20,True,
benchmark,9130,q11_top_categories,0.15054100000000001,0,True,
benchmark,9131,q1_user_by_id,0.13216700000000001,1,True,
benchmark,9132,q2_all_users,3.812792,200,True,
benchmark,9133,q3_user_by_login,0.206709,1,True,
benchmark,9134,q4_sellers_rating,43.028582,100,True,
benchmark,9135,q5_orders_offset,1.562459,50,True,
benchmark,9136,q6_products_by_seller,0.098167000000000004,0,True,
benchmark,9137,q7_products_join_sellers,0.085250000000000006,0,True,
benchmark,9138,q8_order_items_join_products,0.22804099999999999,1,True,
benchmark,9139,q9_orders_items_products_by_user,0.069166000000000005,0,True,
benchmark,9140,q10_top_sellers_qty,88.241540999999998,20,True,
benchmark,9141,q11_top_categories,0.13775000000000001,0,True,
benchmark,9142,q1_user_by_id,0.22779099999999999,1,True,
benchmark,9143,q2_all_users,7.6355409999999999,200,True,
benchmark,9144,q3_user_by_login,0.218,1,True,
benchmark,9145,q4_sellers_rating,44.465541999999999,100,True,
benchmark,9146,q5_orders_offset,1.5490010000000001,50,True,
benchmark,9147,q6_products_by_seller,0.155166,1,True,
benchmark,9148,q7_products_join_sellers,0.22850000000000001,1,True,
benchmark,9149,q8_order_items_join_products,0.231625,2,True,
benchmark,9150,q9_orders_items_products_by_user,0.51862399999999997,3,True,
benchmark,9151,q10_top_sellers_qty,64.688040999999998,20,True,
benchmark,9152,q11_top_categories,0.15049999999999999,0,True,
benchmark,9153,q1_user_by_id,0.232709,1,True,
benchmark,9154,q2_all_users,4.0637080000000001,200,True,
benchmark,9155,q3_user_by_login,0.235791,1,True,
benchmark,9156,q4_sellers_rating,47.970001000000003,100,True,
benchmark,9157,q5_orders_offset,1.597459,50,True,
benchmark,9158,q6_products_by_seller,0.17862500000000001,1,True,
benchmark,9159,q7_products_join_sellers,0.29425000000000001,1,True,
benchmark,9160,q8_order_items_join_products,0.22558300000000001,2,True,
benchmark,9161,q9_orders_items_products_by_user,0.94587399999999999,6,True,
benchmark,9162,q10_top_sellers_qty,63.292915000000001,20,True,
benchmark,9163,q11_top_categories,0.16391700000000001,0,True,
benchmark,9164,q1_user_by_id,0.15725,1,True,
benchmark,9165,q2_all_users,3.5426250000000001,200,True,
benchmark,9166,q3_user_by_login,0.213417,1,True,
benchmark,9167,q4_sellers_rating,46.873085000000003,100,True,
benchmark,9168,q5_orders_offset,1.461209,50,True,
benchmark,9169,q6_products_by_seller,0.144708,1,True,
benchmark,9170,q7_products_join_sellers,0.20025100000000001,1,True,
benchmark,9171,q8_order_items_join_products,0.231042,5,True,
benchmark,9172,q9_orders_items_products_by_user,0.069459000000000007,0,True,
benchmark,9173,q10_top_sellers_qty,83.845296000000005,20,True,
benchmark,9174,q11_top_categories,0.125583,0,True,
benchmark,9175,q1_user_by_id,0.19304099999999999,1,True,
benchmark,9176,q2_all_users,3.805917,200,True,
benchmark,9177,q3_user_by_login,0.19445799999999999,1,True,
benchmark,9178,q4_sellers_rating,47.403165999999999,100,True,
benchmark,9179,q5_orders_offset,1.5085839999999999,50,True,
benchmark,9180,q6_products_by_seller,0.15329200000000001,1,True,
benchmark,9181,q7_products_join_sellers,0.202792,1,True,
benchmark,9182,q8_order_items_join_products,0.223083,1,True,
benchmark,9183,q9_orders_items_products_by_user,0.580708,5,True,
benchmark,9184,q10_top_sellers_qty,60.848548000000001,20,True,
benchmark,9185,q11_top_categories,0.13816700000000001,0,True,
benchmark,9186,q1_user_by_id,0.16229199999999999,1,True,
benchmark,9187,q2_all_users,5.7613760000000003,200,True,
benchmark,9188,q3_user_by_login,0.26466699999999999,1,True,
benchmark,9189,q4_sellers_rating,45.363708000000003,100,True,
benchmark,9190,q5_orders_offset,1.611334,50,True,
benchmark,9191,q6_products_by_seller,0.14166699999999999,1,True,
benchmark,9192,q7_products_join_sellers,0.20808299999999999,1,True,
benchmark,9193,q8_order_items_join_products,0.194332,5,True,
benchmark,9194,q9_orders_items_products_by_user,0.37054199999999998,2,True,
benchmark,9195,q10_top_sellers_qty,60.707379000000003,20,True,
benchmark,9196,q11_top_categories,0.12525,0,True,
benchmark,9197,q1_user_by_id,0.14754100000000001,1,True,
benchmark,9198,q2_all_users,3.1985410000000001,200,True,
benchmark,9199,q3_user_by_login,0.18066699999999999,1,True,
benchmark,9200,q4_sellers_rating,41.523333000000001,100,True,
benchmark,9201,q5_orders_offset,2.0012919999999998,50,True,
benchmark,9202,q6_products_by_seller,0.073332999999999995,0,True,
benchmark,9203,q7_products_join_sellers,0.060040999999999997,0,True,
benchmark,9204,q8_order_items_join_products,0.193,3,True,
benchmark,9205,q9_orders_items_products_by_user,0.059291000000000003,0,True,
benchmark,9206,q10_top_sellers_qty,65.752039999999994,20,True,
benchmark,9207,q11_top_categories,0.14924999999999999,0,True,
benchmark,9208,q1_user_by_id,0.153084,1,True,
benchmark,9209,q2_all_users,3.3769580000000001,200,True,
benchmark,9210,q3_user_by_login,0.21183299999999999,1,True,
benchmark,9211,q4_sellers_rating,44.550293000000003,100,True,
benchmark,9212,q5_orders_offset,5.6364999999999998,50,True,
benchmark,9213,q6_products_by_seller,0.079417000000000001,0,True,
benchmark,9214,q7_products_join_sellers,0.082291000000000003,0,True,
benchmark,9215,q8_order_items_join_products,0.213751,1,True,
benchmark,9216,q9_orders_items_products_by_user,0.829793,6,True,
benchmark,9217,q10_top_sellers_qty,71.391126,20,True,
benchmark,9218,q11_top_categories,0.152,0,True,
benchmark,9219,q1_user_by_id,0.18870899999999999,1,True,
benchmark,9220,q2_all_users,3.6280000000000001,200,True,
benchmark,9221,q3_user_by_login,0.23033300000000001,1,True,
benchmark,9222,q4_sellers_rating,41.962916999999997,100,True,
benchmark,9223,q5_orders_offset,1.623583,50,True,
benchmark,9224,q6_products_by_seller,0.16641600000000001,3,True,
benchmark,9225,q7_products_join_sellers,0.22020799999999999,3,True,
benchmark,9226,q8_order_items_join_products,0.21049999999999999,1,True,
benchmark,9227,q9_orders_items_products_by_user,0.093375,0,True,
benchmark,9228,q10_top_sellers_qty,64.129620000000003,20,True,
benchmark,9229,q11_top_categories,0.27529199999999998,0,True,
benchmark,9230,q1_user_by_id,0.24945800000000001,1,True,
benchmark,9231,q2_all_users,3.2028750000000001,200,True,
benchmark,9232,q3_user_by_login,0.175791,1,True,
benchmark,9233,q4_sellers_rating,42.244374999999998,100,True,
benchmark,9234,q5_orders_offset,1.6017490000000001,50,True,
benchmark,9235,q6_products_by_seller,0.145375,1,True,
benchmark,9236,q7_products_join_sellers,0.22054099999999999,1,True,
benchmark,9237,q8_order_items_join_products,0.213584,2,True,
benchmark,9238,q9_orders_items_products_by_user,0.63837600000000005,4,True,
benchmark,9239,q10_top_sellers_qty,64.270752000000002,20,True,
benchmark,9240,q11_top_categories,0.13337499999999999,0,True,
benchmark,9241,q1_user_by_id,0.24137500000000001,1,True,
benchmark,9242,q2_all_users,4.1087499999999997,200,True,
benchmark,9243,q3_user_by_login,0.13133300000000001,1,True,
benchmark,9244,q4_sellers_rating,44.753709000000001,100,True,
benchmark,9245,q5_orders_offset,1.479916,50,True,
benchmark,9246,q6_products_by_seller,0.15058299999999999,2,True,
benchmark,9247,q7_products_join_sellers,0.22500000000000001,2,True,
benchmark,9248,q8_order_items_join_products,0.22879099999999999,5,True,
benchmark,9249,q9_orders_items_products_by_user,0.25083299999999997,0,True,
benchmark,9250,q10_top_sellers_qty,57.899084000000002,20,True,
benchmark,9251,q11_top_categories,0.16358300000000001,0,True,
benchmark,9252,q1_user_by_id,0.186666,1,True,
benchmark,9253,q2_all_users,3.1549580000000002,200,True,
benchmark,9254,q3_user_by_login,0.183083,1,True,
benchmark,9255,q4_sellers_rating,40.539040999999997,100,True,
benchmark,9256,q5_orders_offset,1.5667500000000001,50,True,
benchmark,9257,q6_products_by_seller,0.14804100000000001,1,True,
benchmark,9258,q7_products_join_sellers,0.192,1,True,
benchmark,9259,q8_order_items_join_products,0.230124,1,True,
benchmark,9260,q9_orders_items_products_by_user,0.25941599999999998,0,True,
benchmark,9261,q10_top_sellers_qty,51.678241,20,True,
benchmark,9262,q11_top_categories,0.143708,0,True,
benchmark,9263,q1_user_by_id,0.139291,1,True,
benchmark,9264,q2_all_users,3.1563759999999998,200,True,
benchmark,9265,q3_user_by_login,0.23216700000000001,1,True,
benchmark,9266,q4_sellers_rating,40.437375000000003,100,True,
benchmark,9267,q5_orders_offset,1.5320830000000001,50,True,
benchmark,9268,q6_products_by_seller,0.085708000000000006,0,True,
benchmark,9269,q7_products_join_sellers,0.083458000000000004,0,True,
benchmark,9270,q8_order_items_join_products,0.221,4,True,
benchmark,9271,q9_orders_items_products_by_user,0.071291999999999994,0,True,
benchmark,9272,q10_top_sellers_qty,62.541536999999998,20,True,
benchmark,9273,q11_top_categories,0.14933299999999999,0,True,
benchmark,9274,q1_user_by_id,0.19333400000000001,1,True,
benchmark,9275,q2_all_users,3.1722090000000001,200,True,
benchmark,9276,q3_user_by_login,0.188417,1,True,
benchmark,9277,q4_sellers_rating,44.465125999999998,100,True,
benchmark,9278,q5_orders_offset,1.476124,50,True,
benchmark,9279,q6_products_by_seller,0.075457999999999997,0,True,
benchmark,9280,q7_products_join_sellers,0.068667000000000006,0,True,
benchmark,9281,q8_order_items_join_products,0.231543,5,True,
benchmark,9282,q9_orders_items_products_by_user,0.19408300000000001,0,True,
benchmark,9283,q10_top_sellers_qty,74.797962999999996,20,True,
benchmark,9284,q11_top_categories,0.142209,0,True,
benchmark,9285,q1_user_by_id,0.152417,1,True,
benchmark,9286,q2_all_users,5.7255409999999998,200,True,
benchmark,9287,q3_user_by_login,0.16595799999999999,1,True,
benchmark,9288,q4_sellers_rating,39.477708,100,True,
benchmark,9289,q5_orders_offset,1.582292,50,True,
benchmark,9290,q6_products_by_seller,0.15712499999999999,1,True,
benchmark,9291,q7_products_join_sellers,0.20833299999999999,1,True,
benchmark,9292,q8_order_items_join_products,0.219582,1,True,
benchmark,9293,q9_orders_items_products_by_user,0.063500000000000001,0,True,
benchmark,9294,q10_top_sellers_qty,71.717541999999995,20,True,
benchmark,9295,q11_top_categories,0.124917,0,True,
benchmark,9296,q1_user_by_id,0.168708,1,True,
benchmark,9297,q2_all_users,3.4214579999999999,200,True,
benchmark,9298,q3_user_by_login,0.21462500000000001,1,True,
benchmark,9299,q4_sellers_rating,43.215584,100,True,
benchmark,9300,q5_orders_offset,1.521126,50,True,
benchmark,9301,q6_products_by_seller,0.170875,3,True,
benchmark,9302,q7_products_join_sellers,0.26700000000000002,3,True,
benchmark,9303,q8_order_items_join_products,0.200292,2,True,
benchmark,9304,q9_orders_items_products_by_user,0.056875000000000002,0,True,
benchmark,9305,q10_top_sellers_qty,65.242003999999994,20,True,
benchmark,9306,q11_top_categories,0.13195899999999999,0,True,
benchmark,9307,q1_user_by_id,0.123041,1,True,
benchmark,9308,q2_all_users,4.3905419999999999,200,True,
benchmark,9309,q3_user_by_login,0.234791,1,True,
benchmark,9310,q4_sellers_rating,45.904584,100,True,
benchmark,9311,q5_orders_offset,1.5108330000000001,50,True,
benchmark,9312,q6_products_by_seller,0.15704099999999999,1,True,
benchmark,9313,q7_products_join_sellers,0.202124,1,True,
benchmark,9314,q8_order_items_join_products,0.215416,3,True,
benchmark,9315,q9_orders_items_products_by_user,0.201291,0,True,
benchmark,9316,q10_top_sellers_qty,67.777040999999997,20,True,
benchmark,9317,q11_top_categories,0.205875,0,True,
benchmark,9318,q1_user_by_id,0.16404199999999999,1,True,
benchmark,9319,q2_all_users,3.678458,200,True,
benchmark,9320,q3_user_by_login,0.253,1,True,
benchmark,9321,q4_sellers_rating,53.954667000000001,100,True,
benchmark,9322,q5_orders_offset,1.5265010000000001,50,True,
benchmark,9323,q6_products_by_seller,0.078584000000000001,0,True,
benchmark,9324,q7_products_join_sellers,0.077457999999999999,0,True,
benchmark,9325,q8_order_items_join_products,0.21729200000000001,2,True,
benchmark,9326,q9_orders_items_products_by_user,0.073915999999999996,0,True,
benchmark,9327,q10_top_sellers_qty,76.004170999999999,20,True,
benchmark,9328,q11_top_categories,0.13112499999999999,0,True,
benchmark,9329,q1_user_by_id,0.17979200000000001,1,True,
benchmark,9330,q2_all_users,4.1405010000000004,200,True,
benchmark,9331,q3_user_by_login,0.41354200000000002,1,True,
benchmark,9332,q4_sellers_rating,44.361207999999998,100,True,
benchmark,9333,q5_orders_offset,1.522708,50,True,
benchmark,9334,q6_products_by_seller,0.106291,0,True,
benchmark,9335,q7_products_join_sellers,0.079833000000000001,0,True,
benchmark,9336,q8_order_items_join_products,0.37545899999999999,3,True,
benchmark,9337,q9_orders_items_products_by_user,0.33216600000000002,0,True,
benchmark,9338,q10_top_sellers_qty,70.290878000000006,20,True,
benchmark,9339,q11_top_categories,0.125,0,True,
benchmark,9340,q1_user_by_id,0.262959,1,True,
benchmark,9341,q2_all_users,3.470542,200,True,
benchmark,9342,q3_user_by_login,0.232209,1,True,
benchmark,9343,q4_sellers_rating,43.690209000000003,100,True,
benchmark,9344,q5_orders_offset,1.5995010000000001,50,True,
benchmark,9345,q6_products_by_seller,0.13858300000000001,1,True,
benchmark,9346,q7_products_join_sellers,0.213501,1,True,
benchmark,9347,q8_order_items_join_products,0.19899900000000001,1,True,
benchmark,9348,q9_orders_items_products_by_user,0.072249999999999995,0,True,
benchmark,9349,q10_top_sellers_qty,59.116540999999998,20,True,
benchmark,9350,q11_top_categories,0.12879099999999999,0,True,
benchmark,9351,q1_user_by_id,0.21012500000000001,1,True,
benchmark,9352,q2_all_users,4.3615830000000004,200,True,
benchmark,9353,q3_user_by_login,0.22554199999999999,1,True,
benchmark,9354,q4_sellers_rating,45.951999999999998,100,True,
benchmark,9355,q5_orders_offset,1.54125,50,True,
benchmark,9356,q6_products_by_seller,0.152167,2,True,
benchmark,9357,q7_products_join_sellers,0.21804100000000001,2,True,
benchmark,9358,q8_order_items_join_products,0.2145,5,True,
benchmark,9359,q9_orders_items_products_by_user,0.18812499999999999,0,True,
benchmark,9360,q10_top_sellers_qty,85.297334000000006,20,True,
benchmark,9361,q11_top_categories,0.23050000000000001,0,True,
benchmark,9362,q1_user_by_id,0.221417,1,True,
benchmark,9363,q2_all_users,3.7869169999999999,200,True,
benchmark,9364,q3_user_by_login,0.24120900000000001,1,True,
benchmark,9365,q4_sellers_rating,46.043958000000003,100,True,
benchmark,9366,q5_orders_offset,1.5242500000000001,50,True,
benchmark,9367,q6_products_by_seller,0.080792000000000003,0,True,
benchmark,9368,q7_products_join_sellers,0.072624999999999995,0,True,
benchmark,9369,q8_order_items_join_products,0.236458,5,True,
benchmark,9370,q9_orders_items_products_by_user,0.057250000000000002,0,True,
benchmark,9371,q10_top_sellers_qty,75.768705999999995,20,True,
benchmark,9372,q11_top_categories,0.17795800000000001,0,True,
benchmark,9373,q1_user_by_id,0.16466700000000001,1,True,
benchmark,9374,q2_all_users,3.332875,200,True,
benchmark,9375,q3_user_by_login,0.205625,1,True,
benchmark,9376,q4_sellers_rating,40.829374999999999,100,True,
benchmark,9377,q5_orders_offset,1.543625,50,True,
benchmark,9378,q6_products_by_seller,0.081167000000000003,0,True,
benchmark,9379,q7_products_join_sellers,0.077290999999999999,0,True,
benchmark,9380,q8_order_items_join_products,0.224083,5,True,
benchmark,9381,q9_orders_items_products_by_user,0.51512400000000003,4,True,
benchmark,9382,q10_top_sellers_qty,70.462249999999997,20,True,
benchmark,9383,q11_top_categories,0.128417,0,True,
benchmark,9384,q1_user_by_id,0.167708,1,True,
benchmark,9385,q2_all_users,3.7454160000000001,200,True,
benchmark,9386,q3_user_by_login,0.17591699999999999,1,True,
benchmark,9387,q4_sellers_rating,41.231583999999998,100,True,
benchmark,9388,q5_orders_offset,1.49525,50,True,
benchmark,9389,q6_products_by_seller,0.158416,2,True,
benchmark,9390,q7_products_join_sellers,0.20995900000000001,2,True,
benchmark,9391,q8_order_items_join_products,0.21904100000000001,5,True,
benchmark,9392,q9_orders_items_products_by_user,0.43133199999999999,3,True,
benchmark,9393,q10_top_sellers_qty,76.287412000000003,20,True,
benchmark,9394,q11_top_categories,0.14916599999999999,0,True,
benchmark,9395,q1_user_by_id,0.139293,1,True,
benchmark,9396,q2_all_users,6.3918340000000002,200,True,
benchmark,9397,q3_user_by_login,0.15445800000000001,1,True,
benchmark,9398,q4_sellers_rating,43.581541999999999,100,True,
benchmark,9399,q5_orders_offset,1.5205839999999999,50,True,
benchmark,9400,q6_products_by_seller,0.186084,2,True,
benchmark,9401,q7_products_join_sellers,0.21020800000000001,2,True,
benchmark,9402,q8_order_items_join_products,0.204375,2,True,
benchmark,9403,q9_orders_items_products_by_user,0.064250000000000002,0,True,
benchmark,9404,q10_top_sellers_qty,59.567917999999999,20,True,
benchmark,9405,q11_top_categories,0.13316700000000001,0,True,
benchmark,9406,q1_user_by_id,0.156666,1,True,
benchmark,9407,q2_all_users,3.09375,200,True,
benchmark,9408,q3_user_by_login,0.23741699999999999,1,True,
benchmark,9409,q4_sellers_rating,41.120165999999998,100,True,
benchmark,9410,q5_orders_offset,1.571625,50,True,
benchmark,9411,q6_products_by_seller,0.16037499999999999,1,True,
benchmark,9412,q7_products_join_sellers,0.21429100000000001,1,True,
benchmark,9413,q8_order_items_join_products,0.20058300000000001,3,True,
benchmark,9414,q9_orders_items_products_by_user,0.069500000000000006,0,True,
benchmark,9415,q10_top_sellers_qty,57.628081999999999,20,True,
benchmark,9416,q11_top_categories,0.16562499999999999,0,True,
benchmark,9417,q1_user_by_id,0.13658300000000001,1,True,
benchmark,9418,q2_all_users,3.2719580000000001,200,True,
benchmark,9419,q3_user_by_login,0.13483300000000001,1,True,
benchmark,9420,q4_sellers_rating,41.882375000000003,100,True,
benchmark,9421,q5_orders_offset,1.538125,50,True,
benchmark,9422,q6_products_by_seller,0.14720900000000001,1,True,
benchmark,9423,q7_products_join_sellers,0.20958299999999999,1,True,
benchmark,9424,q8_order_items_join_products,0.207875,2,True,
benchmark,9425,q9_orders_items_products_by_user,0.063500000000000001,0,True,
benchmark,9426,q10_top_sellers_qty,59.860211,20,True,
benchmark,9427,q11_top_categories,0.124792,0,True,
benchmark,9428,q1_user_by_id,0.18995899999999999,1,True,
benchmark,9429,q2_all_users,3.0695420000000002,200,True,
benchmark,9430,q3_user_by_login,0.14966599999999999,1,True,
benchmark,9431,q4_sellers_rating,45.027583999999997,100,True,
benchmark,9432,q5_orders_offset,1.640541,50,True,
benchmark,9433,q6_products_by_seller,0.084958000000000006,0,True,
benchmark,9434,q7_products_join_sellers,0.082541000000000003,0,True,
benchmark,9435,q8_order_items_join_products,0.25437500000000002,5,True,
benchmark,9436,q9_orders_items_products_by_user,0.063666,0,True,
benchmark,9437,q10_top_sellers_qty,48.743287000000002,20,True,
benchmark,9438,q11_top_categories,0.13925000000000001,0,True,
benchmark,9439,q1_user_by_id,0.13950099999999999,1,True,
benchmark,9440,q2_all_users,2.95425,200,True,
benchmark,9441,q3_user_by_login,0.15212500000000001,1,True,
benchmark,9442,q4_sellers_rating,36.657708999999997,100,True,
benchmark,9443,q5_orders_offset,1.5197080000000001,50,True,
benchmark,9444,q6_products_by_seller,0.15337500000000001,2,True,
benchmark,9445,q7_products_join_sellers,0.199625,2,True,
benchmark,9446,q8_order_items_join_products,0.25295699999999999,3,True,
benchmark,9447,q9_orders_items_products_by_user,0.27712399999999998,0,True,
benchmark,9448,q10_top_sellers_qty,64.495921999999993,20,True,
benchmark,9449,q11_top_categories,0.158,0,True,
benchmark,9450,q1_user_by_id,0.15375,1,True,
benchmark,9451,q2_all_users,3.649375,200,True,
benchmark,9452,q3_user_by_login,0.14033300000000001,1,True,
benchmark,9453,q4_sellers_rating,41.223208,100,True,
benchmark,9454,q5_orders_offset,1.4681249999999999,50,True,
benchmark,9455,q6_products_by_seller,0.16387399999999999,1,True,
benchmark,9456,q7_products_join_sellers,0.20441599999999999,1,True,
benchmark,9457,q8_order_items_join_products,0.21945799999999999,3,True,
benchmark,9458,q9_orders_items_products_by_user,0.19608300000000001,0,True,
benchmark,9459,q10_top_sellers_qty,83.280788999999999,20,True,
benchmark,9460,q11_top_categories,0.13408400000000001,0,True,
benchmark,9461,q1_user_by_id,0.17795800000000001,1,True,
benchmark,9462,q2_all_users,3.7204169999999999,200,True,
benchmark,9463,q3_user_by_login,0.26458300000000001,1,True,
benchmark,9464,q4_sellers_rating,45.548791999999999,100,True,
benchmark,9465,q5_orders_offset,1.6722079999999999,50,True,
benchmark,9466,q6_products_by_seller,0.16800000000000001,1,True,
benchmark,9467,q7_products_join_sellers,0.26541599999999999,1,True,
benchmark,9468,q8_order_items_join_products,0.31466699999999997,4,True,
benchmark,9469,q9_orders_items_products_by_user,0.27187600000000001,0,True,
benchmark,9470,q10_top_sellers_qty,53.284160999999997,20,True,
benchmark,9471,q11_top_categories,0.137709,0,True,
benchmark,9472,q1_user_by_id,0.186,1,True,
benchmark,9473,q2_all_users,2.9426670000000001,200,True,
benchmark,9474,q3_user_by_login,0.17691699999999999,1,True,
benchmark,9475,q4_sellers_rating,40.466707999999997,100,True,
benchmark,9476,q5_orders_offset,1.575583,50,True,
benchmark,9477,q6_products_by_seller,0.151834,3,True,
benchmark,9478,q7_products_join_sellers,0.21637400000000001,3,True,
benchmark,9479,q8_order_items_join_products,0.19145799999999999,2,True,
benchmark,9480,q9_orders_items_products_by_user,1.0157069999999999,8,True,
benchmark,9481,q10_top_sellers_qty,59.412080000000003,20,True,
benchmark,9482,q11_top_categories,0.096250000000000002,0,True,
benchmark,9483,q1_user_by_id,0.14058300000000001,1,True,
benchmark,9484,q2_all_users,3.1457079999999999,200,True,
benchmark,9485,q3_user_by_login,0.15912499999999999,1,True,
benchmark,9486,q4_sellers_rating,39.507750000000001,100,True,
benchmark,9487,q5_orders_offset,1.6172500000000001,50,True,
benchmark,9488,q6_products_by_seller,0.11466700000000001,0,True,
benchmark,9489,q7_products_join_sellers,0.072165999999999994,0,True,
benchmark,9490,q8_order_items_join_products,0.286916,3,True,
benchmark,9491,q9_orders_items_products_by_user,0.090708999999999998,0,True,
benchmark,9492,q10_top_sellers_qty,64.680914999999999,20,True,
benchmark,9493,q11_top_categories,0.098833000000000004,0,True,
benchmark,9494,q1_user_by_id,0.18975,1,True,
benchmark,9495,q2_all_users,3.2298749999999998,200,True,
benchmark,9496,q3_user_by_login,0.19774900000000001,1,True,
benchmark,9497,q4_sellers_rating,41.244542000000003,100,True,
benchmark,9498,q5_orders_offset,1.4618329999999999,50,True,
benchmark,9499,q6_products_by_seller,0.15687499999999999,3,True,
benchmark,9500,q7_products_join_sellers,0.22641600000000001,3,True,
benchmark,9501,q8_order_items_join_products,0.215166,5,True,
benchmark,9502,q9_orders_items_products_by_user,0.18095900000000001,0,True,
benchmark,9503,q10_top_sellers_qty,81.057084000000003,20,True,
benchmark,9504,q11_top_categories,0.13216700000000001,0,True,
benchmark,9505,q1_user_by_id,0.17508199999999999,1,True,
benchmark,9506,q2_all_users,4.1650830000000001,200,True,
benchmark,9507,q3_user_by_login,0.14645900000000001,1,True,
benchmark,9508,q4_sellers_rating,48.444958,100,True,
benchmark,9509,q5_orders_offset,1.755957,50,True,
benchmark,9510,q6_products_by_seller,0.15112500000000001,1,True,
benchmark,9511,q7_products_join_sellers,0.205376,1,True,
benchmark,9512,q8_order_items_join_products,0.21049899999999999,4,True,
benchmark,9513,q9_orders_items_products_by_user,0.070416999999999993,0,True,
benchmark,9514,q10_top_sellers_qty,75.142245000000003,20,True,
benchmark,9515,q11_top_categories,0.159917,0,True,
benchmark,9516,q1_user_by_id,0.150667,1,True,
benchmark,9517,q2_all_users,3.4162499999999998,200,True,
benchmark,9518,q3_user_by_login,0.17983299999999999,1,True,
benchmark,9519,q4_sellers_rating,40.917498999999999,100,True,
benchmark,9520,q5_orders_offset,1.729001,50,True,
benchmark,9521,q6_products_by_seller,0.15579200000000001,2,True,
benchmark,9522,q7_products_join_sellers,0.20649999999999999,2,True,
benchmark,9523,q8_order_items_join_products,0.20624999999999999,3,True,
benchmark,9524,q9_orders_items_products_by_user,0.25929200000000002,0,True,
benchmark,9525,q10_top_sellers_qty,61.601332999999997,20,True,
benchmark,9526,q11_top_categories,0.13062499999999999,0,True,
benchmark,9527,q1_user_by_id,0.191917,1,True,
benchmark,9528,q2_all_users,3.0084590000000002,200,True,
benchmark,9529,q3_user_by_login,0.13775000000000001,1,True,
benchmark,9530,q4_sellers_rating,41.366667999999997,100,True,
benchmark,9531,q5_orders_offset,1.5692079999999999,50,True,
benchmark,9532,q6_products_by_seller,0.095667000000000002,0,True,
benchmark,9533,q7_products_join_sellers,0.094959000000000002,0,True,
benchmark,9534,q8_order_items_join_products,0.25812499999999999,3,True,
benchmark,9535,q9_orders_items_products_by_user,0.46245900000000001,2,True,
benchmark,9536,q10_top_sellers_qty,59.146582000000002,20,True,
benchmark,9537,q11_top_categories,0.16112499999999999,0,True,
benchmark,9538,q1_user_by_id,0.2165,1,True,
benchmark,9539,q2_all_users,5.9003740000000002,200,True,
benchmark,9540,q3_user_by_login,0.264542,1,True,
benchmark,9541,q4_sellers_rating,41.644083000000002,100,True,
benchmark,9542,q5_orders_offset,1.665125,50,True,
benchmark,9543,q6_products_by_seller,0.14974999999999999,2,True,
benchmark,9544,q7_products_join_sellers,0.21470900000000001,2,True,
benchmark,9545,q8_order_items_join_products,0.21274999999999999,2,True,
benchmark,9546,q9_orders_items_products_by_user,0.46529100000000001,3,True,
benchmark,9547,q10_top_sellers_qty,57.309246000000002,20,True,
benchmark,9548,q11_top_categories,0.13966700000000001,0,True,
benchmark,9549,q1_user_by_id,0.18579200000000001,1,True,
benchmark,9550,q2_all_users,3.405875,200,True,
benchmark,9551,q3_user_by_login,0.17787500000000001,1,True,
benchmark,9552,q4_sellers_rating,48.238208,100,True,
benchmark,9553,q5_orders_offset,1.539541,50,True,
benchmark,9554,q6_products_by_seller,0.146541,1,True,
benchmark,9555,q7_products_join_sellers,0.208708,1,True,
benchmark,9556,q8_order_items_join_products,0.222584,5,True,
benchmark,9557,q9_orders_items_products_by_user,0.59579099999999996,3,True,
benchmark,9558,q10_top_sellers_qty,63.443621999999998,20,True,
benchmark,9559,q11_top_categories,0.130333,0,True,
benchmark,9560,q1_user_by_id,0.193,1,True,
benchmark,9561,q2_all_users,3.3955000000000002,200,True,
benchmark,9562,q3_user_by_login,0.22629199999999999,1,True,
benchmark,9563,q4_sellers_rating,44.237541999999998,100,True,
benchmark,9564,q5_orders_offset,1.601667,50,True,
benchmark,9565,q6_products_by_seller,0.091666999999999998,0,True,
benchmark,9566,q7_products_join_sellers,0.080375000000000002,0,True,
benchmark,9567,q8_order_items_join_products,0.224665,4,True,
benchmark,9568,q9_orders_items_products_by_user,0.064667000000000002,0,True,
benchmark,9569,q10_top_sellers_qty,71.589247999999998,20,True,
benchmark,9570,q11_top_categories,0.137875,0,True,
benchmark,9571,q1_user_by_id,0.186501,1,True,
benchmark,9572,q2_all_users,3.3493750000000002,200,True,
benchmark,9573,q3_user_by_login,0.137042,1,True,
benchmark,9574,q4_sellers_rating,44.911166999999999,100,True,
benchmark,9575,q5_orders_offset,1.5643339999999999,50,True,
benchmark,9576,q6_products_by_seller,0.086541000000000007,0,True,
benchmark,9577,q7_products_join_sellers,0.083750000000000005,0,True,
benchmark,9578,q8_order_items_join_products,0.22162499999999999,3,True,
benchmark,9579,q9_orders_items_products_by_user,0.075916999999999998,0,True,
benchmark,9580,q10_top_sellers_qty,69.152208999999999,20,True,
benchmark,9581,q11_top_categories,0.145625,0,True,
benchmark,9582,q1_user_by_id,0.11791699999999999,1,True,
benchmark,9583,q2_all_users,3.2916669999999999,200,True,
benchmark,9584,q3_user_by_login,0.18987499999999999,1,True,
benchmark,9585,q4_sellers_rating,40.849249,100,True,
benchmark,9586,q5_orders_offset,1.449001,50,True,
benchmark,9587,q6_products_by_seller,0.078084000000000001,0,True,
benchmark,9588,q7_products_join_sellers,0.079792000000000002,0,True,
benchmark,9589,q8_order_items_join_products,0.23125100000000001,1,True,
benchmark,9590,q9_orders_items_products_by_user,0.073416999999999996,0,True,
benchmark,9591,q10_top_sellers_qty,61.658875999999999,20,True,
benchmark,9592,q11_top_categories,0.119542,0,True,
benchmark,9593,q1_user_by_id,0.17745900000000001,1,True,
benchmark,9594,q2_all_users,7.9650410000000003,200,True,
benchmark,9595,q3_user_by_login,0.47779199999999999,1,True,
benchmark,9596,q4_sellers_rating,45.487791999999999,100,True,
benchmark,9597,q5_orders_offset,1.5067090000000001,50,True,
benchmark,9598,q6_products_by_seller,0.153999,2,True,
benchmark,9599,q7_products_join_sellers,0.208874,2,True,
benchmark,9600,q8_order_items_join_products,0.23225000000000001,5,True,
benchmark,9601,q9_orders_items_products_by_user,0.070541000000000006,0,True,
benchmark,9602,q10_top_sellers_qty,59.848959000000001,20,True,
benchmark,9603,q11_top_categories,0.124625,0,True,
benchmark,9604,q1_user_by_id,0.14849999999999999,1,True,
benchmark,9605,q2_all_users,3.3762919999999998,200,True,
benchmark,9606,q3_user_by_login,0.18312500000000001,1,True,
benchmark,9607,q4_sellers_rating,42.565748999999997,100,True,
benchmark,9608,q5_orders_offset,2.0145010000000001,50,True,
benchmark,9609,q6_products_by_seller,0.091749999999999998,0,True,
benchmark,9610,q7_products_join_sellers,0.089665999999999996,0,True,
benchmark,9611,q8_order_items_join_products,0.2545,1,True,
benchmark,9612,q9_orders_items_products_by_user,0.74449900000000002,5,True,
benchmark,9613,q10_top_sellers_qty,61.083748999999997,20,True,
benchmark,9614,q11_top_categories,0.142542,0,True,
benchmark,9615,q1_user_by_id,0.13200000000000001,1,True,
benchmark,9616,q2_all_users,3.5104579999999999,200,True,
benchmark,9617,q3_user_by_login,0.20729300000000001,1,True,
benchmark,9618,q4_sellers_rating,43.724626000000001,100,True,
benchmark,9619,q5_orders_offset,1.5796669999999999,50,True,
benchmark,9620,q6_products_by_seller,0.15112500000000001,1,True,
benchmark,9621,q7_products_join_sellers,0.21270900000000001,1,True,
benchmark,9622,q8_order_items_join_products,0.21204200000000001,4,True,
benchmark,9623,q9_orders_items_products_by_user,0.57833199999999996,5,True,
benchmark,9624,q10_top_sellers_qty,74.693665999999993,20,True,
benchmark,9625,q11_top_categories,0.17762500000000001,0,True,
benchmark,9626,q1_user_by_id,0.18645800000000001,1,True,
benchmark,9627,q2_all_users,3.4412090000000002,200,True,
benchmark,9628,q3_user_by_login,0.21625,1,True,
benchmark,9629,q4_sellers_rating,41.852625000000003,100,True,
benchmark,9630,q5_orders_offset,1.542667,50,True,
benchmark,9631,q6_products_by_seller,0.15770799999999999,1,True,
benchmark,9632,q7_products_join_sellers,0.21074999999999999,1,True,
benchmark,9633,q8_order_items_join_products,0.220833,3,True,
benchmark,9634,q9_orders_items_products_by_user,1.506003,14,True,
benchmark,9635,q10_top_sellers_qty,57.762503000000002,20,True,
benchmark,9636,q11_top_categories,0.129334,0,True,
benchmark,9637,q1_user_by_id,0.198876,1,True,
benchmark,9638,q2_all_users,3.6960839999999999,200,True,
benchmark,9639,q3_user_by_login,0.244167,1,True,
benchmark,9640,q4_sellers_rating,40.169876000000002,100,True,
benchmark,9641,q5_orders_offset,1.502084,50,True,
benchmark,9642,q6_products_by_seller,0.080375000000000002,0,True,
benchmark,9643,q7_products_join_sellers,0.082625000000000004,0,True,
benchmark,9644,q8_order_items_join_products,0.20733399999999999,3,True,
benchmark,9645,q9_orders_items_products_by_user,0.19541700000000001,0,True,
benchmark,9646,q10_top_sellers_qty,65.280006,20,True,
benchmark,9647,q11_top_categories,0.138041,0,True,
benchmark,9648,q1_user_by_id,0.16758400000000001,1,True,
benchmark,9649,q2_all_users,3.1147079999999998,200,True,
benchmark,9650,q3_user_by_login,1.087375,1,True,
benchmark,9651,q4_sellers_rating,42.314500000000002,100,True,
benchmark,9652,q5_orders_offset,1.4856670000000001,50,True,
benchmark,9653,q6_products_by_seller,0.153667,2,True,
benchmark,9654,q7_products_join_sellers,0.216084,2,True,
benchmark,9655,q8_order_items_join_products,0.21170900000000001,1,True,
benchmark,9656,q9_orders_items_products_by_user,0.55191699999999999,5,True,
benchmark,9657,q10_top_sellers_qty,51.700245000000002,20,True,
benchmark,9658,q11_top_categories,0.13037499999999999,0,True,
benchmark,9659,q1_user_by_id,0.22566600000000001,1,True,
benchmark,9660,q2_all_users,3.8427069999999999,200,True,
benchmark,9661,q3_user_by_login,0.17829200000000001,1,True,
benchmark,9662,q4_sellers_rating,39.601292999999998,100,True,
benchmark,9663,q5_orders_offset,1.570792,50,True,
benchmark,9664,q6_products_by_seller,0.084916000000000005,0,True,
benchmark,9665,q7_products_join_sellers,0.077082999999999999,0,True,
benchmark,9666,q8_order_items_join_products,0.221417,1,True,
benchmark,9667,q9_orders_items_products_by_user,0.19145999999999999,0,True,
benchmark,9668,q10_top_sellers_qty,64.344536000000005,20,True,
benchmark,9669,q11_top_categories,0.13162499999999999,0,True,
benchmark,9670,q1_user_by_id,0.24033399999999999,1,True,
benchmark,9671,q2_all_users,3.465792,200,True,
benchmark,9672,q3_user_by_login,0.13991700000000001,1,True,
benchmark,9673,q4_sellers_rating,43.701166000000001,100,True,
benchmark,9674,q5_orders_offset,1.536,50,True,
benchmark,9675,q6_products_by_seller,0.153583,1,True,
benchmark,9676,q7_products_join_sellers,0.21179200000000001,1,True,
benchmark,9677,q8_order_items_join_products,0.25637500000000002,3,True,
benchmark,9678,q9_orders_items_products_by_user,0.189666,0,True,
benchmark,9679,q10_top_sellers_qty,68.359707999999998,20,True,
benchmark,9680,q11_top_categories,0.13375000000000001,0,True,
benchmark,9681,q1_user_by_id,0.154499,1,True,
benchmark,9682,q2_all_users,3.599958,200,True,
benchmark,9683,q3_user_by_login,0.18775,1,True,
benchmark,9684,q4_sellers_rating,41.600333999999997,100,True,
benchmark,9685,q5_orders_offset,1.617666,50,True,
benchmark,9686,q6_products_by_seller,0.14516699999999999,1,True,
benchmark,9687,q7_products_join_sellers,0.208458,1,True,
benchmark,9688,q8_order_items_join_products,0.23333400000000001,4,True,
benchmark,9689,q9_orders_items_products_by_user,0.58853999999999995,3,True,
benchmark,9690,q10_top_sellers_qty,60.965466999999997,20,True,
benchmark,9691,q11_top_categories,0.13483300000000001,0,True,
benchmark,9692,q1_user_by_id,0.14299999999999999,1,True,
benchmark,9693,q2_all_users,3.6292499999999999,200,True,
benchmark,9694,q3_user_by_login,0.17979200000000001,1,True,
benchmark,9695,q4_sellers_rating,41.863500000000002,100,True,
benchmark,9696,q5_orders_offset,5.0633749999999997,50,True,
benchmark,9697,q6_products_by_seller,0.15462600000000001,2,True,
benchmark,9698,q7_products_join_sellers,0.203958,2,True,
benchmark,9699,q8_order_items_join_products,0.22825000000000001,5,True,
benchmark,9700,q9_orders_items_products_by_user,0.77962500000000001,5,True,
benchmark,9701,q10_top_sellers_qty,60.807625000000002,20,True,
benchmark,9702,q11_top_categories,0.12629099999999999,0,True,
benchmark,9703,q1_user_by_id,0.154333,1,True,
benchmark,9704,q2_all_users,3.1968749999999999,200,True,
benchmark,9705,q3_user_by_login,0.22641700000000001,1,True,
benchmark,9706,q4_sellers_rating,42.995750000000001,100,True,
benchmark,9707,q5_orders_offset,1.733916,50,True,
benchmark,9708,q6_products_by_seller,0.18729100000000001,2,True,
benchmark,9709,q7_products_join_sellers,0.20854200000000001,2,True,
benchmark,9710,q8_order_items_join_products,0.23133300000000001,5,True,
benchmark,9711,q9_orders_items_products_by_user,0.063208,0,True,
benchmark,9712,q10_top_sellers_qty,67.164162000000005,20,True,
benchmark,9713,q11_top_categories,0.15570800000000001,0,True,
benchmark,9714,q1_user_by_id,0.12612599999999999,1,True,
benchmark,9715,q2_all_users,3.1356250000000001,200,True,
benchmark,9716,q3_user_by_login,0.14833399999999999,1,True,
benchmark,9717,q4_sellers_rating,41.065542999999998,100,True,
benchmark,9718,q5_orders_offset,1.467292,50,True,
benchmark,9719,q6_products_by_seller,0.13758300000000001,4,True,
benchmark,9720,q7_products_join_sellers,0.208708,4,True,
benchmark,9721,q8_order_items_join_products,0.20591699999999999,1,True,
benchmark,9722,q9_orders_items_products_by_user,0.94208400000000003,7,True,
benchmark,9723,q10_top_sellers_qty,87.831963999999999,20,True,
benchmark,9724,q11_top_categories,0.15779199999999999,0,True,
benchmark,9725,q1_user_by_id,0.18220800000000001,1,True,
benchmark,9726,q2_all_users,3.258251,200,True,
benchmark,9727,q3_user_by_login,0.18149999999999999,1,True,
benchmark,9728,q4_sellers_rating,45.729083000000003,100,True,
benchmark,9729,q5_orders_offset,1.6611670000000001,50,True,
benchmark,9730,q6_products_by_seller,0.174541,2,True,
benchmark,9731,q7_products_join_sellers,0.19679099999999999,2,True,
benchmark,9732,q8_order_items_join_products,0.22762499999999999,4,True,
benchmark,9733,q9_orders_items_products_by_user,0.39033299999999999,1,True,
benchmark,9734,q10_top_sellers_qty,83.331125,20,True,
benchmark,9735,q11_top_categories,0.13450000000000001,0,True,
benchmark,9736,q1_user_by_id,0.27887499999999998,1,True,
benchmark,9737,q2_all_users,5.2455420000000004,200,True,
benchmark,9738,q3_user_by_login,0.172959,1,True,
benchmark,9739,q4_sellers_rating,44.148125,100,True,
benchmark,9740,q5_orders_offset,1.530041,50,True,
benchmark,9741,q6_products_by_seller,0.099708000000000005,0,True,
benchmark,9742,q7_products_join_sellers,0.074041999999999997,0,True,
benchmark,9743,q8_order_items_join_products,0.24258299999999999,5,True,
benchmark,9744,q9_orders_items_products_by_user,0.070083000000000006,0,True,
benchmark,9745,q10_top_sellers_qty,57.482371000000001,20,True,
benchmark,9746,q11_top_categories,0.13104199999999999,0,True,
benchmark,9747,q1_user_by_id,0.171791,1,True,
benchmark,9748,q2_all_users,3.054125,200,True,
benchmark,9749,q3_user_by_login,0.20191700000000001,1,True,
benchmark,9750,q4_sellers_rating,40.332749999999997,100,True,
benchmark,9751,q5_orders_offset,1.4717929999999999,50,True,
benchmark,9752,q6_products_by_seller,0.081333000000000003,0,True,
benchmark,9753,q7_products_join_sellers,0.077958,0,True,
benchmark,9754,q8_order_items_join_products,0.22966700000000001,3,True,
benchmark,9755,q9_orders_items_products_by_user,0.074041999999999997,0,True,
benchmark,9756,q10_top_sellers_qty,76.416700000000006,20,True,
benchmark,9757,q11_top_categories,0.13241700000000001,0,True,
benchmark,9758,q1_user_by_id,0.17708399999999999,1,True,
benchmark,9759,q2_all_users,3.0911240000000002,200,True,
benchmark,9760,q3_user_by_login,0.184333,1,True,
benchmark,9761,q4_sellers_rating,39.764831999999998,100,True,
benchmark,9762,q5_orders_offset,1.4790000000000001,50,True,
benchmark,9763,q6_products_by_seller,0.136708,2,True,
benchmark,9764,q7_products_join_sellers,0.21337500000000001,2,True,
benchmark,9765,q8_order_items_join_products,0.21174999999999999,1,True,
benchmark,9766,q9_orders_items_products_by_user,0.40808299999999997,2,True,
benchmark,9767,q10_top_sellers_qty,54.843625000000003,20,True,
benchmark,9768,q11_top_categories,0.1545,0,True,
benchmark,9769,q1_user_by_id,0.14458399999999999,1,True,
benchmark,9770,q2_all_users,8.6135830000000002,200,True,
benchmark,9771,q3_user_by_login,0.22187499999999999,1,True,
benchmark,9772,q4_sellers_rating,46.372166,100,True,
benchmark,9773,q5_orders_offset,1.6288750000000001,50,True,
benchmark,9774,q6_products_by_seller,0.128417,1,True,
benchmark,9775,q7_products_join_sellers,0.21987599999999999,1,True,
benchmark,9776,q8_order_items_join_products,0.199792,4,True,
benchmark,9777,q9_orders_items_products_by_user,0.388376,1,True,
benchmark,9778,q10_top_sellers_qty,66.195711000000003,20,True,
benchmark,9779,q11_top_categories,0.25316699999999998,0,True,
benchmark,9780,q1_user_by_id,0.230791,1,True,
benchmark,9781,q2_all_users,4.606001,200,True,
benchmark,9782,q3_user_by_login,0.18729100000000001,1,True,
benchmark,9783,q4_sellers_rating,44.520708999999997,100,True,
benchmark,9784,q5_orders_offset,1.5953329999999999,50,True,
benchmark,9785,q6_products_by_seller,0.14895900000000001,2,True,
benchmark,9786,q7_products_join_sellers,0.20699999999999999,2,True,
benchmark,9787,q8_order_items_join_products,0.24795800000000001,5,True,
benchmark,9788,q9_orders_items_products_by_user,0.19770799999999999,0,True,
benchmark,9789,q10_top_sellers_qty,58.858955000000002,20,True,
benchmark,9790,q11_top_categories,0.151917,0,True,
benchmark,9791,q1_user_by_id,0.31379200000000002,1,True,
benchmark,9792,q2_all_users,3.854708,200,True,
benchmark,9793,q3_user_by_login,0.154334,1,True,
benchmark,9794,q4_sellers_rating,45.856332999999999,100,True,
benchmark,9795,q5_orders_offset,4.5676249999999996,50,True,
benchmark,9796,q6_products_by_seller,0.16429199999999999,2,True,
benchmark,9797,q7_products_join_sellers,0.26137500000000002,2,True,
benchmark,9798,q8_order_items_join_products,0.200126,2,True,
benchmark,9799,q9_orders_items_products_by_user,0.064458000000000001,0,True,
benchmark,9800,q10_top_sellers_qty,63.609203999999998,20,True,
benchmark,9801,q11_top_categories,0.13216600000000001,0,True,
benchmark,9802,q1_user_by_id,0.20366699999999999,1,True,
benchmark,9803,q2_all_users,3.8631250000000001,200,True,
benchmark,9804,q3_user_by_login,0.20291699999999999,1,True,
benchmark,9805,q4_sellers_rating,40.417917000000003,100,True,
benchmark,9806,q5_orders_offset,1.5522499999999999,50,True,
benchmark,9807,q6_products_by_seller,0.073374999999999996,0,True,
benchmark,9808,q7_products_join_sellers,0.081042000000000003,0,True,
benchmark,9809,q8_order_items_join_products,0.216583,4,True,
benchmark,9810,q9_orders_items_products_by_user,0.238458,0,True,
benchmark,9811,q10_top_sellers_qty,65.555955999999995,20,True,
benchmark,9812,q11_top_categories,0.136042,0,True,
benchmark,9813,q1_user_by_id,0.18545700000000001,1,True,
benchmark,9814,q2_all_users,3.3690410000000002,200,True,
benchmark,9815,q3_user_by_login,0.223917,1,True,
benchmark,9816,q4_sellers_rating,43.606417,100,True,
benchmark,9817,q5_orders_offset,1.674625,50,True,
benchmark,9818,q6_products_by_seller,0.16908300000000001,2,True,
benchmark,9819,q7_products_join_sellers,0.22841700000000001,2,True,
benchmark,9820,q8_order_items_join_products,0.204875,1,True,
benchmark,9821,q9_orders_items_products_by_user,0.207875,0,True,
benchmark,9822,q10_top_sellers_qty,57.964418000000002,20,True,
benchmark,9823,q11_top_categories,0.13129199999999999,0,True,
benchmark,9824,q1_user_by_id,0.16591700000000001,1,True,
benchmark,9825,q2_all_users,9.2256669999999996,200,True,
benchmark,9826,q3_user_by_login,0.24445900000000001,1,True,
benchmark,9827,q4_sellers_rating,41.232250000000001,100,True,
benchmark,9828,q5_orders_offset,1.55,50,True,
benchmark,9829,q6_products_by_seller,0.15675,1,True,
benchmark,9830,q7_products_join_sellers,0.232291,1,True,
benchmark,9831,q8_order_items_join_products,0.24829100000000001,2,True,
benchmark,9832,q9_orders_items_products_by_user,0.073499999999999996,0,True,
benchmark,9833,q10_top_sellers_qty,72.806286,20,True,
benchmark,9834,q11_top_categories,0.15987499999999999,0,True,
benchmark,9835,q1_user_by_id,0.143625,1,True,
benchmark,9836,q2_all_users,3.1374580000000001,200,True,
benchmark,9837,q3_user_by_login,0.19379099999999999,1,True,
benchmark,9838,q4_sellers_rating,42.091959000000003,100,True,
benchmark,9839,q5_orders_offset,1.6157490000000001,50,True,
benchmark,9840,q6_products_by_seller,0.14649899999999999,2,True,
benchmark,9841,q7_products_join_sellers,0.202459,2,True,
benchmark,9842,q8_order_items_join_products,0.21845899999999999,5,True,
benchmark,9843,q9_orders_items_products_by_user,0.25850000000000001,0,True,
benchmark,9844,q10_top_sellers_qty,65.776325999999997,20,True,
benchmark,9845,q11_top_categories,0.122167,0,True,
benchmark,9846,q1_user_by_id,0.22245799999999999,1,True,
benchmark,9847,q2_all_users,4.879791,200,True,
benchmark,9848,q3_user_by_login,0.36637500000000001,1,True,
benchmark,9849,q4_sellers_rating,52.423582000000003,100,True,
benchmark,9850,q5_orders_offset,4.6435009999999997,50,True,
benchmark,9851,q6_products_by_seller,0.080958000000000002,0,True,
benchmark,9852,q7_products_join_sellers,0.086583999999999994,0,True,
benchmark,9853,q8_order_items_join_products,0.22541700000000001,3,True,
benchmark,9854,q9_orders_items_products_by_user,0.067042000000000004,0,True,
benchmark,9855,q10_top_sellers_qty,62.823211000000001,20,True,
benchmark,9856,q11_top_categories,0.121458,0,True,
benchmark,9857,q1_user_by_id,0.197292,1,True,
benchmark,9858,q2_all_users,2.9406669999999999,200,True,
benchmark,9859,q3_user_by_login,2.4167909999999999,1,True,
benchmark,9860,q4_sellers_rating,47.781916000000002,100,True,
benchmark,9861,q5_orders_offset,1.621,50,True,
benchmark,9862,q6_products_by_seller,0.13925000000000001,1,True,
benchmark,9863,q7_products_join_sellers,0.17808399999999999,1,True,
benchmark,9864,q8_order_items_join_products,0.24037600000000001,4,True,
benchmark,9865,q9_orders_items_products_by_user,0.080667000000000003,0,True,
benchmark,9866,q10_top_sellers_qty,50.504126999999997,20,True,
benchmark,9867,q11_top_categories,0.13445799999999999,0,True,
benchmark,9868,q1_user_by_id,0.16333400000000001,1,True,
benchmark,9869,q2_all_users,3.001417,200,True,
benchmark,9870,q3_user_by_login,0.197292,1,True,
benchmark,9871,q4_sellers_rating,38.930249000000003,100,True,
benchmark,9872,q5_orders_offset,1.551874,50,True,
benchmark,9873,q6_products_by_seller,0.097041000000000002,0,True,
benchmark,9874,q7_products_join_sellers,0.086374999999999993,0,True,
benchmark,9875,q8_order_items_join_products,0.24637500000000001,5,True,
benchmark,9876,q9_orders_items_products_by_user,0.73025099999999998,5,True,
benchmark,9877,q10_top_sellers_qty,62.695458000000002,20,True,
benchmark,9878,q11_top_categories,0.16587499999999999,0,True,
benchmark,9879,q1_user_by_id,0.237041,1,True,
benchmark,9880,q2_all_users,4.7550829999999999,200,True,
benchmark,9881,q3_user_by_login,0.25600000000000001,1,True,
benchmark,9882,q4_sellers_rating,41.309165999999998,100,True,
benchmark,9883,q5_orders_offset,1.7312080000000001,50,True,
benchmark,9884,q6_products_by_seller,0.16200000000000001,2,True,
benchmark,9885,q7_products_join_sellers,0.214083,2,True,
benchmark,9886,q8_order_items_join_products,0.23979200000000001,5,True,
benchmark,9887,q9_orders_items_products_by_user,0.50333499999999998,3,True,
benchmark,9888,q10_top_sellers_qty,74.241038000000003,20,True,
benchmark,9889,q11_top_categories,0.140041,0,True,
benchmark,9890,q1_user_by_id,0.245167,1,True,
benchmark,9891,q2_all_users,3.683792,200,True,
benchmark,9892,q3_user_by_login,0.16329299999999999,1,True,
benchmark,9893,q4_sellers_rating,49.295000000000002,100,True,
benchmark,9894,q5_orders_offset,1.558292,50,True,
benchmark,9895,q6_products_by_seller,0.069416000000000005,0,True,
benchmark,9896,q7_products_join_sellers,0.067542000000000005,0,True,
benchmark,9897,q8_order_items_join_products,0.23108400000000001,4,True,
benchmark,9898,q9_orders_items_products_by_user,0.066375000000000003,0,True,
benchmark,9899,q10_top_sellers_qty,76.799462000000005,20,True,
benchmark,9900,q11_top_categories,0.18362500000000001,0,True,
benchmark,9901,q1_user_by_id,0.26787499999999997,1,True,
benchmark,9902,q2_all_users,7.2611249999999998,200,True,
benchmark,9903,q3_user_by_login,0.27204200000000001,1,True,
benchmark,9904,q4_sellers_rating,43.525208999999997,100,True,
benchmark,9905,q5_orders_offset,1.6220829999999999,50,True,
benchmark,9906,q6_products_by_seller,0.14275099999999999,1,True,
benchmark,9907,q7_products_join_sellers,0.213667,1,True,
benchmark,9908,q8_order_items_join_products,0.20724999999999999,5,True,
benchmark,9909,q9_orders_items_products_by_user,0.57808400000000004,5,True,
benchmark,9910,q10_top_sellers_qty,62.366329999999998,20,True,
benchmark,9911,q11_top_categories,0.120917,0,True,
benchmark,9912,q1_user_by_id,0.124916,1,True,
benchmark,9913,q2_all_users,3.1917909999999998,200,True,
benchmark,9914,q3_user_by_login,0.219251,1,True,
benchmark,9915,q4_sellers_rating,44.610208,100,True,
benchmark,9916,q5_orders_offset,1.5391250000000001,50,True,
benchmark,9917,q6_products_by_seller,0.1525,1,True,
benchmark,9918,q7_products_join_sellers,0.221334,1,True,
benchmark,9919,q8_order_items_join_products,0.21216599999999999,3,True,
benchmark,9920,q9_orders_items_products_by_user,0.075374999999999998,0,True,
benchmark,9921,q10_top_sellers_qty,61.605207,20,True,
benchmark,9922,q11_top_categories,0.128583,0,True,
benchmark,9923,q1_user_by_id,0.15087500000000001,1,True,
benchmark,9924,q2_all_users,3.2365840000000001,200,True,
benchmark,9925,q3_user_by_login,0.19070899999999999,1,True,
benchmark,9926,q4_sellers_rating,37.927791999999997,100,True,
benchmark,9927,q5_orders_offset,1.5467930000000001,50,True,
benchmark,9928,q6_products_by_seller,0.13900000000000001,1,True,
benchmark,9929,q7_products_join_sellers,0.198542,1,True,
benchmark,9930,q8_order_items_join_products,0.20541599999999999,4,True,
benchmark,9931,q9_orders_items_products_by_user,0.18179200000000001,0,True,
benchmark,9932,q10_top_sellers_qty,65.331868,20,True,
benchmark,9933,q11_top_categories,0.13079199999999999,0,True,
benchmark,9934,q1_user_by_id,0.198125,1,True,
benchmark,9935,q2_all_users,3.288376,200,True,
benchmark,9936,q3_user_by_login,0.215417,1,True,
benchmark,9937,q4_sellers_rating,43.670957999999999,100,True,
benchmark,9938,q5_orders_offset,1.503708,50,True,
benchmark,9939,q6_products_by_seller,0.13583300000000001,2,True,
benchmark,9940,q7_products_join_sellers,0.25250099999999998,2,True,
benchmark,9941,q8_order_items_join_products,0.25320900000000002,4,True,
benchmark,9942,q9_orders_items_products_by_user,0.67970900000000001,4,True,
benchmark,9943,q10_top_sellers_qty,67.044083000000001,20,True,
benchmark,9944,q11_top_categories,0.12775,0,True,
benchmark,9945,q1_user_by_id,0.15095800000000001,1,True,
benchmark,9946,q2_all_users,10.694583,200,True,
benchmark,9947,q3_user_by_login,0.24024999999999999,1,True,
benchmark,9948,q4_sellers_rating,42.085625999999998,100,True,
benchmark,9949,q5_orders_offset,1.4612909999999999,50,True,
benchmark,9950,q6_products_by_seller,0.085750000000000007,0,True,
benchmark,9951,q7_products_join_sellers,0.077915999999999999,0,True,
benchmark,9952,q8_order_items_join_products,0.19495799999999999,1,True,
benchmark,9953,q9_orders_items_products_by_user,0.73191600000000001,5,True,
benchmark,9954,q10_top_sellers_qty,72.262293999999997,20,True,
benchmark,9955,q11_top_categories,0.14574999999999999,0,True,
benchmark,9956,q1_user_by_id,0.77933399999999997,1,True,
benchmark,9957,q2_all_users,5.3622079999999999,200,True,
benchmark,9958,q3_user_by_login,0.16408300000000001,1,True,
benchmark,9959,q4_sellers_rating,41.660792000000001,100,True,
benchmark,9960,q5_orders_offset,1.5283329999999999,50,True,
benchmark,9961,q6_products_by_seller,0.146458,1,True,
benchmark,9962,q7_products_join_sellers,0.20250000000000001,1,True,
benchmark,9963,q8_order_items_join_products,0.24241699999999999,3,True,
benchmark,9964,q9_orders_items_products_by_user,0.208624,0,True,
benchmark,9965,q10_top_sellers_qty,83.767294000000007,20,True,
benchmark,9966,q11_top_categories,0.15354200000000001,0,True,
benchmark,9967,q1_user_by_id,0.186083,1,True,
benchmark,9968,q2_all_users,4.1172079999999998,200,True,
benchmark,9969,q3_user_by_login,0.267125,1,True,
benchmark,9970,q4_sellers_rating,47.178373999999998,100,True,
benchmark,9971,q5_orders_offset,1.5765,50,True,
benchmark,9972,q6_products_by_seller,0.20783399999999999,1,True,
benchmark,9973,q7_products_join_sellers,0.21712400000000001,1,True,
benchmark,9974,q8_order_items_join_products,0.21295800000000001,5,True,
benchmark,9975,q9_orders_items_products_by_user,0.066875000000000004,0,True,
benchmark,9976,q10_top_sellers_qty,63.268292000000002,20,True,
benchmark,9977,q11_top_categories,0.13345799999999999,0,True,
benchmark,9978,q1_user_by_id,0.189334,1,True,
benchmark,9979,q2_all_users,3.1167919999999998,200,True,
benchmark,9980,q3_user_by_login,0.22312499999999999,1,True,
benchmark,9981,q4_sellers_rating,45.806624999999997,100,True,
benchmark,9982,q5_orders_offset,1.505541,50,True,
benchmark,9983,q6_products_by_seller,0.14729200000000001,1,True,
benchmark,9984,q7_products_join_sellers,0.21245800000000001,1,True,
benchmark,9985,q8_order_items_join_products,0.21162500000000001,5,True,
benchmark,9986,q9_orders_items_products_by_user,0.20100000000000001,0,True,
benchmark,9987,q10_top_sellers_qty,67.384711999999993,20,True,
benchmark,9988,q11_top_categories,0.15925,0,True,
benchmark,9989,q1_user_by_id,0.1615,1,True,
benchmark,9990,q2_all_users,3.3912909999999998,200,True,
benchmark,9991,q3_user_by_login,0.159584,1,True,
benchmark,9992,q4_sellers_rating,44.921500000000002,100,True,
benchmark,9993,q5_orders_offset,1.540918,50,True,
benchmark,9994,q6_products_by_seller,0.13404199999999999,0,True,
benchmark,9995,q7_products_join_sellers,0.097417000000000004,0,True,
benchmark,9996,q8_order_items_join_products,0.27487400000000001,5,True,
benchmark,9997,q9_orders_items_products_by_user,0.081333000000000003,0,True,
benchmark,9998,q10_top_sellers_qty,65.200875999999994,20,True,
benchmark,9999,q11_top_categories,0.20624999999999999,0,True,
benchmark,10000,q1_user_by_id,0.18037600000000001,1,True,
benchmark,10001,q2_all_users,2.9111250000000002,200,True,
benchmark,10002,q3_user_by_login,0.144292,1,True,
benchmark,10003,q4_sellers_rating,40.848708999999999,100,True,
benchmark,10004,q5_orders_offset,1.5588329999999999,50,True,
benchmark,10005,q6_products_by_seller,0.14491599999999999,1,True,
benchmark,10006,q7_products_join_sellers,0.21175099999999999,1,True,
benchmark,10007,q8_order_items_join_products,0.20783399999999999,3,True,
benchmark,10008,q9_orders_items_products_by_user,0.062667,0,True,
benchmark,10009,q10_top_sellers_qty,62.778005,20,True,
benchmark,10010,q11_top_categories,0.207791,0,True,
benchmark,10011,q1_user_by_id,0.26708300000000001,1,True,
benchmark,10012,q2_all_users,3.1112090000000001,200,True,
benchmark,10013,q3_user_by_login,0.25041600000000003,1,True,
benchmark,10014,q4_sellers_rating,48.093418,100,True,
benchmark,10015,q5_orders_offset,1.6178330000000001,50,True,
benchmark,10016,q6_products_by_seller,0.157749,1,True,
benchmark,10017,q7_products_join_sellers,0.20016600000000001,1,True,
benchmark,10018,q8_order_items_join_products,0.21912499999999999,5,True,
benchmark,10019,q9_orders_items_products_by_user,0.59537600000000002,5,True,
benchmark,10020,q10_top_sellers_qty,55.560704999999999,20,True,
benchmark,10021,q11_top_categories,0.14099999999999999,0,True,
benchmark,10022,q1_user_by_id,0.13262499999999999,1,True,
benchmark,10023,q2_all_users,3.1001249999999998,200,True,
benchmark,10024,q3_user_by_login,0.140625,1,True,
benchmark,10025,q4_sellers_rating,44.109667000000002,100,True,
benchmark,10026,q5_orders_offset,1.5954999999999999,50,True,
benchmark,10027,q6_products_by_seller,0.16225100000000001,4,True,
benchmark,10028,q7_products_join_sellers,0.22778999999999999,4,True,
benchmark,10029,q8_order_items_join_products,0.268291,4,True,
benchmark,10030,q9_orders_items_products_by_user,0.50266599999999995,3,True,
benchmark,10031,q10_top_sellers_qty,60.908458000000003,20,True,
benchmark,10032,q11_top_categories,0.143458,0,True,
benchmark,10033,q1_user_by_id,0.144292,1,True,
benchmark,10034,q2_all_users,6.4622909999999996,200,True,
benchmark,10035,q3_user_by_login,0.15725,1,True,
benchmark,10036,q4_sellers_rating,42.492916000000001,100,True,
benchmark,10037,q5_orders_offset,1.5309159999999999,50,True,
benchmark,10038,q6_products_by_seller,0.18233199999999999,4,True,
benchmark,10039,q7_products_join_sellers,0.27812399999999998,4,True,
benchmark,10040,q8_order_items_join_products,0.234209,4,True,
benchmark,10041,q9_orders_items_products_by_user,0.57895799999999997,3,True,
benchmark,10042,q10_top_sellers_qty,61.295454999999997,20,True,
benchmark,10043,q11_top_categories,0.13237499999999999,0,True,
benchmark,10044,q1_user_by_id,0.21637500000000001,1,True,
benchmark,10045,q2_all_users,3.1902080000000002,200,True,
benchmark,10046,q3_user_by_login,0.18970799999999999,1,True,
benchmark,10047,q4_sellers_rating,41.421666999999999,100,True,
benchmark,10048,q5_orders_offset,1.574792,50,True,
benchmark,10049,q6_products_by_seller,0.160083,2,True,
benchmark,10050,q7_products_join_sellers,0.221583,2,True,
benchmark,10051,q8_order_items_join_products,0.20866699999999999,2,True,
benchmark,10052,q9_orders_items_products_by_user,0.21512500000000001,0,True,
benchmark,10053,q10_top_sellers_qty,56.065539000000001,20,True,
benchmark,10054,q11_top_categories,0.13520799999999999,0,True,
benchmark,10055,q1_user_by_id,0.14979100000000001,1,True,
benchmark,10056,q2_all_users,3.0498319999999999,200,True,
benchmark,10057,q3_user_by_login,0.18124999999999999,1,True,
benchmark,10058,q4_sellers_rating,42.206041999999997,100,True,
benchmark,10059,q5_orders_offset,4.1831259999999997,50,True,
benchmark,10060,q6_products_by_seller,0.085333000000000006,0,True,
benchmark,10061,q7_products_join_sellers,0.080875000000000002,0,True,
benchmark,10062,q8_order_items_join_products,0.22575000000000001,5,True,
benchmark,10063,q9_orders_items_products_by_user,0.059041999999999997,0,True,
benchmark,10064,q10_top_sellers_qty,59.563701000000002,20,True,
benchmark,10065,q11_top_categories,0.13950000000000001,0,True,
benchmark,10066,q1_user_by_id,0.19604099999999999,1,True,
benchmark,10067,q2_all_users,3.224917,200,True,
benchmark,10068,q3_user_by_login,0.14708299999999999,1,True,
benchmark,10069,q4_sellers_rating,44.615791000000002,100,True,
benchmark,10070,q5_orders_offset,1.4682090000000001,50,True,
benchmark,10071,q6_products_by_seller,0.083292000000000005,0,True,
benchmark,10072,q7_products_join_sellers,0.083417000000000005,0,True,
benchmark,10073,q8_order_items_join_products,0.235624,3,True,
benchmark,10074,q9_orders_items_products_by_user,0.073833999999999997,0,True,
benchmark,10075,q10_top_sellers_qty,71.242632,20,True,
benchmark,10076,q11_top_categories,0.13375000000000001,0,True,
benchmark,10077,q1_user_by_id,0.18562500000000001,1,True,
benchmark,10078,q2_all_users,4.681667,200,True,
benchmark,10079,q3_user_by_login,0.145459,1,True,
benchmark,10080,q4_sellers_rating,44.029333000000001,100,True,
benchmark,10081,q5_orders_offset,1.6772089999999999,50,True,
benchmark,10082,q6_products_by_seller,0.17499999999999999,1,True,
benchmark,10083,q7_products_join_sellers,0.215166,1,True,
benchmark,10084,q8_order_items_join_products,0.22379199999999999,2,True,
benchmark,10085,q9_orders_items_products_by_user,0.85912500000000003,5,True,
benchmark,10086,q10_top_sellers_qty,57.715456000000003,20,True,
benchmark,10087,q11_top_categories,0.13875000000000001,0,True,
benchmark,10088,q1_user_by_id,0.19570799999999999,1,True,
benchmark,10089,q2_all_users,3.21475,200,True,
benchmark,10090,q3_user_by_login,0.45574999999999999,1,True,
benchmark,10091,q4_sellers_rating,41.470208999999997,100,True,
benchmark,10092,q5_orders_offset,1.5281670000000001,50,True,
benchmark,10093,q6_products_by_seller,0.083042000000000005,0,True,
benchmark,10094,q7_products_join_sellers,0.084292000000000006,0,True,
benchmark,10095,q8_order_items_join_products,0.223998,2,True,
benchmark,10096,q9_orders_items_products_by_user,0.065500000000000003,0,True,
benchmark,10097,q10_top_sellers_qty,63.793458999999999,20,True,
benchmark,10098,q11_top_categories,0.127083,0,True,
benchmark,10099,q1_user_by_id,0.19320799999999999,1,True,
benchmark,10100,q2_all_users,3.0967509999999998,200,True,
benchmark,10101,q3_user_by_login,0.231624,1,True,
benchmark,10102,q4_sellers_rating,48.206291,100,True,
benchmark,10103,q5_orders_offset,1.565291,50,True,
benchmark,10104,q6_products_by_seller,0.080166000000000001,0,True,
benchmark,10105,q7_products_join_sellers,0.078916,0,True,
benchmark,10106,q8_order_items_join_products,0.21587500000000001,1,True,
benchmark,10107,q9_orders_items_products_by_user,0.065084000000000003,0,True,
benchmark,10108,q10_top_sellers_qty,62.829253000000001,20,True,
benchmark,10109,q11_top_categories,0.12812499999999999,0,True,
benchmark,10110,q1_user_by_id,0.155167,1,True,
benchmark,10111,q2_all_users,5.5182500000000001,200,True,
benchmark,10112,q3_user_by_login,0.17829100000000001,1,True,
benchmark,10113,q4_sellers_rating,42.072958,100,True,
benchmark,10114,q5_orders_offset,1.5808329999999999,50,True,
benchmark,10115,q6_products_by_seller,0.15270800000000001,3,True,
benchmark,10116,q7_products_join_sellers,0.21762599999999999,3,True,
benchmark,10117,q8_order_items_join_products,0.21091699999999999,5,True,
benchmark,10118,q9_orders_items_products_by_user,0.190416,0,True,
benchmark,10119,q10_top_sellers_qty,64.810582999999994,20,True,
benchmark,10120,q11_top_categories,0.138875,0,True,
benchmark,10121,q1_user_by_id,0.14916599999999999,1,True,
benchmark,10122,q2_all_users,3.7574169999999998,200,True,
benchmark,10123,q3_user_by_login,0.18654100000000001,1,True,
benchmark,10124,q4_sellers_rating,40.949916999999999,100,True,
benchmark,10125,q5_orders_offset,1.532416,50,True,
benchmark,10126,q6_products_by_seller,0.092166999999999999,0,True,
benchmark,10127,q7_products_join_sellers,0.079709000000000002,0,True,
benchmark,10128,q8_order_items_join_products,0.22395799999999999,2,True,
benchmark,10129,q9_orders_items_products_by_user,0.069167000000000006,0,True,
benchmark,10130,q10_top_sellers_qty,62.172550000000001,20,True,
benchmark,10131,q11_top_categories,0.16891600000000001,0,True,
benchmark,10132,q1_user_by_id,0.151917,1,True,
benchmark,10133,q2_all_users,3.6573329999999999,200,True,
benchmark,10134,q3_user_by_login,0.1585,1,True,
benchmark,10135,q4_sellers_rating,46.353957999999999,100,True,
benchmark,10136,q5_orders_offset,4.655125,50,True,
benchmark,10137,q6_products_by_seller,0.17999999999999999,1,True,
benchmark,10138,q7_products_join_sellers,0.21154000000000001,1,True,
benchmark,10139,q8_order_items_join_products,0.21258299999999999,4,True,
benchmark,10140,q9_orders_items_products_by_user,0.065250000000000002,0,True,
benchmark,10141,q10_top_sellers_qty,74.651251000000002,20,True,
benchmark,10142,q11_top_categories,0.13295799999999999,0,True,
benchmark,10143,q1_user_by_id,0.24070800000000001,1,True,
benchmark,10144,q2_all_users,4.4187089999999998,200,True,
benchmark,10145,q3_user_by_login,2.4826670000000002,1,True,
benchmark,10146,q4_sellers_rating,46.173999000000002,100,True,
benchmark,10147,q5_orders_offset,1.47475,50,True,
benchmark,10148,q6_products_by_seller,0.099500000000000005,0,True,
benchmark,10149,q7_products_join_sellers,0.079875000000000002,0,True,
benchmark,10150,q8_order_items_join_products,0.20975099999999999,1,True,
benchmark,10151,q9_orders_items_products_by_user,0.065583000000000002,0,True,
benchmark,10152,q10_top_sellers_qty,65.966291999999996,20,True,
benchmark,10153,q11_top_categories,0.14233299999999999,0,True,
benchmark,10154,q1_user_by_id,0.16983300000000001,1,True,
benchmark,10155,q2_all_users,3.446625,200,True,
benchmark,10156,q3_user_by_login,0.21620800000000001,1,True,
benchmark,10157,q4_sellers_rating,42.867291999999999,100,True,
benchmark,10158,q5_orders_offset,1.577833,50,True,
benchmark,10159,q6_products_by_seller,0.085791000000000006,0,True,
benchmark,10160,q7_products_join_sellers,0.082125000000000004,0,True,
benchmark,10161,q8_order_items_join_products,0.22904099999999999,3,True,
benchmark,10162,q9_orders_items_products_by_user,0.063375000000000001,0,True,
benchmark,10163,q10_top_sellers_qty,79.555999999999997,20,True,
benchmark,10164,q11_top_categories,0.26595800000000003,0,True,
benchmark,10165,q1_user_by_id,0.27583299999999999,1,True,
benchmark,10166,q2_all_users,5.1390840000000004,200,True,
benchmark,10167,q3_user_by_login,0.230626,1,True,
benchmark,10168,q4_sellers_rating,42.976582999999998,100,True,
benchmark,10169,q5_orders_offset,1.749584,50,True,
benchmark,10170,q6_products_by_seller,0.078584000000000001,0,True,
benchmark,10171,q7_products_join_sellers,0.074665999999999996,0,True,
benchmark,10172,q8_order_items_join_products,0.24458299999999999,5,True,
benchmark,10173,q9_orders_items_products_by_user,0.067417000000000005,0,True,
benchmark,10174,q10_top_sellers_qty,75.238459000000006,20,True,
benchmark,10175,q11_top_categories,0.110959,0,True,
benchmark,10176,q1_user_by_id,0.19433400000000001,1,True,
benchmark,10177,q2_all_users,3.3910840000000002,200,True,
benchmark,10178,q3_user_by_login,0.17983199999999999,1,True,
benchmark,10179,q4_sellers_rating,43.135708999999999,100,True,
benchmark,10180,q5_orders_offset,1.564667,50,True,
benchmark,10181,q6_products_by_seller,0.091666999999999998,0,True,
benchmark,10182,q7_products_join_sellers,0.081083000000000002,0,True,
benchmark,10183,q8_order_items_join_products,0.22462599999999999,3,True,
benchmark,10184,q9_orders_items_products_by_user,0.59945599999999999,4,True,
benchmark,10185,q10_top_sellers_qty,65.279004999999998,20,True,
benchmark,10186,q11_top_categories,0.22895799999999999,0,True,
benchmark,10187,q1_user_by_id,0.20858199999999999,1,True,
benchmark,10188,q2_all_users,6.1703340000000004,200,True,
benchmark,10189,q3_user_by_login,0.218167,1,True,
benchmark,10190,q4_sellers_rating,43.705333000000003,100,True,
benchmark,10191,q5_orders_offset,1.6433329999999999,50,True,
benchmark,10192,q6_products_by_seller,0.16262399999999999,1,True,
benchmark,10193,q7_products_join_sellers,0.19541600000000001,1,True,
benchmark,10194,q8_order_items_join_products,0.21379200000000001,1,True,
benchmark,10195,q9_orders_items_products_by_user,0.067417000000000005,0,True,
benchmark,10196,q10_top_sellers_qty,71.076835000000003,20,True,
benchmark,10197,q11_top_categories,0.13358300000000001,0,True,
benchmark,10198,q1_user_by_id,0.15662400000000001,1,True,
benchmark,10199,q2_all_users,5.4832910000000004,200,True,
benchmark,10200,q3_user_by_login,0.20549999999999999,1,True,
benchmark,10201,q4_sellers_rating,41.302042,100,True,
benchmark,10202,q5_orders_offset,1.481959,50,True,
benchmark,10203,q6_products_by_seller,0.15979199999999999,1,True,
benchmark,10204,q7_products_join_sellers,0.21100099999999999,1,True,
benchmark,10205,q8_order_items_join_products,0.23250100000000001,4,True,
benchmark,10206,q9_orders_items_products_by_user,0.317583,1,True,
benchmark,10207,q10_top_sellers_qty,75.700044000000005,20,True,
benchmark,10208,q11_top_categories,0.129,0,True,
benchmark,10209,q1_user_by_id,0.17299999999999999,1,True,
benchmark,10210,q2_all_users,3.9767929999999998,200,True,
benchmark,10211,q3_user_by_login,0.182583,1,True,
benchmark,10212,q4_sellers_rating,44.113041000000003,100,True,
benchmark,10213,q5_orders_offset,1.9436249999999999,50,True,
benchmark,10214,q6_products_by_seller,0.11695800000000001,0,True,
benchmark,10215,q7_products_join_sellers,0.077207999999999999,0,True,
benchmark,10216,q8_order_items_join_products,0.25329200000000002,5,True,
benchmark,10217,q9_orders_items_products_by_user,0.62741800000000003,5,True,
benchmark,10218,q10_top_sellers_qty,57.120708,20,True,
benchmark,10219,q11_top_categories,0.094459000000000001,0,True,
benchmark,10220,q1_user_by_id,0.14679200000000001,1,True,
benchmark,10221,q2_all_users,3.1939579999999999,200,True,
benchmark,10222,q3_user_by_login,0.236042,1,True,
benchmark,10223,q4_sellers_rating,39.429084000000003,100,True,
benchmark,10224,q5_orders_offset,1.9578340000000001,50,True,
benchmark,10225,q6_products_by_seller,0.15229300000000001,2,True,
benchmark,10226,q7_products_join_sellers,0.218167,2,True,
benchmark,10227,q8_order_items_join_products,0.25045800000000001,2,True,
benchmark,10228,q9_orders_items_products_by_user,0.067291000000000004,0,True,
benchmark,10229,q10_top_sellers_qty,65.208905999999999,20,True,
benchmark,10230,q11_top_categories,0.13550000000000001,0,True,
benchmark,10231,q1_user_by_id,0.14745900000000001,1,True,
benchmark,10232,q2_all_users,3.8928750000000001,200,True,
benchmark,10233,q3_user_by_login,0.24620700000000001,1,True,
benchmark,10234,q4_sellers_rating,46.349291999999998,100,True,
benchmark,10235,q5_orders_offset,1.538875,50,True,
benchmark,10236,q6_products_by_seller,0.078916,0,True,
benchmark,10237,q7_products_join_sellers,0.079250000000000001,0,True,
benchmark,10238,q8_order_items_join_products,0.213833,5,True,
benchmark,10239,q9_orders_items_products_by_user,0.066375000000000003,0,True,
benchmark,10240,q10_top_sellers_qty,58.547584000000001,20,True,
benchmark,10241,q11_top_categories,0.18462500000000001,0,True,
benchmark,10242,q1_user_by_id,0.175958,1,True,
benchmark,10243,q2_all_users,3.405834,200,True,
benchmark,10244,q3_user_by_login,0.18820799999999999,1,True,
benchmark,10245,q4_sellers_rating,42.126375000000003,100,True,
benchmark,10246,q5_orders_offset,1.500583,50,True,
benchmark,10247,q6_products_by_seller,0.13975099999999999,1,True,
benchmark,10248,q7_products_join_sellers,0.206375,1,True,
benchmark,10249,q8_order_items_join_products,0.205377,4,True,
benchmark,10250,q9_orders_items_products_by_user,0.43200100000000002,3,True,
benchmark,10251,q10_top_sellers_qty,66.143756999999994,20,True,
benchmark,10252,q11_top_categories,0.124875,0,True,
benchmark,10253,q1_user_by_id,0.17983399999999999,1,True,
benchmark,10254,q2_all_users,3.2589169999999998,200,True,
benchmark,10255,q3_user_by_login,0.135709,1,True,
benchmark,10256,q4_sellers_rating,46.862749999999998,100,True,
benchmark,10257,q5_orders_offset,1.5473749999999999,50,True,
benchmark,10258,q6_products_by_seller,0.16025,1,True,
benchmark,10259,q7_products_join_sellers,0.26374999999999998,1,True,
benchmark,10260,q8_order_items_join_products,0.24066699999999999,3,True,
benchmark,10261,q9_orders_items_products_by_user,0.21895899999999999,0,True,
benchmark,10262,q10_top_sellers_qty,57.795752,20,True,
benchmark,10263,q11_top_categories,0.13266600000000001,0,True,
benchmark,10264,q1_user_by_id,0.124792,1,True,
benchmark,10265,q2_all_users,3.5178340000000001,200,True,
benchmark,10266,q3_user_by_login,0.214583,1,True,
benchmark,10267,q4_sellers_rating,41.183957999999997,100,True,
benchmark,10268,q5_orders_offset,1.4232499999999999,50,True,
benchmark,10269,q6_products_by_seller,0.15029200000000001,1,True,
benchmark,10270,q7_products_join_sellers,0.20866599999999999,1,True,
benchmark,10271,q8_order_items_join_products,0.20787600000000001,2,True,
benchmark,10272,q9_orders_items_products_by_user,0.18837499999999999,0,True,
benchmark,10273,q10_top_sellers_qty,67.410572999999999,20,True,
benchmark,10274,q11_top_categories,0.141625,0,True,
benchmark,10275,q1_user_by_id,0.13833400000000001,1,True,
benchmark,10276,q2_all_users,6.1430829999999998,200,True,
benchmark,10277,q3_user_by_login,0.205625,1,True,
benchmark,10278,q4_sellers_rating,43.711959,100,True,
benchmark,10279,q5_orders_offset,1.522332,50,True,
benchmark,10280,q6_products_by_seller,0.14912500000000001,1,True,
benchmark,10281,q7_products_join_sellers,0.21429100000000001,1,True,
benchmark,10282,q8_order_items_join_products,0.20641699999999999,1,True,
benchmark,10283,q9_orders_items_products_by_user,0.53000000000000003,4,True,
benchmark,10284,q10_top_sellers_qty,73.323294000000004,20,True,
benchmark,10285,q11_top_categories,0.11670800000000001,0,True,
benchmark,10286,q1_user_by_id,0.13741700000000001,1,True,
benchmark,10287,q2_all_users,3.6215830000000002,200,True,
benchmark,10288,q3_user_by_login,0.21579200000000001,1,True,
benchmark,10289,q4_sellers_rating,42.008040000000001,100,True,
benchmark,10290,q5_orders_offset,1.5668329999999999,50,True,
benchmark,10291,q6_products_by_seller,0.14929100000000001,1,True,
benchmark,10292,q7_products_join_sellers,0.201292,1,True,
benchmark,10293,q8_order_items_join_products,0.20000000000000001,3,True,
benchmark,10294,q9_orders_items_products_by_user,0.200125,0,True,
benchmark,10295,q10_top_sellers_qty,60.900584000000002,20,True,
benchmark,10296,q11_top_categories,0.1265,0,True,
benchmark,10297,q1_user_by_id,0.19075,1,True,
benchmark,10298,q2_all_users,3.8116249999999998,200,True,
benchmark,10299,q3_user_by_login,0.19275,1,True,
benchmark,10300,q4_sellers_rating,42.555543,100,True,
benchmark,10301,q5_orders_offset,1.6264590000000001,50,True,
benchmark,10302,q6_products_by_seller,0.086374999999999993,0,True,
benchmark,10303,q7_products_join_sellers,0.076499999999999999,0,True,
benchmark,10304,q8_order_items_join_products,0.22045899999999999,3,True,
benchmark,10305,q9_orders_items_products_by_user,0.47099999999999997,3,True,
benchmark,10306,q10_top_sellers_qty,71.381832000000003,20,True,
benchmark,10307,q11_top_categories,0.13054099999999999,0,True,
benchmark,10308,q1_user_by_id,0.129834,1,True,
benchmark,10309,q2_all_users,2.943416,200,True,
benchmark,10310,q3_user_by_login,0.16345899999999999,1,True,
benchmark,10311,q4_sellers_rating,50.800167000000002,100,True,
benchmark,10312,q5_orders_offset,1.4882089999999999,50,True,
benchmark,10313,q6_products_by_seller,0.079917000000000002,0,True,
benchmark,10314,q7_products_join_sellers,0.082416000000000003,0,True,
benchmark,10315,q8_order_items_join_products,0.21804100000000001,3,True,
benchmark,10316,q9_orders_items_products_by_user,0.38262499999999999,2,True,
benchmark,10317,q10_top_sellers_qty,68.708954000000006,20,True,
benchmark,10318,q11_top_categories,0.142709,0,True,
benchmark,10319,q1_user_by_id,0.14691699999999999,1,True,
benchmark,10320,q2_all_users,3.2690000000000001,200,True,
benchmark,10321,q3_user_by_login,0.183667,1,True,
benchmark,10322,q4_sellers_rating,40.238790999999999,100,True,
benchmark,10323,q5_orders_offset,1.6090420000000001,50,True,
benchmark,10324,q6_products_by_seller,0.143208,3,True,
benchmark,10325,q7_products_join_sellers,0.20374900000000001,3,True,
benchmark,10326,q8_order_items_join_products,0.20483199999999999,1,True,
benchmark,10327,q9_orders_items_products_by_user,0.51783299999999999,4,True,
benchmark,10328,q10_top_sellers_qty,87.419663999999997,20,True,
benchmark,10329,q11_top_categories,0.13450000000000001,0,True,
benchmark,10330,q1_user_by_id,0.20708399999999999,1,True,
benchmark,10331,q2_all_users,3.92625,200,True,
benchmark,10332,q3_user_by_login,0.14616699999999999,1,True,
benchmark,10333,q4_sellers_rating,44.195917000000001,100,True,
benchmark,10334,q5_orders_offset,1.5943750000000001,50,True,
benchmark,10335,q6_products_by_seller,0.14866599999999999,1,True,
benchmark,10336,q7_products_join_sellers,0.21720900000000001,1,True,
benchmark,10337,q8_order_items_join_products,0.20808299999999999,4,True,
benchmark,10338,q9_orders_items_products_by_user,0.874417,7,True,
benchmark,10339,q10_top_sellers_qty,77.171290999999997,20,True,
benchmark,10340,q11_top_categories,0.14958399999999999,0,True,
benchmark,10341,q1_user_by_id,0.14566699999999999,1,True,
benchmark,10342,q2_all_users,3.7164990000000002,200,True,
benchmark,10343,q3_user_by_login,0.23000100000000001,1,True,
benchmark,10344,q4_sellers_rating,46.239125000000001,100,True,
benchmark,10345,q5_orders_offset,1.490958,50,True,
benchmark,10346,q6_products_by_seller,0.15049999999999999,2,True,
benchmark,10347,q7_products_join_sellers,0.221749,2,True,
benchmark,10348,q8_order_items_join_products,0.21262400000000001,1,True,
benchmark,10349,q9_orders_items_products_by_user,0.63999799999999996,5,True,
benchmark,10350,q10_top_sellers_qty,67.142255000000006,20,True,
benchmark,10351,q11_top_categories,0.137542,0,True,
benchmark,10352,q1_user_by_id,0.19254199999999999,1,True,
benchmark,10353,q2_all_users,5.9523739999999998,200,True,
benchmark,10354,q3_user_by_login,0.401416,1,True,
benchmark,10355,q4_sellers_rating,47.578166000000003,100,True,
benchmark,10356,q5_orders_offset,1.533458,50,True,
benchmark,10357,q6_products_by_seller,0.15245900000000001,1,True,
benchmark,10358,q7_products_join_sellers,0.20666699999999999,1,True,
benchmark,10359,q8_order_items_join_products,0.206208,3,True,
benchmark,10360,q9_orders_items_products_by_user,0.066958000000000004,0,True,
benchmark,10361,q10_top_sellers_qty,73.041213999999997,20,True,
benchmark,10362,q11_top_categories,0.18804199999999999,0,True,
benchmark,10363,q1_user_by_id,0.16404199999999999,1,True,
benchmark,10364,q2_all_users,3.4574590000000001,200,True,
benchmark,10365,q3_user_by_login,0.188249,1,True,
benchmark,10366,q4_sellers_rating,42.079707999999997,100,True,
benchmark,10367,q5_orders_offset,1.4834579999999999,50,True,
benchmark,10368,q6_products_by_seller,0.062709000000000001,0,True,
benchmark,10369,q7_products_join_sellers,0.065750000000000003,0,True,
benchmark,10370,q8_order_items_join_products,0.207125,1,True,
benchmark,10371,q9_orders_items_products_by_user,0.18012400000000001,0,True,
benchmark,10372,q10_top_sellers_qty,94.488214999999997,20,True,
benchmark,10373,q11_top_categories,0.15479200000000001,0,True,
benchmark,10374,q1_user_by_id,0.13225000000000001,1,True,
benchmark,10375,q2_all_users,3.380417,200,True,
benchmark,10376,q3_user_by_login,0.266042,1,True,
benchmark,10377,q4_sellers_rating,41.747875000000001,100,True,
benchmark,10378,q5_orders_offset,1.5407090000000001,50,True,
benchmark,10379,q6_products_by_seller,0.083750000000000005,0,True,
benchmark,10380,q7_products_join_sellers,0.085958000000000007,0,True,
benchmark,10381,q8_order_items_join_products,0.21595900000000001,3,True,
benchmark,10382,q9_orders_items_products_by_user,0.73945799999999995,6,True,
benchmark,10383,q10_top_sellers_qty,77.185461000000004,20,True,
benchmark,10384,q11_top_categories,0.144791,0,True,
benchmark,10385,q1_user_by_id,0.17883299999999999,1,True,
benchmark,10386,q2_all_users,3.6318760000000001,200,True,
benchmark,10387,q3_user_by_login,0.239791,1,True,
benchmark,10388,q4_sellers_rating,44.356543000000002,100,True,
benchmark,10389,q5_orders_offset,1.737166,50,True,
benchmark,10390,q6_products_by_seller,0.16004099999999999,1,True,
benchmark,10391,q7_products_join_sellers,0.20962500000000001,1,True,
benchmark,10392,q8_order_items_join_products,0.236457,4,True,
benchmark,10393,q9_orders_items_products_by_user,0.19162499999999999,0,True,
benchmark,10394,q10_top_sellers_qty,72.121167999999997,20,True,
benchmark,10395,q11_top_categories,0.183584,0,True,
benchmark,10396,q1_user_by_id,0.158084,1,True,
benchmark,10397,q2_all_users,5.6123329999999996,200,True,
benchmark,10398,q3_user_by_login,0.156083,1,True,
benchmark,10399,q4_sellers_rating,47.111209000000002,100,True,
benchmark,10400,q5_orders_offset,1.6032090000000001,50,True,
benchmark,10401,q6_products_by_seller,0.156916,3,True,
benchmark,10402,q7_products_join_sellers,0.20499899999999999,3,True,
benchmark,10403,q8_order_items_join_products,0.21299899999999999,5,True,
benchmark,10404,q9_orders_items_products_by_user,0.207791,0,True,
benchmark,10405,q10_top_sellers_qty,59.409671000000003,20,True,
benchmark,10406,q11_top_categories,0.14966699999999999,0,True,
benchmark,10407,q1_user_by_id,0.13183400000000001,1,True,
benchmark,10408,q2_all_users,3.065874,200,True,
benchmark,10409,q3_user_by_login,0.18462500000000001,1,True,
benchmark,10410,q4_sellers_rating,43.578791000000002,100,True,
benchmark,10411,q5_orders_offset,1.551666,50,True,
benchmark,10412,q6_products_by_seller,0.16924900000000001,1,True,
benchmark,10413,q7_products_join_sellers,0.207458,1,True,
benchmark,10414,q8_order_items_join_products,0.22875000000000001,3,True,
benchmark,10415,q9_orders_items_products_by_user,0.489292,3,True,
benchmark,10416,q10_top_sellers_qty,56.964208999999997,20,True,
benchmark,10417,q11_top_categories,0.14208299999999999,0,True,
benchmark,10418,q1_user_by_id,0.17820800000000001,1,True,
benchmark,10419,q2_all_users,3.001541,200,True,
benchmark,10420,q3_user_by_login,0.13891700000000001,1,True,
benchmark,10421,q4_sellers_rating,41.174416000000001,100,True,
benchmark,10422,q5_orders_offset,1.650334,50,True,
benchmark,10423,q6_products_by_seller,0.086541999999999994,0,True,
benchmark,10424,q7_products_join_sellers,0.093457999999999999,0,True,
benchmark,10425,q8_order_items_join_products,0.203876,1,True,
benchmark,10426,q9_orders_items_products_by_user,0.44474900000000001,2,True,
benchmark,10427,q10_top_sellers_qty,69.183294000000004,20,True,
benchmark,10428,q11_top_categories,0.13062499999999999,0,True,
benchmark,10429,q1_user_by_id,0.222583,1,True,
benchmark,10430,q2_all_users,3.8778329999999999,200,True,
benchmark,10431,q3_user_by_login,0.26191599999999998,1,True,
benchmark,10432,q4_sellers_rating,45.510418000000001,100,True,
benchmark,10433,q5_orders_offset,1.5740000000000001,50,True,
benchmark,10434,q6_products_by_seller,0.063125000000000001,0,True,
benchmark,10435,q7_products_join_sellers,0.076624999999999999,0,True,
benchmark,10436,q8_order_items_join_products,0.21720900000000001,4,True,
benchmark,10437,q9_orders_items_products_by_user,0.065125000000000002,0,True,
benchmark,10438,q10_top_sellers_qty,73.453627999999995,20,True,
benchmark,10439,q11_top_categories,0.139209,0,True,
benchmark,10440,q1_user_by_id,0.14291699999999999,1,True,
benchmark,10441,q2_all_users,3.1041240000000001,200,True,
benchmark,10442,q3_user_by_login,0.18004200000000001,1,True,
benchmark,10443,q4_sellers_rating,44.277583999999997,100,True,
benchmark,10444,q5_orders_offset,1.499833,50,True,
benchmark,10445,q6_products_by_seller,0.15720799999999999,1,True,
benchmark,10446,q7_products_join_sellers,0.20449899999999999,1,True,
benchmark,10447,q8_order_items_join_products,0.217332,2,True,
benchmark,10448,q9_orders_items_products_by_user,0.18620900000000001,0,True,
benchmark,10449,q10_top_sellers_qty,68.874292999999994,20,True,
benchmark,10450,q11_top_categories,0.169125,0,True,
benchmark,10451,q1_user_by_id,0.15120800000000001,1,True,
benchmark,10452,q2_all_users,3.1956669999999998,200,True,
benchmark,10453,q3_user_by_login,0.18124999999999999,1,True,
benchmark,10454,q4_sellers_rating,40.673417000000001,100,True,
benchmark,10455,q5_orders_offset,1.4999169999999999,50,True,
benchmark,10456,q6_products_by_seller,0.14779200000000001,2,True,
benchmark,10457,q7_products_join_sellers,0.24454100000000001,2,True,
benchmark,10458,q8_order_items_join_products,0.24262500000000001,1,True,
benchmark,10459,q9_orders_items_products_by_user,1.2603329999999999,9,True,
benchmark,10460,q10_top_sellers_qty,71.427839000000006,20,True,
benchmark,10461,q11_top_categories,0.10008300000000001,0,True,
benchmark,10462,q1_user_by_id,0.183084,1,True,
benchmark,10463,q2_all_users,2.926542,200,True,
benchmark,10464,q3_user_by_login,0.155749,1,True,
benchmark,10465,q4_sellers_rating,43.999958999999997,100,True,
benchmark,10466,q5_orders_offset,1.597208,50,True,
benchmark,10467,q6_products_by_seller,0.087207999999999994,0,True,
benchmark,10468,q7_products_join_sellers,0.081041000000000002,0,True,
benchmark,10469,q8_order_items_join_products,0.21662500000000001,4,True,
benchmark,10470,q9_orders_items_products_by_user,0.44916600000000001,2,True,
benchmark,10471,q10_top_sellers_qty,65.110922000000002,20,True,
benchmark,10472,q11_top_categories,0.120542,0,True,
benchmark,10473,q1_user_by_id,0.173624,1,True,
benchmark,10474,q2_all_users,4.4929589999999999,200,True,
benchmark,10475,q3_user_by_login,0.576708,1,True,
benchmark,10476,q4_sellers_rating,49.393875000000001,100,True,
benchmark,10477,q5_orders_offset,1.57925,50,True,
benchmark,10478,q6_products_by_seller,0.096042000000000002,0,True,
benchmark,10479,q7_products_join_sellers,0.088458999999999996,0,True,
benchmark,10480,q8_order_items_join_products,0.22145699999999999,1,True,
benchmark,10481,q9_orders_items_products_by_user,0.61445799999999995,3,True,
benchmark,10482,q10_top_sellers_qty,64.006788,20,True,
benchmark,10483,q11_top_categories,0.130333,0,True,
benchmark,10484,q1_user_by_id,0.13425000000000001,1,True,
benchmark,10485,q2_all_users,3.2339579999999999,200,True,
benchmark,10486,q3_user_by_login,0.182583,1,True,
benchmark,10487,q4_sellers_rating,41.802208999999998,100,True,
benchmark,10488,q5_orders_offset,1.587542,50,True,
benchmark,10489,q6_products_by_seller,0.13087499999999999,2,True,
benchmark,10490,q7_products_join_sellers,0.205542,2,True,
benchmark,10491,q8_order_items_join_products,0.235874,5,True,
benchmark,10492,q9_orders_items_products_by_user,0.066208000000000003,0,True,
benchmark,10493,q10_top_sellers_qty,71.092663999999999,20,True,
benchmark,10494,q11_top_categories,0.14699999999999999,0,True,
benchmark,10495,q1_user_by_id,0.12745899999999999,1,True,
benchmark,10496,q2_all_users,3.1842510000000002,200,True,
benchmark,10497,q3_user_by_login,0.18429200000000001,1,True,
benchmark,10498,q4_sellers_rating,39.805208,100,True,
benchmark,10499,q5_orders_offset,1.5485420000000001,50,True,
benchmark,10500,q6_products_by_seller,0.15095800000000001,2,True,
benchmark,10501,q7_products_join_sellers,0.21166699999999999,2,True,
benchmark,10502,q8_order_items_join_products,0.206125,5,True,
benchmark,10503,q9_orders_items_products_by_user,0.075207999999999997,0,True,
benchmark,10504,q10_top_sellers_qty,76.157374000000004,20,True,
benchmark,10505,q11_top_categories,0.128583,0,True,
benchmark,10506,q1_user_by_id,0.121833,1,True,
benchmark,10507,q2_all_users,3.8138749999999999,200,True,
benchmark,10508,q3_user_by_login,0.136876,1,True,
benchmark,10509,q4_sellers_rating,45.076084000000002,100,True,
benchmark,10510,q5_orders_offset,1.490583,50,True,
benchmark,10511,q6_products_by_seller,0.160834,1,True,
benchmark,10512,q7_products_join_sellers,0.279001,1,True,
benchmark,10513,q8_order_items_join_products,0.27058399999999999,4,True,
benchmark,10514,q9_orders_items_products_by_user,0.69120999999999999,4,True,
benchmark,10515,q10_top_sellers_qty,83.651207999999997,20,True,
benchmark,10516,q11_top_categories,0.137959,0,True,
benchmark,10517,q1_user_by_id,0.243918,1,True,
benchmark,10518,q2_all_users,4.9034570000000004,200,True,
benchmark,10519,q3_user_by_login,0.263708,1,True,
benchmark,10520,q4_sellers_rating,43.850875000000002,100,True,
benchmark,10521,q5_orders_offset,1.415292,50,True,
benchmark,10522,q6_products_by_seller,0.15387500000000001,1,True,
benchmark,10523,q7_products_join_sellers,0.200374,1,True,
benchmark,10524,q8_order_items_join_products,0.23091700000000001,5,True,
benchmark,10525,q9_orders_items_products_by_user,0.370834,2,True,
benchmark,10526,q10_top_sellers_qty,72.793458000000001,20,True,
benchmark,10527,q11_top_categories,0.12475,0,True,
benchmark,10528,q1_user_by_id,0.14491699999999999,1,True,
benchmark,10529,q2_all_users,3.7806670000000002,200,True,
benchmark,10530,q3_user_by_login,0.151333,1,True,
benchmark,10531,q4_sellers_rating,43.658124000000001,100,True,
benchmark,10532,q5_orders_offset,1.5189999999999999,50,True,
benchmark,10533,q6_products_by_seller,0.065209000000000003,0,True,
benchmark,10534,q7_products_join_sellers,0.065750000000000003,0,True,
benchmark,10535,q8_order_items_join_products,0.21645800000000001,4,True,
benchmark,10536,q9_orders_items_products_by_user,0.19237599999999999,0,True,
benchmark,10537,q10_top_sellers_qty,62.385908000000001,20,True,
benchmark,10538,q11_top_categories,0.13245799999999999,0,True,
benchmark,10539,q1_user_by_id,0.144959,1,True,
benchmark,10540,q2_all_users,3.4019590000000002,200,True,
benchmark,10541,q3_user_by_login,0.20216700000000001,1,True,
benchmark,10542,q4_sellers_rating,38.855041,100,True,
benchmark,10543,q5_orders_offset,2.0635409999999998,50,True,
benchmark,10544,q6_products_by_seller,0.17116600000000001,2,True,
benchmark,10545,q7_products_join_sellers,0.224499,2,True,
benchmark,10546,q8_order_items_join_products,0.312,4,True,
benchmark,10547,q9_orders_items_products_by_user,0.28004099999999998,0,True,
benchmark,10548,q10_top_sellers_qty,53.919576999999997,20,True,
benchmark,10549,q11_top_categories,0.14674999999999999,0,True,
benchmark,10550,q1_user_by_id,0.193416,1,True,
benchmark,10551,q2_all_users,3.8082919999999998,200,True,
benchmark,10552,q3_user_by_login,0.19225,1,True,
benchmark,10553,q4_sellers_rating,40.864207999999998,100,True,
benchmark,10554,q5_orders_offset,4.5669170000000001,50,True,
benchmark,10555,q6_products_by_seller,0.141875,1,True,
benchmark,10556,q7_products_join_sellers,0.21420900000000001,1,True,
benchmark,10557,q8_order_items_join_products,0.20841699999999999,3,True,
benchmark,10558,q9_orders_items_products_by_user,0.46529300000000001,2,True,
benchmark,10559,q10_top_sellers_qty,68.643584000000004,20,True,
benchmark,10560,q11_top_categories,0.14133399999999999,0,True,
benchmark,10561,q1_user_by_id,0.13758300000000001,1,True,
benchmark,10562,q2_all_users,4.1811259999999999,200,True,
benchmark,10563,q3_user_by_login,0.22883300000000001,1,True,
benchmark,10564,q4_sellers_rating,43.548623999999997,100,True,
benchmark,10565,q5_orders_offset,1.6667080000000001,50,True,
benchmark,10566,q6_products_by_seller,0.15729199999999999,1,True,
benchmark,10567,q7_products_join_sellers,0.207125,1,True,
benchmark,10568,q8_order_items_join_products,0.19908300000000001,1,True,
benchmark,10569,q9_orders_items_products_by_user,0.063792000000000001,0,True,
benchmark,10570,q10_top_sellers_qty,53.777416000000002,20,True,
benchmark,10571,q11_top_categories,0.13841600000000001,0,True,
benchmark,10572,q1_user_by_id,0.15066599999999999,1,True,
benchmark,10573,q2_all_users,3.4472489999999998,200,True,
benchmark,10574,q3_user_by_login,0.21079200000000001,1,True,
benchmark,10575,q4_sellers_rating,40.187666999999998,100,True,
benchmark,10576,q5_orders_offset,1.6910419999999999,50,True,
benchmark,10577,q6_products_by_seller,0.15679199999999999,3,True,
benchmark,10578,q7_products_join_sellers,0.238041,3,True,
benchmark,10579,q8_order_items_join_products,0.22600000000000001,5,True,
benchmark,10580,q9_orders_items_products_by_user,0.18904199999999999,0,True,
benchmark,10581,q10_top_sellers_qty,64.176293000000001,20,True,
benchmark,10582,q11_top_categories,0.135292,0,True,
benchmark,10583,q1_user_by_id,0.135875,1,True,
benchmark,10584,q2_all_users,3.333418,200,True,
benchmark,10585,q3_user_by_login,0.171708,1,True,
benchmark,10586,q4_sellers_rating,43.967292,100,True,
benchmark,10587,q5_orders_offset,1.5387489999999999,50,True,
benchmark,10588,q6_products_by_seller,0.081708000000000003,0,True,
benchmark,10589,q7_products_join_sellers,0.079958000000000001,0,True,
benchmark,10590,q8_order_items_join_products,0.237375,5,True,
benchmark,10591,q9_orders_items_products_by_user,0.063,0,True,
benchmark,10592,q10_top_sellers_qty,68.079380999999998,20,True,
benchmark,10593,q11_top_categories,0.13220799999999999,0,True,
benchmark,10594,q1_user_by_id,0.14058300000000001,1,True,
benchmark,10595,q2_all_users,3.9812080000000001,200,True,
benchmark,10596,q3_user_by_login,0.18845899999999999,1,True,
benchmark,10597,q4_sellers_rating,48.461373999999999,100,True,
benchmark,10598,q5_orders_offset,1.738167,50,True,
benchmark,10599,q6_products_by_seller,0.158583,3,True,
benchmark,10600,q7_products_join_sellers,0.275584,3,True,
benchmark,10601,q8_order_items_join_products,0.247834,4,True,
benchmark,10602,q9_orders_items_products_by_user,0.071707999999999994,0,True,
benchmark,10603,q10_top_sellers_qty,62.093958999999998,20,True,
benchmark,10604,q11_top_categories,0.135459,0,True,
benchmark,10605,q1_user_by_id,0.123708,1,True,
benchmark,10606,q2_all_users,7.7628750000000002,200,True,
benchmark,10607,q3_user_by_login,0.23958299999999999,1,True,
benchmark,10608,q4_sellers_rating,45.933750000000003,100,True,
benchmark,10609,q5_orders_offset,1.4557910000000001,50,True,
benchmark,10610,q6_products_by_seller,0.15975,1,True,
benchmark,10611,q7_products_join_sellers,0.24554100000000001,1,True,
benchmark,10612,q8_order_items_join_products,0.277584,1,True,
benchmark,10613,q9_orders_items_products_by_user,0.087041999999999994,0,True,
benchmark,10614,q10_top_sellers_qty,76.912415999999993,20,True,
benchmark,10615,q11_top_categories,0.22858300000000001,0,True,
benchmark,10616,q1_user_by_id,0.23916599999999999,1,True,
benchmark,10617,q2_all_users,4.194458,200,True,
benchmark,10618,q3_user_by_login,0.21954199999999999,1,True,
benchmark,10619,q4_sellers_rating,44.951625999999997,100,True,
benchmark,10620,q5_orders_offset,1.5237080000000001,50,True,
benchmark,10621,q6_products_by_seller,0.172042,2,True,
benchmark,10622,q7_products_join_sellers,0.20450099999999999,2,True,
benchmark,10623,q8_order_items_join_products,0.21341599999999999,1,True,
benchmark,10624,q9_orders_items_products_by_user,0.061166999999999999,0,True,
benchmark,10625,q10_top_sellers_qty,63.843704000000002,20,True,
benchmark,10626,q11_top_categories,0.141959,0,True,
benchmark,10627,q1_user_by_id,0.144292,1,True,
benchmark,10628,q2_all_users,3.373208,200,True,
benchmark,10629,q3_user_by_login,0.20633399999999999,1,True,
benchmark,10630,q4_sellers_rating,48.615791000000002,100,True,
benchmark,10631,q5_orders_offset,1.5675829999999999,50,True,
benchmark,10632,q6_products_by_seller,0.082167000000000004,0,True,
benchmark,10633,q7_products_join_sellers,0.081417000000000003,0,True,
benchmark,10634,q8_order_items_join_products,0.216666,3,True,
benchmark,10635,q9_orders_items_products_by_user,0.55499900000000002,5,True,
benchmark,10636,q10_top_sellers_qty,69.935663000000005,20,True,
benchmark,10637,q11_top_categories,0.13170799999999999,0,True,
benchmark,10638,q1_user_by_id,0.128666,1,True,
benchmark,10639,q2_all_users,3.2530420000000002,200,True,
benchmark,10640,q3_user_by_login,0.153333,1,True,
benchmark,10641,q4_sellers_rating,45.499833000000002,100,True,
benchmark,10642,q5_orders_offset,1.5224580000000001,50,True,
benchmark,10643,q6_products_by_seller,0.142292,2,True,
benchmark,10644,q7_products_join_sellers,0.21479100000000001,2,True,
benchmark,10645,q8_order_items_join_products,0.220417,5,True,
benchmark,10646,q9_orders_items_products_by_user,0.19629199999999999,0,True,
benchmark,10647,q10_top_sellers_qty,73.038129999999995,20,True,
benchmark,10648,q11_top_categories,0.157,0,True,
benchmark,10649,q1_user_by_id,0.21162500000000001,1,True,
benchmark,10650,q2_all_users,3.4333339999999999,200,True,
benchmark,10651,q3_user_by_login,0.14874899999999999,1,True,
benchmark,10652,q4_sellers_rating,41.434539999999998,100,True,
benchmark,10653,q5_orders_offset,1.5045409999999999,50,True,
benchmark,10654,q6_products_by_seller,0.155667,1,True,
benchmark,10655,q7_products_join_sellers,0.20841599999999999,1,True,
benchmark,10656,q8_order_items_join_products,0.25174999999999997,1,True,
benchmark,10657,q9_orders_items_products_by_user,0.186749,0,True,
benchmark,10658,q10_top_sellers_qty,77.373125999999999,20,True,
benchmark,10659,q11_top_categories,0.192166,0,True,
benchmark,10660,q1_user_by_id,0.2525,1,True,
benchmark,10661,q2_all_users,4.0704580000000004,200,True,
benchmark,10662,q3_user_by_login,0.438583,1,True,
benchmark,10663,q4_sellers_rating,48.024540999999999,100,True,
benchmark,10664,q5_orders_offset,1.5427919999999999,50,True,
benchmark,10665,q6_products_by_seller,0.099375000000000005,0,True,
benchmark,10666,q7_products_join_sellers,0.091582999999999998,0,True,
benchmark,10667,q8_order_items_join_products,0.28129300000000002,2,True,
benchmark,10668,q9_orders_items_products_by_user,0.57570699999999997,5,True,
benchmark,10669,q10_top_sellers_qty,72.847290999999998,20,True,
benchmark,10670,q11_top_categories,0.13312499999999999,0,True,
benchmark,10671,q1_user_by_id,0.216416,1,True,
benchmark,10672,q2_all_users,3.474666,200,True,
benchmark,10673,q3_user_by_login,0.21058399999999999,1,True,
benchmark,10674,q4_sellers_rating,44.324041000000001,100,True,
benchmark,10675,q5_orders_offset,1.554084,50,True,
benchmark,10676,q6_products_by_seller,0.084667000000000006,0,True,
benchmark,10677,q7_products_join_sellers,0.085458999999999993,0,True,
benchmark,10678,q8_order_items_join_products,0.20945900000000001,2,True,
benchmark,10679,q9_orders_items_products_by_user,0.065709000000000004,0,True,
benchmark,10680,q10_top_sellers_qty,60.490336999999997,20,True,
benchmark,10681,q11_top_categories,0.13741700000000001,0,True,
benchmark,10682,q1_user_by_id,0.13275000000000001,1,True,
benchmark,10683,q2_all_users,3.727417,200,True,
benchmark,10684,q3_user_by_login,0.22783300000000001,1,True,
benchmark,10685,q4_sellers_rating,42.499834,100,True,
benchmark,10686,q5_orders_offset,1.560041,50,True,
benchmark,10687,q6_products_by_seller,0.076666999999999999,0,True,
benchmark,10688,q7_products_join_sellers,0.071791999999999995,0,True,
benchmark,10689,q8_order_items_join_products,0.21224999999999999,4,True,
benchmark,10690,q9_orders_items_products_by_user,0.24945899999999999,0,True,
benchmark,10691,q10_top_sellers_qty,53.137408000000001,20,True,
benchmark,10692,q11_top_categories,0.13079099999999999,0,True,
benchmark,10693,q1_user_by_id,0.13791600000000001,1,True,
benchmark,10694,q2_all_users,5.5690840000000001,200,True,
benchmark,10695,q3_user_by_login,0.17766699999999999,1,True,
benchmark,10696,q4_sellers_rating,42.500542000000003,100,True,
benchmark,10697,q5_orders_offset,1.6104579999999999,50,True,
benchmark,10698,q6_products_by_seller,0.16229199999999999,2,True,
benchmark,10699,q7_products_join_sellers,0.20524899999999999,2,True,
benchmark,10700,q8_order_items_join_products,0.22458400000000001,5,True,
benchmark,10701,q9_orders_items_products_by_user,0.070916000000000007,0,True,
benchmark,10702,q10_top_sellers_qty,66.370750999999998,20,True,
benchmark,10703,q11_top_categories,0.152416,0,True,
benchmark,10704,q1_user_by_id,0.20875099999999999,1,True,
benchmark,10705,q2_all_users,3.7650420000000002,200,True,
benchmark,10706,q3_user_by_login,0.21845899999999999,1,True,
benchmark,10707,q4_sellers_rating,43.457000000000001,100,True,
benchmark,10708,q5_orders_offset,1.546376,50,True,
benchmark,10709,q6_products_by_seller,0.089374999999999996,0,True,
benchmark,10710,q7_products_join_sellers,0.084667000000000006,0,True,
benchmark,10711,q8_order_items_join_products,0.22737599999999999,1,True,
benchmark,10712,q9_orders_items_products_by_user,0.063750000000000001,0,True,
benchmark,10713,q10_top_sellers_qty,67.813794999999999,20,True,
benchmark,10714,q11_top_categories,0.13112499999999999,0,True,
benchmark,10715,q1_user_by_id,0.19258400000000001,1,True,
benchmark,10716,q2_all_users,3.2393749999999999,200,True,
benchmark,10717,q3_user_by_login,0.18562500000000001,1,True,
benchmark,10718,q4_sellers_rating,44.669209000000002,100,True,
benchmark,10719,q5_orders_offset,1.606584,50,True,
benchmark,10720,q6_products_by_seller,0.154916,1,True,
benchmark,10721,q7_products_join_sellers,0.21466499999999999,1,True,
benchmark,10722,q8_order_items_join_products,0.217001,4,True,
benchmark,10723,q9_orders_items_products_by_user,0.064166000000000001,0,True,
benchmark,10724,q10_top_sellers_qty,69.620790999999997,20,True,
benchmark,10725,q11_top_categories,0.14000000000000001,0,True,
benchmark,10726,q1_user_by_id,0.125334,1,True,
benchmark,10727,q2_all_users,6.5320840000000002,200,True,
benchmark,10728,q3_user_by_login,0.150667,1,True,
benchmark,10729,q4_sellers_rating,44.673915999999998,100,True,
benchmark,10730,q5_orders_offset,1.5703339999999999,50,True,
benchmark,10731,q6_products_by_seller,0.154,1,True,
benchmark,10732,q7_products_join_sellers,0.207041,1,True,
benchmark,10733,q8_order_items_join_products,0.22770899999999999,5,True,
benchmark,10734,q9_orders_items_products_by_user,0.21704200000000001,0,True,
benchmark,10735,q10_top_sellers_qty,85.202246000000002,20,True,
benchmark,10736,q11_top_categories,0.15829199999999999,0,True,
benchmark,10737,q1_user_by_id,0.24979199999999999,1,True,
benchmark,10738,q2_all_users,6.1267079999999998,200,True,
benchmark,10739,q3_user_by_login,0.17724899999999999,1,True,
benchmark,10740,q4_sellers_rating,45.447958999999997,100,True,
benchmark,10741,q5_orders_offset,1.6115839999999999,50,True,
benchmark,10742,q6_products_by_seller,0.080875000000000002,0,True,
benchmark,10743,q7_products_join_sellers,0.080334000000000003,0,True,
benchmark,10744,q8_order_items_join_products,0.215,2,True,
benchmark,10745,q9_orders_items_products_by_user,0.063250000000000001,0,True,
benchmark,10746,q10_top_sellers_qty,81.800544000000002,20,True,
benchmark,10747,q11_top_categories,0.23524999999999999,0,True,
benchmark,10748,q1_user_by_id,0.19608300000000001,1,True,
benchmark,10749,q2_all_users,3.9775420000000001,200,True,
benchmark,10750,q3_user_by_login,0.221917,1,True,
benchmark,10751,q4_sellers_rating,42.78275,100,True,
benchmark,10752,q5_orders_offset,1.5370410000000001,50,True,
benchmark,10753,q6_products_by_seller,0.15587500000000001,2,True,
benchmark,10754,q7_products_join_sellers,0.19720799999999999,2,True,
benchmark,10755,q8_order_items_join_products,0.21308299999999999,3,True,
benchmark,10756,q9_orders_items_products_by_user,0.38200000000000001,1,True,
benchmark,10757,q10_top_sellers_qty,78.216413000000003,20,True,
benchmark,10758,q11_top_categories,0.142959,0,True,
benchmark,10759,q1_user_by_id,0.140875,1,True,
benchmark,10760,q2_all_users,4.2060000000000004,200,True,
benchmark,10761,q3_user_by_login,0.22362499999999999,1,True,
benchmark,10762,q4_sellers_rating,47.722458000000003,100,True,
benchmark,10763,q5_orders_offset,1.5167930000000001,50,True,
benchmark,10764,q6_products_by_seller,0.079375000000000001,0,True,
benchmark,10765,q7_products_join_sellers,0.077499999999999999,0,True,
benchmark,10766,q8_order_items_join_products,0.249417,4,True,
benchmark,10767,q9_orders_items_products_by_user,0.18804100000000001,0,True,
benchmark,10768,q10_top_sellers_qty,60.387664000000001,20,True,
benchmark,10769,q11_top_categories,0.123917,0,True,
benchmark,10770,q1_user_by_id,0.219834,1,True,
benchmark,10771,q2_all_users,3.2246679999999999,200,True,
benchmark,10772,q3_user_by_login,0.17870800000000001,1,True,
benchmark,10773,q4_sellers_rating,44.214748999999998,100,True,
benchmark,10774,q5_orders_offset,5.2580010000000001,50,True,
benchmark,10775,q6_products_by_seller,0.18579300000000001,1,True,
benchmark,10776,q7_products_join_sellers,0.22795799999999999,1,True,
benchmark,10777,q8_order_items_join_products,0.22412499999999999,3,True,
benchmark,10778,q9_orders_items_products_by_user,0.066792000000000004,0,True,
benchmark,10779,q10_top_sellers_qty,57.301664000000002,20,True,
benchmark,10780,q11_top_categories,0.146125,0,True,
benchmark,10781,q1_user_by_id,0.16229199999999999,1,True,
benchmark,10782,q2_all_users,3.2057910000000001,200,True,
benchmark,10783,q3_user_by_login,0.198875,1,True,
benchmark,10784,q4_sellers_rating,37.226332999999997,100,True,
benchmark,10785,q5_orders_offset,1.4597500000000001,50,True,
benchmark,10786,q6_products_by_seller,0.141708,1,True,
benchmark,10787,q7_products_join_sellers,0.20050000000000001,1,True,
benchmark,10788,q8_order_items_join_products,0.20091800000000001,1,True,
benchmark,10789,q9_orders_items_products_by_user,0.065958000000000003,0,True,
benchmark,10790,q10_top_sellers_qty,65.971790999999996,20,True,
benchmark,10791,q11_top_categories,0.13070799999999999,0,True,
benchmark,10792,q1_user_by_id,0.155084,1,True,
benchmark,10793,q2_all_users,3.4103750000000002,200,True,
benchmark,10794,q3_user_by_login,0.25799899999999998,1,True,
benchmark,10795,q4_sellers_rating,38.093626,100,True,
benchmark,10796,q5_orders_offset,1.5106660000000001,50,True,
benchmark,10797,q6_products_by_seller,0.14250099999999999,2,True,
benchmark,10798,q7_products_join_sellers,0.20999999999999999,2,True,
benchmark,10799,q8_order_items_join_products,0.21475,3,True,
benchmark,10800,q9_orders_items_products_by_user,0.063959000000000002,0,True,
benchmark,10801,q10_top_sellers_qty,80.353744000000006,20,True,
benchmark,10802,q11_top_categories,0.15229200000000001,0,True,
benchmark,10803,q1_user_by_id,0.15287600000000001,1,True,
benchmark,10804,q2_all_users,3.1317499999999998,200,True,
benchmark,10805,q3_user_by_login,0.17870800000000001,1,True,
benchmark,10806,q4_sellers_rating,46.823458000000002,100,True,
benchmark,10807,q5_orders_offset,1.53775,50,True,
benchmark,10808,q6_products_by_seller,0.14108299999999999,2,True,
benchmark,10809,q7_products_join_sellers,0.19291700000000001,2,True,
benchmark,10810,q8_order_items_join_products,0.20979200000000001,5,True,
benchmark,10811,q9_orders_items_products_by_user,0.26195800000000002,0,True,
benchmark,10812,q10_top_sellers_qty,53.436295999999999,20,True,
benchmark,10813,q11_top_categories,0.14449999999999999,0,True,
benchmark,10814,q1_user_by_id,0.20341600000000001,1,True,
benchmark,10815,q2_all_users,3.1069990000000001,200,True,
benchmark,10816,q3_user_by_login,0.17754200000000001,1,True,
benchmark,10817,q4_sellers_rating,39.179333,100,True,
benchmark,10818,q5_orders_offset,1.4858340000000001,50,True,
benchmark,10819,q6_products_by_seller,0.14820900000000001,4,True,
benchmark,10820,q7_products_join_sellers,0.209041,4,True,
benchmark,10821,q8_order_items_join_products,0.22054199999999999,5,True,
benchmark,10822,q9_orders_items_products_by_user,0.069125000000000006,0,True,
benchmark,10823,q10_top_sellers_qty,55.705831000000003,20,True,
benchmark,10824,q11_top_categories,0.12845799999999999,0,True,
benchmark,10825,q1_user_by_id,0.47379199999999999,1,True,
benchmark,10826,q2_all_users,3.8399580000000002,200,True,
benchmark,10827,q3_user_by_login,0.16783400000000001,1,True,
benchmark,10828,q4_sellers_rating,40.265791,100,True,
benchmark,10829,q5_orders_offset,1.7361249999999999,50,True,
benchmark,10830,q6_products_by_seller,0.20879200000000001,2,True,
benchmark,10831,q7_products_join_sellers,0.27950000000000003,2,True,
benchmark,10832,q8_order_items_join_products,0.27025100000000002,1,True,
benchmark,10833,q9_orders_items_products_by_user,0.64233200000000001,3,True,
benchmark,10834,q10_top_sellers_qty,66.258370999999997,20,True,
benchmark,10835,q11_top_categories,0.121958,0,True,
benchmark,10836,q1_user_by_id,0.20558299999999999,1,True,
benchmark,10837,q2_all_users,4.2342079999999997,200,True,
benchmark,10838,q3_user_by_login,0.14108299999999999,1,True,
benchmark,10839,q4_sellers_rating,44.884833,100,True,
benchmark,10840,q5_orders_offset,1.5658749999999999,50,True,
benchmark,10841,q6_products_by_seller,0.080875000000000002,0,True,
benchmark,10842,q7_products_join_sellers,0.074999999999999997,0,True,
benchmark,10843,q8_order_items_join_products,0.23083300000000001,2,True,
benchmark,10844,q9_orders_items_products_by_user,0.069875000000000007,0,True,
benchmark,10845,q10_top_sellers_qty,59.451452000000003,20,True,
benchmark,10846,q11_top_categories,0.13458400000000001,0,True,
benchmark,10847,q1_user_by_id,0.13700100000000001,1,True,
benchmark,10848,q2_all_users,5.8280000000000003,200,True,
benchmark,10849,q3_user_by_login,0.22295799999999999,1,True,
benchmark,10850,q4_sellers_rating,45.805750000000003,100,True,
benchmark,10851,q5_orders_offset,1.8324990000000001,50,True,
benchmark,10852,q6_products_by_seller,0.078709000000000001,0,True,
benchmark,10853,q7_products_join_sellers,0.076124999999999998,0,True,
benchmark,10854,q8_order_items_join_products,0.24096000000000001,2,True,
benchmark,10855,q9_orders_items_products_by_user,0.064000000000000001,0,True,
benchmark,10856,q10_top_sellers_qty,58.788162999999997,20,True,
benchmark,10857,q11_top_categories,0.14166699999999999,0,True,
benchmark,10858,q1_user_by_id,0.15970899999999999,1,True,
benchmark,10859,q2_all_users,3.1505839999999998,200,True,
benchmark,10860,q3_user_by_login,0.17833299999999999,1,True,
benchmark,10861,q4_sellers_rating,40.071708000000001,100,True,
benchmark,10862,q5_orders_offset,1.568292,50,True,
benchmark,10863,q6_products_by_seller,0.14741599999999999,2,True,
benchmark,10864,q7_products_join_sellers,0.2165,2,True,
benchmark,10865,q8_order_items_join_products,0.21112600000000001,3,True,
benchmark,10866,q9_orders_items_products_by_user,0.066292000000000004,0,True,
benchmark,10867,q10_top_sellers_qty,54.688834999999997,20,True,
benchmark,10868,q11_top_categories,0.14183299999999999,0,True,
benchmark,10869,q1_user_by_id,0.169375,1,True,
benchmark,10870,q2_all_users,3.4284590000000001,200,True,
benchmark,10871,q3_user_by_login,1.447584,1,True,
benchmark,10872,q4_sellers_rating,40.261457999999998,100,True,
benchmark,10873,q5_orders_offset,4.8309170000000003,50,True,
benchmark,10874,q6_products_by_seller,0.156084,1,True,
benchmark,10875,q7_products_join_sellers,0.2165,1,True,
benchmark,10876,q8_order_items_join_products,0.22175,5,True,
benchmark,10877,q9_orders_items_products_by_user,0.188,0,True,
benchmark,10878,q10_top_sellers_qty,57.480623999999999,20,True,
benchmark,10879,q11_top_categories,0.14733399999999999,0,True,
benchmark,10880,q1_user_by_id,0.13374900000000001,1,True,
benchmark,10881,q2_all_users,3.2137920000000002,200,True,
benchmark,10882,q3_user_by_login,0.143875,1,True,
benchmark,10883,q4_sellers_rating,45.608874999999998,100,True,
benchmark,10884,q5_orders_offset,1.4847079999999999,50,True,
benchmark,10885,q6_products_by_seller,0.138125,2,True,
benchmark,10886,q7_products_join_sellers,0.19658400000000001,2,True,
benchmark,10887,q8_order_items_join_products,0.21383199999999999,1,True,
benchmark,10888,q9_orders_items_products_by_user,0.077875,0,True,
benchmark,10889,q10_top_sellers_qty,54.898836000000003,20,True,
benchmark,10890,q11_top_categories,0.13220799999999999,0,True,
benchmark,10891,q1_user_by_id,0.28508299999999998,1,True,
benchmark,10892,q2_all_users,5.0188329999999999,200,True,
benchmark,10893,q3_user_by_login,0.15020900000000001,1,True,
benchmark,10894,q4_sellers_rating,48.212874999999997,100,True,
benchmark,10895,q5_orders_offset,1.658874,50,True,
benchmark,10896,q6_products_by_seller,0.17949999999999999,2,True,
benchmark,10897,q7_products_join_sellers,0.230708,2,True,
benchmark,10898,q8_order_items_join_products,0.19908400000000001,1,True,
benchmark,10899,q9_orders_items_products_by_user,0.061165999999999998,0,True,
benchmark,10900,q10_top_sellers_qty,54.068702999999999,20,True,
benchmark,10901,q11_top_categories,0.127833,0,True,
benchmark,10902,q1_user_by_id,0.16683300000000001,1,True,
benchmark,10903,q2_all_users,3.1561669999999999,200,True,
benchmark,10904,q3_user_by_login,0.202791,1,True,
benchmark,10905,q4_sellers_rating,49.694958999999997,100,True,
benchmark,10906,q5_orders_offset,1.6521250000000001,50,True,
benchmark,10907,q6_products_by_seller,0.106583,0,True,
benchmark,10908,q7_products_join_sellers,0.11612500000000001,0,True,
benchmark,10909,q8_order_items_join_products,0.29333300000000001,2,True,
benchmark,10910,q9_orders_items_products_by_user,0.084958000000000006,0,True,
benchmark,10911,q10_top_sellers_qty,60.672074000000002,20,True,
benchmark,10912,q11_top_categories,0.13791700000000001,0,True,
benchmark,10913,q1_user_by_id,0.154666,1,True,
benchmark,10914,q2_all_users,3.2708750000000002,200,True,
benchmark,10915,q3_user_by_login,0.18662500000000001,1,True,
benchmark,10916,q4_sellers_rating,41.588290999999998,100,True,
benchmark,10917,q5_orders_offset,1.6527499999999999,50,True,
benchmark,10918,q6_products_by_seller,0.18083299999999999,2,True,
benchmark,10919,q7_products_join_sellers,0.223,2,True,
benchmark,10920,q8_order_items_join_products,0.21254100000000001,2,True,
benchmark,10921,q9_orders_items_products_by_user,0.064708000000000002,0,True,
benchmark,10922,q10_top_sellers_qty,64.702254999999994,20,True,
benchmark,10923,q11_top_categories,0.140792,0,True,
benchmark,10924,q1_user_by_id,0.18462500000000001,1,True,
benchmark,10925,q2_all_users,3.541417,200,True,
benchmark,10926,q3_user_by_login,0.263791,1,True,
benchmark,10927,q4_sellers_rating,44.036625000000001,100,True,
benchmark,10928,q5_orders_offset,1.5282500000000001,50,True,
benchmark,10929,q6_products_by_seller,0.14983399999999999,1,True,
benchmark,10930,q7_products_join_sellers,0.216916,1,True,
benchmark,10931,q8_order_items_join_products,0.20816699999999999,1,True,
benchmark,10932,q9_orders_items_products_by_user,0.056667000000000002,0,True,
benchmark,10933,q10_top_sellers_qty,59.292506000000003,20,True,
benchmark,10934,q11_top_categories,0.19745799999999999,0,True,
benchmark,10935,q1_user_by_id,0.17966599999999999,1,True,
benchmark,10936,q2_all_users,5.4858760000000002,200,True,
benchmark,10937,q3_user_by_login,0.26924999999999999,1,True,
benchmark,10938,q4_sellers_rating,44.659374999999997,100,True,
benchmark,10939,q5_orders_offset,1.4970410000000001,50,True,
benchmark,10940,q6_products_by_seller,0.16475000000000001,2,True,
benchmark,10941,q7_products_join_sellers,0.201875,2,True,
benchmark,10942,q8_order_items_join_products,0.214418,3,True,
benchmark,10943,q9_orders_items_products_by_user,0.53362399999999999,3,True,
benchmark,10944,q10_top_sellers_qty,59.835047000000003,20,True,
benchmark,10945,q11_top_categories,0.14783299999999999,0,True,
benchmark,10946,q1_user_by_id,0.136375,1,True,
benchmark,10947,q2_all_users,3.1012089999999999,200,True,
benchmark,10948,q3_user_by_login,0.161166,1,True,
benchmark,10949,q4_sellers_rating,37.508167,100,True,
benchmark,10950,q5_orders_offset,1.4741660000000001,50,True,
benchmark,10951,q6_products_by_seller,0.077040999999999998,0,True,
benchmark,10952,q7_products_join_sellers,0.061709,0,True,
benchmark,10953,q8_order_items_join_products,0.22425,1,True,
benchmark,10954,q9_orders_items_products_by_user,0.64720900000000003,4,True,
benchmark,10955,q10_top_sellers_qty,59.869410000000002,20,True,
benchmark,10956,q11_top_categories,0.128584,0,True,
benchmark,10957,q1_user_by_id,0.17674999999999999,1,True,
benchmark,10958,q2_all_users,3.2799580000000002,200,True,
benchmark,10959,q3_user_by_login,0.18420800000000001,1,True,
benchmark,10960,q4_sellers_rating,40.150542000000002,100,True,
benchmark,10961,q5_orders_offset,4.5700830000000003,50,True,
benchmark,10962,q6_products_by_seller,0.159666,1,True,
benchmark,10963,q7_products_join_sellers,0.207875,1,True,
benchmark,10964,q8_order_items_join_products,0.206125,1,True,
benchmark,10965,q9_orders_items_products_by_user,0.72866799999999998,5,True,
benchmark,10966,q10_top_sellers_qty,64.027923000000001,20,True,
benchmark,10967,q11_top_categories,0.14258299999999999,0,True,
benchmark,10968,q1_user_by_id,0.14349999999999999,1,True,
benchmark,10969,q2_all_users,3.4442919999999999,200,True,
benchmark,10970,q3_user_by_login,0.19600000000000001,1,True,
benchmark,10971,q4_sellers_rating,42.368125999999997,100,True,
benchmark,10972,q5_orders_offset,5.5522929999999997,50,True,
benchmark,10973,q6_products_by_seller,0.082250000000000004,0,True,
benchmark,10974,q7_products_join_sellers,0.084083000000000005,0,True,
benchmark,10975,q8_order_items_join_products,0.22370899999999999,4,True,
benchmark,10976,q9_orders_items_products_by_user,1.152585,10,True,
benchmark,10977,q10_top_sellers_qty,61.415666000000002,20,True,
benchmark,10978,q11_top_categories,0.124,0,True,
benchmark,10979,q1_user_by_id,0.172207,1,True,
benchmark,10980,q2_all_users,4.0512920000000001,200,True,
benchmark,10981,q3_user_by_login,0.20200000000000001,1,True,
benchmark,10982,q4_sellers_rating,44.277791999999998,100,True,
benchmark,10983,q5_orders_offset,1.4950840000000001,50,True,
benchmark,10984,q6_products_by_seller,0.14587600000000001,2,True,
benchmark,10985,q7_products_join_sellers,0.200041,2,True,
benchmark,10986,q8_order_items_join_products,0.21462600000000001,3,True,
benchmark,10987,q9_orders_items_products_by_user,0.183667,0,True,
benchmark,10988,q10_top_sellers_qty,68.789298000000002,20,True,
benchmark,10989,q11_top_categories,0.13633300000000001,0,True,
benchmark,10990,q1_user_by_id,0.13416600000000001,1,True,
benchmark,10991,q2_all_users,3.1770010000000002,200,True,
benchmark,10992,q3_user_by_login,0.17633299999999999,1,True,
benchmark,10993,q4_sellers_rating,40.514417000000002,100,True,
benchmark,10994,q5_orders_offset,1.509541,50,True,
benchmark,10995,q6_products_by_seller,0.081292000000000003,0,True,
benchmark,10996,q7_products_join_sellers,0.074499999999999997,0,True,
benchmark,10997,q8_order_items_join_products,0.22674900000000001,5,True,
benchmark,10998,q9_orders_items_products_by_user,0.19700100000000001,0,True,
benchmark,10999,q10_top_sellers_qty,78.861205999999996,20,True,
benchmark,11000,q11_top_categories,0.13475000000000001,0,True,
