phase,request_index,query_name,latency_ms,rows_returned,ok,error
warmup,0,q1_user_by_id,1.4136,1,True,
warmup,1,q2_all_users,52.651899999999998,200,True,
warmup,2,q3_user_by_login,0.97909999999999997,1,True,
warmup,3,q4_sellers_rating,144.69880000000001,100,True,
warmup,4,q5_orders_offset,40.338099999999997,50,True,
warmup,5,q6_products_by_seller,0.48859999999999998,1,True,
warmup,6,q7_products_join_sellers,35.134700000000002,1,True,
warmup,7,q8_order_items_join_products,18.770600000000002,2,True,
warmup,8,q9_orders_items_products_by_user,3.3711000000000002,0,True,
warmup,9,q10_top_sellers_qty,249.6643,20,True,
warmup,10,q11_top_categories,1.6995,0,True,
warmup,11,q1_user_by_id,0.36249999999999999,1,True,
warmup,12,q2_all_users,11.3879,200,True,
warmup,13,q3_user_by_login,0.48320000000000002,1,True,
warmup,14,q4_sellers_rating,49.249499999999998,100,True,
warmup,15,q5_orders_offset,21.186299999999999,50,True,
warmup,16,q6_products_by_seller,0.34510000000000002,1,True,
warmup,17,q7_products_join_sellers,0.41499999999999998,0,True,
warmup,18,q8_order_items_join_products,0.75849999999999995,5,True,
warmup,19,q9_orders_items_products_by_user,0.26279999999999998,0,True,
warmup,20,q10_top_sellers_qty,214.9896,20,True,
warmup,21,q11_top_categories,0.48120000000000002,0,True,
warmup,22,q1_user_by_id,0.41199999999999998,1,True,
warmup,23,q2_all_users,10.9199,200,True,
warmup,24,q3_user_by_login,0.46500000000000002,1,True,
warmup,25,q4_sellers_rating,50.070700000000002,100,True,
warmup,26,q5_orders_offset,21.429099999999998,50,True,
warmup,27,q6_products_by_seller,0.3458,1,True,
warmup,28,q7_products_join_sellers,0.4037,0,True,
warmup,29,q8_order_items_join_products,0.71899999999999997,1,True,
warmup,30,q9_orders_items_products_by_user,1.1866000000000001,5,True,
warmup,31,q10_top_sellers_qty,188.51410000000001,20,True,
warmup,32,q11_top_categories,0.43669999999999998,0,True,
warmup,33,q1_user_by_id,0.45629999999999998,1,True,
warmup,34,q2_all_users,15.979900000000001,200,True,
warmup,35,q3_user_by_login,0.4657,1,True,
warmup,36,q4_sellers_rating,47.322699999999998,100,True,
warmup,37,q5_orders_offset,29.401800000000001,50,True,
warmup,38,q6_products_by_seller,0.39200000000000002,3,True,
warmup,39,q7_products_join_sellers,0.68330000000000002,1,True,
warmup,40,q8_order_items_join_products,0.89859999999999995,1,True,
warmup,41,q9_orders_items_products_by_user,0.1013,0,True,
warmup,42,q10_top_sellers_qty,150.4025,20,True,
warmup,43,q11_top_categories,0.38719999999999999,0,True,
warmup,44,q1_user_by_id,0.37519999999999998,1,True,
warmup,45,q2_all_users,13.094799999999999,200,True,
warmup,46,q3_user_by_login,0.47110000000000002,1,True,
warmup,47,q4_sellers_rating,46.194200000000002,100,True,
warmup,48,q5_orders_offset,22.421600000000002,50,True,
warmup,49,q6_products_by_seller,0.38190000000000002,1,True,
warmup,50,q7_products_join_sellers,0.72119999999999995,2,True,
warmup,51,q8_order_items_join_products,0.86929999999999996,1,True,
warmup,52,q9_orders_items_products_by_user,0.095299999999999996,0,True,
warmup,53,q10_top_sellers_qty,163.18520000000001,20,True,
warmup,54,q11_top_categories,2.2665999999999999,0,True,
warmup,55,q1_user_by_id,0.45000000000000001,1,True,
warmup,56,q2_all_users,10.7562,200,True,
warmup,57,q3_user_by_login,0.37480000000000002,1,True,
warmup,58,q4_sellers_rating,46.860199999999999,100,True,
warmup,59,q5_orders_offset,24.668800000000001,50,True,
warmup,60,q6_products_by_seller,0.28370000000000001,1,True,
warmup,61,q7_products_join_sellers,0.4032,3,True,
warmup,62,q8_order_items_join_products,0.51859999999999995,1,True,
warmup,63,q9_orders_items_products_by_user,0.98629999999999995,4,True,
warmup,64,q10_top_sellers_qty,112.0013,20,True,
warmup,65,q11_top_categories,0.29399999999999998,0,True,
warmup,66,q1_user_by_id,0.26279999999999998,1,True,
warmup,67,q2_all_users,7.3686999999999996,200,True,
warmup,68,q3_user_by_login,0.34029999999999999,1,True,
warmup,69,q4_sellers_rating,46.257800000000003,100,True,
warmup,70,q5_orders_offset,16.0717,50,True,
warmup,71,q6_products_by_seller,0.1905,0,True,
warmup,72,q7_products_join_sellers,0.3962,2,True,
warmup,73,q8_order_items_join_products,0.48089999999999999,4,True,
warmup,74,q9_orders_items_products_by_user,0.089399999999999993,0,True,
warmup,75,q10_top_sellers_qty,112.6818,20,True,
warmup,76,q11_top_categories,0.2596,0,True,
warmup,77,q1_user_by_id,0.24990000000000001,1,True,
warmup,78,q2_all_users,6.4089,200,True,
warmup,79,q3_user_by_login,0.34460000000000002,1,True,
warmup,80,q4_sellers_rating,47.000599999999999,100,True,
warmup,81,q5_orders_offset,19.107099999999999,50,True,
warmup,82,q6_products_by_seller,0.24629999999999999,2,True,
warmup,83,q7_products_join_sellers,0.36470000000000002,4,True,
warmup,84,q8_order_items_join_products,0.4052,4,True,
warmup,85,q9_orders_items_products_by_user,0.085699999999999998,0,True,
warmup,86,q10_top_sellers_qty,107.221,20,True,
warmup,87,q11_top_categories,0.19470000000000001,0,True,
warmup,88,q1_user_by_id,0.27189999999999998,1,True,
warmup,89,q2_all_users,8.5778999999999996,200,True,
warmup,90,q3_user_by_login,2.5095000000000001,1,True,
warmup,91,q4_sellers_rating,45.916699999999999,100,True,
warmup,92,q5_orders_offset,16.5687,50,True,
warmup,93,q6_products_by_seller,0.22259999999999999,1,True,
warmup,94,q7_products_join_sellers,0.35780000000000001,2,True,
warmup,95,q8_order_items_join_products,0.46579999999999999,3,True,
warmup,96,q9_orders_items_products_by_user,0.1026,0,True,
warmup,97,q10_top_sellers_qty,101.0313,20,True,
warmup,98,q11_top_categories,0.21410000000000001,0,True,
warmup,99,q1_user_by_id,0.2215,1,True,
warmup,100,q2_all_users,6.4183000000000003,200,True,
warmup,101,q3_user_by_login,0.26040000000000002,1,True,
warmup,102,q4_sellers_rating,41.987000000000002,100,True,
warmup,103,q5_orders_offset,15.5861,50,True,
warmup,104,q6_products_by_seller,0.15690000000000001,0,True,
warmup,105,q7_products_join_sellers,0.34339999999999998,1,True,
warmup,106,q8_order_items_join_products,0.46479999999999999,5,True,
warmup,107,q9_orders_items_products_by_user,0.1094,0,True,
warmup,108,q10_top_sellers_qty,119.7308,20,True,
warmup,109,q11_top_categories,1.0694999999999999,0,True,
warmup,110,q1_user_by_id,0.32790000000000002,1,True,
warmup,111,q2_all_users,7.1017999999999999,200,True,
warmup,112,q3_user_by_login,1.0582,1,True,
warmup,113,q4_sellers_rating,51.003500000000003,100,True,
warmup,114,q5_orders_offset,15.761699999999999,50,True,
warmup,115,q6_products_by_seller,0.14499999999999999,0,True,
warmup,116,q7_products_join_sellers,0.37630000000000002,1,True,
warmup,117,q8_order_items_join_products,0.4163,4,True,
warmup,118,q9_orders_items_products_by_user,0.1077,0,True,
warmup,119,q10_top_sellers_qty,113.67019999999999,20,True,
warmup,120,q11_top_categories,0.25019999999999998,0,True,
warmup,121,q1_user_by_id,0.23139999999999999,1,True,
warmup,122,q2_all_users,5.8570000000000002,200,True,
warmup,123,q3_user_by_login,0.2102,1,True,
warmup,124,q4_sellers_rating,46.290599999999998,100,True,
warmup,125,q5_orders_offset,15.510300000000001,50,True,
warmup,126,q6_products_by_seller,0.2142,1,True,
warmup,127,q7_products_join_sellers,0.34510000000000002,1,True,
warmup,128,q8_order_items_join_products,0.39550000000000002,3,True,
warmup,129,q9_orders_items_products_by_user,0.81610000000000005,3,True,
warmup,130,q10_top_sellers_qty,107.3652,20,True,
warmup,131,q11_top_categories,0.27379999999999999,0,True,
warmup,132,q1_user_by_id,0.27939999999999998,1,True,
warmup,133,q2_all_users,8.1869999999999994,200,True,
warmup,134,q3_user_by_login,0.2515,1,True,
warmup,135,q4_sellers_rating,60.679200000000002,100,True,
warmup,136,q5_orders_offset,15.882999999999999,50,True,
warmup,137,q6_products_by_seller,0.1497,0,True,
warmup,138,q7_products_join_sellers,0.36059999999999998,3,True,
warmup,139,q8_order_items_join_products,0.40050000000000002,2,True,
warmup,140,q9_orders_items_products_by_user,0.0814,0,True,
warmup,141,q10_top_sellers_qty,94.162400000000005,20,True,
warmup,142,q11_top_categories,0.9597,0,True,
warmup,143,q1_user_by_id,0.2344,1,True,
warmup,144,q2_all_users,4.9530000000000003,200,True,
warmup,145,q3_user_by_login,0.22500000000000001,1,True,
warmup,146,q4_sellers_rating,33.8048,100,True,
warmup,147,q5_orders_offset,15.684699999999999,50,True,
warmup,148,q6_products_by_seller,0.14330000000000001,0,True,
warmup,149,q7_products_join_sellers,0.35210000000000002,1,True,
warmup,150,q8_order_items_join_products,0.39989999999999998,2,True,
warmup,151,q9_orders_items_products_by_user,0.28420000000000001,0,True,
warmup,152,q10_top_sellers_qty,110.5325,20,True,
warmup,153,q11_top_categories,0.20130000000000001,0,True,
warmup,154,q1_user_by_id,0.2482,1,True,
warmup,155,q2_all_users,5.4992000000000001,200,True,
warmup,156,q3_user_by_login,0.20910000000000001,1,True,
warmup,157,q4_sellers_rating,41.4651,100,True,
warmup,158,q5_orders_offset,24.598400000000002,50,True,
warmup,159,q6_products_by_seller,0.25230000000000002,1,True,
warmup,160,q7_products_join_sellers,0.34670000000000001,1,True,
warmup,161,q8_order_items_join_products,0.39560000000000001,3,True,
warmup,162,q9_orders_items_products_by_user,0.49490000000000001,2,True,
warmup,163,q10_top_sellers_qty,113.6619,20,True,
warmup,164,q11_top_categories,0.1928,0,True,
warmup,165,q1_user_by_id,0.30549999999999999,1,True,
warmup,166,q2_all_users,8.8353000000000002,200,True,
warmup,167,q3_user_by_login,0.29920000000000002,1,True,
warmup,168,q4_sellers_rating,44.7087,100,True,
warmup,169,q5_orders_offset,15.497400000000001,50,True,
warmup,170,q6_products_by_seller,0.14929999999999999,0,True,
warmup,171,q7_products_join_sellers,0.2117,0,True,
warmup,172,q8_order_items_join_products,0.41830000000000001,1,True,
warmup,173,q9_orders_items_products_by_user,0.58299999999999996,3,True,
warmup,174,q10_top_sellers_qty,110.5039,20,True,
warmup,175,q11_top_categories,0.25700000000000001,0,True,
warmup,176,q1_user_by_id,0.27750000000000002,1,True,
warmup,177,q2_all_users,9.1557999999999993,200,True,
warmup,178,q3_user_by_login,0.22839999999999999,1,True,
warmup,179,q4_sellers_rating,43.705199999999998,100,True,
warmup,180,q5_orders_offset,15.637600000000001,50,True,
warmup,181,q6_products_by_seller,0.21310000000000001,2,True,
warmup,182,q7_products_join_sellers,0.36370000000000002,2,True,
warmup,183,q8_order_items_join_products,0.42380000000000001,1,True,
warmup,184,q9_orders_items_products_by_user,0.62380000000000002,3,True,
warmup,185,q10_top_sellers_qty,97.8523,20,True,
warmup,186,q11_top_categories,0.26090000000000002,0,True,
warmup,187,q1_user_by_id,0.23899999999999999,1,True,
warmup,188,q2_all_users,5.7774999999999999,200,True,
warmup,189,q3_user_by_login,0.2586,1,True,
warmup,190,q4_sellers_rating,40.564599999999999,100,True,
warmup,191,q5_orders_offset,15.984,50,True,
warmup,192,q6_products_by_seller,0.23050000000000001,2,True,
warmup,193,q7_products_join_sellers,0.35289999999999999,1,True,
warmup,194,q8_order_items_join_products,0.4204,4,True,
warmup,195,q9_orders_items_products_by_user,0.2152,0,True,
warmup,196,q10_top_sellers_qty,119.4141,20,True,
warmup,197,q11_top_categories,0.25650000000000001,0,True,
warmup,198,q1_user_by_id,0.35730000000000001,1,True,
warmup,199,q2_all_users,6.2466999999999997,200,True,
benchmark,1,q1_user_by_id,0.91469999999999996,1,True,
benchmark,2,q2_all_users,22.663799999999998,200,True,
benchmark,3,q3_user_by_login,0.44400000000000001,1,True,
benchmark,4,q4_sellers_rating,50.584699999999998,100,True,
benchmark,5,q5_orders_offset,17.978899999999999,50,True,
benchmark,6,q6_products_by_seller,0.215,1,True,
benchmark,7,q7_products_join_sellers,0.33789999999999998,1,True,
benchmark,8,q8_order_items_join_products,0.3695,1,True,
benchmark,9,q9_orders_items_products_by_user,0.070999999999999994,0,True,
benchmark,10,q10_top_sellers_qty,119.06870000000001,20,True,
benchmark,11,q11_top_categories,0.253,0,True,
benchmark,12,q1_user_by_id,0.83069999999999999,1,True,
benchmark,13,q2_all_users,8.8768999999999991,200,True,
benchmark,14,q3_user_by_login,0.216,1,True,
benchmark,15,q4_sellers_rating,45.029400000000003,100,True,
benchmark,16,q5_orders_offset,15.6486,50,True,
benchmark,17,q6_products_by_seller,0.2147,1,True,
benchmark,18,q7_products_join_sellers,0.34010000000000001,1,True,
benchmark,19,q8_order_items_join_products,0.4204,3,True,
benchmark,20,q9_orders_items_products_by_user,0.073599999999999999,0,True,
benchmark,21,q10_top_sellers_qty,102.37520000000001,20,True,
benchmark,22,q11_top_categories,0.20419999999999999,0,True,
benchmark,23,q1_user_by_id,0.20630000000000001,1,True,
benchmark,24,q2_all_users,5.2880000000000003,200,True,
benchmark,25,q3_user_by_login,0.2278,1,True,
benchmark,26,q4_sellers_rating,41.037100000000002,100,True,
benchmark,27,q5_orders_offset,15.8436,50,True,
benchmark,28,q6_products_by_seller,0.2344,1,True,
benchmark,29,q7_products_join_sellers,0.33450000000000002,1,True,
benchmark,30,q8_order_items_join_products,0.40239999999999998,4,True,
benchmark,31,q9_orders_items_products_by_user,0.23269999999999999,0,True,
benchmark,32,q10_top_sellers_qty,132.4896,20,True,
benchmark,33,q11_top_categories,0.21640000000000001,0,True,
benchmark,34,q1_user_by_id,0.32819999999999999,1,True,
benchmark,35,q2_all_users,6.1851000000000003,200,True,
benchmark,36,q3_user_by_login,0.308,1,True,
benchmark,37,q4_sellers_rating,44.581000000000003,100,True,
benchmark,38,q5_orders_offset,18.7089,50,True,
benchmark,39,q6_products_by_seller,0.2515,2,True,
benchmark,40,q7_products_join_sellers,0.34429999999999999,2,True,
benchmark,41,q8_order_items_join_products,0.39600000000000002,3,True,
benchmark,42,q9_orders_items_products_by_user,0.37119999999999997,1,True,
benchmark,43,q10_top_sellers_qty,108.2026,20,True,
benchmark,44,q11_top_categories,0.2069,0,True,
benchmark,45,q1_user_by_id,0.24959999999999999,1,True,
benchmark,46,q2_all_users,10.3323,200,True,
benchmark,47,q3_user_by_login,0.25629999999999997,1,True,
benchmark,48,q4_sellers_rating,43.165199999999999,100,True,
benchmark,49,q5_orders_offset,15.912800000000001,50,True,
benchmark,50,q6_products_by_seller,0.14030000000000001,0,True,
benchmark,51,q7_products_join_sellers,0.19819999999999999,0,True,
benchmark,52,q8_order_items_join_products,0.4229,4,True,
benchmark,53,q9_orders_items_products_by_user,0.43419999999999997,2,True,
benchmark,54,q10_top_sellers_qty,110.485,20,True,
benchmark,55,q11_top_categories,0.19969999999999999,0,True,
benchmark,56,q1_user_by_id,0.21029999999999999,1,True,
benchmark,57,q2_all_users,5.8361999999999998,200,True,
benchmark,58,q3_user_by_login,0.30020000000000002,1,True,
benchmark,59,q4_sellers_rating,43.367800000000003,100,True,
benchmark,60,q5_orders_offset,15.875400000000001,50,True,
benchmark,61,q6_products_by_seller,0.21609999999999999,1,True,
benchmark,62,q7_products_join_sellers,0.32529999999999998,1,True,
benchmark,63,q8_order_items_join_products,0.42470000000000002,5,True,
benchmark,64,q9_orders_items_products_by_user,0.60699999999999998,4,True,
benchmark,65,q10_top_sellers_qty,99.582499999999996,20,True,
benchmark,66,q11_top_categories,0.20619999999999999,0,True,
benchmark,67,q1_user_by_id,0.2109,1,True,
benchmark,68,q2_all_users,5.5669000000000004,200,True,
benchmark,69,q3_user_by_login,0.24149999999999999,1,True,
benchmark,70,q4_sellers_rating,41.531999999999996,100,True,
benchmark,71,q5_orders_offset,19.061199999999999,50,True,
benchmark,72,q6_products_by_seller,0.22700000000000001,1,True,
benchmark,73,q7_products_join_sellers,0.35189999999999999,1,True,
benchmark,74,q8_order_items_join_products,0.40079999999999999,5,True,
benchmark,75,q9_orders_items_products_by_user,0.085000000000000006,0,True,
benchmark,76,q10_top_sellers_qty,109.3293,20,True,
benchmark,77,q11_top_categories,0.1918,0,True,
benchmark,78,q1_user_by_id,0.1983,1,True,
benchmark,79,q2_all_users,8.2042000000000002,200,True,
benchmark,80,q3_user_by_login,0.2944,1,True,
benchmark,81,q4_sellers_rating,42.551000000000002,100,True,
benchmark,82,q5_orders_offset,15.7745,50,True,
benchmark,83,q6_products_by_seller,0.2099,1,True,
benchmark,84,q7_products_join_sellers,0.33500000000000002,1,True,
benchmark,85,q8_order_items_join_products,0.39150000000000001,2,True,
benchmark,86,q9_orders_items_products_by_user,0.079200000000000007,0,True,
benchmark,87,q10_top_sellers_qty,106.5783,20,True,
benchmark,88,q11_top_categories,0.21340000000000001,0,True,
benchmark,89,q1_user_by_id,0.31030000000000002,1,True,
benchmark,90,q2_all_users,7.6761999999999997,200,True,
benchmark,91,q3_user_by_login,0.22559999999999999,1,True,
benchmark,92,q4_sellers_rating,41.048499999999997,100,True,
benchmark,93,q5_orders_offset,15.694800000000001,50,True,
benchmark,94,q6_products_by_seller,0.13539999999999999,0,True,
benchmark,95,q7_products_join_sellers,0.19819999999999999,0,True,
benchmark,96,q8_order_items_join_products,0.40720000000000001,2,True,
benchmark,97,q9_orders_items_products_by_user,0.28029999999999999,0,True,
benchmark,98,q10_top_sellers_qty,101.54300000000001,20,True,
benchmark,99,q11_top_categories,0.50670000000000004,0,True,
benchmark,100,q1_user_by_id,0.35720000000000002,1,True,
benchmark,101,q2_all_users,6.1322000000000001,200,True,
benchmark,102,q3_user_by_login,0.2621,1,True,
benchmark,103,q4_sellers_rating,40.3035,100,True,
benchmark,104,q5_orders_offset,15.862500000000001,50,True,
benchmark,105,q6_products_by_seller,0.2336,1,True,
benchmark,106,q7_products_join_sellers,0.34399999999999997,1,True,
benchmark,107,q8_order_items_join_products,0.39529999999999998,2,True,
benchmark,108,q9_orders_items_products_by_user,0.22539999999999999,0,True,
benchmark,109,q10_top_sellers_qty,119.259,20,True,
benchmark,110,q11_top_categories,0.2165,0,True,
benchmark,111,q1_user_by_id,0.26450000000000001,1,True,
benchmark,112,q2_all_users,6.1196999999999999,200,True,
benchmark,113,q3_user_by_login,0.26269999999999999,1,True,
benchmark,114,q4_sellers_rating,49.935099999999998,100,True,
benchmark,115,q5_orders_offset,18.842199999999998,50,True,
benchmark,116,q6_products_by_seller,0.21479999999999999,1,True,
benchmark,117,q7_products_join_sellers,0.34449999999999997,1,True,
benchmark,118,q8_order_items_join_products,0.4007,1,True,
benchmark,119,q9_orders_items_products_by_user,0.083099999999999993,0,True,
benchmark,120,q10_top_sellers_qty,118.47020000000001,20,True,
benchmark,121,q11_top_categories,0.19470000000000001,0,True,
benchmark,122,q1_user_by_id,0.30509999999999998,1,True,
benchmark,123,q2_all_users,9.4719999999999995,200,True,
benchmark,124,q3_user_by_login,0.31809999999999999,1,True,
benchmark,125,q4_sellers_rating,49.392899999999997,100,True,
benchmark,126,q5_orders_offset,15.8766,50,True,
benchmark,127,q6_products_by_seller,0.22950000000000001,4,True,
benchmark,128,q7_products_join_sellers,0.36020000000000002,4,True,
benchmark,129,q8_order_items_join_products,0.40029999999999999,4,True,
benchmark,130,q9_orders_items_products_by_user,0.079699999999999993,0,True,
benchmark,131,q10_top_sellers_qty,101.3587,20,True,
benchmark,132,q11_top_categories,0.21360000000000001,0,True,
benchmark,133,q1_user_by_id,0.19939999999999999,1,True,
benchmark,134,q2_all_users,5.3623000000000003,200,True,
benchmark,135,q3_user_by_login,0.2742,1,True,
benchmark,136,q4_sellers_rating,41.124299999999998,100,True,
benchmark,137,q5_orders_offset,15.720800000000001,50,True,
benchmark,138,q6_products_by_seller,0.2475,4,True,
benchmark,139,q7_products_join_sellers,0.37130000000000002,4,True,
benchmark,140,q8_order_items_join_products,0.38190000000000002,1,True,
benchmark,141,q9_orders_items_products_by_user,0.73250000000000004,5,True,
benchmark,142,q10_top_sellers_qty,116.3275,20,True,
benchmark,143,q11_top_categories,0.22439999999999999,0,True,
benchmark,144,q1_user_by_id,0.22320000000000001,1,True,
benchmark,145,q2_all_users,6.1558000000000002,200,True,
benchmark,146,q3_user_by_login,0.20649999999999999,1,True,
benchmark,147,q4_sellers_rating,41.855699999999999,100,True,
benchmark,148,q5_orders_offset,15.555400000000001,50,True,
benchmark,149,q6_products_by_seller,0.31890000000000002,2,True,
benchmark,150,q7_products_join_sellers,0.3589,2,True,
benchmark,151,q8_order_items_join_products,0.3962,1,True,
benchmark,152,q9_orders_items_products_by_user,0.67379999999999995,5,True,
benchmark,153,q10_top_sellers_qty,110.87649999999999,20,True,
benchmark,154,q11_top_categories,0.20899999999999999,0,True,
benchmark,155,q1_user_by_id,0.2031,1,True,
benchmark,156,q2_all_users,5.6201999999999996,200,True,
benchmark,157,q3_user_by_login,0.31009999999999999,1,True,
benchmark,158,q4_sellers_rating,49.1434,100,True,
benchmark,159,q5_orders_offset,15.619999999999999,50,True,
benchmark,160,q6_products_by_seller,0.1573,0,True,
benchmark,161,q7_products_join_sellers,0.2195,0,True,
benchmark,162,q8_order_items_join_products,0.40629999999999999,1,True,
benchmark,163,q9_orders_items_products_by_user,0.85399999999999998,5,True,
benchmark,164,q10_top_sellers_qty,124.28619999999999,20,True,
benchmark,165,q11_top_categories,0.21840000000000001,0,True,
benchmark,166,q1_user_by_id,0.20599999999999999,1,True,
benchmark,167,q2_all_users,8.8917000000000002,200,True,
benchmark,168,q3_user_by_login,0.31219999999999998,1,True,
benchmark,169,q4_sellers_rating,47.916899999999998,100,True,
benchmark,170,q5_orders_offset,15.5357,50,True,
benchmark,171,q6_products_by_seller,0.14269999999999999,0,True,
benchmark,172,q7_products_join_sellers,0.20219999999999999,0,True,
benchmark,173,q8_order_items_join_products,0.43419999999999997,4,True,
benchmark,174,q9_orders_items_products_by_user,0.44340000000000002,2,True,
benchmark,175,q10_top_sellers_qty,109.6636,20,True,
benchmark,176,q11_top_categories,0.20280000000000001,0,True,
benchmark,177,q1_user_by_id,0.32719999999999999,1,True,
benchmark,178,q2_all_users,6.0345000000000004,200,True,
benchmark,179,q3_user_by_login,0.36799999999999999,1,True,
benchmark,180,q4_sellers_rating,46.724400000000003,100,True,
benchmark,181,q5_orders_offset,15.4513,50,True,
benchmark,182,q6_products_by_seller,0.21429999999999999,1,True,
benchmark,183,q7_products_join_sellers,0.30359999999999998,1,True,
benchmark,184,q8_order_items_join_products,0.37830000000000003,2,True,
benchmark,185,q9_orders_items_products_by_user,0.074899999999999994,0,True,
benchmark,186,q10_top_sellers_qty,99.078900000000004,20,True,
benchmark,187,q11_top_categories,0.2009,0,True,
benchmark,188,q1_user_by_id,0.20899999999999999,1,True,
benchmark,189,q2_all_users,5.8734999999999999,200,True,
benchmark,190,q3_user_by_login,0.26450000000000001,1,True,
benchmark,191,q4_sellers_rating,41.045000000000002,100,True,
benchmark,192,q5_orders_offset,18.842400000000001,50,True,
benchmark,193,q6_products_by_seller,0.14000000000000001,0,True,
benchmark,194,q7_products_join_sellers,0.19750000000000001,0,True,
benchmark,195,q8_order_items_join_products,0.41789999999999999,4,True,
benchmark,196,q9_orders_items_products_by_user,0.082400000000000001,0,True,
benchmark,197,q10_top_sellers_qty,104.76430000000001,20,True,
benchmark,198,q11_top_categories,0.20300000000000001,0,True,
benchmark,199,q1_user_by_id,0.2223,1,True,
benchmark,200,q2_all_users,8.5852000000000004,200,True,
benchmark,201,q3_user_by_login,0.25740000000000002,1,True,
benchmark,202,q4_sellers_rating,40.489199999999997,100,True,
benchmark,203,q5_orders_offset,15.8917,50,True,
benchmark,204,q6_products_by_seller,0.12529999999999999,0,True,
benchmark,205,q7_products_join_sellers,0.19,0,True,
benchmark,206,q8_order_items_join_products,0.41139999999999999,5,True,
benchmark,207,q9_orders_items_products_by_user,0.27760000000000001,0,True,
benchmark,208,q10_top_sellers_qty,108.1617,20,True,
benchmark,209,q11_top_categories,0.20039999999999999,0,True,
benchmark,210,q1_user_by_id,0.23219999999999999,1,True,
benchmark,211,q2_all_users,10.660600000000001,200,True,
benchmark,212,q3_user_by_login,0.23810000000000001,1,True,
benchmark,213,q4_sellers_rating,45.424399999999999,100,True,
benchmark,214,q5_orders_offset,15.9374,50,True,
benchmark,215,q6_products_by_seller,0.22109999999999999,3,True,
benchmark,216,q7_products_join_sellers,0.4037,3,True,
benchmark,217,q8_order_items_join_products,0.39460000000000001,4,True,
benchmark,218,q9_orders_items_products_by_user,0.2606,0,True,
benchmark,219,q10_top_sellers_qty,103.40470000000001,20,True,
benchmark,220,q11_top_categories,0.20039999999999999,0,True,
benchmark,221,q1_user_by_id,0.19500000000000001,1,True,
benchmark,222,q2_all_users,5.6619000000000002,200,True,
benchmark,223,q3_user_by_login,0.253,1,True,
benchmark,224,q4_sellers_rating,43.917999999999999,100,True,
benchmark,225,q5_orders_offset,15.7866,50,True,
benchmark,226,q6_products_by_seller,0.1462,0,True,
benchmark,227,q7_products_join_sellers,0.20749999999999999,0,True,
benchmark,228,q8_order_items_join_products,0.39360000000000001,2,True,
benchmark,229,q9_orders_items_products_by_user,0.074999999999999997,0,True,
benchmark,230,q10_top_sellers_qty,121.1131,20,True,
benchmark,231,q11_top_categories,0.1918,0,True,
benchmark,232,q1_user_by_id,0.2205,1,True,
benchmark,233,q2_all_users,5.9695999999999998,200,True,
benchmark,234,q3_user_by_login,0.2137,1,True,
benchmark,235,q4_sellers_rating,46.021700000000003,100,True,
benchmark,236,q5_orders_offset,18.819700000000001,50,True,
benchmark,237,q6_products_by_seller,0.30349999999999999,1,True,
benchmark,238,q7_products_join_sellers,0.62509999999999999,1,True,
benchmark,239,q8_order_items_join_products,0.46850000000000003,5,True,
benchmark,240,q9_orders_items_products_by_user,0.092999999999999999,0,True,
benchmark,241,q10_top_sellers_qty,107.7235,20,True,
benchmark,242,q11_top_categories,0.19869999999999999,0,True,
benchmark,243,q1_user_by_id,0.25840000000000002,1,True,
benchmark,244,q2_all_users,12.461,200,True,
benchmark,245,q3_user_by_login,0.311,1,True,
benchmark,246,q4_sellers_rating,42.924100000000003,100,True,
benchmark,247,q5_orders_offset,15.484999999999999,50,True,
benchmark,248,q6_products_by_seller,0.15440000000000001,0,True,
benchmark,249,q7_products_join_sellers,0.20649999999999999,0,True,
benchmark,250,q8_order_items_join_products,0.4446,4,True,
benchmark,251,q9_orders_items_products_by_user,0.55620000000000003,4,True,
benchmark,252,q10_top_sellers_qty,101.0218,20,True,
benchmark,253,q11_top_categories,0.22520000000000001,0,True,
benchmark,254,q1_user_by_id,0.22670000000000001,1,True,
benchmark,255,q2_all_users,8.1401000000000003,200,True,
benchmark,256,q3_user_by_login,0.21640000000000001,1,True,
benchmark,257,q4_sellers_rating,39.977899999999998,100,True,
benchmark,258,q5_orders_offset,15.832599999999999,50,True,
benchmark,259,q6_products_by_seller,0.1467,0,True,
benchmark,260,q7_products_join_sellers,0.19639999999999999,0,True,
benchmark,261,q8_order_items_join_products,0.41349999999999998,5,True,
benchmark,262,q9_orders_items_products_by_user,0.23910000000000001,0,True,
benchmark,263,q10_top_sellers_qty,125.77679999999999,20,True,
benchmark,264,q11_top_categories,0.2195,0,True,
benchmark,265,q1_user_by_id,0.20419999999999999,1,True,
benchmark,266,q2_all_users,5.8507999999999996,200,True,
benchmark,267,q3_user_by_login,0.2092,1,True,
benchmark,268,q4_sellers_rating,50.742800000000003,100,True,
benchmark,269,q5_orders_offset,15.8766,50,True,
benchmark,270,q6_products_by_seller,0.13700000000000001,0,True,
benchmark,271,q7_products_join_sellers,0.20419999999999999,0,True,
benchmark,272,q8_order_items_join_products,0.38979999999999998,1,True,
benchmark,273,q9_orders_items_products_by_user,0.28520000000000001,0,True,
benchmark,274,q10_top_sellers_qty,123.7809,20,True,
benchmark,275,q11_top_categories,0.1973,0,True,
benchmark,276,q1_user_by_id,0.20250000000000001,1,True,
benchmark,277,q2_all_users,6.0182000000000002,200,True,
benchmark,278,q3_user_by_login,0.29399999999999998,1,True,
benchmark,279,q4_sellers_rating,49.2502,100,True,
benchmark,280,q5_orders_offset,15.875999999999999,50,True,
benchmark,281,q6_products_by_seller,0.15010000000000001,0,True,
benchmark,282,q7_products_join_sellers,0.20610000000000001,0,True,
benchmark,283,q8_order_items_join_products,0.43869999999999998,2,True,
benchmark,284,q9_orders_items_products_by_user,0.21920000000000001,0,True,
benchmark,285,q10_top_sellers_qty,121.792,20,True,
benchmark,286,q11_top_categories,0.22320000000000001,0,True,
benchmark,287,q1_user_by_id,0.29149999999999998,1,True,
benchmark,288,q2_all_users,12.9724,200,True,
benchmark,289,q3_user_by_login,0.3226,1,True,
benchmark,290,q4_sellers_rating,45.933300000000003,100,True,
benchmark,291,q5_orders_offset,15.773,50,True,
benchmark,292,q6_products_by_seller,0.2215,1,True,
benchmark,293,q7_products_join_sellers,0.32940000000000003,1,True,
benchmark,294,q8_order_items_join_products,0.3805,1,True,
benchmark,295,q9_orders_items_products_by_user,0.080699999999999994,0,True,
benchmark,296,q10_top_sellers_qty,110.17659999999999,20,True,
benchmark,297,q11_top_categories,0.32050000000000001,0,True,
benchmark,298,q1_user_by_id,0.36599999999999999,1,True,
benchmark,299,q2_all_users,8.8330000000000002,200,True,
benchmark,300,q3_user_by_login,0.30420000000000003,1,True,
benchmark,301,q4_sellers_rating,42.029200000000003,100,True,
benchmark,302,q5_orders_offset,15.734,50,True,
benchmark,303,q6_products_by_seller,0.20899999999999999,1,True,
benchmark,304,q7_products_join_sellers,0.34360000000000002,1,True,
benchmark,305,q8_order_items_join_products,0.39150000000000001,1,True,
benchmark,306,q9_orders_items_products_by_user,0.0746,0,True,
benchmark,307,q10_top_sellers_qty,119.4507,20,True,
benchmark,308,q11_top_categories,0.20399999999999999,0,True,
benchmark,309,q1_user_by_id,0.30470000000000003,1,True,
benchmark,310,q2_all_users,5.6586999999999996,200,True,
benchmark,311,q3_user_by_login,0.21379999999999999,1,True,
benchmark,312,q4_sellers_rating,47.478400000000001,100,True,
benchmark,313,q5_orders_offset,18.531700000000001,50,True,
benchmark,314,q6_products_by_seller,0.1396,0,True,
benchmark,315,q7_products_join_sellers,0.1862,0,True,
benchmark,316,q8_order_items_join_products,0.3967,3,True,
benchmark,317,q9_orders_items_products_by_user,1.2174,10,True,
benchmark,318,q10_top_sellers_qty,110.8515,20,True,
benchmark,319,q11_top_categories,0.1913,0,True,
benchmark,320,q1_user_by_id,0.30470000000000003,1,True,
benchmark,321,q2_all_users,9.0820000000000007,200,True,
benchmark,322,q3_user_by_login,0.25690000000000002,1,True,
benchmark,323,q4_sellers_rating,44.664000000000001,100,True,
benchmark,324,q5_orders_offset,15.6396,50,True,
benchmark,325,q6_products_by_seller,0.1983,2,True,
benchmark,326,q7_products_join_sellers,0.34060000000000001,2,True,
benchmark,327,q8_order_items_join_products,0.37259999999999999,1,True,
benchmark,328,q9_orders_items_products_by_user,0.079299999999999995,0,True,
benchmark,329,q10_top_sellers_qty,115.1863,20,True,
benchmark,330,q11_top_categories,0.23319999999999999,0,True,
benchmark,331,q1_user_by_id,0.2732,1,True,
benchmark,332,q2_all_users,8.6028000000000002,200,True,
benchmark,333,q3_user_by_login,0.2984,1,True,
benchmark,334,q4_sellers_rating,44.361699999999999,100,True,
benchmark,335,q5_orders_offset,15.5038,50,True,
benchmark,336,q6_products_by_seller,0.1409,0,True,
benchmark,337,q7_products_join_sellers,0.20349999999999999,0,True,
benchmark,338,q8_order_items_join_products,0.39850000000000002,1,True,
benchmark,339,q9_orders_items_products_by_user,0.65659999999999996,5,True,
benchmark,340,q10_top_sellers_qty,105.5722,20,True,
benchmark,341,q11_top_categories,0.2077,0,True,
benchmark,342,q1_user_by_id,0.23250000000000001,1,True,
benchmark,343,q2_all_users,5.4859999999999998,200,True,
benchmark,344,q3_user_by_login,0.26400000000000001,1,True,
benchmark,345,q4_sellers_rating,40.637500000000003,100,True,
benchmark,346,q5_orders_offset,15.518599999999999,50,True,
benchmark,347,q6_products_by_seller,0.2107,1,True,
benchmark,348,q7_products_join_sellers,0.33329999999999999,1,True,
benchmark,349,q8_order_items_join_products,0.40189999999999998,3,True,
benchmark,350,q9_orders_items_products_by_user,0.0809,0,True,
benchmark,351,q10_top_sellers_qty,115.017,20,True,
benchmark,352,q11_top_categories,0.21360000000000001,0,True,
benchmark,353,q1_user_by_id,0.20419999999999999,1,True,
benchmark,354,q2_all_users,6.1322999999999999,200,True,
benchmark,355,q3_user_by_login,0.2016,1,True,
benchmark,356,q4_sellers_rating,44.232300000000002,100,True,
benchmark,357,q5_orders_offset,18.543700000000001,50,True,
benchmark,358,q6_products_by_seller,0.2258,1,True,
benchmark,359,q7_products_join_sellers,0.33650000000000002,1,True,
benchmark,360,q8_order_items_join_products,0.38,3,True,
benchmark,361,q9_orders_items_products_by_user,0.076200000000000004,0,True,
benchmark,362,q10_top_sellers_qty,117.49250000000001,20,True,
benchmark,363,q11_top_categories,0.23619999999999999,0,True,
benchmark,364,q1_user_by_id,0.31169999999999998,1,True,
benchmark,365,q2_all_users,8.3635000000000002,200,True,
benchmark,366,q3_user_by_login,0.218,1,True,
benchmark,367,q4_sellers_rating,46.286700000000003,100,True,
benchmark,368,q5_orders_offset,15.8096,50,True,
benchmark,369,q6_products_by_seller,0.22770000000000001,1,True,
benchmark,370,q7_products_join_sellers,0.33189999999999997,1,True,
benchmark,371,q8_order_items_join_products,0.3775,5,True,
benchmark,372,q9_orders_items_products_by_user,0.65329999999999999,4,True,
benchmark,373,q10_top_sellers_qty,125.3879,20,True,
benchmark,374,q11_top_categories,0.25459999999999999,0,True,
benchmark,375,q1_user_by_id,0.36799999999999999,1,True,
benchmark,376,q2_all_users,5.7762000000000002,200,True,
benchmark,377,q3_user_by_login,0.30669999999999997,1,True,
benchmark,378,q4_sellers_rating,43.5608,100,True,
benchmark,379,q5_orders_offset,16.240600000000001,50,True,
benchmark,380,q6_products_by_seller,0.29020000000000001,1,True,
benchmark,381,q7_products_join_sellers,0.3856,1,True,
benchmark,382,q8_order_items_join_products,0.45750000000000002,2,True,
benchmark,383,q9_orders_items_products_by_user,0.091600000000000001,0,True,
benchmark,384,q10_top_sellers_qty,116.343,20,True,
benchmark,385,q11_top_categories,1.7356,0,True,
benchmark,386,q1_user_by_id,0.4572,1,True,
benchmark,387,q2_all_users,6.5053999999999998,200,True,
benchmark,388,q3_user_by_login,0.25030000000000002,1,True,
benchmark,389,q4_sellers_rating,46.174999999999997,100,True,
benchmark,390,q5_orders_offset,16.322199999999999,50,True,
benchmark,391,q6_products_by_seller,0.2152,1,True,
benchmark,392,q7_products_join_sellers,0.34399999999999997,1,True,
benchmark,393,q8_order_items_join_products,0.38690000000000002,1,True,
benchmark,394,q9_orders_items_products_by_user,1.0106999999999999,9,True,
benchmark,395,q10_top_sellers_qty,102.6152,20,True,
benchmark,396,q11_top_categories,0.2019,0,True,
benchmark,397,q1_user_by_id,0.29360000000000003,1,True,
benchmark,398,q2_all_users,5.4958,200,True,
benchmark,399,q3_user_by_login,0.39050000000000001,1,True,
benchmark,400,q4_sellers_rating,49.174300000000002,100,True,
benchmark,401,q5_orders_offset,20.870000000000001,50,True,
benchmark,402,q6_products_by_seller,0.18809999999999999,0,True,
benchmark,403,q7_products_join_sellers,0.23499999999999999,0,True,
benchmark,404,q8_order_items_join_products,0.50019999999999998,5,True,
benchmark,405,q9_orders_items_products_by_user,0.29609999999999997,0,True,
benchmark,406,q10_top_sellers_qty,115.8938,20,True,
benchmark,407,q11_top_categories,0.31569999999999998,0,True,
benchmark,408,q1_user_by_id,0.3402,1,True,
benchmark,409,q2_all_users,13.0276,200,True,
benchmark,410,q3_user_by_login,0.27850000000000003,1,True,
benchmark,411,q4_sellers_rating,43.664900000000003,100,True,
benchmark,412,q5_orders_offset,15.8445,50,True,
benchmark,413,q6_products_by_seller,0.27289999999999998,0,True,
benchmark,414,q7_products_join_sellers,0.28570000000000001,0,True,
benchmark,415,q8_order_items_join_products,0.6542,1,True,
benchmark,416,q9_orders_items_products_by_user,0.4451,0,True,
benchmark,417,q10_top_sellers_qty,107.9447,20,True,
benchmark,418,q11_top_categories,0.20549999999999999,0,True,
benchmark,419,q1_user_by_id,0.29120000000000001,1,True,
benchmark,420,q2_all_users,5.4439000000000002,200,True,
benchmark,421,q3_user_by_login,0.24790000000000001,1,True,
benchmark,422,q4_sellers_rating,39.9985,100,True,
benchmark,423,q5_orders_offset,15.8912,50,True,
benchmark,424,q6_products_by_seller,0.2369,3,True,
benchmark,425,q7_products_join_sellers,0.34899999999999998,3,True,
benchmark,426,q8_order_items_join_products,0.38600000000000001,2,True,
benchmark,427,q9_orders_items_products_by_user,0.30059999999999998,0,True,
benchmark,428,q10_top_sellers_qty,119.735,20,True,
benchmark,429,q11_top_categories,0.18340000000000001,0,True,
benchmark,430,q1_user_by_id,0.26300000000000001,1,True,
benchmark,431,q2_all_users,5.6413000000000002,200,True,
benchmark,432,q3_user_by_login,0.217,1,True,
benchmark,433,q4_sellers_rating,45.105800000000002,100,True,
benchmark,434,q5_orders_offset,16.011399999999998,50,True,
benchmark,435,q6_products_by_seller,0.21820000000000001,1,True,
benchmark,436,q7_products_join_sellers,0.3377,1,True,
benchmark,437,q8_order_items_join_products,0.38119999999999998,5,True,
benchmark,438,q9_orders_items_products_by_user,0.60250000000000004,5,True,
benchmark,439,q10_top_sellers_qty,109.3839,20,True,
benchmark,440,q11_top_categories,0.2369,0,True,
benchmark,441,q1_user_by_id,0.27900000000000003,1,True,
benchmark,442,q2_all_users,5.6999000000000004,200,True,
benchmark,443,q3_user_by_login,0.2432,1,True,
benchmark,444,q4_sellers_rating,43.578499999999998,100,True,
benchmark,445,q5_orders_offset,15.7766,50,True,
benchmark,446,q6_products_by_seller,0.2737,2,True,
benchmark,447,q7_products_join_sellers,0.4148,2,True,
benchmark,448,q8_order_items_join_products,0.4637,1,True,
benchmark,449,q9_orders_items_products_by_user,0.11269999999999999,0,True,
benchmark,450,q10_top_sellers_qty,93.021900000000002,20,True,
benchmark,451,q11_top_categories,0.19670000000000001,0,True,
benchmark,452,q1_user_by_id,0.2298,1,True,
benchmark,453,q2_all_users,11.705299999999999,200,True,
benchmark,454,q3_user_by_login,0.216,1,True,
benchmark,455,q4_sellers_rating,41.949100000000001,100,True,
benchmark,456,q5_orders_offset,15.7493,50,True,
benchmark,457,q6_products_by_seller,0.21299999999999999,1,True,
benchmark,458,q7_products_join_sellers,0.33119999999999999,1,True,
benchmark,459,q8_order_items_join_products,0.37530000000000002,2,True,
benchmark,460,q9_orders_items_products_by_user,0.080000000000000002,0,True,
benchmark,461,q10_top_sellers_qty,107.8262,20,True,
benchmark,462,q11_top_categories,0.2208,0,True,
benchmark,463,q1_user_by_id,0.23549999999999999,1,True,
benchmark,464,q2_all_users,5.9903000000000004,200,True,
benchmark,465,q3_user_by_login,0.26469999999999999,1,True,
benchmark,466,q4_sellers_rating,41.231999999999999,100,True,
benchmark,467,q5_orders_offset,15.874000000000001,50,True,
benchmark,468,q6_products_by_seller,0.14149999999999999,0,True,
benchmark,469,q7_products_join_sellers,0.2021,0,True,
benchmark,470,q8_order_items_join_products,0.40089999999999998,1,True,
benchmark,471,q9_orders_items_products_by_user,0.28089999999999998,0,True,
benchmark,472,q10_top_sellers_qty,118.80670000000001,20,True,
benchmark,473,q11_top_categories,0.21579999999999999,0,True,
benchmark,474,q1_user_by_id,0.1961,1,True,
benchmark,475,q2_all_users,5.9222999999999999,200,True,
benchmark,476,q3_user_by_login,0.24660000000000001,1,True,
benchmark,477,q4_sellers_rating,44.113799999999998,100,True,
benchmark,478,q5_orders_offset,19.324000000000002,50,True,
benchmark,479,q6_products_by_seller,0.1293,0,True,
benchmark,480,q7_products_join_sellers,0.19750000000000001,0,True,
benchmark,481,q8_order_items_join_products,0.40500000000000003,2,True,
benchmark,482,q9_orders_items_products_by_user,0.073700000000000002,0,True,
benchmark,483,q10_top_sellers_qty,107.9228,20,True,
benchmark,484,q11_top_categories,0.221,0,True,
benchmark,485,q1_user_by_id,0.29659999999999997,1,True,
benchmark,486,q2_all_users,10.41,200,True,
benchmark,487,q3_user_by_login,0.33479999999999999,1,True,
benchmark,488,q4_sellers_rating,44.778399999999998,100,True,
benchmark,489,q5_orders_offset,16.075099999999999,50,True,
benchmark,490,q6_products_by_seller,0.21890000000000001,1,True,
benchmark,491,q7_products_join_sellers,0.32579999999999998,1,True,
benchmark,492,q8_order_items_join_products,0.41420000000000001,4,True,
benchmark,493,q9_orders_items_products_by_user,0.088700000000000001,0,True,
benchmark,494,q10_top_sellers_qty,100.37179999999999,20,True,
benchmark,495,q11_top_categories,0.2157,0,True,
benchmark,496,q1_user_by_id,0.2099,1,True,
benchmark,497,q2_all_users,12.9903,200,True,
benchmark,498,q3_user_by_login,0.23899999999999999,1,True,
benchmark,499,q4_sellers_rating,44.932000000000002,100,True,
benchmark,500,q5_orders_offset,16.0761,50,True,
benchmark,501,q6_products_by_seller,0.23749999999999999,3,True,
benchmark,502,q7_products_join_sellers,0.372,3,True,
benchmark,503,q8_order_items_join_products,0.38600000000000001,2,True,
benchmark,504,q9_orders_items_products_by_user,0.085199999999999998,0,True,
benchmark,505,q10_top_sellers_qty,107.40170000000001,20,True,
benchmark,506,q11_top_categories,0.20430000000000001,0,True,
benchmark,507,q1_user_by_id,0.30840000000000001,1,True,
benchmark,508,q2_all_users,6.7882999999999996,200,True,
benchmark,509,q3_user_by_login,0.1996,1,True,
benchmark,510,q4_sellers_rating,46.091200000000001,100,True,
benchmark,511,q5_orders_offset,16.060600000000001,50,True,
benchmark,512,q6_products_by_seller,0.248,1,True,
benchmark,513,q7_products_join_sellers,0.35539999999999999,1,True,
benchmark,514,q8_order_items_join_products,0.3846,2,True,
benchmark,515,q9_orders_items_products_by_user,0.088400000000000006,0,True,
benchmark,516,q10_top_sellers_qty,108.5311,20,True,
benchmark,517,q11_top_categories,0.1898,0,True,
benchmark,518,q1_user_by_id,0.1976,1,True,
benchmark,519,q2_all_users,5.2797999999999998,200,True,
benchmark,520,q3_user_by_login,0.215,1,True,
benchmark,521,q4_sellers_rating,43.130000000000003,100,True,
benchmark,522,q5_orders_offset,22.5867,50,True,
benchmark,523,q6_products_by_seller,0.1366,0,True,
benchmark,524,q7_products_join_sellers,0.19350000000000001,0,True,
benchmark,525,q8_order_items_join_products,0.40699999999999997,3,True,
benchmark,526,q9_orders_items_products_by_user,0.086999999999999994,0,True,
benchmark,527,q10_top_sellers_qty,94.938900000000004,20,True,
benchmark,528,q11_top_categories,0.193,0,True,
benchmark,529,q1_user_by_id,0.2142,1,True,
benchmark,530,q2_all_users,8.8087,200,True,
benchmark,531,q3_user_by_login,0.30480000000000002,1,True,
benchmark,532,q4_sellers_rating,43.403399999999998,100,True,
benchmark,533,q5_orders_offset,15.8185,50,True,
benchmark,534,q6_products_by_seller,0.1447,0,True,
benchmark,535,q7_products_join_sellers,0.2009,0,True,
benchmark,536,q8_order_items_join_products,0.43490000000000001,1,True,
benchmark,537,q9_orders_items_products_by_user,0.82720000000000005,2,True,
benchmark,538,q10_top_sellers_qty,104.42310000000001,20,True,
benchmark,539,q11_top_categories,0.2009,0,True,
benchmark,540,q1_user_by_id,0.19600000000000001,1,True,
benchmark,541,q2_all_users,5.4321000000000002,200,True,
benchmark,542,q3_user_by_login,0.29380000000000001,1,True,
benchmark,543,q4_sellers_rating,42.148800000000001,100,True,
benchmark,544,q5_orders_offset,15.4619,50,True,
benchmark,545,q6_products_by_seller,0.19289999999999999,1,True,
benchmark,546,q7_products_join_sellers,0.31919999999999998,1,True,
benchmark,547,q8_order_items_join_products,0.38869999999999999,4,True,
benchmark,548,q9_orders_items_products_by_user,0.49890000000000001,3,True,
benchmark,549,q10_top_sellers_qty,101.9016,20,True,
benchmark,550,q11_top_categories,2.3443999999999998,0,True,
benchmark,551,q1_user_by_id,0.57050000000000001,1,True,
benchmark,552,q2_all_users,5.3818000000000001,200,True,
benchmark,553,q3_user_by_login,0.2009,1,True,
benchmark,554,q4_sellers_rating,43.9803,100,True,
benchmark,555,q5_orders_offset,15.8294,50,True,
benchmark,556,q6_products_by_seller,0.24629999999999999,2,True,
benchmark,557,q7_products_join_sellers,0.3584,2,True,
benchmark,558,q8_order_items_join_products,0.42370000000000002,3,True,
benchmark,559,q9_orders_items_products_by_user,0.079100000000000004,0,True,
benchmark,560,q10_top_sellers_qty,96.9559,20,True,
benchmark,561,q11_top_categories,0.20649999999999999,0,True,
benchmark,562,q1_user_by_id,0.22919999999999999,1,True,
benchmark,563,q2_all_users,5.7843999999999998,200,True,
benchmark,564,q3_user_by_login,0.2157,1,True,
benchmark,565,q4_sellers_rating,37.581400000000002,100,True,
benchmark,566,q5_orders_offset,19.4864,50,True,
benchmark,567,q6_products_by_seller,0.14030000000000001,0,True,
benchmark,568,q7_products_join_sellers,0.20330000000000001,0,True,
benchmark,569,q8_order_items_join_products,0.38269999999999998,1,True,
benchmark,570,q9_orders_items_products_by_user,0.076600000000000001,0,True,
benchmark,571,q10_top_sellers_qty,106.1867,20,True,
benchmark,572,q11_top_categories,0.21870000000000001,0,True,
benchmark,573,q1_user_by_id,0.2135,1,True,
benchmark,574,q2_all_users,8.9304000000000006,200,True,
benchmark,575,q3_user_by_login,0.2878,1,True,
benchmark,576,q4_sellers_rating,42.897599999999997,100,True,
benchmark,577,q5_orders_offset,15.4628,50,True,
benchmark,578,q6_products_by_seller,0.13200000000000001,0,True,
benchmark,579,q7_products_join_sellers,0.1837,0,True,
benchmark,580,q8_order_items_join_products,0.40749999999999997,4,True,
benchmark,581,q9_orders_items_products_by_user,0.083199999999999996,0,True,
benchmark,582,q10_top_sellers_qty,106.592,20,True,
benchmark,583,q11_top_categories,0.19670000000000001,0,True,
benchmark,584,q1_user_by_id,0.1918,1,True,
benchmark,585,q2_all_users,7.8053999999999997,200,True,
benchmark,586,q3_user_by_login,0.2487,1,True,
benchmark,587,q4_sellers_rating,42.646000000000001,100,True,
benchmark,588,q5_orders_offset,15.822800000000001,50,True,
benchmark,589,q6_products_by_seller,0.22259999999999999,2,True,
benchmark,590,q7_products_join_sellers,0.34289999999999998,2,True,
benchmark,591,q8_order_items_join_products,0.3987,4,True,
benchmark,592,q9_orders_items_products_by_user,0.078200000000000006,0,True,
benchmark,593,q10_top_sellers_qty,105.792,20,True,
benchmark,594,q11_top_categories,0.20760000000000001,0,True,
benchmark,595,q1_user_by_id,0.53649999999999998,1,True,
benchmark,596,q2_all_users,5.6322000000000001,200,True,
benchmark,597,q3_user_by_login,0.24859999999999999,1,True,
benchmark,598,q4_sellers_rating,40.279000000000003,100,True,
benchmark,599,q5_orders_offset,15.5709,50,True,
benchmark,600,q6_products_by_seller,0.2036,2,True,
benchmark,601,q7_products_join_sellers,0.33479999999999999,2,True,
benchmark,602,q8_order_items_join_products,0.39290000000000003,2,True,
benchmark,603,q9_orders_items_products_by_user,0.59470000000000001,3,True,
benchmark,604,q10_top_sellers_qty,118.996,20,True,
benchmark,605,q11_top_categories,0.20399999999999999,0,True,
benchmark,606,q1_user_by_id,0.30769999999999997,1,True,
benchmark,607,q2_all_users,14.1226,200,True,
benchmark,608,q3_user_by_login,0.3165,1,True,
benchmark,609,q4_sellers_rating,41.412999999999997,100,True,
benchmark,610,q5_orders_offset,18.706299999999999,50,True,
benchmark,611,q6_products_by_seller,0.22239999999999999,1,True,
benchmark,612,q7_products_join_sellers,0.34160000000000001,1,True,
benchmark,613,q8_order_items_join_products,0.38769999999999999,2,True,
benchmark,614,q9_orders_items_products_by_user,0.2223,0,True,
benchmark,615,q10_top_sellers_qty,105.943,20,True,
benchmark,616,q11_top_categories,0.60040000000000004,0,True,
benchmark,617,q1_user_by_id,0.25890000000000002,1,True,
benchmark,618,q2_all_users,8.7972000000000001,200,True,
benchmark,619,q3_user_by_login,0.21659999999999999,1,True,
benchmark,620,q4_sellers_rating,42.620800000000003,100,True,
benchmark,621,q5_orders_offset,15.8262,50,True,
benchmark,622,q6_products_by_seller,0.21790000000000001,1,True,
benchmark,623,q7_products_join_sellers,0.33040000000000003,1,True,
benchmark,624,q8_order_items_join_products,0.3957,4,True,
benchmark,625,q9_orders_items_products_by_user,0.072300000000000003,0,True,
benchmark,626,q10_top_sellers_qty,110.67919999999999,20,True,
benchmark,627,q11_top_categories,0.1978,0,True,
benchmark,628,q1_user_by_id,0.20619999999999999,1,True,
benchmark,629,q2_all_users,11.974500000000001,200,True,
benchmark,630,q3_user_by_login,0.22689999999999999,1,True,
benchmark,631,q4_sellers_rating,46.330500000000001,100,True,
benchmark,632,q5_orders_offset,15.528,50,True,
benchmark,633,q6_products_by_seller,0.14249999999999999,0,True,
benchmark,634,q7_products_join_sellers,0.1928,0,True,
benchmark,635,q8_order_items_join_products,0.38,1,True,
benchmark,636,q9_orders_items_products_by_user,0.76400000000000001,5,True,
benchmark,637,q10_top_sellers_qty,99.1404,20,True,
benchmark,638,q11_top_categories,0.2084,0,True,
benchmark,639,q1_user_by_id,0.2329,1,True,
benchmark,640,q2_all_users,5.3189000000000002,200,True,
benchmark,641,q3_user_by_login,0.20069999999999999,1,True,
benchmark,642,q4_sellers_rating,37.409999999999997,100,True,
benchmark,643,q5_orders_offset,15.803900000000001,50,True,
benchmark,644,q6_products_by_seller,0.25879999999999997,2,True,
benchmark,645,q7_products_join_sellers,0.33129999999999998,2,True,
benchmark,646,q8_order_items_join_products,0.38400000000000001,1,True,
benchmark,647,q9_orders_items_products_by_user,0.076499999999999999,0,True,
benchmark,648,q10_top_sellers_qty,114.9303,20,True,
benchmark,649,q11_top_categories,0.19750000000000001,0,True,
benchmark,650,q1_user_by_id,0.1953,1,True,
benchmark,651,q2_all_users,6.4465000000000003,200,True,
benchmark,652,q3_user_by_login,0.20050000000000001,1,True,
benchmark,653,q4_sellers_rating,43.982500000000002,100,True,
benchmark,654,q5_orders_offset,19.239000000000001,50,True,
benchmark,655,q6_products_by_seller,0.22170000000000001,1,True,
benchmark,656,q7_products_join_sellers,0.3357,1,True,
benchmark,657,q8_order_items_join_products,0.39150000000000001,3,True,
benchmark,658,q9_orders_items_products_by_user,0.069800000000000001,0,True,
benchmark,659,q10_top_sellers_qty,103.6178,20,True,
benchmark,660,q11_top_categories,0.2011,0,True,
benchmark,661,q1_user_by_id,0.2969,1,True,
benchmark,662,q2_all_users,8.4161999999999999,200,True,
benchmark,663,q3_user_by_login,0.22470000000000001,1,True,
benchmark,664,q4_sellers_rating,46.128999999999998,100,True,
benchmark,665,q5_orders_offset,15.9506,50,True,
benchmark,666,q6_products_by_seller,0.23549999999999999,1,True,
benchmark,667,q7_products_join_sellers,0.52459999999999996,1,True,
benchmark,668,q8_order_items_join_products,0.42880000000000001,3,True,
benchmark,669,q9_orders_items_products_by_user,3.4192,10,True,
benchmark,670,q10_top_sellers_qty,98.304400000000001,20,True,
benchmark,671,q11_top_categories,0.2175,0,True,
benchmark,672,q1_user_by_id,0.2213,1,True,
benchmark,673,q2_all_users,7.9924999999999997,200,True,
benchmark,674,q3_user_by_login,0.28010000000000002,1,True,
benchmark,675,q4_sellers_rating,42.7087,100,True,
benchmark,676,q5_orders_offset,15.9251,50,True,
benchmark,677,q6_products_by_seller,0.2127,3,True,
benchmark,678,q7_products_join_sellers,0.34870000000000001,3,True,
benchmark,679,q8_order_items_join_products,0.39200000000000002,4,True,
benchmark,680,q9_orders_items_products_by_user,0.082699999999999996,0,True,
benchmark,681,q10_top_sellers_qty,123.6523,20,True,
benchmark,682,q11_top_categories,0.2117,0,True,
benchmark,683,q1_user_by_id,0.30559999999999998,1,True,
benchmark,684,q2_all_users,6.1500000000000004,200,True,
benchmark,685,q3_user_by_login,0.29809999999999998,1,True,
benchmark,686,q4_sellers_rating,43.575699999999998,100,True,
benchmark,687,q5_orders_offset,15.6372,50,True,
benchmark,688,q6_products_by_seller,0.14050000000000001,0,True,
benchmark,689,q7_products_join_sellers,0.2029,0,True,
benchmark,690,q8_order_items_join_products,0.38159999999999999,1,True,
benchmark,691,q9_orders_items_products_by_user,0.55220000000000002,4,True,
benchmark,692,q10_top_sellers_qty,106.157,20,True,
benchmark,693,q11_top_categories,0.19750000000000001,0,True,
benchmark,694,q1_user_by_id,0.2437,1,True,
benchmark,695,q2_all_users,5.5685000000000002,200,True,
benchmark,696,q3_user_by_login,0.23549999999999999,1,True,
benchmark,697,q4_sellers_rating,42.736199999999997,100,True,
benchmark,698,q5_orders_offset,15.770799999999999,50,True,
benchmark,699,q6_products_by_seller,0.20399999999999999,3,True,
benchmark,700,q7_products_join_sellers,0.33150000000000002,3,True,
benchmark,701,q8_order_items_join_products,0.37980000000000003,3,True,
benchmark,702,q9_orders_items_products_by_user,0.55300000000000005,4,True,
benchmark,703,q10_top_sellers_qty,109.33369999999999,20,True,
benchmark,704,q11_top_categories,0.20150000000000001,0,True,
benchmark,705,q1_user_by_id,0.1993,1,True,
benchmark,706,q2_all_users,7.8357000000000001,200,True,
benchmark,707,q3_user_by_login,0.23000000000000001,1,True,
benchmark,708,q4_sellers_rating,42.653199999999998,100,True,
benchmark,709,q5_orders_offset,15.9184,50,True,
benchmark,710,q6_products_by_seller,0.2243,1,True,
benchmark,711,q7_products_join_sellers,0.41789999999999999,1,True,
benchmark,712,q8_order_items_join_products,0.6169,4,True,
benchmark,713,q9_orders_items_products_by_user,0.86760000000000004,4,True,
benchmark,714,q10_top_sellers_qty,152.91309999999999,20,True,
benchmark,715,q11_top_categories,0.22570000000000001,0,True,
benchmark,716,q1_user_by_id,0.34770000000000001,1,True,
benchmark,717,q2_all_users,6.4081000000000001,200,True,
benchmark,718,q3_user_by_login,0.2094,1,True,
benchmark,719,q4_sellers_rating,44.066800000000001,100,True,
benchmark,720,q5_orders_offset,16.153099999999998,50,True,
benchmark,721,q6_products_by_seller,0.23899999999999999,2,True,
benchmark,722,q7_products_join_sellers,0.3584,2,True,
benchmark,723,q8_order_items_join_products,0.38869999999999999,2,True,
benchmark,724,q9_orders_items_products_by_user,0.075499999999999998,0,True,
benchmark,725,q10_top_sellers_qty,108.0748,20,True,
benchmark,726,q11_top_categories,0.22520000000000001,0,True,
benchmark,727,q1_user_by_id,0.2142,1,True,
benchmark,728,q2_all_users,6.6256000000000004,200,True,
benchmark,729,q3_user_by_login,0.308,1,True,
benchmark,730,q4_sellers_rating,43.346800000000002,100,True,
benchmark,731,q5_orders_offset,19.464600000000001,50,True,
benchmark,732,q6_products_by_seller,0.1474,0,True,
benchmark,733,q7_products_join_sellers,0.19789999999999999,0,True,
benchmark,734,q8_order_items_join_products,0.38819999999999999,3,True,
benchmark,735,q9_orders_items_products_by_user,0.0785,0,True,
benchmark,736,q10_top_sellers_qty,107.4539,20,True,
benchmark,737,q11_top_categories,0.2069,0,True,
benchmark,738,q1_user_by_id,0.22320000000000001,1,True,
benchmark,739,q2_all_users,9.6667000000000005,200,True,
benchmark,740,q3_user_by_login,0.24099999999999999,1,True,
benchmark,741,q4_sellers_rating,42.3279,100,True,
benchmark,742,q5_orders_offset,15.8146,50,True,
benchmark,743,q6_products_by_seller,0.2031,2,True,
benchmark,744,q7_products_join_sellers,0.34949999999999998,2,True,
benchmark,745,q8_order_items_join_products,0.40899999999999997,5,True,
benchmark,746,q9_orders_items_products_by_user,0.57720000000000005,4,True,
benchmark,747,q10_top_sellers_qty,114.1647,20,True,
benchmark,748,q11_top_categories,0.20419999999999999,0,True,
benchmark,749,q1_user_by_id,0.27600000000000002,1,True,
benchmark,750,q2_all_users,9.2461000000000002,200,True,
benchmark,751,q3_user_by_login,0.22500000000000001,1,True,
benchmark,752,q4_sellers_rating,44.911900000000003,100,True,
benchmark,753,q5_orders_offset,15.898199999999999,50,True,
benchmark,754,q6_products_by_seller,0.22370000000000001,1,True,
benchmark,755,q7_products_join_sellers,0.34739999999999999,1,True,
benchmark,756,q8_order_items_join_products,0.39350000000000002,2,True,
benchmark,757,q9_orders_items_products_by_user,0.20849999999999999,0,True,
benchmark,758,q10_top_sellers_qty,104.76730000000001,20,True,
benchmark,759,q11_top_categories,0.23080000000000001,0,True,
benchmark,760,q1_user_by_id,0.26179999999999998,1,True,
benchmark,761,q2_all_users,5.8258999999999999,200,True,
benchmark,762,q3_user_by_login,0.38300000000000001,1,True,
benchmark,763,q4_sellers_rating,44.5075,100,True,
benchmark,764,q5_orders_offset,15.708,50,True,
benchmark,765,q6_products_by_seller,0.13900000000000001,0,True,
benchmark,766,q7_products_join_sellers,0.19359999999999999,0,True,
benchmark,767,q8_order_items_join_products,0.41099999999999998,5,True,
benchmark,768,q9_orders_items_products_by_user,0.48759999999999998,2,True,
benchmark,769,q10_top_sellers_qty,117.53619999999999,20,True,
benchmark,770,q11_top_categories,0.1991,0,True,
benchmark,771,q1_user_by_id,0.30120000000000002,1,True,
benchmark,772,q2_all_users,5.6761999999999997,200,True,
benchmark,773,q3_user_by_login,0.24349999999999999,1,True,
benchmark,774,q4_sellers_rating,45.167999999999999,100,True,
benchmark,775,q5_orders_offset,18.5855,50,True,
benchmark,776,q6_products_by_seller,0.15479999999999999,0,True,
benchmark,777,q7_products_join_sellers,0.21049999999999999,0,True,
benchmark,778,q8_order_items_join_products,0.44069999999999998,5,True,
benchmark,779,q9_orders_items_products_by_user,0.096100000000000005,0,True,
benchmark,780,q10_top_sellers_qty,124.3379,20,True,
benchmark,781,q11_top_categories,0.1883,0,True,
benchmark,782,q1_user_by_id,0.2024,1,True,
benchmark,783,q2_all_users,9.4695,200,True,
benchmark,784,q3_user_by_login,0.21279999999999999,1,True,
benchmark,785,q4_sellers_rating,43.750399999999999,100,True,
benchmark,786,q5_orders_offset,15.759,50,True,
benchmark,787,q6_products_by_seller,0.14460000000000001,0,True,
benchmark,788,q7_products_join_sellers,0.18590000000000001,0,True,
benchmark,789,q8_order_items_join_products,0.4012,5,True,
benchmark,790,q9_orders_items_products_by_user,0.50719999999999998,3,True,
benchmark,791,q10_top_sellers_qty,111.7492,20,True,
benchmark,792,q11_top_categories,0.1948,0,True,
benchmark,793,q1_user_by_id,0.17979999999999999,1,True,
benchmark,794,q2_all_users,5.8643000000000001,200,True,
benchmark,795,q3_user_by_login,0.2034,1,True,
benchmark,796,q4_sellers_rating,48.261600000000001,100,True,
benchmark,797,q5_orders_offset,16.07,50,True,
benchmark,798,q6_products_by_seller,0.2326,2,True,
benchmark,799,q7_products_join_sellers,0.33789999999999998,2,True,
benchmark,800,q8_order_items_join_products,0.40660000000000002,4,True,
benchmark,801,q9_orders_items_products_by_user,0.3362,0,True,
benchmark,802,q10_top_sellers_qty,101.7473,20,True,
benchmark,803,q11_top_categories,0.1986,0,True,
benchmark,804,q1_user_by_id,0.18940000000000001,1,True,
benchmark,805,q2_all_users,5.7149000000000001,200,True,
benchmark,806,q3_user_by_login,0.29509999999999997,1,True,
benchmark,807,q4_sellers_rating,44.463000000000001,100,True,
benchmark,808,q5_orders_offset,18.470300000000002,50,True,
benchmark,809,q6_products_by_seller,0.16950000000000001,0,True,
benchmark,810,q7_products_join_sellers,0.2137,0,True,
benchmark,811,q8_order_items_join_products,0.43740000000000001,4,True,
benchmark,812,q9_orders_items_products_by_user,0.090499999999999997,0,True,
benchmark,813,q10_top_sellers_qty,107.2256,20,True,
benchmark,814,q11_top_categories,0.192,0,True,
benchmark,815,q1_user_by_id,0.1845,1,True,
benchmark,816,q2_all_users,8.6366999999999994,200,True,
benchmark,817,q3_user_by_login,0.26350000000000001,1,True,
benchmark,818,q4_sellers_rating,46.045000000000002,100,True,
benchmark,819,q5_orders_offset,15.859299999999999,50,True,
benchmark,820,q6_products_by_seller,0.23130000000000001,1,True,
benchmark,821,q7_products_join_sellers,0.34399999999999997,1,True,
benchmark,822,q8_order_items_join_products,0.4012,3,True,
benchmark,823,q9_orders_items_products_by_user,0.087300000000000003,0,True,
benchmark,824,q10_top_sellers_qty,100.1421,20,True,
benchmark,825,q11_top_categories,0.21049999999999999,0,True,
benchmark,826,q1_user_by_id,0.2235,1,True,
benchmark,827,q2_all_users,7.7374000000000001,200,True,
benchmark,828,q3_user_by_login,0.2631,1,True,
benchmark,829,q4_sellers_rating,45.063099999999999,100,True,
benchmark,830,q5_orders_offset,15.656499999999999,50,True,
benchmark,831,q6_products_by_seller,0.24099999999999999,1,True,
benchmark,832,q7_products_join_sellers,0.34820000000000001,1,True,
benchmark,833,q8_order_items_join_products,0.38159999999999999,1,True,
benchmark,834,q9_orders_items_products_by_user,0.078700000000000006,0,True,
benchmark,835,q10_top_sellers_qty,116.93219999999999,20,True,
benchmark,836,q11_top_categories,0.20019999999999999,0,True,
benchmark,837,q1_user_by_id,0.19170000000000001,1,True,
benchmark,838,q2_all_users,5.9766000000000004,200,True,
benchmark,839,q3_user_by_login,0.219,1,True,
benchmark,840,q4_sellers_rating,42.228999999999999,100,True,
benchmark,841,q5_orders_offset,15.814500000000001,50,True,
benchmark,842,q6_products_by_seller,0.14460000000000001,0,True,
benchmark,843,q7_products_join_sellers,0.20649999999999999,0,True,
benchmark,844,q8_order_items_join_products,0.48020000000000002,4,True,
benchmark,845,q9_orders_items_products_by_user,1.1051,5,True,
benchmark,846,q10_top_sellers_qty,118.5745,20,True,
benchmark,847,q11_top_categories,0.23549999999999999,0,True,
benchmark,848,q1_user_by_id,0.27960000000000002,1,True,
benchmark,849,q2_all_users,6.6044999999999998,200,True,
benchmark,850,q3_user_by_login,0.20619999999999999,1,True,
benchmark,851,q4_sellers_rating,46.3489,100,True,
benchmark,852,q5_orders_offset,15.637700000000001,50,True,
benchmark,853,q6_products_by_seller,0.21970000000000001,2,True,
benchmark,854,q7_products_join_sellers,0.3634,2,True,
benchmark,855,q8_order_items_join_products,0.42909999999999998,1,True,
benchmark,856,q9_orders_items_products_by_user,0.25359999999999999,0,True,
benchmark,857,q10_top_sellers_qty,102.95189999999999,20,True,
benchmark,858,q11_top_categories,0.20699999999999999,0,True,
benchmark,859,q1_user_by_id,0.2034,1,True,
benchmark,860,q2_all_users,12.1059,200,True,
benchmark,861,q3_user_by_login,0.31169999999999998,1,True,
benchmark,862,q4_sellers_rating,43.111499999999999,100,True,
benchmark,863,q5_orders_offset,15.5473,50,True,
benchmark,864,q6_products_by_seller,0.1348,0,True,
benchmark,865,q7_products_join_sellers,0.2044,0,True,
benchmark,866,q8_order_items_join_products,0.41499999999999998,4,True,
benchmark,867,q9_orders_items_products_by_user,0.22589999999999999,0,True,
benchmark,868,q10_top_sellers_qty,101.2212,20,True,
benchmark,869,q11_top_categories,0.19570000000000001,0,True,
benchmark,870,q1_user_by_id,0.20430000000000001,1,True,
benchmark,871,q2_all_users,7.7995000000000001,200,True,
benchmark,872,q3_user_by_login,0.252,1,True,
benchmark,873,q4_sellers_rating,42.311999999999998,100,True,
benchmark,874,q5_orders_offset,15.6616,50,True,
benchmark,875,q6_products_by_seller,0.21690000000000001,1,True,
benchmark,876,q7_products_join_sellers,0.31159999999999999,1,True,
benchmark,877,q8_order_items_join_products,0.38040000000000002,2,True,
benchmark,878,q9_orders_items_products_by_user,0.076300000000000007,0,True,
benchmark,879,q10_top_sellers_qty,121.6897,20,True,
benchmark,880,q11_top_categories,0.1898,0,True,
benchmark,881,q1_user_by_id,0.1963,1,True,
benchmark,882,q2_all_users,6.0839999999999996,200,True,
benchmark,883,q3_user_by_login,0.28410000000000002,1,True,
benchmark,884,q4_sellers_rating,49.099699999999999,100,True,
benchmark,885,q5_orders_offset,15.8871,50,True,
benchmark,886,q6_products_by_seller,3.1661999999999999,1,True,
benchmark,887,q7_products_join_sellers,0.35070000000000001,1,True,
benchmark,888,q8_order_items_join_products,0.3775,1,True,
benchmark,889,q9_orders_items_products_by_user,0.0785,0,True,
benchmark,890,q10_top_sellers_qty,106.824,20,True,
benchmark,891,q11_top_categories,0.19850000000000001,0,True,
benchmark,892,q1_user_by_id,0.27210000000000001,1,True,
benchmark,893,q2_all_users,9.1295000000000002,200,True,
benchmark,894,q3_user_by_login,0.30349999999999999,1,True,
benchmark,895,q4_sellers_rating,41.788800000000002,100,True,
benchmark,896,q5_orders_offset,16.066400000000002,50,True,
benchmark,897,q6_products_by_seller,0.2344,2,True,
benchmark,898,q7_products_join_sellers,0.33639999999999998,2,True,
benchmark,899,q8_order_items_join_products,0.3972,1,True,
benchmark,900,q9_orders_items_products_by_user,0.078899999999999998,0,True,
benchmark,901,q10_top_sellers_qty,99.471199999999996,20,True,
benchmark,902,q11_top_categories,0.47749999999999998,0,True,
benchmark,903,q1_user_by_id,0.33000000000000002,1,True,
benchmark,904,q2_all_users,7.9943999999999997,200,True,
benchmark,905,q3_user_by_login,0.25779999999999997,1,True,
benchmark,906,q4_sellers_rating,44.174100000000003,100,True,
benchmark,907,q5_orders_offset,15.673299999999999,50,True,
benchmark,908,q6_products_by_seller,0.1966,2,True,
benchmark,909,q7_products_join_sellers,0.32440000000000002,2,True,
benchmark,910,q8_order_items_join_products,0.41820000000000002,3,True,
benchmark,911,q9_orders_items_products_by_user,1.3593999999999999,2,True,
benchmark,912,q10_top_sellers_qty,107.7002,20,True,
benchmark,913,q11_top_categories,0.19350000000000001,0,True,
benchmark,914,q1_user_by_id,0.26369999999999999,1,True,
benchmark,915,q2_all_users,5.9034000000000004,200,True,
benchmark,916,q3_user_by_login,0.26800000000000002,1,True,
benchmark,917,q4_sellers_rating,42.779499999999999,100,True,
benchmark,918,q5_orders_offset,15.8475,50,True,
benchmark,919,q6_products_by_seller,0.2233,4,True,
benchmark,920,q7_products_join_sellers,0.34770000000000001,4,True,
benchmark,921,q8_order_items_join_products,0.4289,3,True,
benchmark,922,q9_orders_items_products_by_user,1.0286999999999999,8,True,
benchmark,923,q10_top_sellers_qty,112.6591,20,True,
benchmark,924,q11_top_categories,0.20549999999999999,0,True,
benchmark,925,q1_user_by_id,0.2155,1,True,
benchmark,926,q2_all_users,6.5164999999999997,200,True,
benchmark,927,q3_user_by_login,0.23830000000000001,1,True,
benchmark,928,q4_sellers_rating,44.447499999999998,100,True,
benchmark,929,q5_orders_offset,22.93,50,True,
benchmark,930,q6_products_by_seller,0.2321,2,True,
benchmark,931,q7_products_join_sellers,0.34489999999999998,2,True,
benchmark,932,q8_order_items_join_products,0.39739999999999998,4,True,
benchmark,933,q9_orders_items_products_by_user,0.43919999999999998,2,True,
benchmark,934,q10_top_sellers_qty,91.276200000000003,20,True,
benchmark,935,q11_top_categories,0.2137,0,True,
benchmark,936,q1_user_by_id,0.20669999999999999,1,True,
benchmark,937,q2_all_users,9.6602999999999994,200,True,
benchmark,938,q3_user_by_login,0.3266,1,True,
benchmark,939,q4_sellers_rating,40.319499999999998,100,True,
benchmark,940,q5_orders_offset,16.238900000000001,50,True,
benchmark,941,q6_products_by_seller,0.15290000000000001,0,True,
benchmark,942,q7_products_join_sellers,0.19450000000000001,0,True,
benchmark,943,q8_order_items_join_products,0.41789999999999999,5,True,
benchmark,944,q9_orders_items_products_by_user,0.079100000000000004,0,True,
benchmark,945,q10_top_sellers_qty,106.178,20,True,
benchmark,946,q11_top_categories,0.20319999999999999,0,True,
benchmark,947,q1_user_by_id,0.26169999999999999,1,True,
benchmark,948,q2_all_users,6.1210000000000004,200,True,
benchmark,949,q3_user_by_login,0.21079999999999999,1,True,
benchmark,950,q4_sellers_rating,40.774299999999997,100,True,
benchmark,951,q5_orders_offset,15.5892,50,True,
benchmark,952,q6_products_by_seller,0.1406,0,True,
benchmark,953,q7_products_join_sellers,0.188,0,True,
benchmark,954,q8_order_items_join_products,0.3599,1,True,
benchmark,955,q9_orders_items_products_by_user,0.078299999999999995,0,True,
benchmark,956,q10_top_sellers_qty,104.7637,20,True,
benchmark,957,q11_top_categories,0.2046,0,True,
benchmark,958,q1_user_by_id,0.2198,1,True,
benchmark,959,q2_all_users,7.9253999999999998,200,True,
benchmark,960,q3_user_by_login,0.2177,1,True,
benchmark,961,q4_sellers_rating,44.313200000000002,100,True,
benchmark,962,q5_orders_offset,15.9825,50,True,
benchmark,963,q6_products_by_seller,0.2185,2,True,
benchmark,964,q7_products_join_sellers,0.35310000000000002,2,True,
benchmark,965,q8_order_items_join_products,0.40110000000000001,3,True,
benchmark,966,q9_orders_items_products_by_user,0.084900000000000003,0,True,
benchmark,967,q10_top_sellers_qty,99.206000000000003,20,True,
benchmark,968,q11_top_categories,0.19350000000000001,0,True,
benchmark,969,q1_user_by_id,0.25619999999999998,1,True,
benchmark,970,q2_all_users,5.3543000000000003,200,True,
benchmark,971,q3_user_by_login,0.2087,1,True,
benchmark,972,q4_sellers_rating,39.853200000000001,100,True,
benchmark,973,q5_orders_offset,19.520499999999998,50,True,
benchmark,974,q6_products_by_seller,0.22739999999999999,1,True,
benchmark,975,q7_products_join_sellers,0.3453,1,True,
benchmark,976,q8_order_items_join_products,0.41770000000000002,4,True,
benchmark,977,q9_orders_items_products_by_user,0.20749999999999999,0,True,
benchmark,978,q10_top_sellers_qty,110.33459999999999,20,True,
benchmark,979,q11_top_categories,0.2039,0,True,
benchmark,980,q1_user_by_id,0.20050000000000001,1,True,
benchmark,981,q2_all_users,8.5531000000000006,200,True,
benchmark,982,q3_user_by_login,0.2157,1,True,
benchmark,983,q4_sellers_rating,43.301400000000001,100,True,
benchmark,984,q5_orders_offset,15.9255,50,True,
benchmark,985,q6_products_by_seller,0.20599999999999999,2,True,
benchmark,986,q7_products_join_sellers,0.32600000000000001,2,True,
benchmark,987,q8_order_items_join_products,0.39079999999999998,4,True,
benchmark,988,q9_orders_items_products_by_user,0.61350000000000005,4,True,
benchmark,989,q10_top_sellers_qty,105.4598,20,True,
benchmark,990,q11_top_categories,0.18959999999999999,0,True,
benchmark,991,q1_user_by_id,0.20530000000000001,1,True,
benchmark,992,q2_all_users,8.4946000000000002,200,True,
benchmark,993,q3_user_by_login,0.23119999999999999,1,True,
benchmark,994,q4_sellers_rating,44.887300000000003,100,True,
benchmark,995,q5_orders_offset,15.5595,50,True,
benchmark,996,q6_products_by_seller,0.2132,2,True,
benchmark,997,q7_products_join_sellers,0.33500000000000002,2,True,
benchmark,998,q8_order_items_join_products,0.41239999999999999,5,True,
benchmark,999,q9_orders_items_products_by_user,0.80640000000000001,6,True,
benchmark,1000,q10_top_sellers_qty,97.966800000000006,20,True,
benchmark,1001,q11_top_categories,0.22040000000000001,0,True,
benchmark,1002,q1_user_by_id,0.25769999999999998,1,True,
benchmark,1003,q2_all_users,5.6216999999999997,200,True,
benchmark,1004,q3_user_by_login,0.29520000000000002,1,True,
benchmark,1005,q4_sellers_rating,41.278700000000001,100,True,
benchmark,1006,q5_orders_offset,15.6257,50,True,
benchmark,1007,q6_products_by_seller,0.13780000000000001,0,True,
benchmark,1008,q7_products_join_sellers,0.19919999999999999,0,True,
benchmark,1009,q8_order_items_join_products,0.41020000000000001,4,True,
benchmark,1010,q9_orders_items_products_by_user,0.2165,0,True,
benchmark,1011,q10_top_sellers_qty,120.88800000000001,20,True,
benchmark,1012,q11_top_categories,0.20979999999999999,0,True,
benchmark,1013,q1_user_by_id,0.27839999999999998,1,True,
benchmark,1014,q2_all_users,5.4207999999999998,200,True,
benchmark,1015,q3_user_by_login,0.2447,1,True,
benchmark,1016,q4_sellers_rating,43.171900000000001,100,True,
benchmark,1017,q5_orders_offset,18.941400000000002,50,True,
benchmark,1018,q6_products_by_seller,0.21940000000000001,2,True,
benchmark,1019,q7_products_join_sellers,0.34789999999999999,2,True,
benchmark,1020,q8_order_items_join_products,0.37830000000000003,1,True,
benchmark,1021,q9_orders_items_products_by_user,0.074200000000000002,0,True,
benchmark,1022,q10_top_sellers_qty,111.0834,20,True,
benchmark,1023,q11_top_categories,0.18970000000000001,0,True,
benchmark,1024,q1_user_by_id,0.28820000000000001,1,True,
benchmark,1025,q2_all_users,9.4913000000000007,200,True,
benchmark,1026,q3_user_by_login,0.21929999999999999,1,True,
benchmark,1027,q4_sellers_rating,49.346600000000002,100,True,
benchmark,1028,q5_orders_offset,15.757999999999999,50,True,
benchmark,1029,q6_products_by_seller,0.2162,1,True,
benchmark,1030,q7_products_join_sellers,0.33779999999999999,1,True,
benchmark,1031,q8_order_items_join_products,0.41410000000000002,5,True,
benchmark,1032,q9_orders_items_products_by_user,0.082799999999999999,0,True,
benchmark,1033,q10_top_sellers_qty,102.92619999999999,20,True,
benchmark,1034,q11_top_categories,0.26800000000000002,0,True,
benchmark,1035,q1_user_by_id,0.24349999999999999,1,True,
benchmark,1036,q2_all_users,5.7332999999999998,200,True,
benchmark,1037,q3_user_by_login,0.38269999999999998,1,True,
benchmark,1038,q4_sellers_rating,42.436999999999998,100,True,
benchmark,1039,q5_orders_offset,15.628399999999999,50,True,
benchmark,1040,q6_products_by_seller,0.1963,2,True,
benchmark,1041,q7_products_join_sellers,0.35799999999999998,2,True,
benchmark,1042,q8_order_items_join_products,0.41889999999999999,5,True,
benchmark,1043,q9_orders_items_products_by_user,0.074999999999999997,0,True,
benchmark,1044,q10_top_sellers_qty,126.5656,20,True,
benchmark,1045,q11_top_categories,0.25800000000000001,0,True,
benchmark,1046,q1_user_by_id,0.22789999999999999,1,True,
benchmark,1047,q2_all_users,6.5785999999999998,200,True,
benchmark,1048,q3_user_by_login,0.1951,1,True,
benchmark,1049,q4_sellers_rating,42.215800000000002,100,True,
benchmark,1050,q5_orders_offset,15.950799999999999,50,True,
benchmark,1051,q6_products_by_seller,0.14649999999999999,0,True,
benchmark,1052,q7_products_join_sellers,0.2014,0,True,
benchmark,1053,q8_order_items_join_products,0.41959999999999997,3,True,
benchmark,1054,q9_orders_items_products_by_user,0.21870000000000001,0,True,
benchmark,1055,q10_top_sellers_qty,114.40519999999999,20,True,
benchmark,1056,q11_top_categories,0.19239999999999999,0,True,
benchmark,1057,q1_user_by_id,0.32700000000000001,1,True,
benchmark,1058,q2_all_users,6.1414999999999997,200,True,
benchmark,1059,q3_user_by_login,0.216,1,True,
benchmark,1060,q4_sellers_rating,47.730899999999998,100,True,
benchmark,1061,q5_orders_offset,15.697800000000001,50,True,
benchmark,1062,q6_products_by_seller,0.2162,1,True,
benchmark,1063,q7_products_join_sellers,0.33910000000000001,1,True,
benchmark,1064,q8_order_items_join_products,0.39610000000000001,4,True,
benchmark,1065,q9_orders_items_products_by_user,0.080799999999999997,0,True,
benchmark,1066,q10_top_sellers_qty,119.52419999999999,20,True,
benchmark,1067,q11_top_categories,0.16270000000000001,0,True,
benchmark,1068,q1_user_by_id,0.19550000000000001,1,True,
benchmark,1069,q2_all_users,10.1104,200,True,
benchmark,1070,q3_user_by_login,0.20699999999999999,1,True,
benchmark,1071,q4_sellers_rating,47.732500000000002,100,True,
benchmark,1072,q5_orders_offset,15.5154,50,True,
benchmark,1073,q6_products_by_seller,0.1444,0,True,
benchmark,1074,q7_products_join_sellers,0.2026,0,True,
benchmark,1075,q8_order_items_join_products,0.41339999999999999,4,True,
benchmark,1076,q9_orders_items_products_by_user,0.54959999999999998,4,True,
benchmark,1077,q10_top_sellers_qty,107.4405,20,True,
benchmark,1078,q11_top_categories,0.17019999999999999,0,True,
benchmark,1079,q1_user_by_id,0.20849999999999999,1,True,
benchmark,1080,q2_all_users,5.1100000000000003,200,True,
benchmark,1081,q3_user_by_login,0.20599999999999999,1,True,
benchmark,1082,q4_sellers_rating,44.568399999999997,100,True,
benchmark,1083,q5_orders_offset,15.9155,50,True,
benchmark,1084,q6_products_by_seller,0.22320000000000001,2,True,
benchmark,1085,q7_products_join_sellers,0.33110000000000001,2,True,
benchmark,1086,q8_order_items_join_products,0.38850000000000001,3,True,
benchmark,1087,q9_orders_items_products_by_user,0.076499999999999999,0,True,
benchmark,1088,q10_top_sellers_qty,99.135800000000003,20,True,
benchmark,1089,q11_top_categories,0.20050000000000001,0,True,
benchmark,1090,q1_user_by_id,0.21029999999999999,1,True,
benchmark,1091,q2_all_users,5.4843000000000002,200,True,
benchmark,1092,q3_user_by_login,0.26000000000000001,1,True,
benchmark,1093,q4_sellers_rating,40.906599999999997,100,True,
benchmark,1094,q5_orders_offset,18.699999999999999,50,True,
benchmark,1095,q6_products_by_seller,0.1467,0,True,
benchmark,1096,q7_products_join_sellers,0.20269999999999999,0,True,
benchmark,1097,q8_order_items_join_products,0.41839999999999999,4,True,
benchmark,1098,q9_orders_items_products_by_user,0.49990000000000001,3,True,
benchmark,1099,q10_top_sellers_qty,109.255,20,True,
benchmark,1100,q11_top_categories,0.18840000000000001,0,True,
benchmark,1101,q1_user_by_id,0.24510000000000001,1,True,
benchmark,1102,q2_all_users,9.0687999999999995,200,True,
benchmark,1103,q3_user_by_login,0.2472,1,True,
benchmark,1104,q4_sellers_rating,45.920900000000003,100,True,
benchmark,1105,q5_orders_offset,16.271899999999999,50,True,
benchmark,1106,q6_products_by_seller,0.27579999999999999,1,True,
benchmark,1107,q7_products_join_sellers,0.36649999999999999,1,True,
benchmark,1108,q8_order_items_join_products,0.4088,2,True,
benchmark,1109,q9_orders_items_products_by_user,0.42349999999999999,1,True,
benchmark,1110,q10_top_sellers_qty,99.708799999999997,20,True,
benchmark,1111,q11_top_categories,3.3868999999999998,0,True,
benchmark,1112,q1_user_by_id,0.28660000000000002,1,True,
benchmark,1113,q2_all_users,8.1153999999999993,200,True,
benchmark,1114,q3_user_by_login,0.29920000000000002,1,True,
benchmark,1115,q4_sellers_rating,48.262099999999997,100,True,
benchmark,1116,q5_orders_offset,15.893700000000001,50,True,
benchmark,1117,q6_products_by_seller,0.2137,1,True,
benchmark,1118,q7_products_join_sellers,0.34539999999999998,1,True,
benchmark,1119,q8_order_items_join_products,0.39300000000000002,3,True,
benchmark,1120,q9_orders_items_products_by_user,0.5585,4,True,
benchmark,1121,q10_top_sellers_qty,114.39700000000001,20,True,
benchmark,1122,q11_top_categories,0.2273,0,True,
benchmark,1123,q1_user_by_id,0.22700000000000001,1,True,
benchmark,1124,q2_all_users,5.3708,200,True,
benchmark,1125,q3_user_by_login,0.2271,1,True,
benchmark,1126,q4_sellers_rating,45.563299999999998,100,True,
benchmark,1127,q5_orders_offset,15.8637,50,True,
benchmark,1128,q6_products_by_seller,0.24540000000000001,1,True,
benchmark,1129,q7_products_join_sellers,0.3392,1,True,
benchmark,1130,q8_order_items_join_products,0.43009999999999998,5,True,
benchmark,1131,q9_orders_items_products_by_user,0.073800000000000004,0,True,
benchmark,1132,q10_top_sellers_qty,115.1537,20,True,
benchmark,1133,q11_top_categories,0.20569999999999999,0,True,
benchmark,1134,q1_user_by_id,0.18820000000000001,1,True,
benchmark,1135,q2_all_users,6.5693999999999999,200,True,
benchmark,1136,q3_user_by_login,0.2742,1,True,
benchmark,1137,q4_sellers_rating,47.524000000000001,100,True,
benchmark,1138,q5_orders_offset,15.8012,50,True,
benchmark,1139,q6_products_by_seller,0.23899999999999999,2,True,
benchmark,1140,q7_products_join_sellers,0.35320000000000001,2,True,
benchmark,1141,q8_order_items_join_products,0.4194,4,True,
benchmark,1142,q9_orders_items_products_by_user,0.092100000000000001,0,True,
benchmark,1143,q10_top_sellers_qty,107.857,20,True,
benchmark,1144,q11_top_categories,0.19939999999999999,0,True,
benchmark,1145,q1_user_by_id,0.19400000000000001,1,True,
benchmark,1146,q2_all_users,11.951000000000001,200,True,
benchmark,1147,q3_user_by_login,0.2954,1,True,
benchmark,1148,q4_sellers_rating,43.1096,100,True,
benchmark,1149,q5_orders_offset,15.937200000000001,50,True,
benchmark,1150,q6_products_by_seller,0.14069999999999999,0,True,
benchmark,1151,q7_products_join_sellers,0.2029,0,True,
benchmark,1152,q8_order_items_join_products,0.47149999999999997,5,True,
benchmark,1153,q9_orders_items_products_by_user,0.65000000000000002,0,True,
benchmark,1154,q10_top_sellers_qty,102.4027,20,True,
benchmark,1155,q11_top_categories,0.2636,0,True,
benchmark,1156,q1_user_by_id,0.24629999999999999,1,True,
benchmark,1157,q2_all_users,5.6584000000000003,200,True,
benchmark,1158,q3_user_by_login,0.22220000000000001,1,True,
benchmark,1159,q4_sellers_rating,41.408099999999997,100,True,
benchmark,1160,q5_orders_offset,16.008600000000001,50,True,
benchmark,1161,q6_products_by_seller,0.2152,1,True,
benchmark,1162,q7_products_join_sellers,0.33460000000000001,1,True,
benchmark,1163,q8_order_items_join_products,0.4032,5,True,
benchmark,1164,q9_orders_items_products_by_user,0.22889999999999999,0,True,
benchmark,1165,q10_top_sellers_qty,118.1305,20,True,
benchmark,1166,q11_top_categories,0.25369999999999998,0,True,
benchmark,1167,q1_user_by_id,0.46400000000000002,1,True,
benchmark,1168,q2_all_users,6.7164999999999999,200,True,
benchmark,1169,q3_user_by_login,0.30909999999999999,1,True,
benchmark,1170,q4_sellers_rating,48.7697,100,True,
benchmark,1171,q5_orders_offset,15.7248,50,True,
benchmark,1172,q6_products_by_seller,0.22520000000000001,1,True,
benchmark,1173,q7_products_join_sellers,0.3322,1,True,
benchmark,1174,q8_order_items_join_products,0.40429999999999999,5,True,
benchmark,1175,q9_orders_items_products_by_user,0.214,0,True,
benchmark,1176,q10_top_sellers_qty,116.4961,20,True,
benchmark,1177,q11_top_categories,0.1928,0,True,
benchmark,1178,q1_user_by_id,0.26750000000000002,1,True,
benchmark,1179,q2_all_users,6.1547999999999998,200,True,
benchmark,1180,q3_user_by_login,0.30099999999999999,1,True,
benchmark,1181,q4_sellers_rating,48.392400000000002,100,True,
benchmark,1182,q5_orders_offset,15.9488,50,True,
benchmark,1183,q6_products_by_seller,0.20000000000000001,1,True,
benchmark,1184,q7_products_join_sellers,0.32390000000000002,1,True,
benchmark,1185,q8_order_items_join_products,0.37240000000000001,3,True,
benchmark,1186,q9_orders_items_products_by_user,0.074499999999999997,0,True,
benchmark,1187,q10_top_sellers_qty,112.925,20,True,
benchmark,1188,q11_top_categories,0.18729999999999999,0,True,
benchmark,1189,q1_user_by_id,0.20610000000000001,1,True,
benchmark,1190,q2_all_users,8.0306999999999995,200,True,
benchmark,1191,q3_user_by_login,0.32340000000000002,1,True,
benchmark,1192,q4_sellers_rating,46.366900000000001,100,True,
benchmark,1193,q5_orders_offset,15.638500000000001,50,True,
benchmark,1194,q6_products_by_seller,0.13239999999999999,0,True,
benchmark,1195,q7_products_join_sellers,0.19350000000000001,0,True,
benchmark,1196,q8_order_items_join_products,0.39800000000000002,3,True,
benchmark,1197,q9_orders_items_products_by_user,0.95420000000000005,8,True,
benchmark,1198,q10_top_sellers_qty,106.20350000000001,20,True,
benchmark,1199,q11_top_categories,0.2122,0,True,
benchmark,1200,q1_user_by_id,0.2114,1,True,
benchmark,1201,q2_all_users,5.7178000000000004,200,True,
benchmark,1202,q3_user_by_login,0.3004,1,True,
benchmark,1203,q4_sellers_rating,44.735500000000002,100,True,
benchmark,1204,q5_orders_offset,15.9292,50,True,
benchmark,1205,q6_products_by_seller,0.2326,1,True,
benchmark,1206,q7_products_join_sellers,0.34989999999999999,1,True,
benchmark,1207,q8_order_items_join_products,0.39369999999999999,1,True,
benchmark,1208,q9_orders_items_products_by_user,0.63160000000000005,4,True,
benchmark,1209,q10_top_sellers_qty,126.9109,20,True,
benchmark,1210,q11_top_categories,0.1961,0,True,
benchmark,1211,q1_user_by_id,0.1847,1,True,
benchmark,1212,q2_all_users,5.7739000000000003,200,True,
benchmark,1213,q3_user_by_login,0.30809999999999998,1,True,
benchmark,1214,q4_sellers_rating,44.046900000000001,100,True,
benchmark,1215,q5_orders_offset,24.873200000000001,50,True,
benchmark,1216,q6_products_by_seller,0.23430000000000001,1,True,
benchmark,1217,q7_products_join_sellers,0.35499999999999998,1,True,
benchmark,1218,q8_order_items_join_products,0.39400000000000002,1,True,
benchmark,1219,q9_orders_items_products_by_user,0.073400000000000007,0,True,
benchmark,1220,q10_top_sellers_qty,98.145099999999999,20,True,
benchmark,1221,q11_top_categories,0.19900000000000001,0,True,
benchmark,1222,q1_user_by_id,0.2485,1,True,
benchmark,1223,q2_all_users,8.7640999999999991,200,True,
benchmark,1224,q3_user_by_login,0.34639999999999999,1,True,
benchmark,1225,q4_sellers_rating,42.470199999999998,100,True,
benchmark,1226,q5_orders_offset,15.873900000000001,50,True,
benchmark,1227,q6_products_by_seller,0.22620000000000001,4,True,
benchmark,1228,q7_products_join_sellers,0.34960000000000002,4,True,
benchmark,1229,q8_order_items_join_products,0.38090000000000002,3,True,
benchmark,1230,q9_orders_items_products_by_user,0.72689999999999999,5,True,
benchmark,1231,q10_top_sellers_qty,107.1621,20,True,
benchmark,1232,q11_top_categories,3.0226000000000002,0,True,
benchmark,1233,q1_user_by_id,0.62519999999999998,1,True,
benchmark,1234,q2_all_users,6.1174999999999997,200,True,
benchmark,1235,q3_user_by_login,0.25180000000000002,1,True,
benchmark,1236,q4_sellers_rating,45.236600000000003,100,True,
benchmark,1237,q5_orders_offset,19.9038,50,True,
benchmark,1238,q6_products_by_seller,0.39910000000000001,4,True,
benchmark,1239,q7_products_join_sellers,0.39610000000000001,4,True,
benchmark,1240,q8_order_items_join_products,0.48110000000000003,1,True,
benchmark,1241,q9_orders_items_products_by_user,0.079600000000000004,0,True,
benchmark,1242,q10_top_sellers_qty,105.59739999999999,20,True,
benchmark,1243,q11_top_categories,0.21920000000000001,0,True,
benchmark,1244,q1_user_by_id,0.1978,1,True,
benchmark,1245,q2_all_users,12.573399999999999,200,True,
benchmark,1246,q3_user_by_login,0.2402,1,True,
benchmark,1247,q4_sellers_rating,45.627099999999999,100,True,
benchmark,1248,q5_orders_offset,15.931800000000001,50,True,
benchmark,1249,q6_products_by_seller,0.22259999999999999,2,True,
benchmark,1250,q7_products_join_sellers,0.33479999999999999,2,True,
benchmark,1251,q8_order_items_join_products,0.4516,4,True,
benchmark,1252,q9_orders_items_products_by_user,0.0814,0,True,
benchmark,1253,q10_top_sellers_qty,100.2204,20,True,
benchmark,1254,q11_top_categories,0.223,0,True,
benchmark,1255,q1_user_by_id,0.19259999999999999,1,True,
benchmark,1256,q2_all_users,5.7990000000000004,200,True,
benchmark,1257,q3_user_by_login,0.20949999999999999,1,True,
benchmark,1258,q4_sellers_rating,38.988599999999998,100,True,
benchmark,1259,q5_orders_offset,15.908899999999999,50,True,
benchmark,1260,q6_products_by_seller,0.1462,0,True,
benchmark,1261,q7_products_join_sellers,0.1991,0,True,
benchmark,1262,q8_order_items_join_products,0.43359999999999999,1,True,
benchmark,1263,q9_orders_items_products_by_user,0.47720000000000001,1,True,
benchmark,1264,q10_top_sellers_qty,116.91370000000001,20,True,
benchmark,1265,q11_top_categories,0.21279999999999999,0,True,
benchmark,1266,q1_user_by_id,0.2515,1,True,
benchmark,1267,q2_all_users,5.1534000000000004,200,True,
benchmark,1268,q3_user_by_login,0.2044,1,True,
benchmark,1269,q4_sellers_rating,43.450400000000002,100,True,
benchmark,1270,q5_orders_offset,16.157699999999998,50,True,
benchmark,1271,q6_products_by_seller,0.14080000000000001,0,True,
benchmark,1272,q7_products_join_sellers,0.1978,0,True,
benchmark,1273,q8_order_items_join_products,0.41099999999999998,2,True,
benchmark,1274,q9_orders_items_products_by_user,0.71750000000000003,5,True,
benchmark,1275,q10_top_sellers_qty,109.8708,20,True,
benchmark,1276,q11_top_categories,0.27500000000000002,0,True,
benchmark,1277,q1_user_by_id,0.26690000000000003,1,True,
benchmark,1278,q2_all_users,6.4504999999999999,200,True,
benchmark,1279,q3_user_by_login,0.22950000000000001,1,True,
benchmark,1280,q4_sellers_rating,51.353999999999999,100,True,
benchmark,1281,q5_orders_offset,16.455500000000001,50,True,
benchmark,1282,q6_products_by_seller,0.32190000000000002,1,True,
benchmark,1283,q7_products_join_sellers,0.44159999999999999,1,True,
benchmark,1284,q8_order_items_join_products,0.4093,2,True,
benchmark,1285,q9_orders_items_products_by_user,0.0877,0,True,
benchmark,1286,q10_top_sellers_qty,114.05629999999999,20,True,
benchmark,1287,q11_top_categories,0.21679999999999999,0,True,
benchmark,1288,q1_user_by_id,0.21299999999999999,1,True,
benchmark,1289,q2_all_users,6.0128000000000004,200,True,
benchmark,1290,q3_user_by_login,0.26300000000000001,1,True,
benchmark,1291,q4_sellers_rating,42.445999999999998,100,True,
benchmark,1292,q5_orders_offset,19.471699999999998,50,True,
benchmark,1293,q6_products_by_seller,0.12989999999999999,0,True,
benchmark,1294,q7_products_join_sellers,0.1898,0,True,
benchmark,1295,q8_order_items_join_products,0.41020000000000001,4,True,
benchmark,1296,q9_orders_items_products_by_user,0.2286,0,True,
benchmark,1297,q10_top_sellers_qty,106.7539,20,True,
benchmark,1298,q11_top_categories,0.20469999999999999,0,True,
benchmark,1299,q1_user_by_id,0.26179999999999998,1,True,
benchmark,1300,q2_all_users,8.8695000000000004,200,True,
benchmark,1301,q3_user_by_login,0.23710000000000001,1,True,
benchmark,1302,q4_sellers_rating,51.4542,100,True,
benchmark,1303,q5_orders_offset,15.909000000000001,50,True,
benchmark,1304,q6_products_by_seller,0.1462,0,True,
benchmark,1305,q7_products_join_sellers,0.19800000000000001,0,True,
benchmark,1306,q8_order_items_join_products,0.42099999999999999,5,True,
benchmark,1307,q9_orders_items_products_by_user,0.088200000000000001,0,True,
benchmark,1308,q10_top_sellers_qty,101.91889999999999,20,True,
benchmark,1309,q11_top_categories,0.24410000000000001,0,True,
benchmark,1310,q1_user_by_id,0.24379999999999999,1,True,
benchmark,1311,q2_all_users,5.5080999999999998,200,True,
benchmark,1312,q3_user_by_login,0.25259999999999999,1,True,
benchmark,1313,q4_sellers_rating,43.314599999999999,100,True,
benchmark,1314,q5_orders_offset,16.632999999999999,50,True,
benchmark,1315,q6_products_by_seller,0.27839999999999998,3,True,
benchmark,1316,q7_products_join_sellers,0.40610000000000002,3,True,
benchmark,1317,q8_order_items_join_products,0.47189999999999999,3,True,
benchmark,1318,q9_orders_items_products_by_user,0.38,0,True,
benchmark,1319,q10_top_sellers_qty,125.84010000000001,20,True,
benchmark,1320,q11_top_categories,0.2064,0,True,
benchmark,1321,q1_user_by_id,0.19769999999999999,1,True,
benchmark,1322,q2_all_users,5.4284999999999997,200,True,
benchmark,1323,q3_user_by_login,0.23569999999999999,1,True,
benchmark,1324,q4_sellers_rating,45.276400000000002,100,True,
benchmark,1325,q5_orders_offset,15.9674,50,True,
benchmark,1326,q6_products_by_seller,0.14130000000000001,0,True,
benchmark,1327,q7_products_join_sellers,0.19800000000000001,0,True,
benchmark,1328,q8_order_items_join_products,0.42999999999999999,4,True,
benchmark,1329,q9_orders_items_products_by_user,0.71430000000000005,5,True,
benchmark,1330,q10_top_sellers_qty,125.1564,20,True,
benchmark,1331,q11_top_categories,0.2268,0,True,
benchmark,1332,q1_user_by_id,0.20680000000000001,1,True,
benchmark,1333,q2_all_users,5.8346,200,True,
benchmark,1334,q3_user_by_login,0.31640000000000001,1,True,
benchmark,1335,q4_sellers_rating,48.648200000000003,100,True,
benchmark,1336,q5_orders_offset,16.013200000000001,50,True,
benchmark,1337,q6_products_by_seller,0.222,1,True,
benchmark,1338,q7_products_join_sellers,0.33950000000000002,1,True,
benchmark,1339,q8_order_items_join_products,0.38950000000000001,3,True,
benchmark,1340,q9_orders_items_products_by_user,0.076100000000000001,0,True,
benchmark,1341,q10_top_sellers_qty,121.0051,20,True,
benchmark,1342,q11_top_categories,0.21990000000000001,0,True,
benchmark,1343,q1_user_by_id,0.19120000000000001,1,True,
benchmark,1344,q2_all_users,10.7272,200,True,
benchmark,1345,q3_user_by_login,0.24959999999999999,1,True,
benchmark,1346,q4_sellers_rating,44.672600000000003,100,True,
benchmark,1347,q5_orders_offset,16.518999999999998,50,True,
benchmark,1348,q6_products_by_seller,0.1686,0,True,
benchmark,1349,q7_products_join_sellers,0.21529999999999999,0,True,
benchmark,1350,q8_order_items_join_products,0.40400000000000003,2,True,
benchmark,1351,q9_orders_items_products_by_user,0.53259999999999996,4,True,
benchmark,1352,q10_top_sellers_qty,109.673,20,True,
benchmark,1353,q11_top_categories,0.20219999999999999,0,True,
benchmark,1354,q1_user_by_id,0.20180000000000001,1,True,
benchmark,1355,q2_all_users,5.5885999999999996,200,True,
benchmark,1356,q3_user_by_login,0.23000000000000001,1,True,
benchmark,1357,q4_sellers_rating,42.228299999999997,100,True,
benchmark,1358,q5_orders_offset,15.674300000000001,50,True,
benchmark,1359,q6_products_by_seller,0.14230000000000001,0,True,
benchmark,1360,q7_products_join_sellers,0.19689999999999999,0,True,
benchmark,1361,q8_order_items_join_products,0.41110000000000002,3,True,
benchmark,1362,q9_orders_items_products_by_user,0.077499999999999999,0,True,
benchmark,1363,q10_top_sellers_qty,105.7649,20,True,
benchmark,1364,q11_top_categories,0.246,0,True,
benchmark,1365,q1_user_by_id,0.1963,1,True,
benchmark,1366,q2_all_users,5.4603000000000002,200,True,
benchmark,1367,q3_user_by_login,0.20749999999999999,1,True,
benchmark,1368,q4_sellers_rating,42.814100000000003,100,True,
benchmark,1369,q5_orders_offset,15.764699999999999,50,True,
benchmark,1370,q6_products_by_seller,0.13189999999999999,0,True,
benchmark,1371,q7_products_join_sellers,0.19339999999999999,0,True,
benchmark,1372,q8_order_items_join_products,0.41349999999999998,2,True,
benchmark,1373,q9_orders_items_products_by_user,0.072999999999999995,0,True,
benchmark,1374,q10_top_sellers_qty,105.0193,20,True,
benchmark,1375,q11_top_categories,11.0093,0,True,
benchmark,1376,q1_user_by_id,4.5537000000000001,1,True,
benchmark,1377,q2_all_users,6.5247000000000002,200,True,
benchmark,1378,q3_user_by_login,0.30509999999999998,1,True,
benchmark,1379,q4_sellers_rating,48.847700000000003,100,True,
benchmark,1380,q5_orders_offset,15.764900000000001,50,True,
benchmark,1381,q6_products_by_seller,0.13370000000000001,0,True,
benchmark,1382,q7_products_join_sellers,0.2077,0,True,
benchmark,1383,q8_order_items_join_products,0.39850000000000002,1,True,
benchmark,1384,q9_orders_items_products_by_user,0.64629999999999999,4,True,
benchmark,1385,q10_top_sellers_qty,117.8322,20,True,
benchmark,1386,q11_top_categories,0.28510000000000002,0,True,
benchmark,1387,q1_user_by_id,0.33539999999999998,1,True,
benchmark,1388,q2_all_users,5.5248999999999997,200,True,
benchmark,1389,q3_user_by_login,0.22020000000000001,1,True,
benchmark,1390,q4_sellers_rating,46.324300000000001,100,True,
benchmark,1391,q5_orders_offset,19.552199999999999,50,True,
benchmark,1392,q6_products_by_seller,0.2777,1,True,
benchmark,1393,q7_products_join_sellers,0.34689999999999999,1,True,
benchmark,1394,q8_order_items_join_products,0.42349999999999999,4,True,
benchmark,1395,q9_orders_items_products_by_user,0.086999999999999994,0,True,
benchmark,1396,q10_top_sellers_qty,119.3984,20,True,
benchmark,1397,q11_top_categories,0.19719999999999999,0,True,
benchmark,1398,q1_user_by_id,0.3135,1,True,
benchmark,1399,q2_all_users,8.9196000000000009,200,True,
benchmark,1400,q3_user_by_login,0.21820000000000001,1,True,
benchmark,1401,q4_sellers_rating,46.1248,100,True,
benchmark,1402,q5_orders_offset,16.136900000000001,50,True,
benchmark,1403,q6_products_by_seller,0.2336,1,True,
benchmark,1404,q7_products_join_sellers,0.34379999999999999,1,True,
benchmark,1405,q8_order_items_join_products,0.40970000000000001,5,True,
benchmark,1406,q9_orders_items_products_by_user,0.41060000000000002,2,True,
benchmark,1407,q10_top_sellers_qty,109.21850000000001,20,True,
benchmark,1408,q11_top_categories,0.2082,0,True,
benchmark,1409,q1_user_by_id,0.22539999999999999,1,True,
benchmark,1410,q2_all_users,7.9320000000000004,200,True,
benchmark,1411,q3_user_by_login,0.21510000000000001,1,True,
benchmark,1412,q4_sellers_rating,45.151600000000002,100,True,
benchmark,1413,q5_orders_offset,15.706899999999999,50,True,
benchmark,1414,q6_products_by_seller,0.15409999999999999,0,True,
benchmark,1415,q7_products_join_sellers,0.19900000000000001,0,True,
benchmark,1416,q8_order_items_join_products,0.42520000000000002,3,True,
benchmark,1417,q9_orders_items_products_by_user,0.086900000000000005,0,True,
benchmark,1418,q10_top_sellers_qty,107.8674,20,True,
benchmark,1419,q11_top_categories,0.2077,0,True,
benchmark,1420,q1_user_by_id,0.2195,1,True,
benchmark,1421,q2_all_users,6.1021000000000001,200,True,
benchmark,1422,q3_user_by_login,0.2235,1,True,
benchmark,1423,q4_sellers_rating,42.889200000000002,100,True,
benchmark,1424,q5_orders_offset,15.7325,50,True,
benchmark,1425,q6_products_by_seller,0.20399999999999999,2,True,
benchmark,1426,q7_products_join_sellers,0.34570000000000001,2,True,
benchmark,1427,q8_order_items_join_products,0.38419999999999999,4,True,
benchmark,1428,q9_orders_items_products_by_user,0.68159999999999998,3,True,
benchmark,1429,q10_top_sellers_qty,123.8237,20,True,
benchmark,1430,q11_top_categories,0.30680000000000002,0,True,
benchmark,1431,q1_user_by_id,0.38419999999999999,1,True,
benchmark,1432,q2_all_users,5.9699999999999998,200,True,
benchmark,1433,q3_user_by_login,0.28570000000000001,1,True,
benchmark,1434,q4_sellers_rating,54.617800000000003,100,True,
benchmark,1435,q5_orders_offset,19.165099999999999,50,True,
benchmark,1436,q6_products_by_seller,0.17899999999999999,0,True,
benchmark,1437,q7_products_join_sellers,0.38800000000000001,0,True,
benchmark,1438,q8_order_items_join_products,1.1212,1,True,
benchmark,1439,q9_orders_items_products_by_user,0.094700000000000006,0,True,
benchmark,1440,q10_top_sellers_qty,116.70820000000001,20,True,
benchmark,1441,q11_top_categories,0.20419999999999999,0,True,
benchmark,1442,q1_user_by_id,0.30270000000000002,1,True,
benchmark,1443,q2_all_users,12.7418,200,True,
benchmark,1444,q3_user_by_login,0.34329999999999999,1,True,
benchmark,1445,q4_sellers_rating,45.116799999999998,100,True,
benchmark,1446,q5_orders_offset,15.7014,50,True,
benchmark,1447,q6_products_by_seller,0.23130000000000001,1,True,
benchmark,1448,q7_products_join_sellers,0.3992,1,True,
benchmark,1449,q8_order_items_join_products,0.41970000000000002,1,True,
benchmark,1450,q9_orders_items_products_by_user,1.2524,10,True,
benchmark,1451,q10_top_sellers_qty,112.4572,20,True,
benchmark,1452,q11_top_categories,0.29170000000000001,0,True,
benchmark,1453,q1_user_by_id,0.27339999999999998,1,True,
benchmark,1454,q2_all_users,6.3109000000000002,200,True,
benchmark,1455,q3_user_by_login,0.33950000000000002,1,True,
benchmark,1456,q4_sellers_rating,44.643999999999998,100,True,
benchmark,1457,q5_orders_offset,15.8513,50,True,
benchmark,1458,q6_products_by_seller,0.2243,1,True,
benchmark,1459,q7_products_join_sellers,0.34960000000000002,1,True,
benchmark,1460,q8_order_items_join_products,0.40300000000000002,2,True,
benchmark,1461,q9_orders_items_products_by_user,0.3397,1,True,
benchmark,1462,q10_top_sellers_qty,122.5462,20,True,
benchmark,1463,q11_top_categories,0.21909999999999999,0,True,
benchmark,1464,q1_user_by_id,0.1893,1,True,
benchmark,1465,q2_all_users,5.8992000000000004,200,True,
benchmark,1466,q3_user_by_login,0.2094,1,True,
benchmark,1467,q4_sellers_rating,45.314599999999999,100,True,
benchmark,1468,q5_orders_offset,15.655900000000001,50,True,
benchmark,1469,q6_products_by_seller,0.21010000000000001,1,True,
benchmark,1470,q7_products_join_sellers,0.34499999999999997,1,True,
benchmark,1471,q8_order_items_join_products,0.378,2,True,
benchmark,1472,q9_orders_items_products_by_user,0.72319999999999995,5,True,
benchmark,1473,q10_top_sellers_qty,111.9675,20,True,
benchmark,1474,q11_top_categories,0.1978,0,True,
benchmark,1475,q1_user_by_id,0.2616,1,True,
benchmark,1476,q2_all_users,6.2119999999999997,200,True,
benchmark,1477,q3_user_by_login,0.20319999999999999,1,True,
benchmark,1478,q4_sellers_rating,50.128399999999999,100,True,
benchmark,1479,q5_orders_offset,16.0121,50,True,
benchmark,1480,q6_products_by_seller,0.2442,1,True,
benchmark,1481,q7_products_join_sellers,0.33460000000000001,1,True,
benchmark,1482,q8_order_items_join_products,0.39900000000000002,5,True,
benchmark,1483,q9_orders_items_products_by_user,0.078700000000000006,0,True,
benchmark,1484,q10_top_sellers_qty,116.8008,20,True,
benchmark,1485,q11_top_categories,0.23180000000000001,0,True,
benchmark,1486,q1_user_by_id,0.25480000000000003,1,True,
benchmark,1487,q2_all_users,8.0297000000000001,200,True,
benchmark,1488,q3_user_by_login,0.31740000000000002,1,True,
benchmark,1489,q4_sellers_rating,48.085000000000001,100,True,
benchmark,1490,q5_orders_offset,15.9299,50,True,
benchmark,1491,q6_products_by_seller,0.21970000000000001,1,True,
benchmark,1492,q7_products_join_sellers,0.33429999999999999,1,True,
benchmark,1493,q8_order_items_join_products,0.40539999999999998,5,True,
benchmark,1494,q9_orders_items_products_by_user,0.4955,2,True,
benchmark,1495,q10_top_sellers_qty,97.337400000000002,20,True,
benchmark,1496,q11_top_categories,0.2137,0,True,
benchmark,1497,q1_user_by_id,0.21010000000000001,1,True,
benchmark,1498,q2_all_users,6.0362,200,True,
benchmark,1499,q3_user_by_login,0.24340000000000001,1,True,
benchmark,1500,q4_sellers_rating,48.116799999999998,100,True,
benchmark,1501,q5_orders_offset,16.608699999999999,50,True,
benchmark,1502,q6_products_by_seller,0.14910000000000001,0,True,
benchmark,1503,q7_products_join_sellers,0.19850000000000001,0,True,
benchmark,1504,q8_order_items_join_products,0.3972,3,True,
benchmark,1505,q9_orders_items_products_by_user,2.2519999999999998,7,True,
benchmark,1506,q10_top_sellers_qty,114.3725,20,True,
benchmark,1507,q11_top_categories,0.19950000000000001,0,True,
benchmark,1508,q1_user_by_id,0.25080000000000002,1,True,
benchmark,1509,q2_all_users,5.9016999999999999,200,True,
benchmark,1510,q3_user_by_login,0.26300000000000001,1,True,
benchmark,1511,q4_sellers_rating,39.594299999999997,100,True,
benchmark,1512,q5_orders_offset,24.724299999999999,50,True,
benchmark,1513,q6_products_by_seller,0.14699999999999999,0,True,
benchmark,1514,q7_products_join_sellers,0.20319999999999999,0,True,
benchmark,1515,q8_order_items_join_products,0.40100000000000002,1,True,
benchmark,1516,q9_orders_items_products_by_user,0.075499999999999998,0,True,
benchmark,1517,q10_top_sellers_qty,101.5107,20,True,
benchmark,1518,q11_top_categories,0.19670000000000001,0,True,
benchmark,1519,q1_user_by_id,0.25629999999999997,1,True,
benchmark,1520,q2_all_users,8.8209999999999997,200,True,
benchmark,1521,q3_user_by_login,0.28120000000000001,1,True,
benchmark,1522,q4_sellers_rating,43.976799999999997,100,True,
benchmark,1523,q5_orders_offset,15.5907,50,True,
benchmark,1524,q6_products_by_seller,0.22259999999999999,3,True,
benchmark,1525,q7_products_join_sellers,0.3332,3,True,
benchmark,1526,q8_order_items_join_products,0.36959999999999998,4,True,
benchmark,1527,q9_orders_items_products_by_user,0.65600000000000003,5,True,
benchmark,1528,q10_top_sellers_qty,99.424499999999995,20,True,
benchmark,1529,q11_top_categories,0.2122,0,True,
benchmark,1530,q1_user_by_id,0.30669999999999997,1,True,
benchmark,1531,q2_all_users,5.4618000000000002,200,True,
benchmark,1532,q3_user_by_login,0.18590000000000001,1,True,
benchmark,1533,q4_sellers_rating,38.317799999999998,100,True,
benchmark,1534,q5_orders_offset,19.420999999999999,50,True,
benchmark,1535,q6_products_by_seller,0.22539999999999999,1,True,
benchmark,1536,q7_products_join_sellers,0.36180000000000001,1,True,
benchmark,1537,q8_order_items_join_products,0.3876,2,True,
benchmark,1538,q9_orders_items_products_by_user,0.2203,0,True,
benchmark,1539,q10_top_sellers_qty,104.349,20,True,
benchmark,1540,q11_top_categories,0.20419999999999999,0,True,
benchmark,1541,q1_user_by_id,0.2472,1,True,
benchmark,1542,q2_all_users,12.3729,200,True,
benchmark,1543,q3_user_by_login,0.30459999999999998,1,True,
benchmark,1544,q4_sellers_rating,43.911099999999998,100,True,
benchmark,1545,q5_orders_offset,15.890000000000001,50,True,
benchmark,1546,q6_products_by_seller,0.25430000000000003,2,True,
benchmark,1547,q7_products_join_sellers,0.36809999999999998,2,True,
benchmark,1548,q8_order_items_join_products,0.44119999999999998,3,True,
benchmark,1549,q9_orders_items_products_by_user,0.089999999999999997,0,True,
benchmark,1550,q10_top_sellers_qty,104.2812,20,True,
benchmark,1551,q11_top_categories,0.21640000000000001,0,True,
benchmark,1552,q1_user_by_id,0.27779999999999999,1,True,
benchmark,1553,q2_all_users,5.9523999999999999,200,True,
benchmark,1554,q3_user_by_login,0.25679999999999997,1,True,
benchmark,1555,q4_sellers_rating,42.1511,100,True,
benchmark,1556,q5_orders_offset,15.6454,50,True,
benchmark,1557,q6_products_by_seller,0.2263,1,True,
benchmark,1558,q7_products_join_sellers,0.3417,1,True,
benchmark,1559,q8_order_items_join_products,0.3861,2,True,
benchmark,1560,q9_orders_items_products_by_user,0.52769999999999995,4,True,
benchmark,1561,q10_top_sellers_qty,118.465,20,True,
benchmark,1562,q11_top_categories,0.19769999999999999,0,True,
benchmark,1563,q1_user_by_id,0.33989999999999998,1,True,
benchmark,1564,q2_all_users,6.9649999999999999,200,True,
benchmark,1565,q3_user_by_login,0.30880000000000002,1,True,
benchmark,1566,q4_sellers_rating,43.534199999999998,100,True,
benchmark,1567,q5_orders_offset,15.835800000000001,50,True,
benchmark,1568,q6_products_by_seller,0.1237,0,True,
benchmark,1569,q7_products_join_sellers,0.1835,0,True,
benchmark,1570,q8_order_items_join_products,0.40029999999999999,5,True,
benchmark,1571,q9_orders_items_products_by_user,0.21759999999999999,0,True,
benchmark,1572,q10_top_sellers_qty,118.1893,20,True,
benchmark,1573,q11_top_categories,0.1951,0,True,
benchmark,1574,q1_user_by_id,0.19189999999999999,1,True,
benchmark,1575,q2_all_users,5.8197000000000001,200,True,
benchmark,1576,q3_user_by_login,0.22120000000000001,1,True,
benchmark,1577,q4_sellers_rating,47.845100000000002,100,True,
benchmark,1578,q5_orders_offset,19.089099999999998,50,True,
benchmark,1579,q6_products_by_seller,0.1386,0,True,
benchmark,1580,q7_products_join_sellers,0.19689999999999999,0,True,
benchmark,1581,q8_order_items_join_products,0.4032,2,True,
benchmark,1582,q9_orders_items_products_by_user,0.075200000000000003,0,True,
benchmark,1583,q10_top_sellers_qty,118.453,20,True,
benchmark,1584,q11_top_categories,0.2354,0,True,
benchmark,1585,q1_user_by_id,0.223,1,True,
benchmark,1586,q2_all_users,9.7680000000000007,200,True,
benchmark,1587,q3_user_by_login,0.29949999999999999,1,True,
benchmark,1588,q4_sellers_rating,45.118099999999998,100,True,
benchmark,1589,q5_orders_offset,15.7224,50,True,
benchmark,1590,q6_products_by_seller,0.217,1,True,
benchmark,1591,q7_products_join_sellers,0.32940000000000003,1,True,
benchmark,1592,q8_order_items_join_products,0.38469999999999999,3,True,
benchmark,1593,q9_orders_items_products_by_user,0.084500000000000006,0,True,
benchmark,1594,q10_top_sellers_qty,116.1913,20,True,
benchmark,1595,q11_top_categories,0.19550000000000001,0,True,
benchmark,1596,q1_user_by_id,0.29409999999999997,1,True,
benchmark,1597,q2_all_users,5.9039999999999999,200,True,
benchmark,1598,q3_user_by_login,0.21249999999999999,1,True,
benchmark,1599,q4_sellers_rating,45.740699999999997,100,True,
benchmark,1600,q5_orders_offset,15.8712,50,True,
benchmark,1601,q6_products_by_seller,0.22750000000000001,3,True,
benchmark,1602,q7_products_join_sellers,0.33679999999999999,3,True,
benchmark,1603,q8_order_items_join_products,0.37590000000000001,1,True,
benchmark,1604,q9_orders_items_products_by_user,0.076700000000000004,0,True,
benchmark,1605,q10_top_sellers_qty,109.35209999999999,20,True,
benchmark,1606,q11_top_categories,0.22439999999999999,0,True,
benchmark,1607,q1_user_by_id,0.1983,1,True,
benchmark,1608,q2_all_users,5.5628000000000002,200,True,
benchmark,1609,q3_user_by_login,0.24429999999999999,1,True,
benchmark,1610,q4_sellers_rating,43.482900000000001,100,True,
benchmark,1611,q5_orders_offset,16.037700000000001,50,True,
benchmark,1612,q6_products_by_seller,0.2167,1,True,
benchmark,1613,q7_products_join_sellers,0.33179999999999998,1,True,
benchmark,1614,q8_order_items_join_products,0.40100000000000002,5,True,
benchmark,1615,q9_orders_items_products_by_user,0.082299999999999998,0,True,
benchmark,1616,q10_top_sellers_qty,117.66970000000001,20,True,
benchmark,1617,q11_top_categories,0.19650000000000001,0,True,
benchmark,1618,q1_user_by_id,0.29570000000000002,1,True,
benchmark,1619,q2_all_users,5.9657999999999998,200,True,
benchmark,1620,q3_user_by_login,0.21010000000000001,1,True,
benchmark,1621,q4_sellers_rating,44.8048,100,True,
benchmark,1622,q5_orders_offset,15.971299999999999,50,True,
benchmark,1623,q6_products_by_seller,0.14419999999999999,0,True,
benchmark,1624,q7_products_join_sellers,0.20019999999999999,0,True,
benchmark,1625,q8_order_items_join_products,0.40179999999999999,4,True,
benchmark,1626,q9_orders_items_products_by_user,0.080699999999999994,0,True,
benchmark,1627,q10_top_sellers_qty,117.2021,20,True,
benchmark,1628,q11_top_categories,0.19919999999999999,0,True,
benchmark,1629,q1_user_by_id,0.30070000000000002,1,True,
benchmark,1630,q2_all_users,9.3874999999999993,200,True,
benchmark,1631,q3_user_by_login,0.36199999999999999,1,True,
benchmark,1632,q4_sellers_rating,44.823700000000002,100,True,
benchmark,1633,q5_orders_offset,15.6206,50,True,
benchmark,1634,q6_products_by_seller,0.1351,0,True,
benchmark,1635,q7_products_join_sellers,0.19120000000000001,0,True,
benchmark,1636,q8_order_items_join_products,0.39250000000000002,2,True,
benchmark,1637,q9_orders_items_products_by_user,0.077399999999999997,0,True,
benchmark,1638,q10_top_sellers_qty,105.4337,20,True,
benchmark,1639,q11_top_categories,0.20979999999999999,0,True,
benchmark,1640,q1_user_by_id,0.23119999999999999,1,True,
benchmark,1641,q2_all_users,6.8090000000000002,200,True,
benchmark,1642,q3_user_by_login,0.25269999999999998,1,True,
benchmark,1643,q4_sellers_rating,42.737099999999998,100,True,
benchmark,1644,q5_orders_offset,15.698499999999999,50,True,
benchmark,1645,q6_products_by_seller,0.20730000000000001,1,True,
benchmark,1646,q7_products_join_sellers,0.3251,1,True,
benchmark,1647,q8_order_items_join_products,0.38469999999999999,3,True,
benchmark,1648,q9_orders_items_products_by_user,0.077200000000000005,0,True,
benchmark,1649,q10_top_sellers_qty,106.21980000000001,20,True,
benchmark,1650,q11_top_categories,0.18759999999999999,0,True,
benchmark,1651,q1_user_by_id,0.25009999999999999,1,True,
benchmark,1652,q2_all_users,5.3982000000000001,200,True,
benchmark,1653,q3_user_by_login,0.26629999999999998,1,True,
benchmark,1654,q4_sellers_rating,40.3172,100,True,
benchmark,1655,q5_orders_offset,19.610499999999998,50,True,
benchmark,1656,q6_products_by_seller,0.21160000000000001,2,True,
benchmark,1657,q7_products_join_sellers,0.36630000000000001,2,True,
benchmark,1658,q8_order_items_join_products,0.3765,2,True,
benchmark,1659,q9_orders_items_products_by_user,0.073700000000000002,0,True,
benchmark,1660,q10_top_sellers_qty,107.4333,20,True,
benchmark,1661,q11_top_categories,0.2064,0,True,
benchmark,1662,q1_user_by_id,0.2059,1,True,
benchmark,1663,q2_all_users,9.0257000000000005,200,True,
benchmark,1664,q3_user_by_login,0.29149999999999998,1,True,
benchmark,1665,q4_sellers_rating,44.956200000000003,100,True,
benchmark,1666,q5_orders_offset,15.834099999999999,50,True,
benchmark,1667,q6_products_by_seller,0.1757,0,True,
benchmark,1668,q7_products_join_sellers,0.21920000000000001,0,True,
benchmark,1669,q8_order_items_join_products,0.40050000000000002,1,True,
benchmark,1670,q9_orders_items_products_by_user,0.2074,0,True,
benchmark,1671,q10_top_sellers_qty,112.6143,20,True,
benchmark,1672,q11_top_categories,0.19969999999999999,0,True,
benchmark,1673,q1_user_by_id,0.23999999999999999,1,True,
benchmark,1674,q2_all_users,7.9268000000000001,200,True,
benchmark,1675,q3_user_by_login,0.21560000000000001,1,True,
benchmark,1676,q4_sellers_rating,44.406599999999997,100,True,
benchmark,1677,q5_orders_offset,15.959199999999999,50,True,
benchmark,1678,q6_products_by_seller,0.1638,0,True,
benchmark,1679,q7_products_join_sellers,0.2036,0,True,
benchmark,1680,q8_order_items_join_products,0.42770000000000002,4,True,
benchmark,1681,q9_orders_items_products_by_user,0.075499999999999998,0,True,
benchmark,1682,q10_top_sellers_qty,102.4692,20,True,
benchmark,1683,q11_top_categories,0.21260000000000001,0,True,
benchmark,1684,q1_user_by_id,0.2631,1,True,
benchmark,1685,q2_all_users,5.5091999999999999,200,True,
benchmark,1686,q3_user_by_login,0.24030000000000001,1,True,
benchmark,1687,q4_sellers_rating,42.362000000000002,100,True,
benchmark,1688,q5_orders_offset,16.056699999999999,50,True,
benchmark,1689,q6_products_by_seller,0.22090000000000001,2,True,
benchmark,1690,q7_products_join_sellers,0.34710000000000002,2,True,
benchmark,1691,q8_order_items_join_products,0.39050000000000001,3,True,
benchmark,1692,q9_orders_items_products_by_user,0.074700000000000003,0,True,
benchmark,1693,q10_top_sellers_qty,132.3854,20,True,
benchmark,1694,q11_top_categories,0.86509999999999998,0,True,
benchmark,1695,q1_user_by_id,0.32329999999999998,1,True,
benchmark,1696,q2_all_users,6.5300000000000002,200,True,
benchmark,1697,q3_user_by_login,0.2419,1,True,
benchmark,1698,q4_sellers_rating,55.471600000000002,100,True,
benchmark,1699,q5_orders_offset,19.385300000000001,50,True,
benchmark,1700,q6_products_by_seller,0.22520000000000001,2,True,
benchmark,1701,q7_products_join_sellers,0.35709999999999997,2,True,
benchmark,1702,q8_order_items_join_products,0.39090000000000003,4,True,
benchmark,1703,q9_orders_items_products_by_user,0.22720000000000001,0,True,
benchmark,1704,q10_top_sellers_qty,108.9436,20,True,
benchmark,1705,q11_top_categories,0.20430000000000001,0,True,
benchmark,1706,q1_user_by_id,0.23599999999999999,1,True,
benchmark,1707,q2_all_users,12.0381,200,True,
benchmark,1708,q3_user_by_login,0.32529999999999998,1,True,
benchmark,1709,q4_sellers_rating,49.262700000000002,100,True,
benchmark,1710,q5_orders_offset,15.787699999999999,50,True,
benchmark,1711,q6_products_by_seller,0.2102,1,True,
benchmark,1712,q7_products_join_sellers,0.36570000000000003,1,True,
benchmark,1713,q8_order_items_join_products,0.38369999999999999,5,True,
benchmark,1714,q9_orders_items_products_by_user,0.52500000000000002,3,True,
benchmark,1715,q10_top_sellers_qty,102.2209,20,True,
benchmark,1716,q11_top_categories,0.2097,0,True,
benchmark,1717,q1_user_by_id,0.2366,1,True,
benchmark,1718,q2_all_users,6.1375999999999999,200,True,
benchmark,1719,q3_user_by_login,0.28270000000000001,1,True,
benchmark,1720,q4_sellers_rating,44.8628,100,True,
benchmark,1721,q5_orders_offset,15.7722,50,True,
benchmark,1722,q6_products_by_seller,0.23150000000000001,1,True,
benchmark,1723,q7_products_join_sellers,0.34949999999999998,1,True,
benchmark,1724,q8_order_items_join_products,0.37440000000000001,1,True,
benchmark,1725,q9_orders_items_products_by_user,0.83599999999999997,5,True,
benchmark,1726,q10_top_sellers_qty,122.55329999999999,20,True,
benchmark,1727,q11_top_categories,0.20349999999999999,0,True,
benchmark,1728,q1_user_by_id,0.19620000000000001,1,True,
benchmark,1729,q2_all_users,6.0058999999999996,200,True,
benchmark,1730,q3_user_by_login,0.28389999999999999,1,True,
benchmark,1731,q4_sellers_rating,47.511200000000002,100,True,
benchmark,1732,q5_orders_offset,15.576000000000001,50,True,
benchmark,1733,q6_products_by_seller,0.12770000000000001,0,True,
benchmark,1734,q7_products_join_sellers,0.19059999999999999,0,True,
benchmark,1735,q8_order_items_join_products,0.42330000000000001,5,True,
benchmark,1736,q9_orders_items_products_by_user,0.5343,4,True,
benchmark,1737,q10_top_sellers_qty,108.32250000000001,20,True,
benchmark,1738,q11_top_categories,0.20380000000000001,0,True,
benchmark,1739,q1_user_by_id,0.18490000000000001,1,True,
benchmark,1740,q2_all_users,8.8399999999999999,200,True,
benchmark,1741,q3_user_by_login,0.31569999999999998,1,True,
benchmark,1742,q4_sellers_rating,43.129300000000001,100,True,
benchmark,1743,q5_orders_offset,15.7332,50,True,
benchmark,1744,q6_products_by_seller,0.20979999999999999,2,True,
benchmark,1745,q7_products_join_sellers,0.3387,2,True,
benchmark,1746,q8_order_items_join_products,0.38600000000000001,2,True,
benchmark,1747,q9_orders_items_products_by_user,0.20130000000000001,0,True,
benchmark,1748,q10_top_sellers_qty,110.4268,20,True,
benchmark,1749,q11_top_categories,0.1958,0,True,
benchmark,1750,q1_user_by_id,0.2122,1,True,
benchmark,1751,q2_all_users,7.5846,200,True,
benchmark,1752,q3_user_by_login,0.25019999999999998,1,True,
benchmark,1753,q4_sellers_rating,44.200200000000002,100,True,
benchmark,1754,q5_orders_offset,16.078600000000002,50,True,
benchmark,1755,q6_products_by_seller,0.2104,1,True,
benchmark,1756,q7_products_join_sellers,0.34279999999999999,1,True,
benchmark,1757,q8_order_items_join_products,0.36820000000000003,3,True,
benchmark,1758,q9_orders_items_products_by_user,0.074999999999999997,0,True,
benchmark,1759,q10_top_sellers_qty,103.4748,20,True,
benchmark,1760,q11_top_categories,0.20799999999999999,0,True,
benchmark,1761,q1_user_by_id,0.26329999999999998,1,True,
benchmark,1762,q2_all_users,6.3201000000000001,200,True,
benchmark,1763,q3_user_by_login,0.2475,1,True,
benchmark,1764,q4_sellers_rating,42.5381,100,True,
benchmark,1765,q5_orders_offset,15.905200000000001,50,True,
benchmark,1766,q6_products_by_seller,0.23069999999999999,1,True,
benchmark,1767,q7_products_join_sellers,0.3352,1,True,
benchmark,1768,q8_order_items_join_products,0.39900000000000002,5,True,
benchmark,1769,q9_orders_items_products_by_user,0.5605,4,True,
benchmark,1770,q10_top_sellers_qty,113.9221,20,True,
benchmark,1771,q11_top_categories,0.19350000000000001,0,True,
benchmark,1772,q1_user_by_id,0.2681,1,True,
benchmark,1773,q2_all_users,5.8120000000000003,200,True,
benchmark,1774,q3_user_by_login,0.24859999999999999,1,True,
benchmark,1775,q4_sellers_rating,39.049999999999997,100,True,
benchmark,1776,q5_orders_offset,19.2043,50,True,
benchmark,1777,q6_products_by_seller,0.22059999999999999,3,True,
benchmark,1778,q7_products_join_sellers,0.35959999999999998,3,True,
benchmark,1779,q8_order_items_join_products,0.39489999999999997,3,True,
benchmark,1780,q9_orders_items_products_by_user,0.075899999999999995,0,True,
benchmark,1781,q10_top_sellers_qty,112.1904,20,True,
benchmark,1782,q11_top_categories,0.19869999999999999,0,True,
benchmark,1783,q1_user_by_id,0.29220000000000002,1,True,
benchmark,1784,q2_all_users,10.3217,200,True,
benchmark,1785,q3_user_by_login,0.30599999999999999,1,True,
benchmark,1786,q4_sellers_rating,46.3521,100,True,
benchmark,1787,q5_orders_offset,15.808199999999999,50,True,
benchmark,1788,q6_products_by_seller,0.13769999999999999,0,True,
benchmark,1789,q7_products_join_sellers,0.19320000000000001,0,True,
benchmark,1790,q8_order_items_join_products,0.38750000000000001,1,True,
benchmark,1791,q9_orders_items_products_by_user,0.48409999999999997,2,True,
benchmark,1792,q10_top_sellers_qty,99.285200000000003,20,True,
benchmark,1793,q11_top_categories,0.25390000000000001,0,True,
benchmark,1794,q1_user_by_id,0.2341,1,True,
benchmark,1795,q2_all_users,9.4627999999999997,200,True,
benchmark,1796,q3_user_by_login,0.26750000000000002,1,True,
benchmark,1797,q4_sellers_rating,44.1175,100,True,
benchmark,1798,q5_orders_offset,16.146999999999998,50,True,
benchmark,1799,q6_products_by_seller,0.23000000000000001,3,True,
benchmark,1800,q7_products_join_sellers,0.35410000000000003,3,True,
benchmark,1801,q8_order_items_join_products,0.40679999999999999,2,True,
benchmark,1802,q9_orders_items_products_by_user,0.59489999999999998,4,True,
benchmark,1803,q10_top_sellers_qty,101.0856,20,True,
benchmark,1804,q11_top_categories,0.20780000000000001,0,True,
benchmark,1805,q1_user_by_id,0.21870000000000001,1,True,
benchmark,1806,q2_all_users,6.0296000000000003,200,True,
benchmark,1807,q3_user_by_login,0.20330000000000001,1,True,
benchmark,1808,q4_sellers_rating,41.816699999999997,100,True,
benchmark,1809,q5_orders_offset,15.681900000000001,50,True,
benchmark,1810,q6_products_by_seller,0.2442,1,True,
benchmark,1811,q7_products_join_sellers,0.42559999999999998,1,True,
benchmark,1812,q8_order_items_join_products,0.44450000000000001,5,True,
benchmark,1813,q9_orders_items_products_by_user,0.096500000000000002,0,True,
benchmark,1814,q10_top_sellers_qty,119.5505,20,True,
benchmark,1815,q11_top_categories,0.19789999999999999,0,True,
benchmark,1816,q1_user_by_id,0.30249999999999999,1,True,
benchmark,1817,q2_all_users,6.2480000000000002,200,True,
benchmark,1818,q3_user_by_login,0.31259999999999999,1,True,
benchmark,1819,q4_sellers_rating,47.500900000000001,100,True,
benchmark,1820,q5_orders_offset,18.728100000000001,50,True,
benchmark,1821,q6_products_by_seller,0.2177,2,True,
benchmark,1822,q7_products_join_sellers,0.35149999999999998,2,True,
benchmark,1823,q8_order_items_join_products,0.37609999999999999,2,True,
benchmark,1824,q9_orders_items_products_by_user,0.2014,0,True,
benchmark,1825,q10_top_sellers_qty,115.65219999999999,20,True,
benchmark,1826,q11_top_categories,0.2742,0,True,
benchmark,1827,q1_user_by_id,0.29249999999999998,1,True,
benchmark,1828,q2_all_users,9.4587000000000003,200,True,
benchmark,1829,q3_user_by_login,0.31830000000000003,1,True,
benchmark,1830,q4_sellers_rating,51.902500000000003,100,True,
benchmark,1831,q5_orders_offset,16.021699999999999,50,True,
benchmark,1832,q6_products_by_seller,0.14149999999999999,0,True,
benchmark,1833,q7_products_join_sellers,0.2145,0,True,
benchmark,1834,q8_order_items_join_products,0.42820000000000003,5,True,
benchmark,1835,q9_orders_items_products_by_user,0.23960000000000001,0,True,
benchmark,1836,q10_top_sellers_qty,118.6846,20,True,
benchmark,1837,q11_top_categories,0.21529999999999999,0,True,
benchmark,1838,q1_user_by_id,0.21659999999999999,1,True,
benchmark,1839,q2_all_users,6.0506000000000002,200,True,
benchmark,1840,q3_user_by_login,0.22120000000000001,1,True,
benchmark,1841,q4_sellers_rating,50.1556,100,True,
benchmark,1842,q5_orders_offset,16.054099999999998,50,True,
benchmark,1843,q6_products_by_seller,0.21340000000000001,2,True,
benchmark,1844,q7_products_join_sellers,0.31809999999999999,2,True,
benchmark,1845,q8_order_items_join_products,0.3745,4,True,
benchmark,1846,q9_orders_items_products_by_user,0.36180000000000001,1,True,
benchmark,1847,q10_top_sellers_qty,114.36199999999999,20,True,
benchmark,1848,q11_top_categories,0.20369999999999999,0,True,
benchmark,1849,q1_user_by_id,0.21360000000000001,1,True,
benchmark,1850,q2_all_users,5.9985999999999997,200,True,
benchmark,1851,q3_user_by_login,0.28399999999999997,1,True,
benchmark,1852,q4_sellers_rating,43.822200000000002,100,True,
benchmark,1853,q5_orders_offset,15.707100000000001,50,True,
benchmark,1854,q6_products_by_seller,0.21859999999999999,1,True,
benchmark,1855,q7_products_join_sellers,0.34429999999999999,1,True,
benchmark,1856,q8_order_items_join_products,0.39729999999999999,4,True,
benchmark,1857,q9_orders_items_products_by_user,0.083299999999999999,0,True,
benchmark,1858,q10_top_sellers_qty,122.5149,20,True,
benchmark,1859,q11_top_categories,0.19089999999999999,0,True,
benchmark,1860,q1_user_by_id,0.29470000000000002,1,True,
benchmark,1861,q2_all_users,6.6420000000000003,200,True,
benchmark,1862,q3_user_by_login,0.20979999999999999,1,True,
benchmark,1863,q4_sellers_rating,45.322800000000001,100,True,
benchmark,1864,q5_orders_offset,18.579499999999999,50,True,
benchmark,1865,q6_products_by_seller,0.1409,0,True,
benchmark,1866,q7_products_join_sellers,0.20469999999999999,0,True,
benchmark,1867,q8_order_items_join_products,0.40870000000000001,4,True,
benchmark,1868,q9_orders_items_products_by_user,0.29349999999999998,0,True,
benchmark,1869,q10_top_sellers_qty,117.8142,20,True,
benchmark,1870,q11_top_categories,0.19259999999999999,0,True,
benchmark,1871,q1_user_by_id,0.30370000000000003,1,True,
benchmark,1872,q2_all_users,8.8178000000000001,200,True,
benchmark,1873,q3_user_by_login,0.1956,1,True,
benchmark,1874,q4_sellers_rating,45.863900000000001,100,True,
benchmark,1875,q5_orders_offset,15.939299999999999,50,True,
benchmark,1876,q6_products_by_seller,0.17530000000000001,0,True,
benchmark,1877,q7_products_join_sellers,0.20449999999999999,0,True,
benchmark,1878,q8_order_items_join_products,0.47460000000000002,4,True,
benchmark,1879,q9_orders_items_products_by_user,0.623,1,True,
benchmark,1880,q10_top_sellers_qty,119.6618,20,True,
benchmark,1881,q11_top_categories,0.20669999999999999,0,True,
benchmark,1882,q1_user_by_id,0.21329999999999999,1,True,
benchmark,1883,q2_all_users,7.9371999999999998,200,True,
benchmark,1884,q3_user_by_login,0.22120000000000001,1,True,
benchmark,1885,q4_sellers_rating,44.730400000000003,100,True,
benchmark,1886,q5_orders_offset,15.7622,50,True,
benchmark,1887,q6_products_by_seller,0.1356,0,True,
benchmark,1888,q7_products_join_sellers,0.19620000000000001,0,True,
benchmark,1889,q8_order_items_join_products,0.4249,3,True,
benchmark,1890,q9_orders_items_products_by_user,0.21299999999999999,0,True,
benchmark,1891,q10_top_sellers_qty,104.64700000000001,20,True,
benchmark,1892,q11_top_categories,0.95569999999999999,0,True,
benchmark,1893,q1_user_by_id,0.54810000000000003,1,True,
benchmark,1894,q2_all_users,5.5972999999999997,200,True,
benchmark,1895,q3_user_by_login,0.2505,1,True,
benchmark,1896,q4_sellers_rating,40.610799999999998,100,True,
benchmark,1897,q5_orders_offset,15.9034,50,True,
benchmark,1898,q6_products_by_seller,0.1971,2,True,
benchmark,1899,q7_products_join_sellers,0.35489999999999999,2,True,
benchmark,1900,q8_order_items_join_products,0.35020000000000001,1,True,
benchmark,1901,q9_orders_items_products_by_user,0.080600000000000005,0,True,
benchmark,1902,q10_top_sellers_qty,119.39879999999999,20,True,
benchmark,1903,q11_top_categories,0.25330000000000003,0,True,
benchmark,1904,q1_user_by_id,0.45960000000000001,1,True,
benchmark,1905,q2_all_users,6.9055,200,True,
benchmark,1906,q3_user_by_login,0.20930000000000001,1,True,
benchmark,1907,q4_sellers_rating,44.967199999999998,100,True,
benchmark,1908,q5_orders_offset,19.1922,50,True,
benchmark,1909,q6_products_by_seller,0.14199999999999999,0,True,
benchmark,1910,q7_products_join_sellers,0.19109999999999999,0,True,
benchmark,1911,q8_order_items_join_products,0.40639999999999998,3,True,
benchmark,1912,q9_orders_items_products_by_user,0.52100000000000002,3,True,
benchmark,1913,q10_top_sellers_qty,106.23650000000001,20,True,
benchmark,1914,q11_top_categories,0.25979999999999998,0,True,
benchmark,1915,q1_user_by_id,0.26750000000000002,1,True,
benchmark,1916,q2_all_users,12.9946,200,True,
benchmark,1917,q3_user_by_login,0.33489999999999998,1,True,
benchmark,1918,q4_sellers_rating,46.354700000000001,100,True,
benchmark,1919,q5_orders_offset,15.956099999999999,50,True,
benchmark,1920,q6_products_by_seller,0.2235,1,True,
benchmark,1921,q7_products_join_sellers,0.34410000000000002,1,True,
benchmark,1922,q8_order_items_join_products,0.39929999999999999,5,True,
benchmark,1923,q9_orders_items_products_by_user,0.74629999999999996,5,True,
benchmark,1924,q10_top_sellers_qty,95.993600000000001,20,True,
benchmark,1925,q11_top_categories,0.87860000000000005,0,True,
benchmark,1926,q1_user_by_id,0.2162,1,True,
benchmark,1927,q2_all_users,8.1430000000000007,200,True,
benchmark,1928,q3_user_by_login,0.31669999999999998,1,True,
benchmark,1929,q4_sellers_rating,40.329799999999999,100,True,
benchmark,1930,q5_orders_offset,15.9999,50,True,
benchmark,1931,q6_products_by_seller,0.2132,1,True,
benchmark,1932,q7_products_join_sellers,0.42080000000000001,1,True,
benchmark,1933,q8_order_items_join_products,0.45650000000000002,3,True,
benchmark,1934,q9_orders_items_products_by_user,0.22939999999999999,0,True,
benchmark,1935,q10_top_sellers_qty,119.62569999999999,20,True,
benchmark,1936,q11_top_categories,0.21920000000000001,0,True,
benchmark,1937,q1_user_by_id,0.25419999999999998,1,True,
benchmark,1938,q2_all_users,5.5777999999999999,200,True,
benchmark,1939,q3_user_by_login,0.29749999999999999,1,True,
benchmark,1940,q4_sellers_rating,43.530999999999999,100,True,
benchmark,1941,q5_orders_offset,15.9259,50,True,
benchmark,1942,q6_products_by_seller,0.13819999999999999,0,True,
benchmark,1943,q7_products_join_sellers,0.19400000000000001,0,True,
benchmark,1944,q8_order_items_join_products,0.4199,3,True,
benchmark,1945,q9_orders_items_products_by_user,0.72619999999999996,5,True,
benchmark,1946,q10_top_sellers_qty,104.6803,20,True,
benchmark,1947,q11_top_categories,0.2266,0,True,
benchmark,1948,q1_user_by_id,0.36020000000000002,1,True,
benchmark,1949,q2_all_users,8.7712000000000003,200,True,
benchmark,1950,q3_user_by_login,0.221,1,True,
benchmark,1951,q4_sellers_rating,40.9422,100,True,
benchmark,1952,q5_orders_offset,15.4839,50,True,
benchmark,1953,q6_products_by_seller,0.22750000000000001,2,True,
benchmark,1954,q7_products_join_sellers,0.38,2,True,
benchmark,1955,q8_order_items_join_products,0.42880000000000001,4,True,
benchmark,1956,q9_orders_items_products_by_user,0.2225,0,True,
benchmark,1957,q10_top_sellers_qty,105.79430000000001,20,True,
benchmark,1958,q11_top_categories,0.23769999999999999,0,True,
benchmark,1959,q1_user_by_id,0.25779999999999997,1,True,
benchmark,1960,q2_all_users,8.6663999999999994,200,True,
benchmark,1961,q3_user_by_login,0.22500000000000001,1,True,
benchmark,1962,q4_sellers_rating,48.259999999999998,100,True,
benchmark,1963,q5_orders_offset,16.586200000000002,50,True,
benchmark,1964,q6_products_by_seller,0.1681,0,True,
benchmark,1965,q7_products_join_sellers,0.2253,0,True,
benchmark,1966,q8_order_items_join_products,0.49490000000000001,3,True,
benchmark,1967,q9_orders_items_products_by_user,0.65000000000000002,3,True,
benchmark,1968,q10_top_sellers_qty,105.0809,20,True,
benchmark,1969,q11_top_categories,0.29720000000000002,0,True,
benchmark,1970,q1_user_by_id,0.25519999999999998,1,True,
benchmark,1971,q2_all_users,6.2329999999999997,200,True,
benchmark,1972,q3_user_by_login,0.35510000000000003,1,True,
benchmark,1973,q4_sellers_rating,41.760100000000001,100,True,
benchmark,1974,q5_orders_offset,16.205100000000002,50,True,
benchmark,1975,q6_products_by_seller,0.23269999999999999,1,True,
benchmark,1976,q7_products_join_sellers,0.34799999999999998,1,True,
benchmark,1977,q8_order_items_join_products,0.41589999999999999,5,True,
benchmark,1978,q9_orders_items_products_by_user,0.2132,0,True,
benchmark,1979,q10_top_sellers_qty,116.0526,20,True,
benchmark,1980,q11_top_categories,0.22570000000000001,0,True,
benchmark,1981,q1_user_by_id,0.23380000000000001,1,True,
benchmark,1982,q2_all_users,5.6403999999999996,200,True,
benchmark,1983,q3_user_by_login,0.20680000000000001,1,True,
benchmark,1984,q4_sellers_rating,43.825400000000002,100,True,
benchmark,1985,q5_orders_offset,19.739899999999999,50,True,
benchmark,1986,q6_products_by_seller,0.21529999999999999,1,True,
benchmark,1987,q7_products_join_sellers,0.3589,1,True,
benchmark,1988,q8_order_items_join_products,0.38009999999999999,5,True,
benchmark,1989,q9_orders_items_products_by_user,0.078899999999999998,0,True,
benchmark,1990,q10_top_sellers_qty,115.2924,20,True,
benchmark,1991,q11_top_categories,0.15870000000000001,0,True,
benchmark,1992,q1_user_by_id,0.24299999999999999,1,True,
benchmark,1993,q2_all_users,8.3971,200,True,
benchmark,1994,q3_user_by_login,0.22339999999999999,1,True,
benchmark,1995,q4_sellers_rating,58.337400000000002,100,True,
benchmark,1996,q5_orders_offset,15.7468,50,True,
benchmark,1997,q6_products_by_seller,0.25659999999999999,2,True,
benchmark,1998,q7_products_join_sellers,0.3498,2,True,
benchmark,1999,q8_order_items_join_products,0.3891,2,True,
benchmark,2000,q9_orders_items_products_by_user,0.81769999999999998,5,True,
benchmark,2001,q10_top_sellers_qty,112.4666,20,True,
benchmark,2002,q11_top_categories,0.21110000000000001,0,True,
benchmark,2003,q1_user_by_id,0.31390000000000001,1,True,
benchmark,2004,q2_all_users,5.9474999999999998,200,True,
benchmark,2005,q3_user_by_login,0.23910000000000001,1,True,
benchmark,2006,q4_sellers_rating,46.970500000000001,100,True,
benchmark,2007,q5_orders_offset,15.843400000000001,50,True,
benchmark,2008,q6_products_by_seller,0.22950000000000001,2,True,
benchmark,2009,q7_products_join_sellers,0.36070000000000002,2,True,
benchmark,2010,q8_order_items_join_products,0.4128,5,True,
benchmark,2011,q9_orders_items_products_by_user,0.30809999999999998,0,True,
benchmark,2012,q10_top_sellers_qty,108.8275,20,True,
benchmark,2013,q11_top_categories,0.26240000000000002,0,True,
benchmark,2014,q1_user_by_id,0.28170000000000001,1,True,
benchmark,2015,q2_all_users,6.7911000000000001,200,True,
benchmark,2016,q3_user_by_login,0.31869999999999998,1,True,
benchmark,2017,q4_sellers_rating,43.093899999999998,100,True,
benchmark,2018,q5_orders_offset,16.116,50,True,
benchmark,2019,q6_products_by_seller,0.2853,4,True,
benchmark,2020,q7_products_join_sellers,0.39269999999999999,4,True,
benchmark,2021,q8_order_items_join_products,0.47670000000000001,1,True,
benchmark,2022,q9_orders_items_products_by_user,0.095399999999999999,0,True,
benchmark,2023,q10_top_sellers_qty,118.125,20,True,
benchmark,2024,q11_top_categories,0.42370000000000002,0,True,
benchmark,2025,q1_user_by_id,0.43580000000000002,1,True,
benchmark,2026,q2_all_users,6.6394000000000002,200,True,
benchmark,2027,q3_user_by_login,0.35310000000000002,1,True,
benchmark,2028,q4_sellers_rating,44.1297,100,True,
benchmark,2029,q5_orders_offset,25.0349,50,True,
benchmark,2030,q6_products_by_seller,0.2228,2,True,
benchmark,2031,q7_products_join_sellers,0.35120000000000001,2,True,
benchmark,2032,q8_order_items_join_products,0.3735,1,True,
benchmark,2033,q9_orders_items_products_by_user,0.61060000000000003,3,True,
benchmark,2034,q10_top_sellers_qty,114.6054,20,True,
benchmark,2035,q11_top_categories,0.2132,0,True,
benchmark,2036,q1_user_by_id,0.29449999999999998,1,True,
benchmark,2037,q2_all_users,13.3187,200,True,
benchmark,2038,q3_user_by_login,0.22559999999999999,1,True,
benchmark,2039,q4_sellers_rating,45.756399999999999,100,True,
benchmark,2040,q5_orders_offset,15.8569,50,True,
benchmark,2041,q6_products_by_seller,0.1371,0,True,
benchmark,2042,q7_products_join_sellers,0.19409999999999999,0,True,
benchmark,2043,q8_order_items_join_products,0.40529999999999999,3,True,
benchmark,2044,q9_orders_items_products_by_user,0.69079999999999997,4,True,
benchmark,2045,q10_top_sellers_qty,113.82250000000001,20,True,
benchmark,2046,q11_top_categories,0.2135,0,True,
benchmark,2047,q1_user_by_id,0.28649999999999998,1,True,
benchmark,2048,q2_all_users,6.7085999999999997,200,True,
benchmark,2049,q3_user_by_login,0.20799999999999999,1,True,
benchmark,2050,q4_sellers_rating,50.002800000000001,100,True,
benchmark,2051,q5_orders_offset,15.945499999999999,50,True,
benchmark,2052,q6_products_by_seller,0.13239999999999999,0,True,
benchmark,2053,q7_products_join_sellers,0.1968,0,True,
benchmark,2054,q8_order_items_join_products,0.4219,4,True,
benchmark,2055,q9_orders_items_products_by_user,0.078,0,True,
benchmark,2056,q10_top_sellers_qty,107.0836,20,True,
benchmark,2057,q11_top_categories,0.26540000000000002,0,True,
benchmark,2058,q1_user_by_id,0.24729999999999999,1,True,
benchmark,2059,q2_all_users,6.1501999999999999,200,True,
benchmark,2060,q3_user_by_login,0.2009,1,True,
benchmark,2061,q4_sellers_rating,46.823300000000003,100,True,
benchmark,2062,q5_orders_offset,15.861000000000001,50,True,
benchmark,2063,q6_products_by_seller,0.2137,2,True,
benchmark,2064,q7_products_join_sellers,0.33029999999999998,2,True,
benchmark,2065,q8_order_items_join_products,0.39960000000000001,5,True,
benchmark,2066,q9_orders_items_products_by_user,0.79430000000000001,6,True,
benchmark,2067,q10_top_sellers_qty,101.94119999999999,20,True,
benchmark,2068,q11_top_categories,0.1946,0,True,
benchmark,2069,q1_user_by_id,0.26079999999999998,1,True,
benchmark,2070,q2_all_users,6.4478999999999997,200,True,
benchmark,2071,q3_user_by_login,0.2535,1,True,
benchmark,2072,q4_sellers_rating,42.725000000000001,100,True,
benchmark,2073,q5_orders_offset,16.158999999999999,50,True,
benchmark,2074,q6_products_by_seller,0.22220000000000001,1,True,
benchmark,2075,q7_products_join_sellers,0.3402,1,True,
benchmark,2076,q8_order_items_join_products,0.39100000000000001,3,True,
benchmark,2077,q9_orders_items_products_by_user,0.21260000000000001,0,True,
benchmark,2078,q10_top_sellers_qty,101.1521,20,True,
benchmark,2079,q11_top_categories,0.20050000000000001,0,True,
benchmark,2080,q1_user_by_id,0.23419999999999999,1,True,
benchmark,2081,q2_all_users,12.7691,200,True,
benchmark,2082,q3_user_by_login,0.25979999999999998,1,True,
benchmark,2083,q4_sellers_rating,46.994799999999998,100,True,
benchmark,2084,q5_orders_offset,15.6181,50,True,
benchmark,2085,q6_products_by_seller,0.24640000000000001,2,True,
benchmark,2086,q7_products_join_sellers,0.35070000000000001,2,True,
benchmark,2087,q8_order_items_join_products,0.40949999999999998,4,True,
benchmark,2088,q9_orders_items_products_by_user,0.095899999999999999,0,True,
benchmark,2089,q10_top_sellers_qty,105.49939999999999,20,True,
benchmark,2090,q11_top_categories,0.2109,0,True,
benchmark,2091,q1_user_by_id,0.25979999999999998,1,True,
benchmark,2092,q2_all_users,6.2893999999999997,200,True,
benchmark,2093,q3_user_by_login,0.26929999999999998,1,True,
benchmark,2094,q4_sellers_rating,46.9801,100,True,
benchmark,2095,q5_orders_offset,15.8786,50,True,
benchmark,2096,q6_products_by_seller,0.2417,2,True,
benchmark,2097,q7_products_join_sellers,0.35959999999999998,2,True,
benchmark,2098,q8_order_items_join_products,0.44290000000000002,2,True,
benchmark,2099,q9_orders_items_products_by_user,0.1003,0,True,
benchmark,2100,q10_top_sellers_qty,114.342,20,True,
benchmark,2101,q11_top_categories,0.2051,0,True,
benchmark,2102,q1_user_by_id,0.21709999999999999,1,True,
benchmark,2103,q2_all_users,5.8688000000000002,200,True,
benchmark,2104,q3_user_by_login,0.33139999999999997,1,True,
benchmark,2105,q4_sellers_rating,42.8855,100,True,
benchmark,2106,q5_orders_offset,16.137699999999999,50,True,
benchmark,2107,q6_products_by_seller,0.1401,0,True,
benchmark,2108,q7_products_join_sellers,0.19620000000000001,0,True,
benchmark,2109,q8_order_items_join_products,0.41010000000000002,3,True,
benchmark,2110,q9_orders_items_products_by_user,0.071800000000000003,0,True,
benchmark,2111,q10_top_sellers_qty,105.22969999999999,20,True,
benchmark,2112,q11_top_categories,0.22700000000000001,0,True,
benchmark,2113,q1_user_by_id,0.27600000000000002,1,True,
benchmark,2114,q2_all_users,5.9981999999999998,200,True,
benchmark,2115,q3_user_by_login,0.26140000000000002,1,True,
benchmark,2116,q4_sellers_rating,45.555900000000001,100,True,
benchmark,2117,q5_orders_offset,15.7193,50,True,
benchmark,2118,q6_products_by_seller,0.25609999999999999,2,True,
benchmark,2119,q7_products_join_sellers,0.3821,2,True,
benchmark,2120,q8_order_items_join_products,0.47360000000000002,3,True,
benchmark,2121,q9_orders_items_products_by_user,0.63549999999999995,4,True,
benchmark,2122,q10_top_sellers_qty,105.1232,20,True,
benchmark,2123,q11_top_categories,0.2296,0,True,
benchmark,2124,q1_user_by_id,0.20300000000000001,1,True,
benchmark,2125,q2_all_users,6.0660999999999996,200,True,
benchmark,2126,q3_user_by_login,0.26429999999999998,1,True,
benchmark,2127,q4_sellers_rating,44.471400000000003,100,True,
benchmark,2128,q5_orders_offset,19.432200000000002,50,True,
benchmark,2129,q6_products_by_seller,0.24379999999999999,1,True,
benchmark,2130,q7_products_join_sellers,0.33789999999999998,1,True,
benchmark,2131,q8_order_items_join_products,0.40450000000000003,2,True,
benchmark,2132,q9_orders_items_products_by_user,0.074499999999999997,0,True,
benchmark,2133,q10_top_sellers_qty,101.5147,20,True,
benchmark,2134,q11_top_categories,0.18970000000000001,0,True,
benchmark,2135,q1_user_by_id,0.2195,1,True,
benchmark,2136,q2_all_users,14.8537,200,True,
benchmark,2137,q3_user_by_login,0.30790000000000001,1,True,
benchmark,2138,q4_sellers_rating,42.688200000000002,100,True,
benchmark,2139,q5_orders_offset,16.0121,50,True,
benchmark,2140,q6_products_by_seller,0.21299999999999999,2,True,
benchmark,2141,q7_products_join_sellers,0.32350000000000001,2,True,
benchmark,2142,q8_order_items_join_products,0.37130000000000002,4,True,
benchmark,2143,q9_orders_items_products_by_user,0.76459999999999995,5,True,
benchmark,2144,q10_top_sellers_qty,111.4945,20,True,
benchmark,2145,q11_top_categories,0.28820000000000001,0,True,
benchmark,2146,q1_user_by_id,0.35520000000000002,1,True,
benchmark,2147,q2_all_users,10.757300000000001,200,True,
benchmark,2148,q3_user_by_login,0.23419999999999999,1,True,
benchmark,2149,q4_sellers_rating,49.009799999999998,100,True,
benchmark,2150,q5_orders_offset,16.018799999999999,50,True,
benchmark,2151,q6_products_by_seller,0.13800000000000001,0,True,
benchmark,2152,q7_products_join_sellers,0.1925,0,True,
benchmark,2153,q8_order_items_join_products,0.42049999999999998,5,True,
benchmark,2154,q9_orders_items_products_by_user,0.22559999999999999,0,True,
benchmark,2155,q10_top_sellers_qty,101.1429,20,True,
benchmark,2156,q11_top_categories,0.23069999999999999,0,True,
benchmark,2157,q1_user_by_id,0.2772,1,True,
benchmark,2158,q2_all_users,6.0540000000000003,200,True,
benchmark,2159,q3_user_by_login,0.26469999999999999,1,True,
benchmark,2160,q4_sellers_rating,41.980400000000003,100,True,
benchmark,2161,q5_orders_offset,15.7735,50,True,
benchmark,2162,q6_products_by_seller,0.2354,1,True,
benchmark,2163,q7_products_join_sellers,0.34810000000000002,1,True,
benchmark,2164,q8_order_items_join_products,0.38219999999999998,3,True,
benchmark,2165,q9_orders_items_products_by_user,0.073800000000000004,0,True,
benchmark,2166,q10_top_sellers_qty,112.93040000000001,20,True,
benchmark,2167,q11_top_categories,0.20130000000000001,0,True,
benchmark,2168,q1_user_by_id,0.19109999999999999,1,True,
benchmark,2169,q2_all_users,5.8912000000000004,200,True,
benchmark,2170,q3_user_by_login,0.21340000000000001,1,True,
benchmark,2171,q4_sellers_rating,43.226599999999998,100,True,
benchmark,2172,q5_orders_offset,18.924800000000001,50,True,
benchmark,2173,q6_products_by_seller,0.13869999999999999,0,True,
benchmark,2174,q7_products_join_sellers,0.1973,0,True,
benchmark,2175,q8_order_items_join_products,0.39760000000000001,2,True,
benchmark,2176,q9_orders_items_products_by_user,0.22189999999999999,0,True,
benchmark,2177,q10_top_sellers_qty,99.892499999999998,20,True,
benchmark,2178,q11_top_categories,0.19489999999999999,0,True,
benchmark,2179,q1_user_by_id,0.27550000000000002,1,True,
benchmark,2180,q2_all_users,6.0175000000000001,200,True,
benchmark,2181,q3_user_by_login,0.47920000000000001,1,True,
benchmark,2182,q4_sellers_rating,45.690300000000001,100,True,
benchmark,2183,q5_orders_offset,18.941500000000001,50,True,
benchmark,2184,q6_products_by_seller,0.22670000000000001,2,True,
benchmark,2185,q7_products_join_sellers,0.35120000000000001,2,True,
benchmark,2186,q8_order_items_join_products,0.39650000000000002,4,True,
benchmark,2187,q9_orders_items_products_by_user,0.097600000000000006,0,True,
benchmark,2188,q10_top_sellers_qty,98.807699999999997,20,True,
benchmark,2189,q11_top_categories,0.22520000000000001,0,True,
benchmark,2190,q1_user_by_id,0.216,1,True,
benchmark,2191,q2_all_users,13.5002,200,True,
benchmark,2192,q3_user_by_login,0.22059999999999999,1,True,
benchmark,2193,q4_sellers_rating,41.440600000000003,100,True,
benchmark,2194,q5_orders_offset,16.061299999999999,50,True,
benchmark,2195,q6_products_by_seller,0.1178,0,True,
benchmark,2196,q7_products_join_sellers,0.1827,0,True,
benchmark,2197,q8_order_items_join_products,0.38900000000000001,1,True,
benchmark,2198,q9_orders_items_products_by_user,0.080299999999999996,0,True,
benchmark,2199,q10_top_sellers_qty,101.3128,20,True,
benchmark,2200,q11_top_categories,0.19819999999999999,0,True,
benchmark,2201,q1_user_by_id,0.21310000000000001,1,True,
benchmark,2202,q2_all_users,5.524,200,True,
benchmark,2203,q3_user_by_login,0.25230000000000002,1,True,
benchmark,2204,q4_sellers_rating,39.258299999999998,100,True,
benchmark,2205,q5_orders_offset,16.043500000000002,50,True,
benchmark,2206,q6_products_by_seller,0.24329999999999999,1,True,
benchmark,2207,q7_products_join_sellers,0.35970000000000002,1,True,
benchmark,2208,q8_order_items_join_products,0.3654,4,True,
benchmark,2209,q9_orders_items_products_by_user,0.48180000000000001,3,True,
benchmark,2210,q10_top_sellers_qty,120.002,20,True,
benchmark,2211,q11_top_categories,0.2026,0,True,
benchmark,2212,q1_user_by_id,0.20330000000000001,1,True,
benchmark,2213,q2_all_users,5.7554999999999996,200,True,
benchmark,2214,q3_user_by_login,0.20880000000000001,1,True,
benchmark,2215,q4_sellers_rating,45.045000000000002,100,True,
benchmark,2216,q5_orders_offset,15.6892,50,True,
benchmark,2217,q6_products_by_seller,0.25619999999999998,1,True,
benchmark,2218,q7_products_join_sellers,0.39169999999999999,1,True,
benchmark,2219,q8_order_items_join_products,0.442,5,True,
benchmark,2220,q9_orders_items_products_by_user,0.58020000000000005,2,True,
benchmark,2221,q10_top_sellers_qty,114.1789,20,True,
benchmark,2222,q11_top_categories,0.42259999999999998,0,True,
benchmark,2223,q1_user_by_id,1.4786999999999999,1,True,
benchmark,2224,q2_all_users,8.5225000000000009,200,True,
benchmark,2225,q3_user_by_login,0.33239999999999997,1,True,
benchmark,2226,q4_sellers_rating,44.371400000000001,100,True,
benchmark,2227,q5_orders_offset,19.874400000000001,50,True,
benchmark,2228,q6_products_by_seller,0.25030000000000002,1,True,
benchmark,2229,q7_products_join_sellers,0.35930000000000001,1,True,
benchmark,2230,q8_order_items_join_products,0.44729999999999998,1,True,
benchmark,2231,q9_orders_items_products_by_user,0.62949999999999995,5,True,
benchmark,2232,q10_top_sellers_qty,100.7328,20,True,
benchmark,2233,q11_top_categories,0.21809999999999999,0,True,
benchmark,2234,q1_user_by_id,0.2727,1,True,
benchmark,2235,q2_all_users,6.5613999999999999,200,True,
benchmark,2236,q3_user_by_login,0.21679999999999999,1,True,
benchmark,2237,q4_sellers_rating,41.073399999999999,100,True,
benchmark,2238,q5_orders_offset,19.581499999999998,50,True,
benchmark,2239,q6_products_by_seller,0.23000000000000001,2,True,
benchmark,2240,q7_products_join_sellers,0.3372,2,True,
benchmark,2241,q8_order_items_join_products,0.36270000000000002,1,True,
benchmark,2242,q9_orders_items_products_by_user,0.75780000000000003,5,True,
benchmark,2243,q10_top_sellers_qty,100.2804,20,True,
benchmark,2244,q11_top_categories,0.2135,0,True,
benchmark,2245,q1_user_by_id,0.2147,1,True,
benchmark,2246,q2_all_users,11.925700000000001,200,True,
benchmark,2247,q3_user_by_login,0.20549999999999999,1,True,
benchmark,2248,q4_sellers_rating,41.984699999999997,100,True,
benchmark,2249,q5_orders_offset,15.9053,50,True,
benchmark,2250,q6_products_by_seller,0.1447,0,True,
benchmark,2251,q7_products_join_sellers,0.19500000000000001,0,True,
benchmark,2252,q8_order_items_join_products,0.43070000000000003,4,True,
benchmark,2253,q9_orders_items_products_by_user,0.22370000000000001,0,True,
benchmark,2254,q10_top_sellers_qty,100.1482,20,True,
benchmark,2255,q11_top_categories,0.20419999999999999,0,True,
benchmark,2256,q1_user_by_id,0.1895,1,True,
benchmark,2257,q2_all_users,5.7178000000000004,200,True,
benchmark,2258,q3_user_by_login,0.2238,1,True,
benchmark,2259,q4_sellers_rating,40.2727,100,True,
benchmark,2260,q5_orders_offset,15.929600000000001,50,True,
benchmark,2261,q6_products_by_seller,0.2243,1,True,
benchmark,2262,q7_products_join_sellers,0.33879999999999999,1,True,
benchmark,2263,q8_order_items_join_products,0.42080000000000001,3,True,
benchmark,2264,q9_orders_items_products_by_user,0.092899999999999996,0,True,
benchmark,2265,q10_top_sellers_qty,119.13420000000001,20,True,
benchmark,2266,q11_top_categories,0.21990000000000001,0,True,
benchmark,2267,q1_user_by_id,0.217,1,True,
benchmark,2268,q2_all_users,5.8864000000000001,200,True,
benchmark,2269,q3_user_by_login,0.19170000000000001,1,True,
benchmark,2270,q4_sellers_rating,43.283200000000001,100,True,
benchmark,2271,q5_orders_offset,15.6587,50,True,
benchmark,2272,q6_products_by_seller,0.22,1,True,
benchmark,2273,q7_products_join_sellers,0.33300000000000002,1,True,
benchmark,2274,q8_order_items_join_products,0.37669999999999998,2,True,
benchmark,2275,q9_orders_items_products_by_user,0.46139999999999998,3,True,
benchmark,2276,q10_top_sellers_qty,124.7465,20,True,
benchmark,2277,q11_top_categories,0.21199999999999999,0,True,
benchmark,2278,q1_user_by_id,0.20949999999999999,1,True,
benchmark,2279,q2_all_users,6.2785000000000002,200,True,
benchmark,2280,q3_user_by_login,0.255,1,True,
benchmark,2281,q4_sellers_rating,46.1235,100,True,
benchmark,2282,q5_orders_offset,18.898099999999999,50,True,
benchmark,2283,q6_products_by_seller,0.217,1,True,
benchmark,2284,q7_products_join_sellers,0.3453,1,True,
benchmark,2285,q8_order_items_join_products,0.40550000000000003,2,True,
benchmark,2286,q9_orders_items_products_by_user,0.087800000000000003,0,True,
benchmark,2287,q10_top_sellers_qty,110.5997,20,True,
benchmark,2288,q11_top_categories,0.20399999999999999,0,True,
benchmark,2289,q1_user_by_id,0.36969999999999997,1,True,
benchmark,2290,q2_all_users,10.060700000000001,200,True,
benchmark,2291,q3_user_by_login,0.26369999999999999,1,True,
benchmark,2292,q4_sellers_rating,50.9422,100,True,
benchmark,2293,q5_orders_offset,15.986499999999999,50,True,
benchmark,2294,q6_products_by_seller,0.14419999999999999,0,True,
benchmark,2295,q7_products_join_sellers,0.20649999999999999,0,True,
benchmark,2296,q8_order_items_join_products,0.43690000000000001,4,True,
benchmark,2297,q9_orders_items_products_by_user,0.080799999999999997,0,True,
benchmark,2298,q10_top_sellers_qty,107.97790000000001,20,True,
benchmark,2299,q11_top_categories,0.27539999999999998,0,True,
benchmark,2300,q1_user_by_id,0.30609999999999998,1,True,
benchmark,2301,q2_all_users,5.8574999999999999,200,True,
benchmark,2302,q3_user_by_login,0.30819999999999997,1,True,
benchmark,2303,q4_sellers_rating,44.466500000000003,100,True,
benchmark,2304,q5_orders_offset,15.516999999999999,50,True,
benchmark,2305,q6_products_by_seller,0.26290000000000002,1,True,
benchmark,2306,q7_products_join_sellers,0.36270000000000002,1,True,
benchmark,2307,q8_order_items_join_products,0.40860000000000002,2,True,
benchmark,2308,q9_orders_items_products_by_user,0.50549999999999995,2,True,
benchmark,2309,q10_top_sellers_qty,104.3348,20,True,
benchmark,2310,q11_top_categories,0.19719999999999999,0,True,
benchmark,2311,q1_user_by_id,1.1492,1,True,
benchmark,2312,q2_all_users,5.4908000000000001,200,True,
benchmark,2313,q3_user_by_login,0.25219999999999998,1,True,
benchmark,2314,q4_sellers_rating,41.828699999999998,100,True,
benchmark,2315,q5_orders_offset,15.808,50,True,
benchmark,2316,q6_products_by_seller,0.21890000000000001,1,True,
benchmark,2317,q7_products_join_sellers,0.37840000000000001,1,True,
benchmark,2318,q8_order_items_join_products,0.4073,2,True,
benchmark,2319,q9_orders_items_products_by_user,0.38350000000000001,0,True,
benchmark,2320,q10_top_sellers_qty,104.34,20,True,
benchmark,2321,q11_top_categories,0.19109999999999999,0,True,
benchmark,2322,q1_user_by_id,0.218,1,True,
benchmark,2323,q2_all_users,5.6298000000000004,200,True,
benchmark,2324,q3_user_by_login,0.33029999999999998,1,True,
benchmark,2325,q4_sellers_rating,41.201700000000002,100,True,
benchmark,2326,q5_orders_offset,15.9628,50,True,
benchmark,2327,q6_products_by_seller,0.22869999999999999,4,True,
benchmark,2328,q7_products_join_sellers,0.34520000000000001,4,True,
benchmark,2329,q8_order_items_join_products,0.41839999999999999,5,True,
benchmark,2330,q9_orders_items_products_by_user,0.88190000000000002,7,True,
benchmark,2331,q10_top_sellers_qty,95.705799999999996,20,True,
benchmark,2332,q11_top_categories,0.21379999999999999,0,True,
benchmark,2333,q1_user_by_id,0.2465,1,True,
benchmark,2334,q2_all_users,12.056800000000001,200,True,
benchmark,2335,q3_user_by_login,0.26090000000000002,1,True,
benchmark,2336,q4_sellers_rating,41.975099999999998,100,True,
benchmark,2337,q5_orders_offset,15.9444,50,True,
benchmark,2338,q6_products_by_seller,0.22259999999999999,4,True,
benchmark,2339,q7_products_join_sellers,0.35470000000000002,4,True,
benchmark,2340,q8_order_items_join_products,0.41420000000000001,5,True,
benchmark,2341,q9_orders_items_products_by_user,0.62490000000000001,3,True,
benchmark,2342,q10_top_sellers_qty,114.47969999999999,20,True,
benchmark,2343,q11_top_categories,0.22420000000000001,0,True,
benchmark,2344,q1_user_by_id,0.2198,1,True,
benchmark,2345,q2_all_users,5.6120999999999999,200,True,
benchmark,2346,q3_user_by_login,0.2666,1,True,
benchmark,2347,q4_sellers_rating,43.935899999999997,100,True,
benchmark,2348,q5_orders_offset,15.8613,50,True,
benchmark,2349,q6_products_by_seller,0.22159999999999999,2,True,
benchmark,2350,q7_products_join_sellers,0.34370000000000001,2,True,
benchmark,2351,q8_order_items_join_products,0.40799999999999997,5,True,
benchmark,2352,q9_orders_items_products_by_user,1.5527,5,True,
benchmark,2353,q10_top_sellers_qty,123.5055,20,True,
benchmark,2354,q11_top_categories,0.23999999999999999,0,True,
benchmark,2355,q1_user_by_id,0.3105,1,True,
benchmark,2356,q2_all_users,6.0461999999999998,200,True,
benchmark,2357,q3_user_by_login,0.30909999999999999,1,True,
benchmark,2358,q4_sellers_rating,52.598599999999998,100,True,
benchmark,2359,q5_orders_offset,16.0608,50,True,
benchmark,2360,q6_products_by_seller,0.1472,0,True,
benchmark,2361,q7_products_join_sellers,0.20519999999999999,0,True,
benchmark,2362,q8_order_items_join_products,0.42870000000000003,4,True,
benchmark,2363,q9_orders_items_products_by_user,0.432,2,True,
benchmark,2364,q10_top_sellers_qty,109.5475,20,True,
benchmark,2365,q11_top_categories,0.20019999999999999,0,True,
benchmark,2366,q1_user_by_id,0.1983,1,True,
benchmark,2367,q2_all_users,8.8789999999999996,200,True,
benchmark,2368,q3_user_by_login,0.30980000000000002,1,True,
benchmark,2369,q4_sellers_rating,41.305199999999999,100,True,
benchmark,2370,q5_orders_offset,15.8292,50,True,
benchmark,2371,q6_products_by_seller,0.1482,0,True,
benchmark,2372,q7_products_join_sellers,0.2006,0,True,
benchmark,2373,q8_order_items_join_products,0.43099999999999999,5,True,
benchmark,2374,q9_orders_items_products_by_user,0.30580000000000002,0,True,
benchmark,2375,q10_top_sellers_qty,108.2734,20,True,
benchmark,2376,q11_top_categories,0.2167,0,True,
benchmark,2377,q1_user_by_id,0.25030000000000002,1,True,
benchmark,2378,q2_all_users,8.9205000000000005,200,True,
benchmark,2379,q3_user_by_login,0.22850000000000001,1,True,
benchmark,2380,q4_sellers_rating,46.100999999999999,100,True,
benchmark,2381,q5_orders_offset,15.8369,50,True,
benchmark,2382,q6_products_by_seller,0.26179999999999998,1,True,
benchmark,2383,q7_products_join_sellers,0.40770000000000001,1,True,
benchmark,2384,q8_order_items_join_products,0.3871,1,True,
benchmark,2385,q9_orders_items_products_by_user,0.7974,5,True,
benchmark,2386,q10_top_sellers_qty,103.23520000000001,20,True,
benchmark,2387,q11_top_categories,0.2382,0,True,
benchmark,2388,q1_user_by_id,0.2114,1,True,
benchmark,2389,q2_all_users,5.4132999999999996,200,True,
benchmark,2390,q3_user_by_login,0.31830000000000003,1,True,
benchmark,2391,q4_sellers_rating,44.985500000000002,100,True,
benchmark,2392,q5_orders_offset,16.545200000000001,50,True,
benchmark,2393,q6_products_by_seller,0.14050000000000001,0,True,
benchmark,2394,q7_products_join_sellers,0.18720000000000001,0,True,
benchmark,2395,q8_order_items_join_products,0.40260000000000001,4,True,
benchmark,2396,q9_orders_items_products_by_user,0.068699999999999997,0,True,
benchmark,2397,q10_top_sellers_qty,117.7394,20,True,
benchmark,2398,q11_top_categories,0.21360000000000001,0,True,
benchmark,2399,q1_user_by_id,0.2011,1,True,
benchmark,2400,q2_all_users,6.5167999999999999,200,True,
benchmark,2401,q3_user_by_login,0.2011,1,True,
benchmark,2402,q4_sellers_rating,46.9163,100,True,
benchmark,2403,q5_orders_offset,19.786999999999999,50,True,
benchmark,2404,q6_products_by_seller,0.13769999999999999,0,True,
benchmark,2405,q7_products_join_sellers,0.19350000000000001,0,True,
benchmark,2406,q8_order_items_join_products,0.42220000000000002,3,True,
benchmark,2407,q9_orders_items_products_by_user,0.82089999999999996,5,True,
benchmark,2408,q10_top_sellers_qty,108.83240000000001,20,True,
benchmark,2409,q11_top_categories,0.1862,0,True,
benchmark,2410,q1_user_by_id,0.255,1,True,
benchmark,2411,q2_all_users,8.7430000000000003,200,True,
benchmark,2412,q3_user_by_login,0.31219999999999998,1,True,
benchmark,2413,q4_sellers_rating,41.418199999999999,100,True,
benchmark,2414,q5_orders_offset,15.7212,50,True,
benchmark,2415,q6_products_by_seller,0.2392,3,True,
benchmark,2416,q7_products_join_sellers,0.32469999999999999,3,True,
benchmark,2417,q8_order_items_join_products,0.3679,4,True,
benchmark,2418,q9_orders_items_products_by_user,0.087599999999999997,0,True,
benchmark,2419,q10_top_sellers_qty,112.8733,20,True,
benchmark,2420,q11_top_categories,0.1905,0,True,
benchmark,2421,q1_user_by_id,0.20480000000000001,1,True,
benchmark,2422,q2_all_users,8.2788000000000004,200,True,
benchmark,2423,q3_user_by_login,0.32940000000000003,1,True,
benchmark,2424,q4_sellers_rating,46.124099999999999,100,True,
benchmark,2425,q5_orders_offset,15.926399999999999,50,True,
benchmark,2426,q6_products_by_seller,0.14050000000000001,0,True,
benchmark,2427,q7_products_join_sellers,0.2041,0,True,
benchmark,2428,q8_order_items_join_products,0.41849999999999998,2,True,
benchmark,2429,q9_orders_items_products_by_user,0.60329999999999995,3,True,
benchmark,2430,q10_top_sellers_qty,100.02370000000001,20,True,
benchmark,2431,q11_top_categories,0.2069,0,True,
benchmark,2432,q1_user_by_id,0.21970000000000001,1,True,
benchmark,2433,q2_all_users,6.3632,200,True,
benchmark,2434,q3_user_by_login,0.29370000000000002,1,True,
benchmark,2435,q4_sellers_rating,39.645800000000001,100,True,
benchmark,2436,q5_orders_offset,15.9765,50,True,
benchmark,2437,q6_products_by_seller,0.21390000000000001,1,True,
benchmark,2438,q7_products_join_sellers,0.3417,1,True,
benchmark,2439,q8_order_items_join_products,0.3931,2,True,
benchmark,2440,q9_orders_items_products_by_user,0.070400000000000004,0,True,
benchmark,2441,q10_top_sellers_qty,114.8972,20,True,
benchmark,2442,q11_top_categories,0.20830000000000001,0,True,
benchmark,2443,q1_user_by_id,0.19170000000000001,1,True,
benchmark,2444,q2_all_users,5.6504000000000003,200,True,
benchmark,2445,q3_user_by_login,0.2646,1,True,
benchmark,2446,q4_sellers_rating,45.9148,100,True,
benchmark,2447,q5_orders_offset,19.0077,50,True,
benchmark,2448,q6_products_by_seller,0.1404,0,True,
benchmark,2449,q7_products_join_sellers,0.20369999999999999,0,True,
benchmark,2450,q8_order_items_join_products,0.36919999999999997,1,True,
benchmark,2451,q9_orders_items_products_by_user,0.55500000000000005,4,True,
benchmark,2452,q10_top_sellers_qty,108.4622,20,True,
benchmark,2453,q11_top_categories,0.19070000000000001,0,True,
benchmark,2454,q1_user_by_id,0.2321,1,True,
benchmark,2455,q2_all_users,8.6402000000000001,200,True,
benchmark,2456,q3_user_by_login,0.22209999999999999,1,True,
benchmark,2457,q4_sellers_rating,46.845599999999997,100,True,
benchmark,2458,q5_orders_offset,15.945,50,True,
benchmark,2459,q6_products_by_seller,0.13639999999999999,0,True,
benchmark,2460,q7_products_join_sellers,0.1943,0,True,
benchmark,2461,q8_order_items_join_products,0.38700000000000001,2,True,
benchmark,2462,q9_orders_items_products_by_user,0.070699999999999999,0,True,
benchmark,2463,q10_top_sellers_qty,109.50790000000001,20,True,
benchmark,2464,q11_top_categories,0.19800000000000001,0,True,
benchmark,2465,q1_user_by_id,0.22289999999999999,1,True,
benchmark,2466,q2_all_users,7.7515999999999998,200,True,
benchmark,2467,q3_user_by_login,0.22919999999999999,1,True,
benchmark,2468,q4_sellers_rating,42.828099999999999,100,True,
benchmark,2469,q5_orders_offset,15.9276,50,True,
benchmark,2470,q6_products_by_seller,0.13769999999999999,0,True,
benchmark,2471,q7_products_join_sellers,0.1943,0,True,
benchmark,2472,q8_order_items_join_products,0.40010000000000001,2,True,
benchmark,2473,q9_orders_items_products_by_user,0.074200000000000002,0,True,
benchmark,2474,q10_top_sellers_qty,100.1992,20,True,
benchmark,2475,q11_top_categories,0.19370000000000001,0,True,
benchmark,2476,q1_user_by_id,0.2296,1,True,
benchmark,2477,q2_all_users,5.4579000000000004,200,True,
benchmark,2478,q3_user_by_login,0.20949999999999999,1,True,
benchmark,2479,q4_sellers_rating,40.9129,100,True,
benchmark,2480,q5_orders_offset,15.702299999999999,50,True,
benchmark,2481,q6_products_by_seller,0.1409,0,True,
benchmark,2482,q7_products_join_sellers,0.21199999999999999,0,True,
benchmark,2483,q8_order_items_join_products,0.42270000000000002,3,True,
benchmark,2484,q9_orders_items_products_by_user,0.089800000000000005,0,True,
benchmark,2485,q10_top_sellers_qty,121.44070000000001,20,True,
benchmark,2486,q11_top_categories,0.22500000000000001,0,True,
benchmark,2487,q1_user_by_id,0.2447,1,True,
benchmark,2488,q2_all_users,6.2454999999999998,200,True,
benchmark,2489,q3_user_by_login,0.28699999999999998,1,True,
benchmark,2490,q4_sellers_rating,46.262,100,True,
benchmark,2491,q5_orders_offset,18.864899999999999,50,True,
benchmark,2492,q6_products_by_seller,0.22670000000000001,1,True,
benchmark,2493,q7_products_join_sellers,0.35899999999999999,1,True,
benchmark,2494,q8_order_items_join_products,0.41139999999999999,5,True,
benchmark,2495,q9_orders_items_products_by_user,0.079899999999999999,0,True,
benchmark,2496,q10_top_sellers_qty,118.5471,20,True,
benchmark,2497,q11_top_categories,0.26700000000000002,0,True,
benchmark,2498,q1_user_by_id,0.2545,1,True,
benchmark,2499,q2_all_users,11.85,200,True,
benchmark,2500,q3_user_by_login,0.2487,1,True,
benchmark,2501,q4_sellers_rating,43.349699999999999,100,True,
benchmark,2502,q5_orders_offset,15.940200000000001,50,True,
benchmark,2503,q6_products_by_seller,0.23269999999999999,1,True,
benchmark,2504,q7_products_join_sellers,0.3422,1,True,
benchmark,2505,q8_order_items_join_products,0.38979999999999998,2,True,
benchmark,2506,q9_orders_items_products_by_user,0.27910000000000001,0,True,
benchmark,2507,q10_top_sellers_qty,113.7178,20,True,
benchmark,2508,q11_top_categories,0.32550000000000001,0,True,
benchmark,2509,q1_user_by_id,0.3226,1,True,
benchmark,2510,q2_all_users,6.2087000000000003,200,True,
benchmark,2511,q3_user_by_login,0.21099999999999999,1,True,
benchmark,2512,q4_sellers_rating,44.831299999999999,100,True,
benchmark,2513,q5_orders_offset,15.834099999999999,50,True,
benchmark,2514,q6_products_by_seller,0.11990000000000001,0,True,
benchmark,2515,q7_products_join_sellers,0.20039999999999999,0,True,
benchmark,2516,q8_order_items_join_products,0.3977,5,True,
benchmark,2517,q9_orders_items_products_by_user,0.219,0,True,
benchmark,2518,q10_top_sellers_qty,118.1634,20,True,
benchmark,2519,q11_top_categories,0.1973,0,True,
benchmark,2520,q1_user_by_id,0.18820000000000001,1,True,
benchmark,2521,q2_all_users,5.9897,200,True,
benchmark,2522,q3_user_by_login,0.224,1,True,
benchmark,2523,q4_sellers_rating,48.985300000000002,100,True,
benchmark,2524,q5_orders_offset,16.015799999999999,50,True,
benchmark,2525,q6_products_by_seller,0.2135,2,True,
benchmark,2526,q7_products_join_sellers,0.33579999999999999,2,True,
benchmark,2527,q8_order_items_join_products,0.39019999999999999,1,True,
benchmark,2528,q9_orders_items_products_by_user,0.083000000000000004,0,True,
benchmark,2529,q10_top_sellers_qty,112.58329999999999,20,True,
benchmark,2530,q11_top_categories,0.1905,0,True,
benchmark,2531,q1_user_by_id,0.1913,1,True,
benchmark,2532,q2_all_users,6.3151999999999999,200,True,
benchmark,2533,q3_user_by_login,0.20730000000000001,1,True,
benchmark,2534,q4_sellers_rating,47.494900000000001,100,True,
benchmark,2535,q5_orders_offset,15.692,50,True,
benchmark,2536,q6_products_by_seller,0.1447,0,True,
benchmark,2537,q7_products_join_sellers,0.188,0,True,
benchmark,2538,q8_order_items_join_products,0.36249999999999999,1,True,
benchmark,2539,q9_orders_items_products_by_user,0.085500000000000007,0,True,
benchmark,2540,q10_top_sellers_qty,123.8085,20,True,
benchmark,2541,q11_top_categories,0.19650000000000001,0,True,
benchmark,2542,q1_user_by_id,0.30099999999999999,1,True,
benchmark,2543,q2_all_users,10.377000000000001,200,True,
benchmark,2544,q3_user_by_login,0.31290000000000001,1,True,
benchmark,2545,q4_sellers_rating,47.245699999999999,100,True,
benchmark,2546,q5_orders_offset,15.804600000000001,50,True,
benchmark,2547,q6_products_by_seller,0.22120000000000001,1,True,
benchmark,2548,q7_products_join_sellers,0.32940000000000003,1,True,
benchmark,2549,q8_order_items_join_products,0.40589999999999998,4,True,
benchmark,2550,q9_orders_items_products_by_user,0.54820000000000002,4,True,
benchmark,2551,q10_top_sellers_qty,110.288,20,True,
benchmark,2552,q11_top_categories,0.19520000000000001,0,True,
benchmark,2553,q1_user_by_id,0.24279999999999999,1,True,
benchmark,2554,q2_all_users,6.0031999999999996,200,True,
benchmark,2555,q3_user_by_login,0.2515,1,True,
benchmark,2556,q4_sellers_rating,43.235300000000002,100,True,
benchmark,2557,q5_orders_offset,15.978400000000001,50,True,
benchmark,2558,q6_products_by_seller,0.20349999999999999,1,True,
benchmark,2559,q7_products_join_sellers,0.33560000000000001,1,True,
benchmark,2560,q8_order_items_join_products,0.37909999999999999,1,True,
benchmark,2561,q9_orders_items_products_by_user,0.073700000000000002,0,True,
benchmark,2562,q10_top_sellers_qty,101.21210000000001,20,True,
benchmark,2563,q11_top_categories,0.19040000000000001,0,True,
benchmark,2564,q1_user_by_id,0.23300000000000001,1,True,
benchmark,2565,q2_all_users,5.5519999999999996,200,True,
benchmark,2566,q3_user_by_login,0.29380000000000001,1,True,
benchmark,2567,q4_sellers_rating,40.776699999999998,100,True,
benchmark,2568,q5_orders_offset,19.523299999999999,50,True,
benchmark,2569,q6_products_by_seller,0.2172,1,True,
benchmark,2570,q7_products_join_sellers,0.32440000000000002,1,True,
benchmark,2571,q8_order_items_join_products,0.37790000000000001,2,True,
benchmark,2572,q9_orders_items_products_by_user,0.075999999999999998,0,True,
benchmark,2573,q10_top_sellers_qty,101.31229999999999,20,True,
benchmark,2574,q11_top_categories,0.2079,0,True,
benchmark,2575,q1_user_by_id,0.1797,1,True,
benchmark,2576,q2_all_users,14.679,200,True,
benchmark,2577,q3_user_by_login,0.23019999999999999,1,True,
benchmark,2578,q4_sellers_rating,47.0535,100,True,
benchmark,2579,q5_orders_offset,15.8048,50,True,
benchmark,2580,q6_products_by_seller,0.22140000000000001,1,True,
benchmark,2581,q7_products_join_sellers,0.33379999999999999,1,True,
benchmark,2582,q8_order_items_join_products,0.37690000000000001,2,True,
benchmark,2583,q9_orders_items_products_by_user,0.21049999999999999,0,True,
benchmark,2584,q10_top_sellers_qty,112.9085,20,True,
benchmark,2585,q11_top_categories,0.39650000000000002,0,True,
benchmark,2586,q1_user_by_id,0.33050000000000002,1,True,
benchmark,2587,q2_all_users,10.125500000000001,200,True,
benchmark,2588,q3_user_by_login,0.24529999999999999,1,True,
benchmark,2589,q4_sellers_rating,44.5032,100,True,
benchmark,2590,q5_orders_offset,15.835100000000001,50,True,
benchmark,2591,q6_products_by_seller,0.20710000000000001,1,True,
benchmark,2592,q7_products_join_sellers,0.35580000000000001,1,True,
benchmark,2593,q8_order_items_join_products,0.3992,4,True,
benchmark,2594,q9_orders_items_products_by_user,0.24709999999999999,0,True,
benchmark,2595,q10_top_sellers_qty,99.992199999999997,20,True,
benchmark,2596,q11_top_categories,0.19550000000000001,0,True,
benchmark,2597,q1_user_by_id,0.21429999999999999,1,True,
benchmark,2598,q2_all_users,5.5019,200,True,
benchmark,2599,q3_user_by_login,0.28499999999999998,1,True,
benchmark,2600,q4_sellers_rating,40.766500000000001,100,True,
benchmark,2601,q5_orders_offset,15.627700000000001,50,True,
benchmark,2602,q6_products_by_seller,0.13250000000000001,0,True,
benchmark,2603,q7_products_join_sellers,0.18579999999999999,0,True,
benchmark,2604,q8_order_items_join_products,0.36720000000000003,1,True,
benchmark,2605,q9_orders_items_products_by_user,0.2009,0,True,
benchmark,2606,q10_top_sellers_qty,113.18810000000001,20,True,
benchmark,2607,q11_top_categories,0.19070000000000001,0,True,
benchmark,2608,q1_user_by_id,0.2316,1,True,
benchmark,2609,q2_all_users,5.5376000000000003,200,True,
benchmark,2610,q3_user_by_login,0.22409999999999999,1,True,
benchmark,2611,q4_sellers_rating,47.058999999999997,100,True,
benchmark,2612,q5_orders_offset,19.43,50,True,
benchmark,2613,q6_products_by_seller,0.1827,0,True,
benchmark,2614,q7_products_join_sellers,0.23119999999999999,0,True,
benchmark,2615,q8_order_items_join_products,0.48320000000000002,1,True,
benchmark,2616,q9_orders_items_products_by_user,0.63170000000000004,5,True,
benchmark,2617,q10_top_sellers_qty,100.53749999999999,20,True,
benchmark,2618,q11_top_categories,0.20949999999999999,0,True,
benchmark,2619,q1_user_by_id,0.1928,1,True,
benchmark,2620,q2_all_users,6.0667999999999997,200,True,
benchmark,2621,q3_user_by_login,0.28499999999999998,1,True,
benchmark,2622,q4_sellers_rating,39.893799999999999,100,True,
benchmark,2623,q5_orders_offset,18.743099999999998,50,True,
benchmark,2624,q6_products_by_seller,0.216,3,True,
benchmark,2625,q7_products_join_sellers,0.34050000000000002,3,True,
benchmark,2626,q8_order_items_join_products,0.39989999999999998,3,True,
benchmark,2627,q9_orders_items_products_by_user,0.47249999999999998,2,True,
benchmark,2628,q10_top_sellers_qty,104.0514,20,True,
benchmark,2629,q11_top_categories,0.1951,0,True,
benchmark,2630,q1_user_by_id,0.18720000000000001,1,True,
benchmark,2631,q2_all_users,8.5530000000000008,200,True,
benchmark,2632,q3_user_by_login,0.22839999999999999,1,True,
benchmark,2633,q4_sellers_rating,45.931699999999999,100,True,
benchmark,2634,q5_orders_offset,15.8347,50,True,
benchmark,2635,q6_products_by_seller,0.21629999999999999,1,True,
benchmark,2636,q7_products_join_sellers,0.34079999999999999,1,True,
benchmark,2637,q8_order_items_join_products,0.379,2,True,
benchmark,2638,q9_orders_items_products_by_user,0.076200000000000004,0,True,
benchmark,2639,q10_top_sellers_qty,101.95950000000001,20,True,
benchmark,2640,q11_top_categories,0.21490000000000001,0,True,
benchmark,2641,q1_user_by_id,0.20660000000000001,1,True,
benchmark,2642,q2_all_users,5.8784000000000001,200,True,
benchmark,2643,q3_user_by_login,0.25990000000000002,1,True,
benchmark,2644,q4_sellers_rating,40.925400000000003,100,True,
benchmark,2645,q5_orders_offset,15.601699999999999,50,True,
benchmark,2646,q6_products_by_seller,0.19089999999999999,2,True,
benchmark,2647,q7_products_join_sellers,0.3448,2,True,
benchmark,2648,q8_order_items_join_products,0.36209999999999998,2,True,
benchmark,2649,q9_orders_items_products_by_user,0.28949999999999998,0,True,
benchmark,2650,q10_top_sellers_qty,120.72280000000001,20,True,
benchmark,2651,q11_top_categories,0.19889999999999999,0,True,
benchmark,2652,q1_user_by_id,0.27700000000000002,1,True,
benchmark,2653,q2_all_users,5.9428999999999998,200,True,
benchmark,2654,q3_user_by_login,0.23849999999999999,1,True,
benchmark,2655,q4_sellers_rating,43.774900000000002,100,True,
benchmark,2656,q5_orders_offset,15.653499999999999,50,True,
benchmark,2657,q6_products_by_seller,0.22500000000000001,1,True,
benchmark,2658,q7_products_join_sellers,0.33860000000000001,1,True,
benchmark,2659,q8_order_items_join_products,0.39889999999999998,5,True,
benchmark,2660,q9_orders_items_products_by_user,0.40529999999999999,2,True,
benchmark,2661,q10_top_sellers_qty,119.57340000000001,20,True,
benchmark,2662,q11_top_categories,0.1958,0,True,
benchmark,2663,q1_user_by_id,0.29930000000000001,1,True,
benchmark,2664,q2_all_users,6.8837999999999999,200,True,
benchmark,2665,q3_user_by_login,0.37369999999999998,1,True,
benchmark,2666,q4_sellers_rating,47.750599999999999,100,True,
benchmark,2667,q5_orders_offset,16.033200000000001,50,True,
benchmark,2668,q6_products_by_seller,0.11509999999999999,0,True,
benchmark,2669,q7_products_join_sellers,0.20499999999999999,0,True,
benchmark,2670,q8_order_items_join_products,0.38550000000000001,1,True,
benchmark,2671,q9_orders_items_products_by_user,0.38979999999999998,1,True,
benchmark,2672,q10_top_sellers_qty,114.5356,20,True,
benchmark,2673,q11_top_categories,0.214,0,True,
benchmark,2674,q1_user_by_id,0.19370000000000001,1,True,
benchmark,2675,q2_all_users,10.1157,200,True,
benchmark,2676,q3_user_by_login,0.28799999999999998,1,True,
benchmark,2677,q4_sellers_rating,43.943600000000004,100,True,
benchmark,2678,q5_orders_offset,15.6652,50,True,
benchmark,2679,q6_products_by_seller,0.186,0,True,
benchmark,2680,q7_products_join_sellers,0.2072,0,True,
benchmark,2681,q8_order_items_join_products,0.40960000000000002,1,True,
benchmark,2682,q9_orders_items_products_by_user,0.44679999999999997,2,True,
benchmark,2683,q10_top_sellers_qty,105.13849999999999,20,True,
benchmark,2684,q11_top_categories,0.20419999999999999,0,True,
benchmark,2685,q1_user_by_id,0.19980000000000001,1,True,
benchmark,2686,q2_all_users,5.5171999999999999,200,True,
benchmark,2687,q3_user_by_login,0.23380000000000001,1,True,
benchmark,2688,q4_sellers_rating,40.224800000000002,100,True,
benchmark,2689,q5_orders_offset,15.623900000000001,50,True,
benchmark,2690,q6_products_by_seller,0.21809999999999999,1,True,
benchmark,2691,q7_products_join_sellers,0.33739999999999998,1,True,
benchmark,2692,q8_order_items_join_products,0.38850000000000001,2,True,
benchmark,2693,q9_orders_items_products_by_user,0.086300000000000002,0,True,
benchmark,2694,q10_top_sellers_qty,105.6414,20,True,
benchmark,2695,q11_top_categories,0.1905,0,True,
benchmark,2696,q1_user_by_id,0.23100000000000001,1,True,
benchmark,2697,q2_all_users,5.6219999999999999,200,True,
benchmark,2698,q3_user_by_login,0.26069999999999999,1,True,
benchmark,2699,q4_sellers_rating,40.286999999999999,100,True,
benchmark,2700,q5_orders_offset,16.359200000000001,50,True,
benchmark,2701,q6_products_by_seller,0.22770000000000001,3,True,
benchmark,2702,q7_products_join_sellers,0.34510000000000002,3,True,
benchmark,2703,q8_order_items_join_products,0.41899999999999998,4,True,
benchmark,2704,q9_orders_items_products_by_user,0.080100000000000005,0,True,
benchmark,2705,q10_top_sellers_qty,111.33369999999999,20,True,
benchmark,2706,q11_top_categories,0.27889999999999998,0,True,
benchmark,2707,q1_user_by_id,0.20749999999999999,1,True,
benchmark,2708,q2_all_users,6.1222000000000003,200,True,
benchmark,2709,q3_user_by_login,0.29830000000000001,1,True,
benchmark,2710,q4_sellers_rating,45.768000000000001,100,True,
benchmark,2711,q5_orders_offset,18.8827,50,True,
benchmark,2712,q6_products_by_seller,0.22189999999999999,1,True,
benchmark,2713,q7_products_join_sellers,0.33400000000000002,1,True,
benchmark,2714,q8_order_items_join_products,0.38529999999999998,2,True,
benchmark,2715,q9_orders_items_products_by_user,0.22789999999999999,0,True,
benchmark,2716,q10_top_sellers_qty,97.681700000000006,20,True,
benchmark,2717,q11_top_categories,0.2026,0,True,
benchmark,2718,q1_user_by_id,0.18659999999999999,1,True,
benchmark,2719,q2_all_users,11.5837,200,True,
benchmark,2720,q3_user_by_login,0.28349999999999997,1,True,
benchmark,2721,q4_sellers_rating,43.792200000000001,100,True,
benchmark,2722,q5_orders_offset,15.888299999999999,50,True,
benchmark,2723,q6_products_by_seller,0.14130000000000001,0,True,
benchmark,2724,q7_products_join_sellers,0.1961,0,True,
benchmark,2725,q8_order_items_join_products,0.40139999999999998,4,True,
benchmark,2726,q9_orders_items_products_by_user,0.47849999999999998,2,True,
benchmark,2727,q10_top_sellers_qty,105.75449999999999,20,True,
benchmark,2728,q11_top_categories,0.19270000000000001,0,True,
benchmark,2729,q1_user_by_id,0.20710000000000001,1,True,
benchmark,2730,q2_all_users,8.0507000000000009,200,True,
benchmark,2731,q3_user_by_login,0.26619999999999999,1,True,
benchmark,2732,q4_sellers_rating,43.441000000000003,100,True,
benchmark,2733,q5_orders_offset,15.976699999999999,50,True,
benchmark,2734,q6_products_by_seller,0.13639999999999999,0,True,
benchmark,2735,q7_products_join_sellers,0.19520000000000001,0,True,
benchmark,2736,q8_order_items_join_products,0.39400000000000002,1,True,
benchmark,2737,q9_orders_items_products_by_user,0.21429999999999999,0,True,
benchmark,2738,q10_top_sellers_qty,122.6456,20,True,
benchmark,2739,q11_top_categories,0.19750000000000001,0,True,
benchmark,2740,q1_user_by_id,0.318,1,True,
benchmark,2741,q2_all_users,5.6696999999999997,200,True,
benchmark,2742,q3_user_by_login,0.36680000000000001,1,True,
benchmark,2743,q4_sellers_rating,48.5047,100,True,
benchmark,2744,q5_orders_offset,15.633699999999999,50,True,
benchmark,2745,q6_products_by_seller,0.23419999999999999,1,True,
benchmark,2746,q7_products_join_sellers,0.3427,1,True,
benchmark,2747,q8_order_items_join_products,0.40670000000000001,5,True,
benchmark,2748,q9_orders_items_products_by_user,0.073599999999999999,0,True,
benchmark,2749,q10_top_sellers_qty,112.6426,20,True,
benchmark,2750,q11_top_categories,0.19309999999999999,0,True,
benchmark,2751,q1_user_by_id,0.24429999999999999,1,True,
benchmark,2752,q2_all_users,5.8723999999999998,200,True,
benchmark,2753,q3_user_by_login,0.28060000000000002,1,True,
benchmark,2754,q4_sellers_rating,47.476700000000001,100,True,
benchmark,2755,q5_orders_offset,15.972899999999999,50,True,
benchmark,2756,q6_products_by_seller,0.22040000000000001,2,True,
benchmark,2757,q7_products_join_sellers,0.3382,2,True,
benchmark,2758,q8_order_items_join_products,0.39689999999999998,4,True,
benchmark,2759,q9_orders_items_products_by_user,0.55479999999999996,4,True,
benchmark,2760,q10_top_sellers_qty,101.32980000000001,20,True,
benchmark,2761,q11_top_categories,0.19850000000000001,0,True,
benchmark,2762,q1_user_by_id,0.26629999999999998,1,True,
benchmark,2763,q2_all_users,12.1921,200,True,
benchmark,2764,q3_user_by_login,0.31859999999999999,1,True,
benchmark,2765,q4_sellers_rating,42.170000000000002,100,True,
benchmark,2766,q5_orders_offset,15.578799999999999,50,True,
benchmark,2767,q6_products_by_seller,0.12820000000000001,0,True,
benchmark,2768,q7_products_join_sellers,0.1832,0,True,
benchmark,2769,q8_order_items_join_products,0.39900000000000002,3,True,
benchmark,2770,q9_orders_items_products_by_user,0.078799999999999995,0,True,
benchmark,2771,q10_top_sellers_qty,109.458,20,True,
benchmark,2772,q11_top_categories,0.80489999999999995,0,True,
benchmark,2773,q1_user_by_id,0.20619999999999999,1,True,
benchmark,2774,q2_all_users,6.0587,200,True,
benchmark,2775,q3_user_by_login,0.24379999999999999,1,True,
benchmark,2776,q4_sellers_rating,41.454999999999998,100,True,
benchmark,2777,q5_orders_offset,15.569699999999999,50,True,
benchmark,2778,q6_products_by_seller,0.1295,0,True,
benchmark,2779,q7_products_join_sellers,0.2021,0,True,
benchmark,2780,q8_order_items_join_products,0.37740000000000001,3,True,
benchmark,2781,q9_orders_items_products_by_user,0.3846,1,True,
benchmark,2782,q10_top_sellers_qty,121.3687,20,True,
benchmark,2783,q11_top_categories,0.218,0,True,
benchmark,2784,q1_user_by_id,0.18709999999999999,1,True,
benchmark,2785,q2_all_users,5.8360000000000003,200,True,
benchmark,2786,q3_user_by_login,0.26200000000000001,1,True,
benchmark,2787,q4_sellers_rating,47.817599999999999,100,True,
benchmark,2788,q5_orders_offset,15.9937,50,True,
benchmark,2789,q6_products_by_seller,0.2077,2,True,
benchmark,2790,q7_products_join_sellers,0.3407,2,True,
benchmark,2791,q8_order_items_join_products,0.4199,5,True,
benchmark,2792,q9_orders_items_products_by_user,0.074200000000000002,0,True,
benchmark,2793,q10_top_sellers_qty,104.1756,20,True,
benchmark,2794,q11_top_categories,0.19359999999999999,0,True,
benchmark,2795,q1_user_by_id,0.2011,1,True,
benchmark,2796,q2_all_users,8.5070999999999994,200,True,
benchmark,2797,q3_user_by_login,0.29189999999999999,1,True,
benchmark,2798,q4_sellers_rating,44.151800000000001,100,True,
benchmark,2799,q5_orders_offset,15.9025,50,True,
benchmark,2800,q6_products_by_seller,0.2225,2,True,
benchmark,2801,q7_products_join_sellers,0.34839999999999999,2,True,
benchmark,2802,q8_order_items_join_products,0.39419999999999999,5,True,
benchmark,2803,q9_orders_items_products_by_user,0.20399999999999999,0,True,
benchmark,2804,q10_top_sellers_qty,112.41889999999999,20,True,
benchmark,2805,q11_top_categories,0.20610000000000001,0,True,
benchmark,2806,q1_user_by_id,0.20050000000000001,1,True,
benchmark,2807,q2_all_users,8.4837000000000007,200,True,
benchmark,2808,q3_user_by_login,0.2225,1,True,
benchmark,2809,q4_sellers_rating,42.781599999999997,100,True,
benchmark,2810,q5_orders_offset,15.859299999999999,50,True,
benchmark,2811,q6_products_by_seller,0.2152,1,True,
benchmark,2812,q7_products_join_sellers,0.3332,1,True,
benchmark,2813,q8_order_items_join_products,0.38900000000000001,2,True,
benchmark,2814,q9_orders_items_products_by_user,0.23139999999999999,0,True,
benchmark,2815,q10_top_sellers_qty,100.3455,20,True,
benchmark,2816,q11_top_categories,0.2145,0,True,
benchmark,2817,q1_user_by_id,0.27150000000000002,1,True,
benchmark,2818,q2_all_users,5.6642999999999999,200,True,
benchmark,2819,q3_user_by_login,0.2505,1,True,
benchmark,2820,q4_sellers_rating,39.541899999999998,100,True,
benchmark,2821,q5_orders_offset,15.8847,50,True,
benchmark,2822,q6_products_by_seller,0.21240000000000001,1,True,
benchmark,2823,q7_products_join_sellers,0.3347,1,True,
benchmark,2824,q8_order_items_join_products,0.37790000000000001,1,True,
benchmark,2825,q9_orders_items_products_by_user,0.2069,0,True,
benchmark,2826,q10_top_sellers_qty,115.43519999999999,20,True,
benchmark,2827,q11_top_categories,0.19059999999999999,0,True,
benchmark,2828,q1_user_by_id,0.30170000000000002,1,True,
benchmark,2829,q2_all_users,6.4722999999999997,200,True,
benchmark,2830,q3_user_by_login,0.28100000000000003,1,True,
benchmark,2831,q4_sellers_rating,47.238199999999999,100,True,
benchmark,2832,q5_orders_offset,25.4099,50,True,
benchmark,2833,q6_products_by_seller,0.14149999999999999,0,True,
benchmark,2834,q7_products_join_sellers,0.19109999999999999,0,True,
benchmark,2835,q8_order_items_join_products,0.37559999999999999,4,True,
benchmark,2836,q9_orders_items_products_by_user,0.074499999999999997,0,True,
benchmark,2837,q10_top_sellers_qty,105.19750000000001,20,True,
benchmark,2838,q11_top_categories,0.20180000000000001,0,True,
benchmark,2839,q1_user_by_id,0.23549999999999999,1,True,
benchmark,2840,q2_all_users,9.3928999999999991,200,True,
benchmark,2841,q3_user_by_login,0.30620000000000003,1,True,
benchmark,2842,q4_sellers_rating,47.410499999999999,100,True,
benchmark,2843,q5_orders_offset,15.988799999999999,50,True,
benchmark,2844,q6_products_by_seller,0.23710000000000001,2,True,
benchmark,2845,q7_products_join_sellers,0.41349999999999998,2,True,
benchmark,2846,q8_order_items_join_products,0.42170000000000002,5,True,
benchmark,2847,q9_orders_items_products_by_user,0.076200000000000004,0,True,
benchmark,2848,q10_top_sellers_qty,99.672499999999999,20,True,
benchmark,2849,q11_top_categories,0.19789999999999999,0,True,
benchmark,2850,q1_user_by_id,0.1905,1,True,
benchmark,2851,q2_all_users,5.7340999999999998,200,True,
benchmark,2852,q3_user_by_login,0.25069999999999998,1,True,
benchmark,2853,q4_sellers_rating,40.549300000000002,100,True,
benchmark,2854,q5_orders_offset,20.168500000000002,50,True,
benchmark,2855,q6_products_by_seller,0.22259999999999999,1,True,
benchmark,2856,q7_products_join_sellers,0.34310000000000002,1,True,
benchmark,2857,q8_order_items_join_products,0.41620000000000001,3,True,
benchmark,2858,q9_orders_items_products_by_user,0.48270000000000002,3,True,
benchmark,2859,q10_top_sellers_qty,102.40170000000001,20,True,
benchmark,2860,q11_top_categories,0.18820000000000001,0,True,
benchmark,2861,q1_user_by_id,0.246,1,True,
benchmark,2862,q2_all_users,12.8667,200,True,
benchmark,2863,q3_user_by_login,0.32500000000000001,1,True,
benchmark,2864,q4_sellers_rating,42.646000000000001,100,True,
benchmark,2865,q5_orders_offset,15.9255,50,True,
benchmark,2866,q6_products_by_seller,0.21440000000000001,1,True,
benchmark,2867,q7_products_join_sellers,0.33689999999999998,1,True,
benchmark,2868,q8_order_items_join_products,0.4052,4,True,
benchmark,2869,q9_orders_items_products_by_user,0.46589999999999998,3,True,
benchmark,2870,q10_top_sellers_qty,100.2657,20,True,
benchmark,2871,q11_top_categories,0.19650000000000001,0,True,
benchmark,2872,q1_user_by_id,0.2482,1,True,
benchmark,2873,q2_all_users,6.1872999999999996,200,True,
benchmark,2874,q3_user_by_login,0.19339999999999999,1,True,
benchmark,2875,q4_sellers_rating,43.569499999999998,100,True,
benchmark,2876,q5_orders_offset,15.656000000000001,50,True,
benchmark,2877,q6_products_by_seller,0.23250000000000001,3,True,
benchmark,2878,q7_products_join_sellers,0.35699999999999998,3,True,
benchmark,2879,q8_order_items_join_products,0.40500000000000003,4,True,
benchmark,2880,q9_orders_items_products_by_user,0.85650000000000004,6,True,
benchmark,2881,q10_top_sellers_qty,112.1327,20,True,
benchmark,2882,q11_top_categories,0.21429999999999999,0,True,
benchmark,2883,q1_user_by_id,0.19189999999999999,1,True,
benchmark,2884,q2_all_users,5.5427,200,True,
benchmark,2885,q3_user_by_login,0.2021,1,True,
benchmark,2886,q4_sellers_rating,44.642400000000002,100,True,
benchmark,2887,q5_orders_offset,15.855399999999999,50,True,
benchmark,2888,q6_products_by_seller,0.13600000000000001,0,True,
benchmark,2889,q7_products_join_sellers,0.19850000000000001,0,True,
benchmark,2890,q8_order_items_join_products,0.42370000000000002,5,True,
benchmark,2891,q9_orders_items_products_by_user,0.086400000000000005,0,True,
benchmark,2892,q10_top_sellers_qty,106.8934,20,True,
benchmark,2893,q11_top_categories,0.19850000000000001,0,True,
benchmark,2894,q1_user_by_id,0.24709999999999999,1,True,
benchmark,2895,q2_all_users,5.5918000000000001,200,True,
benchmark,2896,q3_user_by_login,0.24010000000000001,1,True,
benchmark,2897,q4_sellers_rating,43.653199999999998,100,True,
benchmark,2898,q5_orders_offset,15.6357,50,True,
benchmark,2899,q6_products_by_seller,0.23449999999999999,3,True,
benchmark,2900,q7_products_join_sellers,0.3503,3,True,
benchmark,2901,q8_order_items_join_products,0.4158,5,True,
benchmark,2902,q9_orders_items_products_by_user,0.41160000000000002,1,True,
benchmark,2903,q10_top_sellers_qty,99.307000000000002,20,True,
benchmark,2904,q11_top_categories,0.2208,0,True,
benchmark,2905,q1_user_by_id,0.2316,1,True,
benchmark,2906,q2_all_users,5.3582000000000001,200,True,
benchmark,2907,q3_user_by_login,0.20280000000000001,1,True,
benchmark,2908,q4_sellers_rating,36.968000000000004,100,True,
benchmark,2909,q5_orders_offset,19.979099999999999,50,True,
benchmark,2910,q6_products_by_seller,0.22239999999999999,1,True,
benchmark,2911,q7_products_join_sellers,0.3352,1,True,
benchmark,2912,q8_order_items_join_products,0.41210000000000002,1,True,
benchmark,2913,q9_orders_items_products_by_user,0.077799999999999994,0,True,
benchmark,2914,q10_top_sellers_qty,103.3785,20,True,
benchmark,2915,q11_top_categories,0.2009,0,True,
benchmark,2916,q1_user_by_id,0.2384,1,True,
benchmark,2917,q2_all_users,8.8324999999999996,200,True,
benchmark,2918,q3_user_by_login,0.30309999999999998,1,True,
benchmark,2919,q4_sellers_rating,44.715899999999998,100,True,
benchmark,2920,q5_orders_offset,15.631600000000001,50,True,
benchmark,2921,q6_products_by_seller,0.20250000000000001,2,True,
benchmark,2922,q7_products_join_sellers,0.31709999999999999,2,True,
benchmark,2923,q8_order_items_join_products,0.3841,2,True,
benchmark,2924,q9_orders_items_products_by_user,0.076700000000000004,0,True,
benchmark,2925,q10_top_sellers_qty,109.42489999999999,20,True,
benchmark,2926,q11_top_categories,0.20660000000000001,0,True,
benchmark,2927,q1_user_by_id,0.23300000000000001,1,True,
benchmark,2928,q2_all_users,11.2957,200,True,
benchmark,2929,q3_user_by_login,0.22800000000000001,1,True,
benchmark,2930,q4_sellers_rating,44.048299999999998,100,True,
benchmark,2931,q5_orders_offset,15.885899999999999,50,True,
benchmark,2932,q6_products_by_seller,0.1376,0,True,
benchmark,2933,q7_products_join_sellers,0.19739999999999999,0,True,
benchmark,2934,q8_order_items_join_products,0.42070000000000002,1,True,
benchmark,2935,q9_orders_items_products_by_user,0.20100000000000001,0,True,
benchmark,2936,q10_top_sellers_qty,100.81180000000001,20,True,
benchmark,2937,q11_top_categories,0.21049999999999999,0,True,
benchmark,2938,q1_user_by_id,0.2492,1,True,
benchmark,2939,q2_all_users,6.2400000000000002,200,True,
benchmark,2940,q3_user_by_login,0.26700000000000002,1,True,
benchmark,2941,q4_sellers_rating,41.055199999999999,100,True,
benchmark,2942,q5_orders_offset,15.801500000000001,50,True,
benchmark,2943,q6_products_by_seller,0.23269999999999999,2,True,
benchmark,2944,q7_products_join_sellers,0.35360000000000003,2,True,
benchmark,2945,q8_order_items_join_products,0.41039999999999999,5,True,
benchmark,2946,q9_orders_items_products_by_user,0.62060000000000004,5,True,
benchmark,2947,q10_top_sellers_qty,137.67920000000001,20,True,
benchmark,2948,q11_top_categories,0.23749999999999999,0,True,
benchmark,2949,q1_user_by_id,0.25950000000000001,1,True,
benchmark,2950,q2_all_users,6.4641999999999999,200,True,
benchmark,2951,q3_user_by_login,0.29349999999999998,1,True,
benchmark,2952,q4_sellers_rating,48.404899999999998,100,True,
benchmark,2953,q5_orders_offset,19.057300000000001,50,True,
benchmark,2954,q6_products_by_seller,0.21920000000000001,1,True,
benchmark,2955,q7_products_join_sellers,0.3508,1,True,
benchmark,2956,q8_order_items_join_products,0.39360000000000001,4,True,
benchmark,2957,q9_orders_items_products_by_user,0.084699999999999998,0,True,
benchmark,2958,q10_top_sellers_qty,105.9118,20,True,
benchmark,2959,q11_top_categories,0.19270000000000001,0,True,
benchmark,2960,q1_user_by_id,0.2545,1,True,
benchmark,2961,q2_all_users,12.0106,200,True,
benchmark,2962,q3_user_by_login,0.31430000000000002,1,True,
benchmark,2963,q4_sellers_rating,42.7027,100,True,
benchmark,2964,q5_orders_offset,15.973100000000001,50,True,
benchmark,2965,q6_products_by_seller,0.1245,0,True,
benchmark,2966,q7_products_join_sellers,0.1913,0,True,
benchmark,2967,q8_order_items_join_products,0.39029999999999998,3,True,
benchmark,2968,q9_orders_items_products_by_user,0.7329,5,True,
benchmark,2969,q10_top_sellers_qty,98.618600000000001,20,True,
benchmark,2970,q11_top_categories,0.2001,0,True,
benchmark,2971,q1_user_by_id,0.21479999999999999,1,True,
benchmark,2972,q2_all_users,8.0915999999999997,200,True,
benchmark,2973,q3_user_by_login,0.23830000000000001,1,True,
benchmark,2974,q4_sellers_rating,40.266500000000001,100,True,
benchmark,2975,q5_orders_offset,15.7469,50,True,
benchmark,2976,q6_products_by_seller,0.13819999999999999,0,True,
benchmark,2977,q7_products_join_sellers,0.2092,0,True,
benchmark,2978,q8_order_items_join_products,0.41089999999999999,2,True,
benchmark,2979,q9_orders_items_products_by_user,0.2092,0,True,
benchmark,2980,q10_top_sellers_qty,117.52589999999999,20,True,
benchmark,2981,q11_top_categories,0.20330000000000001,0,True,
benchmark,2982,q1_user_by_id,0.1971,1,True,
benchmark,2983,q2_all_users,6.2774000000000001,200,True,
benchmark,2984,q3_user_by_login,0.3271,1,True,
benchmark,2985,q4_sellers_rating,43.258099999999999,100,True,
benchmark,2986,q5_orders_offset,15.958500000000001,50,True,
benchmark,2987,q6_products_by_seller,0.14149999999999999,0,True,
benchmark,2988,q7_products_join_sellers,0.2082,0,True,
benchmark,2989,q8_order_items_join_products,0.4002,3,True,
benchmark,2990,q9_orders_items_products_by_user,0.074099999999999999,0,True,
benchmark,2991,q10_top_sellers_qty,111.02849999999999,20,True,
benchmark,2992,q11_top_categories,0.19919999999999999,0,True,
benchmark,2993,q1_user_by_id,0.245,1,True,
benchmark,2994,q2_all_users,5.8780999999999999,200,True,
benchmark,2995,q3_user_by_login,0.2727,1,True,
benchmark,2996,q4_sellers_rating,42.8401,100,True,
benchmark,2997,q5_orders_offset,15.6745,50,True,
benchmark,2998,q6_products_by_seller,0.2127,2,True,
benchmark,2999,q7_products_join_sellers,0.34620000000000001,2,True,
benchmark,3000,q8_order_items_join_products,0.37790000000000001,1,True,
benchmark,3001,q9_orders_items_products_by_user,0.47470000000000001,2,True,
benchmark,3002,q10_top_sellers_qty,119.78870000000001,20,True,
benchmark,3003,q11_top_categories,0.17760000000000001,0,True,
benchmark,3004,q1_user_by_id,3.2623000000000002,1,True,
benchmark,3005,q2_all_users,7.9275000000000002,200,True,
benchmark,3006,q3_user_by_login,0.24460000000000001,1,True,
benchmark,3007,q4_sellers_rating,45.073700000000002,100,True,
benchmark,3008,q5_orders_offset,16.0823,50,True,
benchmark,3009,q6_products_by_seller,0.1469,0,True,
benchmark,3010,q7_products_join_sellers,0.2117,0,True,
benchmark,3011,q8_order_items_join_products,0.39400000000000002,2,True,
benchmark,3012,q9_orders_items_products_by_user,0.2399,0,True,
benchmark,3013,q10_top_sellers_qty,103.1537,20,True,
benchmark,3014,q11_top_categories,0.19220000000000001,0,True,
benchmark,3015,q1_user_by_id,0.26190000000000002,1,True,
benchmark,3016,q2_all_users,8.2590000000000003,200,True,
benchmark,3017,q3_user_by_login,0.21729999999999999,1,True,
benchmark,3018,q4_sellers_rating,44.017699999999998,100,True,
benchmark,3019,q5_orders_offset,16.1126,50,True,
benchmark,3020,q6_products_by_seller,0.25330000000000003,1,True,
benchmark,3021,q7_products_join_sellers,0.378,1,True,
benchmark,3022,q8_order_items_join_products,0.39190000000000003,2,True,
benchmark,3023,q9_orders_items_products_by_user,0.64680000000000004,4,True,
benchmark,3024,q10_top_sellers_qty,122.5188,20,True,
benchmark,3025,q11_top_categories,0.2112,0,True,
benchmark,3026,q1_user_by_id,0.2359,1,True,
benchmark,3027,q2_all_users,5.8963000000000001,200,True,
benchmark,3028,q3_user_by_login,0.19719999999999999,1,True,
benchmark,3029,q4_sellers_rating,43.396799999999999,100,True,
benchmark,3030,q5_orders_offset,19.650300000000001,50,True,
benchmark,3031,q6_products_by_seller,0.2162,1,True,
benchmark,3032,q7_products_join_sellers,0.3422,1,True,
benchmark,3033,q8_order_items_join_products,0.36899999999999999,1,True,
benchmark,3034,q9_orders_items_products_by_user,0.50370000000000004,3,True,
benchmark,3035,q10_top_sellers_qty,119.9431,20,True,
benchmark,3036,q11_top_categories,0.32919999999999999,0,True,
benchmark,3037,q1_user_by_id,0.2477,1,True,
benchmark,3038,q2_all_users,9.4313000000000002,200,True,
benchmark,3039,q3_user_by_login,0.313,1,True,
benchmark,3040,q4_sellers_rating,45.135399999999997,100,True,
benchmark,3041,q5_orders_offset,15.9322,50,True,
benchmark,3042,q6_products_by_seller,0.1366,0,True,
benchmark,3043,q7_products_join_sellers,0.19739999999999999,0,True,
benchmark,3044,q8_order_items_join_products,0.41139999999999999,3,True,
benchmark,3045,q9_orders_items_products_by_user,0.080699999999999994,0,True,
benchmark,3046,q10_top_sellers_qty,114.45869999999999,20,True,
benchmark,3047,q11_top_categories,0.1943,0,True,
benchmark,3048,q1_user_by_id,0.2011,1,True,
benchmark,3049,q2_all_users,8.4215,200,True,
benchmark,3050,q3_user_by_login,0.3795,1,True,
benchmark,3051,q4_sellers_rating,45.220999999999997,100,True,
benchmark,3052,q5_orders_offset,15.8033,50,True,
benchmark,3053,q6_products_by_seller,0.22090000000000001,2,True,
benchmark,3054,q7_products_join_sellers,0.33700000000000002,2,True,
benchmark,3055,q8_order_items_join_products,0.39140000000000003,4,True,
benchmark,3056,q9_orders_items_products_by_user,0.19939999999999999,0,True,
benchmark,3057,q10_top_sellers_qty,100.111,20,True,
benchmark,3058,q11_top_categories,0.20680000000000001,0,True,
benchmark,3059,q1_user_by_id,0.20119999999999999,1,True,
benchmark,3060,q2_all_users,5.5105000000000004,200,True,
benchmark,3061,q3_user_by_login,0.25209999999999999,1,True,
benchmark,3062,q4_sellers_rating,41.848399999999998,100,True,
benchmark,3063,q5_orders_offset,16.2622,50,True,
benchmark,3064,q6_products_by_seller,0.13750000000000001,0,True,
benchmark,3065,q7_products_join_sellers,0.19550000000000001,0,True,
benchmark,3066,q8_order_items_join_products,0.44159999999999999,3,True,
benchmark,3067,q9_orders_items_products_by_user,0.71209999999999996,4,True,
benchmark,3068,q10_top_sellers_qty,120.9589,20,True,
benchmark,3069,q11_top_categories,0.20349999999999999,0,True,
benchmark,3070,q1_user_by_id,0.18609999999999999,1,True,
benchmark,3071,q2_all_users,6.0587999999999997,200,True,
benchmark,3072,q3_user_by_login,0.27379999999999999,1,True,
benchmark,3073,q4_sellers_rating,44.5413,100,True,
benchmark,3074,q5_orders_offset,19.5566,50,True,
benchmark,3075,q6_products_by_seller,0.2515,1,True,
benchmark,3076,q7_products_join_sellers,0.37759999999999999,1,True,
benchmark,3077,q8_order_items_join_products,0.46739999999999998,2,True,
benchmark,3078,q9_orders_items_products_by_user,0.1067,0,True,
benchmark,3079,q10_top_sellers_qty,117.3836,20,True,
benchmark,3080,q11_top_categories,0.24399999999999999,0,True,
benchmark,3081,q1_user_by_id,0.2361,1,True,
benchmark,3082,q2_all_users,8.3531999999999993,200,True,
benchmark,3083,q3_user_by_login,0.23430000000000001,1,True,
benchmark,3084,q4_sellers_rating,46.097200000000001,100,True,
benchmark,3085,q5_orders_offset,15.683199999999999,50,True,
benchmark,3086,q6_products_by_seller,0.21679999999999999,1,True,
benchmark,3087,q7_products_join_sellers,0.33800000000000002,1,True,
benchmark,3088,q8_order_items_join_products,0.42149999999999999,5,True,
benchmark,3089,q9_orders_items_products_by_user,0.081900000000000001,0,True,
benchmark,3090,q10_top_sellers_qty,104.8531,20,True,
benchmark,3091,q11_top_categories,0.2152,0,True,
benchmark,3092,q1_user_by_id,0.24260000000000001,1,True,
benchmark,3093,q2_all_users,8.9772999999999996,200,True,
benchmark,3094,q3_user_by_login,0.2475,1,True,
benchmark,3095,q4_sellers_rating,42.822000000000003,100,True,
benchmark,3096,q5_orders_offset,16.094000000000001,50,True,
benchmark,3097,q6_products_by_seller,0.22559999999999999,2,True,
benchmark,3098,q7_products_join_sellers,0.3523,2,True,
benchmark,3099,q8_order_items_join_products,0.40529999999999999,5,True,
benchmark,3100,q9_orders_items_products_by_user,0.081600000000000006,0,True,
benchmark,3101,q10_top_sellers_qty,100.95999999999999,20,True,
benchmark,3102,q11_top_categories,0.23930000000000001,0,True,
benchmark,3103,q1_user_by_id,0.22939999999999999,1,True,
benchmark,3104,q2_all_users,6.3227000000000002,200,True,
benchmark,3105,q3_user_by_login,0.26640000000000003,1,True,
benchmark,3106,q4_sellers_rating,41.578099999999999,100,True,
benchmark,3107,q5_orders_offset,15.562799999999999,50,True,
benchmark,3108,q6_products_by_seller,0.22600000000000001,2,True,
benchmark,3109,q7_products_join_sellers,0.34250000000000003,2,True,
benchmark,3110,q8_order_items_join_products,0.37380000000000002,1,True,
benchmark,3111,q9_orders_items_products_by_user,0.074999999999999997,0,True,
benchmark,3112,q10_top_sellers_qty,116.246,20,True,
benchmark,3113,q11_top_categories,0.19980000000000001,0,True,
benchmark,3114,q1_user_by_id,0.2722,1,True,
benchmark,3115,q2_all_users,5.6417000000000002,200,True,
benchmark,3116,q3_user_by_login,0.23400000000000001,1,True,
benchmark,3117,q4_sellers_rating,41.6145,100,True,
benchmark,3118,q5_orders_offset,18.631,50,True,
benchmark,3119,q6_products_by_seller,0.22650000000000001,4,True,
benchmark,3120,q7_products_join_sellers,0.35139999999999999,4,True,
benchmark,3121,q8_order_items_join_products,0.40889999999999999,5,True,
benchmark,3122,q9_orders_items_products_by_user,0.076200000000000004,0,True,
benchmark,3123,q10_top_sellers_qty,101.62220000000001,20,True,
benchmark,3124,q11_top_categories,0.14949999999999999,0,True,
benchmark,3125,q1_user_by_id,0.22020000000000001,1,True,
benchmark,3126,q2_all_users,8.1964000000000006,200,True,
benchmark,3127,q3_user_by_login,0.2402,1,True,
benchmark,3128,q4_sellers_rating,46.396500000000003,100,True,
benchmark,3129,q5_orders_offset,15.8642,50,True,
benchmark,3130,q6_products_by_seller,0.24709999999999999,2,True,
benchmark,3131,q7_products_join_sellers,0.34420000000000001,2,True,
benchmark,3132,q8_order_items_join_products,0.40620000000000001,4,True,
benchmark,3133,q9_orders_items_products_by_user,0.21210000000000001,0,True,
benchmark,3134,q10_top_sellers_qty,104.861,20,True,
benchmark,3135,q11_top_categories,0.2074,0,True,
benchmark,3136,q1_user_by_id,0.2397,1,True,
benchmark,3137,q2_all_users,6.4885000000000002,200,True,
benchmark,3138,q3_user_by_login,0.3387,1,True,
benchmark,3139,q4_sellers_rating,42.451700000000002,100,True,
benchmark,3140,q5_orders_offset,16.163699999999999,50,True,
benchmark,3141,q6_products_by_seller,0.13389999999999999,0,True,
benchmark,3142,q7_products_join_sellers,0.18049999999999999,0,True,
benchmark,3143,q8_order_items_join_products,0.438,5,True,
benchmark,3144,q9_orders_items_products_by_user,0.085300000000000001,0,True,
benchmark,3145,q10_top_sellers_qty,117.4585,20,True,
benchmark,3146,q11_top_categories,0.27589999999999998,0,True,
benchmark,3147,q1_user_by_id,0.501,1,True,
benchmark,3148,q2_all_users,6.8140999999999998,200,True,
benchmark,3149,q3_user_by_login,0.2127,1,True,
benchmark,3150,q4_sellers_rating,46.271700000000003,100,True,
benchmark,3151,q5_orders_offset,15.726800000000001,50,True,
benchmark,3152,q6_products_by_seller,0.13550000000000001,0,True,
benchmark,3153,q7_products_join_sellers,0.19819999999999999,0,True,
benchmark,3154,q8_order_items_join_products,0.40450000000000003,4,True,
benchmark,3155,q9_orders_items_products_by_user,1.5462,12,True,
benchmark,3156,q10_top_sellers_qty,111.8486,20,True,
benchmark,3157,q11_top_categories,0.19950000000000001,0,True,
benchmark,3158,q1_user_by_id,0.25190000000000001,1,True,
benchmark,3159,q2_all_users,6.8300000000000001,200,True,
benchmark,3160,q3_user_by_login,0.19950000000000001,1,True,
benchmark,3161,q4_sellers_rating,49.2577,100,True,
benchmark,3162,q5_orders_offset,16.101600000000001,50,True,
benchmark,3163,q6_products_by_seller,0.21779999999999999,2,True,
benchmark,3164,q7_products_join_sellers,0.33539999999999998,2,True,
benchmark,3165,q8_order_items_join_products,0.38419999999999999,4,True,
benchmark,3166,q9_orders_items_products_by_user,0.074200000000000002,0,True,
benchmark,3167,q10_top_sellers_qty,106.0154,20,True,
benchmark,3168,q11_top_categories,0.2109,0,True,
benchmark,3169,q1_user_by_id,0.22120000000000001,1,True,
benchmark,3170,q2_all_users,11.833500000000001,200,True,
benchmark,3171,q3_user_by_login,0.39350000000000002,1,True,
benchmark,3172,q4_sellers_rating,44.156199999999998,100,True,
benchmark,3173,q5_orders_offset,15.625999999999999,50,True,
benchmark,3174,q6_products_by_seller,0.2273,1,True,
benchmark,3175,q7_products_join_sellers,0.3377,1,True,
benchmark,3176,q8_order_items_join_products,0.3967,4,True,
benchmark,3177,q9_orders_items_products_by_user,0.077399999999999997,0,True,
benchmark,3178,q10_top_sellers_qty,96.686300000000003,20,True,
benchmark,3179,q11_top_categories,0.22209999999999999,0,True,
benchmark,3180,q1_user_by_id,0.22750000000000001,1,True,
benchmark,3181,q2_all_users,5.6337000000000002,200,True,
benchmark,3182,q3_user_by_login,0.28689999999999999,1,True,
benchmark,3183,q4_sellers_rating,38.507899999999999,100,True,
benchmark,3184,q5_orders_offset,15.590999999999999,50,True,
benchmark,3185,q6_products_by_seller,0.21149999999999999,2,True,
benchmark,3186,q7_products_join_sellers,0.32600000000000001,2,True,
benchmark,3187,q8_order_items_join_products,0.40960000000000002,5,True,
benchmark,3188,q9_orders_items_products_by_user,0.076799999999999993,0,True,
benchmark,3189,q10_top_sellers_qty,117.2418,20,True,
benchmark,3190,q11_top_categories,0.2167,0,True,
benchmark,3191,q1_user_by_id,0.24709999999999999,1,True,
benchmark,3192,q2_all_users,5.9012000000000002,200,True,
benchmark,3193,q3_user_by_login,0.32040000000000002,1,True,
benchmark,3194,q4_sellers_rating,43.9467,100,True,
benchmark,3195,q5_orders_offset,18.807500000000001,50,True,
benchmark,3196,q6_products_by_seller,0.22939999999999999,2,True,
benchmark,3197,q7_products_join_sellers,0.32700000000000001,2,True,
benchmark,3198,q8_order_items_join_products,0.38300000000000001,1,True,
benchmark,3199,q9_orders_items_products_by_user,1.0441,9,True,
benchmark,3200,q10_top_sellers_qty,105.6251,20,True,
benchmark,3201,q11_top_categories,0.2757,0,True,
benchmark,3202,q1_user_by_id,0.2707,1,True,
benchmark,3203,q2_all_users,10.1625,200,True,
benchmark,3204,q3_user_by_login,0.32419999999999999,1,True,
benchmark,3205,q4_sellers_rating,43.213000000000001,100,True,
benchmark,3206,q5_orders_offset,15.5609,50,True,
benchmark,3207,q6_products_by_seller,0.1366,0,True,
benchmark,3208,q7_products_join_sellers,0.19470000000000001,0,True,
benchmark,3209,q8_order_items_join_products,0.4088,2,True,
benchmark,3210,q9_orders_items_products_by_user,0.62319999999999998,5,True,
benchmark,3211,q10_top_sellers_qty,97.929000000000002,20,True,
benchmark,3212,q11_top_categories,0.25659999999999999,0,True,
benchmark,3213,q1_user_by_id,0.24210000000000001,1,True,
benchmark,3214,q2_all_users,12.892200000000001,200,True,
benchmark,3215,q3_user_by_login,0.22489999999999999,1,True,
benchmark,3216,q4_sellers_rating,43.512599999999999,100,True,
benchmark,3217,q5_orders_offset,15.8941,50,True,
benchmark,3218,q6_products_by_seller,0.215,2,True,
benchmark,3219,q7_products_join_sellers,0.32829999999999998,2,True,
benchmark,3220,q8_order_items_join_products,0.39629999999999999,5,True,
benchmark,3221,q9_orders_items_products_by_user,0.62050000000000005,5,True,
benchmark,3222,q10_top_sellers_qty,108.857,20,True,
benchmark,3223,q11_top_categories,0.20519999999999999,0,True,
benchmark,3224,q1_user_by_id,0.246,1,True,
benchmark,3225,q2_all_users,5.5738000000000003,200,True,
benchmark,3226,q3_user_by_login,0.24310000000000001,1,True,
benchmark,3227,q4_sellers_rating,41.172199999999997,100,True,
benchmark,3228,q5_orders_offset,16.363099999999999,50,True,
benchmark,3229,q6_products_by_seller,0.27550000000000002,1,True,
benchmark,3230,q7_products_join_sellers,0.4511,1,True,
benchmark,3231,q8_order_items_join_products,0.45979999999999999,3,True,
benchmark,3232,q9_orders_items_products_by_user,0.81340000000000001,5,True,
benchmark,3233,q10_top_sellers_qty,107.7702,20,True,
benchmark,3234,q11_top_categories,0.2097,0,True,
benchmark,3235,q1_user_by_id,0.2276,1,True,
benchmark,3236,q2_all_users,5.4847000000000001,200,True,
benchmark,3237,q3_user_by_login,0.26000000000000001,1,True,
benchmark,3238,q4_sellers_rating,39.664200000000001,100,True,
benchmark,3239,q5_orders_offset,22.632999999999999,50,True,
benchmark,3240,q6_products_by_seller,0.21920000000000001,2,True,
benchmark,3241,q7_products_join_sellers,0.34250000000000003,2,True,
benchmark,3242,q8_order_items_join_products,0.4083,3,True,
benchmark,3243,q9_orders_items_products_by_user,0.19939999999999999,0,True,
benchmark,3244,q10_top_sellers_qty,90.590999999999994,20,True,
benchmark,3245,q11_top_categories,0.32150000000000001,0,True,
benchmark,3246,q1_user_by_id,0.32800000000000001,1,True,
benchmark,3247,q2_all_users,12.541600000000001,200,True,
benchmark,3248,q3_user_by_login,0.28620000000000001,1,True,
benchmark,3249,q4_sellers_rating,43.342799999999997,100,True,
benchmark,3250,q5_orders_offset,15.6286,50,True,
benchmark,3251,q6_products_by_seller,0.1323,0,True,
benchmark,3252,q7_products_join_sellers,0.19339999999999999,0,True,
benchmark,3253,q8_order_items_join_products,0.37859999999999999,5,True,
benchmark,3254,q9_orders_items_products_by_user,0.083699999999999997,0,True,
benchmark,3255,q10_top_sellers_qty,98.449700000000007,20,True,
benchmark,3256,q11_top_categories,0.24610000000000001,0,True,
benchmark,3257,q1_user_by_id,0.23980000000000001,1,True,
benchmark,3258,q2_all_users,5.7034000000000002,200,True,
benchmark,3259,q3_user_by_login,0.26519999999999999,1,True,
benchmark,3260,q4_sellers_rating,42.351399999999998,100,True,
benchmark,3261,q5_orders_offset,15.8201,50,True,
benchmark,3262,q6_products_by_seller,0.2276,1,True,
benchmark,3263,q7_products_join_sellers,0.34320000000000001,1,True,
benchmark,3264,q8_order_items_join_products,0.3952,4,True,
benchmark,3265,q9_orders_items_products_by_user,0.082199999999999995,0,True,
benchmark,3266,q10_top_sellers_qty,118.59350000000001,20,True,
benchmark,3267,q11_top_categories,0.2165,0,True,
benchmark,3268,q1_user_by_id,0.2462,1,True,
benchmark,3269,q2_all_users,5.8787000000000003,200,True,
benchmark,3270,q3_user_by_login,0.224,1,True,
benchmark,3271,q4_sellers_rating,39.918199999999999,100,True,
benchmark,3272,q5_orders_offset,16.245999999999999,50,True,
benchmark,3273,q6_products_by_seller,0.13,0,True,
benchmark,3274,q7_products_join_sellers,0.18240000000000001,0,True,
benchmark,3275,q8_order_items_join_products,0.41339999999999999,3,True,
benchmark,3276,q9_orders_items_products_by_user,0.69069999999999998,5,True,
benchmark,3277,q10_top_sellers_qty,102.2379,20,True,
benchmark,3278,q11_top_categories,0.19070000000000001,0,True,
benchmark,3279,q1_user_by_id,0.26169999999999999,1,True,
benchmark,3280,q2_all_users,6.6360999999999999,200,True,
benchmark,3281,q3_user_by_login,0.29370000000000002,1,True,
benchmark,3282,q4_sellers_rating,41.424999999999997,100,True,
benchmark,3283,q5_orders_offset,22.367999999999999,50,True,
benchmark,3284,q6_products_by_seller,0.21560000000000001,2,True,
benchmark,3285,q7_products_join_sellers,0.33250000000000002,2,True,
benchmark,3286,q8_order_items_join_products,0.4304,1,True,
benchmark,3287,q9_orders_items_products_by_user,0.081100000000000005,0,True,
benchmark,3288,q10_top_sellers_qty,89.125799999999998,20,True,
benchmark,3289,q11_top_categories,0.1991,0,True,
benchmark,3290,q1_user_by_id,0.21160000000000001,1,True,
benchmark,3291,q2_all_users,12.004200000000001,200,True,
benchmark,3292,q3_user_by_login,0.2487,1,True,
benchmark,3293,q4_sellers_rating,41.767800000000001,100,True,
benchmark,3294,q5_orders_offset,15.6892,50,True,
benchmark,3295,q6_products_by_seller,0.1391,0,True,
benchmark,3296,q7_products_join_sellers,0.1956,0,True,
benchmark,3297,q8_order_items_join_products,0.40500000000000003,3,True,
benchmark,3298,q9_orders_items_products_by_user,1.3331999999999999,2,True,
benchmark,3299,q10_top_sellers_qty,102.9388,20,True,
benchmark,3300,q11_top_categories,0.22389999999999999,0,True,
benchmark,3301,q1_user_by_id,0.2429,1,True,
benchmark,3302,q2_all_users,5.5628000000000002,200,True,
benchmark,3303,q3_user_by_login,0.21540000000000001,1,True,
benchmark,3304,q4_sellers_rating,41.098799999999997,100,True,
benchmark,3305,q5_orders_offset,15.607200000000001,50,True,
benchmark,3306,q6_products_by_seller,0.2147,1,True,
benchmark,3307,q7_products_join_sellers,0.33050000000000002,1,True,
benchmark,3308,q8_order_items_join_products,0.38,2,True,
benchmark,3309,q9_orders_items_products_by_user,0.074499999999999997,0,True,
benchmark,3310,q10_top_sellers_qty,124.6737,20,True,
benchmark,3311,q11_top_categories,0.2034,0,True,
benchmark,3312,q1_user_by_id,0.30769999999999997,1,True,
benchmark,3313,q2_all_users,5.9196,200,True,
benchmark,3314,q3_user_by_login,0.1971,1,True,
benchmark,3315,q4_sellers_rating,42.318800000000003,100,True,
benchmark,3316,q5_orders_offset,15.678100000000001,50,True,
benchmark,3317,q6_products_by_seller,0.2467,1,True,
benchmark,3318,q7_products_join_sellers,0.35849999999999999,1,True,
benchmark,3319,q8_order_items_join_products,0.41589999999999999,3,True,
benchmark,3320,q9_orders_items_products_by_user,0.52729999999999999,2,True,
benchmark,3321,q10_top_sellers_qty,110.92319999999999,20,True,
benchmark,3322,q11_top_categories,0.34910000000000002,0,True,
benchmark,3323,q1_user_by_id,0.5323,1,True,
benchmark,3324,q2_all_users,9.0045000000000002,200,True,
benchmark,3325,q3_user_by_login,0.32219999999999999,1,True,
benchmark,3326,q4_sellers_rating,43.131100000000004,100,True,
benchmark,3327,q5_orders_offset,19.1022,50,True,
benchmark,3328,q6_products_by_seller,0.2487,1,True,
benchmark,3329,q7_products_join_sellers,0.35920000000000002,1,True,
benchmark,3330,q8_order_items_join_products,0.40089999999999998,4,True,
benchmark,3331,q9_orders_items_products_by_user,0.46739999999999998,3,True,
benchmark,3332,q10_top_sellers_qty,108.52370000000001,20,True,
benchmark,3333,q11_top_categories,0.21279999999999999,0,True,
benchmark,3334,q1_user_by_id,0.25309999999999999,1,True,
benchmark,3335,q2_all_users,6.7944000000000004,200,True,
benchmark,3336,q3_user_by_login,0.20169999999999999,1,True,
benchmark,3337,q4_sellers_rating,48.137599999999999,100,True,
benchmark,3338,q5_orders_offset,19.4039,50,True,
benchmark,3339,q6_products_by_seller,0.26179999999999998,2,True,
benchmark,3340,q7_products_join_sellers,0.35220000000000001,2,True,
benchmark,3341,q8_order_items_join_products,0.3901,3,True,
benchmark,3342,q9_orders_items_products_by_user,0.2213,0,True,
benchmark,3343,q10_top_sellers_qty,110.15000000000001,20,True,
benchmark,3344,q11_top_categories,0.20119999999999999,0,True,
benchmark,3345,q1_user_by_id,0.2477,1,True,
benchmark,3346,q2_all_users,10.2255,200,True,
benchmark,3347,q3_user_by_login,0.29509999999999997,1,True,
benchmark,3348,q4_sellers_rating,45.338999999999999,100,True,
benchmark,3349,q5_orders_offset,15.7399,50,True,
benchmark,3350,q6_products_by_seller,0.13420000000000001,0,True,
benchmark,3351,q7_products_join_sellers,0.20169999999999999,0,True,
benchmark,3352,q8_order_items_join_products,0.40770000000000001,3,True,
benchmark,3353,q9_orders_items_products_by_user,0.083400000000000002,0,True,
benchmark,3354,q10_top_sellers_qty,105.7333,20,True,
benchmark,3355,q11_top_categories,0.21079999999999999,0,True,
benchmark,3356,q1_user_by_id,0.1993,1,True,
benchmark,3357,q2_all_users,7.6398999999999999,200,True,
benchmark,3358,q3_user_by_login,0.22670000000000001,1,True,
benchmark,3359,q4_sellers_rating,43.248899999999999,100,True,
benchmark,3360,q5_orders_offset,15.8034,50,True,
benchmark,3361,q6_products_by_seller,0.2072,1,True,
benchmark,3362,q7_products_join_sellers,0.35239999999999999,1,True,
benchmark,3363,q8_order_items_join_products,0.38850000000000001,1,True,
benchmark,3364,q9_orders_items_products_by_user,0.96330000000000005,8,True,
benchmark,3365,q10_top_sellers_qty,99.918999999999997,20,True,
benchmark,3366,q11_top_categories,0.21390000000000001,0,True,
benchmark,3367,q1_user_by_id,0.19950000000000001,1,True,
benchmark,3368,q2_all_users,5.8975999999999997,200,True,
benchmark,3369,q3_user_by_login,0.251,1,True,
benchmark,3370,q4_sellers_rating,40.560200000000002,100,True,
benchmark,3371,q5_orders_offset,15.793900000000001,50,True,
benchmark,3372,q6_products_by_seller,0.215,1,True,
benchmark,3373,q7_products_join_sellers,0.33210000000000001,1,True,
benchmark,3374,q8_order_items_join_products,0.39350000000000002,4,True,
benchmark,3375,q9_orders_items_products_by_user,0.317,0,True,
benchmark,3376,q10_top_sellers_qty,124.788,20,True,
benchmark,3377,q11_top_categories,0.30640000000000001,0,True,
benchmark,3378,q1_user_by_id,0.28999999999999998,1,True,
benchmark,3379,q2_all_users,6.1394000000000002,200,True,
benchmark,3380,q3_user_by_login,0.30919999999999997,1,True,
benchmark,3381,q4_sellers_rating,44.264299999999999,100,True,
benchmark,3382,q5_orders_offset,19.230399999999999,50,True,
benchmark,3383,q6_products_by_seller,0.21379999999999999,1,True,
benchmark,3384,q7_products_join_sellers,0.3327,1,True,
benchmark,3385,q8_order_items_join_products,0.39500000000000002,4,True,
benchmark,3386,q9_orders_items_products_by_user,0.3362,1,True,
benchmark,3387,q10_top_sellers_qty,114.0772,20,True,
benchmark,3388,q11_top_categories,0.2056,0,True,
benchmark,3389,q1_user_by_id,0.19989999999999999,1,True,
benchmark,3390,q2_all_users,12.3375,200,True,
benchmark,3391,q3_user_by_login,0.35720000000000002,1,True,
benchmark,3392,q4_sellers_rating,45.022500000000001,100,True,
benchmark,3393,q5_orders_offset,15.5961,50,True,
benchmark,3394,q6_products_by_seller,0.1341,0,True,
benchmark,3395,q7_products_join_sellers,0.19900000000000001,0,True,
benchmark,3396,q8_order_items_join_products,0.43070000000000003,3,True,
benchmark,3397,q9_orders_items_products_by_user,0.35270000000000001,1,True,
benchmark,3398,q10_top_sellers_qty,104.6264,20,True,
benchmark,3399,q11_top_categories,0.21959999999999999,0,True,
benchmark,3400,q1_user_by_id,0.2319,1,True,
benchmark,3401,q2_all_users,8.2278000000000002,200,True,
benchmark,3402,q3_user_by_login,0.29389999999999999,1,True,
benchmark,3403,q4_sellers_rating,42.636099999999999,100,True,
benchmark,3404,q5_orders_offset,16.046199999999999,50,True,
benchmark,3405,q6_products_by_seller,0.23810000000000001,1,True,
benchmark,3406,q7_products_join_sellers,0.34549999999999997,1,True,
benchmark,3407,q8_order_items_join_products,0.38119999999999998,2,True,
benchmark,3408,q9_orders_items_products_by_user,0.20200000000000001,0,True,
benchmark,3409,q10_top_sellers_qty,119.9696,20,True,
benchmark,3410,q11_top_categories,0.20430000000000001,0,True,
benchmark,3411,q1_user_by_id,0.18970000000000001,1,True,
benchmark,3412,q2_all_users,5.8727,200,True,
benchmark,3413,q3_user_by_login,0.1976,1,True,
benchmark,3414,q4_sellers_rating,44.737200000000001,100,True,
benchmark,3415,q5_orders_offset,15.962899999999999,50,True,
benchmark,3416,q6_products_by_seller,0.2104,1,True,
benchmark,3417,q7_products_join_sellers,0.3291,1,True,
benchmark,3418,q8_order_items_join_products,0.42070000000000002,5,True,
benchmark,3419,q9_orders_items_products_by_user,0.081900000000000001,0,True,
benchmark,3420,q10_top_sellers_qty,118.4541,20,True,
benchmark,3421,q11_top_categories,0.22220000000000001,0,True,
benchmark,3422,q1_user_by_id,0.18629999999999999,1,True,
benchmark,3423,q2_all_users,5.4962999999999997,200,True,
benchmark,3424,q3_user_by_login,0.2044,1,True,
benchmark,3425,q4_sellers_rating,48.988300000000002,100,True,
benchmark,3426,q5_orders_offset,15.9057,50,True,
benchmark,3427,q6_products_by_seller,0.2271,4,True,
benchmark,3428,q7_products_join_sellers,0.35709999999999997,4,True,
benchmark,3429,q8_order_items_join_products,0.38929999999999998,4,True,
benchmark,3430,q9_orders_items_products_by_user,0.2172,0,True,
benchmark,3431,q10_top_sellers_qty,114.3353,20,True,
benchmark,3432,q11_top_categories,0.20849999999999999,0,True,
benchmark,3433,q1_user_by_id,0.3357,1,True,
benchmark,3434,q2_all_users,9.2552000000000003,200,True,
benchmark,3435,q3_user_by_login,0.23200000000000001,1,True,
benchmark,3436,q4_sellers_rating,50.023000000000003,100,True,
benchmark,3437,q5_orders_offset,15.875999999999999,50,True,
benchmark,3438,q6_products_by_seller,0.22800000000000001,4,True,
benchmark,3439,q7_products_join_sellers,0.35310000000000002,4,True,
benchmark,3440,q8_order_items_join_products,0.38450000000000001,2,True,
benchmark,3441,q9_orders_items_products_by_user,0.074499999999999997,0,True,
benchmark,3442,q10_top_sellers_qty,110.795,20,True,
benchmark,3443,q11_top_categories,0.19939999999999999,0,True,
benchmark,3444,q1_user_by_id,0.24779999999999999,1,True,
benchmark,3445,q2_all_users,5.9687999999999999,200,True,
benchmark,3446,q3_user_by_login,0.24629999999999999,1,True,
benchmark,3447,q4_sellers_rating,41.054900000000004,100,True,
benchmark,3448,q5_orders_offset,15.725,50,True,
benchmark,3449,q6_products_by_seller,0.21240000000000001,2,True,
benchmark,3450,q7_products_join_sellers,0.33150000000000002,2,True,
benchmark,3451,q8_order_items_join_products,0.4052,4,True,
benchmark,3452,q9_orders_items_products_by_user,0.2276,0,True,
benchmark,3453,q10_top_sellers_qty,104.5277,20,True,
benchmark,3454,q11_top_categories,0.2069,0,True,
benchmark,3455,q1_user_by_id,0.23530000000000001,1,True,
benchmark,3456,q2_all_users,5.8136999999999999,200,True,
benchmark,3457,q3_user_by_login,0.27629999999999999,1,True,
benchmark,3458,q4_sellers_rating,41.976300000000002,100,True,
benchmark,3459,q5_orders_offset,15.765700000000001,50,True,
benchmark,3460,q6_products_by_seller,0.13339999999999999,0,True,
benchmark,3461,q7_products_join_sellers,0.19620000000000001,0,True,
benchmark,3462,q8_order_items_join_products,0.41389999999999999,2,True,
benchmark,3463,q9_orders_items_products_by_user,0.22,0,True,
benchmark,3464,q10_top_sellers_qty,105.06699999999999,20,True,
benchmark,3465,q11_top_categories,0.18579999999999999,0,True,
benchmark,3466,q1_user_by_id,0.2445,1,True,
benchmark,3467,q2_all_users,5.6954000000000002,200,True,
benchmark,3468,q3_user_by_login,0.21679999999999999,1,True,
benchmark,3469,q4_sellers_rating,45.154499999999999,100,True,
benchmark,3470,q5_orders_offset,15.809200000000001,50,True,
benchmark,3471,q6_products_by_seller,0.1421,0,True,
benchmark,3472,q7_products_join_sellers,0.1991,0,True,
benchmark,3473,q8_order_items_join_products,0.40039999999999998,3,True,
benchmark,3474,q9_orders_items_products_by_user,0.0872,0,True,
benchmark,3475,q10_top_sellers_qty,101.98779999999999,20,True,
benchmark,3476,q11_top_categories,0.21460000000000001,0,True,
benchmark,3477,q1_user_by_id,0.2114,1,True,
benchmark,3478,q2_all_users,5.7111000000000001,200,True,
benchmark,3479,q3_user_by_login,0.24049999999999999,1,True,
benchmark,3480,q4_sellers_rating,42.169199999999996,100,True,
benchmark,3481,q5_orders_offset,18.645700000000001,50,True,
benchmark,3482,q6_products_by_seller,0.22059999999999999,1,True,
benchmark,3483,q7_products_join_sellers,0.32300000000000001,1,True,
benchmark,3484,q8_order_items_join_products,0.40460000000000002,4,True,
benchmark,3485,q9_orders_items_products_by_user,0.080399999999999999,0,True,
benchmark,3486,q10_top_sellers_qty,107.2814,20,True,
benchmark,3487,q11_top_categories,0.20999999999999999,0,True,
benchmark,3488,q1_user_by_id,0.18779999999999999,1,True,
benchmark,3489,q2_all_users,8.7401,200,True,
benchmark,3490,q3_user_by_login,0.2387,1,True,
benchmark,3491,q4_sellers_rating,42.469200000000001,100,True,
benchmark,3492,q5_orders_offset,16.047499999999999,50,True,
benchmark,3493,q6_products_by_seller,0.13300000000000001,0,True,
benchmark,3494,q7_products_join_sellers,0.1956,0,True,
benchmark,3495,q8_order_items_join_products,0.42349999999999999,3,True,
benchmark,3496,q9_orders_items_products_by_user,0.084000000000000005,0,True,
benchmark,3497,q10_top_sellers_qty,108.2637,20,True,
benchmark,3498,q11_top_categories,0.18940000000000001,0,True,
benchmark,3499,q1_user_by_id,0.1943,1,True,
benchmark,3500,q2_all_users,12.0672,200,True,
benchmark,3501,q3_user_by_login,0.22539999999999999,1,True,
benchmark,3502,q4_sellers_rating,48.780200000000001,100,True,
benchmark,3503,q5_orders_offset,15.7903,50,True,
benchmark,3504,q6_products_by_seller,0.12859999999999999,0,True,
benchmark,3505,q7_products_join_sellers,0.1845,0,True,
benchmark,3506,q8_order_items_join_products,0.40289999999999998,2,True,
benchmark,3507,q9_orders_items_products_by_user,0.070999999999999994,0,True,
benchmark,3508,q10_top_sellers_qty,101.4044,20,True,
benchmark,3509,q11_top_categories,0.20130000000000001,0,True,
benchmark,3510,q1_user_by_id,0.2109,1,True,
benchmark,3511,q2_all_users,6.7858000000000001,200,True,
benchmark,3512,q3_user_by_login,0.29170000000000001,1,True,
benchmark,3513,q4_sellers_rating,43.294699999999999,100,True,
benchmark,3514,q5_orders_offset,15.8017,50,True,
benchmark,3515,q6_products_by_seller,0.23699999999999999,3,True,
benchmark,3516,q7_products_join_sellers,0.35420000000000001,3,True,
benchmark,3517,q8_order_items_join_products,0.38479999999999998,1,True,
benchmark,3518,q9_orders_items_products_by_user,0.076200000000000004,0,True,
benchmark,3519,q10_top_sellers_qty,116.5975,20,True,
benchmark,3520,q11_top_categories,0.20519999999999999,0,True,
benchmark,3521,q1_user_by_id,0.19170000000000001,1,True,
benchmark,3522,q2_all_users,5.8731999999999998,200,True,
benchmark,3523,q3_user_by_login,0.20349999999999999,1,True,
benchmark,3524,q4_sellers_rating,42.248899999999999,100,True,
benchmark,3525,q5_orders_offset,19.484400000000001,50,True,
benchmark,3526,q6_products_by_seller,0.14199999999999999,0,True,
benchmark,3527,q7_products_join_sellers,0.1741,0,True,
benchmark,3528,q8_order_items_join_products,0.34570000000000001,3,True,
benchmark,3529,q9_orders_items_products_by_user,0.38009999999999999,2,True,
benchmark,3530,q10_top_sellers_qty,105.26479999999999,20,True,
benchmark,3531,q11_top_categories,0.23330000000000001,0,True,
benchmark,3532,q1_user_by_id,0.26519999999999999,1,True,
benchmark,3533,q2_all_users,12.167899999999999,200,True,
benchmark,3534,q3_user_by_login,0.34389999999999998,1,True,
benchmark,3535,q4_sellers_rating,43.111400000000003,100,True,
benchmark,3536,q5_orders_offset,16.006499999999999,50,True,
benchmark,3537,q6_products_by_seller,0.22270000000000001,1,True,
benchmark,3538,q7_products_join_sellers,0.31690000000000002,1,True,
benchmark,3539,q8_order_items_join_products,0.36430000000000001,1,True,
benchmark,3540,q9_orders_items_products_by_user,0.074499999999999997,0,True,
benchmark,3541,q10_top_sellers_qty,102.5159,20,True,
benchmark,3542,q11_top_categories,0.20999999999999999,0,True,
benchmark,3543,q1_user_by_id,0.2979,1,True,
benchmark,3544,q2_all_users,5.7854000000000001,200,True,
benchmark,3545,q3_user_by_login,0.31269999999999998,1,True,
benchmark,3546,q4_sellers_rating,47.281599999999997,100,True,
benchmark,3547,q5_orders_offset,17.756399999999999,50,True,
benchmark,3548,q6_products_by_seller,0.1608,0,True,
benchmark,3549,q7_products_join_sellers,0.2084,0,True,
benchmark,3550,q8_order_items_join_products,0.51449999999999996,4,True,
benchmark,3551,q9_orders_items_products_by_user,0.10290000000000001,0,True,
benchmark,3552,q10_top_sellers_qty,129.39510000000001,20,True,
benchmark,3553,q11_top_categories,0.25800000000000001,0,True,
benchmark,3554,q1_user_by_id,0.32040000000000002,1,True,
benchmark,3555,q2_all_users,6.7317999999999998,200,True,
benchmark,3556,q3_user_by_login,0.2215,1,True,
benchmark,3557,q4_sellers_rating,51.101199999999999,100,True,
benchmark,3558,q5_orders_offset,15.991,50,True,
benchmark,3559,q6_products_by_seller,0.1686,0,True,
benchmark,3560,q7_products_join_sellers,0.21560000000000001,0,True,
benchmark,3561,q8_order_items_join_products,0.45119999999999999,5,True,
benchmark,3562,q9_orders_items_products_by_user,0.99280000000000002,7,True,
benchmark,3563,q10_top_sellers_qty,108.69629999999999,20,True,
benchmark,3564,q11_top_categories,0.2271,0,True,
benchmark,3565,q1_user_by_id,0.25719999999999998,1,True,
benchmark,3566,q2_all_users,6.2584,200,True,
benchmark,3567,q3_user_by_login,0.25619999999999998,1,True,
benchmark,3568,q4_sellers_rating,46.797400000000003,100,True,
benchmark,3569,q5_orders_offset,15.816700000000001,50,True,
benchmark,3570,q6_products_by_seller,0.13,0,True,
benchmark,3571,q7_products_join_sellers,0.1903,0,True,
benchmark,3572,q8_order_items_join_products,0.3836,1,True,
benchmark,3573,q9_orders_items_products_by_user,0.80549999999999999,5,True,
benchmark,3574,q10_top_sellers_qty,109.381,20,True,
benchmark,3575,q11_top_categories,0.20760000000000001,0,True,
benchmark,3576,q1_user_by_id,0.2157,1,True,
benchmark,3577,q2_all_users,7.5312999999999999,200,True,
benchmark,3578,q3_user_by_login,0.97829999999999995,1,True,
benchmark,3579,q4_sellers_rating,41.635300000000001,100,True,
benchmark,3580,q5_orders_offset,15.6394,50,True,
benchmark,3581,q6_products_by_seller,0.14499999999999999,0,True,
benchmark,3582,q7_products_join_sellers,0.18579999999999999,0,True,
benchmark,3583,q8_order_items_join_products,0.40500000000000003,2,True,
benchmark,3584,q9_orders_items_products_by_user,0.43869999999999998,1,True,
benchmark,3585,q10_top_sellers_qty,95.839799999999997,20,True,
benchmark,3586,q11_top_categories,0.21510000000000001,0,True,
benchmark,3587,q1_user_by_id,0.2074,1,True,
benchmark,3588,q2_all_users,5.2984999999999998,200,True,
benchmark,3589,q3_user_by_login,0.43769999999999998,1,True,
benchmark,3590,q4_sellers_rating,38.983699999999999,100,True,
benchmark,3591,q5_orders_offset,15.9773,50,True,
benchmark,3592,q6_products_by_seller,0.2334,1,True,
benchmark,3593,q7_products_join_sellers,0.38340000000000002,1,True,
benchmark,3594,q8_order_items_join_products,0.3876,1,True,
benchmark,3595,q9_orders_items_products_by_user,0.075600000000000001,0,True,
benchmark,3596,q10_top_sellers_qty,113.54089999999999,20,True,
benchmark,3597,q11_top_categories,0.25609999999999999,0,True,
benchmark,3598,q1_user_by_id,0.42409999999999998,1,True,
benchmark,3599,q2_all_users,6.0209000000000001,200,True,
benchmark,3600,q3_user_by_login,0.2235,1,True,
benchmark,3601,q4_sellers_rating,45.253700000000002,100,True,
benchmark,3602,q5_orders_offset,25.097200000000001,50,True,
benchmark,3603,q6_products_by_seller,0.22650000000000001,1,True,
benchmark,3604,q7_products_join_sellers,0.34029999999999999,1,True,
benchmark,3605,q8_order_items_join_products,0.40389999999999998,3,True,
benchmark,3606,q9_orders_items_products_by_user,0.35470000000000002,1,True,
benchmark,3607,q10_top_sellers_qty,118.3459,20,True,
benchmark,3608,q11_top_categories,0.2036,0,True,
benchmark,3609,q1_user_by_id,1.0102,1,True,
benchmark,3610,q2_all_users,10.500500000000001,200,True,
benchmark,3611,q3_user_by_login,0.32969999999999999,1,True,
benchmark,3612,q4_sellers_rating,51.235399999999998,100,True,
benchmark,3613,q5_orders_offset,15.621700000000001,50,True,
benchmark,3614,q6_products_by_seller,0.1346,0,True,
benchmark,3615,q7_products_join_sellers,0.19889999999999999,0,True,
benchmark,3616,q8_order_items_join_products,0.42249999999999999,2,True,
benchmark,3617,q9_orders_items_products_by_user,0.0746,0,True,
benchmark,3618,q10_top_sellers_qty,109.7132,20,True,
benchmark,3619,q11_top_categories,0.18890000000000001,0,True,
benchmark,3620,q1_user_by_id,0.19409999999999999,1,True,
benchmark,3621,q2_all_users,8.5436999999999994,200,True,
benchmark,3622,q3_user_by_login,0.2079,1,True,
benchmark,3623,q4_sellers_rating,48.019399999999997,100,True,
benchmark,3624,q5_orders_offset,15.9032,50,True,
benchmark,3625,q6_products_by_seller,0.2475,2,True,
benchmark,3626,q7_products_join_sellers,0.41920000000000002,2,True,
benchmark,3627,q8_order_items_join_products,0.4284,4,True,
benchmark,3628,q9_orders_items_products_by_user,0.099699999999999997,0,True,
benchmark,3629,q10_top_sellers_qty,100.592,20,True,
benchmark,3630,q11_top_categories,0.3347,0,True,
benchmark,3631,q1_user_by_id,0.35299999999999998,1,True,
benchmark,3632,q2_all_users,6.7378999999999998,200,True,
benchmark,3633,q3_user_by_login,0.29609999999999997,1,True,
benchmark,3634,q4_sellers_rating,41.664999999999999,100,True,
benchmark,3635,q5_orders_offset,15.886799999999999,50,True,
benchmark,3636,q6_products_by_seller,0.14050000000000001,0,True,
benchmark,3637,q7_products_join_sellers,0.19869999999999999,0,True,
benchmark,3638,q8_order_items_join_products,0.44369999999999998,2,True,
benchmark,3639,q9_orders_items_products_by_user,0.30909999999999999,0,True,
benchmark,3640,q10_top_sellers_qty,121.1181,20,True,
benchmark,3641,q11_top_categories,0.2301,0,True,
benchmark,3642,q1_user_by_id,0.21049999999999999,1,True,
benchmark,3643,q2_all_users,6.2350000000000003,200,True,
benchmark,3644,q3_user_by_login,0.21110000000000001,1,True,
benchmark,3645,q4_sellers_rating,42.112900000000003,100,True,
benchmark,3646,q5_orders_offset,19.010100000000001,50,True,
benchmark,3647,q6_products_by_seller,0.22450000000000001,1,True,
benchmark,3648,q7_products_join_sellers,0.34239999999999998,1,True,
benchmark,3649,q8_order_items_join_products,0.4047,5,True,
benchmark,3650,q9_orders_items_products_by_user,0.19719999999999999,0,True,
benchmark,3651,q10_top_sellers_qty,104.77800000000001,20,True,
benchmark,3652,q11_top_categories,0.20549999999999999,0,True,
benchmark,3653,q1_user_by_id,0.22950000000000001,1,True,
benchmark,3654,q2_all_users,8.9350000000000005,200,True,
benchmark,3655,q3_user_by_login,0.21199999999999999,1,True,
benchmark,3656,q4_sellers_rating,47.253100000000003,100,True,
benchmark,3657,q5_orders_offset,15.8064,50,True,
benchmark,3658,q6_products_by_seller,0.24049999999999999,1,True,
benchmark,3659,q7_products_join_sellers,0.43290000000000001,1,True,
benchmark,3660,q8_order_items_join_products,0.44309999999999999,5,True,
benchmark,3661,q9_orders_items_products_by_user,0.26479999999999998,0,True,
benchmark,3662,q10_top_sellers_qty,110.81059999999999,20,True,
benchmark,3663,q11_top_categories,0.18759999999999999,0,True,
benchmark,3664,q1_user_by_id,0.245,1,True,
benchmark,3665,q2_all_users,7.5115999999999996,200,True,
benchmark,3666,q3_user_by_login,0.22159999999999999,1,True,
benchmark,3667,q4_sellers_rating,44.531999999999996,100,True,
benchmark,3668,q5_orders_offset,15.915800000000001,50,True,
benchmark,3669,q6_products_by_seller,0.2122,1,True,
benchmark,3670,q7_products_join_sellers,0.32869999999999999,1,True,
benchmark,3671,q8_order_items_join_products,0.39729999999999999,1,True,
benchmark,3672,q9_orders_items_products_by_user,0.084000000000000005,0,True,
benchmark,3673,q10_top_sellers_qty,101.35850000000001,20,True,
benchmark,3674,q11_top_categories,0.21590000000000001,0,True,
benchmark,3675,q1_user_by_id,0.25159999999999999,1,True,
benchmark,3676,q2_all_users,6.6550000000000002,200,True,
benchmark,3677,q3_user_by_login,0.30130000000000001,1,True,
benchmark,3678,q4_sellers_rating,43.632899999999999,100,True,
benchmark,3679,q5_orders_offset,15.952299999999999,50,True,
benchmark,3680,q6_products_by_seller,0.1835,1,True,
benchmark,3681,q7_products_join_sellers,0.34660000000000002,1,True,
benchmark,3682,q8_order_items_join_products,0.40870000000000001,5,True,
benchmark,3683,q9_orders_items_products_by_user,0.61309999999999998,4,True,
benchmark,3684,q10_top_sellers_qty,121.11799999999999,20,True,
benchmark,3685,q11_top_categories,0.21410000000000001,0,True,
benchmark,3686,q1_user_by_id,0.25950000000000001,1,True,
benchmark,3687,q2_all_users,5.5540000000000003,200,True,
benchmark,3688,q3_user_by_login,0.20380000000000001,1,True,
benchmark,3689,q4_sellers_rating,43.7956,100,True,
benchmark,3690,q5_orders_offset,18.8233,50,True,
benchmark,3691,q6_products_by_seller,0.2208,1,True,
benchmark,3692,q7_products_join_sellers,0.34289999999999998,1,True,
benchmark,3693,q8_order_items_join_products,0.38169999999999998,3,True,
benchmark,3694,q9_orders_items_products_by_user,0.28599999999999998,0,True,
benchmark,3695,q10_top_sellers_qty,118.2957,20,True,
benchmark,3696,q11_top_categories,0.20669999999999999,0,True,
benchmark,3697,q1_user_by_id,0.29299999999999998,1,True,
benchmark,3698,q2_all_users,9.1302000000000003,200,True,
benchmark,3699,q3_user_by_login,0.40389999999999998,1,True,
benchmark,3700,q4_sellers_rating,46.943100000000001,100,True,
benchmark,3701,q5_orders_offset,16.009,50,True,
benchmark,3702,q6_products_by_seller,0.12920000000000001,0,True,
benchmark,3703,q7_products_join_sellers,0.1898,0,True,
benchmark,3704,q8_order_items_join_products,0.39050000000000001,2,True,
benchmark,3705,q9_orders_items_products_by_user,0.83099999999999996,6,True,
benchmark,3706,q10_top_sellers_qty,104.1053,20,True,
benchmark,3707,q11_top_categories,0.20580000000000001,0,True,
benchmark,3708,q1_user_by_id,0.19650000000000001,1,True,
benchmark,3709,q2_all_users,5.4543999999999997,200,True,
benchmark,3710,q3_user_by_login,0.28760000000000002,1,True,
benchmark,3711,q4_sellers_rating,40.862200000000001,100,True,
benchmark,3712,q5_orders_offset,15.9786,50,True,
benchmark,3713,q6_products_by_seller,0.1615,0,True,
benchmark,3714,q7_products_join_sellers,0.20100000000000001,0,True,
benchmark,3715,q8_order_items_join_products,0.47110000000000002,4,True,
benchmark,3716,q9_orders_items_products_by_user,0.85599999999999998,5,True,
benchmark,3717,q10_top_sellers_qty,98.144499999999994,20,True,
benchmark,3718,q11_top_categories,0.20530000000000001,0,True,
benchmark,3719,q1_user_by_id,0.23069999999999999,1,True,
benchmark,3720,q2_all_users,5.6623999999999999,200,True,
benchmark,3721,q3_user_by_login,0.2581,1,True,
benchmark,3722,q4_sellers_rating,38.551299999999998,100,True,
benchmark,3723,q5_orders_offset,19.000399999999999,50,True,
benchmark,3724,q6_products_by_seller,0.23039999999999999,3,True,
benchmark,3725,q7_products_join_sellers,0.37559999999999999,3,True,
benchmark,3726,q8_order_items_join_products,0.39400000000000002,1,True,
benchmark,3727,q9_orders_items_products_by_user,0.37090000000000001,1,True,
benchmark,3728,q10_top_sellers_qty,98.556399999999996,20,True,
benchmark,3729,q11_top_categories,0.1983,0,True,
benchmark,3730,q1_user_by_id,0.2142,1,True,
benchmark,3731,q2_all_users,14.4062,200,True,
benchmark,3732,q3_user_by_login,0.2132,1,True,
benchmark,3733,q4_sellers_rating,42.662300000000002,100,True,
benchmark,3734,q5_orders_offset,15.923500000000001,50,True,
benchmark,3735,q6_products_by_seller,0.21390000000000001,1,True,
benchmark,3736,q7_products_join_sellers,0.3327,1,True,
benchmark,3737,q8_order_items_join_products,0.3735,1,True,
benchmark,3738,q9_orders_items_products_by_user,0.20669999999999999,0,True,
benchmark,3739,q10_top_sellers_qty,111.9157,20,True,
benchmark,3740,q11_top_categories,0.2031,0,True,
benchmark,3741,q1_user_by_id,2.8477000000000001,1,True,
benchmark,3742,q2_all_users,8.3713999999999995,200,True,
benchmark,3743,q3_user_by_login,0.21290000000000001,1,True,
benchmark,3744,q4_sellers_rating,44.973799999999997,100,True,
benchmark,3745,q5_orders_offset,16.214099999999998,50,True,
benchmark,3746,q6_products_by_seller,0.22109999999999999,2,True,
benchmark,3747,q7_products_join_sellers,0.42270000000000002,2,True,
benchmark,3748,q8_order_items_join_products,0.4254,5,True,
benchmark,3749,q9_orders_items_products_by_user,0.3715,0,True,
benchmark,3750,q10_top_sellers_qty,103.6339,20,True,
benchmark,3751,q11_top_categories,0.20250000000000001,0,True,
benchmark,3752,q1_user_by_id,0.18909999999999999,1,True,
benchmark,3753,q2_all_users,5.7141999999999999,200,True,
benchmark,3754,q3_user_by_login,0.25869999999999999,1,True,
benchmark,3755,q4_sellers_rating,41.978200000000001,100,True,
benchmark,3756,q5_orders_offset,15.6601,50,True,
benchmark,3757,q6_products_by_seller,0.21290000000000001,1,True,
benchmark,3758,q7_products_join_sellers,0.34420000000000001,1,True,
benchmark,3759,q8_order_items_join_products,0.40460000000000002,3,True,
benchmark,3760,q9_orders_items_products_by_user,0.082699999999999996,0,True,
benchmark,3761,q10_top_sellers_qty,126.38509999999999,20,True,
benchmark,3762,q11_top_categories,0.2097,0,True,
benchmark,3763,q1_user_by_id,0.29580000000000001,1,True,
benchmark,3764,q2_all_users,5.9981,200,True,
benchmark,3765,q3_user_by_login,0.20649999999999999,1,True,
benchmark,3766,q4_sellers_rating,48.222999999999999,100,True,
benchmark,3767,q5_orders_offset,15.9773,50,True,
benchmark,3768,q6_products_by_seller,0.13450000000000001,0,True,
benchmark,3769,q7_products_join_sellers,0.19139999999999999,0,True,
benchmark,3770,q8_order_items_join_products,0.4869,5,True,
benchmark,3771,q9_orders_items_products_by_user,0.088300000000000003,0,True,
benchmark,3772,q10_top_sellers_qty,102.0945,20,True,
benchmark,3773,q11_top_categories,0.193,0,True,
benchmark,3774,q1_user_by_id,0.21279999999999999,1,True,
benchmark,3775,q2_all_users,11.440200000000001,200,True,
benchmark,3776,q3_user_by_login,0.35260000000000002,1,True,
benchmark,3777,q4_sellers_rating,39.211599999999997,100,True,
benchmark,3778,q5_orders_offset,15.980600000000001,50,True,
benchmark,3779,q6_products_by_seller,0.1195,0,True,
benchmark,3780,q7_products_join_sellers,0.1875,0,True,
benchmark,3781,q8_order_items_join_products,0.38169999999999998,2,True,
benchmark,3782,q9_orders_items_products_by_user,0.33689999999999998,1,True,
benchmark,3783,q10_top_sellers_qty,103.4014,20,True,
benchmark,3784,q11_top_categories,0.35970000000000002,0,True,
benchmark,3785,q1_user_by_id,0.2752,1,True,
benchmark,3786,q2_all_users,5.7047999999999996,200,True,
benchmark,3787,q3_user_by_login,0.23219999999999999,1,True,
benchmark,3788,q4_sellers_rating,45.979500000000002,100,True,
benchmark,3789,q5_orders_offset,15.7911,50,True,
benchmark,3790,q6_products_by_seller,0.21440000000000001,1,True,
benchmark,3791,q7_products_join_sellers,0.36009999999999998,1,True,
benchmark,3792,q8_order_items_join_products,0.41470000000000001,3,True,
benchmark,3793,q9_orders_items_products_by_user,0.22059999999999999,0,True,
benchmark,3794,q10_top_sellers_qty,121.0121,20,True,
benchmark,3795,q11_top_categories,0.19450000000000001,0,True,
benchmark,3796,q1_user_by_id,0.18840000000000001,1,True,
benchmark,3797,q2_all_users,5.9740000000000002,200,True,
benchmark,3798,q3_user_by_login,0.33589999999999998,1,True,
benchmark,3799,q4_sellers_rating,44.4893,100,True,
benchmark,3800,q5_orders_offset,16.002199999999998,50,True,
benchmark,3801,q6_products_by_seller,0.22109999999999999,3,True,
benchmark,3802,q7_products_join_sellers,0.33989999999999998,3,True,
benchmark,3803,q8_order_items_join_products,0.38619999999999999,4,True,
benchmark,3804,q9_orders_items_products_by_user,0.33069999999999999,1,True,
benchmark,3805,q10_top_sellers_qty,116.72020000000001,20,True,
benchmark,3806,q11_top_categories,0.1913,0,True,
benchmark,3807,q1_user_by_id,0.3034,1,True,
benchmark,3808,q2_all_users,5.6985999999999999,200,True,
benchmark,3809,q3_user_by_login,0.27700000000000002,1,True,
benchmark,3810,q4_sellers_rating,48.335000000000001,100,True,
benchmark,3811,q5_orders_offset,15.803699999999999,50,True,
benchmark,3812,q6_products_by_seller,0.2384,1,True,
benchmark,3813,q7_products_join_sellers,0.3619,1,True,
benchmark,3814,q8_order_items_join_products,0.39389999999999997,1,True,
benchmark,3815,q9_orders_items_products_by_user,0.2858,0,True,
benchmark,3816,q10_top_sellers_qty,113.70999999999999,20,True,
benchmark,3817,q11_top_categories,0.19520000000000001,0,True,
benchmark,3818,q1_user_by_id,0.21279999999999999,1,True,
benchmark,3819,q2_all_users,11.427,200,True,
benchmark,3820,q3_user_by_login,0.30880000000000002,1,True,
benchmark,3821,q4_sellers_rating,45.092199999999998,100,True,
benchmark,3822,q5_orders_offset,16.036799999999999,50,True,
benchmark,3823,q6_products_by_seller,0.1457,0,True,
benchmark,3824,q7_products_join_sellers,0.21360000000000001,0,True,
benchmark,3825,q8_order_items_join_products,0.41439999999999999,2,True,
benchmark,3826,q9_orders_items_products_by_user,0.68759999999999999,4,True,
benchmark,3827,q10_top_sellers_qty,101.39019999999999,20,True,
benchmark,3828,q11_top_categories,0.1928,0,True,
benchmark,3829,q1_user_by_id,0.23219999999999999,1,True,
benchmark,3830,q2_all_users,5.5388999999999999,200,True,
benchmark,3831,q3_user_by_login,0.2621,1,True,
benchmark,3832,q4_sellers_rating,41.404000000000003,100,True,
benchmark,3833,q5_orders_offset,15.768000000000001,50,True,
benchmark,3834,q6_products_by_seller,0.1434,0,True,
benchmark,3835,q7_products_join_sellers,0.19819999999999999,0,True,
benchmark,3836,q8_order_items_join_products,0.42420000000000002,5,True,
benchmark,3837,q9_orders_items_products_by_user,0.084900000000000003,0,True,
benchmark,3838,q10_top_sellers_qty,123.119,20,True,
benchmark,3839,q11_top_categories,0.19850000000000001,0,True,
benchmark,3840,q1_user_by_id,0.2505,1,True,
benchmark,3841,q2_all_users,5.6799999999999997,200,True,
benchmark,3842,q3_user_by_login,0.1968,1,True,
benchmark,3843,q4_sellers_rating,44.435200000000002,100,True,
benchmark,3844,q5_orders_offset,19.0243,50,True,
benchmark,3845,q6_products_by_seller,0.20760000000000001,1,True,
benchmark,3846,q7_products_join_sellers,0.33800000000000002,1,True,
benchmark,3847,q8_order_items_join_products,0.40200000000000002,4,True,
benchmark,3848,q9_orders_items_products_by_user,0.080000000000000002,0,True,
benchmark,3849,q10_top_sellers_qty,106.4935,20,True,
benchmark,3850,q11_top_categories,0.21690000000000001,0,True,
benchmark,3851,q1_user_by_id,0.2059,1,True,
benchmark,3852,q2_all_users,9.3472000000000008,200,True,
benchmark,3853,q3_user_by_login,0.26000000000000001,1,True,
benchmark,3854,q4_sellers_rating,47.894799999999996,100,True,
benchmark,3855,q5_orders_offset,15.7392,50,True,
benchmark,3856,q6_products_by_seller,0.2162,2,True,
benchmark,3857,q7_products_join_sellers,0.34489999999999998,2,True,
benchmark,3858,q8_order_items_join_products,0.39879999999999999,4,True,
benchmark,3859,q9_orders_items_products_by_user,0.8337,5,True,
benchmark,3860,q10_top_sellers_qty,97.104600000000005,20,True,
benchmark,3861,q11_top_categories,0.2142,0,True,
benchmark,3862,q1_user_by_id,0.20430000000000001,1,True,
benchmark,3863,q2_all_users,8.6686999999999994,200,True,
benchmark,3864,q3_user_by_login,0.2712,1,True,
benchmark,3865,q4_sellers_rating,39.3367,100,True,
benchmark,3866,q5_orders_offset,16.0322,50,True,
benchmark,3867,q6_products_by_seller,0.14330000000000001,0,True,
benchmark,3868,q7_products_join_sellers,0.1943,0,True,
benchmark,3869,q8_order_items_join_products,0.43259999999999998,1,True,
benchmark,3870,q9_orders_items_products_by_user,0.077499999999999999,0,True,
benchmark,3871,q10_top_sellers_qty,107.44070000000001,20,True,
benchmark,3872,q11_top_categories,0.19939999999999999,0,True,
benchmark,3873,q1_user_by_id,0.248,1,True,
benchmark,3874,q2_all_users,5.5484999999999998,200,True,
benchmark,3875,q3_user_by_login,0.29399999999999998,1,True,
benchmark,3876,q4_sellers_rating,41.611899999999999,100,True,
benchmark,3877,q5_orders_offset,15.8231,50,True,
benchmark,3878,q6_products_by_seller,0.13600000000000001,0,True,
benchmark,3879,q7_products_join_sellers,0.19350000000000001,0,True,
benchmark,3880,q8_order_items_join_products,0.39150000000000001,5,True,
benchmark,3881,q9_orders_items_products_by_user,0.20449999999999999,0,True,
benchmark,3882,q10_top_sellers_qty,108.8832,20,True,
benchmark,3883,q11_top_categories,0.23580000000000001,0,True,
benchmark,3884,q1_user_by_id,0.20830000000000001,1,True,
benchmark,3885,q2_all_users,5.9720000000000004,200,True,
benchmark,3886,q3_user_by_login,0.3009,1,True,
benchmark,3887,q4_sellers_rating,42.708799999999997,100,True,
benchmark,3888,q5_orders_offset,22.4817,50,True,
benchmark,3889,q6_products_by_seller,0.27400000000000002,2,True,
benchmark,3890,q7_products_join_sellers,0.39839999999999998,2,True,
benchmark,3891,q8_order_items_join_products,0.45550000000000002,4,True,
benchmark,3892,q9_orders_items_products_by_user,0.54400000000000004,1,True,
benchmark,3893,q10_top_sellers_qty,92.719899999999996,20,True,
benchmark,3894,q11_top_categories,0.30499999999999999,0,True,
benchmark,3895,q1_user_by_id,0.28649999999999998,1,True,
benchmark,3896,q2_all_users,10.490600000000001,200,True,
benchmark,3897,q3_user_by_login,0.28939999999999999,1,True,
benchmark,3898,q4_sellers_rating,44.514800000000001,100,True,
benchmark,3899,q5_orders_offset,15.9923,50,True,
benchmark,3900,q6_products_by_seller,0.21940000000000001,2,True,
benchmark,3901,q7_products_join_sellers,0.32279999999999998,2,True,
benchmark,3902,q8_order_items_join_products,0.40150000000000002,5,True,
benchmark,3903,q9_orders_items_products_by_user,0.83199999999999996,6,True,
benchmark,3904,q10_top_sellers_qty,102.76260000000001,20,True,
benchmark,3905,q11_top_categories,0.21049999999999999,0,True,
benchmark,3906,q1_user_by_id,0.23999999999999999,1,True,
benchmark,3907,q2_all_users,6.2785000000000002,200,True,
benchmark,3908,q3_user_by_login,0.254,1,True,
benchmark,3909,q4_sellers_rating,41.447000000000003,100,True,
benchmark,3910,q5_orders_offset,15.6158,50,True,
benchmark,3911,q6_products_by_seller,0.20630000000000001,1,True,
benchmark,3912,q7_products_join_sellers,0.33739999999999998,1,True,
benchmark,3913,q8_order_items_join_products,0.4148,5,True,
benchmark,3914,q9_orders_items_products_by_user,0.1103,0,True,
benchmark,3915,q10_top_sellers_qty,111.5149,20,True,
benchmark,3916,q11_top_categories,0.2732,0,True,
benchmark,3917,q1_user_by_id,0.26619999999999999,1,True,
benchmark,3918,q2_all_users,8.4934999999999992,200,True,
benchmark,3919,q3_user_by_login,0.3548,1,True,
benchmark,3920,q4_sellers_rating,43.006500000000003,100,True,
benchmark,3921,q5_orders_offset,15.792199999999999,50,True,
benchmark,3922,q6_products_by_seller,0.221,1,True,
benchmark,3923,q7_products_join_sellers,0.33800000000000002,1,True,
benchmark,3924,q8_order_items_join_products,0.39639999999999997,3,True,
benchmark,3925,q9_orders_items_products_by_user,0.076200000000000004,0,True,
benchmark,3926,q10_top_sellers_qty,101.39660000000001,20,True,
benchmark,3927,q11_top_categories,0.19739999999999999,0,True,
benchmark,3928,q1_user_by_id,0.23100000000000001,1,True,
benchmark,3929,q2_all_users,5.7401,200,True,
benchmark,3930,q3_user_by_login,0.24529999999999999,1,True,
benchmark,3931,q4_sellers_rating,42.8767,100,True,
benchmark,3932,q5_orders_offset,19.397500000000001,50,True,
benchmark,3933,q6_products_by_seller,0.14549999999999999,0,True,
benchmark,3934,q7_products_join_sellers,0.1973,0,True,
benchmark,3935,q8_order_items_join_products,0.43469999999999998,5,True,
benchmark,3936,q9_orders_items_products_by_user,0.2208,0,True,
benchmark,3937,q10_top_sellers_qty,112.0962,20,True,
benchmark,3938,q11_top_categories,0.19620000000000001,0,True,
benchmark,3939,q1_user_by_id,0.22989999999999999,1,True,
benchmark,3940,q2_all_users,9.7431999999999999,200,True,
benchmark,3941,q3_user_by_login,0.31430000000000002,1,True,
benchmark,3942,q4_sellers_rating,44.924199999999999,100,True,
benchmark,3943,q5_orders_offset,15.7186,50,True,
benchmark,3944,q6_products_by_seller,0.2326,2,True,
benchmark,3945,q7_products_join_sellers,0.3488,2,True,
benchmark,3946,q8_order_items_join_products,0.39850000000000002,3,True,
benchmark,3947,q9_orders_items_products_by_user,0.083299999999999999,0,True,
benchmark,3948,q10_top_sellers_qty,111.36150000000001,20,True,
benchmark,3949,q11_top_categories,0.19689999999999999,0,True,
benchmark,3950,q1_user_by_id,0.20660000000000001,1,True,
benchmark,3951,q2_all_users,7.9568000000000003,200,True,
benchmark,3952,q3_user_by_login,0.2097,1,True,
benchmark,3953,q4_sellers_rating,43.874499999999998,100,True,
benchmark,3954,q5_orders_offset,15.8271,50,True,
benchmark,3955,q6_products_by_seller,0.21970000000000001,1,True,
benchmark,3956,q7_products_join_sellers,0.3327,1,True,
benchmark,3957,q8_order_items_join_products,0.38229999999999997,5,True,
benchmark,3958,q9_orders_items_products_by_user,0.55449999999999999,4,True,
benchmark,3959,q10_top_sellers_qty,100.53570000000001,20,True,
benchmark,3960,q11_top_categories,0.2127,0,True,
benchmark,3961,q1_user_by_id,0.27410000000000001,1,True,
benchmark,3962,q2_all_users,5.5831,200,True,
benchmark,3963,q3_user_by_login,0.28860000000000002,1,True,
benchmark,3964,q4_sellers_rating,40.414200000000001,100,True,
benchmark,3965,q5_orders_offset,15.964600000000001,50,True,
benchmark,3966,q6_products_by_seller,0.2248,1,True,
benchmark,3967,q7_products_join_sellers,0.33279999999999998,1,True,
benchmark,3968,q8_order_items_join_products,0.39760000000000001,5,True,
benchmark,3969,q9_orders_items_products_by_user,0.079200000000000007,0,True,
benchmark,3970,q10_top_sellers_qty,115.1412,20,True,
benchmark,3971,q11_top_categories,0.2026,0,True,
benchmark,3972,q1_user_by_id,0.19170000000000001,1,True,
benchmark,3973,q2_all_users,5.4080000000000004,200,True,
benchmark,3974,q3_user_by_login,0.27600000000000002,1,True,
benchmark,3975,q4_sellers_rating,44.613999999999997,100,True,
benchmark,3976,q5_orders_offset,18.866299999999999,50,True,
benchmark,3977,q6_products_by_seller,0.22819999999999999,3,True,
benchmark,3978,q7_products_join_sellers,0.35520000000000002,3,True,
benchmark,3979,q8_order_items_join_products,0.39879999999999999,5,True,
benchmark,3980,q9_orders_items_products_by_user,0.54479999999999995,4,True,
benchmark,3981,q10_top_sellers_qty,107.6238,20,True,
benchmark,3982,q11_top_categories,0.1865,0,True,
benchmark,3983,q1_user_by_id,0.2462,1,True,
benchmark,3984,q2_all_users,8.2939000000000007,200,True,
benchmark,3985,q3_user_by_login,0.2195,1,True,
benchmark,3986,q4_sellers_rating,50.1312,100,True,
benchmark,3987,q5_orders_offset,15.6592,50,True,
benchmark,3988,q6_products_by_seller,0.1211,0,True,
benchmark,3989,q7_products_join_sellers,0.19220000000000001,0,True,
benchmark,3990,q8_order_items_join_products,0.37830000000000003,2,True,
benchmark,3991,q9_orders_items_products_by_user,0.078299999999999995,0,True,
benchmark,3992,q10_top_sellers_qty,101.8043,20,True,
benchmark,3993,q11_top_categories,0.20910000000000001,0,True,
benchmark,3994,q1_user_by_id,0.21249999999999999,1,True,
benchmark,3995,q2_all_users,5.7575000000000003,200,True,
benchmark,3996,q3_user_by_login,0.2029,1,True,
benchmark,3997,q4_sellers_rating,43.397300000000001,100,True,
benchmark,3998,q5_orders_offset,15.716799999999999,50,True,
benchmark,3999,q6_products_by_seller,0.2495,3,True,
benchmark,4000,q7_products_join_sellers,0.37509999999999999,3,True,
benchmark,4001,q8_order_items_join_products,0.45090000000000002,1,True,
benchmark,4002,q9_orders_items_products_by_user,0.62160000000000004,3,True,
benchmark,4003,q10_top_sellers_qty,122.8828,20,True,
benchmark,4004,q11_top_categories,0.20449999999999999,0,True,
benchmark,4005,q1_user_by_id,0.24660000000000001,1,True,
benchmark,4006,q2_all_users,5.9165000000000001,200,True,
benchmark,4007,q3_user_by_login,0.27500000000000002,1,True,
benchmark,4008,q4_sellers_rating,44.627299999999998,100,True,
benchmark,4009,q5_orders_offset,16.0382,50,True,
benchmark,4010,q6_products_by_seller,0.2399,1,True,
benchmark,4011,q7_products_join_sellers,0.34520000000000001,1,True,
benchmark,4012,q8_order_items_join_products,0.42620000000000002,1,True,
benchmark,4013,q9_orders_items_products_by_user,0.76049999999999995,2,True,
benchmark,4014,q10_top_sellers_qty,110.9834,20,True,
benchmark,4015,q11_top_categories,0.23699999999999999,0,True,
benchmark,4016,q1_user_by_id,0.22,1,True,
benchmark,4017,q2_all_users,6.0275999999999996,200,True,
benchmark,4018,q3_user_by_login,0.30980000000000002,1,True,
benchmark,4019,q4_sellers_rating,43.031199999999998,100,True,
benchmark,4020,q5_orders_offset,18.579499999999999,50,True,
benchmark,4021,q6_products_by_seller,0.22789999999999999,2,True,
benchmark,4022,q7_products_join_sellers,0.34110000000000001,2,True,
benchmark,4023,q8_order_items_join_products,0.378,1,True,
benchmark,4024,q9_orders_items_products_by_user,0.63329999999999997,5,True,
benchmark,4025,q10_top_sellers_qty,106.76179999999999,20,True,
benchmark,4026,q11_top_categories,0.20549999999999999,0,True,
benchmark,4027,q1_user_by_id,0.23669999999999999,1,True,
benchmark,4028,q2_all_users,12.2318,200,True,
benchmark,4029,q3_user_by_login,0.36209999999999998,1,True,
benchmark,4030,q4_sellers_rating,53.655700000000003,100,True,
benchmark,4031,q5_orders_offset,15.7758,50,True,
benchmark,4032,q6_products_by_seller,0.15290000000000001,0,True,
benchmark,4033,q7_products_join_sellers,0.20419999999999999,0,True,
benchmark,4034,q8_order_items_join_products,0.41839999999999999,4,True,
benchmark,4035,q9_orders_items_products_by_user,0.36520000000000002,1,True,
benchmark,4036,q10_top_sellers_qty,95.674700000000001,20,True,
benchmark,4037,q11_top_categories,0.77500000000000002,0,True,
benchmark,4038,q1_user_by_id,0.20130000000000001,1,True,
benchmark,4039,q2_all_users,8.1875,200,True,
benchmark,4040,q3_user_by_login,0.33400000000000002,1,True,
benchmark,4041,q4_sellers_rating,42.352600000000002,100,True,
benchmark,4042,q5_orders_offset,15.675599999999999,50,True,
benchmark,4043,q6_products_by_seller,0.22270000000000001,2,True,
benchmark,4044,q7_products_join_sellers,0.35570000000000002,2,True,
benchmark,4045,q8_order_items_join_products,0.38579999999999998,1,True,
benchmark,4046,q9_orders_items_products_by_user,0.63570000000000004,5,True,
benchmark,4047,q10_top_sellers_qty,125.3677,20,True,
benchmark,4048,q11_top_categories,0.20519999999999999,0,True,
benchmark,4049,q1_user_by_id,0.24310000000000001,1,True,
benchmark,4050,q2_all_users,6.2191999999999998,200,True,
benchmark,4051,q3_user_by_login,0.28050000000000003,1,True,
benchmark,4052,q4_sellers_rating,43.847099999999998,100,True,
benchmark,4053,q5_orders_offset,16.099599999999999,50,True,
benchmark,4054,q6_products_by_seller,0.21149999999999999,1,True,
benchmark,4055,q7_products_join_sellers,0.33229999999999998,1,True,
benchmark,4056,q8_order_items_join_products,0.39789999999999998,5,True,
benchmark,4057,q9_orders_items_products_by_user,0.42730000000000001,1,True,
benchmark,4058,q10_top_sellers_qty,106.4598,20,True,
benchmark,4059,q11_top_categories,0.19350000000000001,0,True,
benchmark,4060,q1_user_by_id,0.26519999999999999,1,True,
benchmark,4061,q2_all_users,6.4329000000000001,200,True,
benchmark,4062,q3_user_by_login,0.28820000000000001,1,True,
benchmark,4063,q4_sellers_rating,47.877899999999997,100,True,
benchmark,4064,q5_orders_offset,15.8782,50,True,
benchmark,4065,q6_products_by_seller,0.1396,0,True,
benchmark,4066,q7_products_join_sellers,0.20200000000000001,0,True,
benchmark,4067,q8_order_items_join_products,0.39550000000000002,4,True,
benchmark,4068,q9_orders_items_products_by_user,0.34449999999999997,1,True,
benchmark,4069,q10_top_sellers_qty,118.29900000000001,20,True,
benchmark,4070,q11_top_categories,0.1951,0,True,
benchmark,4071,q1_user_by_id,3.1736,1,True,
benchmark,4072,q2_all_users,7.9625000000000004,200,True,
benchmark,4073,q3_user_by_login,0.21240000000000001,1,True,
benchmark,4074,q4_sellers_rating,43.802900000000001,100,True,
benchmark,4075,q5_orders_offset,15.831,50,True,
benchmark,4076,q6_products_by_seller,0.14369999999999999,0,True,
benchmark,4077,q7_products_join_sellers,0.19550000000000001,0,True,
benchmark,4078,q8_order_items_join_products,0.40050000000000002,1,True,
benchmark,4079,q9_orders_items_products_by_user,0.076700000000000004,0,True,
benchmark,4080,q10_top_sellers_qty,102.4174,20,True,
benchmark,4081,q11_top_categories,0.20219999999999999,0,True,
benchmark,4082,q1_user_by_id,0.55449999999999999,1,True,
benchmark,4083,q2_all_users,6.3026,200,True,
benchmark,4084,q3_user_by_login,0.30930000000000002,1,True,
benchmark,4085,q4_sellers_rating,41.628700000000002,100,True,
benchmark,4086,q5_orders_offset,16.3291,50,True,
benchmark,4087,q6_products_by_seller,0.1447,0,True,
benchmark,4088,q7_products_join_sellers,0.2006,0,True,
benchmark,4089,q8_order_items_join_products,0.42049999999999998,3,True,
benchmark,4090,q9_orders_items_products_by_user,0.55569999999999997,4,True,
benchmark,4091,q10_top_sellers_qty,124.53919999999999,20,True,
benchmark,4092,q11_top_categories,0.31059999999999999,0,True,
benchmark,4093,q1_user_by_id,0.26519999999999999,1,True,
benchmark,4094,q2_all_users,5.8209999999999997,200,True,
benchmark,4095,q3_user_by_login,0.3044,1,True,
benchmark,4096,q4_sellers_rating,46.862699999999997,100,True,
benchmark,4097,q5_orders_offset,19.022500000000001,50,True,
benchmark,4098,q6_products_by_seller,0.2296,2,True,
benchmark,4099,q7_products_join_sellers,0.34200000000000003,2,True,
benchmark,4100,q8_order_items_join_products,0.35420000000000001,2,True,
benchmark,4101,q9_orders_items_products_by_user,0.52349999999999997,3,True,
benchmark,4102,q10_top_sellers_qty,104.2055,20,True,
benchmark,4103,q11_top_categories,0.1938,0,True,
benchmark,4104,q1_user_by_id,0.24729999999999999,1,True,
benchmark,4105,q2_all_users,9.6775000000000002,200,True,
benchmark,4106,q3_user_by_login,1.175,1,True,
benchmark,4107,q4_sellers_rating,44.9681,100,True,
benchmark,4108,q5_orders_offset,16.1465,50,True,
benchmark,4109,q6_products_by_seller,0.14119999999999999,0,True,
benchmark,4110,q7_products_join_sellers,0.2069,0,True,
benchmark,4111,q8_order_items_join_products,0.4073,4,True,
benchmark,4112,q9_orders_items_products_by_user,0.22170000000000001,0,True,
benchmark,4113,q10_top_sellers_qty,108.24079999999999,20,True,
benchmark,4114,q11_top_categories,0.20250000000000001,0,True,
benchmark,4115,q1_user_by_id,0.21110000000000001,1,True,
benchmark,4116,q2_all_users,8.2359000000000009,200,True,
benchmark,4117,q3_user_by_login,0.22600000000000001,1,True,
benchmark,4118,q4_sellers_rating,41.244100000000003,100,True,
benchmark,4119,q5_orders_offset,15.772399999999999,50,True,
benchmark,4120,q6_products_by_seller,0.2205,1,True,
benchmark,4121,q7_products_join_sellers,0.309,1,True,
benchmark,4122,q8_order_items_join_products,0.42559999999999998,2,True,
benchmark,4123,q9_orders_items_products_by_user,0.71870000000000001,1,True,
benchmark,4124,q10_top_sellers_qty,103.0844,20,True,
benchmark,4125,q11_top_categories,0.28989999999999999,0,True,
benchmark,4126,q1_user_by_id,0.37619999999999998,1,True,
benchmark,4127,q2_all_users,5.6665000000000001,200,True,
benchmark,4128,q3_user_by_login,0.26950000000000002,1,True,
benchmark,4129,q4_sellers_rating,40.661099999999998,100,True,
benchmark,4130,q5_orders_offset,15.919,50,True,
benchmark,4131,q6_products_by_seller,0.2228,1,True,
benchmark,4132,q7_products_join_sellers,0.33289999999999997,1,True,
benchmark,4133,q8_order_items_join_products,0.39450000000000002,2,True,
benchmark,4134,q9_orders_items_products_by_user,0.072099999999999997,0,True,
benchmark,4135,q10_top_sellers_qty,114.426,20,True,
benchmark,4136,q11_top_categories,0.19939999999999999,0,True,
benchmark,4137,q1_user_by_id,0.20430000000000001,1,True,
benchmark,4138,q2_all_users,6.1749999999999998,200,True,
benchmark,4139,q3_user_by_login,0.27010000000000001,1,True,
benchmark,4140,q4_sellers_rating,41.6128,100,True,
benchmark,4141,q5_orders_offset,18.8201,50,True,
benchmark,4142,q6_products_by_seller,0.14369999999999999,0,True,
benchmark,4143,q7_products_join_sellers,0.19389999999999999,0,True,
benchmark,4144,q8_order_items_join_products,0.44059999999999999,5,True,
benchmark,4145,q9_orders_items_products_by_user,0.078799999999999995,0,True,
benchmark,4146,q10_top_sellers_qty,109.732,20,True,
benchmark,4147,q11_top_categories,0.2772,0,True,
benchmark,4148,q1_user_by_id,0.21299999999999999,1,True,
benchmark,4149,q2_all_users,10.741400000000001,200,True,
benchmark,4150,q3_user_by_login,0.33579999999999999,1,True,
benchmark,4151,q4_sellers_rating,47.552399999999999,100,True,
benchmark,4152,q5_orders_offset,15.666700000000001,50,True,
benchmark,4153,q6_products_by_seller,0.21440000000000001,2,True,
benchmark,4154,q7_products_join_sellers,0.34429999999999999,2,True,
benchmark,4155,q8_order_items_join_products,0.39379999999999998,4,True,
benchmark,4156,q9_orders_items_products_by_user,0.077899999999999997,0,True,
benchmark,4157,q10_top_sellers_qty,97.3643,20,True,
benchmark,4158,q11_top_categories,0.2422,0,True,
benchmark,4159,q1_user_by_id,0.36180000000000001,1,True,
benchmark,4160,q2_all_users,11.7287,200,True,
benchmark,4161,q3_user_by_login,0.22109999999999999,1,True,
benchmark,4162,q4_sellers_rating,42.272199999999998,100,True,
benchmark,4163,q5_orders_offset,15.904999999999999,50,True,
benchmark,4164,q6_products_by_seller,0.15540000000000001,0,True,
benchmark,4165,q7_products_join_sellers,0.19570000000000001,0,True,
benchmark,4166,q8_order_items_join_products,0.43909999999999999,5,True,
benchmark,4167,q9_orders_items_products_by_user,0.097799999999999998,0,True,
benchmark,4168,q10_top_sellers_qty,100.7398,20,True,
benchmark,4169,q11_top_categories,0.1981,0,True,
benchmark,4170,q1_user_by_id,0.2127,1,True,
benchmark,4171,q2_all_users,6.1782000000000004,200,True,
benchmark,4172,q3_user_by_login,0.19420000000000001,1,True,
benchmark,4173,q4_sellers_rating,39.579999999999998,100,True,
benchmark,4174,q5_orders_offset,15.8787,50,True,
benchmark,4175,q6_products_by_seller,0.22,1,True,
benchmark,4176,q7_products_join_sellers,0.31869999999999998,1,True,
benchmark,4177,q8_order_items_join_products,0.40560000000000002,5,True,
benchmark,4178,q9_orders_items_products_by_user,0.073899999999999993,0,True,
benchmark,4179,q10_top_sellers_qty,121.9624,20,True,
benchmark,4180,q11_top_categories,0.19450000000000001,0,True,
benchmark,4181,q1_user_by_id,0.19570000000000001,1,True,
benchmark,4182,q2_all_users,5.9779999999999998,200,True,
benchmark,4183,q3_user_by_login,0.21379999999999999,1,True,
benchmark,4184,q4_sellers_rating,44.900500000000001,100,True,
benchmark,4185,q5_orders_offset,19.078700000000001,50,True,
benchmark,4186,q6_products_by_seller,0.24129999999999999,1,True,
benchmark,4187,q7_products_join_sellers,0.33639999999999998,1,True,
benchmark,4188,q8_order_items_join_products,0.40949999999999998,5,True,
benchmark,4189,q9_orders_items_products_by_user,0.76090000000000002,5,True,
benchmark,4190,q10_top_sellers_qty,113.7038,20,True,
benchmark,4191,q11_top_categories,0.2049,0,True,
benchmark,4192,q1_user_by_id,0.27029999999999998,1,True,
benchmark,4193,q2_all_users,10.2652,200,True,
benchmark,4194,q3_user_by_login,0.2132,1,True,
benchmark,4195,q4_sellers_rating,44.233499999999999,100,True,
benchmark,4196,q5_orders_offset,15.637,50,True,
benchmark,4197,q6_products_by_seller,0.20519999999999999,2,True,
benchmark,4198,q7_products_join_sellers,0.3367,2,True,
benchmark,4199,q8_order_items_join_products,0.379,1,True,
benchmark,4200,q9_orders_items_products_by_user,0.077399999999999997,0,True,
benchmark,4201,q10_top_sellers_qty,104.45399999999999,20,True,
benchmark,4202,q11_top_categories,0.2039,0,True,
benchmark,4203,q1_user_by_id,0.29720000000000002,1,True,
benchmark,4204,q2_all_users,5.6620999999999997,200,True,
benchmark,4205,q3_user_by_login,0.2515,1,True,
benchmark,4206,q4_sellers_rating,43.360199999999999,100,True,
benchmark,4207,q5_orders_offset,15.6616,50,True,
benchmark,4208,q6_products_by_seller,0.2336,2,True,
benchmark,4209,q7_products_join_sellers,0.34279999999999999,2,True,
benchmark,4210,q8_order_items_join_products,0.38779999999999998,3,True,
benchmark,4211,q9_orders_items_products_by_user,0.081100000000000005,0,True,
benchmark,4212,q10_top_sellers_qty,98.712100000000007,20,True,
benchmark,4213,q11_top_categories,0.19939999999999999,0,True,
benchmark,4214,q1_user_by_id,0.2175,1,True,
benchmark,4215,q2_all_users,5.5385999999999997,200,True,
benchmark,4216,q3_user_by_login,0.28849999999999998,1,True,
benchmark,4217,q4_sellers_rating,39.876800000000003,100,True,
benchmark,4218,q5_orders_offset,19.540900000000001,50,True,
benchmark,4219,q6_products_by_seller,0.22800000000000001,4,True,
benchmark,4220,q7_products_join_sellers,0.37019999999999997,4,True,
benchmark,4221,q8_order_items_join_products,0.3871,5,True,
benchmark,4222,q9_orders_items_products_by_user,0.082500000000000004,0,True,
benchmark,4223,q10_top_sellers_qty,102.11450000000001,20,True,
benchmark,4224,q11_top_categories,0.46850000000000003,0,True,
benchmark,4225,q1_user_by_id,0.28699999999999998,1,True,
benchmark,4226,q2_all_users,12.714499999999999,200,True,
benchmark,4227,q3_user_by_login,0.2422,1,True,
benchmark,4228,q4_sellers_rating,43.717300000000002,100,True,
benchmark,4229,q5_orders_offset,15.6799,50,True,
benchmark,4230,q6_products_by_seller,0.2306,2,True,
benchmark,4231,q7_products_join_sellers,0.36199999999999999,2,True,
benchmark,4232,q8_order_items_join_products,0.41049999999999998,5,True,
benchmark,4233,q9_orders_items_products_by_user,0.2064,0,True,
benchmark,4234,q10_top_sellers_qty,98.061899999999994,20,True,
benchmark,4235,q11_top_categories,0.216,0,True,
benchmark,4236,q1_user_by_id,0.2485,1,True,
benchmark,4237,q2_all_users,5.9184999999999999,200,True,
benchmark,4238,q3_user_by_login,0.2127,1,True,
benchmark,4239,q4_sellers_rating,40.6419,100,True,
benchmark,4240,q5_orders_offset,15.6365,50,True,
benchmark,4241,q6_products_by_seller,0.14280000000000001,0,True,
benchmark,4242,q7_products_join_sellers,0.19639999999999999,0,True,
benchmark,4243,q8_order_items_join_products,0.3886,1,True,
benchmark,4244,q9_orders_items_products_by_user,0.2477,0,True,
benchmark,4245,q10_top_sellers_qty,110.91630000000001,20,True,
benchmark,4246,q11_top_categories,0.22090000000000001,0,True,
benchmark,4247,q1_user_by_id,0.23799999999999999,1,True,
benchmark,4248,q2_all_users,5.6595000000000004,200,True,
benchmark,4249,q3_user_by_login,0.33800000000000002,1,True,
benchmark,4250,q4_sellers_rating,43.465699999999998,100,True,
benchmark,4251,q5_orders_offset,15.693199999999999,50,True,
benchmark,4252,q6_products_by_seller,0.14169999999999999,0,True,
benchmark,4253,q7_products_join_sellers,0.1983,0,True,
benchmark,4254,q8_order_items_join_products,0.3992,2,True,
benchmark,4255,q9_orders_items_products_by_user,0.0746,0,True,
benchmark,4256,q10_top_sellers_qty,111.014,20,True,
benchmark,4257,q11_top_categories,0.22389999999999999,0,True,
benchmark,4258,q1_user_by_id,0.23549999999999999,1,True,
benchmark,4259,q2_all_users,5.6204999999999998,200,True,
benchmark,4260,q3_user_by_login,0.23580000000000001,1,True,
benchmark,4261,q4_sellers_rating,43.171999999999997,100,True,
benchmark,4262,q5_orders_offset,15.7463,50,True,
benchmark,4263,q6_products_by_seller,0.22950000000000001,2,True,
benchmark,4264,q7_products_join_sellers,0.35149999999999998,2,True,
benchmark,4265,q8_order_items_join_products,0.38340000000000002,1,True,
benchmark,4266,q9_orders_items_products_by_user,0.2225,0,True,
benchmark,4267,q10_top_sellers_qty,98.641800000000003,20,True,
benchmark,4268,q11_top_categories,0.27560000000000001,0,True,
benchmark,4269,q1_user_by_id,0.26879999999999998,1,True,
benchmark,4270,q2_all_users,5.6134000000000004,200,True,
benchmark,4271,q3_user_by_login,0.29799999999999999,1,True,
benchmark,4272,q4_sellers_rating,40.566499999999998,100,True,
benchmark,4273,q5_orders_offset,19.6327,50,True,
benchmark,4274,q6_products_by_seller,0.2928,1,True,
benchmark,4275,q7_products_join_sellers,0.34449999999999997,1,True,
benchmark,4276,q8_order_items_join_products,0.40639999999999998,2,True,
benchmark,4277,q9_orders_items_products_by_user,0.42909999999999998,1,True,
benchmark,4278,q10_top_sellers_qty,100.2564,20,True,
benchmark,4279,q11_top_categories,0.23100000000000001,0,True,
benchmark,4280,q1_user_by_id,0.22670000000000001,1,True,
benchmark,4281,q2_all_users,12.4633,200,True,
benchmark,4282,q3_user_by_login,0.24179999999999999,1,True,
benchmark,4283,q4_sellers_rating,44.097200000000001,100,True,
benchmark,4284,q5_orders_offset,16.1952,50,True,
benchmark,4285,q6_products_by_seller,0.2235,2,True,
benchmark,4286,q7_products_join_sellers,0.35149999999999998,2,True,
benchmark,4287,q8_order_items_join_products,0.45119999999999999,3,True,
benchmark,4288,q9_orders_items_products_by_user,0.1353,0,True,
benchmark,4289,q10_top_sellers_qty,106.36620000000001,20,True,
benchmark,4290,q11_top_categories,0.16919999999999999,0,True,
benchmark,4291,q1_user_by_id,0.24709999999999999,1,True,
benchmark,4292,q2_all_users,5.3371000000000004,200,True,
benchmark,4293,q3_user_by_login,0.20039999999999999,1,True,
benchmark,4294,q4_sellers_rating,41.655299999999997,100,True,
benchmark,4295,q5_orders_offset,15.9215,50,True,
benchmark,4296,q6_products_by_seller,0.23119999999999999,2,True,
benchmark,4297,q7_products_join_sellers,0.35310000000000002,2,True,
benchmark,4298,q8_order_items_join_products,0.4042,5,True,
benchmark,4299,q9_orders_items_products_by_user,0.25209999999999999,0,True,
benchmark,4300,q10_top_sellers_qty,116.8395,20,True,
benchmark,4301,q11_top_categories,0.2175,0,True,
benchmark,4302,q1_user_by_id,0.29720000000000002,1,True,
benchmark,4303,q2_all_users,7.2313000000000001,200,True,
benchmark,4304,q3_user_by_login,0.30780000000000002,1,True,
benchmark,4305,q4_sellers_rating,46.999200000000002,100,True,
benchmark,4306,q5_orders_offset,16.032699999999998,50,True,
benchmark,4307,q6_products_by_seller,0.14360000000000001,0,True,
benchmark,4308,q7_products_join_sellers,0.20119999999999999,0,True,
benchmark,4309,q8_order_items_join_products,0.44719999999999999,4,True,
benchmark,4310,q9_orders_items_products_by_user,0.095000000000000001,0,True,
benchmark,4311,q10_top_sellers_qty,111.477,20,True,
benchmark,4312,q11_top_categories,0.20760000000000001,0,True,
benchmark,4313,q1_user_by_id,0.20380000000000001,1,True,
benchmark,4314,q2_all_users,5.7493999999999996,200,True,
benchmark,4315,q3_user_by_login,0.25069999999999998,1,True,
benchmark,4316,q4_sellers_rating,42.455500000000001,100,True,
benchmark,4317,q5_orders_offset,19.442399999999999,50,True,
benchmark,4318,q6_products_by_seller,0.23849999999999999,2,True,
benchmark,4319,q7_products_join_sellers,0.36180000000000001,2,True,
benchmark,4320,q8_order_items_join_products,0.43330000000000002,5,True,
benchmark,4321,q9_orders_items_products_by_user,0.078799999999999995,0,True,
benchmark,4322,q10_top_sellers_qty,98.874099999999999,20,True,
benchmark,4323,q11_top_categories,0.21990000000000001,0,True,
benchmark,4324,q1_user_by_id,0.25650000000000001,1,True,
benchmark,4325,q2_all_users,5.4549000000000003,200,True,
benchmark,4326,q3_user_by_login,0.2477,1,True,
benchmark,4327,q4_sellers_rating,41.525799999999997,100,True,
benchmark,4328,q5_orders_offset,18.858000000000001,50,True,
benchmark,4329,q6_products_by_seller,0.23119999999999999,1,True,
benchmark,4330,q7_products_join_sellers,0.34649999999999997,1,True,
benchmark,4331,q8_order_items_join_products,0.40350000000000003,2,True,
benchmark,4332,q9_orders_items_products_by_user,0.080699999999999994,0,True,
benchmark,4333,q10_top_sellers_qty,96.626999999999995,20,True,
benchmark,4334,q11_top_categories,0.20949999999999999,0,True,
benchmark,4335,q1_user_by_id,0.19550000000000001,1,True,
benchmark,4336,q2_all_users,14.4032,200,True,
benchmark,4337,q3_user_by_login,0.23039999999999999,1,True,
benchmark,4338,q4_sellers_rating,41.126100000000001,100,True,
benchmark,4339,q5_orders_offset,16.183299999999999,50,True,
benchmark,4340,q6_products_by_seller,0.2276,2,True,
benchmark,4341,q7_products_join_sellers,0.35720000000000002,2,True,
benchmark,4342,q8_order_items_join_products,0.39119999999999999,4,True,
benchmark,4343,q9_orders_items_products_by_user,0.078299999999999995,0,True,
benchmark,4344,q10_top_sellers_qty,108.31319999999999,20,True,
benchmark,4345,q11_top_categories,0.1928,0,True,
benchmark,4346,q1_user_by_id,0.19650000000000001,1,True,
benchmark,4347,q2_all_users,10.684699999999999,200,True,
benchmark,4348,q3_user_by_login,0.253,1,True,
benchmark,4349,q4_sellers_rating,39.704799999999999,100,True,
benchmark,4350,q5_orders_offset,16.1967,50,True,
benchmark,4351,q6_products_by_seller,0.13289999999999999,0,True,
benchmark,4352,q7_products_join_sellers,0.18870000000000001,0,True,
benchmark,4353,q8_order_items_join_products,0.38059999999999999,1,True,
benchmark,4354,q9_orders_items_products_by_user,0.076499999999999999,0,True,
benchmark,4355,q10_top_sellers_qty,103.2693,20,True,
benchmark,4356,q11_top_categories,0.19800000000000001,0,True,
benchmark,4357,q1_user_by_id,0.2475,1,True,
benchmark,4358,q2_all_users,5.4306999999999999,200,True,
benchmark,4359,q3_user_by_login,0.24809999999999999,1,True,
benchmark,4360,q4_sellers_rating,41.936199999999999,100,True,
benchmark,4361,q5_orders_offset,15.6571,50,True,
benchmark,4362,q6_products_by_seller,0.21679999999999999,1,True,
benchmark,4363,q7_products_join_sellers,0.34010000000000001,1,True,
benchmark,4364,q8_order_items_join_products,0.3841,4,True,
benchmark,4365,q9_orders_items_products_by_user,0.26719999999999999,0,True,
benchmark,4366,q10_top_sellers_qty,127.006,20,True,
benchmark,4367,q11_top_categories,0.22259999999999999,0,True,
benchmark,4368,q1_user_by_id,0.20330000000000001,1,True,
benchmark,4369,q2_all_users,6.806,200,True,
benchmark,4370,q3_user_by_login,0.26869999999999999,1,True,
benchmark,4371,q4_sellers_rating,44.975700000000003,100,True,
benchmark,4372,q5_orders_offset,19.474399999999999,50,True,
benchmark,4373,q6_products_by_seller,0.13700000000000001,0,True,
benchmark,4374,q7_products_join_sellers,0.19950000000000001,0,True,
benchmark,4375,q8_order_items_join_products,0.40600000000000003,2,True,
benchmark,4376,q9_orders_items_products_by_user,0.22,0,True,
benchmark,4377,q10_top_sellers_qty,102.6332,20,True,
benchmark,4378,q11_top_categories,0.2069,0,True,
benchmark,4379,q1_user_by_id,0.246,1,True,
benchmark,4380,q2_all_users,12.0633,200,True,
benchmark,4381,q3_user_by_login,0.61329999999999996,1,True,
benchmark,4382,q4_sellers_rating,47.552900000000001,100,True,
benchmark,4383,q5_orders_offset,15.7056,50,True,
benchmark,4384,q6_products_by_seller,0.2082,2,True,
benchmark,4385,q7_products_join_sellers,0.32969999999999999,2,True,
benchmark,4386,q8_order_items_join_products,0.38540000000000002,4,True,
benchmark,4387,q9_orders_items_products_by_user,0.0785,0,True,
benchmark,4388,q10_top_sellers_qty,99.821700000000007,20,True,
benchmark,4389,q11_top_categories,0.2114,0,True,
benchmark,4390,q1_user_by_id,0.23419999999999999,1,True,
benchmark,4391,q2_all_users,8.1829999999999998,200,True,
benchmark,4392,q3_user_by_login,0.2366,1,True,
benchmark,4393,q4_sellers_rating,42.531999999999996,100,True,
benchmark,4394,q5_orders_offset,16.1845,50,True,
benchmark,4395,q6_products_by_seller,0.14149999999999999,0,True,
benchmark,4396,q7_products_join_sellers,0.20269999999999999,0,True,
benchmark,4397,q8_order_items_join_products,0.41270000000000001,3,True,
benchmark,4398,q9_orders_items_products_by_user,0.073099999999999998,0,True,
benchmark,4399,q10_top_sellers_qty,122.1404,20,True,
benchmark,4400,q11_top_categories,0.2208,0,True,
benchmark,4401,q1_user_by_id,0.19819999999999999,1,True,
benchmark,4402,q2_all_users,6.6173999999999999,200,True,
benchmark,4403,q3_user_by_login,0.31919999999999998,1,True,
benchmark,4404,q4_sellers_rating,48.288800000000002,100,True,
benchmark,4405,q5_orders_offset,16.026299999999999,50,True,
benchmark,4406,q6_products_by_seller,0.21560000000000001,1,True,
benchmark,4407,q7_products_join_sellers,0.34029999999999999,1,True,
benchmark,4408,q8_order_items_join_products,0.37309999999999999,3,True,
benchmark,4409,q9_orders_items_products_by_user,0.082699999999999996,0,True,
benchmark,4410,q10_top_sellers_qty,117.4025,20,True,
benchmark,4411,q11_top_categories,0.20250000000000001,0,True,
benchmark,4412,q1_user_by_id,0.26100000000000001,1,True,
benchmark,4413,q2_all_users,5.8605,200,True,
benchmark,4414,q3_user_by_login,0.27839999999999998,1,True,
benchmark,4415,q4_sellers_rating,45.807499999999997,100,True,
benchmark,4416,q5_orders_offset,15.517200000000001,50,True,
benchmark,4417,q6_products_by_seller,0.2225,1,True,
benchmark,4418,q7_products_join_sellers,0.32019999999999998,1,True,
benchmark,4419,q8_order_items_join_products,0.39910000000000001,4,True,
benchmark,4420,q9_orders_items_products_by_user,0.22570000000000001,0,True,
benchmark,4421,q10_top_sellers_qty,116.58150000000001,20,True,
benchmark,4422,q11_top_categories,0.19800000000000001,0,True,
benchmark,4423,q1_user_by_id,0.30199999999999999,1,True,
benchmark,4424,q2_all_users,9.5968999999999998,200,True,
benchmark,4425,q3_user_by_login,0.28129999999999999,1,True,
benchmark,4426,q4_sellers_rating,44.842300000000002,100,True,
benchmark,4427,q5_orders_offset,15.8238,50,True,
benchmark,4428,q6_products_by_seller,0.23169999999999999,1,True,
benchmark,4429,q7_products_join_sellers,0.31830000000000003,1,True,
benchmark,4430,q8_order_items_join_products,0.43619999999999998,5,True,
benchmark,4431,q9_orders_items_products_by_user,0.080299999999999996,0,True,
benchmark,4432,q10_top_sellers_qty,116.3817,20,True,
benchmark,4433,q11_top_categories,0.31540000000000001,0,True,
benchmark,4434,q1_user_by_id,0.3276,1,True,
benchmark,4435,q2_all_users,7.0491000000000001,200,True,
benchmark,4436,q3_user_by_login,0.21529999999999999,1,True,
benchmark,4437,q4_sellers_rating,45.830199999999998,100,True,
benchmark,4438,q5_orders_offset,16.170300000000001,50,True,
benchmark,4439,q6_products_by_seller,0.2142,2,True,
benchmark,4440,q7_products_join_sellers,0.33689999999999998,2,True,
benchmark,4441,q8_order_items_join_products,0.35720000000000002,1,True,
benchmark,4442,q9_orders_items_products_by_user,0.079699999999999993,0,True,
benchmark,4443,q10_top_sellers_qty,111.9375,20,True,
benchmark,4444,q11_top_categories,0.2384,0,True,
benchmark,4445,q1_user_by_id,0.3029,1,True,
benchmark,4446,q2_all_users,6.0742000000000003,200,True,
benchmark,4447,q3_user_by_login,0.27329999999999999,1,True,
benchmark,4448,q4_sellers_rating,45.244199999999999,100,True,
benchmark,4449,q5_orders_offset,15.7837,50,True,
benchmark,4450,q6_products_by_seller,0.1361,0,True,
benchmark,4451,q7_products_join_sellers,0.19409999999999999,0,True,
benchmark,4452,q8_order_items_join_products,0.41120000000000001,1,True,
benchmark,4453,q9_orders_items_products_by_user,0.079600000000000004,0,True,
benchmark,4454,q10_top_sellers_qty,113.58459999999999,20,True,
benchmark,4455,q11_top_categories,0.22839999999999999,0,True,
benchmark,4456,q1_user_by_id,0.20999999999999999,1,True,
benchmark,4457,q2_all_users,5.8917999999999999,200,True,
benchmark,4458,q3_user_by_login,0.2147,1,True,
benchmark,4459,q4_sellers_rating,53.529899999999998,100,True,
benchmark,4460,q5_orders_offset,15.794700000000001,50,True,
benchmark,4461,q6_products_by_seller,0.21829999999999999,1,True,
benchmark,4462,q7_products_join_sellers,0.33650000000000002,1,True,
benchmark,4463,q8_order_items_join_products,0.39219999999999999,5,True,
benchmark,4464,q9_orders_items_products_by_user,0.1991,0,True,
benchmark,4465,q10_top_sellers_qty,118.5047,20,True,
benchmark,4466,q11_top_categories,0.20419999999999999,0,True,
benchmark,4467,q1_user_by_id,0.2863,1,True,
benchmark,4468,q2_all_users,5.7969999999999997,200,True,
benchmark,4469,q3_user_by_login,0.26950000000000002,1,True,
benchmark,4470,q4_sellers_rating,45.880299999999998,100,True,
benchmark,4471,q5_orders_offset,15.8964,50,True,
benchmark,4472,q6_products_by_seller,0.18640000000000001,1,True,
benchmark,4473,q7_products_join_sellers,0.32300000000000001,1,True,
benchmark,4474,q8_order_items_join_products,0.37,5,True,
benchmark,4475,q9_orders_items_products_by_user,0.081100000000000005,0,True,
benchmark,4476,q10_top_sellers_qty,117.0214,20,True,
benchmark,4477,q11_top_categories,0.19500000000000001,0,True,
benchmark,4478,q1_user_by_id,0.3145,1,True,
benchmark,4479,q2_all_users,6.0799000000000003,200,True,
benchmark,4480,q3_user_by_login,0.27629999999999999,1,True,
benchmark,4481,q4_sellers_rating,44.849899999999998,100,True,
benchmark,4482,q5_orders_offset,15.992599999999999,50,True,
benchmark,4483,q6_products_by_seller,0.22770000000000001,1,True,
benchmark,4484,q7_products_join_sellers,0.3478,1,True,
benchmark,4485,q8_order_items_join_products,0.37130000000000002,2,True,
benchmark,4486,q9_orders_items_products_by_user,0.4698,3,True,
benchmark,4487,q10_top_sellers_qty,112.2794,20,True,
benchmark,4488,q11_top_categories,0.19689999999999999,0,True,
benchmark,4489,q1_user_by_id,0.26690000000000003,1,True,
benchmark,4490,q2_all_users,6.2934999999999999,200,True,
benchmark,4491,q3_user_by_login,0.216,1,True,
benchmark,4492,q4_sellers_rating,42.077599999999997,100,True,
benchmark,4493,q5_orders_offset,24.782499999999999,50,True,
benchmark,4494,q6_products_by_seller,0.2082,0,True,
benchmark,4495,q7_products_join_sellers,0.1888,0,True,
benchmark,4496,q8_order_items_join_products,0.41249999999999998,4,True,
benchmark,4497,q9_orders_items_products_by_user,0.072999999999999995,0,True,
benchmark,4498,q10_top_sellers_qty,117.0526,20,True,
benchmark,4499,q11_top_categories,0.1883,0,True,
benchmark,4500,q1_user_by_id,0.25969999999999999,1,True,
benchmark,4501,q2_all_users,8.5566999999999993,200,True,
benchmark,4502,q3_user_by_login,0.33789999999999998,1,True,
benchmark,4503,q4_sellers_rating,47.820099999999996,100,True,
benchmark,4504,q5_orders_offset,15.902699999999999,50,True,
benchmark,4505,q6_products_by_seller,0.2301,1,True,
benchmark,4506,q7_products_join_sellers,0.33950000000000002,1,True,
benchmark,4507,q8_order_items_join_products,0.37930000000000003,1,True,
benchmark,4508,q9_orders_items_products_by_user,0.4768,3,True,
benchmark,4509,q10_top_sellers_qty,119.00360000000001,20,True,
benchmark,4510,q11_top_categories,0.18970000000000001,0,True,
benchmark,4511,q1_user_by_id,0.20399999999999999,1,True,
benchmark,4512,q2_all_users,7.7744999999999997,200,True,
benchmark,4513,q3_user_by_login,0.26069999999999999,1,True,
benchmark,4514,q4_sellers_rating,44.6875,100,True,
benchmark,4515,q5_orders_offset,15.9863,50,True,
benchmark,4516,q6_products_by_seller,0.21590000000000001,1,True,
benchmark,4517,q7_products_join_sellers,0.32129999999999997,1,True,
benchmark,4518,q8_order_items_join_products,0.37769999999999998,3,True,
benchmark,4519,q9_orders_items_products_by_user,0.49349999999999999,2,True,
benchmark,4520,q10_top_sellers_qty,100.9314,20,True,
benchmark,4521,q11_top_categories,0.2089,0,True,
benchmark,4522,q1_user_by_id,0.2177,1,True,
benchmark,4523,q2_all_users,5.4987000000000004,200,True,
benchmark,4524,q3_user_by_login,0.26479999999999998,1,True,
benchmark,4525,q4_sellers_rating,40.774700000000003,100,True,
benchmark,4526,q5_orders_offset,15.971399999999999,50,True,
benchmark,4527,q6_products_by_seller,0.22450000000000001,4,True,
benchmark,4528,q7_products_join_sellers,0.35970000000000002,4,True,
benchmark,4529,q8_order_items_join_products,0.3926,3,True,
benchmark,4530,q9_orders_items_products_by_user,0.48980000000000001,3,True,
benchmark,4531,q10_top_sellers_qty,113.5817,20,True,
benchmark,4532,q11_top_categories,0.19,0,True,
benchmark,4533,q1_user_by_id,0.2392,1,True,
benchmark,4534,q2_all_users,5.4946999999999999,200,True,
benchmark,4535,q3_user_by_login,0.23480000000000001,1,True,
benchmark,4536,q4_sellers_rating,41.929000000000002,100,True,
benchmark,4537,q5_orders_offset,24.8843,50,True,
benchmark,4538,q6_products_by_seller,0.26419999999999999,4,True,
benchmark,4539,q7_products_join_sellers,0.39629999999999999,4,True,
benchmark,4540,q8_order_items_join_products,0.4027,2,True,
benchmark,4541,q9_orders_items_products_by_user,0.071599999999999997,0,True,
benchmark,4542,q10_top_sellers_qty,101.84099999999999,20,True,
benchmark,4543,q11_top_categories,0.20269999999999999,0,True,
benchmark,4544,q1_user_by_id,0.24709999999999999,1,True,
benchmark,4545,q2_all_users,8.0584000000000007,200,True,
benchmark,4546,q3_user_by_login,0.21199999999999999,1,True,
benchmark,4547,q4_sellers_rating,43.053100000000001,100,True,
benchmark,4548,q5_orders_offset,15.966200000000001,50,True,
benchmark,4549,q6_products_by_seller,0.21959999999999999,2,True,
benchmark,4550,q7_products_join_sellers,0.34510000000000002,2,True,
benchmark,4551,q8_order_items_join_products,0.40939999999999999,5,True,
benchmark,4552,q9_orders_items_products_by_user,0.55400000000000005,4,True,
benchmark,4553,q10_top_sellers_qty,102.05329999999999,20,True,
benchmark,4554,q11_top_categories,0.1956,0,True,
benchmark,4555,q1_user_by_id,0.2369,1,True,
benchmark,4556,q2_all_users,5.415,200,True,
benchmark,4557,q3_user_by_login,0.26219999999999999,1,True,
benchmark,4558,q4_sellers_rating,39.842199999999998,100,True,
benchmark,4559,q5_orders_offset,18.4222,50,True,
benchmark,4560,q6_products_by_seller,0.14000000000000001,0,True,
benchmark,4561,q7_products_join_sellers,0.19209999999999999,0,True,
benchmark,4562,q8_order_items_join_products,0.39100000000000001,2,True,
benchmark,4563,q9_orders_items_products_by_user,0.63360000000000005,4,True,
benchmark,4564,q10_top_sellers_qty,104.81870000000001,20,True,
benchmark,4565,q11_top_categories,0.22839999999999999,0,True,
benchmark,4566,q1_user_by_id,0.27239999999999998,1,True,
benchmark,4567,q2_all_users,9.4716000000000005,200,True,
benchmark,4568,q3_user_by_login,0.2334,1,True,
benchmark,4569,q4_sellers_rating,52.131,100,True,
benchmark,4570,q5_orders_offset,15.8627,50,True,
benchmark,4571,q6_products_by_seller,0.14050000000000001,0,True,
benchmark,4572,q7_products_join_sellers,0.2014,0,True,
benchmark,4573,q8_order_items_join_products,0.44450000000000001,1,True,
benchmark,4574,q9_orders_items_products_by_user,0.2268,0,True,
benchmark,4575,q10_top_sellers_qty,102.5089,20,True,
benchmark,4576,q11_top_categories,0.20669999999999999,0,True,
benchmark,4577,q1_user_by_id,0.2324,1,True,
benchmark,4578,q2_all_users,7.8262,200,True,
benchmark,4579,q3_user_by_login,0.26469999999999999,1,True,
benchmark,4580,q4_sellers_rating,44.597000000000001,100,True,
benchmark,4581,q5_orders_offset,15.687200000000001,50,True,
benchmark,4582,q6_products_by_seller,0.2331,1,True,
benchmark,4583,q7_products_join_sellers,0.37630000000000002,1,True,
benchmark,4584,q8_order_items_join_products,0.3992,1,True,
benchmark,4585,q9_orders_items_products_by_user,0.085400000000000004,0,True,
benchmark,4586,q10_top_sellers_qty,116.4727,20,True,
benchmark,4587,q11_top_categories,0.2155,0,True,
benchmark,4588,q1_user_by_id,0.19520000000000001,1,True,
benchmark,4589,q2_all_users,6.4565000000000001,200,True,
benchmark,4590,q3_user_by_login,0.20480000000000001,1,True,
benchmark,4591,q4_sellers_rating,45.875599999999999,100,True,
benchmark,4592,q5_orders_offset,15.6297,50,True,
benchmark,4593,q6_products_by_seller,0.14069999999999999,0,True,
benchmark,4594,q7_products_join_sellers,0.20030000000000001,0,True,
benchmark,4595,q8_order_items_join_products,0.39319999999999999,3,True,
benchmark,4596,q9_orders_items_products_by_user,0.46029999999999999,2,True,
benchmark,4597,q10_top_sellers_qty,126.0641,20,True,
benchmark,4598,q11_top_categories,0.23430000000000001,0,True,
benchmark,4599,q1_user_by_id,0.19589999999999999,1,True,
benchmark,4600,q2_all_users,6.3754999999999997,200,True,
benchmark,4601,q3_user_by_login,0.29570000000000002,1,True,
benchmark,4602,q4_sellers_rating,45.854100000000003,100,True,
benchmark,4603,q5_orders_offset,18.6388,50,True,
benchmark,4604,q6_products_by_seller,0.1482,0,True,
benchmark,4605,q7_products_join_sellers,0.2001,0,True,
benchmark,4606,q8_order_items_join_products,0.40160000000000001,5,True,
benchmark,4607,q9_orders_items_products_by_user,0.3654,1,True,
benchmark,4608,q10_top_sellers_qty,116.1508,20,True,
benchmark,4609,q11_top_categories,0.19600000000000001,0,True,
benchmark,4610,q1_user_by_id,0.19969999999999999,1,True,
benchmark,4611,q2_all_users,9.4115000000000002,200,True,
benchmark,4612,q3_user_by_login,0.28770000000000001,1,True,
benchmark,4613,q4_sellers_rating,45.662999999999997,100,True,
benchmark,4614,q5_orders_offset,16.172999999999998,50,True,
benchmark,4615,q6_products_by_seller,0.21379999999999999,3,True,
benchmark,4616,q7_products_join_sellers,0.34279999999999999,3,True,
benchmark,4617,q8_order_items_join_products,0.38529999999999998,3,True,
benchmark,4618,q9_orders_items_products_by_user,0.075700000000000003,0,True,
benchmark,4619,q10_top_sellers_qty,104.1711,20,True,
benchmark,4620,q11_top_categories,0.17369999999999999,0,True,
benchmark,4621,q1_user_by_id,0.24629999999999999,1,True,
benchmark,4622,q2_all_users,5.7061000000000002,200,True,
benchmark,4623,q3_user_by_login,0.25569999999999998,1,True,
benchmark,4624,q4_sellers_rating,40.378999999999998,100,True,
benchmark,4625,q5_orders_offset,15.988200000000001,50,True,
benchmark,4626,q6_products_by_seller,0.13220000000000001,0,True,
benchmark,4627,q7_products_join_sellers,0.19400000000000001,0,True,
benchmark,4628,q8_order_items_join_products,0.42549999999999999,3,True,
benchmark,4629,q9_orders_items_products_by_user,0.2031,0,True,
benchmark,4630,q10_top_sellers_qty,100.9228,20,True,
benchmark,4631,q11_top_categories,0.19670000000000001,0,True,
benchmark,4632,q1_user_by_id,0.2263,1,True,
benchmark,4633,q2_all_users,5.3643000000000001,200,True,
benchmark,4634,q3_user_by_login,0.26960000000000001,1,True,
benchmark,4635,q4_sellers_rating,41.433,100,True,
benchmark,4636,q5_orders_offset,15.9991,50,True,
benchmark,4637,q6_products_by_seller,0.2273,1,True,
benchmark,4638,q7_products_join_sellers,0.38640000000000002,1,True,
benchmark,4639,q8_order_items_join_products,0.38769999999999999,1,True,
benchmark,4640,q9_orders_items_products_by_user,0.075999999999999998,0,True,
benchmark,4641,q10_top_sellers_qty,105.0796,20,True,
benchmark,4642,q11_top_categories,0.19370000000000001,0,True,
benchmark,4643,q1_user_by_id,0.26619999999999999,1,True,
benchmark,4644,q2_all_users,6.1005000000000003,200,True,
benchmark,4645,q3_user_by_login,0.19769999999999999,1,True,
benchmark,4646,q4_sellers_rating,40.110799999999998,100,True,
benchmark,4647,q5_orders_offset,19.9343,50,True,
benchmark,4648,q6_products_by_seller,0.1598,0,True,
benchmark,4649,q7_products_join_sellers,0.21310000000000001,0,True,
benchmark,4650,q8_order_items_join_products,0.40389999999999998,3,True,
benchmark,4651,q9_orders_items_products_by_user,0.075399999999999995,0,True,
benchmark,4652,q10_top_sellers_qty,97.591800000000006,20,True,
benchmark,4653,q11_top_categories,0.20699999999999999,0,True,
benchmark,4654,q1_user_by_id,0.24629999999999999,1,True,
benchmark,4655,q2_all_users,11.768800000000001,200,True,
benchmark,4656,q3_user_by_login,0.21160000000000001,1,True,
benchmark,4657,q4_sellers_rating,41.7042,100,True,
benchmark,4658,q5_orders_offset,15.796799999999999,50,True,
benchmark,4659,q6_products_by_seller,0.14000000000000001,0,True,
benchmark,4660,q7_products_join_sellers,0.19919999999999999,0,True,
benchmark,4661,q8_order_items_join_products,0.36749999999999999,1,True,
benchmark,4662,q9_orders_items_products_by_user,0.22420000000000001,0,True,
benchmark,4663,q10_top_sellers_qty,108.2753,20,True,
benchmark,4664,q11_top_categories,0.21540000000000001,0,True,
benchmark,4665,q1_user_by_id,0.22489999999999999,1,True,
benchmark,4666,q2_all_users,9.5716999999999999,200,True,
benchmark,4667,q3_user_by_login,0.38150000000000001,1,True,
benchmark,4668,q4_sellers_rating,44.909799999999997,100,True,
benchmark,4669,q5_orders_offset,15.555300000000001,50,True,
benchmark,4670,q6_products_by_seller,0.1487,0,True,
benchmark,4671,q7_products_join_sellers,0.19750000000000001,0,True,
benchmark,4672,q8_order_items_join_products,0.41560000000000002,1,True,
benchmark,4673,q9_orders_items_products_by_user,0.1014,0,True,
benchmark,4674,q10_top_sellers_qty,122.2445,20,True,
benchmark,4675,q11_top_categories,0.40360000000000001,0,True,
benchmark,4676,q1_user_by_id,0.2661,1,True,
benchmark,4677,q2_all_users,5.9641999999999999,200,True,
benchmark,4678,q3_user_by_login,0.30299999999999999,1,True,
benchmark,4679,q4_sellers_rating,46.411799999999999,100,True,
benchmark,4680,q5_orders_offset,16.152000000000001,50,True,
benchmark,4681,q6_products_by_seller,0.1295,0,True,
benchmark,4682,q7_products_join_sellers,0.1928,0,True,
benchmark,4683,q8_order_items_join_products,0.42559999999999998,4,True,
benchmark,4684,q9_orders_items_products_by_user,0.62409999999999999,5,True,
benchmark,4685,q10_top_sellers_qty,115.56570000000001,20,True,
benchmark,4686,q11_top_categories,0.2172,0,True,
benchmark,4687,q1_user_by_id,0.1847,1,True,
benchmark,4688,q2_all_users,5.8536000000000001,200,True,
benchmark,4689,q3_user_by_login,0.30730000000000002,1,True,
benchmark,4690,q4_sellers_rating,48.080199999999998,100,True,
benchmark,4691,q5_orders_offset,15.7285,50,True,
benchmark,4692,q6_products_by_seller,0.22889999999999999,1,True,
benchmark,4693,q7_products_join_sellers,0.34920000000000001,1,True,
benchmark,4694,q8_order_items_join_products,0.38150000000000001,3,True,
benchmark,4695,q9_orders_items_products_by_user,0.080299999999999996,0,True,
benchmark,4696,q10_top_sellers_qty,106.3853,20,True,
benchmark,4697,q11_top_categories,0.20150000000000001,0,True,
benchmark,4698,q1_user_by_id,0.2707,1,True,
benchmark,4699,q2_all_users,11.935600000000001,200,True,
benchmark,4700,q3_user_by_login,0.2737,1,True,
benchmark,4701,q4_sellers_rating,49.9178,100,True,
benchmark,4702,q5_orders_offset,16.152100000000001,50,True,
benchmark,4703,q6_products_by_seller,0.23899999999999999,1,True,
benchmark,4704,q7_products_join_sellers,0.35399999999999998,1,True,
benchmark,4705,q8_order_items_join_products,0.3977,5,True,
benchmark,4706,q9_orders_items_products_by_user,0.66379999999999995,4,True,
benchmark,4707,q10_top_sellers_qty,108.848,20,True,
benchmark,4708,q11_top_categories,0.22889999999999999,0,True,
benchmark,4709,q1_user_by_id,0.2137,1,True,
benchmark,4710,q2_all_users,7.9706000000000001,200,True,
benchmark,4711,q3_user_by_login,0.2394,1,True,
benchmark,4712,q4_sellers_rating,43.686700000000002,100,True,
benchmark,4713,q5_orders_offset,16.021999999999998,50,True,
benchmark,4714,q6_products_by_seller,0.1166,0,True,
benchmark,4715,q7_products_join_sellers,0.19800000000000001,0,True,
benchmark,4716,q8_order_items_join_products,0.38979999999999998,2,True,
benchmark,4717,q9_orders_items_products_by_user,0.78049999999999997,6,True,
benchmark,4718,q10_top_sellers_qty,114.8155,20,True,
benchmark,4719,q11_top_categories,0.2157,0,True,
benchmark,4720,q1_user_by_id,0.18870000000000001,1,True,
benchmark,4721,q2_all_users,5.8876999999999997,200,True,
benchmark,4722,q3_user_by_login,0.32519999999999999,1,True,
benchmark,4723,q4_sellers_rating,49.360500000000002,100,True,
benchmark,4724,q5_orders_offset,18.513000000000002,50,True,
benchmark,4725,q6_products_by_seller,0.24729999999999999,2,True,
benchmark,4726,q7_products_join_sellers,0.3453,2,True,
benchmark,4727,q8_order_items_join_products,0.40379999999999999,1,True,
benchmark,4728,q9_orders_items_products_by_user,0.26390000000000002,0,True,
benchmark,4729,q10_top_sellers_qty,112.4151,20,True,
benchmark,4730,q11_top_categories,0.1946,0,True,
benchmark,4731,q1_user_by_id,0.23680000000000001,1,True,
benchmark,4732,q2_all_users,9.2172999999999998,200,True,
benchmark,4733,q3_user_by_login,0.29859999999999998,1,True,
benchmark,4734,q4_sellers_rating,46.139600000000002,100,True,
benchmark,4735,q5_orders_offset,16.050699999999999,50,True,
benchmark,4736,q6_products_by_seller,0.14199999999999999,0,True,
benchmark,4737,q7_products_join_sellers,0.19239999999999999,0,True,
benchmark,4738,q8_order_items_join_products,0.42799999999999999,2,True,
benchmark,4739,q9_orders_items_products_by_user,0.073999999999999996,0,True,
benchmark,4740,q10_top_sellers_qty,108.06870000000001,20,True,
benchmark,4741,q11_top_categories,0.2036,0,True,
benchmark,4742,q1_user_by_id,0.22359999999999999,1,True,
benchmark,4743,q2_all_users,10.121700000000001,200,True,
benchmark,4744,q3_user_by_login,0.2165,1,True,
benchmark,4745,q4_sellers_rating,41.923499999999997,100,True,
benchmark,4746,q5_orders_offset,15.712999999999999,50,True,
benchmark,4747,q6_products_by_seller,0.21329999999999999,1,True,
benchmark,4748,q7_products_join_sellers,0.33700000000000002,1,True,
benchmark,4749,q8_order_items_join_products,0.42280000000000001,4,True,
benchmark,4750,q9_orders_items_products_by_user,0.072800000000000004,0,True,
benchmark,4751,q10_top_sellers_qty,103.64530000000001,20,True,
benchmark,4752,q11_top_categories,0.21310000000000001,0,True,
benchmark,4753,q1_user_by_id,0.20369999999999999,1,True,
benchmark,4754,q2_all_users,5.6086,200,True,
benchmark,4755,q3_user_by_login,0.20730000000000001,1,True,
benchmark,4756,q4_sellers_rating,45.255099999999999,100,True,
benchmark,4757,q5_orders_offset,15.497199999999999,50,True,
benchmark,4758,q6_products_by_seller,0.2089,1,True,
benchmark,4759,q7_products_join_sellers,0.3352,1,True,
benchmark,4760,q8_order_items_join_products,0.37840000000000001,2,True,
benchmark,4761,q9_orders_items_products_by_user,0.066500000000000004,0,True,
benchmark,4762,q10_top_sellers_qty,114.67659999999999,20,True,
benchmark,4763,q11_top_categories,0.2056,0,True,
benchmark,4764,q1_user_by_id,0.2782,1,True,
benchmark,4765,q2_all_users,5.6997999999999998,200,True,
benchmark,4766,q3_user_by_login,0.25419999999999998,1,True,
benchmark,4767,q4_sellers_rating,40.433399999999999,100,True,
benchmark,4768,q5_orders_offset,18.690200000000001,50,True,
benchmark,4769,q6_products_by_seller,0.21579999999999999,1,True,
benchmark,4770,q7_products_join_sellers,0.35720000000000002,1,True,
benchmark,4771,q8_order_items_join_products,0.46279999999999999,3,True,
benchmark,4772,q9_orders_items_products_by_user,0.077700000000000005,0,True,
benchmark,4773,q10_top_sellers_qty,106.5732,20,True,
benchmark,4774,q11_top_categories,0.2026,0,True,
benchmark,4775,q1_user_by_id,0.18840000000000001,1,True,
benchmark,4776,q2_all_users,7.8827999999999996,200,True,
benchmark,4777,q3_user_by_login,0.30499999999999999,1,True,
benchmark,4778,q4_sellers_rating,43.517499999999998,100,True,
benchmark,4779,q5_orders_offset,15.6837,50,True,
benchmark,4780,q6_products_by_seller,0.20810000000000001,1,True,
benchmark,4781,q7_products_join_sellers,0.33200000000000002,1,True,
benchmark,4782,q8_order_items_join_products,0.39650000000000002,3,True,
benchmark,4783,q9_orders_items_products_by_user,0.54039999999999999,4,True,
benchmark,4784,q10_top_sellers_qty,112.74639999999999,20,True,
benchmark,4785,q11_top_categories,0.2026,0,True,
benchmark,4786,q1_user_by_id,0.2369,1,True,
benchmark,4787,q2_all_users,8.4344999999999999,200,True,
benchmark,4788,q3_user_by_login,0.22059999999999999,1,True,
benchmark,4789,q4_sellers_rating,42.523499999999999,100,True,
benchmark,4790,q5_orders_offset,16.102,50,True,
benchmark,4791,q6_products_by_seller,0.17019999999999999,1,True,
benchmark,4792,q7_products_join_sellers,0.26679999999999998,1,True,
benchmark,4793,q8_order_items_join_products,0.34920000000000001,3,True,
benchmark,4794,q9_orders_items_products_by_user,0.54159999999999997,3,True,
benchmark,4795,q10_top_sellers_qty,102.00409999999999,20,True,
benchmark,4796,q11_top_categories,0.20050000000000001,0,True,
benchmark,4797,q1_user_by_id,0.1991,1,True,
benchmark,4798,q2_all_users,5.6840999999999999,200,True,
benchmark,4799,q3_user_by_login,0.27479999999999999,1,True,
benchmark,4800,q4_sellers_rating,45.415900000000001,100,True,
benchmark,4801,q5_orders_offset,15.571400000000001,50,True,
benchmark,4802,q6_products_by_seller,0.13320000000000001,0,True,
benchmark,4803,q7_products_join_sellers,0.19370000000000001,0,True,
benchmark,4804,q8_order_items_join_products,0.39329999999999998,1,True,
benchmark,4805,q9_orders_items_products_by_user,0.078,0,True,
benchmark,4806,q10_top_sellers_qty,120.60590000000001,20,True,
benchmark,4807,q11_top_categories,0.19320000000000001,0,True,
benchmark,4808,q1_user_by_id,0.26169999999999999,1,True,
benchmark,4809,q2_all_users,6.1273,200,True,
benchmark,4810,q3_user_by_login,0.21249999999999999,1,True,
benchmark,4811,q4_sellers_rating,44.222499999999997,100,True,
benchmark,4812,q5_orders_offset,18.418399999999998,50,True,
benchmark,4813,q6_products_by_seller,0.13730000000000001,0,True,
benchmark,4814,q7_products_join_sellers,0.1968,0,True,
benchmark,4815,q8_order_items_join_products,0.38500000000000001,2,True,
benchmark,4816,q9_orders_items_products_by_user,0.59340000000000004,5,True,
benchmark,4817,q10_top_sellers_qty,436.87490000000003,20,True,
benchmark,4818,q11_top_categories,0.93210000000000004,0,True,
benchmark,4819,q1_user_by_id,0.91859999999999997,1,True,
benchmark,4820,q2_all_users,46.571300000000001,200,True,
benchmark,4821,q3_user_by_login,1.006,1,True,
benchmark,4822,q4_sellers_rating,97.743700000000004,100,True,
benchmark,4823,q5_orders_offset,101.3672,50,True,
benchmark,4824,q6_products_by_seller,1.1382000000000001,3,True,
benchmark,4825,q7_products_join_sellers,1.4682999999999999,3,True,
benchmark,4826,q8_order_items_join_products,1.6691,4,True,
benchmark,4827,q9_orders_items_products_by_user,2.4361000000000002,5,True,
benchmark,4828,q10_top_sellers_qty,500.07150000000001,20,True,
benchmark,4829,q11_top_categories,0.83750000000000002,0,True,
benchmark,4830,q1_user_by_id,0.97160000000000002,1,True,
benchmark,4831,q2_all_users,24.9757,200,True,
benchmark,4832,q3_user_by_login,0.83169999999999999,1,True,
benchmark,4833,q4_sellers_rating,72.854100000000003,100,True,
benchmark,4834,q5_orders_offset,92.497500000000002,50,True,
benchmark,4835,q6_products_by_seller,0.92220000000000002,1,True,
benchmark,4836,q7_products_join_sellers,1.0258,1,True,
benchmark,4837,q8_order_items_join_products,1.1138999999999999,1,True,
benchmark,4838,q9_orders_items_products_by_user,0.22359999999999999,0,True,
benchmark,4839,q10_top_sellers_qty,624.9873,20,True,
benchmark,4840,q11_top_categories,0.77900000000000003,0,True,
benchmark,4841,q1_user_by_id,0.8327,1,True,
benchmark,4842,q2_all_users,26.425999999999998,200,True,
benchmark,4843,q3_user_by_login,0.83750000000000002,1,True,
benchmark,4844,q4_sellers_rating,65.316900000000004,100,True,
benchmark,4845,q5_orders_offset,82.915300000000002,50,True,
benchmark,4846,q6_products_by_seller,0.75860000000000005,2,True,
benchmark,4847,q7_products_join_sellers,1.0511999999999999,2,True,
benchmark,4848,q8_order_items_join_products,1.2175,2,True,
benchmark,4849,q9_orders_items_products_by_user,0.2044,0,True,
benchmark,4850,q10_top_sellers_qty,583.42169999999999,20,True,
benchmark,4851,q11_top_categories,0.84519999999999995,0,True,
benchmark,4852,q1_user_by_id,0.77210000000000001,1,True,
benchmark,4853,q2_all_users,24.507300000000001,200,True,
benchmark,4854,q3_user_by_login,1.0223,1,True,
benchmark,4855,q4_sellers_rating,95.234800000000007,100,True,
benchmark,4856,q5_orders_offset,109.6027,50,True,
benchmark,4857,q6_products_by_seller,1.1071,1,True,
benchmark,4858,q7_products_join_sellers,1.4031,1,True,
benchmark,4859,q8_order_items_join_products,1.7741,3,True,
benchmark,4860,q9_orders_items_products_by_user,0.28689999999999999,0,True,
benchmark,4861,q10_top_sellers_qty,504.91460000000001,20,True,
benchmark,4862,q11_top_categories,0.85629999999999995,0,True,
benchmark,4863,q1_user_by_id,0.98109999999999997,1,True,
benchmark,4864,q2_all_users,39.720700000000001,200,True,
benchmark,4865,q3_user_by_login,0.93689999999999996,1,True,
benchmark,4866,q4_sellers_rating,71.240700000000004,100,True,
benchmark,4867,q5_orders_offset,80.244900000000001,50,True,
benchmark,4868,q6_products_by_seller,0.35849999999999999,0,True,
benchmark,4869,q7_products_join_sellers,0.37530000000000002,0,True,
benchmark,4870,q8_order_items_join_products,0.71989999999999998,1,True,
benchmark,4871,q9_orders_items_products_by_user,0.3488,0,True,
benchmark,4872,q10_top_sellers_qty,554.29139999999995,20,True,
benchmark,4873,q11_top_categories,0.9748,0,True,
benchmark,4874,q1_user_by_id,1.0398000000000001,1,True,
benchmark,4875,q2_all_users,29.776800000000001,200,True,
benchmark,4876,q3_user_by_login,1.0933999999999999,1,True,
benchmark,4877,q4_sellers_rating,85.915700000000001,100,True,
benchmark,4878,q5_orders_offset,95.406800000000004,50,True,
benchmark,4879,q6_products_by_seller,0.72770000000000001,0,True,
benchmark,4880,q7_products_join_sellers,0.88390000000000002,0,True,
benchmark,4881,q8_order_items_join_products,1.7404999999999999,3,True,
benchmark,4882,q9_orders_items_products_by_user,2.069,3,True,
benchmark,4883,q10_top_sellers_qty,527.48410000000001,20,True,
benchmark,4884,q11_top_categories,0.85619999999999996,0,True,
benchmark,4885,q1_user_by_id,0.95789999999999997,1,True,
benchmark,4886,q2_all_users,26.568000000000001,200,True,
benchmark,4887,q3_user_by_login,1.0516000000000001,1,True,
benchmark,4888,q4_sellers_rating,90.236500000000007,100,True,
benchmark,4889,q5_orders_offset,87.324100000000001,50,True,
benchmark,4890,q6_products_by_seller,1.1009,1,True,
benchmark,4891,q7_products_join_sellers,1.4724999999999999,1,True,
benchmark,4892,q8_order_items_join_products,1.9657,3,True,
benchmark,4893,q9_orders_items_products_by_user,0.79520000000000002,0,True,
benchmark,4894,q10_top_sellers_qty,559.57780000000002,20,True,
benchmark,4895,q11_top_categories,0.98280000000000001,0,True,
benchmark,4896,q1_user_by_id,1.0107999999999999,1,True,
benchmark,4897,q2_all_users,29.722200000000001,200,True,
benchmark,4898,q3_user_by_login,0.99850000000000005,1,True,
benchmark,4899,q4_sellers_rating,96.021799999999999,100,True,
benchmark,4900,q5_orders_offset,107.0235,50,True,
benchmark,4901,q6_products_by_seller,1.1000000000000001,3,True,
benchmark,4902,q7_products_join_sellers,1.7381,3,True,
benchmark,4903,q8_order_items_join_products,1.9854000000000001,4,True,
benchmark,4904,q9_orders_items_products_by_user,0.33789999999999998,0,True,
benchmark,4905,q10_top_sellers_qty,560.9271,20,True,
benchmark,4906,q11_top_categories,0.97540000000000004,0,True,
benchmark,4907,q1_user_by_id,1.1293,1,True,
benchmark,4908,q2_all_users,44.814100000000003,200,True,
benchmark,4909,q3_user_by_login,0.79449999999999998,1,True,
benchmark,4910,q4_sellers_rating,114.4089,100,True,
benchmark,4911,q5_orders_offset,80.979399999999998,50,True,
benchmark,4912,q6_products_by_seller,0.87380000000000002,1,True,
benchmark,4913,q7_products_join_sellers,0.78820000000000001,1,True,
benchmark,4914,q8_order_items_join_products,0.84619999999999995,1,True,
benchmark,4915,q9_orders_items_products_by_user,0.14369999999999999,0,True,
benchmark,4916,q10_top_sellers_qty,639.07209999999998,20,True,
benchmark,4917,q11_top_categories,1.1284000000000001,0,True,
benchmark,4918,q1_user_by_id,1.3166,1,True,
benchmark,4919,q2_all_users,25.982500000000002,200,True,
benchmark,4920,q3_user_by_login,1.0230999999999999,1,True,
benchmark,4921,q4_sellers_rating,89.742999999999995,100,True,
benchmark,4922,q5_orders_offset,100.01349999999999,50,True,
benchmark,4923,q6_products_by_seller,0.73870000000000002,0,True,
benchmark,4924,q7_products_join_sellers,0.99670000000000003,0,True,
benchmark,4925,q8_order_items_join_products,1.7399,4,True,
benchmark,4926,q9_orders_items_products_by_user,0.22450000000000001,0,True,
benchmark,4927,q10_top_sellers_qty,545.85410000000002,20,True,
benchmark,4928,q11_top_categories,0.87019999999999997,0,True,
benchmark,4929,q1_user_by_id,0.96599999999999997,1,True,
benchmark,4930,q2_all_users,29.279800000000002,200,True,
benchmark,4931,q3_user_by_login,1.0720000000000001,1,True,
benchmark,4932,q4_sellers_rating,73.228399999999993,100,True,
benchmark,4933,q5_orders_offset,79.488200000000006,50,True,
benchmark,4934,q6_products_by_seller,0.66279999999999994,0,True,
benchmark,4935,q7_products_join_sellers,0.6099,0,True,
benchmark,4936,q8_order_items_join_products,1.3241000000000001,2,True,
benchmark,4937,q9_orders_items_products_by_user,2.0468999999999999,5,True,
benchmark,4938,q10_top_sellers_qty,550.95910000000003,20,True,
benchmark,4939,q11_top_categories,0.97889999999999999,0,True,
benchmark,4940,q1_user_by_id,0.97950000000000004,1,True,
benchmark,4941,q2_all_users,24.8886,200,True,
benchmark,4942,q3_user_by_login,1.2292000000000001,1,True,
benchmark,4943,q4_sellers_rating,92.591300000000004,100,True,
benchmark,4944,q5_orders_offset,113.40989999999999,50,True,
benchmark,4945,q6_products_by_seller,1.0165,1,True,
benchmark,4946,q7_products_join_sellers,1.4395,1,True,
benchmark,4947,q8_order_items_join_products,1.5740000000000001,1,True,
benchmark,4948,q9_orders_items_products_by_user,0.29270000000000002,0,True,
benchmark,4949,q10_top_sellers_qty,537.85440000000006,20,True,
benchmark,4950,q11_top_categories,0.99780000000000002,0,True,
benchmark,4951,q1_user_by_id,0.89139999999999997,1,True,
benchmark,4952,q2_all_users,44.6935,200,True,
benchmark,4953,q3_user_by_login,1.095,1,True,
benchmark,4954,q4_sellers_rating,73.260900000000007,100,True,
benchmark,4955,q5_orders_offset,90.542599999999993,50,True,
benchmark,4956,q6_products_by_seller,0.872,2,True,
benchmark,4957,q7_products_join_sellers,1.0287999999999999,2,True,
benchmark,4958,q8_order_items_join_products,1.2990999999999999,4,True,
benchmark,4959,q9_orders_items_products_by_user,0.53369999999999995,0,True,
benchmark,4960,q10_top_sellers_qty,548.12570000000005,20,True,
benchmark,4961,q11_top_categories,0.89059999999999995,0,True,
benchmark,4962,q1_user_by_id,1.0076000000000001,1,True,
benchmark,4963,q2_all_users,34.051600000000001,200,True,
benchmark,4964,q3_user_by_login,0.76100000000000001,1,True,
benchmark,4965,q4_sellers_rating,68.040999999999997,100,True,
benchmark,4966,q5_orders_offset,73.75,50,True,
benchmark,4967,q6_products_by_seller,0.77710000000000001,0,True,
benchmark,4968,q7_products_join_sellers,0.88700000000000001,0,True,
benchmark,4969,q8_order_items_join_products,1.7821,5,True,
benchmark,4970,q9_orders_items_products_by_user,3.9275000000000002,10,True,
benchmark,4971,q10_top_sellers_qty,447.56830000000002,20,True,
benchmark,4972,q11_top_categories,1.1033999999999999,0,True,
benchmark,4973,q1_user_by_id,3.9308999999999998,1,True,
benchmark,4974,q2_all_users,23.2592,200,True,
benchmark,4975,q3_user_by_login,0.99950000000000006,1,True,
benchmark,4976,q4_sellers_rating,76.639300000000006,100,True,
benchmark,4977,q5_orders_offset,82.799199999999999,50,True,
benchmark,4978,q6_products_by_seller,0.90110000000000001,0,True,
benchmark,4979,q7_products_join_sellers,0.91820000000000002,0,True,
benchmark,4980,q8_order_items_join_products,3.4123000000000001,5,True,
benchmark,4981,q9_orders_items_products_by_user,3.6269999999999998,2,True,
benchmark,4982,q10_top_sellers_qty,614.8297,20,True,
benchmark,4983,q11_top_categories,1.0786,0,True,
benchmark,4984,q1_user_by_id,1.0361,1,True,
benchmark,4985,q2_all_users,26.328900000000001,200,True,
benchmark,4986,q3_user_by_login,0.83199999999999996,1,True,
benchmark,4987,q4_sellers_rating,65.860399999999998,100,True,
benchmark,4988,q5_orders_offset,93.814300000000003,50,True,
benchmark,4989,q6_products_by_seller,0.68410000000000004,2,True,
benchmark,4990,q7_products_join_sellers,0.98109999999999997,2,True,
benchmark,4991,q8_order_items_join_products,1.6657,4,True,
benchmark,4992,q9_orders_items_products_by_user,0.24970000000000001,0,True,
benchmark,4993,q10_top_sellers_qty,598.02589999999998,20,True,
benchmark,4994,q11_top_categories,0.89039999999999997,0,True,
benchmark,4995,q1_user_by_id,0.79449999999999998,1,True,
benchmark,4996,q2_all_users,46.396799999999999,200,True,
benchmark,4997,q3_user_by_login,1.0954999999999999,1,True,
benchmark,4998,q4_sellers_rating,73.001999999999995,100,True,
benchmark,4999,q5_orders_offset,83.218999999999994,50,True,
benchmark,5000,q6_products_by_seller,0.58599999999999997,2,True,
benchmark,5001,q7_products_join_sellers,0.86729999999999996,2,True,
benchmark,5002,q8_order_items_join_products,1.3376999999999999,5,True,
benchmark,5003,q9_orders_items_products_by_user,2.4169999999999998,7,True,
benchmark,5004,q10_top_sellers_qty,486.42770000000002,20,True,
benchmark,5005,q11_top_categories,1.2579,0,True,
benchmark,5006,q1_user_by_id,4.4608999999999996,1,True,
benchmark,5007,q2_all_users,35.8994,200,True,
benchmark,5008,q3_user_by_login,1.151,1,True,
benchmark,5009,q4_sellers_rating,95.912700000000001,100,True,
benchmark,5010,q5_orders_offset,109.0647,50,True,
benchmark,5011,q6_products_by_seller,1.1065,1,True,
benchmark,5012,q7_products_join_sellers,0.97219999999999995,1,True,
benchmark,5013,q8_order_items_join_products,0.85350000000000004,1,True,
benchmark,5014,q9_orders_items_products_by_user,2.9683999999999999,9,True,
benchmark,5015,q10_top_sellers_qty,584.68060000000003,20,True,
benchmark,5016,q11_top_categories,0.87690000000000001,0,True,
benchmark,5017,q1_user_by_id,0.91120000000000001,1,True,
benchmark,5018,q2_all_users,23.565000000000001,200,True,
benchmark,5019,q3_user_by_login,0.81479999999999997,1,True,
benchmark,5020,q4_sellers_rating,74.793099999999995,100,True,
benchmark,5021,q5_orders_offset,92.680899999999994,50,True,
benchmark,5022,q6_products_by_seller,1.0487,1,True,
benchmark,5023,q7_products_join_sellers,1.4146000000000001,1,True,
benchmark,5024,q8_order_items_join_products,1.7,2,True,
benchmark,5025,q9_orders_items_products_by_user,0.76639999999999997,0,True,
benchmark,5026,q10_top_sellers_qty,520.5838,20,True,
benchmark,5027,q11_top_categories,0.88149999999999995,0,True,
benchmark,5028,q1_user_by_id,0.91510000000000002,1,True,
benchmark,5029,q2_all_users,31.450700000000001,200,True,
benchmark,5030,q3_user_by_login,1.0893999999999999,1,True,
benchmark,5031,q4_sellers_rating,69.477000000000004,100,True,
benchmark,5032,q5_orders_offset,108.9837,50,True,
benchmark,5033,q6_products_by_seller,0.40999999999999998,0,True,
benchmark,5034,q7_products_join_sellers,0.4642,0,True,
benchmark,5035,q8_order_items_join_products,0.9385,3,True,
benchmark,5036,q9_orders_items_products_by_user,0.94369999999999998,3,True,
benchmark,5037,q10_top_sellers_qty,472.19470000000001,20,True,
benchmark,5038,q11_top_categories,0.93940000000000001,0,True,
benchmark,5039,q1_user_by_id,1.0370999999999999,1,True,
benchmark,5040,q2_all_users,47.326500000000003,200,True,
benchmark,5041,q3_user_by_login,1.4152,1,True,
benchmark,5042,q4_sellers_rating,89.378900000000002,100,True,
benchmark,5043,q5_orders_offset,96.585599999999999,50,True,
benchmark,5044,q6_products_by_seller,0.86170000000000002,2,True,
benchmark,5045,q7_products_join_sellers,1.0463,2,True,
benchmark,5046,q8_order_items_join_products,1.3050999999999999,5,True,
benchmark,5047,q9_orders_items_products_by_user,4.0216000000000003,10,True,
benchmark,5048,q10_top_sellers_qty,548.31349999999998,20,True,
benchmark,5049,q11_top_categories,1.0044,0,True,
benchmark,5050,q1_user_by_id,1.0561,1,True,
benchmark,5051,q2_all_users,26.014500000000002,200,True,
benchmark,5052,q3_user_by_login,0.84189999999999998,1,True,
benchmark,5053,q4_sellers_rating,85.628100000000003,100,True,
benchmark,5054,q5_orders_offset,72.064999999999998,50,True,
benchmark,5055,q6_products_by_seller,0.6552,1,True,
benchmark,5056,q7_products_join_sellers,0.7228,1,True,
benchmark,5057,q8_order_items_join_products,0.87380000000000002,5,True,
benchmark,5058,q9_orders_items_products_by_user,0.15759999999999999,0,True,
benchmark,5059,q10_top_sellers_qty,525.68010000000004,20,True,
benchmark,5060,q11_top_categories,0.8286,0,True,
benchmark,5061,q1_user_by_id,1.0418000000000001,1,True,
benchmark,5062,q2_all_users,23.056999999999999,200,True,
benchmark,5063,q3_user_by_login,0.72160000000000002,1,True,
benchmark,5064,q4_sellers_rating,62.081400000000002,100,True,
benchmark,5065,q5_orders_offset,77.650599999999997,50,True,
benchmark,5066,q6_products_by_seller,0.90649999999999997,1,True,
benchmark,5067,q7_products_join_sellers,0.87519999999999998,1,True,
benchmark,5068,q8_order_items_join_products,0.75929999999999997,1,True,
benchmark,5069,q9_orders_items_products_by_user,1.2921,4,True,
benchmark,5070,q10_top_sellers_qty,531.32169999999996,20,True,
benchmark,5071,q11_top_categories,0.77159999999999995,0,True,
benchmark,5072,q1_user_by_id,0.82099999999999995,1,True,
benchmark,5073,q2_all_users,26.142700000000001,200,True,
benchmark,5074,q3_user_by_login,0.89659999999999995,1,True,
benchmark,5075,q4_sellers_rating,88.468299999999999,100,True,
benchmark,5076,q5_orders_offset,118.24679999999999,50,True,
benchmark,5077,q6_products_by_seller,1.4027000000000001,3,True,
benchmark,5078,q7_products_join_sellers,1.6741999999999999,3,True,
benchmark,5079,q8_order_items_join_products,2.2757999999999998,4,True,
benchmark,5080,q9_orders_items_products_by_user,0.2424,0,True,
benchmark,5081,q10_top_sellers_qty,551.4126,20,True,
benchmark,5082,q11_top_categories,0.76519999999999999,0,True,
benchmark,5083,q1_user_by_id,1.0041,1,True,
benchmark,5084,q2_all_users,39.627600000000001,200,True,
benchmark,5085,q3_user_by_login,3.0192999999999999,1,True,
benchmark,5086,q4_sellers_rating,68.983800000000002,100,True,
benchmark,5087,q5_orders_offset,79.783900000000003,50,True,
benchmark,5088,q6_products_by_seller,0.50790000000000002,0,True,
benchmark,5089,q7_products_join_sellers,0.45600000000000002,0,True,
benchmark,5090,q8_order_items_join_products,0.97219999999999995,4,True,
benchmark,5091,q9_orders_items_products_by_user,0.16520000000000001,0,True,
benchmark,5092,q10_top_sellers_qty,648.7473,20,True,
benchmark,5093,q11_top_categories,1.1541999999999999,0,True,
benchmark,5094,q1_user_by_id,1.3242,1,True,
benchmark,5095,q2_all_users,23.802800000000001,200,True,
benchmark,5096,q3_user_by_login,0.93869999999999998,1,True,
benchmark,5097,q4_sellers_rating,62.520000000000003,100,True,
benchmark,5098,q5_orders_offset,79.142099999999999,50,True,
benchmark,5099,q6_products_by_seller,0.5605,3,True,
benchmark,5100,q7_products_join_sellers,0.64900000000000002,3,True,
benchmark,5101,q8_order_items_join_products,0.71150000000000002,1,True,
benchmark,5102,q9_orders_items_products_by_user,0.13120000000000001,0,True,
benchmark,5103,q10_top_sellers_qty,483.69110000000001,20,True,
benchmark,5104,q11_top_categories,1.1069,0,True,
benchmark,5105,q1_user_by_id,1.0805,1,True,
benchmark,5106,q2_all_users,26.645700000000001,200,True,
benchmark,5107,q3_user_by_login,1.1678999999999999,1,True,
benchmark,5108,q4_sellers_rating,136.04820000000001,100,True,
benchmark,5109,q5_orders_offset,98.614000000000004,50,True,
benchmark,5110,q6_products_by_seller,1.0697000000000001,1,True,
benchmark,5111,q7_products_join_sellers,1.4196,1,True,
benchmark,5112,q8_order_items_join_products,1.5006999999999999,1,True,
benchmark,5113,q9_orders_items_products_by_user,2.2543000000000002,5,True,
benchmark,5114,q10_top_sellers_qty,511.56380000000001,20,True,
benchmark,5115,q11_top_categories,0.95609999999999995,0,True,
benchmark,5116,q1_user_by_id,1.0112000000000001,1,True,
benchmark,5117,q2_all_users,26.2957,200,True,
benchmark,5118,q3_user_by_login,0.91779999999999995,1,True,
benchmark,5119,q4_sellers_rating,67.377899999999997,100,True,
benchmark,5120,q5_orders_offset,96.087500000000006,50,True,
benchmark,5121,q6_products_by_seller,0.98380000000000001,2,True,
benchmark,5122,q7_products_join_sellers,1.1113999999999999,2,True,
benchmark,5123,q8_order_items_join_products,1.2508999999999999,4,True,
benchmark,5124,q9_orders_items_products_by_user,0.53580000000000005,0,True,
benchmark,5125,q10_top_sellers_qty,553.67079999999999,20,True,
benchmark,5126,q11_top_categories,0.83320000000000005,0,True,
benchmark,5127,q1_user_by_id,1.0414000000000001,1,True,
benchmark,5128,q2_all_users,44.738700000000001,200,True,
benchmark,5129,q3_user_by_login,1.1031,1,True,
benchmark,5130,q4_sellers_rating,88.224199999999996,100,True,
benchmark,5131,q5_orders_offset,97.543000000000006,50,True,
benchmark,5132,q6_products_by_seller,0.49209999999999998,0,True,
benchmark,5133,q7_products_join_sellers,0.4929,0,True,
benchmark,5134,q8_order_items_join_products,0.87790000000000001,5,True,
benchmark,5135,q9_orders_items_products_by_user,0.7752,3,True,
benchmark,5136,q10_top_sellers_qty,572.94579999999996,20,True,
benchmark,5137,q11_top_categories,0.98270000000000002,0,True,
benchmark,5138,q1_user_by_id,1.0729,1,True,
benchmark,5139,q2_all_users,27.8811,200,True,
benchmark,5140,q3_user_by_login,1.0752999999999999,1,True,
benchmark,5141,q4_sellers_rating,65.741299999999995,100,True,
benchmark,5142,q5_orders_offset,81.643799999999999,50,True,
benchmark,5143,q6_products_by_seller,0.83779999999999999,2,True,
benchmark,5144,q7_products_join_sellers,0.81920000000000004,2,True,
benchmark,5145,q8_order_items_join_products,0.8831,4,True,
benchmark,5146,q9_orders_items_products_by_user,0.37140000000000001,0,True,
benchmark,5147,q10_top_sellers_qty,499.0385,20,True,
benchmark,5148,q11_top_categories,0.72609999999999997,0,True,
benchmark,5149,q1_user_by_id,0.81910000000000005,1,True,
benchmark,5150,q2_all_users,32.796100000000003,200,True,
benchmark,5151,q3_user_by_login,0.94750000000000001,1,True,
benchmark,5152,q4_sellers_rating,68.749300000000005,100,True,
benchmark,5153,q5_orders_offset,80.884,50,True,
benchmark,5154,q6_products_by_seller,0.90100000000000002,1,True,
benchmark,5155,q7_products_join_sellers,0.70569999999999999,1,True,
benchmark,5156,q8_order_items_join_products,0.83789999999999998,3,True,
benchmark,5157,q9_orders_items_products_by_user,0.16600000000000001,0,True,
benchmark,5158,q10_top_sellers_qty,578.58669999999995,20,True,
benchmark,5159,q11_top_categories,0.9657,0,True,
benchmark,5160,q1_user_by_id,1.0696000000000001,1,True,
benchmark,5161,q2_all_users,25.686699999999998,200,True,
benchmark,5162,q3_user_by_login,0.89019999999999999,1,True,
benchmark,5163,q4_sellers_rating,89.692700000000002,100,True,
benchmark,5164,q5_orders_offset,106.7212,50,True,
benchmark,5165,q6_products_by_seller,0.67249999999999999,0,True,
benchmark,5166,q7_products_join_sellers,0.72440000000000004,0,True,
benchmark,5167,q8_order_items_join_products,1.671,2,True,
benchmark,5168,q9_orders_items_products_by_user,0.28639999999999999,0,True,
benchmark,5169,q10_top_sellers_qty,597.8682,20,True,
benchmark,5170,q11_top_categories,0.85409999999999997,0,True,
benchmark,5171,q1_user_by_id,0.88500000000000001,1,True,
benchmark,5172,q2_all_users,49.911000000000001,200,True,
benchmark,5173,q3_user_by_login,1.4295,1,True,
benchmark,5174,q4_sellers_rating,69.465999999999994,100,True,
benchmark,5175,q5_orders_offset,83.683599999999998,50,True,
benchmark,5176,q6_products_by_seller,0.68959999999999999,0,True,
benchmark,5177,q7_products_join_sellers,0.48449999999999999,0,True,
benchmark,5178,q8_order_items_join_products,0.95069999999999999,4,True,
benchmark,5179,q9_orders_items_products_by_user,0.72609999999999997,0,True,
benchmark,5180,q10_top_sellers_qty,494.82569999999998,20,True,
benchmark,5181,q11_top_categories,0.94769999999999999,0,True,
benchmark,5182,q1_user_by_id,1.4386000000000001,1,True,
benchmark,5183,q2_all_users,37.994100000000003,200,True,
benchmark,5184,q3_user_by_login,1.0373000000000001,1,True,
benchmark,5185,q4_sellers_rating,78.765199999999993,100,True,
benchmark,5186,q5_orders_offset,78.194000000000003,50,True,
benchmark,5187,q6_products_by_seller,0.50219999999999998,0,True,
benchmark,5188,q7_products_join_sellers,0.48670000000000002,0,True,
benchmark,5189,q8_order_items_join_products,1.0023,4,True,
benchmark,5190,q9_orders_items_products_by_user,0.16900000000000001,0,True,
benchmark,5191,q10_top_sellers_qty,565.17129999999997,20,True,
benchmark,5192,q11_top_categories,1.0270999999999999,0,True,
benchmark,5193,q1_user_by_id,1.0505,1,True,
benchmark,5194,q2_all_users,24.260300000000001,200,True,
benchmark,5195,q3_user_by_login,0.82499999999999996,1,True,
benchmark,5196,q4_sellers_rating,86.441400000000002,100,True,
benchmark,5197,q5_orders_offset,96.548699999999997,50,True,
benchmark,5198,q6_products_by_seller,0.9244,2,True,
benchmark,5199,q7_products_join_sellers,0.8347,2,True,
benchmark,5200,q8_order_items_join_products,0.89939999999999998,3,True,
benchmark,5201,q9_orders_items_products_by_user,0.43120000000000003,0,True,
benchmark,5202,q10_top_sellers_qty,516.26940000000002,20,True,
benchmark,5203,q11_top_categories,0.86780000000000002,0,True,
benchmark,5204,q1_user_by_id,0.95479999999999998,1,True,
benchmark,5205,q2_all_users,26.949100000000001,200,True,
benchmark,5206,q3_user_by_login,0.95009999999999994,1,True,
benchmark,5207,q4_sellers_rating,74.707499999999996,100,True,
benchmark,5208,q5_orders_offset,77.683800000000005,50,True,
benchmark,5209,q6_products_by_seller,0.65300000000000002,0,True,
benchmark,5210,q7_products_join_sellers,0.44440000000000002,0,True,
benchmark,5211,q8_order_items_join_products,0.87929999999999997,5,True,
benchmark,5212,q9_orders_items_products_by_user,0.36559999999999998,0,True,
benchmark,5213,q10_top_sellers_qty,494.04829999999998,20,True,
benchmark,5214,q11_top_categories,0.88119999999999998,0,True,
benchmark,5215,q1_user_by_id,1.0611999999999999,1,True,
benchmark,5216,q2_all_users,37.136899999999997,200,True,
benchmark,5217,q3_user_by_login,1.0592999999999999,1,True,
benchmark,5218,q4_sellers_rating,76.129800000000003,100,True,
benchmark,5219,q5_orders_offset,85.006100000000004,50,True,
benchmark,5220,q6_products_by_seller,0.63619999999999999,1,True,
benchmark,5221,q7_products_join_sellers,0.73029999999999995,1,True,
benchmark,5222,q8_order_items_join_products,0.86939999999999995,4,True,
benchmark,5223,q9_orders_items_products_by_user,0.1293,0,True,
benchmark,5224,q10_top_sellers_qty,601.6019,20,True,
benchmark,5225,q11_top_categories,0.94369999999999998,0,True,
benchmark,5226,q1_user_by_id,0.98619999999999997,1,True,
benchmark,5227,q2_all_users,60.968000000000004,200,True,
benchmark,5228,q3_user_by_login,0.93669999999999998,1,True,
benchmark,5229,q4_sellers_rating,93.163200000000003,100,True,
benchmark,5230,q5_orders_offset,95.734200000000001,50,True,
benchmark,5231,q6_products_by_seller,0.90380000000000005,1,True,
benchmark,5232,q7_products_join_sellers,1.0553999999999999,1,True,
benchmark,5233,q8_order_items_join_products,1.6321000000000001,3,True,
benchmark,5234,q9_orders_items_products_by_user,2.9257,6,True,
benchmark,5235,q10_top_sellers_qty,547.60239999999999,20,True,
benchmark,5236,q11_top_categories,0.71830000000000005,0,True,
benchmark,5237,q1_user_by_id,0.98150000000000004,1,True,
benchmark,5238,q2_all_users,26.4313,200,True,
benchmark,5239,q3_user_by_login,0.88870000000000005,1,True,
benchmark,5240,q4_sellers_rating,69.665499999999994,100,True,
benchmark,5241,q5_orders_offset,84.218800000000002,50,True,
benchmark,5242,q6_products_by_seller,0.54100000000000004,0,True,
benchmark,5243,q7_products_join_sellers,0.45590000000000003,0,True,
benchmark,5244,q8_order_items_join_products,0.89910000000000001,1,True,
benchmark,5245,q9_orders_items_products_by_user,0.15529999999999999,0,True,
benchmark,5246,q10_top_sellers_qty,569.01160000000004,20,True,
benchmark,5247,q11_top_categories,0.92430000000000001,0,True,
benchmark,5248,q1_user_by_id,1.0447,1,True,
benchmark,5249,q2_all_users,24.142499999999998,200,True,
benchmark,5250,q3_user_by_login,0.99209999999999998,1,True,
benchmark,5251,q4_sellers_rating,67.458299999999994,100,True,
benchmark,5252,q5_orders_offset,70.053299999999993,50,True,
benchmark,5253,q6_products_by_seller,0.66490000000000005,2,True,
benchmark,5254,q7_products_join_sellers,1.0105,2,True,
benchmark,5255,q8_order_items_join_products,0.71120000000000005,4,True,
benchmark,5256,q9_orders_items_products_by_user,4.2675000000000001,14,True,
benchmark,5257,q10_top_sellers_qty,581.16330000000005,20,True,
benchmark,5258,q11_top_categories,0.9002,0,True,
benchmark,5259,q1_user_by_id,1.0395000000000001,1,True,
benchmark,5260,q2_all_users,23.9117,200,True,
benchmark,5261,q3_user_by_login,0.68310000000000004,1,True,
benchmark,5262,q4_sellers_rating,113.83459999999999,100,True,
benchmark,5263,q5_orders_offset,96.707599999999999,50,True,
benchmark,5264,q6_products_by_seller,0.50780000000000003,0,True,
benchmark,5265,q7_products_join_sellers,0.41660000000000003,0,True,
benchmark,5266,q8_order_items_join_products,0.88360000000000005,4,True,
benchmark,5267,q9_orders_items_products_by_user,0.15479999999999999,0,True,
benchmark,5268,q10_top_sellers_qty,524.08569999999997,20,True,
benchmark,5269,q11_top_categories,1.0075000000000001,0,True,
benchmark,5270,q1_user_by_id,1.0144,1,True,
benchmark,5271,q2_all_users,25.423500000000001,200,True,
benchmark,5272,q3_user_by_login,0.71799999999999997,1,True,
benchmark,5273,q4_sellers_rating,84.746499999999997,100,True,
benchmark,5274,q5_orders_offset,109.4388,50,True,
benchmark,5275,q6_products_by_seller,1.1125,1,True,
benchmark,5276,q7_products_join_sellers,1.4846999999999999,1,True,
benchmark,5277,q8_order_items_join_products,1.5714999999999999,1,True,
benchmark,5278,q9_orders_items_products_by_user,0.29299999999999998,0,True,
benchmark,5279,q10_top_sellers_qty,796.73919999999998,20,True,
benchmark,5280,q11_top_categories,1.0394000000000001,0,True,
benchmark,5281,q1_user_by_id,0.94640000000000002,1,True,
benchmark,5282,q2_all_users,43.967399999999998,200,True,
benchmark,5283,q3_user_by_login,0.64419999999999999,1,True,
benchmark,5284,q4_sellers_rating,118.74209999999999,100,True,
benchmark,5285,q5_orders_offset,76.187299999999993,50,True,
benchmark,5286,q6_products_by_seller,0.48799999999999999,1,True,
benchmark,5287,q7_products_join_sellers,0.54820000000000002,1,True,
benchmark,5288,q8_order_items_join_products,0.68149999999999999,3,True,
benchmark,5289,q9_orders_items_products_by_user,0.55100000000000005,0,True,
benchmark,5290,q10_top_sellers_qty,518.90719999999999,20,True,
benchmark,5291,q11_top_categories,0.50929999999999997,0,True,
benchmark,5292,q1_user_by_id,1.0002,1,True,
benchmark,5293,q2_all_users,26.970199999999998,200,True,
benchmark,5294,q3_user_by_login,1.0456000000000001,1,True,
benchmark,5295,q4_sellers_rating,130.79939999999999,100,True,
benchmark,5296,q5_orders_offset,76.062600000000003,50,True,
benchmark,5297,q6_products_by_seller,0.93540000000000001,2,True,
benchmark,5298,q7_products_join_sellers,1.3204,2,True,
benchmark,5299,q8_order_items_join_products,1.5648,2,True,
benchmark,5300,q9_orders_items_products_by_user,0.95960000000000001,0,True,
benchmark,5301,q10_top_sellers_qty,636.89970000000005,20,True,
benchmark,5302,q11_top_categories,1.0737000000000001,0,True,
benchmark,5303,q1_user_by_id,1.0721000000000001,1,True,
benchmark,5304,q2_all_users,24.4359,200,True,
benchmark,5305,q3_user_by_login,0.999,1,True,
benchmark,5306,q4_sellers_rating,91.398499999999999,100,True,
benchmark,5307,q5_orders_offset,107.2873,50,True,
benchmark,5308,q6_products_by_seller,0.5202,2,True,
benchmark,5309,q7_products_join_sellers,1.4403999999999999,2,True,
benchmark,5310,q8_order_items_join_products,8.4513999999999996,4,True,
benchmark,5311,q9_orders_items_products_by_user,0.94569999999999999,0,True,
benchmark,5312,q10_top_sellers_qty,642.75609999999995,20,True,
benchmark,5313,q11_top_categories,0.82450000000000001,0,True,
benchmark,5314,q1_user_by_id,0.85119999999999996,1,True,
benchmark,5315,q2_all_users,30.180199999999999,200,True,
benchmark,5316,q3_user_by_login,0.62539999999999996,1,True,
benchmark,5317,q4_sellers_rating,103.28919999999999,100,True,
benchmark,5318,q5_orders_offset,110.51000000000001,50,True,
benchmark,5319,q6_products_by_seller,1.21,4,True,
benchmark,5320,q7_products_join_sellers,1.5063,4,True,
benchmark,5321,q8_order_items_join_products,1.1936,2,True,
benchmark,5322,q9_orders_items_products_by_user,0.6875,0,True,
benchmark,5323,q10_top_sellers_qty,464.08120000000002,20,True,
benchmark,5324,q11_top_categories,0.79949999999999999,0,True,
benchmark,5325,q1_user_by_id,0.68710000000000004,1,True,
benchmark,5326,q2_all_users,65.468500000000006,200,True,
benchmark,5327,q3_user_by_login,1.0847,1,True,
benchmark,5328,q4_sellers_rating,62.211199999999998,100,True,
benchmark,5329,q5_orders_offset,80.990200000000002,50,True,
benchmark,5330,q6_products_by_seller,0.92900000000000005,2,True,
benchmark,5331,q7_products_join_sellers,0.82169999999999999,2,True,
benchmark,5332,q8_order_items_join_products,0.89800000000000002,2,True,
benchmark,5333,q9_orders_items_products_by_user,0.16650000000000001,0,True,
benchmark,5334,q10_top_sellers_qty,605.22829999999999,20,True,
benchmark,5335,q11_top_categories,0.74719999999999998,0,True,
benchmark,5336,q1_user_by_id,0.97230000000000005,1,True,
benchmark,5337,q2_all_users,24.7879,200,True,
benchmark,5338,q3_user_by_login,0.89410000000000001,1,True,
benchmark,5339,q4_sellers_rating,70.910200000000003,100,True,
benchmark,5340,q5_orders_offset,85.011300000000006,50,True,
benchmark,5341,q6_products_by_seller,0.71909999999999996,0,True,
benchmark,5342,q7_products_join_sellers,1.2372000000000001,0,True,
benchmark,5343,q8_order_items_join_products,1.5661,2,True,
benchmark,5344,q9_orders_items_products_by_user,0.30649999999999999,0,True,
benchmark,5345,q10_top_sellers_qty,549.50099999999998,20,True,
benchmark,5346,q11_top_categories,0.81710000000000005,0,True,
benchmark,5347,q1_user_by_id,0.95069999999999999,1,True,
benchmark,5348,q2_all_users,26.2332,200,True,
benchmark,5349,q3_user_by_login,0.83160000000000001,1,True,
benchmark,5350,q4_sellers_rating,84.445400000000006,100,True,
benchmark,5351,q5_orders_offset,82.851900000000001,50,True,
benchmark,5352,q6_products_by_seller,0.66800000000000004,0,True,
benchmark,5353,q7_products_join_sellers,0.5403,0,True,
benchmark,5354,q8_order_items_join_products,1.0905,5,True,
benchmark,5355,q9_orders_items_products_by_user,0.76570000000000005,1,True,
benchmark,5356,q10_top_sellers_qty,514.33879999999999,20,True,
benchmark,5357,q11_top_categories,1.1904999999999999,0,True,
benchmark,5358,q1_user_by_id,1.0109999999999999,1,True,
benchmark,5359,q2_all_users,25.947199999999999,200,True,
benchmark,5360,q3_user_by_login,1.2801,1,True,
benchmark,5361,q4_sellers_rating,85.125299999999996,100,True,
benchmark,5362,q5_orders_offset,107.71250000000001,50,True,
benchmark,5363,q6_products_by_seller,1.1321000000000001,2,True,
benchmark,5364,q7_products_join_sellers,1.4416,2,True,
benchmark,5365,q8_order_items_join_products,1.5974999999999999,2,True,
benchmark,5366,q9_orders_items_products_by_user,0.26719999999999999,0,True,
benchmark,5367,q10_top_sellers_qty,571.15430000000003,20,True,
benchmark,5368,q11_top_categories,1.2643,0,True,
benchmark,5369,q1_user_by_id,0.91100000000000003,1,True,
benchmark,5370,q2_all_users,49.565600000000003,200,True,
benchmark,5371,q3_user_by_login,1.3279000000000001,1,True,
benchmark,5372,q4_sellers_rating,91.784800000000004,100,True,
benchmark,5373,q5_orders_offset,85.819500000000005,50,True,
benchmark,5374,q6_products_by_seller,0.66500000000000004,1,True,
benchmark,5375,q7_products_join_sellers,0.75209999999999999,1,True,
benchmark,5376,q8_order_items_join_products,0.91930000000000001,3,True,
benchmark,5377,q9_orders_items_products_by_user,1.8652,8,True,
benchmark,5378,q10_top_sellers_qty,562.39449999999999,20,True,
benchmark,5379,q11_top_categories,0.9163,0,True,
benchmark,5380,q1_user_by_id,1.1611,1,True,
benchmark,5381,q2_all_users,33.4801,200,True,
benchmark,5382,q3_user_by_login,0.69279999999999997,1,True,
benchmark,5383,q4_sellers_rating,103.807,100,True,
benchmark,5384,q5_orders_offset,92.938900000000004,50,True,
benchmark,5385,q6_products_by_seller,0.81489999999999996,2,True,
benchmark,5386,q7_products_join_sellers,0.62209999999999999,2,True,
benchmark,5387,q8_order_items_join_products,0.75970000000000004,3,True,
benchmark,5388,q9_orders_items_products_by_user,0.86209999999999998,5,True,
benchmark,5389,q10_top_sellers_qty,601.39760000000001,20,True,
benchmark,5390,q11_top_categories,0.84850000000000003,0,True,
benchmark,5391,q1_user_by_id,0.99439999999999995,1,True,
benchmark,5392,q2_all_users,27.655999999999999,200,True,
benchmark,5393,q3_user_by_login,1.0451999999999999,1,True,
benchmark,5394,q4_sellers_rating,74.421800000000005,100,True,
benchmark,5395,q5_orders_offset,77.611800000000002,50,True,
benchmark,5396,q6_products_by_seller,0.66810000000000003,2,True,
benchmark,5397,q7_products_join_sellers,0.60719999999999996,2,True,
benchmark,5398,q8_order_items_join_products,0.84050000000000002,3,True,
benchmark,5399,q9_orders_items_products_by_user,0.14369999999999999,0,True,
benchmark,5400,q10_top_sellers_qty,504.85570000000001,20,True,
benchmark,5401,q11_top_categories,0.88939999999999997,0,True,
benchmark,5402,q1_user_by_id,1.0145999999999999,1,True,
benchmark,5403,q2_all_users,26.086200000000002,200,True,
benchmark,5404,q3_user_by_login,0.86370000000000002,1,True,
benchmark,5405,q4_sellers_rating,85.1922,100,True,
benchmark,5406,q5_orders_offset,152.38659999999999,50,True,
benchmark,5407,q6_products_by_seller,0.62050000000000005,0,True,
benchmark,5408,q7_products_join_sellers,0.63629999999999998,0,True,
benchmark,5409,q8_order_items_join_products,1.4535,5,True,
benchmark,5410,q9_orders_items_products_by_user,0.39760000000000001,0,True,
benchmark,5411,q10_top_sellers_qty,476.69729999999998,20,True,
benchmark,5412,q11_top_categories,0.95499999999999996,0,True,
benchmark,5413,q1_user_by_id,1.0610999999999999,1,True,
benchmark,5414,q2_all_users,50.879199999999997,200,True,
benchmark,5415,q3_user_by_login,0.99429999999999996,1,True,
benchmark,5416,q4_sellers_rating,84.913700000000006,100,True,
benchmark,5417,q5_orders_offset,81.950599999999994,50,True,
benchmark,5418,q6_products_by_seller,0.73509999999999998,2,True,
benchmark,5419,q7_products_join_sellers,0.82089999999999996,2,True,
benchmark,5420,q8_order_items_join_products,0.95530000000000004,3,True,
benchmark,5421,q9_orders_items_products_by_user,0.97619999999999996,3,True,
benchmark,5422,q10_top_sellers_qty,474.76209999999998,20,True,
benchmark,5423,q11_top_categories,0.99419999999999997,0,True,
benchmark,5424,q1_user_by_id,0.99050000000000005,1,True,
benchmark,5425,q2_all_users,26.565300000000001,200,True,
benchmark,5426,q3_user_by_login,0.92279999999999995,1,True,
benchmark,5427,q4_sellers_rating,108.31019999999999,100,True,
benchmark,5428,q5_orders_offset,96.248999999999995,50,True,
benchmark,5429,q6_products_by_seller,0.83640000000000003,1,True,
benchmark,5430,q7_products_join_sellers,1.0109999999999999,1,True,
benchmark,5431,q8_order_items_join_products,1.1617,1,True,
benchmark,5432,q9_orders_items_products_by_user,0.91320000000000001,1,True,
benchmark,5433,q10_top_sellers_qty,520.6191,20,True,
benchmark,5434,q11_top_categories,0.95699999999999996,0,True,
benchmark,5435,q1_user_by_id,1.0076000000000001,1,True,
benchmark,5436,q2_all_users,37.824399999999997,200,True,
benchmark,5437,q3_user_by_login,1.2696000000000001,1,True,
benchmark,5438,q4_sellers_rating,107.0641,100,True,
benchmark,5439,q5_orders_offset,86.109800000000007,50,True,
benchmark,5440,q6_products_by_seller,0.75980000000000003,2,True,
benchmark,5441,q7_products_join_sellers,0.92010000000000003,2,True,
benchmark,5442,q8_order_items_join_products,1.2877000000000001,1,True,
benchmark,5443,q9_orders_items_products_by_user,0.29759999999999998,0,True,
benchmark,5444,q10_top_sellers_qty,496.59359999999998,20,True,
benchmark,5445,q11_top_categories,1.0931999999999999,0,True,
benchmark,5446,q1_user_by_id,1.0851999999999999,1,True,
benchmark,5447,q2_all_users,26.217700000000001,200,True,
benchmark,5448,q3_user_by_login,0.81489999999999996,1,True,
benchmark,5449,q4_sellers_rating,89.372699999999995,100,True,
benchmark,5450,q5_orders_offset,110.396,50,True,
benchmark,5451,q6_products_by_seller,0.76890000000000003,0,True,
benchmark,5452,q7_products_join_sellers,0.91920000000000002,0,True,
benchmark,5453,q8_order_items_join_products,1.6355999999999999,1,True,
benchmark,5454,q9_orders_items_products_by_user,2.3102,5,True,
benchmark,5455,q10_top_sellers_qty,541.8546,20,True,
benchmark,5456,q11_top_categories,1.091,0,True,
benchmark,5457,q1_user_by_id,0.92149999999999999,1,True,
benchmark,5458,q2_all_users,49.3185,200,True,
benchmark,5459,q3_user_by_login,1.034,1,True,
benchmark,5460,q4_sellers_rating,92.392099999999999,100,True,
benchmark,5461,q5_orders_offset,88.981999999999999,50,True,
benchmark,5462,q6_products_by_seller,0.84370000000000001,1,True,
benchmark,5463,q7_products_join_sellers,0.73519999999999996,1,True,
benchmark,5464,q8_order_items_join_products,0.80830000000000002,2,True,
benchmark,5465,q9_orders_items_products_by_user,0.38340000000000002,0,True,
benchmark,5466,q10_top_sellers_qty,510.06369999999998,20,True,
benchmark,5467,q11_top_categories,0.97109999999999996,0,True,
benchmark,5468,q1_user_by_id,1.0241,1,True,
benchmark,5469,q2_all_users,51.120699999999999,200,True,
benchmark,5470,q3_user_by_login,1.1749000000000001,1,True,
benchmark,5471,q4_sellers_rating,126.1091,100,True,
benchmark,5472,q5_orders_offset,112.6771,50,True,
benchmark,5473,q6_products_by_seller,0.74990000000000001,0,True,
benchmark,5474,q7_products_join_sellers,0.92500000000000004,0,True,
benchmark,5475,q8_order_items_join_products,1.8883000000000001,5,True,
benchmark,5476,q9_orders_items_products_by_user,0.32250000000000001,0,True,
benchmark,5477,q10_top_sellers_qty,534.93230000000005,20,True,
benchmark,5478,q11_top_categories,0.88200000000000001,0,True,
benchmark,5479,q1_user_by_id,0.87760000000000005,1,True,
benchmark,5480,q2_all_users,30.613900000000001,200,True,
benchmark,5481,q3_user_by_login,1.0027999999999999,1,True,
benchmark,5482,q4_sellers_rating,67.954300000000003,100,True,
benchmark,5483,q5_orders_offset,79.239500000000007,50,True,
benchmark,5484,q6_products_by_seller,0.84560000000000002,2,True,
benchmark,5485,q7_products_join_sellers,0.76729999999999998,2,True,
benchmark,5486,q8_order_items_join_products,0.85329999999999995,1,True,
benchmark,5487,q9_orders_items_products_by_user,1.3047,5,True,
benchmark,5488,q10_top_sellers_qty,528.20809999999994,20,True,
benchmark,5489,q11_top_categories,0.95020000000000004,0,True,
benchmark,5490,q1_user_by_id,0.67630000000000001,1,True,
benchmark,5491,q2_all_users,28.519400000000001,200,True,
benchmark,5492,q3_user_by_login,1.0221,1,True,
benchmark,5493,q4_sellers_rating,90.425899999999999,100,True,
benchmark,5494,q5_orders_offset,113.26390000000001,50,True,
benchmark,5495,q6_products_by_seller,0.57020000000000004,0,True,
benchmark,5496,q7_products_join_sellers,0.6411,0,True,
benchmark,5497,q8_order_items_join_products,2.3511000000000002,2,True,
benchmark,5498,q9_orders_items_products_by_user,1.2991999999999999,1,True,
benchmark,5499,q10_top_sellers_qty,498.25900000000001,20,True,
benchmark,5500,q11_top_categories,0.93969999999999998,0,True,
benchmark,5501,q1_user_by_id,0.99239999999999995,1,True,
benchmark,5502,q2_all_users,50.201500000000003,200,True,
benchmark,5503,q3_user_by_login,1.0887,1,True,
benchmark,5504,q4_sellers_rating,102.5493,100,True,
benchmark,5505,q5_orders_offset,69.134699999999995,50,True,
benchmark,5506,q6_products_by_seller,0.50449999999999995,1,True,
benchmark,5507,q7_products_join_sellers,0.67220000000000002,1,True,
benchmark,5508,q8_order_items_join_products,0.82399999999999995,3,True,
benchmark,5509,q9_orders_items_products_by_user,0.37,0,True,
benchmark,5510,q10_top_sellers_qty,588.24239999999998,20,True,
benchmark,5511,q11_top_categories,1.1197999999999999,0,True,
benchmark,5512,q1_user_by_id,1.0224,1,True,
benchmark,5513,q2_all_users,26.137799999999999,200,True,
benchmark,5514,q3_user_by_login,1.0195000000000001,1,True,
benchmark,5515,q4_sellers_rating,105.5322,100,True,
benchmark,5516,q5_orders_offset,88.402199999999993,50,True,
benchmark,5517,q6_products_by_seller,1.4039999999999999,1,True,
benchmark,5518,q7_products_join_sellers,1.3331999999999999,1,True,
benchmark,5519,q8_order_items_join_products,1.6217999999999999,4,True,
benchmark,5520,q9_orders_items_products_by_user,3.1745000000000001,9,True,
benchmark,5521,q10_top_sellers_qty,648.98170000000005,20,True,
benchmark,5522,q11_top_categories,1.0246,0,True,
benchmark,5523,q1_user_by_id,0.48080000000000001,1,True,
benchmark,5524,q2_all_users,21.730399999999999,200,True,
benchmark,5525,q3_user_by_login,0.90159999999999996,1,True,
benchmark,5526,q4_sellers_rating,128.9606,100,True,
benchmark,5527,q5_orders_offset,74.051199999999994,50,True,
benchmark,5528,q6_products_by_seller,1.0894999999999999,1,True,
benchmark,5529,q7_products_join_sellers,1.4512,1,True,
benchmark,5530,q8_order_items_join_products,1.6296999999999999,2,True,
benchmark,5531,q9_orders_items_products_by_user,1.8045,3,True,
benchmark,5532,q10_top_sellers_qty,613.04489999999998,20,True,
benchmark,5533,q11_top_categories,0.53710000000000002,0,True,
benchmark,5534,q1_user_by_id,0.37590000000000001,1,True,
benchmark,5535,q2_all_users,24.2485,200,True,
benchmark,5536,q3_user_by_login,0.91320000000000001,1,True,
benchmark,5537,q4_sellers_rating,73.192899999999995,100,True,
benchmark,5538,q5_orders_offset,80.273700000000005,50,True,
benchmark,5539,q6_products_by_seller,1.0386,2,True,
benchmark,5540,q7_products_join_sellers,1.0097,2,True,
benchmark,5541,q8_order_items_join_products,1.5287999999999999,3,True,
benchmark,5542,q9_orders_items_products_by_user,0.61650000000000005,0,True,
benchmark,5543,q10_top_sellers_qty,541.53099999999995,20,True,
benchmark,5544,q11_top_categories,1.1389,0,True,
benchmark,5545,q1_user_by_id,1.2015,1,True,
benchmark,5546,q2_all_users,43.618600000000001,200,True,
benchmark,5547,q3_user_by_login,0.71960000000000002,1,True,
benchmark,5548,q4_sellers_rating,84.129499999999993,100,True,
benchmark,5549,q5_orders_offset,117.5872,50,True,
benchmark,5550,q6_products_by_seller,0.93569999999999998,0,True,
benchmark,5551,q7_products_join_sellers,0.82889999999999997,0,True,
benchmark,5552,q8_order_items_join_products,2.9674999999999998,5,True,
benchmark,5553,q9_orders_items_products_by_user,2.6208,0,True,
benchmark,5554,q10_top_sellers_qty,515.82709999999997,20,True,
benchmark,5555,q11_top_categories,0.85870000000000002,0,True,
benchmark,5556,q1_user_by_id,0.86860000000000004,1,True,
benchmark,5557,q2_all_users,59.479500000000002,200,True,
benchmark,5558,q3_user_by_login,1.228,1,True,
benchmark,5559,q4_sellers_rating,103.8809,100,True,
benchmark,5560,q5_orders_offset,89.442800000000005,50,True,
benchmark,5561,q6_products_by_seller,1.0631999999999999,1,True,
benchmark,5562,q7_products_join_sellers,1.0938000000000001,1,True,
benchmark,5563,q8_order_items_join_products,1.2736000000000001,5,True,
benchmark,5564,q9_orders_items_products_by_user,0.21970000000000001,0,True,
benchmark,5565,q10_top_sellers_qty,536.44069999999999,20,True,
benchmark,5566,q11_top_categories,1.0052000000000001,0,True,
benchmark,5567,q1_user_by_id,1.0306999999999999,1,True,
benchmark,5568,q2_all_users,26.898,200,True,
benchmark,5569,q3_user_by_login,0.93889999999999996,1,True,
benchmark,5570,q4_sellers_rating,86.296400000000006,100,True,
benchmark,5571,q5_orders_offset,86.724999999999994,50,True,
benchmark,5572,q6_products_by_seller,0.70189999999999997,1,True,
benchmark,5573,q7_products_join_sellers,0.95979999999999999,1,True,
benchmark,5574,q8_order_items_join_products,1.4482999999999999,5,True,
benchmark,5575,q9_orders_items_products_by_user,1.1788000000000001,1,True,
benchmark,5576,q10_top_sellers_qty,571.36040000000003,20,True,
benchmark,5577,q11_top_categories,0.85640000000000005,0,True,
benchmark,5578,q1_user_by_id,1.0657000000000001,1,True,
benchmark,5579,q2_all_users,25.113299999999999,200,True,
benchmark,5580,q3_user_by_login,0.83160000000000001,1,True,
benchmark,5581,q4_sellers_rating,74.686700000000002,100,True,
benchmark,5582,q5_orders_offset,85.286699999999996,50,True,
benchmark,5583,q6_products_by_seller,0.73939999999999995,1,True,
benchmark,5584,q7_products_join_sellers,0.78810000000000002,1,True,
benchmark,5585,q8_order_items_join_products,1.0048999999999999,5,True,
benchmark,5586,q9_orders_items_products_by_user,13.589,4,True,
benchmark,5587,q10_top_sellers_qty,486.85059999999999,20,True,
benchmark,5588,q11_top_categories,0.90429999999999999,0,True,
benchmark,5589,q1_user_by_id,1.0993999999999999,1,True,
benchmark,5590,q2_all_users,25.315999999999999,200,True,
benchmark,5591,q3_user_by_login,0.93879999999999997,1,True,
benchmark,5592,q4_sellers_rating,118.79389999999999,100,True,
benchmark,5593,q5_orders_offset,98.672399999999996,50,True,
benchmark,5594,q6_products_by_seller,0.72699999999999998,0,True,
benchmark,5595,q7_products_join_sellers,0.82620000000000005,0,True,
benchmark,5596,q8_order_items_join_products,1.7895000000000001,5,True,
benchmark,5597,q9_orders_items_products_by_user,0.26900000000000002,0,True,
benchmark,5598,q10_top_sellers_qty,508.6456,20,True,
benchmark,5599,q11_top_categories,0.7964,0,True,
benchmark,5600,q1_user_by_id,1.196,1,True,
benchmark,5601,q2_all_users,69.584699999999998,200,True,
benchmark,5602,q3_user_by_login,0.99870000000000003,1,True,
benchmark,5603,q4_sellers_rating,127.74209999999999,100,True,
benchmark,5604,q5_orders_offset,81.706599999999995,50,True,
benchmark,5605,q6_products_by_seller,1.1990000000000001,1,True,
benchmark,5606,q7_products_join_sellers,1.3582000000000001,1,True,
benchmark,5607,q8_order_items_join_products,1.6483000000000001,3,True,
benchmark,5608,q9_orders_items_products_by_user,1.5141,1,True,
benchmark,5609,q10_top_sellers_qty,607.06150000000002,20,True,
benchmark,5610,q11_top_categories,1.2625,0,True,
benchmark,5611,q1_user_by_id,1.1327,1,True,
benchmark,5612,q2_all_users,33.741900000000001,200,True,
benchmark,5613,q3_user_by_login,0.89070000000000005,1,True,
benchmark,5614,q4_sellers_rating,61.4773,100,True,
benchmark,5615,q5_orders_offset,83.756799999999998,50,True,
benchmark,5616,q6_products_by_seller,0.80449999999999999,1,True,
benchmark,5617,q7_products_join_sellers,1.1668000000000001,1,True,
benchmark,5618,q8_order_items_join_products,1.6102000000000001,4,True,
benchmark,5619,q9_orders_items_products_by_user,0.25480000000000003,0,True,
benchmark,5620,q10_top_sellers_qty,548.31640000000004,20,True,
benchmark,5621,q11_top_categories,0.93259999999999998,0,True,
benchmark,5622,q1_user_by_id,1,1,True,
benchmark,5623,q2_all_users,32.445999999999998,200,True,
benchmark,5624,q3_user_by_login,0.97089999999999999,1,True,
benchmark,5625,q4_sellers_rating,78.108500000000006,100,True,
benchmark,5626,q5_orders_offset,93.617900000000006,50,True,
benchmark,5627,q6_products_by_seller,1.6529,4,True,
benchmark,5628,q7_products_join_sellers,1.7222999999999999,4,True,
benchmark,5629,q8_order_items_join_products,1.6459999999999999,1,True,
benchmark,5630,q9_orders_items_products_by_user,0.754,0,True,
benchmark,5631,q10_top_sellers_qty,602.6422,20,True,
benchmark,5632,q11_top_categories,0.97399999999999998,0,True,
benchmark,5633,q1_user_by_id,1.0555000000000001,1,True,
benchmark,5634,q2_all_users,26.1204,200,True,
benchmark,5635,q3_user_by_login,0.80520000000000003,1,True,
benchmark,5636,q4_sellers_rating,68.354900000000001,100,True,
benchmark,5637,q5_orders_offset,99.342100000000002,50,True,
benchmark,5638,q6_products_by_seller,0.98729999999999996,4,True,
benchmark,5639,q7_products_join_sellers,1.1448,4,True,
benchmark,5640,q8_order_items_join_products,1.1695,1,True,
benchmark,5641,q9_orders_items_products_by_user,1.2649999999999999,3,True,
benchmark,5642,q10_top_sellers_qty,546.29430000000002,20,True,
benchmark,5643,q11_top_categories,0.86229999999999996,0,True,
benchmark,5644,q1_user_by_id,1.0034000000000001,1,True,
benchmark,5645,q2_all_users,58.752800000000001,200,True,
benchmark,5646,q3_user_by_login,1.0746,1,True,
benchmark,5647,q4_sellers_rating,93.075000000000003,100,True,
benchmark,5648,q5_orders_offset,97.678100000000001,50,True,
benchmark,5649,q6_products_by_seller,0.75919999999999999,2,True,
benchmark,5650,q7_products_join_sellers,0.82930000000000004,2,True,
benchmark,5651,q8_order_items_join_products,0.96889999999999998,5,True,
benchmark,5652,q9_orders_items_products_by_user,0.58199999999999996,0,True,
benchmark,5653,q10_top_sellers_qty,545.36090000000002,20,True,
benchmark,5654,q11_top_categories,0.91749999999999998,0,True,
benchmark,5655,q1_user_by_id,0.94540000000000002,1,True,
benchmark,5656,q2_all_users,27.457599999999999,200,True,
benchmark,5657,q3_user_by_login,0.97430000000000005,1,True,
benchmark,5658,q4_sellers_rating,66.215599999999995,100,True,
benchmark,5659,q5_orders_offset,85.318600000000004,50,True,
benchmark,5660,q6_products_by_seller,0.53569999999999995,0,True,
benchmark,5661,q7_products_join_sellers,0.38629999999999998,0,True,
benchmark,5662,q8_order_items_join_products,0.78029999999999999,5,True,
benchmark,5663,q9_orders_items_products_by_user,0.12520000000000001,0,True,
benchmark,5664,q10_top_sellers_qty,636.76610000000005,20,True,
benchmark,5665,q11_top_categories,0.8952,0,True,
benchmark,5666,q1_user_by_id,1.0651999999999999,1,True,
benchmark,5667,q2_all_users,26.4133,200,True,
benchmark,5668,q3_user_by_login,1.0117,1,True,
benchmark,5669,q4_sellers_rating,77.094300000000004,100,True,
benchmark,5670,q5_orders_offset,92.754999999999995,50,True,
benchmark,5671,q6_products_by_seller,0.70050000000000001,0,True,
benchmark,5672,q7_products_join_sellers,0.85050000000000003,0,True,
benchmark,5673,q8_order_items_join_products,2.1046999999999998,1,True,
benchmark,5674,q9_orders_items_products_by_user,0.32519999999999999,0,True,
benchmark,5675,q10_top_sellers_qty,592.17049999999995,20,True,
benchmark,5676,q11_top_categories,1.5832999999999999,0,True,
benchmark,5677,q1_user_by_id,0.7611,1,True,
benchmark,5678,q2_all_users,17.3355,200,True,
benchmark,5679,q3_user_by_login,1.0164,1,True,
benchmark,5680,q4_sellers_rating,66.449200000000005,100,True,
benchmark,5681,q5_orders_offset,93.890000000000001,50,True,
benchmark,5682,q6_products_by_seller,0.85099999999999998,1,True,
benchmark,5683,q7_products_join_sellers,1.0245,1,True,
benchmark,5684,q8_order_items_join_products,1.3211999999999999,5,True,
benchmark,5685,q9_orders_items_products_by_user,0.52139999999999997,0,True,
benchmark,5686,q10_top_sellers_qty,585.94740000000002,20,True,
benchmark,5687,q11_top_categories,0.89200000000000002,0,True,
benchmark,5688,q1_user_by_id,0.96599999999999997,1,True,
benchmark,5689,q2_all_users,51.638800000000003,200,True,
benchmark,5690,q3_user_by_login,1.0525,1,True,
benchmark,5691,q4_sellers_rating,74.922799999999995,100,True,
benchmark,5692,q5_orders_offset,78.110200000000006,50,True,
benchmark,5693,q6_products_by_seller,0.68169999999999997,0,True,
benchmark,5694,q7_products_join_sellers,0.85219999999999996,0,True,
benchmark,5695,q8_order_items_join_products,1.3221000000000001,1,True,
benchmark,5696,q9_orders_items_products_by_user,0.80269999999999997,0,True,
benchmark,5697,q10_top_sellers_qty,516.18460000000005,20,True,
benchmark,5698,q11_top_categories,1.9137,0,True,
benchmark,5699,q1_user_by_id,1.3278000000000001,1,True,
benchmark,5700,q2_all_users,25.638000000000002,200,True,
benchmark,5701,q3_user_by_login,1.0528999999999999,1,True,
benchmark,5702,q4_sellers_rating,69.026200000000003,100,True,
benchmark,5703,q5_orders_offset,85.708200000000005,50,True,
benchmark,5704,q6_products_by_seller,0.48259999999999997,0,True,
benchmark,5705,q7_products_join_sellers,0.48820000000000002,0,True,
benchmark,5706,q8_order_items_join_products,0.96489999999999998,2,True,
benchmark,5707,q9_orders_items_products_by_user,0.17630000000000001,0,True,
benchmark,5708,q10_top_sellers_qty,541.85979999999995,20,True,
benchmark,5709,q11_top_categories,1.0262,0,True,
benchmark,5710,q1_user_by_id,1.0435000000000001,1,True,
benchmark,5711,q2_all_users,26.273700000000002,200,True,
benchmark,5712,q3_user_by_login,0.88160000000000005,1,True,
benchmark,5713,q4_sellers_rating,96.3095,100,True,
benchmark,5714,q5_orders_offset,94.059200000000004,50,True,
benchmark,5715,q6_products_by_seller,0.98360000000000003,3,True,
benchmark,5716,q7_products_join_sellers,1.3856999999999999,3,True,
benchmark,5717,q8_order_items_join_products,1.7054,3,True,
benchmark,5718,q9_orders_items_products_by_user,1.4336,2,True,
benchmark,5719,q10_top_sellers_qty,507.6397,20,True,
benchmark,5720,q11_top_categories,0.98219999999999996,0,True,
benchmark,5721,q1_user_by_id,0.95450000000000002,1,True,
benchmark,5722,q2_all_users,25.529699999999998,200,True,
benchmark,5723,q3_user_by_login,0.88619999999999999,1,True,
benchmark,5724,q4_sellers_rating,90.578999999999994,100,True,
benchmark,5725,q5_orders_offset,120.3916,50,True,
benchmark,5726,q6_products_by_seller,1.1316999999999999,0,True,
benchmark,5727,q7_products_join_sellers,0.97040000000000004,0,True,
benchmark,5728,q8_order_items_join_products,1.7744,3,True,
benchmark,5729,q9_orders_items_products_by_user,0.29060000000000002,0,True,
benchmark,5730,q10_top_sellers_qty,455.7928,20,True,
benchmark,5731,q11_top_categories,0.81950000000000001,0,True,
benchmark,5732,q1_user_by_id,0.90449999999999997,1,True,
benchmark,5733,q2_all_users,58.0837,200,True,
benchmark,5734,q3_user_by_login,0.71430000000000005,1,True,
benchmark,5735,q4_sellers_rating,52.876199999999997,100,True,
benchmark,5736,q5_orders_offset,76.2012,50,True,
benchmark,5737,q6_products_by_seller,0.9355,1,True,
benchmark,5738,q7_products_join_sellers,0.55479999999999996,1,True,
benchmark,5739,q8_order_items_join_products,0.64100000000000001,2,True,
benchmark,5740,q9_orders_items_products_by_user,0.12509999999999999,0,True,
benchmark,5741,q10_top_sellers_qty,596.67970000000003,20,True,
benchmark,5742,q11_top_categories,0.8105,0,True,
benchmark,5743,q1_user_by_id,0.98499999999999999,1,True,
benchmark,5744,q2_all_users,25.720500000000001,200,True,
benchmark,5745,q3_user_by_login,1.0104,1,True,
benchmark,5746,q4_sellers_rating,98.3339,100,True,
benchmark,5747,q5_orders_offset,86.973100000000002,50,True,
benchmark,5748,q6_products_by_seller,0.50490000000000002,0,True,
benchmark,5749,q7_products_join_sellers,0.51849999999999996,0,True,
benchmark,5750,q8_order_items_join_products,0.97929999999999995,4,True,
benchmark,5751,q9_orders_items_products_by_user,0.16980000000000001,0,True,
benchmark,5752,q10_top_sellers_qty,544.53200000000004,20,True,
benchmark,5753,q11_top_categories,1.0095000000000001,0,True,
benchmark,5754,q1_user_by_id,0.81069999999999998,1,True,
benchmark,5755,q2_all_users,25.759899999999998,200,True,
benchmark,5756,q3_user_by_login,0.9083,1,True,
benchmark,5757,q4_sellers_rating,96.959800000000001,100,True,
benchmark,5758,q5_orders_offset,84.224900000000005,50,True,
benchmark,5759,q6_products_by_seller,0.45250000000000001,0,True,
benchmark,5760,q7_products_join_sellers,0.61860000000000004,0,True,
benchmark,5761,q8_order_items_join_products,1.6652,5,True,
benchmark,5762,q9_orders_items_products_by_user,3.6086999999999998,9,True,
benchmark,5763,q10_top_sellers_qty,489.79050000000001,20,True,
benchmark,5764,q11_top_categories,1.7206999999999999,0,True,
benchmark,5765,q1_user_by_id,1.6107,1,True,
benchmark,5766,q2_all_users,25.528099999999998,200,True,
benchmark,5767,q3_user_by_login,1.117,1,True,
benchmark,5768,q4_sellers_rating,95.616100000000003,100,True,
benchmark,5769,q5_orders_offset,109.94329999999999,50,True,
benchmark,5770,q6_products_by_seller,0.92549999999999999,0,True,
benchmark,5771,q7_products_join_sellers,0.92610000000000003,0,True,
benchmark,5772,q8_order_items_join_products,1.8247,5,True,
benchmark,5773,q9_orders_items_products_by_user,0.28170000000000001,0,True,
benchmark,5774,q10_top_sellers_qty,502.90120000000002,20,True,
benchmark,5775,q11_top_categories,0.80200000000000005,0,True,
benchmark,5776,q1_user_by_id,0.90749999999999997,1,True,
benchmark,5777,q2_all_users,47.757100000000001,200,True,
benchmark,5778,q3_user_by_login,1.3320000000000001,1,True,
benchmark,5779,q4_sellers_rating,75.779399999999995,100,True,
benchmark,5780,q5_orders_offset,84.462699999999998,50,True,
benchmark,5781,q6_products_by_seller,0.80300000000000005,0,True,
benchmark,5782,q7_products_join_sellers,0.95540000000000003,0,True,
benchmark,5783,q8_order_items_join_products,1.6583000000000001,1,True,
benchmark,5784,q9_orders_items_products_by_user,1.411,3,True,
benchmark,5785,q10_top_sellers_qty,487.25450000000001,20,True,
benchmark,5786,q11_top_categories,0.79579999999999995,0,True,
benchmark,5787,q1_user_by_id,0.89170000000000005,1,True,
benchmark,5788,q2_all_users,81.491600000000005,200,True,
benchmark,5789,q3_user_by_login,1.0891,1,True,
benchmark,5790,q4_sellers_rating,68.640900000000002,100,True,
benchmark,5791,q5_orders_offset,74.617599999999996,50,True,
benchmark,5792,q6_products_by_seller,0.97970000000000002,1,True,
benchmark,5793,q7_products_join_sellers,0.68989999999999996,1,True,
benchmark,5794,q8_order_items_join_products,0.68759999999999999,2,True,
benchmark,5795,q9_orders_items_products_by_user,0.52439999999999998,1,True,
benchmark,5796,q10_top_sellers_qty,499.24900000000002,20,True,
benchmark,5797,q11_top_categories,0.75309999999999999,0,True,
benchmark,5798,q1_user_by_id,0.79039999999999999,1,True,
benchmark,5799,q2_all_users,24.974599999999999,200,True,
benchmark,5800,q3_user_by_login,0.98180000000000001,1,True,
benchmark,5801,q4_sellers_rating,65.220100000000002,100,True,
benchmark,5802,q5_orders_offset,84.766099999999994,50,True,
benchmark,5803,q6_products_by_seller,0.90300000000000002,1,True,
benchmark,5804,q7_products_join_sellers,1.0042,1,True,
benchmark,5805,q8_order_items_join_products,1.2814000000000001,5,True,
benchmark,5806,q9_orders_items_products_by_user,1.0289999999999999,2,True,
benchmark,5807,q10_top_sellers_qty,583.53060000000005,20,True,
benchmark,5808,q11_top_categories,0.95369999999999999,0,True,
benchmark,5809,q1_user_by_id,1.0018,1,True,
benchmark,5810,q2_all_users,26.521999999999998,200,True,
benchmark,5811,q3_user_by_login,0.8619,1,True,
benchmark,5812,q4_sellers_rating,77.338999999999999,100,True,
benchmark,5813,q5_orders_offset,84.0886,50,True,
benchmark,5814,q6_products_by_seller,0.69069999999999998,0,True,
benchmark,5815,q7_products_join_sellers,0.65239999999999998,0,True,
benchmark,5816,q8_order_items_join_products,1.3200000000000001,4,True,
benchmark,5817,q9_orders_items_products_by_user,0.55940000000000001,0,True,
benchmark,5818,q10_top_sellers_qty,515.74310000000003,20,True,
benchmark,5819,q11_top_categories,0.83479999999999999,0,True,
benchmark,5820,q1_user_by_id,0.95720000000000005,1,True,
benchmark,5821,q2_all_users,34.442399999999999,200,True,
benchmark,5822,q3_user_by_login,1.1707000000000001,1,True,
benchmark,5823,q4_sellers_rating,69.460400000000007,100,True,
benchmark,5824,q5_orders_offset,77.4114,50,True,
benchmark,5825,q6_products_by_seller,0.59199999999999997,2,True,
benchmark,5826,q7_products_join_sellers,0.74919999999999998,2,True,
benchmark,5827,q8_order_items_join_products,0.84599999999999997,2,True,
benchmark,5828,q9_orders_items_products_by_user,0.61529999999999996,1,True,
benchmark,5829,q10_top_sellers_qty,508.48790000000002,20,True,
benchmark,5830,q11_top_categories,0.91959999999999997,0,True,
benchmark,5831,q1_user_by_id,0.91990000000000005,1,True,
benchmark,5832,q2_all_users,24.920999999999999,200,True,
benchmark,5833,q3_user_by_login,1.089,1,True,
benchmark,5834,q4_sellers_rating,76.328699999999998,100,True,
benchmark,5835,q5_orders_offset,76.270600000000002,50,True,
benchmark,5836,q6_products_by_seller,0.62119999999999997,0,True,
benchmark,5837,q7_products_join_sellers,0.67149999999999999,0,True,
benchmark,5838,q8_order_items_join_products,1.2353000000000001,3,True,
benchmark,5839,q9_orders_items_products_by_user,0.19719999999999999,0,True,
benchmark,5840,q10_top_sellers_qty,623.17960000000005,20,True,
benchmark,5841,q11_top_categories,0.7671,0,True,
benchmark,5842,q1_user_by_id,0.89829999999999999,1,True,
benchmark,5843,q2_all_users,24.049199999999999,200,True,
benchmark,5844,q3_user_by_login,0.71479999999999999,1,True,
benchmark,5845,q4_sellers_rating,73.568600000000004,100,True,
benchmark,5846,q5_orders_offset,87.859499999999997,50,True,
benchmark,5847,q6_products_by_seller,0.76559999999999995,1,True,
benchmark,5848,q7_products_join_sellers,0.77500000000000002,1,True,
benchmark,5849,q8_order_items_join_products,0.92720000000000002,4,True,
benchmark,5850,q9_orders_items_products_by_user,0.63829999999999998,1,True,
benchmark,5851,q10_top_sellers_qty,536.34939999999995,20,True,
benchmark,5852,q11_top_categories,0.8135,0,True,
benchmark,5853,q1_user_by_id,1.6786000000000001,1,True,
benchmark,5854,q2_all_users,34.251100000000001,200,True,
benchmark,5855,q3_user_by_login,1.0103,1,True,
benchmark,5856,q4_sellers_rating,70.397999999999996,100,True,
benchmark,5857,q5_orders_offset,75.421199999999999,50,True,
benchmark,5858,q6_products_by_seller,0.71360000000000001,1,True,
benchmark,5859,q7_products_join_sellers,0.93940000000000001,1,True,
benchmark,5860,q8_order_items_join_products,1.1404000000000001,1,True,
benchmark,5861,q9_orders_items_products_by_user,0.51280000000000003,0,True,
benchmark,5862,q10_top_sellers_qty,477.31389999999999,20,True,
benchmark,5863,q11_top_categories,0.65800000000000003,0,True,
benchmark,5864,q1_user_by_id,0.82079999999999997,1,True,
benchmark,5865,q2_all_users,23.906300000000002,200,True,
benchmark,5866,q3_user_by_login,0.79910000000000003,1,True,
benchmark,5867,q4_sellers_rating,102.0243,100,True,
benchmark,5868,q5_orders_offset,85.547700000000006,50,True,
benchmark,5869,q6_products_by_seller,0.75770000000000004,1,True,
benchmark,5870,q7_products_join_sellers,0.84670000000000001,1,True,
benchmark,5871,q8_order_items_join_products,1.2727999999999999,3,True,
benchmark,5872,q9_orders_items_products_by_user,0.22370000000000001,0,True,
benchmark,5873,q10_top_sellers_qty,504.56389999999999,20,True,
benchmark,5874,q11_top_categories,0.91969999999999996,0,True,
benchmark,5875,q1_user_by_id,0.98929999999999996,1,True,
benchmark,5876,q2_all_users,52.476799999999997,200,True,
benchmark,5877,q3_user_by_login,1.0305,1,True,
benchmark,5878,q4_sellers_rating,85.494399999999999,100,True,
benchmark,5879,q5_orders_offset,95.633899999999997,50,True,
benchmark,5880,q6_products_by_seller,0.75,1,True,
benchmark,5881,q7_products_join_sellers,1.3413999999999999,1,True,
benchmark,5882,q8_order_items_join_products,0.79890000000000005,5,True,
benchmark,5883,q9_orders_items_products_by_user,0.2082,0,True,
benchmark,5884,q10_top_sellers_qty,513.35180000000003,20,True,
benchmark,5885,q11_top_categories,0.72740000000000005,0,True,
benchmark,5886,q1_user_by_id,0.80759999999999998,1,True,
benchmark,5887,q2_all_users,17.674299999999999,200,True,
benchmark,5888,q3_user_by_login,0.51770000000000005,1,True,
benchmark,5889,q4_sellers_rating,68.962199999999996,100,True,
benchmark,5890,q5_orders_offset,82.461299999999994,50,True,
benchmark,5891,q6_products_by_seller,0.97470000000000001,1,True,
benchmark,5892,q7_products_join_sellers,1.0632999999999999,1,True,
benchmark,5893,q8_order_items_join_products,1.1362000000000001,2,True,
benchmark,5894,q9_orders_items_products_by_user,0.88119999999999998,0,True,
benchmark,5895,q10_top_sellers_qty,579.18830000000003,20,True,
benchmark,5896,q11_top_categories,0.91020000000000001,0,True,
benchmark,5897,q1_user_by_id,0.90410000000000001,1,True,
benchmark,5898,q2_all_users,28.2546,200,True,
benchmark,5899,q3_user_by_login,1.0829,1,True,
benchmark,5900,q4_sellers_rating,99.292500000000004,100,True,
benchmark,5901,q5_orders_offset,89.136700000000005,50,True,
benchmark,5902,q6_products_by_seller,0.83050000000000002,0,True,
benchmark,5903,q7_products_join_sellers,0.56950000000000001,0,True,
benchmark,5904,q8_order_items_join_products,1.0457000000000001,3,True,
benchmark,5905,q9_orders_items_products_by_user,2.6158999999999999,6,True,
benchmark,5906,q10_top_sellers_qty,487.8023,20,True,
benchmark,5907,q11_top_categories,0.74839999999999995,0,True,
benchmark,5908,q1_user_by_id,0.90900000000000003,1,True,
benchmark,5909,q2_all_users,24.970600000000001,200,True,
benchmark,5910,q3_user_by_login,1.034,1,True,
benchmark,5911,q4_sellers_rating,91.003200000000007,100,True,
benchmark,5912,q5_orders_offset,104.2958,50,True,
benchmark,5913,q6_products_by_seller,0.60799999999999998,0,True,
benchmark,5914,q7_products_join_sellers,0.96499999999999997,0,True,
benchmark,5915,q8_order_items_join_products,1.7775000000000001,5,True,
benchmark,5916,q9_orders_items_products_by_user,0.78139999999999998,0,True,
benchmark,5917,q10_top_sellers_qty,545.29430000000002,20,True,
benchmark,5918,q11_top_categories,0.87890000000000001,0,True,
benchmark,5919,q1_user_by_id,1.0531999999999999,1,True,
benchmark,5920,q2_all_users,24.726800000000001,200,True,
benchmark,5921,q3_user_by_login,1.0710999999999999,1,True,
benchmark,5922,q4_sellers_rating,70.704300000000003,100,True,
benchmark,5923,q5_orders_offset,105.3379,50,True,
benchmark,5924,q6_products_by_seller,0.99680000000000002,3,True,
benchmark,5925,q7_products_join_sellers,1.0503,3,True,
benchmark,5926,q8_order_items_join_products,1.2658,2,True,
benchmark,5927,q9_orders_items_products_by_user,1.8309,5,True,
benchmark,5928,q10_top_sellers_qty,548.40300000000002,20,True,
benchmark,5929,q11_top_categories,1.034,0,True,
benchmark,5930,q1_user_by_id,1.2189000000000001,1,True,
benchmark,5931,q2_all_users,60.131500000000003,200,True,
benchmark,5932,q3_user_by_login,1.1181000000000001,1,True,
benchmark,5933,q4_sellers_rating,119.4414,100,True,
benchmark,5934,q5_orders_offset,75.951400000000007,50,True,
benchmark,5935,q6_products_by_seller,0.82199999999999995,1,True,
benchmark,5936,q7_products_join_sellers,0.87190000000000001,1,True,
benchmark,5937,q8_order_items_join_products,1.2265999999999999,3,True,
benchmark,5938,q9_orders_items_products_by_user,1.1565000000000001,2,True,
benchmark,5939,q10_top_sellers_qty,711.11469999999997,20,True,
benchmark,5940,q11_top_categories,0.85250000000000004,0,True,
benchmark,5941,q1_user_by_id,3.0387,1,True,
benchmark,5942,q2_all_users,39.511499999999998,200,True,
benchmark,5943,q3_user_by_login,1.1462000000000001,1,True,
benchmark,5944,q4_sellers_rating,105.50490000000001,100,True,
benchmark,5945,q5_orders_offset,91.445099999999996,50,True,
benchmark,5946,q6_products_by_seller,1.0629,2,True,
benchmark,5947,q7_products_join_sellers,1.379,2,True,
benchmark,5948,q8_order_items_join_products,1.7231000000000001,5,True,
benchmark,5949,q9_orders_items_products_by_user,1.3996999999999999,1,True,
benchmark,5950,q10_top_sellers_qty,621.48289999999997,20,True,
benchmark,5951,q11_top_categories,0.97309999999999997,0,True,
benchmark,5952,q1_user_by_id,1.167,1,True,
benchmark,5953,q2_all_users,31.827300000000001,200,True,
benchmark,5954,q3_user_by_login,0.98519999999999996,1,True,
benchmark,5955,q4_sellers_rating,110.4451,100,True,
benchmark,5956,q5_orders_offset,85.489400000000003,50,True,
benchmark,5957,q6_products_by_seller,0.96160000000000001,1,True,
benchmark,5958,q7_products_join_sellers,1.0922000000000001,1,True,
benchmark,5959,q8_order_items_join_products,0.83420000000000005,1,True,
benchmark,5960,q9_orders_items_products_by_user,1.4812000000000001,4,True,
benchmark,5961,q10_top_sellers_qty,680.45370000000003,20,True,
benchmark,5962,q11_top_categories,0.84050000000000002,0,True,
benchmark,5963,q1_user_by_id,1.0102,1,True,
benchmark,5964,q2_all_users,27.122299999999999,200,True,
benchmark,5965,q3_user_by_login,0.97750000000000004,1,True,
benchmark,5966,q4_sellers_rating,89.916499999999999,100,True,
benchmark,5967,q5_orders_offset,133.6267,50,True,
benchmark,5968,q6_products_by_seller,0.71950000000000003,0,True,
benchmark,5969,q7_products_join_sellers,0.89480000000000004,0,True,
benchmark,5970,q8_order_items_join_products,1.6695,3,True,
benchmark,5971,q9_orders_items_products_by_user,4.008,8,True,
benchmark,5972,q10_top_sellers_qty,502.77199999999999,20,True,
benchmark,5973,q11_top_categories,1.7448999999999999,0,True,
benchmark,5974,q1_user_by_id,1.3300000000000001,1,True,
benchmark,5975,q2_all_users,42.2958,200,True,
benchmark,5976,q3_user_by_login,1.4895,1,True,
benchmark,5977,q4_sellers_rating,91.443100000000001,100,True,
benchmark,5978,q5_orders_offset,90.578199999999995,50,True,
benchmark,5979,q6_products_by_seller,0.60270000000000001,0,True,
benchmark,5980,q7_products_join_sellers,0.71719999999999995,0,True,
benchmark,5981,q8_order_items_join_products,1.5885,1,True,
benchmark,5982,q9_orders_items_products_by_user,0.28399999999999997,0,True,
benchmark,5983,q10_top_sellers_qty,556.90949999999998,20,True,
benchmark,5984,q11_top_categories,0.97889999999999999,0,True,
benchmark,5985,q1_user_by_id,1.0918000000000001,1,True,
benchmark,5986,q2_all_users,25.120000000000001,200,True,
benchmark,5987,q3_user_by_login,0.8216,1,True,
benchmark,5988,q4_sellers_rating,92.587199999999996,100,True,
benchmark,5989,q5_orders_offset,92.317300000000003,50,True,
benchmark,5990,q6_products_by_seller,0.65269999999999995,1,True,
benchmark,5991,q7_products_join_sellers,0.62909999999999999,1,True,
benchmark,5992,q8_order_items_join_products,0.72040000000000004,3,True,
benchmark,5993,q9_orders_items_products_by_user,0.13519999999999999,0,True,
benchmark,5994,q10_top_sellers_qty,620.5403,20,True,
benchmark,5995,q11_top_categories,2.0922999999999998,0,True,
benchmark,5996,q1_user_by_id,0.8599,1,True,
benchmark,5997,q2_all_users,22.460899999999999,200,True,
benchmark,5998,q3_user_by_login,0.96060000000000001,1,True,
benchmark,5999,q4_sellers_rating,70.619500000000002,100,True,
benchmark,6000,q5_orders_offset,90.792400000000001,50,True,
benchmark,6001,q6_products_by_seller,0.85370000000000001,3,True,
benchmark,6002,q7_products_join_sellers,1.0889,3,True,
benchmark,6003,q8_order_items_join_products,1.1699999999999999,2,True,
benchmark,6004,q9_orders_items_products_by_user,0.19980000000000001,0,True,
benchmark,6005,q10_top_sellers_qty,560.21320000000003,20,True,
benchmark,6006,q11_top_categories,1.077,0,True,
benchmark,6007,q1_user_by_id,1.0550999999999999,1,True,
benchmark,6008,q2_all_users,24.626999999999999,200,True,
benchmark,6009,q3_user_by_login,0.81999999999999995,1,True,
benchmark,6010,q4_sellers_rating,65.141900000000007,100,True,
benchmark,6011,q5_orders_offset,85.333500000000001,50,True,
benchmark,6012,q6_products_by_seller,0.9556,1,True,
benchmark,6013,q7_products_join_sellers,0.77070000000000005,1,True,
benchmark,6014,q8_order_items_join_products,0.80589999999999995,1,True,
benchmark,6015,q9_orders_items_products_by_user,1.8323,9,True,
benchmark,6016,q10_top_sellers_qty,528.59429999999998,20,True,
benchmark,6017,q11_top_categories,0.96799999999999997,0,True,
benchmark,6018,q1_user_by_id,0.93379999999999996,1,True,
benchmark,6019,q2_all_users,45.645800000000001,200,True,
benchmark,6020,q3_user_by_login,0.93359999999999999,1,True,
benchmark,6021,q4_sellers_rating,95.290499999999994,100,True,
benchmark,6022,q5_orders_offset,93.114699999999999,50,True,
benchmark,6023,q6_products_by_seller,0.50929999999999997,0,True,
benchmark,6024,q7_products_join_sellers,0.53039999999999998,0,True,
benchmark,6025,q8_order_items_join_products,0.93620000000000003,2,True,
benchmark,6026,q9_orders_items_products_by_user,0.40910000000000002,0,True,
benchmark,6027,q10_top_sellers_qty,527.16869999999994,20,True,
benchmark,6028,q11_top_categories,1.0772999999999999,0,True,
benchmark,6029,q1_user_by_id,0.92630000000000001,1,True,
benchmark,6030,q2_all_users,39.809800000000003,200,True,
benchmark,6031,q3_user_by_login,1.0062,1,True,
benchmark,6032,q4_sellers_rating,71.833200000000005,100,True,
benchmark,6033,q5_orders_offset,86.418800000000005,50,True,
benchmark,6034,q6_products_by_seller,0.51290000000000002,0,True,
benchmark,6035,q7_products_join_sellers,0.45829999999999999,0,True,
benchmark,6036,q8_order_items_join_products,1.0925,2,True,
benchmark,6037,q9_orders_items_products_by_user,0.95189999999999997,2,True,
benchmark,6038,q10_top_sellers_qty,556.41250000000002,20,True,
benchmark,6039,q11_top_categories,0.85780000000000001,0,True,
benchmark,6040,q1_user_by_id,0.95030000000000003,1,True,
benchmark,6041,q2_all_users,20.093399999999999,200,True,
benchmark,6042,q3_user_by_login,1.0328999999999999,1,True,
benchmark,6043,q4_sellers_rating,67.236699999999999,100,True,
benchmark,6044,q5_orders_offset,84.740700000000004,50,True,
benchmark,6045,q6_products_by_seller,0.54449999999999998,1,True,
benchmark,6046,q7_products_join_sellers,0.64639999999999997,1,True,
benchmark,6047,q8_order_items_join_products,0.71419999999999995,2,True,
benchmark,6048,q9_orders_items_products_by_user,0.12770000000000001,0,True,
benchmark,6049,q10_top_sellers_qty,519.22889999999995,20,True,
benchmark,6050,q11_top_categories,0.8498,0,True,
benchmark,6051,q1_user_by_id,0.92259999999999998,1,True,
benchmark,6052,q2_all_users,28.2241,200,True,
benchmark,6053,q3_user_by_login,0.9294,1,True,
benchmark,6054,q4_sellers_rating,89.589399999999998,100,True,
benchmark,6055,q5_orders_offset,134.40029999999999,50,True,
benchmark,6056,q6_products_by_seller,1.4121999999999999,2,True,
benchmark,6057,q7_products_join_sellers,1.7149000000000001,2,True,
benchmark,6058,q8_order_items_join_products,1.7249000000000001,5,True,
benchmark,6059,q9_orders_items_products_by_user,0.78969999999999996,0,True,
benchmark,6060,q10_top_sellers_qty,518.61130000000003,20,True,
benchmark,6061,q11_top_categories,0.84370000000000001,0,True,
benchmark,6062,q1_user_by_id,0.91400000000000003,1,True,
benchmark,6063,q2_all_users,43.1873,200,True,
benchmark,6064,q3_user_by_login,0.90949999999999998,1,True,
benchmark,6065,q4_sellers_rating,83.083299999999994,100,True,
benchmark,6066,q5_orders_offset,89.534199999999998,50,True,
benchmark,6067,q6_products_by_seller,0.67390000000000005,0,True,
benchmark,6068,q7_products_join_sellers,0.68300000000000005,0,True,
benchmark,6069,q8_order_items_join_products,1.3089,4,True,
benchmark,6070,q9_orders_items_products_by_user,0.21110000000000001,0,True,
benchmark,6071,q10_top_sellers_qty,551.15589999999997,20,True,
benchmark,6072,q11_top_categories,0.97529999999999994,0,True,
benchmark,6073,q1_user_by_id,0.98299999999999998,1,True,
benchmark,6074,q2_all_users,30.315799999999999,200,True,
benchmark,6075,q3_user_by_login,0.97970000000000002,1,True,
benchmark,6076,q4_sellers_rating,90.077699999999993,100,True,
benchmark,6077,q5_orders_offset,73.432000000000002,50,True,
benchmark,6078,q6_products_by_seller,0.7006,0,True,
benchmark,6079,q7_products_join_sellers,0.86260000000000003,0,True,
benchmark,6080,q8_order_items_join_products,1.7474000000000001,5,True,
benchmark,6081,q9_orders_items_products_by_user,1.5235000000000001,1,True,
benchmark,6082,q10_top_sellers_qty,537.72000000000003,20,True,
benchmark,6083,q11_top_categories,0.71220000000000006,0,True,
benchmark,6084,q1_user_by_id,0.93489999999999995,1,True,
benchmark,6085,q2_all_users,22.723500000000001,200,True,
benchmark,6086,q3_user_by_login,0.73829999999999996,1,True,
benchmark,6087,q4_sellers_rating,82.038700000000006,100,True,
benchmark,6088,q5_orders_offset,98.874899999999997,50,True,
benchmark,6089,q6_products_by_seller,0.82469999999999999,2,True,
benchmark,6090,q7_products_join_sellers,0.68840000000000001,2,True,
benchmark,6091,q8_order_items_join_products,1.9934000000000001,3,True,
benchmark,6092,q9_orders_items_products_by_user,0.58789999999999998,0,True,
benchmark,6093,q10_top_sellers_qty,543.12559999999996,20,True,
benchmark,6094,q11_top_categories,1.2254,0,True,
benchmark,6095,q1_user_by_id,1.2201,1,True,
benchmark,6096,q2_all_users,33.116700000000002,200,True,
benchmark,6097,q3_user_by_login,0.80079999999999996,1,True,
benchmark,6098,q4_sellers_rating,70.897900000000007,100,True,
benchmark,6099,q5_orders_offset,81.1083,50,True,
benchmark,6100,q6_products_by_seller,1.3227,2,True,
benchmark,6101,q7_products_join_sellers,0.87370000000000003,2,True,
benchmark,6102,q8_order_items_join_products,31.925899999999999,3,True,
benchmark,6103,q9_orders_items_products_by_user,0.96350000000000002,0,True,
benchmark,6104,q10_top_sellers_qty,474.28440000000001,20,True,
benchmark,6105,q11_top_categories,0.93489999999999995,0,True,
benchmark,6106,q1_user_by_id,0.74099999999999999,1,True,
benchmark,6107,q2_all_users,37.138100000000001,200,True,
benchmark,6108,q3_user_by_login,0.63090000000000002,1,True,
benchmark,6109,q4_sellers_rating,55.709800000000001,100,True,
benchmark,6110,q5_orders_offset,76.638000000000005,50,True,
benchmark,6111,q6_products_by_seller,0.75329999999999997,1,True,
benchmark,6112,q7_products_join_sellers,0.98219999999999996,1,True,
benchmark,6113,q8_order_items_join_products,1.1589,2,True,
benchmark,6114,q9_orders_items_products_by_user,0.19969999999999999,0,True,
benchmark,6115,q10_top_sellers_qty,539.01499999999999,20,True,
benchmark,6116,q11_top_categories,1.0387999999999999,0,True,
benchmark,6117,q1_user_by_id,1.0619000000000001,1,True,
benchmark,6118,q2_all_users,27.867100000000001,200,True,
benchmark,6119,q3_user_by_login,0.88970000000000005,1,True,
benchmark,6120,q4_sellers_rating,82.028899999999993,100,True,
benchmark,6121,q5_orders_offset,55.304600000000001,50,True,
benchmark,6122,q6_products_by_seller,0.68730000000000002,1,True,
benchmark,6123,q7_products_join_sellers,0.70109999999999995,1,True,
benchmark,6124,q8_order_items_join_products,0.90390000000000004,5,True,
benchmark,6125,q9_orders_items_products_by_user,1.0932999999999999,5,True,
benchmark,6126,q10_top_sellers_qty,562.86590000000001,20,True,
benchmark,6127,q11_top_categories,0.89780000000000004,0,True,
benchmark,6128,q1_user_by_id,1.2044999999999999,1,True,
benchmark,6129,q2_all_users,24.398099999999999,200,True,
benchmark,6130,q3_user_by_login,0.88160000000000005,1,True,
benchmark,6131,q4_sellers_rating,72.427300000000002,100,True,
benchmark,6132,q5_orders_offset,78.059700000000007,50,True,
benchmark,6133,q6_products_by_seller,0.4007,0,True,
benchmark,6134,q7_products_join_sellers,0.48799999999999999,0,True,
benchmark,6135,q8_order_items_join_products,0.95889999999999997,4,True,
benchmark,6136,q9_orders_items_products_by_user,1.1652,5,True,
benchmark,6137,q10_top_sellers_qty,475.7473,20,True,
benchmark,6138,q11_top_categories,0.58240000000000003,0,True,
benchmark,6139,q1_user_by_id,0.46829999999999999,1,True,
benchmark,6140,q2_all_users,23.464700000000001,200,True,
benchmark,6141,q3_user_by_login,0.4647,1,True,
benchmark,6142,q4_sellers_rating,61.071199999999997,100,True,
benchmark,6143,q5_orders_offset,99.001999999999995,50,True,
benchmark,6144,q6_products_by_seller,1.0939000000000001,2,True,
benchmark,6145,q7_products_join_sellers,1.1833,2,True,
benchmark,6146,q8_order_items_join_products,1.1124000000000001,2,True,
benchmark,6147,q9_orders_items_products_by_user,2.3273999999999999,5,True,
benchmark,6148,q10_top_sellers_qty,547.88879999999995,20,True,
benchmark,6149,q11_top_categories,0.90969999999999995,0,True,
benchmark,6150,q1_user_by_id,0.9284,1,True,
benchmark,6151,q2_all_users,50.404000000000003,200,True,
benchmark,6152,q3_user_by_login,1.4043000000000001,1,True,
benchmark,6153,q4_sellers_rating,94.899699999999996,100,True,
benchmark,6154,q5_orders_offset,80.073499999999996,50,True,
benchmark,6155,q6_products_by_seller,0.73719999999999997,1,True,
benchmark,6156,q7_products_join_sellers,0.7722,1,True,
benchmark,6157,q8_order_items_join_products,0.89300000000000002,5,True,
benchmark,6158,q9_orders_items_products_by_user,1.1972,5,True,
benchmark,6159,q10_top_sellers_qty,595.24839999999995,20,True,
benchmark,6160,q11_top_categories,0.99150000000000005,0,True,
benchmark,6161,q1_user_by_id,1.0570999999999999,1,True,
benchmark,6162,q2_all_users,27.802900000000001,200,True,
benchmark,6163,q3_user_by_login,1.0827,1,True,
benchmark,6164,q4_sellers_rating,73.338899999999995,100,True,
benchmark,6165,q5_orders_offset,81.255700000000004,50,True,
benchmark,6166,q6_products_by_seller,0.62409999999999999,1,True,
benchmark,6167,q7_products_join_sellers,0.70040000000000002,1,True,
benchmark,6168,q8_order_items_join_products,0.90469999999999995,5,True,
benchmark,6169,q9_orders_items_products_by_user,0.14549999999999999,0,True,
benchmark,6170,q10_top_sellers_qty,531.2242,20,True,
benchmark,6171,q11_top_categories,0.54759999999999998,0,True,
benchmark,6172,q1_user_by_id,0.58120000000000005,1,True,
benchmark,6173,q2_all_users,24.0839,200,True,
benchmark,6174,q3_user_by_login,1.1699999999999999,1,True,
benchmark,6175,q4_sellers_rating,92.136099999999999,100,True,
benchmark,6176,q5_orders_offset,92.153099999999995,50,True,
benchmark,6177,q6_products_by_seller,1.1171,3,True,
benchmark,6178,q7_products_join_sellers,1.5353000000000001,3,True,
benchmark,6179,q8_order_items_join_products,1.8435999999999999,5,True,
benchmark,6180,q9_orders_items_products_by_user,1.1647000000000001,0,True,
benchmark,6181,q10_top_sellers_qty,533.30100000000004,20,True,
benchmark,6182,q11_top_categories,0.93740000000000001,0,True,
benchmark,6183,q1_user_by_id,1.0176000000000001,1,True,
benchmark,6184,q2_all_users,23.980799999999999,200,True,
benchmark,6185,q3_user_by_login,1.0111000000000001,1,True,
benchmark,6186,q4_sellers_rating,71.875200000000007,100,True,
benchmark,6187,q5_orders_offset,114.1555,50,True,
benchmark,6188,q6_products_by_seller,0.75449999999999995,0,True,
benchmark,6189,q7_products_join_sellers,0.88009999999999999,0,True,
benchmark,6190,q8_order_items_join_products,1.4578,1,True,
benchmark,6191,q9_orders_items_products_by_user,0.3095,0,True,
benchmark,6192,q10_top_sellers_qty,496.17489999999998,20,True,
benchmark,6193,q11_top_categories,0.60699999999999998,0,True,
benchmark,6194,q1_user_by_id,0.78700000000000003,1,True,
benchmark,6195,q2_all_users,38.489699999999999,200,True,
benchmark,6196,q3_user_by_login,1.0831999999999999,1,True,
benchmark,6197,q4_sellers_rating,91.363799999999998,100,True,
benchmark,6198,q5_orders_offset,77.849800000000002,50,True,
benchmark,6199,q6_products_by_seller,0.78149999999999997,3,True,
benchmark,6200,q7_products_join_sellers,0.83499999999999996,3,True,
benchmark,6201,q8_order_items_join_products,1.2997000000000001,1,True,
benchmark,6202,q9_orders_items_products_by_user,2.0829,5,True,
benchmark,6203,q10_top_sellers_qty,499.94479999999999,20,True,
benchmark,6204,q11_top_categories,1.4714,0,True,
benchmark,6205,q1_user_by_id,0.87849999999999995,1,True,
benchmark,6206,q2_all_users,25.920500000000001,200,True,
benchmark,6207,q3_user_by_login,0.79390000000000005,1,True,
benchmark,6208,q4_sellers_rating,79.015299999999996,100,True,
benchmark,6209,q5_orders_offset,95.930400000000006,50,True,
benchmark,6210,q6_products_by_seller,0.74209999999999998,1,True,
benchmark,6211,q7_products_join_sellers,0.86270000000000002,1,True,
benchmark,6212,q8_order_items_join_products,1.2612000000000001,4,True,
benchmark,6213,q9_orders_items_products_by_user,0.19089999999999999,0,True,
benchmark,6214,q10_top_sellers_qty,406.5856,20,True,
benchmark,6215,q11_top_categories,0.8579,0,True,
benchmark,6216,q1_user_by_id,0.81140000000000001,1,True,
benchmark,6217,q2_all_users,19.849599999999999,200,True,
benchmark,6218,q3_user_by_login,1.4517,1,True,
benchmark,6219,q4_sellers_rating,65.904499999999999,100,True,
benchmark,6220,q5_orders_offset,64.330200000000005,50,True,
benchmark,6221,q6_products_by_seller,0.79059999999999997,2,True,
benchmark,6222,q7_products_join_sellers,0.99929999999999997,2,True,
benchmark,6223,q8_order_items_join_products,0.75670000000000004,4,True,
benchmark,6224,q9_orders_items_products_by_user,0.1434,0,True,
benchmark,6225,q10_top_sellers_qty,515.54290000000003,20,True,
benchmark,6226,q11_top_categories,0.62839999999999996,0,True,
benchmark,6227,q1_user_by_id,0.61119999999999997,1,True,
benchmark,6228,q2_all_users,12.702500000000001,200,True,
benchmark,6229,q3_user_by_login,0.5917,1,True,
benchmark,6230,q4_sellers_rating,102.69710000000001,100,True,
benchmark,6231,q5_orders_offset,57.399299999999997,50,True,
benchmark,6232,q6_products_by_seller,0.79049999999999998,0,True,
benchmark,6233,q7_products_join_sellers,0.80779999999999996,0,True,
benchmark,6234,q8_order_items_join_products,0.87,4,True,
benchmark,6235,q9_orders_items_products_by_user,15.452199999999999,3,True,
benchmark,6236,q10_top_sellers_qty,408.95979999999997,20,True,
benchmark,6237,q11_top_categories,0.71999999999999997,0,True,
benchmark,6238,q1_user_by_id,0.98480000000000001,1,True,
benchmark,6239,q2_all_users,36.262799999999999,200,True,
benchmark,6240,q3_user_by_login,1.0156000000000001,1,True,
benchmark,6241,q4_sellers_rating,130.15889999999999,100,True,
benchmark,6242,q5_orders_offset,88.115799999999993,50,True,
benchmark,6243,q6_products_by_seller,0.57750000000000001,2,True,
benchmark,6244,q7_products_join_sellers,1.6939,2,True,
benchmark,6245,q8_order_items_join_products,1.1841999999999999,5,True,
benchmark,6246,q9_orders_items_products_by_user,8.077,4,True,
benchmark,6247,q10_top_sellers_qty,292.30410000000001,20,True,
benchmark,6248,q11_top_categories,0.2994,0,True,
benchmark,6249,q1_user_by_id,0.23699999999999999,1,True,
benchmark,6250,q2_all_users,5.3343999999999996,200,True,
benchmark,6251,q3_user_by_login,0.2145,1,True,
benchmark,6252,q4_sellers_rating,45.393000000000001,100,True,
benchmark,6253,q5_orders_offset,18.333200000000001,50,True,
benchmark,6254,q6_products_by_seller,0.25969999999999999,1,True,
benchmark,6255,q7_products_join_sellers,0.34599999999999997,1,True,
benchmark,6256,q8_order_items_join_products,0.42599999999999999,5,True,
benchmark,6257,q9_orders_items_products_by_user,0.2112,0,True,
benchmark,6258,q10_top_sellers_qty,102.5136,20,True,
benchmark,6259,q11_top_categories,0.19939999999999999,0,True,
benchmark,6260,q1_user_by_id,0.25750000000000001,1,True,
benchmark,6261,q2_all_users,8.9474,200,True,
benchmark,6262,q3_user_by_login,0.22389999999999999,1,True,
benchmark,6263,q4_sellers_rating,46.834000000000003,100,True,
benchmark,6264,q5_orders_offset,15.2529,50,True,
benchmark,6265,q6_products_by_seller,0.15090000000000001,0,True,
benchmark,6266,q7_products_join_sellers,0.19800000000000001,0,True,
benchmark,6267,q8_order_items_join_products,0.4042,3,True,
benchmark,6268,q9_orders_items_products_by_user,0.075399999999999995,0,True,
benchmark,6269,q10_top_sellers_qty,106.6614,20,True,
benchmark,6270,q11_top_categories,0.22570000000000001,0,True,
benchmark,6271,q1_user_by_id,0.2442,1,True,
benchmark,6272,q2_all_users,5.5410000000000004,200,True,
benchmark,6273,q3_user_by_login,0.2147,1,True,
benchmark,6274,q4_sellers_rating,42.383000000000003,100,True,
benchmark,6275,q5_orders_offset,15.5787,50,True,
benchmark,6276,q6_products_by_seller,0.13800000000000001,0,True,
benchmark,6277,q7_products_join_sellers,0.20519999999999999,0,True,
benchmark,6278,q8_order_items_join_products,0.40920000000000001,3,True,
benchmark,6279,q9_orders_items_products_by_user,0.61699999999999999,5,True,
benchmark,6280,q10_top_sellers_qty,118.82980000000001,20,True,
benchmark,6281,q11_top_categories,0.2752,0,True,
benchmark,6282,q1_user_by_id,0.29060000000000002,1,True,
benchmark,6283,q2_all_users,5.6294000000000004,200,True,
benchmark,6284,q3_user_by_login,0.28100000000000003,1,True,
benchmark,6285,q4_sellers_rating,45.053699999999999,100,True,
benchmark,6286,q5_orders_offset,15.552,50,True,
benchmark,6287,q6_products_by_seller,0.14799999999999999,0,True,
benchmark,6288,q7_products_join_sellers,0.21829999999999999,0,True,
benchmark,6289,q8_order_items_join_products,0.4965,3,True,
benchmark,6290,q9_orders_items_products_by_user,0.7974,4,True,
benchmark,6291,q10_top_sellers_qty,109.361,20,True,
benchmark,6292,q11_top_categories,0.219,0,True,
benchmark,6293,q1_user_by_id,0.2467,1,True,
benchmark,6294,q2_all_users,5.8696000000000002,200,True,
benchmark,6295,q3_user_by_login,0.28620000000000001,1,True,
benchmark,6296,q4_sellers_rating,45.356000000000002,100,True,
benchmark,6297,q5_orders_offset,16.047799999999999,50,True,
benchmark,6298,q6_products_by_seller,0.2379,2,True,
benchmark,6299,q7_products_join_sellers,0.36020000000000002,2,True,
benchmark,6300,q8_order_items_join_products,0.43540000000000001,1,True,
benchmark,6301,q9_orders_items_products_by_user,1.1572,10,True,
benchmark,6302,q10_top_sellers_qty,107.0432,20,True,
benchmark,6303,q11_top_categories,0.19939999999999999,0,True,
benchmark,6304,q1_user_by_id,0.2767,1,True,
benchmark,6305,q2_all_users,11.550000000000001,200,True,
benchmark,6306,q3_user_by_login,0.40489999999999998,1,True,
benchmark,6307,q4_sellers_rating,43.053899999999999,100,True,
benchmark,6308,q5_orders_offset,16.1403,50,True,
benchmark,6309,q6_products_by_seller,0.155,0,True,
benchmark,6310,q7_products_join_sellers,0.2039,0,True,
benchmark,6311,q8_order_items_join_products,0.42020000000000002,1,True,
benchmark,6312,q9_orders_items_products_by_user,0.63419999999999999,5,True,
benchmark,6313,q10_top_sellers_qty,99.593800000000002,20,True,
benchmark,6314,q11_top_categories,0.21809999999999999,0,True,
benchmark,6315,q1_user_by_id,0.28920000000000001,1,True,
benchmark,6316,q2_all_users,6.7675999999999998,200,True,
benchmark,6317,q3_user_by_login,0.27650000000000002,1,True,
benchmark,6318,q4_sellers_rating,42.984200000000001,100,True,
benchmark,6319,q5_orders_offset,15.777799999999999,50,True,
benchmark,6320,q6_products_by_seller,0.21129999999999999,1,True,
benchmark,6321,q7_products_join_sellers,0.3377,1,True,
benchmark,6322,q8_order_items_join_products,0.40279999999999999,3,True,
benchmark,6323,q9_orders_items_products_by_user,0.31369999999999998,0,True,
benchmark,6324,q10_top_sellers_qty,115.7009,20,True,
benchmark,6325,q11_top_categories,0.22320000000000001,0,True,
benchmark,6326,q1_user_by_id,0.22639999999999999,1,True,
benchmark,6327,q2_all_users,5.335,200,True,
benchmark,6328,q3_user_by_login,0.21329999999999999,1,True,
benchmark,6329,q4_sellers_rating,41.471499999999999,100,True,
benchmark,6330,q5_orders_offset,15.8477,50,True,
benchmark,6331,q6_products_by_seller,0.2177,1,True,
benchmark,6332,q7_products_join_sellers,0.3397,1,True,
benchmark,6333,q8_order_items_join_products,0.38500000000000001,2,True,
benchmark,6334,q9_orders_items_products_by_user,0.35720000000000002,0,True,
benchmark,6335,q10_top_sellers_qty,110.4978,20,True,
benchmark,6336,q11_top_categories,0.2034,0,True,
benchmark,6337,q1_user_by_id,0.22409999999999999,1,True,
benchmark,6338,q2_all_users,8.5086999999999993,200,True,
benchmark,6339,q3_user_by_login,0.27629999999999999,1,True,
benchmark,6340,q4_sellers_rating,57.0244,100,True,
benchmark,6341,q5_orders_offset,16.1873,50,True,
benchmark,6342,q6_products_by_seller,0.15079999999999999,0,True,
benchmark,6343,q7_products_join_sellers,0.1915,0,True,
benchmark,6344,q8_order_items_join_products,0.4083,2,True,
benchmark,6345,q9_orders_items_products_by_user,0.085199999999999998,0,True,
benchmark,6346,q10_top_sellers_qty,125.9922,20,True,
benchmark,6347,q11_top_categories,0.98960000000000004,0,True,
benchmark,6348,q1_user_by_id,0.30030000000000001,1,True,
benchmark,6349,q2_all_users,6.4440999999999997,200,True,
benchmark,6350,q3_user_by_login,0.34999999999999998,1,True,
benchmark,6351,q4_sellers_rating,48.717599999999997,100,True,
benchmark,6352,q5_orders_offset,15.9869,50,True,
benchmark,6353,q6_products_by_seller,0.2298,2,True,
benchmark,6354,q7_products_join_sellers,0.34350000000000003,2,True,
benchmark,6355,q8_order_items_join_products,0.44330000000000003,4,True,
benchmark,6356,q9_orders_items_products_by_user,0.32100000000000001,0,True,
benchmark,6357,q10_top_sellers_qty,108.8167,20,True,
benchmark,6358,q11_top_categories,0.26719999999999999,0,True,
benchmark,6359,q1_user_by_id,0.33239999999999997,1,True,
benchmark,6360,q2_all_users,5.5810000000000004,200,True,
benchmark,6361,q3_user_by_login,0.22620000000000001,1,True,
benchmark,6362,q4_sellers_rating,41.505899999999997,100,True,
benchmark,6363,q5_orders_offset,15.8773,50,True,
benchmark,6364,q6_products_by_seller,0.1522,0,True,
benchmark,6365,q7_products_join_sellers,0.20480000000000001,0,True,
benchmark,6366,q8_order_items_join_products,0.4385,4,True,
benchmark,6367,q9_orders_items_products_by_user,0.1447,0,True,
benchmark,6368,q10_top_sellers_qty,97.791300000000007,20,True,
benchmark,6369,q11_top_categories,0.2253,0,True,
benchmark,6370,q1_user_by_id,0.26950000000000002,1,True,
benchmark,6371,q2_all_users,5.5197000000000003,200,True,
benchmark,6372,q3_user_by_login,0.29110000000000003,1,True,
benchmark,6373,q4_sellers_rating,42.569499999999998,100,True,
benchmark,6374,q5_orders_offset,18.389500000000002,50,True,
benchmark,6375,q6_products_by_seller,0.24210000000000001,1,True,
benchmark,6376,q7_products_join_sellers,0.38979999999999998,1,True,
benchmark,6377,q8_order_items_join_products,0.376,1,True,
benchmark,6378,q9_orders_items_products_by_user,0.077200000000000005,0,True,
benchmark,6379,q10_top_sellers_qty,109.628,20,True,
benchmark,6380,q11_top_categories,0.79349999999999998,0,True,
benchmark,6381,q1_user_by_id,2.3624000000000001,1,True,
benchmark,6382,q2_all_users,10.714700000000001,200,True,
benchmark,6383,q3_user_by_login,0.34599999999999997,1,True,
benchmark,6384,q4_sellers_rating,52.252000000000002,100,True,
benchmark,6385,q5_orders_offset,15.6776,50,True,
benchmark,6386,q6_products_by_seller,0.25540000000000002,1,True,
benchmark,6387,q7_products_join_sellers,0.32990000000000003,1,True,
benchmark,6388,q8_order_items_join_products,0.38529999999999998,2,True,
benchmark,6389,q9_orders_items_products_by_user,0.79010000000000002,5,True,
benchmark,6390,q10_top_sellers_qty,111.5547,20,True,
benchmark,6391,q11_top_categories,0.23080000000000001,0,True,
benchmark,6392,q1_user_by_id,0.28839999999999999,1,True,
benchmark,6393,q2_all_users,8.5444999999999993,200,True,
benchmark,6394,q3_user_by_login,0.3261,1,True,
benchmark,6395,q4_sellers_rating,53.252000000000002,100,True,
benchmark,6396,q5_orders_offset,15.768700000000001,50,True,
benchmark,6397,q6_products_by_seller,0.23250000000000001,2,True,
benchmark,6398,q7_products_join_sellers,0.35959999999999998,2,True,
benchmark,6399,q8_order_items_join_products,0.42399999999999999,4,True,
benchmark,6400,q9_orders_items_products_by_user,0.076999999999999999,0,True,
benchmark,6401,q10_top_sellers_qty,113.4868,20,True,
benchmark,6402,q11_top_categories,0.23080000000000001,0,True,
benchmark,6403,q1_user_by_id,0.21709999999999999,1,True,
benchmark,6404,q2_all_users,5.5887000000000002,200,True,
benchmark,6405,q3_user_by_login,0.25440000000000002,1,True,
benchmark,6406,q4_sellers_rating,44.7834,100,True,
benchmark,6407,q5_orders_offset,15.8742,50,True,
benchmark,6408,q6_products_by_seller,0.23569999999999999,2,True,
benchmark,6409,q7_products_join_sellers,0.37919999999999998,2,True,
benchmark,6410,q8_order_items_join_products,0.43940000000000001,4,True,
benchmark,6411,q9_orders_items_products_by_user,0.088700000000000001,0,True,
benchmark,6412,q10_top_sellers_qty,117.9872,20,True,
benchmark,6413,q11_top_categories,0.20480000000000001,0,True,
benchmark,6414,q1_user_by_id,0.32719999999999999,1,True,
benchmark,6415,q2_all_users,5.5140000000000002,200,True,
benchmark,6416,q3_user_by_login,0.24979999999999999,1,True,
benchmark,6417,q4_sellers_rating,46.343600000000002,100,True,
benchmark,6418,q5_orders_offset,15.6319,50,True,
benchmark,6419,q6_products_by_seller,0.30649999999999999,4,True,
benchmark,6420,q7_products_join_sellers,0.41670000000000001,4,True,
benchmark,6421,q8_order_items_join_products,0.42330000000000001,3,True,
benchmark,6422,q9_orders_items_products_by_user,0.23050000000000001,0,True,
benchmark,6423,q10_top_sellers_qty,109.8558,20,True,
benchmark,6424,q11_top_categories,0.2077,0,True,
benchmark,6425,q1_user_by_id,0.20380000000000001,1,True,
benchmark,6426,q2_all_users,8.4354999999999993,200,True,
benchmark,6427,q3_user_by_login,0.27550000000000002,1,True,
benchmark,6428,q4_sellers_rating,44.116900000000001,100,True,
benchmark,6429,q5_orders_offset,15.839399999999999,50,True,
benchmark,6430,q6_products_by_seller,0.23799999999999999,2,True,
benchmark,6431,q7_products_join_sellers,0.3417,2,True,
benchmark,6432,q8_order_items_join_products,0.3982,4,True,
benchmark,6433,q9_orders_items_products_by_user,0.2233,0,True,
benchmark,6434,q10_top_sellers_qty,98.396100000000004,20,True,
benchmark,6435,q11_top_categories,0.22090000000000001,0,True,
benchmark,6436,q1_user_by_id,0.27750000000000002,1,True,
benchmark,6437,q2_all_users,5.8194999999999997,200,True,
benchmark,6438,q3_user_by_login,0.21859999999999999,1,True,
benchmark,6439,q4_sellers_rating,42.633800000000001,100,True,
benchmark,6440,q5_orders_offset,15.7407,50,True,
benchmark,6441,q6_products_by_seller,0.14649999999999999,0,True,
benchmark,6442,q7_products_join_sellers,0.19670000000000001,0,True,
benchmark,6443,q8_order_items_join_products,0.4335,5,True,
benchmark,6444,q9_orders_items_products_by_user,0.34499999999999997,0,True,
benchmark,6445,q10_top_sellers_qty,113.18000000000001,20,True,
benchmark,6446,q11_top_categories,0.19989999999999999,0,True,
benchmark,6447,q1_user_by_id,0.21340000000000001,1,True,
benchmark,6448,q2_all_users,6.1565000000000003,200,True,
benchmark,6449,q3_user_by_login,0.30030000000000001,1,True,
benchmark,6450,q4_sellers_rating,47.732799999999997,100,True,
benchmark,6451,q5_orders_offset,25.517900000000001,50,True,
benchmark,6452,q6_products_by_seller,0.1875,0,True,
benchmark,6453,q7_products_join_sellers,0.58399999999999996,0,True,
benchmark,6454,q8_order_items_join_products,0.41649999999999998,2,True,
benchmark,6455,q9_orders_items_products_by_user,0.22559999999999999,0,True,
benchmark,6456,q10_top_sellers_qty,145.0676,20,True,
benchmark,6457,q11_top_categories,0.43149999999999999,0,True,
benchmark,6458,q1_user_by_id,0.59409999999999996,1,True,
benchmark,6459,q2_all_users,10.1668,200,True,
benchmark,6460,q3_user_by_login,0.32600000000000001,1,True,
benchmark,6461,q4_sellers_rating,75.041700000000006,100,True,
benchmark,6462,q5_orders_offset,22.804400000000001,50,True,
benchmark,6463,q6_products_by_seller,0.32100000000000001,2,True,
benchmark,6464,q7_products_join_sellers,0.43269999999999997,2,True,
benchmark,6465,q8_order_items_join_products,0.46660000000000001,3,True,
benchmark,6466,q9_orders_items_products_by_user,0.1109,0,True,
benchmark,6467,q10_top_sellers_qty,125.7778,20,True,
benchmark,6468,q11_top_categories,0.19900000000000001,0,True,
benchmark,6469,q1_user_by_id,0.25609999999999999,1,True,
benchmark,6470,q2_all_users,8.4741,200,True,
benchmark,6471,q3_user_by_login,0.23980000000000001,1,True,
benchmark,6472,q4_sellers_rating,56.025399999999998,100,True,
benchmark,6473,q5_orders_offset,16.2302,50,True,
benchmark,6474,q6_products_by_seller,0.2132,1,True,
benchmark,6475,q7_products_join_sellers,0.33179999999999998,1,True,
benchmark,6476,q8_order_items_join_products,0.38869999999999999,2,True,
benchmark,6477,q9_orders_items_products_by_user,0.078799999999999995,0,True,
benchmark,6478,q10_top_sellers_qty,105.1695,20,True,
benchmark,6479,q11_top_categories,0.21249999999999999,0,True,
benchmark,6480,q1_user_by_id,0.3165,1,True,
benchmark,6481,q2_all_users,8.3476999999999997,200,True,
benchmark,6482,q3_user_by_login,0.35249999999999998,1,True,
benchmark,6483,q4_sellers_rating,131.905,100,True,
benchmark,6484,q5_orders_offset,20.137599999999999,50,True,
benchmark,6485,q6_products_by_seller,0.37209999999999999,2,True,
benchmark,6486,q7_products_join_sellers,0.44069999999999998,2,True,
benchmark,6487,q8_order_items_join_products,0.40410000000000001,2,True,
benchmark,6488,q9_orders_items_products_by_user,0.087900000000000006,0,True,
benchmark,6489,q10_top_sellers_qty,143.74100000000001,20,True,
benchmark,6490,q11_top_categories,0.2752,0,True,
benchmark,6491,q1_user_by_id,0.24229999999999999,1,True,
benchmark,6492,q2_all_users,7.0812999999999997,200,True,
benchmark,6493,q3_user_by_login,0.31859999999999999,1,True,
benchmark,6494,q4_sellers_rating,47.159500000000001,100,True,
benchmark,6495,q5_orders_offset,18.937999999999999,50,True,
benchmark,6496,q6_products_by_seller,0.2432,2,True,
benchmark,6497,q7_products_join_sellers,0.36399999999999999,2,True,
benchmark,6498,q8_order_items_join_products,0.40250000000000002,1,True,
benchmark,6499,q9_orders_items_products_by_user,0.44650000000000001,2,True,
benchmark,6500,q10_top_sellers_qty,110.4315,20,True,
benchmark,6501,q11_top_categories,0.2258,0,True,
benchmark,6502,q1_user_by_id,0.2311,1,True,
benchmark,6503,q2_all_users,9.1422000000000008,200,True,
benchmark,6504,q3_user_by_login,3.3786999999999998,1,True,
benchmark,6505,q4_sellers_rating,47.618600000000001,100,True,
benchmark,6506,q5_orders_offset,15.799899999999999,50,True,
benchmark,6507,q6_products_by_seller,0.1699,0,True,
benchmark,6508,q7_products_join_sellers,0.1956,0,True,
benchmark,6509,q8_order_items_join_products,0.37180000000000002,2,True,
benchmark,6510,q9_orders_items_products_by_user,0.081900000000000001,0,True,
benchmark,6511,q10_top_sellers_qty,107.1512,20,True,
benchmark,6512,q11_top_categories,0.23300000000000001,0,True,
benchmark,6513,q1_user_by_id,0.2266,1,True,
benchmark,6514,q2_all_users,7.9219999999999997,200,True,
benchmark,6515,q3_user_by_login,0.20910000000000001,1,True,
benchmark,6516,q4_sellers_rating,47.124299999999998,100,True,
benchmark,6517,q5_orders_offset,16.351299999999998,50,True,
benchmark,6518,q6_products_by_seller,0.19539999999999999,2,True,
benchmark,6519,q7_products_join_sellers,0.28520000000000001,2,True,
benchmark,6520,q8_order_items_join_products,0.32319999999999999,1,True,
benchmark,6521,q9_orders_items_products_by_user,0.47799999999999998,3,True,
benchmark,6522,q10_top_sellers_qty,121.7509,20,True,
benchmark,6523,q11_top_categories,0.22259999999999999,0,True,
benchmark,6524,q1_user_by_id,0.2026,1,True,
benchmark,6525,q2_all_users,6.0395000000000003,200,True,
benchmark,6526,q3_user_by_login,0.32829999999999998,1,True,
benchmark,6527,q4_sellers_rating,48.994799999999998,100,True,
benchmark,6528,q5_orders_offset,16.175999999999998,50,True,
benchmark,6529,q6_products_by_seller,0.224,1,True,
benchmark,6530,q7_products_join_sellers,0.35199999999999998,1,True,
benchmark,6531,q8_order_items_join_products,0.40439999999999998,2,True,
benchmark,6532,q9_orders_items_products_by_user,0.20519999999999999,0,True,
benchmark,6533,q10_top_sellers_qty,135.53059999999999,20,True,
benchmark,6534,q11_top_categories,5.0109000000000004,0,True,
benchmark,6535,q1_user_by_id,0.29449999999999998,1,True,
benchmark,6536,q2_all_users,8.1928000000000001,200,True,
benchmark,6537,q3_user_by_login,0.94569999999999999,1,True,
benchmark,6538,q4_sellers_rating,53.040199999999999,100,True,
benchmark,6539,q5_orders_offset,15.995699999999999,50,True,
benchmark,6540,q6_products_by_seller,0.23069999999999999,2,True,
benchmark,6541,q7_products_join_sellers,0.35320000000000001,2,True,
benchmark,6542,q8_order_items_join_products,0.41349999999999998,4,True,
benchmark,6543,q9_orders_items_products_by_user,0.089800000000000005,0,True,
benchmark,6544,q10_top_sellers_qty,121.9735,20,True,
benchmark,6545,q11_top_categories,0.30880000000000002,0,True,
benchmark,6546,q1_user_by_id,0.23719999999999999,1,True,
benchmark,6547,q2_all_users,6.7245999999999997,200,True,
benchmark,6548,q3_user_by_login,0.31840000000000002,1,True,
benchmark,6549,q4_sellers_rating,48.922600000000003,100,True,
benchmark,6550,q5_orders_offset,15.7967,50,True,
benchmark,6551,q6_products_by_seller,0.1729,0,True,
benchmark,6552,q7_products_join_sellers,0.20630000000000001,0,True,
benchmark,6553,q8_order_items_join_products,0.38619999999999999,3,True,
benchmark,6554,q9_orders_items_products_by_user,0.21190000000000001,0,True,
benchmark,6555,q10_top_sellers_qty,118.8327,20,True,
benchmark,6556,q11_top_categories,0.20369999999999999,0,True,
benchmark,6557,q1_user_by_id,0.2555,1,True,
benchmark,6558,q2_all_users,5.4714999999999998,200,True,
benchmark,6559,q3_user_by_login,0.30270000000000002,1,True,
benchmark,6560,q4_sellers_rating,51.568199999999997,100,True,
benchmark,6561,q5_orders_offset,16.254200000000001,50,True,
benchmark,6562,q6_products_by_seller,0.2349,1,True,
benchmark,6563,q7_products_join_sellers,0.3503,1,True,
benchmark,6564,q8_order_items_join_products,0.41349999999999998,2,True,
benchmark,6565,q9_orders_items_products_by_user,0.081699999999999995,0,True,
benchmark,6566,q10_top_sellers_qty,116.98480000000001,20,True,
benchmark,6567,q11_top_categories,0.19650000000000001,0,True,
benchmark,6568,q1_user_by_id,0.38869999999999999,1,True,
benchmark,6569,q2_all_users,6.0434000000000001,200,True,
benchmark,6570,q3_user_by_login,0.28460000000000002,1,True,
benchmark,6571,q4_sellers_rating,46.880400000000002,100,True,
benchmark,6572,q5_orders_offset,25.467500000000001,50,True,
benchmark,6573,q6_products_by_seller,0.1729,0,True,
benchmark,6574,q7_products_join_sellers,0.1913,0,True,
benchmark,6575,q8_order_items_join_products,0.40820000000000001,1,True,
benchmark,6576,q9_orders_items_products_by_user,0.63939999999999997,5,True,
benchmark,6577,q10_top_sellers_qty,107.48399999999999,20,True,
benchmark,6578,q11_top_categories,0.2218,0,True,
benchmark,6579,q1_user_by_id,0.19969999999999999,1,True,
benchmark,6580,q2_all_users,8.7372999999999994,200,True,
benchmark,6581,q3_user_by_login,0.31130000000000002,1,True,
benchmark,6582,q4_sellers_rating,44.091500000000003,100,True,
benchmark,6583,q5_orders_offset,15.9497,50,True,
benchmark,6584,q6_products_by_seller,0.22509999999999999,2,True,
benchmark,6585,q7_products_join_sellers,0.35799999999999998,2,True,
benchmark,6586,q8_order_items_join_products,0.3977,3,True,
benchmark,6587,q9_orders_items_products_by_user,0.080799999999999997,0,True,
benchmark,6588,q10_top_sellers_qty,110.18510000000001,20,True,
benchmark,6589,q11_top_categories,0.24210000000000001,0,True,
benchmark,6590,q1_user_by_id,0.25679999999999997,1,True,
benchmark,6591,q2_all_users,8.1875,200,True,
benchmark,6592,q3_user_by_login,0.31869999999999998,1,True,
benchmark,6593,q4_sellers_rating,46.383499999999998,100,True,
benchmark,6594,q5_orders_offset,15.7986,50,True,
benchmark,6595,q6_products_by_seller,0.1678,0,True,
benchmark,6596,q7_products_join_sellers,0.215,0,True,
benchmark,6597,q8_order_items_join_products,0.45040000000000002,4,True,
benchmark,6598,q9_orders_items_products_by_user,0.41560000000000002,2,True,
benchmark,6599,q10_top_sellers_qty,97.2804,20,True,
benchmark,6600,q11_top_categories,0.20899999999999999,0,True,
benchmark,6601,q1_user_by_id,0.2082,1,True,
benchmark,6602,q2_all_users,5.2445000000000004,200,True,
benchmark,6603,q3_user_by_login,0.23499999999999999,1,True,
benchmark,6604,q4_sellers_rating,37.676000000000002,100,True,
benchmark,6605,q5_orders_offset,15.7697,50,True,
benchmark,6606,q6_products_by_seller,0.19969999999999999,1,True,
benchmark,6607,q7_products_join_sellers,0.34289999999999998,1,True,
benchmark,6608,q8_order_items_join_products,0.38900000000000001,3,True,
benchmark,6609,q9_orders_items_products_by_user,0.24940000000000001,0,True,
benchmark,6610,q10_top_sellers_qty,115.6529,20,True,
benchmark,6611,q11_top_categories,0.32819999999999999,0,True,
benchmark,6612,q1_user_by_id,0.28899999999999998,1,True,
benchmark,6613,q2_all_users,7.8811999999999998,200,True,
benchmark,6614,q3_user_by_login,0.3115,1,True,
benchmark,6615,q4_sellers_rating,43.343000000000004,100,True,
benchmark,6616,q5_orders_offset,19.1751,50,True,
benchmark,6617,q6_products_by_seller,0.2392,1,True,
benchmark,6618,q7_products_join_sellers,0.37669999999999998,1,True,
benchmark,6619,q8_order_items_join_products,0.40999999999999998,1,True,
benchmark,6620,q9_orders_items_products_by_user,0.32469999999999999,0,True,
benchmark,6621,q10_top_sellers_qty,99.6036,20,True,
benchmark,6622,q11_top_categories,0.21249999999999999,0,True,
benchmark,6623,q1_user_by_id,0.1966,1,True,
benchmark,6624,q2_all_users,7.9980000000000002,200,True,
benchmark,6625,q3_user_by_login,0.24690000000000001,1,True,
benchmark,6626,q4_sellers_rating,41.759999999999998,100,True,
benchmark,6627,q5_orders_offset,15.9444,50,True,
benchmark,6628,q6_products_by_seller,0.21709999999999999,1,True,
benchmark,6629,q7_products_join_sellers,0.33079999999999998,1,True,
benchmark,6630,q8_order_items_join_products,0.38200000000000001,1,True,
benchmark,6631,q9_orders_items_products_by_user,0.078299999999999995,0,True,
benchmark,6632,q10_top_sellers_qty,106.2607,20,True,
benchmark,6633,q11_top_categories,0.2034,0,True,
benchmark,6634,q1_user_by_id,0.24229999999999999,1,True,
benchmark,6635,q2_all_users,10.1081,200,True,
benchmark,6636,q3_user_by_login,0.2102,1,True,
benchmark,6637,q4_sellers_rating,42.898000000000003,100,True,
benchmark,6638,q5_orders_offset,16.101900000000001,50,True,
benchmark,6639,q6_products_by_seller,0.2278,2,True,
benchmark,6640,q7_products_join_sellers,0.34739999999999999,2,True,
benchmark,6641,q8_order_items_join_products,0.37980000000000003,2,True,
benchmark,6642,q9_orders_items_products_by_user,0.23050000000000001,0,True,
benchmark,6643,q10_top_sellers_qty,104.2923,20,True,
benchmark,6644,q11_top_categories,0.20130000000000001,0,True,
benchmark,6645,q1_user_by_id,0.2031,1,True,
benchmark,6646,q2_all_users,6.2865000000000002,200,True,
benchmark,6647,q3_user_by_login,0.25130000000000002,1,True,
benchmark,6648,q4_sellers_rating,44.710299999999997,100,True,
benchmark,6649,q5_orders_offset,15.874499999999999,50,True,
benchmark,6650,q6_products_by_seller,0.1605,0,True,
benchmark,6651,q7_products_join_sellers,0.20269999999999999,0,True,
benchmark,6652,q8_order_items_join_products,0.4506,4,True,
benchmark,6653,q9_orders_items_products_by_user,0.2172,0,True,
benchmark,6654,q10_top_sellers_qty,111.28530000000001,20,True,
benchmark,6655,q11_top_categories,0.23810000000000001,0,True,
benchmark,6656,q1_user_by_id,0.2969,1,True,
benchmark,6657,q2_all_users,5.7436999999999996,200,True,
benchmark,6658,q3_user_by_login,0.24329999999999999,1,True,
benchmark,6659,q4_sellers_rating,42.8476,100,True,
benchmark,6660,q5_orders_offset,19.317699999999999,50,True,
benchmark,6661,q6_products_by_seller,0.24110000000000001,1,True,
benchmark,6662,q7_products_join_sellers,0.34100000000000003,1,True,
benchmark,6663,q8_order_items_join_products,0.40160000000000001,4,True,
benchmark,6664,q9_orders_items_products_by_user,0.079200000000000007,0,True,
benchmark,6665,q10_top_sellers_qty,100.1245,20,True,
benchmark,6666,q11_top_categories,0.20580000000000001,0,True,
benchmark,6667,q1_user_by_id,0.22170000000000001,1,True,
benchmark,6668,q2_all_users,5.5282,200,True,
benchmark,6669,q3_user_by_login,0.25059999999999999,1,True,
benchmark,6670,q4_sellers_rating,41.803199999999997,100,True,
benchmark,6671,q5_orders_offset,19.200800000000001,50,True,
benchmark,6672,q6_products_by_seller,0.2397,1,True,
benchmark,6673,q7_products_join_sellers,0.36720000000000003,1,True,
benchmark,6674,q8_order_items_join_products,0.39450000000000002,4,True,
benchmark,6675,q9_orders_items_products_by_user,0.081600000000000006,0,True,
benchmark,6676,q10_top_sellers_qty,101.81950000000001,20,True,
benchmark,6677,q11_top_categories,0.22819999999999999,0,True,
benchmark,6678,q1_user_by_id,0.28639999999999999,1,True,
benchmark,6679,q2_all_users,13.0137,200,True,
benchmark,6680,q3_user_by_login,0.2636,1,True,
benchmark,6681,q4_sellers_rating,45.5715,100,True,
benchmark,6682,q5_orders_offset,16.190200000000001,50,True,
benchmark,6683,q6_products_by_seller,0.2402,1,True,
benchmark,6684,q7_products_join_sellers,0.35870000000000002,1,True,
benchmark,6685,q8_order_items_join_products,0.4052,3,True,
benchmark,6686,q9_orders_items_products_by_user,1.0835999999999999,5,True,
benchmark,6687,q10_top_sellers_qty,102.44750000000001,20,True,
benchmark,6688,q11_top_categories,0.246,0,True,
benchmark,6689,q1_user_by_id,0.21990000000000001,1,True,
benchmark,6690,q2_all_users,6.0736999999999997,200,True,
benchmark,6691,q3_user_by_login,0.28120000000000001,1,True,
benchmark,6692,q4_sellers_rating,49.217500000000001,100,True,
benchmark,6693,q5_orders_offset,15.9556,50,True,
benchmark,6694,q6_products_by_seller,0.13980000000000001,0,True,
benchmark,6695,q7_products_join_sellers,0.21190000000000001,0,True,
benchmark,6696,q8_order_items_join_products,0.45450000000000002,4,True,
benchmark,6697,q9_orders_items_products_by_user,0.073200000000000001,0,True,
benchmark,6698,q10_top_sellers_qty,112.32850000000001,20,True,
benchmark,6699,q11_top_categories,0.17949999999999999,0,True,
benchmark,6700,q1_user_by_id,0.20319999999999999,1,True,
benchmark,6701,q2_all_users,6.0518000000000001,200,True,
benchmark,6702,q3_user_by_login,0.2722,1,True,
benchmark,6703,q4_sellers_rating,40.511800000000001,100,True,
benchmark,6704,q5_orders_offset,16.7182,50,True,
benchmark,6705,q6_products_by_seller,0.2301,1,True,
benchmark,6706,q7_products_join_sellers,0.35160000000000002,1,True,
benchmark,6707,q8_order_items_join_products,0.37890000000000001,2,True,
benchmark,6708,q9_orders_items_products_by_user,0.42320000000000002,2,True,
benchmark,6709,q10_top_sellers_qty,105.8095,20,True,
benchmark,6710,q11_top_categories,0.22670000000000001,0,True,
benchmark,6711,q1_user_by_id,0.2235,1,True,
benchmark,6712,q2_all_users,5.5815000000000001,200,True,
benchmark,6713,q3_user_by_login,0.2215,1,True,
benchmark,6714,q4_sellers_rating,44.376800000000003,100,True,
benchmark,6715,q5_orders_offset,15.912800000000001,50,True,
benchmark,6716,q6_products_by_seller,0.21970000000000001,1,True,
benchmark,6717,q7_products_join_sellers,0.35920000000000002,1,True,
benchmark,6718,q8_order_items_join_products,0.39810000000000001,4,True,
benchmark,6719,q9_orders_items_products_by_user,0.10829999999999999,0,True,
benchmark,6720,q10_top_sellers_qty,101.6073,20,True,
benchmark,6721,q11_top_categories,0.21879999999999999,0,True,
benchmark,6722,q1_user_by_id,0.21199999999999999,1,True,
benchmark,6723,q2_all_users,5.4642999999999997,200,True,
benchmark,6724,q3_user_by_login,0.24460000000000001,1,True,
benchmark,6725,q4_sellers_rating,42.816499999999998,100,True,
benchmark,6726,q5_orders_offset,20.954499999999999,50,True,
benchmark,6727,q6_products_by_seller,0.28289999999999998,4,True,
benchmark,6728,q7_products_join_sellers,0.36649999999999999,4,True,
benchmark,6729,q8_order_items_join_products,0.4592,3,True,
benchmark,6730,q9_orders_items_products_by_user,0.1086,0,True,
benchmark,6731,q10_top_sellers_qty,104.395,20,True,
benchmark,6732,q11_top_categories,0.27929999999999999,0,True,
benchmark,6733,q1_user_by_id,0.24560000000000001,1,True,
benchmark,6734,q2_all_users,13.1883,200,True,
benchmark,6735,q3_user_by_login,0.35799999999999998,1,True,
benchmark,6736,q4_sellers_rating,46.966999999999999,100,True,
benchmark,6737,q5_orders_offset,15.6982,50,True,
benchmark,6738,q6_products_by_seller,0.24390000000000001,4,True,
benchmark,6739,q7_products_join_sellers,0.37369999999999998,4,True,
benchmark,6740,q8_order_items_join_products,0.40550000000000003,5,True,
benchmark,6741,q9_orders_items_products_by_user,0.0814,0,True,
benchmark,6742,q10_top_sellers_qty,101.2975,20,True,
benchmark,6743,q11_top_categories,0.2117,0,True,
benchmark,6744,q1_user_by_id,0.23300000000000001,1,True,
benchmark,6745,q2_all_users,5.5223000000000004,200,True,
benchmark,6746,q3_user_by_login,0.26300000000000001,1,True,
benchmark,6747,q4_sellers_rating,41.223500000000001,100,True,
benchmark,6748,q5_orders_offset,15.8345,50,True,
benchmark,6749,q6_products_by_seller,0.23549999999999999,2,True,
benchmark,6750,q7_products_join_sellers,0.36720000000000003,2,True,
benchmark,6751,q8_order_items_join_products,0.42430000000000001,5,True,
benchmark,6752,q9_orders_items_products_by_user,1.3654999999999999,8,True,
benchmark,6753,q10_top_sellers_qty,113.4791,20,True,
benchmark,6754,q11_top_categories,0.34570000000000001,0,True,
benchmark,6755,q1_user_by_id,0.3019,1,True,
benchmark,6756,q2_all_users,5.7710999999999997,200,True,
benchmark,6757,q3_user_by_login,0.2112,1,True,
benchmark,6758,q4_sellers_rating,42.876800000000003,100,True,
benchmark,6759,q5_orders_offset,15.639200000000001,50,True,
benchmark,6760,q6_products_by_seller,0.14360000000000001,0,True,
benchmark,6761,q7_products_join_sellers,0.19470000000000001,0,True,
benchmark,6762,q8_order_items_join_products,0.377,1,True,
benchmark,6763,q9_orders_items_products_by_user,0.21290000000000001,0,True,
benchmark,6764,q10_top_sellers_qty,118.8584,20,True,
benchmark,6765,q11_top_categories,0.20180000000000001,0,True,
benchmark,6766,q1_user_by_id,0.2137,1,True,
benchmark,6767,q2_all_users,5.5692000000000004,200,True,
benchmark,6768,q3_user_by_login,0.28120000000000001,1,True,
benchmark,6769,q4_sellers_rating,48.196599999999997,100,True,
benchmark,6770,q5_orders_offset,15.8744,50,True,
benchmark,6771,q6_products_by_seller,0.1623,0,True,
benchmark,6772,q7_products_join_sellers,0.2044,0,True,
benchmark,6773,q8_order_items_join_products,0.3982,3,True,
benchmark,6774,q9_orders_items_products_by_user,0.080100000000000005,0,True,
benchmark,6775,q10_top_sellers_qty,117.254,20,True,
benchmark,6776,q11_top_categories,0.19819999999999999,0,True,
benchmark,6777,q1_user_by_id,0.31109999999999999,1,True,
benchmark,6778,q2_all_users,8.9890000000000008,200,True,
benchmark,6779,q3_user_by_login,0.28189999999999998,1,True,
benchmark,6780,q4_sellers_rating,44.878599999999999,100,True,
benchmark,6781,q5_orders_offset,15.542,50,True,
benchmark,6782,q6_products_by_seller,0.216,1,True,
benchmark,6783,q7_products_join_sellers,0.34710000000000002,1,True,
benchmark,6784,q8_order_items_join_products,0.40010000000000001,1,True,
benchmark,6785,q9_orders_items_products_by_user,0.078,0,True,
benchmark,6786,q10_top_sellers_qty,106.8137,20,True,
benchmark,6787,q11_top_categories,0.2172,0,True,
benchmark,6788,q1_user_by_id,0.21160000000000001,1,True,
benchmark,6789,q2_all_users,5.5433000000000003,200,True,
benchmark,6790,q3_user_by_login,0.2117,1,True,
benchmark,6791,q4_sellers_rating,41.816499999999998,100,True,
benchmark,6792,q5_orders_offset,15.8988,50,True,
benchmark,6793,q6_products_by_seller,0.12540000000000001,0,True,
benchmark,6794,q7_products_join_sellers,0.19950000000000001,0,True,
benchmark,6795,q8_order_items_join_products,0.38440000000000002,1,True,
benchmark,6796,q9_orders_items_products_by_user,0.90200000000000002,7,True,
benchmark,6797,q10_top_sellers_qty,101.4706,20,True,
benchmark,6798,q11_top_categories,0.22140000000000001,0,True,
benchmark,6799,q1_user_by_id,0.20999999999999999,1,True,
benchmark,6800,q2_all_users,5.4660000000000002,200,True,
benchmark,6801,q3_user_by_login,0.2576,1,True,
benchmark,6802,q4_sellers_rating,41.009099999999997,100,True,
benchmark,6803,q5_orders_offset,15.995699999999999,50,True,
benchmark,6804,q6_products_by_seller,0.14080000000000001,0,True,
benchmark,6805,q7_products_join_sellers,0.19919999999999999,0,True,
benchmark,6806,q8_order_items_join_products,0.40150000000000002,3,True,
benchmark,6807,q9_orders_items_products_by_user,0.0872,0,True,
benchmark,6808,q10_top_sellers_qty,106.2925,20,True,
benchmark,6809,q11_top_categories,0.19850000000000001,0,True,
benchmark,6810,q1_user_by_id,0.2334,1,True,
benchmark,6811,q2_all_users,5.4808000000000003,200,True,
benchmark,6812,q3_user_by_login,0.20319999999999999,1,True,
benchmark,6813,q4_sellers_rating,43.855200000000004,100,True,
benchmark,6814,q5_orders_offset,15.6835,50,True,
benchmark,6815,q6_products_by_seller,0.22839999999999999,3,True,
benchmark,6816,q7_products_join_sellers,0.3574,3,True,
benchmark,6817,q8_order_items_join_products,0.37940000000000002,1,True,
benchmark,6818,q9_orders_items_products_by_user,0.21079999999999999,0,True,
benchmark,6819,q10_top_sellers_qty,97.915899999999993,20,True,
benchmark,6820,q11_top_categories,0.19,0,True,
benchmark,6821,q1_user_by_id,0.2243,1,True,
benchmark,6822,q2_all_users,11.4198,200,True,
benchmark,6823,q3_user_by_login,0.20669999999999999,1,True,
benchmark,6824,q4_sellers_rating,42.205300000000001,100,True,
benchmark,6825,q5_orders_offset,15.869999999999999,50,True,
benchmark,6826,q6_products_by_seller,0.13489999999999999,0,True,
benchmark,6827,q7_products_join_sellers,0.1996,0,True,
benchmark,6828,q8_order_items_join_products,0.38950000000000001,5,True,
benchmark,6829,q9_orders_items_products_by_user,0.0683,0,True,
benchmark,6830,q10_top_sellers_qty,108.87309999999999,20,True,
benchmark,6831,q11_top_categories,0.20799999999999999,0,True,
benchmark,6832,q1_user_by_id,0.20960000000000001,1,True,
benchmark,6833,q2_all_users,5.4794999999999998,200,True,
benchmark,6834,q3_user_by_login,0.2157,1,True,
benchmark,6835,q4_sellers_rating,39.493499999999997,100,True,
benchmark,6836,q5_orders_offset,15.5647,50,True,
benchmark,6837,q6_products_by_seller,0.21310000000000001,1,True,
benchmark,6838,q7_products_join_sellers,0.33460000000000001,1,True,
benchmark,6839,q8_order_items_join_products,0.38200000000000001,3,True,
benchmark,6840,q9_orders_items_products_by_user,0.19819999999999999,0,True,
benchmark,6841,q10_top_sellers_qty,118.38800000000001,20,True,
benchmark,6842,q11_top_categories,0.19120000000000001,0,True,
benchmark,6843,q1_user_by_id,0.30349999999999999,1,True,
benchmark,6844,q2_all_users,5.9039000000000001,200,True,
benchmark,6845,q3_user_by_login,0.26979999999999998,1,True,
benchmark,6846,q4_sellers_rating,44.0822,100,True,
benchmark,6847,q5_orders_offset,15.7308,50,True,
benchmark,6848,q6_products_by_seller,0.1479,0,True,
benchmark,6849,q7_products_join_sellers,0.17899999999999999,0,True,
benchmark,6850,q8_order_items_join_products,0.3947,2,True,
benchmark,6851,q9_orders_items_products_by_user,0.066699999999999995,0,True,
benchmark,6852,q10_top_sellers_qty,106.3049,20,True,
benchmark,6853,q11_top_categories,0.2026,0,True,
benchmark,6854,q1_user_by_id,0.21249999999999999,1,True,
benchmark,6855,q2_all_users,8.9499999999999993,200,True,
benchmark,6856,q3_user_by_login,0.32790000000000002,1,True,
benchmark,6857,q4_sellers_rating,56.568199999999997,100,True,
benchmark,6858,q5_orders_offset,17.735800000000001,50,True,
benchmark,6859,q6_products_by_seller,0.17760000000000001,0,True,
benchmark,6860,q7_products_join_sellers,0.20810000000000001,0,True,
benchmark,6861,q8_order_items_join_products,0.50109999999999999,4,True,
benchmark,6862,q9_orders_items_products_by_user,0.78459999999999996,5,True,
benchmark,6863,q10_top_sellers_qty,189.26949999999999,20,True,
benchmark,6864,q11_top_categories,0.27750000000000002,0,True,
benchmark,6865,q1_user_by_id,0.27060000000000001,1,True,
benchmark,6866,q2_all_users,6.8437000000000001,200,True,
benchmark,6867,q3_user_by_login,0.2366,1,True,
benchmark,6868,q4_sellers_rating,49.589100000000002,100,True,
benchmark,6869,q5_orders_offset,19.084099999999999,50,True,
benchmark,6870,q6_products_by_seller,0.1623,0,True,
benchmark,6871,q7_products_join_sellers,0.2404,0,True,
benchmark,6872,q8_order_items_join_products,0.46810000000000002,2,True,
benchmark,6873,q9_orders_items_products_by_user,0.57950000000000002,3,True,
benchmark,6874,q10_top_sellers_qty,108.1955,20,True,
benchmark,6875,q11_top_categories,0.22700000000000001,0,True,
benchmark,6876,q1_user_by_id,0.2288,1,True,
benchmark,6877,q2_all_users,13.591799999999999,200,True,
benchmark,6878,q3_user_by_login,0.2195,1,True,
benchmark,6879,q4_sellers_rating,53.934399999999997,100,True,
benchmark,6880,q5_orders_offset,18.616099999999999,50,True,
benchmark,6881,q6_products_by_seller,0.15870000000000001,0,True,
benchmark,6882,q7_products_join_sellers,0.21199999999999999,0,True,
benchmark,6883,q8_order_items_join_products,0.41039999999999999,3,True,
benchmark,6884,q9_orders_items_products_by_user,0.076899999999999996,0,True,
benchmark,6885,q10_top_sellers_qty,110.7453,20,True,
benchmark,6886,q11_top_categories,5.4175000000000004,0,True,
benchmark,6887,q1_user_by_id,32.447200000000002,1,True,
benchmark,6888,q2_all_users,17.965399999999999,200,True,
benchmark,6889,q3_user_by_login,0.71709999999999996,1,True,
benchmark,6890,q4_sellers_rating,88.743200000000002,100,True,
benchmark,6891,q5_orders_offset,18.542999999999999,50,True,
benchmark,6892,q6_products_by_seller,0.34329999999999999,1,True,
benchmark,6893,q7_products_join_sellers,0.44359999999999999,1,True,
benchmark,6894,q8_order_items_join_products,0.56599999999999995,2,True,
benchmark,6895,q9_orders_items_products_by_user,0.1055,0,True,
benchmark,6896,q10_top_sellers_qty,127.8644,20,True,
benchmark,6897,q11_top_categories,0.23949999999999999,0,True,
benchmark,6898,q1_user_by_id,0.23069999999999999,1,True,
benchmark,6899,q2_all_users,5.7133000000000003,200,True,
benchmark,6900,q3_user_by_login,0.20180000000000001,1,True,
benchmark,6901,q4_sellers_rating,45.964599999999997,100,True,
benchmark,6902,q5_orders_offset,16.155999999999999,50,True,
benchmark,6903,q6_products_by_seller,0.25979999999999998,1,True,
benchmark,6904,q7_products_join_sellers,0.37609999999999999,1,True,
benchmark,6905,q8_order_items_join_products,0.44069999999999998,5,True,
benchmark,6906,q9_orders_items_products_by_user,0.098199999999999996,0,True,
benchmark,6907,q10_top_sellers_qty,109.5882,20,True,
benchmark,6908,q11_top_categories,0.24809999999999999,0,True,
benchmark,6909,q1_user_by_id,0.21629999999999999,1,True,
benchmark,6910,q2_all_users,5.7797000000000001,200,True,
benchmark,6911,q3_user_by_login,0.2868,1,True,
benchmark,6912,q4_sellers_rating,45.7714,100,True,
benchmark,6913,q5_orders_offset,15.917,50,True,
benchmark,6914,q6_products_by_seller,0.14580000000000001,0,True,
benchmark,6915,q7_products_join_sellers,0.20949999999999999,0,True,
benchmark,6916,q8_order_items_join_products,0.3987,3,True,
benchmark,6917,q9_orders_items_products_by_user,0.46529999999999999,2,True,
benchmark,6918,q10_top_sellers_qty,100.19199999999999,20,True,
benchmark,6919,q11_top_categories,0.20799999999999999,0,True,
benchmark,6920,q1_user_by_id,0.23960000000000001,1,True,
benchmark,6921,q2_all_users,5.6969000000000003,200,True,
benchmark,6922,q3_user_by_login,0.19700000000000001,1,True,
benchmark,6923,q4_sellers_rating,39.820799999999998,100,True,
benchmark,6924,q5_orders_offset,19.5672,50,True,
benchmark,6925,q6_products_by_seller,0.22509999999999999,2,True,
benchmark,6926,q7_products_join_sellers,0.33700000000000002,2,True,
benchmark,6927,q8_order_items_join_products,0.3896,5,True,
benchmark,6928,q9_orders_items_products_by_user,0.67330000000000001,5,True,
benchmark,6929,q10_top_sellers_qty,105.6872,20,True,
benchmark,6930,q11_top_categories,0.19969999999999999,0,True,
benchmark,6931,q1_user_by_id,0.26290000000000002,1,True,
benchmark,6932,q2_all_users,13.019500000000001,200,True,
benchmark,6933,q3_user_by_login,0.30990000000000001,1,True,
benchmark,6934,q4_sellers_rating,43.798900000000003,100,True,
benchmark,6935,q5_orders_offset,15.751099999999999,50,True,
benchmark,6936,q6_products_by_seller,0.13769999999999999,0,True,
benchmark,6937,q7_products_join_sellers,0.1923,0,True,
benchmark,6938,q8_order_items_join_products,0.39910000000000001,1,True,
benchmark,6939,q9_orders_items_products_by_user,0.2276,0,True,
benchmark,6940,q10_top_sellers_qty,107.6589,20,True,
benchmark,6941,q11_top_categories,0.2387,0,True,
benchmark,6942,q1_user_by_id,0.23549999999999999,1,True,
benchmark,6943,q2_all_users,5.6806999999999999,200,True,
benchmark,6944,q3_user_by_login,0.24249999999999999,1,True,
benchmark,6945,q4_sellers_rating,47.855699999999999,100,True,
benchmark,6946,q5_orders_offset,15.8521,50,True,
benchmark,6947,q6_products_by_seller,0.222,1,True,
benchmark,6948,q7_products_join_sellers,0.34810000000000002,1,True,
benchmark,6949,q8_order_items_join_products,0.37809999999999999,1,True,
benchmark,6950,q9_orders_items_products_by_user,0.52500000000000002,2,True,
benchmark,6951,q10_top_sellers_qty,113.03,20,True,
benchmark,6952,q11_top_categories,0.21890000000000001,0,True,
benchmark,6953,q1_user_by_id,0.21149999999999999,1,True,
benchmark,6954,q2_all_users,5.5663999999999998,200,True,
benchmark,6955,q3_user_by_login,0.23449999999999999,1,True,
benchmark,6956,q4_sellers_rating,41.912799999999997,100,True,
benchmark,6957,q5_orders_offset,15.881500000000001,50,True,
benchmark,6958,q6_products_by_seller,0.25819999999999999,1,True,
benchmark,6959,q7_products_join_sellers,0.34129999999999999,1,True,
benchmark,6960,q8_order_items_join_products,0.39529999999999998,5,True,
benchmark,6961,q9_orders_items_products_by_user,0.56140000000000001,4,True,
benchmark,6962,q10_top_sellers_qty,107.3378,20,True,
benchmark,6963,q11_top_categories,0.1671,0,True,
benchmark,6964,q1_user_by_id,0.23530000000000001,1,True,
benchmark,6965,q2_all_users,5.7218,200,True,
benchmark,6966,q3_user_by_login,0.25419999999999998,1,True,
benchmark,6967,q4_sellers_rating,43.666200000000003,100,True,
benchmark,6968,q5_orders_offset,19.011199999999999,50,True,
benchmark,6969,q6_products_by_seller,0.23599999999999999,1,True,
benchmark,6970,q7_products_join_sellers,0.38269999999999998,1,True,
benchmark,6971,q8_order_items_join_products,0.39879999999999999,5,True,
benchmark,6972,q9_orders_items_products_by_user,0.082000000000000003,0,True,
benchmark,6973,q10_top_sellers_qty,108.6347,20,True,
benchmark,6974,q11_top_categories,0.38550000000000001,0,True,
benchmark,6975,q1_user_by_id,0.37209999999999999,1,True,
benchmark,6976,q2_all_users,9.8088999999999995,200,True,
benchmark,6977,q3_user_by_login,0.32440000000000002,1,True,
benchmark,6978,q4_sellers_rating,42.386000000000003,100,True,
benchmark,6979,q5_orders_offset,19.717500000000001,50,True,
benchmark,6980,q6_products_by_seller,0.26140000000000002,1,True,
benchmark,6981,q7_products_join_sellers,0.36249999999999999,1,True,
benchmark,6982,q8_order_items_join_products,0.40460000000000002,5,True,
benchmark,6983,q9_orders_items_products_by_user,0.078899999999999998,0,True,
benchmark,6984,q10_top_sellers_qty,100.0651,20,True,
benchmark,6985,q11_top_categories,0.21110000000000001,0,True,
benchmark,6986,q1_user_by_id,0.19589999999999999,1,True,
benchmark,6987,q2_all_users,12.4031,200,True,
benchmark,6988,q3_user_by_login,0.23530000000000001,1,True,
benchmark,6989,q4_sellers_rating,41.107500000000002,100,True,
benchmark,6990,q5_orders_offset,16.045999999999999,50,True,
benchmark,6991,q6_products_by_seller,0.215,1,True,
benchmark,6992,q7_products_join_sellers,0.35920000000000002,1,True,
benchmark,6993,q8_order_items_join_products,0.39700000000000002,3,True,
benchmark,6994,q9_orders_items_products_by_user,0.079899999999999999,0,True,
benchmark,6995,q10_top_sellers_qty,98.695700000000002,20,True,
benchmark,6996,q11_top_categories,0.19939999999999999,0,True,
benchmark,6997,q1_user_by_id,0.2392,1,True,
benchmark,6998,q2_all_users,5.3250999999999999,200,True,
benchmark,6999,q3_user_by_login,0.23749999999999999,1,True,
benchmark,7000,q4_sellers_rating,38.2988,100,True,
benchmark,7001,q5_orders_offset,15.8834,50,True,
benchmark,7002,q6_products_by_seller,0.14249999999999999,0,True,
benchmark,7003,q7_products_join_sellers,0.19570000000000001,0,True,
benchmark,7004,q8_order_items_join_products,0.4279,5,True,
benchmark,7005,q9_orders_items_products_by_user,1.2786,11,True,
benchmark,7006,q10_top_sellers_qty,119.9605,20,True,
benchmark,7007,q11_top_categories,0.19850000000000001,0,True,
benchmark,7008,q1_user_by_id,0.32750000000000001,1,True,
benchmark,7009,q2_all_users,5.9492000000000003,200,True,
benchmark,7010,q3_user_by_login,0.26829999999999998,1,True,
benchmark,7011,q4_sellers_rating,43.433,100,True,
benchmark,7012,q5_orders_offset,15.6465,50,True,
benchmark,7013,q6_products_by_seller,0.1313,0,True,
benchmark,7014,q7_products_join_sellers,0.1948,0,True,
benchmark,7015,q8_order_items_join_products,0.38819999999999999,2,True,
benchmark,7016,q9_orders_items_products_by_user,0.077899999999999997,0,True,
benchmark,7017,q10_top_sellers_qty,120.4074,20,True,
benchmark,7018,q11_top_categories,0.20119999999999999,0,True,
benchmark,7019,q1_user_by_id,0.21190000000000001,1,True,
benchmark,7020,q2_all_users,6.4267000000000003,200,True,
benchmark,7021,q3_user_by_login,0.28410000000000002,1,True,
benchmark,7022,q4_sellers_rating,48.059100000000001,100,True,
benchmark,7023,q5_orders_offset,19.129300000000001,50,True,
benchmark,7024,q6_products_by_seller,0.2331,3,True,
benchmark,7025,q7_products_join_sellers,0.34620000000000001,3,True,
benchmark,7026,q8_order_items_join_products,0.39140000000000003,3,True,
benchmark,7027,q9_orders_items_products_by_user,0.086199999999999999,0,True,
benchmark,7028,q10_top_sellers_qty,117.84910000000001,20,True,
benchmark,7029,q11_top_categories,0.19939999999999999,0,True,
benchmark,7030,q1_user_by_id,0.30740000000000001,1,True,
benchmark,7031,q2_all_users,9.8069000000000006,200,True,
benchmark,7032,q3_user_by_login,0.25209999999999999,1,True,
benchmark,7033,q4_sellers_rating,45.9133,100,True,
benchmark,7034,q5_orders_offset,15.579800000000001,50,True,
benchmark,7035,q6_products_by_seller,0.20349999999999999,1,True,
benchmark,7036,q7_products_join_sellers,0.33360000000000001,1,True,
benchmark,7037,q8_order_items_join_products,0.38619999999999999,3,True,
benchmark,7038,q9_orders_items_products_by_user,0.074499999999999997,0,True,
benchmark,7039,q10_top_sellers_qty,108.9084,20,True,
benchmark,7040,q11_top_categories,0.19850000000000001,0,True,
benchmark,7041,q1_user_by_id,0.2445,1,True,
benchmark,7042,q2_all_users,5.7321,200,True,
benchmark,7043,q3_user_by_login,0.30270000000000002,1,True,
benchmark,7044,q4_sellers_rating,44.3292,100,True,
benchmark,7045,q5_orders_offset,16.0307,50,True,
benchmark,7046,q6_products_by_seller,0.19500000000000001,2,True,
benchmark,7047,q7_products_join_sellers,0.35149999999999998,2,True,
benchmark,7048,q8_order_items_join_products,0.38040000000000002,4,True,
benchmark,7049,q9_orders_items_products_by_user,0.072499999999999995,0,True,
benchmark,7050,q10_top_sellers_qty,103.4579,20,True,
benchmark,7051,q11_top_categories,0.1961,0,True,
benchmark,7052,q1_user_by_id,0.21479999999999999,1,True,
benchmark,7053,q2_all_users,5.4710000000000001,200,True,
benchmark,7054,q3_user_by_login,0.25690000000000002,1,True,
benchmark,7055,q4_sellers_rating,40.729199999999999,100,True,
benchmark,7056,q5_orders_offset,15.954700000000001,50,True,
benchmark,7057,q6_products_by_seller,0.21629999999999999,1,True,
benchmark,7058,q7_products_join_sellers,0.35699999999999998,1,True,
benchmark,7059,q8_order_items_join_products,0.37740000000000001,3,True,
benchmark,7060,q9_orders_items_products_by_user,0.63839999999999997,5,True,
benchmark,7061,q10_top_sellers_qty,105.3365,20,True,
benchmark,7062,q11_top_categories,0.21240000000000001,0,True,
benchmark,7063,q1_user_by_id,0.2394,1,True,
benchmark,7064,q2_all_users,5.8475000000000001,200,True,
benchmark,7065,q3_user_by_login,0.23380000000000001,1,True,
benchmark,7066,q4_sellers_rating,42.173299999999998,100,True,
benchmark,7067,q5_orders_offset,15.757300000000001,50,True,
benchmark,7068,q6_products_by_seller,0.13819999999999999,0,True,
benchmark,7069,q7_products_join_sellers,0.18060000000000001,0,True,
benchmark,7070,q8_order_items_join_products,0.42799999999999999,4,True,
benchmark,7071,q9_orders_items_products_by_user,0.085000000000000006,0,True,
benchmark,7072,q10_top_sellers_qty,111.49379999999999,20,True,
benchmark,7073,q11_top_categories,0.16889999999999999,0,True,
benchmark,7074,q1_user_by_id,0.2112,1,True,
benchmark,7075,q2_all_users,12.2423,200,True,
benchmark,7076,q3_user_by_login,0.26519999999999999,1,True,
benchmark,7077,q4_sellers_rating,51.649999999999999,100,True,
benchmark,7078,q5_orders_offset,15.958,50,True,
benchmark,7079,q6_products_by_seller,0.13009999999999999,0,True,
benchmark,7080,q7_products_join_sellers,0.17849999999999999,0,True,
benchmark,7081,q8_order_items_join_products,0.37940000000000002,3,True,
benchmark,7082,q9_orders_items_products_by_user,0.38379999999999997,1,True,
benchmark,7083,q10_top_sellers_qty,106.9735,20,True,
benchmark,7084,q11_top_categories,0.23749999999999999,0,True,
benchmark,7085,q1_user_by_id,0.30349999999999999,1,True,
benchmark,7086,q2_all_users,6.6136999999999997,200,True,
benchmark,7087,q3_user_by_login,0.19600000000000001,1,True,
benchmark,7088,q4_sellers_rating,38.9345,100,True,
benchmark,7089,q5_orders_offset,16.6004,50,True,
benchmark,7090,q6_products_by_seller,0.23069999999999999,1,True,
benchmark,7091,q7_products_join_sellers,0.37880000000000003,1,True,
benchmark,7092,q8_order_items_join_products,0.45729999999999998,2,True,
benchmark,7093,q9_orders_items_products_by_user,0.12790000000000001,0,True,
benchmark,7094,q10_top_sellers_qty,113.9627,20,True,
benchmark,7095,q11_top_categories,0.19189999999999999,0,True,
benchmark,7096,q1_user_by_id,0.34000000000000002,1,True,
benchmark,7097,q2_all_users,6.1523000000000003,200,True,
benchmark,7098,q3_user_by_login,0.30659999999999998,1,True,
benchmark,7099,q4_sellers_rating,47.290300000000002,100,True,
benchmark,7100,q5_orders_offset,15.521000000000001,50,True,
benchmark,7101,q6_products_by_seller,0.21079999999999999,3,True,
benchmark,7102,q7_products_join_sellers,0.34350000000000003,3,True,
benchmark,7103,q8_order_items_join_products,0.38550000000000001,1,True,
benchmark,7104,q9_orders_items_products_by_user,0.21340000000000001,0,True,
benchmark,7105,q10_top_sellers_qty,118.8164,20,True,
benchmark,7106,q11_top_categories,0.19950000000000001,0,True,
benchmark,7107,q1_user_by_id,0.54669999999999996,1,True,
benchmark,7108,q2_all_users,6.4619999999999997,200,True,
benchmark,7109,q3_user_by_login,0.29670000000000002,1,True,
benchmark,7110,q4_sellers_rating,52.758000000000003,100,True,
benchmark,7111,q5_orders_offset,15.763400000000001,50,True,
benchmark,7112,q6_products_by_seller,0.30830000000000002,1,True,
benchmark,7113,q7_products_join_sellers,0.41970000000000002,1,True,
benchmark,7114,q8_order_items_join_products,0.45979999999999999,5,True,
benchmark,7115,q9_orders_items_products_by_user,0.4854,1,True,
benchmark,7116,q10_top_sellers_qty,111.45820000000001,20,True,
benchmark,7117,q11_top_categories,0.20549999999999999,0,True,
benchmark,7118,q1_user_by_id,0.20449999999999999,1,True,
benchmark,7119,q2_all_users,7.7516999999999996,200,True,
benchmark,7120,q3_user_by_login,0.2787,1,True,
benchmark,7121,q4_sellers_rating,42.669600000000003,100,True,
benchmark,7122,q5_orders_offset,15.9124,50,True,
benchmark,7123,q6_products_by_seller,0.14360000000000001,0,True,
benchmark,7124,q7_products_join_sellers,0.20330000000000001,0,True,
benchmark,7125,q8_order_items_join_products,0.36620000000000003,2,True,
benchmark,7126,q9_orders_items_products_by_user,0.23849999999999999,0,True,
benchmark,7127,q10_top_sellers_qty,100.92270000000001,20,True,
benchmark,7128,q11_top_categories,0.19539999999999999,0,True,
benchmark,7129,q1_user_by_id,0.18970000000000001,1,True,
benchmark,7130,q2_all_users,5.4965000000000002,200,True,
benchmark,7131,q3_user_by_login,0.2092,1,True,
benchmark,7132,q4_sellers_rating,40.489100000000001,100,True,
benchmark,7133,q5_orders_offset,15.794700000000001,50,True,
benchmark,7134,q6_products_by_seller,0.1368,0,True,
benchmark,7135,q7_products_join_sellers,0.1996,0,True,
benchmark,7136,q8_order_items_join_products,0.40610000000000002,5,True,
benchmark,7137,q9_orders_items_products_by_user,0.2147,0,True,
benchmark,7138,q10_top_sellers_qty,115.699,20,True,
benchmark,7139,q11_top_categories,0.2472,0,True,
benchmark,7140,q1_user_by_id,0.26700000000000002,1,True,
benchmark,7141,q2_all_users,6.0358000000000001,200,True,
benchmark,7142,q3_user_by_login,0.20480000000000001,1,True,
benchmark,7143,q4_sellers_rating,43.888800000000003,100,True,
benchmark,7144,q5_orders_offset,25.088000000000001,50,True,
benchmark,7145,q6_products_by_seller,0.22220000000000001,1,True,
benchmark,7146,q7_products_join_sellers,0.33379999999999999,1,True,
benchmark,7147,q8_order_items_join_products,0.3926,4,True,
benchmark,7148,q9_orders_items_products_by_user,0.20630000000000001,0,True,
benchmark,7149,q10_top_sellers_qty,113.24939999999999,20,True,
benchmark,7150,q11_top_categories,0.20580000000000001,0,True,
benchmark,7151,q1_user_by_id,0.20399999999999999,1,True,
benchmark,7152,q2_all_users,8.9777000000000005,200,True,
benchmark,7153,q3_user_by_login,0.3085,1,True,
benchmark,7154,q4_sellers_rating,47.060200000000002,100,True,
benchmark,7155,q5_orders_offset,15.9247,50,True,
benchmark,7156,q6_products_by_seller,0.22009999999999999,2,True,
benchmark,7157,q7_products_join_sellers,0.3357,2,True,
benchmark,7158,q8_order_items_join_products,0.39910000000000001,4,True,
benchmark,7159,q9_orders_items_products_by_user,0.68489999999999995,4,True,
benchmark,7160,q10_top_sellers_qty,109.86960000000001,20,True,
benchmark,7161,q11_top_categories,0.1971,0,True,
benchmark,7162,q1_user_by_id,0.1951,1,True,
benchmark,7163,q2_all_users,7.8765999999999998,200,True,
benchmark,7164,q3_user_by_login,0.22750000000000001,1,True,
benchmark,7165,q4_sellers_rating,44.601799999999997,100,True,
benchmark,7166,q5_orders_offset,15.91,50,True,
benchmark,7167,q6_products_by_seller,0.13650000000000001,0,True,
benchmark,7168,q7_products_join_sellers,0.20349999999999999,0,True,
benchmark,7169,q8_order_items_join_products,0.40949999999999998,3,True,
benchmark,7170,q9_orders_items_products_by_user,0.077200000000000005,0,True,
benchmark,7171,q10_top_sellers_qty,105.04689999999999,20,True,
benchmark,7172,q11_top_categories,0.20100000000000001,0,True,
benchmark,7173,q1_user_by_id,0.22739999999999999,1,True,
benchmark,7174,q2_all_users,6.1337000000000002,200,True,
benchmark,7175,q3_user_by_login,0.24390000000000001,1,True,
benchmark,7176,q4_sellers_rating,41.653799999999997,100,True,
benchmark,7177,q5_orders_offset,15.7958,50,True,
benchmark,7178,q6_products_by_seller,0.1239,0,True,
benchmark,7179,q7_products_join_sellers,0.191,0,True,
benchmark,7180,q8_order_items_join_products,0.4113,5,True,
benchmark,7181,q9_orders_items_products_by_user,0.65100000000000002,5,True,
benchmark,7182,q10_top_sellers_qty,119.3357,20,True,
benchmark,7183,q11_top_categories,0.20180000000000001,0,True,
benchmark,7184,q1_user_by_id,0.21709999999999999,1,True,
benchmark,7185,q2_all_users,5.8585000000000003,200,True,
benchmark,7186,q3_user_by_login,0.2797,1,True,
benchmark,7187,q4_sellers_rating,46.057099999999998,100,True,
benchmark,7188,q5_orders_offset,19.070900000000002,50,True,
benchmark,7189,q6_products_by_seller,0.2104,2,True,
benchmark,7190,q7_products_join_sellers,0.4405,2,True,
benchmark,7191,q8_order_items_join_products,0.43099999999999999,2,True,
benchmark,7192,q9_orders_items_products_by_user,0.35880000000000001,1,True,
benchmark,7193,q10_top_sellers_qty,117.343,20,True,
benchmark,7194,q11_top_categories,0.23899999999999999,0,True,
benchmark,7195,q1_user_by_id,0.19520000000000001,1,True,
benchmark,7196,q2_all_users,9.3569999999999993,200,True,
benchmark,7197,q3_user_by_login,1.0883,1,True,
benchmark,7198,q4_sellers_rating,50.933100000000003,100,True,
benchmark,7199,q5_orders_offset,15.623799999999999,50,True,
benchmark,7200,q6_products_by_seller,0.23549999999999999,2,True,
benchmark,7201,q7_products_join_sellers,0.34010000000000001,2,True,
benchmark,7202,q8_order_items_join_products,0.4224,4,True,
benchmark,7203,q9_orders_items_products_by_user,0.078100000000000003,0,True,
benchmark,7204,q10_top_sellers_qty,114.48309999999999,20,True,
benchmark,7205,q11_top_categories,0.22819999999999999,0,True,
benchmark,7206,q1_user_by_id,0.20269999999999999,1,True,
benchmark,7207,q2_all_users,7.9518000000000004,200,True,
benchmark,7208,q3_user_by_login,0.2487,1,True,
benchmark,7209,q4_sellers_rating,46.632399999999997,100,True,
benchmark,7210,q5_orders_offset,15.714700000000001,50,True,
benchmark,7211,q6_products_by_seller,0.2177,1,True,
benchmark,7212,q7_products_join_sellers,0.3226,1,True,
benchmark,7213,q8_order_items_join_products,0.40229999999999999,4,True,
benchmark,7214,q9_orders_items_products_by_user,0.083099999999999993,0,True,
benchmark,7215,q10_top_sellers_qty,100.2435,20,True,
benchmark,7216,q11_top_categories,0.21540000000000001,0,True,
benchmark,7217,q1_user_by_id,0.1968,1,True,
benchmark,7218,q2_all_users,6.6746999999999996,200,True,
benchmark,7219,q3_user_by_login,0.33179999999999998,1,True,
benchmark,7220,q4_sellers_rating,43.266599999999997,100,True,
benchmark,7221,q5_orders_offset,15.866099999999999,50,True,
benchmark,7222,q6_products_by_seller,0.23910000000000001,1,True,
benchmark,7223,q7_products_join_sellers,0.32179999999999997,1,True,
benchmark,7224,q8_order_items_join_products,0.38009999999999999,2,True,
benchmark,7225,q9_orders_items_products_by_user,0.27529999999999999,0,True,
benchmark,7226,q10_top_sellers_qty,117.6905,20,True,
benchmark,7227,q11_top_categories,0.2049,0,True,
benchmark,7228,q1_user_by_id,0.2064,1,True,
benchmark,7229,q2_all_users,5.819,200,True,
benchmark,7230,q3_user_by_login,0.23799999999999999,1,True,
benchmark,7231,q4_sellers_rating,43.328299999999999,100,True,
benchmark,7232,q5_orders_offset,19.022200000000002,50,True,
benchmark,7233,q6_products_by_seller,0.15859999999999999,0,True,
benchmark,7234,q7_products_join_sellers,0.22220000000000001,0,True,
benchmark,7235,q8_order_items_join_products,0.50380000000000003,1,True,
benchmark,7236,q9_orders_items_products_by_user,1.1065,4,True,
benchmark,7237,q10_top_sellers_qty,109.7162,20,True,
benchmark,7238,q11_top_categories,0.19089999999999999,0,True,
benchmark,7239,q1_user_by_id,0.2631,1,True,
benchmark,7240,q2_all_users,8.8186,200,True,
benchmark,7241,q3_user_by_login,0.22500000000000001,1,True,
benchmark,7242,q4_sellers_rating,43.668300000000002,100,True,
benchmark,7243,q5_orders_offset,15.774900000000001,50,True,
benchmark,7244,q6_products_by_seller,0.2205,2,True,
benchmark,7245,q7_products_join_sellers,0.34399999999999997,2,True,
benchmark,7246,q8_order_items_join_products,0.40660000000000002,5,True,
benchmark,7247,q9_orders_items_products_by_user,0.22,0,True,
benchmark,7248,q10_top_sellers_qty,103.34829999999999,20,True,
benchmark,7249,q11_top_categories,0.2084,0,True,
benchmark,7250,q1_user_by_id,0.22539999999999999,1,True,
benchmark,7251,q2_all_users,8.0549999999999997,200,True,
benchmark,7252,q3_user_by_login,0.312,1,True,
benchmark,7253,q4_sellers_rating,42.234000000000002,100,True,
benchmark,7254,q5_orders_offset,15.674099999999999,50,True,
benchmark,7255,q6_products_by_seller,0.22650000000000001,1,True,
benchmark,7256,q7_products_join_sellers,0.3256,1,True,
benchmark,7257,q8_order_items_join_products,0.43319999999999997,3,True,
benchmark,7258,q9_orders_items_products_by_user,0.20930000000000001,0,True,
benchmark,7259,q10_top_sellers_qty,120.8703,20,True,
benchmark,7260,q11_top_categories,0.21870000000000001,0,True,
benchmark,7261,q1_user_by_id,0.1956,1,True,
benchmark,7262,q2_all_users,5.9871999999999996,200,True,
benchmark,7263,q3_user_by_login,0.28339999999999999,1,True,
benchmark,7264,q4_sellers_rating,44.966000000000001,100,True,
benchmark,7265,q5_orders_offset,15.8344,50,True,
benchmark,7266,q6_products_by_seller,0.2031,1,True,
benchmark,7267,q7_products_join_sellers,0.34839999999999999,1,True,
benchmark,7268,q8_order_items_join_products,0.38290000000000002,1,True,
benchmark,7269,q9_orders_items_products_by_user,0.072300000000000003,0,True,
benchmark,7270,q10_top_sellers_qty,122.3078,20,True,
benchmark,7271,q11_top_categories,1.9453,0,True,
benchmark,7272,q1_user_by_id,0.71650000000000003,1,True,
benchmark,7273,q2_all_users,5.6829999999999998,200,True,
benchmark,7274,q3_user_by_login,0.26240000000000002,1,True,
benchmark,7275,q4_sellers_rating,46.417900000000003,100,True,
benchmark,7276,q5_orders_offset,15.807399999999999,50,True,
benchmark,7277,q6_products_by_seller,0.22539999999999999,3,True,
benchmark,7278,q7_products_join_sellers,0.33550000000000002,3,True,
benchmark,7279,q8_order_items_join_products,0.38890000000000002,3,True,
benchmark,7280,q9_orders_items_products_by_user,0.076399999999999996,0,True,
benchmark,7281,q10_top_sellers_qty,128.26949999999999,20,True,
benchmark,7282,q11_top_categories,0.48659999999999998,0,True,
benchmark,7283,q1_user_by_id,0.26090000000000002,1,True,
benchmark,7284,q2_all_users,9.4705999999999992,200,True,
benchmark,7285,q3_user_by_login,0.21909999999999999,1,True,
benchmark,7286,q4_sellers_rating,40.940399999999997,100,True,
benchmark,7287,q5_orders_offset,15.965199999999999,50,True,
benchmark,7288,q6_products_by_seller,0.15429999999999999,0,True,
benchmark,7289,q7_products_join_sellers,0.20730000000000001,0,True,
benchmark,7290,q8_order_items_join_products,0.40589999999999998,3,True,
benchmark,7291,q9_orders_items_products_by_user,0.65649999999999997,5,True,
benchmark,7292,q10_top_sellers_qty,109.87179999999999,20,True,
benchmark,7293,q11_top_categories,0.2492,0,True,
benchmark,7294,q1_user_by_id,0.23319999999999999,1,True,
benchmark,7295,q2_all_users,5.6807999999999996,200,True,
benchmark,7296,q3_user_by_login,0.28989999999999999,1,True,
benchmark,7297,q4_sellers_rating,41.923499999999997,100,True,
benchmark,7298,q5_orders_offset,15.715299999999999,50,True,
benchmark,7299,q6_products_by_seller,0.2117,3,True,
benchmark,7300,q7_products_join_sellers,0.35110000000000002,3,True,
benchmark,7301,q8_order_items_join_products,0.38429999999999997,3,True,
benchmark,7302,q9_orders_items_products_by_user,0.20660000000000001,0,True,
benchmark,7303,q10_top_sellers_qty,99.723399999999998,20,True,
benchmark,7304,q11_top_categories,0.21290000000000001,0,True,
benchmark,7305,q1_user_by_id,0.25530000000000003,1,True,
benchmark,7306,q2_all_users,5.7278000000000002,200,True,
benchmark,7307,q3_user_by_login,0.2137,1,True,
benchmark,7308,q4_sellers_rating,41.914700000000003,100,True,
benchmark,7309,q5_orders_offset,15.878299999999999,50,True,
benchmark,7310,q6_products_by_seller,0.25640000000000002,1,True,
benchmark,7311,q7_products_join_sellers,0.36170000000000002,1,True,
benchmark,7312,q8_order_items_join_products,0.377,1,True,
benchmark,7313,q9_orders_items_products_by_user,0.218,0,True,
benchmark,7314,q10_top_sellers_qty,109.7317,20,True,
benchmark,7315,q11_top_categories,0.23699999999999999,0,True,
benchmark,7316,q1_user_by_id,0.2213,1,True,
benchmark,7317,q2_all_users,9.0107999999999997,200,True,
benchmark,7318,q3_user_by_login,0.33160000000000001,1,True,
benchmark,7319,q4_sellers_rating,46.740099999999998,100,True,
benchmark,7320,q5_orders_offset,15.766,50,True,
benchmark,7321,q6_products_by_seller,0.21640000000000001,2,True,
benchmark,7322,q7_products_join_sellers,0.34110000000000001,2,True,
benchmark,7323,q8_order_items_join_products,0.4249,5,True,
benchmark,7324,q9_orders_items_products_by_user,0.095899999999999999,0,True,
benchmark,7325,q10_top_sellers_qty,100.0684,20,True,
benchmark,7326,q11_top_categories,0.25629999999999997,0,True,
benchmark,7327,q1_user_by_id,0.23449999999999999,1,True,
benchmark,7328,q2_all_users,5.6355000000000004,200,True,
benchmark,7329,q3_user_by_login,0.35899999999999999,1,True,
benchmark,7330,q4_sellers_rating,40.591700000000003,100,True,
benchmark,7331,q5_orders_offset,15.5189,50,True,
benchmark,7332,q6_products_by_seller,0.13469999999999999,0,True,
benchmark,7333,q7_products_join_sellers,0.19320000000000001,0,True,
benchmark,7334,q8_order_items_join_products,0.40649999999999997,4,True,
benchmark,7335,q9_orders_items_products_by_user,0.2349,0,True,
benchmark,7336,q10_top_sellers_qty,109.1542,20,True,
benchmark,7337,q11_top_categories,0.20449999999999999,0,True,
benchmark,7338,q1_user_by_id,0.2591,1,True,
benchmark,7339,q2_all_users,5.4678000000000004,200,True,
benchmark,7340,q3_user_by_login,0.23699999999999999,1,True,
benchmark,7341,q4_sellers_rating,48.353000000000002,100,True,
benchmark,7342,q5_orders_offset,15.9245,50,True,
benchmark,7343,q6_products_by_seller,0.2233,2,True,
benchmark,7344,q7_products_join_sellers,0.35320000000000001,2,True,
benchmark,7345,q8_order_items_join_products,0.41449999999999998,2,True,
benchmark,7346,q9_orders_items_products_by_user,0.082299999999999998,0,True,
benchmark,7347,q10_top_sellers_qty,112.62860000000001,20,True,
benchmark,7348,q11_top_categories,0.19409999999999999,0,True,
benchmark,7349,q1_user_by_id,0.252,1,True,
benchmark,7350,q2_all_users,6.0454999999999997,200,True,
benchmark,7351,q3_user_by_login,0.36720000000000003,1,True,
benchmark,7352,q4_sellers_rating,49.750500000000002,100,True,
benchmark,7353,q5_orders_offset,19.0746,50,True,
benchmark,7354,q6_products_by_seller,0.2671,1,True,
benchmark,7355,q7_products_join_sellers,0.35470000000000002,1,True,
benchmark,7356,q8_order_items_join_products,0.39429999999999998,1,True,
benchmark,7357,q9_orders_items_products_by_user,0.26869999999999999,0,True,
benchmark,7358,q10_top_sellers_qty,105.7838,20,True,
benchmark,7359,q11_top_categories,0.20200000000000001,0,True,
benchmark,7360,q1_user_by_id,0.57110000000000005,1,True,
benchmark,7361,q2_all_users,8.8086000000000002,200,True,
benchmark,7362,q3_user_by_login,0.31169999999999998,1,True,
benchmark,7363,q4_sellers_rating,40.142899999999997,100,True,
benchmark,7364,q5_orders_offset,17.1099,50,True,
benchmark,7365,q6_products_by_seller,0.16520000000000001,0,True,
benchmark,7366,q7_products_join_sellers,0.2233,0,True,
benchmark,7367,q8_order_items_join_products,0.37919999999999998,1,True,
benchmark,7368,q9_orders_items_products_by_user,0.085199999999999998,0,True,
benchmark,7369,q10_top_sellers_qty,107.03870000000001,20,True,
benchmark,7370,q11_top_categories,0.23380000000000001,0,True,
benchmark,7371,q1_user_by_id,0.23530000000000001,1,True,
benchmark,7372,q2_all_users,10.492699999999999,200,True,
benchmark,7373,q3_user_by_login,0.22770000000000001,1,True,
benchmark,7374,q4_sellers_rating,43.043700000000001,100,True,
benchmark,7375,q5_orders_offset,15.6371,50,True,
benchmark,7376,q6_products_by_seller,0.14269999999999999,0,True,
benchmark,7377,q7_products_join_sellers,0.20269999999999999,0,True,
benchmark,7378,q8_order_items_join_products,0.40139999999999998,2,True,
benchmark,7379,q9_orders_items_products_by_user,0.46539999999999998,3,True,
benchmark,7380,q10_top_sellers_qty,101.8484,20,True,
benchmark,7381,q11_top_categories,0.20449999999999999,0,True,
benchmark,7382,q1_user_by_id,0.23669999999999999,1,True,
benchmark,7383,q2_all_users,6.1962000000000002,200,True,
benchmark,7384,q3_user_by_login,0.33739999999999998,1,True,
benchmark,7385,q4_sellers_rating,42.7547,100,True,
benchmark,7386,q5_orders_offset,15.768800000000001,50,True,
benchmark,7387,q6_products_by_seller,0.1414,0,True,
benchmark,7388,q7_products_join_sellers,0.20200000000000001,0,True,
benchmark,7389,q8_order_items_join_products,0.39800000000000002,4,True,
benchmark,7390,q9_orders_items_products_by_user,0.079000000000000001,0,True,
benchmark,7391,q10_top_sellers_qty,121.67700000000001,20,True,
benchmark,7392,q11_top_categories,0.20780000000000001,0,True,
benchmark,7393,q1_user_by_id,0.18310000000000001,1,True,
benchmark,7394,q2_all_users,5.7457000000000003,200,True,
benchmark,7395,q3_user_by_login,0.1963,1,True,
benchmark,7396,q4_sellers_rating,43.324199999999998,100,True,
benchmark,7397,q5_orders_offset,19.1568,50,True,
benchmark,7398,q6_products_by_seller,0.22120000000000001,2,True,
benchmark,7399,q7_products_join_sellers,0.34589999999999999,2,True,
benchmark,7400,q8_order_items_join_products,0.38540000000000002,5,True,
benchmark,7401,q9_orders_items_products_by_user,0.074499999999999997,0,True,
benchmark,7402,q10_top_sellers_qty,111.0505,20,True,
benchmark,7403,q11_top_categories,0.20280000000000001,0,True,
benchmark,7404,q1_user_by_id,0.25629999999999997,1,True,
benchmark,7405,q2_all_users,9.2578999999999994,200,True,
benchmark,7406,q3_user_by_login,0.31769999999999998,1,True,
benchmark,7407,q4_sellers_rating,42.582099999999997,100,True,
benchmark,7408,q5_orders_offset,15.795999999999999,50,True,
benchmark,7409,q6_products_by_seller,0.1492,0,True,
benchmark,7410,q7_products_join_sellers,0.20300000000000001,0,True,
benchmark,7411,q8_order_items_join_products,0.42499999999999999,4,True,
benchmark,7412,q9_orders_items_products_by_user,0.77490000000000003,4,True,
benchmark,7413,q10_top_sellers_qty,110.023,20,True,
benchmark,7414,q11_top_categories,0.2046,0,True,
benchmark,7415,q1_user_by_id,0.2029,1,True,
benchmark,7416,q2_all_users,10.2547,200,True,
benchmark,7417,q3_user_by_login,0.21260000000000001,1,True,
benchmark,7418,q4_sellers_rating,44.319200000000002,100,True,
benchmark,7419,q5_orders_offset,16.044899999999998,50,True,
benchmark,7420,q6_products_by_seller,0.21099999999999999,1,True,
benchmark,7421,q7_products_join_sellers,0.35399999999999998,1,True,
benchmark,7422,q8_order_items_join_products,0.44119999999999998,4,True,
benchmark,7423,q9_orders_items_products_by_user,0.5212,3,True,
benchmark,7424,q10_top_sellers_qty,105.146,20,True,
benchmark,7425,q11_top_categories,0.30549999999999999,0,True,
benchmark,7426,q1_user_by_id,0.2339,1,True,
benchmark,7427,q2_all_users,6.0686,200,True,
benchmark,7428,q3_user_by_login,0.29039999999999999,1,True,
benchmark,7429,q4_sellers_rating,42.322000000000003,100,True,
benchmark,7430,q5_orders_offset,15.7471,50,True,
benchmark,7431,q6_products_by_seller,0.21160000000000001,1,True,
benchmark,7432,q7_products_join_sellers,0.34050000000000002,1,True,
benchmark,7433,q8_order_items_join_products,0.38800000000000001,2,True,
benchmark,7434,q9_orders_items_products_by_user,0.073599999999999999,0,True,
benchmark,7435,q10_top_sellers_qty,111.4581,20,True,
benchmark,7436,q11_top_categories,0.22770000000000001,0,True,
benchmark,7437,q1_user_by_id,0.26650000000000001,1,True,
benchmark,7438,q2_all_users,6.4489000000000001,200,True,
benchmark,7439,q3_user_by_login,0.2787,1,True,
benchmark,7440,q4_sellers_rating,44.562199999999997,100,True,
benchmark,7441,q5_orders_offset,18.785699999999999,50,True,
benchmark,7442,q6_products_by_seller,0.1348,0,True,
benchmark,7443,q7_products_join_sellers,0.20369999999999999,0,True,
benchmark,7444,q8_order_items_join_products,0.40639999999999998,2,True,
benchmark,7445,q9_orders_items_products_by_user,0.63109999999999999,5,True,
benchmark,7446,q10_top_sellers_qty,99.315600000000003,20,True,
benchmark,7447,q11_top_categories,0.20030000000000001,0,True,
benchmark,7448,q1_user_by_id,0.21529999999999999,1,True,
benchmark,7449,q2_all_users,5.5053999999999998,200,True,
benchmark,7450,q3_user_by_login,0.2379,1,True,
benchmark,7451,q4_sellers_rating,39.541699999999999,100,True,
benchmark,7452,q5_orders_offset,18.5304,50,True,
benchmark,7453,q6_products_by_seller,0.23519999999999999,2,True,
benchmark,7454,q7_products_join_sellers,0.35699999999999998,2,True,
benchmark,7455,q8_order_items_join_products,0.39050000000000001,2,True,
benchmark,7456,q9_orders_items_products_by_user,0.53659999999999997,3,True,
benchmark,7457,q10_top_sellers_qty,104.0607,20,True,
benchmark,7458,q11_top_categories,0.24660000000000001,0,True,
benchmark,7459,q1_user_by_id,0.21609999999999999,1,True,
benchmark,7460,q2_all_users,9.1649999999999991,200,True,
benchmark,7461,q3_user_by_login,0.24399999999999999,1,True,
benchmark,7462,q4_sellers_rating,41.597000000000001,100,True,
benchmark,7463,q5_orders_offset,22.9848,50,True,
benchmark,7464,q6_products_by_seller,0.1217,0,True,
benchmark,7465,q7_products_join_sellers,0.17399999999999999,0,True,
benchmark,7466,q8_order_items_join_products,0.33350000000000002,3,True,
benchmark,7467,q9_orders_items_products_by_user,0.13500000000000001,0,True,
benchmark,7468,q10_top_sellers_qty,109.1923,20,True,
benchmark,7469,q11_top_categories,0.26979999999999998,0,True,
benchmark,7470,q1_user_by_id,0.27289999999999998,1,True,
benchmark,7471,q2_all_users,6.5651000000000002,200,True,
benchmark,7472,q3_user_by_login,0.2445,1,True,
benchmark,7473,q4_sellers_rating,37.689,100,True,
benchmark,7474,q5_orders_offset,16.065799999999999,50,True,
benchmark,7475,q6_products_by_seller,0.16120000000000001,1,True,
benchmark,7476,q7_products_join_sellers,0.26960000000000001,1,True,
benchmark,7477,q8_order_items_join_products,0.33110000000000001,4,True,
benchmark,7478,q9_orders_items_products_by_user,0.2097,0,True,
benchmark,7479,q10_top_sellers_qty,127.4203,20,True,
benchmark,7480,q11_top_categories,0.69240000000000002,0,True,
benchmark,7481,q1_user_by_id,0.31530000000000002,1,True,
benchmark,7482,q2_all_users,7.5274999999999999,200,True,
benchmark,7483,q3_user_by_login,0.32479999999999998,1,True,
benchmark,7484,q4_sellers_rating,47.6648,100,True,
benchmark,7485,q5_orders_offset,15.7439,50,True,
benchmark,7486,q6_products_by_seller,0.21210000000000001,1,True,
benchmark,7487,q7_products_join_sellers,0.38219999999999998,1,True,
benchmark,7488,q8_order_items_join_products,0.41170000000000001,4,True,
benchmark,7489,q9_orders_items_products_by_user,0.21629999999999999,0,True,
benchmark,7490,q10_top_sellers_qty,110.81789999999999,20,True,
benchmark,7491,q11_top_categories,0.216,0,True,
benchmark,7492,q1_user_by_id,0.26290000000000002,1,True,
benchmark,7493,q2_all_users,6.6466000000000003,200,True,
benchmark,7494,q3_user_by_login,0.2271,1,True,
benchmark,7495,q4_sellers_rating,51.6004,100,True,
benchmark,7496,q5_orders_offset,15.636699999999999,50,True,
benchmark,7497,q6_products_by_seller,0.21840000000000001,2,True,
benchmark,7498,q7_products_join_sellers,0.34999999999999998,2,True,
benchmark,7499,q8_order_items_join_products,0.41570000000000001,5,True,
benchmark,7500,q9_orders_items_products_by_user,0.38150000000000001,1,True,
benchmark,7501,q10_top_sellers_qty,115.1138,20,True,
benchmark,7502,q11_top_categories,0.21540000000000001,0,True,
benchmark,7503,q1_user_by_id,0.2918,1,True,
benchmark,7504,q2_all_users,10.481199999999999,200,True,
benchmark,7505,q3_user_by_login,0.51200000000000001,1,True,
benchmark,7506,q4_sellers_rating,47.656199999999998,100,True,
benchmark,7507,q5_orders_offset,15.860799999999999,50,True,
benchmark,7508,q6_products_by_seller,0.2099,2,True,
benchmark,7509,q7_products_join_sellers,0.33979999999999999,2,True,
benchmark,7510,q8_order_items_join_products,0.41470000000000001,5,True,
benchmark,7511,q9_orders_items_products_by_user,0.077499999999999999,0,True,
benchmark,7512,q10_top_sellers_qty,106.1339,20,True,
benchmark,7513,q11_top_categories,0.19339999999999999,0,True,
benchmark,7514,q1_user_by_id,0.2412,1,True,
benchmark,7515,q2_all_users,6.0964999999999998,200,True,
benchmark,7516,q3_user_by_login,0.22819999999999999,1,True,
benchmark,7517,q4_sellers_rating,44.741799999999998,100,True,
benchmark,7518,q5_orders_offset,15.9046,50,True,
benchmark,7519,q6_products_by_seller,0.22700000000000001,4,True,
benchmark,7520,q7_products_join_sellers,0.36630000000000001,4,True,
benchmark,7521,q8_order_items_join_products,0.38059999999999999,4,True,
benchmark,7522,q9_orders_items_products_by_user,0.54910000000000003,4,True,
benchmark,7523,q10_top_sellers_qty,101.9413,20,True,
benchmark,7524,q11_top_categories,0.19700000000000001,0,True,
benchmark,7525,q1_user_by_id,0.2407,1,True,
benchmark,7526,q2_all_users,6.2365000000000004,200,True,
benchmark,7527,q3_user_by_login,0.20549999999999999,1,True,
benchmark,7528,q4_sellers_rating,39.832000000000001,100,True,
benchmark,7529,q5_orders_offset,19.747,50,True,
benchmark,7530,q6_products_by_seller,0.23480000000000001,2,True,
benchmark,7531,q7_products_join_sellers,0.3518,2,True,
benchmark,7532,q8_order_items_join_products,0.3871,2,True,
benchmark,7533,q9_orders_items_products_by_user,0.083000000000000004,0,True,
benchmark,7534,q10_top_sellers_qty,99.766199999999998,20,True,
benchmark,7535,q11_top_categories,0.15740000000000001,0,True,
benchmark,7536,q1_user_by_id,0.21840000000000001,1,True,
benchmark,7537,q2_all_users,13.0032,200,True,
benchmark,7538,q3_user_by_login,0.23519999999999999,1,True,
benchmark,7539,q4_sellers_rating,42.317399999999999,100,True,
benchmark,7540,q5_orders_offset,15.543699999999999,50,True,
benchmark,7541,q6_products_by_seller,0.1515,0,True,
benchmark,7542,q7_products_join_sellers,0.19550000000000001,0,True,
benchmark,7543,q8_order_items_join_products,0.41620000000000001,2,True,
benchmark,7544,q9_orders_items_products_by_user,0.087099999999999997,0,True,
benchmark,7545,q10_top_sellers_qty,100.4782,20,True,
benchmark,7546,q11_top_categories,0.20219999999999999,0,True,
benchmark,7547,q1_user_by_id,0.26600000000000001,1,True,
benchmark,7548,q2_all_users,5.6219000000000001,200,True,
benchmark,7549,q3_user_by_login,0.23880000000000001,1,True,
benchmark,7550,q4_sellers_rating,41.6004,100,True,
benchmark,7551,q5_orders_offset,16.061900000000001,50,True,
benchmark,7552,q6_products_by_seller,0.1303,0,True,
benchmark,7553,q7_products_join_sellers,0.19070000000000001,0,True,
benchmark,7554,q8_order_items_join_products,0.40129999999999999,5,True,
benchmark,7555,q9_orders_items_products_by_user,0.58450000000000002,3,True,
benchmark,7556,q10_top_sellers_qty,123.0009,20,True,
benchmark,7557,q11_top_categories,0.22090000000000001,0,True,
benchmark,7558,q1_user_by_id,0.18870000000000001,1,True,
benchmark,7559,q2_all_users,5.8318000000000003,200,True,
benchmark,7560,q3_user_by_login,0.20300000000000001,1,True,
benchmark,7561,q4_sellers_rating,42.940600000000003,100,True,
benchmark,7562,q5_orders_offset,15.9232,50,True,
benchmark,7563,q6_products_by_seller,0.2233,2,True,
benchmark,7564,q7_products_join_sellers,0.32829999999999998,2,True,
benchmark,7565,q8_order_items_join_products,0.39389999999999997,3,True,
benchmark,7566,q9_orders_items_products_by_user,0.078600000000000003,0,True,
benchmark,7567,q10_top_sellers_qty,123.96380000000001,20,True,
benchmark,7568,q11_top_categories,0.20169999999999999,0,True,
benchmark,7569,q1_user_by_id,0.31590000000000001,1,True,
benchmark,7570,q2_all_users,5.9394,200,True,
benchmark,7571,q3_user_by_login,0.18429999999999999,1,True,
benchmark,7572,q4_sellers_rating,43.488,100,True,
benchmark,7573,q5_orders_offset,18.992599999999999,50,True,
benchmark,7574,q6_products_by_seller,0.24179999999999999,1,True,
benchmark,7575,q7_products_join_sellers,0.34250000000000003,1,True,
benchmark,7576,q8_order_items_join_products,0.40210000000000001,1,True,
benchmark,7577,q9_orders_items_products_by_user,0.20499999999999999,0,True,
benchmark,7578,q10_top_sellers_qty,113.5616,20,True,
benchmark,7579,q11_top_categories,0.1925,0,True,
benchmark,7580,q1_user_by_id,0.34860000000000002,1,True,
benchmark,7581,q2_all_users,10.443899999999999,200,True,
benchmark,7582,q3_user_by_login,0.22459999999999999,1,True,
benchmark,7583,q4_sellers_rating,44.847700000000003,100,True,
benchmark,7584,q5_orders_offset,15.8521,50,True,
benchmark,7585,q6_products_by_seller,0.2172,2,True,
benchmark,7586,q7_products_join_sellers,0.37959999999999999,2,True,
benchmark,7587,q8_order_items_join_products,0.38769999999999999,1,True,
benchmark,7588,q9_orders_items_products_by_user,0.23130000000000001,0,True,
benchmark,7589,q10_top_sellers_qty,109.1039,20,True,
benchmark,7590,q11_top_categories,0.19719999999999999,0,True,
benchmark,7591,q1_user_by_id,0.2369,1,True,
benchmark,7592,q2_all_users,5.5403000000000002,200,True,
benchmark,7593,q3_user_by_login,0.20730000000000001,1,True,
benchmark,7594,q4_sellers_rating,42.031199999999998,100,True,
benchmark,7595,q5_orders_offset,16.123799999999999,50,True,
benchmark,7596,q6_products_by_seller,0.21249999999999999,2,True,
benchmark,7597,q7_products_join_sellers,0.3488,2,True,
benchmark,7598,q8_order_items_join_products,0.3851,3,True,
benchmark,7599,q9_orders_items_products_by_user,0.52729999999999999,4,True,
benchmark,7600,q10_top_sellers_qty,102.76430000000001,20,True,
benchmark,7601,q11_top_categories,0.20200000000000001,0,True,
benchmark,7602,q1_user_by_id,0.25030000000000002,1,True,
benchmark,7603,q2_all_users,5.4904999999999999,200,True,
benchmark,7604,q3_user_by_login,0.223,1,True,
benchmark,7605,q4_sellers_rating,42.049799999999998,100,True,
benchmark,7606,q5_orders_offset,15.640499999999999,50,True,
benchmark,7607,q6_products_by_seller,0.13600000000000001,0,True,
benchmark,7608,q7_products_join_sellers,0.19620000000000001,0,True,
benchmark,7609,q8_order_items_join_products,0.41099999999999998,4,True,
benchmark,7610,q9_orders_items_products_by_user,0.2074,0,True,
benchmark,7611,q10_top_sellers_qty,102.813,20,True,
benchmark,7612,q11_top_categories,0.2006,0,True,
benchmark,7613,q1_user_by_id,0.22639999999999999,1,True,
benchmark,7614,q2_all_users,5.4913999999999996,200,True,
benchmark,7615,q3_user_by_login,0.2172,1,True,
benchmark,7616,q4_sellers_rating,37.047400000000003,100,True,
benchmark,7617,q5_orders_offset,18.472300000000001,50,True,
benchmark,7618,q6_products_by_seller,0.2248,2,True,
benchmark,7619,q7_products_join_sellers,0.34000000000000002,2,True,
benchmark,7620,q8_order_items_join_products,0.39419999999999999,3,True,
benchmark,7621,q9_orders_items_products_by_user,0.21529999999999999,0,True,
benchmark,7622,q10_top_sellers_qty,96.023899999999998,20,True,
benchmark,7623,q11_top_categories,0.2177,0,True,
benchmark,7624,q1_user_by_id,0.2016,1,True,
benchmark,7625,q2_all_users,12.1271,200,True,
benchmark,7626,q3_user_by_login,0.2044,1,True,
benchmark,7627,q4_sellers_rating,42.351799999999997,100,True,
benchmark,7628,q5_orders_offset,16.414000000000001,50,True,
benchmark,7629,q6_products_by_seller,0.26690000000000003,1,True,
benchmark,7630,q7_products_join_sellers,0.38519999999999999,1,True,
benchmark,7631,q8_order_items_join_products,0.41370000000000001,1,True,
benchmark,7632,q9_orders_items_products_by_user,0.61129999999999995,1,True,
benchmark,7633,q10_top_sellers_qty,109.27849999999999,20,True,
benchmark,7634,q11_top_categories,0.2112,0,True,
benchmark,7635,q1_user_by_id,0.26469999999999999,1,True,
benchmark,7636,q2_all_users,5.6506999999999996,200,True,
benchmark,7637,q3_user_by_login,0.2384,1,True,
benchmark,7638,q4_sellers_rating,42.971400000000003,100,True,
benchmark,7639,q5_orders_offset,15.8355,50,True,
benchmark,7640,q6_products_by_seller,0.20949999999999999,2,True,
benchmark,7641,q7_products_join_sellers,0.32540000000000002,2,True,
benchmark,7642,q8_order_items_join_products,0.39150000000000001,2,True,
benchmark,7643,q9_orders_items_products_by_user,0.21099999999999999,0,True,
benchmark,7644,q10_top_sellers_qty,113.34399999999999,20,True,
benchmark,7645,q11_top_categories,0.2016,0,True,
benchmark,7646,q1_user_by_id,0.29720000000000002,1,True,
benchmark,7647,q2_all_users,5.6797000000000004,200,True,
benchmark,7648,q3_user_by_login,0.31119999999999998,1,True,
benchmark,7649,q4_sellers_rating,45.9056,100,True,
benchmark,7650,q5_orders_offset,15.875400000000001,50,True,
benchmark,7651,q6_products_by_seller,0.14069999999999999,0,True,
benchmark,7652,q7_products_join_sellers,0.1986,0,True,
benchmark,7653,q8_order_items_join_products,0.3911,1,True,
benchmark,7654,q9_orders_items_products_by_user,1.0059,6,True,
benchmark,7655,q10_top_sellers_qty,119.10290000000001,20,True,
benchmark,7656,q11_top_categories,0.20680000000000001,0,True,
benchmark,7657,q1_user_by_id,0.19370000000000001,1,True,
benchmark,7658,q2_all_users,5.4973000000000001,200,True,
benchmark,7659,q3_user_by_login,0.31530000000000002,1,True,
benchmark,7660,q4_sellers_rating,48.087499999999999,100,True,
benchmark,7661,q5_orders_offset,15.9152,50,True,
benchmark,7662,q6_products_by_seller,0.2177,1,True,
benchmark,7663,q7_products_join_sellers,0.33650000000000002,1,True,
benchmark,7664,q8_order_items_join_products,0.40350000000000003,2,True,
benchmark,7665,q9_orders_items_products_by_user,0.29499999999999998,0,True,
benchmark,7666,q10_top_sellers_qty,108.1232,20,True,
benchmark,7667,q11_top_categories,0.2107,0,True,
benchmark,7668,q1_user_by_id,0.29430000000000001,1,True,
benchmark,7669,q2_all_users,9.7258999999999993,200,True,
benchmark,7670,q3_user_by_login,0.2828,1,True,
benchmark,7671,q4_sellers_rating,44.184899999999999,100,True,
benchmark,7672,q5_orders_offset,15.7394,50,True,
benchmark,7673,q6_products_by_seller,0.14799999999999999,0,True,
benchmark,7674,q7_products_join_sellers,0.20999999999999999,0,True,
benchmark,7675,q8_order_items_join_products,0.45050000000000001,2,True,
benchmark,7676,q9_orders_items_products_by_user,0.56000000000000005,4,True,
benchmark,7677,q10_top_sellers_qty,110.37569999999999,20,True,
benchmark,7678,q11_top_categories,0.19819999999999999,0,True,
benchmark,7679,q1_user_by_id,0.20330000000000001,1,True,
benchmark,7680,q2_all_users,5.9432,200,True,
benchmark,7681,q3_user_by_login,0.1948,1,True,
benchmark,7682,q4_sellers_rating,41.767899999999997,100,True,
benchmark,7683,q5_orders_offset,15.9354,50,True,
benchmark,7684,q6_products_by_seller,0.21529999999999999,2,True,
benchmark,7685,q7_products_join_sellers,0.34250000000000003,2,True,
benchmark,7686,q8_order_items_join_products,0.38800000000000001,2,True,
benchmark,7687,q9_orders_items_products_by_user,0.34029999999999999,0,True,
benchmark,7688,q10_top_sellers_qty,101.44499999999999,20,True,
benchmark,7689,q11_top_categories,0.31609999999999999,0,True,
benchmark,7690,q1_user_by_id,0.31319999999999998,1,True,
benchmark,7691,q2_all_users,5.7038000000000002,200,True,
benchmark,7692,q3_user_by_login,0.25619999999999998,1,True,
benchmark,7693,q4_sellers_rating,42.590800000000002,100,True,
benchmark,7694,q5_orders_offset,19.319600000000001,50,True,
benchmark,7695,q6_products_by_seller,0.14180000000000001,0,True,
benchmark,7696,q7_products_join_sellers,0.19839999999999999,0,True,
benchmark,7697,q8_order_items_join_products,0.4047,4,True,
benchmark,7698,q9_orders_items_products_by_user,0.49409999999999998,2,True,
benchmark,7699,q10_top_sellers_qty,114.0333,20,True,
benchmark,7700,q11_top_categories,0.19070000000000001,0,True,
benchmark,7701,q1_user_by_id,0.2545,1,True,
benchmark,7702,q2_all_users,9.6974999999999998,200,True,
benchmark,7703,q3_user_by_login,0.31609999999999999,1,True,
benchmark,7704,q4_sellers_rating,45.996499999999997,100,True,
benchmark,7705,q5_orders_offset,15.957599999999999,50,True,
benchmark,7706,q6_products_by_seller,0.2198,1,True,
benchmark,7707,q7_products_join_sellers,0.32950000000000002,1,True,
benchmark,7708,q8_order_items_join_products,0.39279999999999998,1,True,
benchmark,7709,q9_orders_items_products_by_user,0.52990000000000004,4,True,
benchmark,7710,q10_top_sellers_qty,108.66079999999999,20,True,
benchmark,7711,q11_top_categories,0.1525,0,True,
benchmark,7712,q1_user_by_id,0.2235,1,True,
benchmark,7713,q2_all_users,10.5525,200,True,
benchmark,7714,q3_user_by_login,0.20250000000000001,1,True,
benchmark,7715,q4_sellers_rating,48.134900000000002,100,True,
benchmark,7716,q5_orders_offset,15.7826,50,True,
benchmark,7717,q6_products_by_seller,0.2041,1,True,
benchmark,7718,q7_products_join_sellers,0.33300000000000002,1,True,
benchmark,7719,q8_order_items_join_products,0.38400000000000001,4,True,
benchmark,7720,q9_orders_items_products_by_user,0.074899999999999994,0,True,
benchmark,7721,q10_top_sellers_qty,101.7527,20,True,
benchmark,7722,q11_top_categories,0.218,0,True,
benchmark,7723,q1_user_by_id,0.182,1,True,
benchmark,7724,q2_all_users,6.1989000000000001,200,True,
benchmark,7725,q3_user_by_login,0.23710000000000001,1,True,
benchmark,7726,q4_sellers_rating,41.377800000000001,100,True,
benchmark,7727,q5_orders_offset,16.162600000000001,50,True,
benchmark,7728,q6_products_by_seller,0.22170000000000001,1,True,
benchmark,7729,q7_products_join_sellers,0.34089999999999998,1,True,
benchmark,7730,q8_order_items_join_products,0.37630000000000002,2,True,
benchmark,7731,q9_orders_items_products_by_user,0.20519999999999999,0,True,
benchmark,7732,q10_top_sellers_qty,118.0187,20,True,
benchmark,7733,q11_top_categories,0.2397,0,True,
benchmark,7734,q1_user_by_id,0.29720000000000002,1,True,
benchmark,7735,q2_all_users,5.9931999999999999,200,True,
benchmark,7736,q3_user_by_login,0.3196,1,True,
benchmark,7737,q4_sellers_rating,42.881,100,True,
benchmark,7738,q5_orders_offset,18.874199999999998,50,True,
benchmark,7739,q6_products_by_seller,0.21079999999999999,2,True,
benchmark,7740,q7_products_join_sellers,0.40160000000000001,2,True,
benchmark,7741,q8_order_items_join_products,0.38679999999999998,3,True,
benchmark,7742,q9_orders_items_products_by_user,0.10340000000000001,0,True,
benchmark,7743,q10_top_sellers_qty,102.5487,20,True,
benchmark,7744,q11_top_categories,0.26469999999999999,0,True,
benchmark,7745,q1_user_by_id,0.26140000000000002,1,True,
benchmark,7746,q2_all_users,5.7108999999999996,200,True,
benchmark,7747,q3_user_by_login,0.26019999999999999,1,True,
benchmark,7748,q4_sellers_rating,43.185099999999998,100,True,
benchmark,7749,q5_orders_offset,19.2559,50,True,
benchmark,7750,q6_products_by_seller,0.13,0,True,
benchmark,7751,q7_products_join_sellers,0.19489999999999999,0,True,
benchmark,7752,q8_order_items_join_products,0.37809999999999999,1,True,
benchmark,7753,q9_orders_items_products_by_user,0.078799999999999995,0,True,
benchmark,7754,q10_top_sellers_qty,99.181100000000001,20,True,
benchmark,7755,q11_top_categories,0.21029999999999999,0,True,
benchmark,7756,q1_user_by_id,0.22750000000000001,1,True,
benchmark,7757,q2_all_users,14.248799999999999,200,True,
benchmark,7758,q3_user_by_login,0.2525,1,True,
benchmark,7759,q4_sellers_rating,44.560200000000002,100,True,
benchmark,7760,q5_orders_offset,16.034600000000001,50,True,
benchmark,7761,q6_products_by_seller,0.21990000000000001,1,True,
benchmark,7762,q7_products_join_sellers,0.3357,1,True,
benchmark,7763,q8_order_items_join_products,0.41830000000000001,5,True,
benchmark,7764,q9_orders_items_products_by_user,0.080399999999999999,0,True,
benchmark,7765,q10_top_sellers_qty,103.36020000000001,20,True,
benchmark,7766,q11_top_categories,0.20269999999999999,0,True,
benchmark,7767,q1_user_by_id,0.251,1,True,
benchmark,7768,q2_all_users,5.5038,200,True,
benchmark,7769,q3_user_by_login,0.2051,1,True,
benchmark,7770,q4_sellers_rating,42.451000000000001,100,True,
benchmark,7771,q5_orders_offset,15.632999999999999,50,True,
benchmark,7772,q6_products_by_seller,0.22919999999999999,1,True,
benchmark,7773,q7_products_join_sellers,0.33100000000000002,1,True,
benchmark,7774,q8_order_items_join_products,0.37119999999999997,2,True,
benchmark,7775,q9_orders_items_products_by_user,0.57379999999999998,3,True,
benchmark,7776,q10_top_sellers_qty,117.086,20,True,
benchmark,7777,q11_top_categories,0.1963,0,True,
benchmark,7778,q1_user_by_id,0.33379999999999999,1,True,
benchmark,7779,q2_all_users,5.9645000000000001,200,True,
benchmark,7780,q3_user_by_login,0.28499999999999998,1,True,
benchmark,7781,q4_sellers_rating,45.029499999999999,100,True,
benchmark,7782,q5_orders_offset,15.605700000000001,50,True,
benchmark,7783,q6_products_by_seller,0.23350000000000001,1,True,
benchmark,7784,q7_products_join_sellers,0.36609999999999998,1,True,
benchmark,7785,q8_order_items_join_products,0.40160000000000001,5,True,
benchmark,7786,q9_orders_items_products_by_user,0.076799999999999993,0,True,
benchmark,7787,q10_top_sellers_qty,113.97750000000001,20,True,
benchmark,7788,q11_top_categories,1.9359999999999999,0,True,
benchmark,7789,q1_user_by_id,0.24079999999999999,1,True,
benchmark,7790,q2_all_users,5.4120999999999997,200,True,
benchmark,7791,q3_user_by_login,0.23050000000000001,1,True,
benchmark,7792,q4_sellers_rating,43.757800000000003,100,True,
benchmark,7793,q5_orders_offset,18.811699999999998,50,True,
benchmark,7794,q6_products_by_seller,0.1217,0,True,
benchmark,7795,q7_products_join_sellers,0.1905,0,True,
benchmark,7796,q8_order_items_join_products,0.3972,5,True,
benchmark,7797,q9_orders_items_products_by_user,0.49869999999999998,3,True,
benchmark,7798,q10_top_sellers_qty,100.22190000000001,20,True,
benchmark,7799,q11_top_categories,0.21440000000000001,0,True,
benchmark,7800,q1_user_by_id,0.18770000000000001,1,True,
benchmark,7801,q2_all_users,5.7248999999999999,200,True,
benchmark,7802,q3_user_by_login,0.27689999999999998,1,True,
benchmark,7803,q4_sellers_rating,44.634700000000002,100,True,
benchmark,7804,q5_orders_offset,18.9681,50,True,
benchmark,7805,q6_products_by_seller,0.25969999999999999,1,True,
benchmark,7806,q7_products_join_sellers,0.29980000000000001,1,True,
benchmark,7807,q8_order_items_join_products,0.33389999999999997,2,True,
benchmark,7808,q9_orders_items_products_by_user,0.10539999999999999,0,True,
benchmark,7809,q10_top_sellers_qty,113.297,20,True,
benchmark,7810,q11_top_categories,0.16569999999999999,0,True,
benchmark,7811,q1_user_by_id,0.19539999999999999,1,True,
benchmark,7812,q2_all_users,9.0899999999999999,200,True,
benchmark,7813,q3_user_by_login,0.28310000000000002,1,True,
benchmark,7814,q4_sellers_rating,55.134,100,True,
benchmark,7815,q5_orders_offset,15.743,50,True,
benchmark,7816,q6_products_by_seller,0.22500000000000001,1,True,
benchmark,7817,q7_products_join_sellers,0.3523,1,True,
benchmark,7818,q8_order_items_join_products,0.4052,3,True,
benchmark,7819,q9_orders_items_products_by_user,0.62460000000000004,5,True,
benchmark,7820,q10_top_sellers_qty,104.212,20,True,
benchmark,7821,q11_top_categories,0.21310000000000001,0,True,
benchmark,7822,q1_user_by_id,0.2077,1,True,
benchmark,7823,q2_all_users,5.6726999999999999,200,True,
benchmark,7824,q3_user_by_login,0.27889999999999998,1,True,
benchmark,7825,q4_sellers_rating,41.8476,100,True,
benchmark,7826,q5_orders_offset,15.969200000000001,50,True,
benchmark,7827,q6_products_by_seller,0.2296,4,True,
benchmark,7828,q7_products_join_sellers,0.3523,4,True,
benchmark,7829,q8_order_items_join_products,0.38479999999999998,2,True,
benchmark,7830,q9_orders_items_products_by_user,0.21920000000000001,0,True,
benchmark,7831,q10_top_sellers_qty,118.801,20,True,
benchmark,7832,q11_top_categories,0.2036,0,True,
benchmark,7833,q1_user_by_id,0.2213,1,True,
benchmark,7834,q2_all_users,6.0758999999999999,200,True,
benchmark,7835,q3_user_by_login,0.1958,1,True,
benchmark,7836,q4_sellers_rating,44.243699999999997,100,True,
benchmark,7837,q5_orders_offset,15.9148,50,True,
benchmark,7838,q6_products_by_seller,0.22470000000000001,4,True,
benchmark,7839,q7_products_join_sellers,0.3407,4,True,
benchmark,7840,q8_order_items_join_products,0.42509999999999998,5,True,
benchmark,7841,q9_orders_items_products_by_user,0.22,0,True,
benchmark,7842,q10_top_sellers_qty,110.5667,20,True,
benchmark,7843,q11_top_categories,0.19739999999999999,0,True,
benchmark,7844,q1_user_by_id,0.2036,1,True,
benchmark,7845,q2_all_users,5.6806000000000001,200,True,
benchmark,7846,q3_user_by_login,0.27379999999999999,1,True,
benchmark,7847,q4_sellers_rating,49.319899999999997,100,True,
benchmark,7848,q5_orders_offset,15.9131,50,True,
benchmark,7849,q6_products_by_seller,0.20930000000000001,2,True,
benchmark,7850,q7_products_join_sellers,0.33639999999999998,2,True,
benchmark,7851,q8_order_items_join_products,0.36499999999999999,2,True,
benchmark,7852,q9_orders_items_products_by_user,0.080199999999999994,0,True,
benchmark,7853,q10_top_sellers_qty,110.78449999999999,20,True,
benchmark,7854,q11_top_categories,0.1968,0,True,
benchmark,7855,q1_user_by_id,0.19350000000000001,1,True,
benchmark,7856,q2_all_users,11.8215,200,True,
benchmark,7857,q3_user_by_login,0.33860000000000001,1,True,
benchmark,7858,q4_sellers_rating,59.4452,100,True,
benchmark,7859,q5_orders_offset,15.885199999999999,50,True,
benchmark,7860,q6_products_by_seller,0.1336,0,True,
benchmark,7861,q7_products_join_sellers,0.20399999999999999,0,True,
benchmark,7862,q8_order_items_join_products,0.40150000000000002,4,True,
benchmark,7863,q9_orders_items_products_by_user,0.21560000000000001,0,True,
benchmark,7864,q10_top_sellers_qty,98.298400000000001,20,True,
benchmark,7865,q11_top_categories,0.21279999999999999,0,True,
benchmark,7866,q1_user_by_id,0.20910000000000001,1,True,
benchmark,7867,q2_all_users,5.6669999999999998,200,True,
benchmark,7868,q3_user_by_login,0.2424,1,True,
benchmark,7869,q4_sellers_rating,41.865699999999997,100,True,
benchmark,7870,q5_orders_offset,16.137,50,True,
benchmark,7871,q6_products_by_seller,0.12479999999999999,0,True,
benchmark,7872,q7_products_join_sellers,0.1948,0,True,
benchmark,7873,q8_order_items_join_products,0.38529999999999998,2,True,
benchmark,7874,q9_orders_items_products_by_user,0.64500000000000002,3,True,
benchmark,7875,q10_top_sellers_qty,115.65949999999999,20,True,
benchmark,7876,q11_top_categories,0.1925,0,True,
benchmark,7877,q1_user_by_id,0.3049,1,True,
benchmark,7878,q2_all_users,6.3541999999999996,200,True,
benchmark,7879,q3_user_by_login,0.2094,1,True,
benchmark,7880,q4_sellers_rating,44.6496,100,True,
benchmark,7881,q5_orders_offset,20.456399999999999,50,True,
benchmark,7882,q6_products_by_seller,0.26600000000000001,1,True,
benchmark,7883,q7_products_join_sellers,0.373,1,True,
benchmark,7884,q8_order_items_join_products,0.44600000000000001,5,True,
benchmark,7885,q9_orders_items_products_by_user,1.0107999999999999,4,True,
benchmark,7886,q10_top_sellers_qty,123.2431,20,True,
benchmark,7887,q11_top_categories,0.20830000000000001,0,True,
benchmark,7888,q1_user_by_id,0.30409999999999998,1,True,
benchmark,7889,q2_all_users,8.9349000000000007,200,True,
benchmark,7890,q3_user_by_login,0.2782,1,True,
benchmark,7891,q4_sellers_rating,47.555,100,True,
benchmark,7892,q5_orders_offset,16.2517,50,True,
benchmark,7893,q6_products_by_seller,0.1268,0,True,
benchmark,7894,q7_products_join_sellers,0.1777,0,True,
benchmark,7895,q8_order_items_join_products,0.3745,5,True,
benchmark,7896,q9_orders_items_products_by_user,0.18360000000000001,0,True,
benchmark,7897,q10_top_sellers_qty,114.7466,20,True,
benchmark,7898,q11_top_categories,0.2301,0,True,
benchmark,7899,q1_user_by_id,0.2077,1,True,
benchmark,7900,q2_all_users,8.3278999999999996,200,True,
benchmark,7901,q3_user_by_login,0.29920000000000002,1,True,
benchmark,7902,q4_sellers_rating,42.971699999999998,100,True,
benchmark,7903,q5_orders_offset,15.9709,50,True,
benchmark,7904,q6_products_by_seller,0.1308,0,True,
benchmark,7905,q7_products_join_sellers,0.18049999999999999,0,True,
benchmark,7906,q8_order_items_join_products,0.40229999999999999,3,True,
benchmark,7907,q9_orders_items_products_by_user,0.42120000000000002,2,True,
benchmark,7908,q10_top_sellers_qty,101.01739999999999,20,True,
benchmark,7909,q11_top_categories,0.21160000000000001,0,True,
benchmark,7910,q1_user_by_id,0.2392,1,True,
benchmark,7911,q2_all_users,5.6707000000000001,200,True,
benchmark,7912,q3_user_by_login,0.26910000000000001,1,True,
benchmark,7913,q4_sellers_rating,40.590499999999999,100,True,
benchmark,7914,q5_orders_offset,15.8772,50,True,
benchmark,7915,q6_products_by_seller,0.21099999999999999,3,True,
benchmark,7916,q7_products_join_sellers,0.3861,3,True,
benchmark,7917,q8_order_items_join_products,0.38929999999999998,3,True,
benchmark,7918,q9_orders_items_products_by_user,0.077600000000000002,0,True,
benchmark,7919,q10_top_sellers_qty,119.14579999999999,20,True,
benchmark,7920,q11_top_categories,0.22770000000000001,0,True,
benchmark,7921,q1_user_by_id,0.29010000000000002,1,True,
benchmark,7922,q2_all_users,6.3467000000000002,200,True,
benchmark,7923,q3_user_by_login,0.2198,1,True,
benchmark,7924,q4_sellers_rating,46.108499999999999,100,True,
benchmark,7925,q5_orders_offset,19.043700000000001,50,True,
benchmark,7926,q6_products_by_seller,0.14119999999999999,0,True,
benchmark,7927,q7_products_join_sellers,0.20200000000000001,0,True,
benchmark,7928,q8_order_items_join_products,0.40110000000000001,1,True,
benchmark,7929,q9_orders_items_products_by_user,0.076700000000000004,0,True,
benchmark,7930,q10_top_sellers_qty,111.9843,20,True,
benchmark,7931,q11_top_categories,0.35439999999999999,0,True,
benchmark,7932,q1_user_by_id,0.43330000000000002,1,True,
benchmark,7933,q2_all_users,11.365399999999999,200,True,
benchmark,7934,q3_user_by_login,0.2311,1,True,
benchmark,7935,q4_sellers_rating,49.186500000000002,100,True,
benchmark,7936,q5_orders_offset,16.3277,50,True,
benchmark,7937,q6_products_by_seller,0.214,1,True,
benchmark,7938,q7_products_join_sellers,0.32950000000000002,1,True,
benchmark,7939,q8_order_items_join_products,0.37030000000000002,2,True,
benchmark,7940,q9_orders_items_products_by_user,0.2034,0,True,
benchmark,7941,q10_top_sellers_qty,111.9701,20,True,
benchmark,7942,q11_top_categories,0.19670000000000001,0,True,
benchmark,7943,q1_user_by_id,0.23649999999999999,1,True,
benchmark,7944,q2_all_users,7.8699000000000003,200,True,
benchmark,7945,q3_user_by_login,0.34029999999999999,1,True,
benchmark,7946,q4_sellers_rating,43.239400000000003,100,True,
benchmark,7947,q5_orders_offset,15.5357,50,True,
benchmark,7948,q6_products_by_seller,0.13930000000000001,0,True,
benchmark,7949,q7_products_join_sellers,0.19900000000000001,0,True,
benchmark,7950,q8_order_items_join_products,0.43830000000000002,4,True,
benchmark,7951,q9_orders_items_products_by_user,1.3634999999999999,12,True,
benchmark,7952,q10_top_sellers_qty,97.097999999999999,20,True,
benchmark,7953,q11_top_categories,0.20610000000000001,0,True,
benchmark,7954,q1_user_by_id,0.2379,1,True,
benchmark,7955,q2_all_users,5.8947000000000003,200,True,
benchmark,7956,q3_user_by_login,0.19819999999999999,1,True,
benchmark,7957,q4_sellers_rating,37.4099,100,True,
benchmark,7958,q5_orders_offset,16.019500000000001,50,True,
benchmark,7959,q6_products_by_seller,0.16800000000000001,0,True,
benchmark,7960,q7_products_join_sellers,0.22,0,True,
benchmark,7961,q8_order_items_join_products,0.44190000000000002,5,True,
benchmark,7962,q9_orders_items_products_by_user,0.53500000000000003,3,True,
benchmark,7963,q10_top_sellers_qty,115.78360000000001,20,True,
benchmark,7964,q11_top_categories,0.21679999999999999,0,True,
benchmark,7965,q1_user_by_id,0.18779999999999999,1,True,
benchmark,7966,q2_all_users,6.0313999999999997,200,True,
benchmark,7967,q3_user_by_login,0.26850000000000002,1,True,
benchmark,7968,q4_sellers_rating,42.613799999999998,100,True,
benchmark,7969,q5_orders_offset,18.799700000000001,50,True,
benchmark,7970,q6_products_by_seller,0.1366,0,True,
benchmark,7971,q7_products_join_sellers,0.20219999999999999,0,True,
benchmark,7972,q8_order_items_join_products,0.44350000000000001,4,True,
benchmark,7973,q9_orders_items_products_by_user,0.083699999999999997,0,True,
benchmark,7974,q10_top_sellers_qty,107.5102,20,True,
benchmark,7975,q11_top_categories,0.1956,0,True,
benchmark,7976,q1_user_by_id,0.23580000000000001,1,True,
benchmark,7977,q2_all_users,9.0259999999999998,200,True,
benchmark,7978,q3_user_by_login,0.24640000000000001,1,True,
benchmark,7979,q4_sellers_rating,46.254899999999999,100,True,
benchmark,7980,q5_orders_offset,16.081900000000001,50,True,
benchmark,7981,q6_products_by_seller,0.13350000000000001,0,True,
benchmark,7982,q7_products_join_sellers,0.19769999999999999,0,True,
benchmark,7983,q8_order_items_join_products,0.37359999999999999,2,True,
benchmark,7984,q9_orders_items_products_by_user,0.34489999999999998,1,True,
benchmark,7985,q10_top_sellers_qty,100.7175,20,True,
benchmark,7986,q11_top_categories,0.2001,0,True,
benchmark,7987,q1_user_by_id,0.19750000000000001,1,True,
benchmark,7988,q2_all_users,10.7262,200,True,
benchmark,7989,q3_user_by_login,0.218,1,True,
benchmark,7990,q4_sellers_rating,48.435000000000002,100,True,
benchmark,7991,q5_orders_offset,15.870200000000001,50,True,
benchmark,7992,q6_products_by_seller,0.1953,1,True,
benchmark,7993,q7_products_join_sellers,0.32100000000000001,1,True,
benchmark,7994,q8_order_items_join_products,0.41410000000000002,4,True,
benchmark,7995,q9_orders_items_products_by_user,0.085699999999999998,0,True,
benchmark,7996,q10_top_sellers_qty,103.22239999999999,20,True,
benchmark,7997,q11_top_categories,0.2064,0,True,
benchmark,7998,q1_user_by_id,0.2341,1,True,
benchmark,7999,q2_all_users,5.9261999999999997,200,True,
benchmark,8000,q3_user_by_login,0.19400000000000001,1,True,
benchmark,8001,q4_sellers_rating,41.377699999999997,100,True,
benchmark,8002,q5_orders_offset,16.079000000000001,50,True,
benchmark,8003,q6_products_by_seller,0.221,1,True,
benchmark,8004,q7_products_join_sellers,0.3377,1,True,
benchmark,8005,q8_order_items_join_products,0.40100000000000002,5,True,
benchmark,8006,q9_orders_items_products_by_user,0.079299999999999995,0,True,
benchmark,8007,q10_top_sellers_qty,112.4691,20,True,
benchmark,8008,q11_top_categories,0.245,0,True,
benchmark,8009,q1_user_by_id,0.28149999999999997,1,True,
benchmark,8010,q2_all_users,6.109,200,True,
benchmark,8011,q3_user_by_login,0.27629999999999999,1,True,
benchmark,8012,q4_sellers_rating,41.011600000000001,100,True,
benchmark,8013,q5_orders_offset,18.882400000000001,50,True,
benchmark,8014,q6_products_by_seller,0.17699999999999999,0,True,
benchmark,8015,q7_products_join_sellers,0.2019,0,True,
benchmark,8016,q8_order_items_join_products,0.48930000000000001,3,True,
benchmark,8017,q9_orders_items_products_by_user,0.34060000000000001,0,True,
benchmark,8018,q10_top_sellers_qty,105.1836,20,True,
benchmark,8019,q11_top_categories,0.26640000000000003,0,True,
benchmark,8020,q1_user_by_id,0.26519999999999999,1,True,
benchmark,8021,q2_all_users,5.4104999999999999,200,True,
benchmark,8022,q3_user_by_login,0.22670000000000001,1,True,
benchmark,8023,q4_sellers_rating,39.852899999999998,100,True,
benchmark,8024,q5_orders_offset,19.006499999999999,50,True,
benchmark,8025,q6_products_by_seller,0.23430000000000001,2,True,
benchmark,8026,q7_products_join_sellers,0.3594,2,True,
benchmark,8027,q8_order_items_join_products,0.375,1,True,
benchmark,8028,q9_orders_items_products_by_user,0.075999999999999998,0,True,
benchmark,8029,q10_top_sellers_qty,112.819,20,True,
benchmark,8030,q11_top_categories,0.1918,0,True,
benchmark,8031,q1_user_by_id,0.26419999999999999,1,True,
benchmark,8032,q2_all_users,8.8213000000000008,200,True,
benchmark,8033,q3_user_by_login,0.38600000000000001,1,True,
benchmark,8034,q4_sellers_rating,44.897399999999998,100,True,
benchmark,8035,q5_orders_offset,16.024699999999999,50,True,
benchmark,8036,q6_products_by_seller,0.1348,0,True,
benchmark,8037,q7_products_join_sellers,0.19700000000000001,0,True,
benchmark,8038,q8_order_items_join_products,0.40679999999999999,3,True,
benchmark,8039,q9_orders_items_products_by_user,0.47820000000000001,3,True,
benchmark,8040,q10_top_sellers_qty,111.9705,20,True,
benchmark,8041,q11_top_categories,0.19450000000000001,0,True,
benchmark,8042,q1_user_by_id,0.20319999999999999,1,True,
benchmark,8043,q2_all_users,9.0340000000000007,200,True,
benchmark,8044,q3_user_by_login,0.20230000000000001,1,True,
benchmark,8045,q4_sellers_rating,44.368000000000002,100,True,
benchmark,8046,q5_orders_offset,15.8893,50,True,
benchmark,8047,q6_products_by_seller,0.19769999999999999,1,True,
benchmark,8048,q7_products_join_sellers,0.34300000000000003,1,True,
benchmark,8049,q8_order_items_join_products,0.3906,3,True,
benchmark,8050,q9_orders_items_products_by_user,0.079200000000000007,0,True,
benchmark,8051,q10_top_sellers_qty,99.634500000000003,20,True,
benchmark,8052,q11_top_categories,0.2422,0,True,
benchmark,8053,q1_user_by_id,0.2112,1,True,
benchmark,8054,q2_all_users,6.1364999999999998,200,True,
benchmark,8055,q3_user_by_login,0.24279999999999999,1,True,
benchmark,8056,q4_sellers_rating,41.189500000000002,100,True,
benchmark,8057,q5_orders_offset,15.593999999999999,50,True,
benchmark,8058,q6_products_by_seller,0.21909999999999999,1,True,
benchmark,8059,q7_products_join_sellers,0.33889999999999998,1,True,
benchmark,8060,q8_order_items_join_products,0.40250000000000002,4,True,
benchmark,8061,q9_orders_items_products_by_user,0.073999999999999996,0,True,
benchmark,8062,q10_top_sellers_qty,119.0164,20,True,
benchmark,8063,q11_top_categories,0.193,0,True,
benchmark,8064,q1_user_by_id,0.30009999999999998,1,True,
benchmark,8065,q2_all_users,6.0488,200,True,
benchmark,8066,q3_user_by_login,0.19359999999999999,1,True,
benchmark,8067,q4_sellers_rating,45.065399999999997,100,True,
benchmark,8068,q5_orders_offset,19.243200000000002,50,True,
benchmark,8069,q6_products_by_seller,0.23350000000000001,1,True,
benchmark,8070,q7_products_join_sellers,0.33850000000000002,1,True,
benchmark,8071,q8_order_items_join_products,0.40920000000000001,5,True,
benchmark,8072,q9_orders_items_products_by_user,0.089999999999999997,0,True,
benchmark,8073,q10_top_sellers_qty,100.8907,20,True,
benchmark,8074,q11_top_categories,0.2021,0,True,
benchmark,8075,q1_user_by_id,0.2195,1,True,
benchmark,8076,q2_all_users,11.945,200,True,
benchmark,8077,q3_user_by_login,0.41549999999999998,1,True,
benchmark,8078,q4_sellers_rating,42.529499999999999,100,True,
benchmark,8079,q5_orders_offset,15.8332,50,True,
benchmark,8080,q6_products_by_seller,0.2162,1,True,
benchmark,8081,q7_products_join_sellers,0.32800000000000001,1,True,
benchmark,8082,q8_order_items_join_products,0.38840000000000002,4,True,
benchmark,8083,q9_orders_items_products_by_user,0.59730000000000005,4,True,
benchmark,8084,q10_top_sellers_qty,99.819199999999995,20,True,
benchmark,8085,q11_top_categories,0.19869999999999999,0,True,
benchmark,8086,q1_user_by_id,0.20599999999999999,1,True,
benchmark,8087,q2_all_users,7.7436999999999996,200,True,
benchmark,8088,q3_user_by_login,0.30280000000000001,1,True,
benchmark,8089,q4_sellers_rating,41.969299999999997,100,True,
benchmark,8090,q5_orders_offset,15.848699999999999,50,True,
benchmark,8091,q6_products_by_seller,0.20669999999999999,1,True,
benchmark,8092,q7_products_join_sellers,0.34050000000000002,1,True,
benchmark,8093,q8_order_items_join_products,0.39810000000000001,4,True,
benchmark,8094,q9_orders_items_products_by_user,0.58599999999999997,3,True,
benchmark,8095,q10_top_sellers_qty,117.4012,20,True,
benchmark,8096,q11_top_categories,0.1958,0,True,
benchmark,8097,q1_user_by_id,0.23569999999999999,1,True,
benchmark,8098,q2_all_users,5.6654999999999998,200,True,
benchmark,8099,q3_user_by_login,0.24010000000000001,1,True,
benchmark,8100,q4_sellers_rating,43.950200000000002,100,True,
benchmark,8101,q5_orders_offset,15.7117,50,True,
benchmark,8102,q6_products_by_seller,0.14099999999999999,0,True,
benchmark,8103,q7_products_join_sellers,0.20519999999999999,0,True,
benchmark,8104,q8_order_items_join_products,0.3921,2,True,
benchmark,8105,q9_orders_items_products_by_user,0.54249999999999998,4,True,
benchmark,8106,q10_top_sellers_qty,106.4452,20,True,
benchmark,8107,q11_top_categories,0.2142,0,True,
benchmark,8108,q1_user_by_id,0.2467,1,True,
benchmark,8109,q2_all_users,5.7531999999999996,200,True,
benchmark,8110,q3_user_by_login,0.24010000000000001,1,True,
benchmark,8111,q4_sellers_rating,46.1233,100,True,
benchmark,8112,q5_orders_offset,16.090399999999999,50,True,
benchmark,8113,q6_products_by_seller,0.14369999999999999,0,True,
benchmark,8114,q7_products_join_sellers,0.18940000000000001,0,True,
benchmark,8115,q8_order_items_join_products,0.44929999999999998,4,True,
benchmark,8116,q9_orders_items_products_by_user,0.72430000000000005,4,True,
benchmark,8117,q10_top_sellers_qty,107.8793,20,True,
benchmark,8118,q11_top_categories,0.30659999999999998,0,True,
benchmark,8119,q1_user_by_id,0.2843,1,True,
benchmark,8120,q2_all_users,11.7493,200,True,
benchmark,8121,q3_user_by_login,0.2185,1,True,
benchmark,8122,q4_sellers_rating,42.085000000000001,100,True,
benchmark,8123,q5_orders_offset,15.895200000000001,50,True,
benchmark,8124,q6_products_by_seller,0.22600000000000001,3,True,
benchmark,8125,q7_products_join_sellers,0.34439999999999998,3,True,
benchmark,8126,q8_order_items_join_products,0.39500000000000002,5,True,
benchmark,8127,q9_orders_items_products_by_user,0.078100000000000003,0,True,
benchmark,8128,q10_top_sellers_qty,100.90689999999999,20,True,
benchmark,8129,q11_top_categories,0.21809999999999999,0,True,
benchmark,8130,q1_user_by_id,0.2006,1,True,
benchmark,8131,q2_all_users,5.7081999999999997,200,True,
benchmark,8132,q3_user_by_login,0.21060000000000001,1,True,
benchmark,8133,q4_sellers_rating,50.638199999999998,100,True,
benchmark,8134,q5_orders_offset,16.032599999999999,50,True,
benchmark,8135,q6_products_by_seller,0.23219999999999999,1,True,
benchmark,8136,q7_products_join_sellers,0.34100000000000003,1,True,
benchmark,8137,q8_order_items_join_products,0.3962,2,True,
benchmark,8138,q9_orders_items_products_by_user,0.34589999999999999,1,True,
benchmark,8139,q10_top_sellers_qty,116.0607,20,True,
benchmark,8140,q11_top_categories,0.21840000000000001,0,True,
benchmark,8141,q1_user_by_id,0.1946,1,True,
benchmark,8142,q2_all_users,5.6669999999999998,200,True,
benchmark,8143,q3_user_by_login,0.23000000000000001,1,True,
benchmark,8144,q4_sellers_rating,44.0747,100,True,
benchmark,8145,q5_orders_offset,20.957799999999999,50,True,
benchmark,8146,q6_products_by_seller,0.39090000000000003,2,True,
benchmark,8147,q7_products_join_sellers,0.4945,2,True,
benchmark,8148,q8_order_items_join_products,0.44879999999999998,4,True,
benchmark,8149,q9_orders_items_products_by_user,0.82689999999999997,2,True,
benchmark,8150,q10_top_sellers_qty,111.18000000000001,20,True,
benchmark,8151,q11_top_categories,0.21529999999999999,0,True,
benchmark,8152,q1_user_by_id,0.2155,1,True,
benchmark,8153,q2_all_users,10.247999999999999,200,True,
benchmark,8154,q3_user_by_login,0.32269999999999999,1,True,
benchmark,8155,q4_sellers_rating,45.191400000000002,100,True,
benchmark,8156,q5_orders_offset,15.741199999999999,50,True,
benchmark,8157,q6_products_by_seller,0.2147,1,True,
benchmark,8158,q7_products_join_sellers,0.34549999999999997,1,True,
benchmark,8159,q8_order_items_join_products,0.4073,2,True,
benchmark,8160,q9_orders_items_products_by_user,0.075999999999999998,0,True,
benchmark,8161,q10_top_sellers_qty,95.877300000000005,20,True,
benchmark,8162,q11_top_categories,0.20419999999999999,0,True,
benchmark,8163,q1_user_by_id,0.21010000000000001,1,True,
benchmark,8164,q2_all_users,8.2675000000000001,200,True,
benchmark,8165,q3_user_by_login,0.2177,1,True,
benchmark,8166,q4_sellers_rating,39.502899999999997,100,True,
benchmark,8167,q5_orders_offset,15.9023,50,True,
benchmark,8168,q6_products_by_seller,0.15110000000000001,0,True,
benchmark,8169,q7_products_join_sellers,0.2001,0,True,
benchmark,8170,q8_order_items_join_products,0.43409999999999999,3,True,
benchmark,8171,q9_orders_items_products_by_user,0.2339,0,True,
benchmark,8172,q10_top_sellers_qty,102.3861,20,True,
benchmark,8173,q11_top_categories,0.22220000000000001,0,True,
benchmark,8174,q1_user_by_id,0.25290000000000001,1,True,
benchmark,8175,q2_all_users,5.7218,200,True,
benchmark,8176,q3_user_by_login,0.24399999999999999,1,True,
benchmark,8177,q4_sellers_rating,41.097700000000003,100,True,
benchmark,8178,q5_orders_offset,15.8992,50,True,
benchmark,8179,q6_products_by_seller,0.13719999999999999,0,True,
benchmark,8180,q7_products_join_sellers,0.20000000000000001,0,True,
benchmark,8181,q8_order_items_join_products,0.40560000000000002,5,True,
benchmark,8182,q9_orders_items_products_by_user,0.219,0,True,
benchmark,8183,q10_top_sellers_qty,107.8883,20,True,
benchmark,8184,q11_top_categories,0.2029,0,True,
benchmark,8185,q1_user_by_id,0.20230000000000001,1,True,
benchmark,8186,q2_all_users,5.7382,200,True,
benchmark,8187,q3_user_by_login,0.22819999999999999,1,True,
benchmark,8188,q4_sellers_rating,40.8994,100,True,
benchmark,8189,q5_orders_offset,22.880400000000002,50,True,
benchmark,8190,q6_products_by_seller,0.2525,1,True,
benchmark,8191,q7_products_join_sellers,0.3538,1,True,
benchmark,8192,q8_order_items_join_products,0.40400000000000003,4,True,
benchmark,8193,q9_orders_items_products_by_user,0.076999999999999999,0,True,
benchmark,8194,q10_top_sellers_qty,96.689300000000003,20,True,
benchmark,8195,q11_top_categories,0.20649999999999999,0,True,
benchmark,8196,q1_user_by_id,0.20369999999999999,1,True,
benchmark,8197,q2_all_users,9.6501999999999999,200,True,
benchmark,8198,q3_user_by_login,0.28370000000000001,1,True,
benchmark,8199,q4_sellers_rating,42.611400000000003,100,True,
benchmark,8200,q5_orders_offset,15.9785,50,True,
benchmark,8201,q6_products_by_seller,0.2225,3,True,
benchmark,8202,q7_products_join_sellers,0.35999999999999999,3,True,
benchmark,8203,q8_order_items_join_products,0.40039999999999998,4,True,
benchmark,8204,q9_orders_items_products_by_user,0.081799999999999998,0,True,
benchmark,8205,q10_top_sellers_qty,102.61790000000001,20,True,
benchmark,8206,q11_top_categories,0.19359999999999999,0,True,
benchmark,8207,q1_user_by_id,0.21479999999999999,1,True,
benchmark,8208,q2_all_users,5.6402999999999999,200,True,
benchmark,8209,q3_user_by_login,0.28179999999999999,1,True,
benchmark,8210,q4_sellers_rating,40.0152,100,True,
benchmark,8211,q5_orders_offset,15.599500000000001,50,True,
benchmark,8212,q6_products_by_seller,0.21329999999999999,1,True,
benchmark,8213,q7_products_join_sellers,0.33860000000000001,1,True,
benchmark,8214,q8_order_items_join_products,0.39319999999999999,4,True,
benchmark,8215,q9_orders_items_products_by_user,0.1948,0,True,
benchmark,8216,q10_top_sellers_qty,104.17910000000001,20,True,
benchmark,8217,q11_top_categories,0.20119999999999999,0,True,
benchmark,8218,q1_user_by_id,0.21429999999999999,1,True,
benchmark,8219,q2_all_users,8.1423000000000005,200,True,
benchmark,8220,q3_user_by_login,0.21870000000000001,1,True,
benchmark,8221,q4_sellers_rating,41.520699999999998,100,True,
benchmark,8222,q5_orders_offset,15.674099999999999,50,True,
benchmark,8223,q6_products_by_seller,0.13220000000000001,0,True,
benchmark,8224,q7_products_join_sellers,0.18340000000000001,0,True,
benchmark,8225,q8_order_items_join_products,0.4052,4,True,
benchmark,8226,q9_orders_items_products_by_user,0.4884,2,True,
benchmark,8227,q10_top_sellers_qty,101.006,20,True,
benchmark,8228,q11_top_categories,0.20380000000000001,0,True,
benchmark,8229,q1_user_by_id,0.2412,1,True,
benchmark,8230,q2_all_users,6.0194000000000001,200,True,
benchmark,8231,q3_user_by_login,0.27000000000000002,1,True,
benchmark,8232,q4_sellers_rating,39.386699999999998,100,True,
benchmark,8233,q5_orders_offset,18.859200000000001,50,True,
benchmark,8234,q6_products_by_seller,0.1401,0,True,
benchmark,8235,q7_products_join_sellers,0.1986,0,True,
benchmark,8236,q8_order_items_join_products,0.39419999999999999,1,True,
benchmark,8237,q9_orders_items_products_by_user,0.074099999999999999,0,True,
benchmark,8238,q10_top_sellers_qty,111.6948,20,True,
benchmark,8239,q11_top_categories,0.20669999999999999,0,True,
benchmark,8240,q1_user_by_id,0.19,1,True,
benchmark,8241,q2_all_users,10.01,200,True,
benchmark,8242,q3_user_by_login,0.31859999999999999,1,True,
benchmark,8243,q4_sellers_rating,44.012999999999998,100,True,
benchmark,8244,q5_orders_offset,15.437200000000001,50,True,
benchmark,8245,q6_products_by_seller,0.21859999999999999,1,True,
benchmark,8246,q7_products_join_sellers,0.32679999999999998,1,True,
benchmark,8247,q8_order_items_join_products,0.38169999999999998,2,True,
benchmark,8248,q9_orders_items_products_by_user,0.2482,0,True,
benchmark,8249,q10_top_sellers_qty,98.097899999999996,20,True,
benchmark,8250,q11_top_categories,0.2142,0,True,
benchmark,8251,q1_user_by_id,0.19839999999999999,1,True,
benchmark,8252,q2_all_users,13.0883,200,True,
benchmark,8253,q3_user_by_login,0.31909999999999999,1,True,
benchmark,8254,q4_sellers_rating,41.097200000000001,100,True,
benchmark,8255,q5_orders_offset,15.676299999999999,50,True,
benchmark,8256,q6_products_by_seller,0.21440000000000001,2,True,
benchmark,8257,q7_products_join_sellers,0.3458,2,True,
benchmark,8258,q8_order_items_join_products,0.3765,2,True,
benchmark,8259,q9_orders_items_products_by_user,0.072900000000000006,0,True,
benchmark,8260,q10_top_sellers_qty,95.373199999999997,20,True,
benchmark,8261,q11_top_categories,0.24229999999999999,0,True,
benchmark,8262,q1_user_by_id,0.1993,1,True,
benchmark,8263,q2_all_users,5.3563000000000001,200,True,
benchmark,8264,q3_user_by_login,0.26219999999999999,1,True,
benchmark,8265,q4_sellers_rating,38.981099999999998,100,True,
benchmark,8266,q5_orders_offset,15.7438,50,True,
benchmark,8267,q6_products_by_seller,0.1384,0,True,
benchmark,8268,q7_products_join_sellers,0.18940000000000001,0,True,
benchmark,8269,q8_order_items_join_products,0.39439999999999997,2,True,
benchmark,8270,q9_orders_items_products_by_user,0.073800000000000004,0,True,
benchmark,8271,q10_top_sellers_qty,115.1164,20,True,
benchmark,8272,q11_top_categories,0.19869999999999999,0,True,
benchmark,8273,q1_user_by_id,0.25640000000000002,1,True,
benchmark,8274,q2_all_users,5.7522000000000002,200,True,
benchmark,8275,q3_user_by_login,0.31850000000000001,1,True,
benchmark,8276,q4_sellers_rating,43.649999999999999,100,True,
benchmark,8277,q5_orders_offset,19.157800000000002,50,True,
benchmark,8278,q6_products_by_seller,0.14829999999999999,0,True,
benchmark,8279,q7_products_join_sellers,0.20200000000000001,0,True,
benchmark,8280,q8_order_items_join_products,0.40300000000000002,2,True,
benchmark,8281,q9_orders_items_products_by_user,0.4234,2,True,
benchmark,8282,q10_top_sellers_qty,111.2227,20,True,
benchmark,8283,q11_top_categories,0.2127,0,True,
benchmark,8284,q1_user_by_id,0.2044,1,True,
benchmark,8285,q2_all_users,9.6925000000000008,200,True,
benchmark,8286,q3_user_by_login,0.30349999999999999,1,True,
benchmark,8287,q4_sellers_rating,48.197099999999999,100,True,
benchmark,8288,q5_orders_offset,15.843999999999999,50,True,
benchmark,8289,q6_products_by_seller,0.21890000000000001,2,True,
benchmark,8290,q7_products_join_sellers,0.35399999999999998,2,True,
benchmark,8291,q8_order_items_join_products,0.39350000000000002,1,True,
benchmark,8292,q9_orders_items_products_by_user,0.22600000000000001,0,True,
benchmark,8293,q10_top_sellers_qty,102.1463,20,True,
benchmark,8294,q11_top_categories,0.2104,0,True,
benchmark,8295,q1_user_by_id,0.21920000000000001,1,True,
benchmark,8296,q2_all_users,13.135999999999999,200,True,
benchmark,8297,q3_user_by_login,0.245,1,True,
benchmark,8298,q4_sellers_rating,49.253700000000002,100,True,
benchmark,8299,q5_orders_offset,15.5969,50,True,
benchmark,8300,q6_products_by_seller,0.21410000000000001,2,True,
benchmark,8301,q7_products_join_sellers,0.34789999999999999,2,True,
benchmark,8302,q8_order_items_join_products,0.40260000000000001,5,True,
benchmark,8303,q9_orders_items_products_by_user,0.20960000000000001,0,True,
benchmark,8304,q10_top_sellers_qty,108.5852,20,True,
benchmark,8305,q11_top_categories,0.19289999999999999,0,True,
benchmark,8306,q1_user_by_id,0.19520000000000001,1,True,
benchmark,8307,q2_all_users,5.7065000000000001,200,True,
benchmark,8308,q3_user_by_login,0.20660000000000001,1,True,
benchmark,8309,q4_sellers_rating,47.130200000000002,100,True,
benchmark,8310,q5_orders_offset,18.0091,50,True,
benchmark,8311,q6_products_by_seller,0.20599999999999999,1,True,
benchmark,8312,q7_products_join_sellers,0.33400000000000002,1,True,
benchmark,8313,q8_order_items_join_products,0.38929999999999998,4,True,
benchmark,8314,q9_orders_items_products_by_user,0.073200000000000001,0,True,
benchmark,8315,q10_top_sellers_qty,107.9126,20,True,
benchmark,8316,q11_top_categories,0.2019,0,True,
benchmark,8317,q1_user_by_id,0.1852,1,True,
benchmark,8318,q2_all_users,6.2912999999999997,200,True,
benchmark,8319,q3_user_by_login,0.28489999999999999,1,True,
benchmark,8320,q4_sellers_rating,44.381599999999999,100,True,
benchmark,8321,q5_orders_offset,23.0959,50,True,
benchmark,8322,q6_products_by_seller,0.2223,1,True,
benchmark,8323,q7_products_join_sellers,0.3362,1,True,
benchmark,8324,q8_order_items_join_products,0.38919999999999999,4,True,
benchmark,8325,q9_orders_items_products_by_user,0.087499999999999994,0,True,
benchmark,8326,q10_top_sellers_qty,93.635199999999998,20,True,
benchmark,8327,q11_top_categories,0.19370000000000001,0,True,
benchmark,8328,q1_user_by_id,0.2412,1,True,
benchmark,8329,q2_all_users,8.7447999999999997,200,True,
benchmark,8330,q3_user_by_login,0.2011,1,True,
benchmark,8331,q4_sellers_rating,41.503100000000003,100,True,
benchmark,8332,q5_orders_offset,15.6272,50,True,
benchmark,8333,q6_products_by_seller,0.1454,0,True,
benchmark,8334,q7_products_join_sellers,0.20610000000000001,0,True,
benchmark,8335,q8_order_items_join_products,0.4194,2,True,
benchmark,8336,q9_orders_items_products_by_user,0.70120000000000005,5,True,
benchmark,8337,q10_top_sellers_qty,100.2456,20,True,
benchmark,8338,q11_top_categories,0.2195,0,True,
benchmark,8339,q1_user_by_id,0.27139999999999997,1,True,
benchmark,8340,q2_all_users,10.3111,200,True,
benchmark,8341,q3_user_by_login,0.4022,1,True,
benchmark,8342,q4_sellers_rating,43.482199999999999,100,True,
benchmark,8343,q5_orders_offset,16.159600000000001,50,True,
benchmark,8344,q6_products_by_seller,0.21759999999999999,2,True,
benchmark,8345,q7_products_join_sellers,0.3493,2,True,
benchmark,8346,q8_order_items_join_products,0.41410000000000002,5,True,
benchmark,8347,q9_orders_items_products_by_user,0.077200000000000005,0,True,
benchmark,8348,q10_top_sellers_qty,109.39239999999999,20,True,
benchmark,8349,q11_top_categories,0.2016,0,True,
benchmark,8350,q1_user_by_id,0.2082,1,True,
benchmark,8351,q2_all_users,5.9394999999999998,200,True,
benchmark,8352,q3_user_by_login,0.20000000000000001,1,True,
benchmark,8353,q4_sellers_rating,48.356999999999999,100,True,
benchmark,8354,q5_orders_offset,15.5909,50,True,
benchmark,8355,q6_products_by_seller,0.28560000000000002,1,True,
benchmark,8356,q7_products_join_sellers,0.3755,1,True,
benchmark,8357,q8_order_items_join_products,0.44919999999999999,2,True,
benchmark,8358,q9_orders_items_products_by_user,0.28060000000000002,0,True,
benchmark,8359,q10_top_sellers_qty,106.27330000000001,20,True,
benchmark,8360,q11_top_categories,0.18720000000000001,0,True,
benchmark,8361,q1_user_by_id,0.20499999999999999,1,True,
benchmark,8362,q2_all_users,5.6529999999999996,200,True,
benchmark,8363,q3_user_by_login,0.30399999999999999,1,True,
benchmark,8364,q4_sellers_rating,40.839799999999997,100,True,
benchmark,8365,q5_orders_offset,22.686499999999999,50,True,
benchmark,8366,q6_products_by_seller,0.24310000000000001,1,True,
benchmark,8367,q7_products_join_sellers,0.3417,1,True,
benchmark,8368,q8_order_items_join_products,0.38850000000000001,1,True,
benchmark,8369,q9_orders_items_products_by_user,0.27410000000000001,0,True,
benchmark,8370,q10_top_sellers_qty,92.321200000000005,20,True,
benchmark,8371,q11_top_categories,0.1883,0,True,
benchmark,8372,q1_user_by_id,0.2535,1,True,
benchmark,8373,q2_all_users,12.307499999999999,200,True,
benchmark,8374,q3_user_by_login,0.26910000000000001,1,True,
benchmark,8375,q4_sellers_rating,42.808999999999997,100,True,
benchmark,8376,q5_orders_offset,15.617800000000001,50,True,
benchmark,8377,q6_products_by_seller,0.2036,3,True,
benchmark,8378,q7_products_join_sellers,0.3705,3,True,
benchmark,8379,q8_order_items_join_products,0.39419999999999999,4,True,
benchmark,8380,q9_orders_items_products_by_user,0.074200000000000002,0,True,
benchmark,8381,q10_top_sellers_qty,101.14100000000001,20,True,
benchmark,8382,q11_top_categories,0.22009999999999999,0,True,
benchmark,8383,q1_user_by_id,0.2482,1,True,
benchmark,8384,q2_all_users,6.2930999999999999,200,True,
benchmark,8385,q3_user_by_login,0.20949999999999999,1,True,
benchmark,8386,q4_sellers_rating,42.831000000000003,100,True,
benchmark,8387,q5_orders_offset,15.7681,50,True,
benchmark,8388,q6_products_by_seller,0.14119999999999999,0,True,
benchmark,8389,q7_products_join_sellers,0.20069999999999999,0,True,
benchmark,8390,q8_order_items_join_products,0.41270000000000001,3,True,
benchmark,8391,q9_orders_items_products_by_user,0.47770000000000001,2,True,
benchmark,8392,q10_top_sellers_qty,112.65689999999999,20,True,
benchmark,8393,q11_top_categories,0.1988,0,True,
benchmark,8394,q1_user_by_id,0.18809999999999999,1,True,
benchmark,8395,q2_all_users,5.9115000000000002,200,True,
benchmark,8396,q3_user_by_login,0.1983,1,True,
benchmark,8397,q4_sellers_rating,46.4786,100,True,
benchmark,8398,q5_orders_offset,15.574199999999999,50,True,
benchmark,8399,q6_products_by_seller,0.22750000000000001,3,True,
benchmark,8400,q7_products_join_sellers,0.3397,3,True,
benchmark,8401,q8_order_items_join_products,0.38419999999999999,3,True,
benchmark,8402,q9_orders_items_products_by_user,0.2177,0,True,
benchmark,8403,q10_top_sellers_qty,105.1367,20,True,
benchmark,8404,q11_top_categories,0.20999999999999999,0,True,
benchmark,8405,q1_user_by_id,0.2273,1,True,
benchmark,8406,q2_all_users,5.9508000000000001,200,True,
benchmark,8407,q3_user_by_login,0.2407,1,True,
benchmark,8408,q4_sellers_rating,39.452199999999998,100,True,
benchmark,8409,q5_orders_offset,22.707999999999998,50,True,
benchmark,8410,q6_products_by_seller,0.23480000000000001,1,True,
benchmark,8411,q7_products_join_sellers,0.34570000000000001,1,True,
benchmark,8412,q8_order_items_join_products,0.40139999999999998,5,True,
benchmark,8413,q9_orders_items_products_by_user,0.71440000000000003,4,True,
benchmark,8414,q10_top_sellers_qty,93.820400000000006,20,True,
benchmark,8415,q11_top_categories,0.20749999999999999,0,True,
benchmark,8416,q1_user_by_id,0.2029,1,True,
benchmark,8417,q2_all_users,12.592000000000001,200,True,
benchmark,8418,q3_user_by_login,0.22170000000000001,1,True,
benchmark,8419,q4_sellers_rating,43.3401,100,True,
benchmark,8420,q5_orders_offset,16.010899999999999,50,True,
benchmark,8421,q6_products_by_seller,0.22620000000000001,2,True,
benchmark,8422,q7_products_join_sellers,0.35020000000000001,2,True,
benchmark,8423,q8_order_items_join_products,0.3947,1,True,
benchmark,8424,q9_orders_items_products_by_user,0.0814,0,True,
benchmark,8425,q10_top_sellers_qty,101.1619,20,True,
benchmark,8426,q11_top_categories,0.20269999999999999,0,True,
benchmark,8427,q1_user_by_id,0.2414,1,True,
benchmark,8428,q2_all_users,5.7619999999999996,200,True,
benchmark,8429,q3_user_by_login,0.2016,1,True,
benchmark,8430,q4_sellers_rating,41.754600000000003,100,True,
benchmark,8431,q5_orders_offset,15.5229,50,True,
benchmark,8432,q6_products_by_seller,0.1227,0,True,
benchmark,8433,q7_products_join_sellers,0.1847,0,True,
benchmark,8434,q8_order_items_join_products,0.39179999999999998,2,True,
benchmark,8435,q9_orders_items_products_by_user,0.32469999999999999,0,True,
benchmark,8436,q10_top_sellers_qty,119.83629999999999,20,True,
benchmark,8437,q11_top_categories,0.18940000000000001,0,True,
benchmark,8438,q1_user_by_id,0.25419999999999998,1,True,
benchmark,8439,q2_all_users,5.5555000000000003,200,True,
benchmark,8440,q3_user_by_login,0.23530000000000001,1,True,
benchmark,8441,q4_sellers_rating,43.629399999999997,100,True,
benchmark,8442,q5_orders_offset,15.966799999999999,50,True,
benchmark,8443,q6_products_by_seller,0.22140000000000001,2,True,
benchmark,8444,q7_products_join_sellers,0.34029999999999999,2,True,
benchmark,8445,q8_order_items_join_products,0.37530000000000002,1,True,
benchmark,8446,q9_orders_items_products_by_user,0.3498,0,True,
benchmark,8447,q10_top_sellers_qty,108.9344,20,True,
benchmark,8448,q11_top_categories,0.21390000000000001,0,True,
benchmark,8449,q1_user_by_id,0.21160000000000001,1,True,
benchmark,8450,q2_all_users,5.6829999999999998,200,True,
benchmark,8451,q3_user_by_login,0.2039,1,True,
benchmark,8452,q4_sellers_rating,42.8401,100,True,
benchmark,8453,q5_orders_offset,19.2591,50,True,
benchmark,8454,q6_products_by_seller,0.219,1,True,
benchmark,8455,q7_products_join_sellers,0.35659999999999997,1,True,
benchmark,8456,q8_order_items_join_products,0.36120000000000002,4,True,
benchmark,8457,q9_orders_items_products_by_user,0.45829999999999999,3,True,
benchmark,8458,q10_top_sellers_qty,102.8109,20,True,
benchmark,8459,q11_top_categories,0.19769999999999999,0,True,
benchmark,8460,q1_user_by_id,0.25600000000000001,1,True,
benchmark,8461,q2_all_users,5.6684999999999999,200,True,
benchmark,8462,q3_user_by_login,0.24929999999999999,1,True,
benchmark,8463,q4_sellers_rating,40.991399999999999,100,True,
benchmark,8464,q5_orders_offset,18.995699999999999,50,True,
benchmark,8465,q6_products_by_seller,0.1404,0,True,
benchmark,8466,q7_products_join_sellers,0.19589999999999999,0,True,
benchmark,8467,q8_order_items_join_products,0.38300000000000001,1,True,
benchmark,8468,q9_orders_items_products_by_user,0.078100000000000003,0,True,
benchmark,8469,q10_top_sellers_qty,100.9962,20,True,
benchmark,8470,q11_top_categories,0.19120000000000001,0,True,
benchmark,8471,q1_user_by_id,0.2303,1,True,
benchmark,8472,q2_all_users,8.6874000000000002,200,True,
benchmark,8473,q3_user_by_login,0.3594,1,True,
benchmark,8474,q4_sellers_rating,43.779699999999998,100,True,
benchmark,8475,q5_orders_offset,15.4338,50,True,
benchmark,8476,q6_products_by_seller,0.13339999999999999,0,True,
benchmark,8477,q7_products_join_sellers,0.20080000000000001,0,True,
benchmark,8478,q8_order_items_join_products,0.39789999999999998,2,True,
benchmark,8479,q9_orders_items_products_by_user,0.59019999999999995,4,True,
benchmark,8480,q10_top_sellers_qty,110.9212,20,True,
benchmark,8481,q11_top_categories,0.19159999999999999,0,True,
benchmark,8482,q1_user_by_id,0.20910000000000001,1,True,
benchmark,8483,q2_all_users,10.620799999999999,200,True,
benchmark,8484,q3_user_by_login,0.30570000000000003,1,True,
benchmark,8485,q4_sellers_rating,44.242100000000001,100,True,
benchmark,8486,q5_orders_offset,15.652200000000001,50,True,
benchmark,8487,q6_products_by_seller,0.1411,0,True,
benchmark,8488,q7_products_join_sellers,0.19009999999999999,0,True,
benchmark,8489,q8_order_items_join_products,0.39429999999999998,1,True,
benchmark,8490,q9_orders_items_products_by_user,0.2122,0,True,
benchmark,8491,q10_top_sellers_qty,99.482100000000003,20,True,
benchmark,8492,q11_top_categories,0.1973,0,True,
benchmark,8493,q1_user_by_id,0.23580000000000001,1,True,
benchmark,8494,q2_all_users,5.3353999999999999,200,True,
benchmark,8495,q3_user_by_login,0.2296,1,True,
benchmark,8496,q4_sellers_rating,37.277000000000001,100,True,
benchmark,8497,q5_orders_offset,15.616300000000001,50,True,
benchmark,8498,q6_products_by_seller,0.2235,2,True,
benchmark,8499,q7_products_join_sellers,0.3347,2,True,
benchmark,8500,q8_order_items_join_products,0.38190000000000002,2,True,
benchmark,8501,q9_orders_items_products_by_user,0.22869999999999999,0,True,
benchmark,8502,q10_top_sellers_qty,110.2482,20,True,
benchmark,8503,q11_top_categories,0.2172,0,True,
benchmark,8504,q1_user_by_id,0.27950000000000003,1,True,
benchmark,8505,q2_all_users,5.6779999999999999,200,True,
benchmark,8506,q3_user_by_login,0.2412,1,True,
benchmark,8507,q4_sellers_rating,44.203200000000002,100,True,
benchmark,8508,q5_orders_offset,15.561999999999999,50,True,
benchmark,8509,q6_products_by_seller,0.13750000000000001,0,True,
benchmark,8510,q7_products_join_sellers,0.2031,0,True,
benchmark,8511,q8_order_items_join_products,0.39679999999999999,2,True,
benchmark,8512,q9_orders_items_products_by_user,0.61719999999999997,5,True,
benchmark,8513,q10_top_sellers_qty,103.4298,20,True,
benchmark,8514,q11_top_categories,0.18920000000000001,0,True,
benchmark,8515,q1_user_by_id,0.24790000000000001,1,True,
benchmark,8516,q2_all_users,12.090199999999999,200,True,
benchmark,8517,q3_user_by_login,0.33079999999999998,1,True,
benchmark,8518,q4_sellers_rating,48.113,100,True,
benchmark,8519,q5_orders_offset,15.894299999999999,50,True,
benchmark,8520,q6_products_by_seller,0.2046,1,True,
benchmark,8521,q7_products_join_sellers,0.33110000000000001,1,True,
benchmark,8522,q8_order_items_join_products,0.38200000000000001,1,True,
benchmark,8523,q9_orders_items_products_by_user,0.076899999999999996,0,True,
benchmark,8524,q10_top_sellers_qty,112.8862,20,True,
benchmark,8525,q11_top_categories,0.1946,0,True,
benchmark,8526,q1_user_by_id,0.252,1,True,
benchmark,8527,q2_all_users,5.7012999999999998,200,True,
benchmark,8528,q3_user_by_login,0.26590000000000003,1,True,
benchmark,8529,q4_sellers_rating,43.380000000000003,100,True,
benchmark,8530,q5_orders_offset,15.973599999999999,50,True,
benchmark,8531,q6_products_by_seller,0.21410000000000001,1,True,
benchmark,8532,q7_products_join_sellers,0.32929999999999998,1,True,
benchmark,8533,q8_order_items_join_products,0.40260000000000001,5,True,
benchmark,8534,q9_orders_items_products_by_user,0.084199999999999997,0,True,
benchmark,8535,q10_top_sellers_qty,113.3603,20,True,
benchmark,8536,q11_top_categories,0.19500000000000001,0,True,
benchmark,8537,q1_user_by_id,0.19289999999999999,1,True,
benchmark,8538,q2_all_users,5.8197000000000001,200,True,
benchmark,8539,q3_user_by_login,0.2666,1,True,
benchmark,8540,q4_sellers_rating,42.434699999999999,100,True,
benchmark,8541,q5_orders_offset,15.925800000000001,50,True,
benchmark,8542,q6_products_by_seller,0.14219999999999999,0,True,
benchmark,8543,q7_products_join_sellers,0.1978,0,True,
benchmark,8544,q8_order_items_join_products,0.41570000000000001,5,True,
benchmark,8545,q9_orders_items_products_by_user,0.0872,0,True,
benchmark,8546,q10_top_sellers_qty,116.42230000000001,20,True,
benchmark,8547,q11_top_categories,0.21299999999999999,0,True,
benchmark,8548,q1_user_by_id,0.19850000000000001,1,True,
benchmark,8549,q2_all_users,6.3311000000000002,200,True,
benchmark,8550,q3_user_by_login,0.28460000000000002,1,True,
benchmark,8551,q4_sellers_rating,48.247100000000003,100,True,
benchmark,8552,q5_orders_offset,15.9017,50,True,
benchmark,8553,q6_products_by_seller,0.2301,2,True,
benchmark,8554,q7_products_join_sellers,0.34599999999999997,2,True,
benchmark,8555,q8_order_items_join_products,0.44319999999999998,1,True,
benchmark,8556,q9_orders_items_products_by_user,0.435,1,True,
benchmark,8557,q10_top_sellers_qty,118.31950000000001,20,True,
benchmark,8558,q11_top_categories,0.20569999999999999,0,True,
benchmark,8559,q1_user_by_id,0.1925,1,True,
benchmark,8560,q2_all_users,12.086,200,True,
benchmark,8561,q3_user_by_login,0.33579999999999999,1,True,
benchmark,8562,q4_sellers_rating,43.540199999999999,100,True,
benchmark,8563,q5_orders_offset,16.040700000000001,50,True,
benchmark,8564,q6_products_by_seller,0.12820000000000001,0,True,
benchmark,8565,q7_products_join_sellers,0.18729999999999999,0,True,
benchmark,8566,q8_order_items_join_products,0.40150000000000002,3,True,
benchmark,8567,q9_orders_items_products_by_user,0.086499999999999994,0,True,
benchmark,8568,q10_top_sellers_qty,98.876199999999997,20,True,
benchmark,8569,q11_top_categories,1.0052000000000001,0,True,
benchmark,8570,q1_user_by_id,0.21560000000000001,1,True,
benchmark,8571,q2_all_users,7.7031999999999998,200,True,
benchmark,8572,q3_user_by_login,0.26329999999999998,1,True,
benchmark,8573,q4_sellers_rating,41.209400000000002,100,True,
benchmark,8574,q5_orders_offset,16.060400000000001,50,True,
benchmark,8575,q6_products_by_seller,0.22289999999999999,1,True,
benchmark,8576,q7_products_join_sellers,0.34360000000000002,1,True,
benchmark,8577,q8_order_items_join_products,0.4002,4,True,
benchmark,8578,q9_orders_items_products_by_user,0.083500000000000005,0,True,
benchmark,8579,q10_top_sellers_qty,121.2825,20,True,
benchmark,8580,q11_top_categories,0.21149999999999999,0,True,
benchmark,8581,q1_user_by_id,0.20519999999999999,1,True,
benchmark,8582,q2_all_users,6.7072000000000003,200,True,
benchmark,8583,q3_user_by_login,0.2306,1,True,
benchmark,8584,q4_sellers_rating,47.844099999999997,100,True,
benchmark,8585,q5_orders_offset,15.901899999999999,50,True,
benchmark,8586,q6_products_by_seller,0.19839999999999999,1,True,
benchmark,8587,q7_products_join_sellers,0.32890000000000003,1,True,
benchmark,8588,q8_order_items_join_products,0.39810000000000001,5,True,
benchmark,8589,q9_orders_items_products_by_user,0.076999999999999999,0,True,
benchmark,8590,q10_top_sellers_qty,105.04470000000001,20,True,
benchmark,8591,q11_top_categories,0.19670000000000001,0,True,
benchmark,8592,q1_user_by_id,0.2427,1,True,
benchmark,8593,q2_all_users,8.0196000000000005,200,True,
benchmark,8594,q3_user_by_login,0.29820000000000002,1,True,
benchmark,8595,q4_sellers_rating,44.006100000000004,100,True,
benchmark,8596,q5_orders_offset,15.8947,50,True,
benchmark,8597,q6_products_by_seller,0.19739999999999999,2,True,
benchmark,8598,q7_products_join_sellers,0.32369999999999999,2,True,
benchmark,8599,q8_order_items_join_products,0.39150000000000001,5,True,
benchmark,8600,q9_orders_items_products_by_user,0.57669999999999999,3,True,
benchmark,8601,q10_top_sellers_qty,106.9135,20,True,
benchmark,8602,q11_top_categories,0.20230000000000001,0,True,
benchmark,8603,q1_user_by_id,0.20169999999999999,1,True,
benchmark,8604,q2_all_users,8.6707000000000001,200,True,
benchmark,8605,q3_user_by_login,0.2225,1,True,
benchmark,8606,q4_sellers_rating,43.829099999999997,100,True,
benchmark,8607,q5_orders_offset,16.034400000000002,50,True,
benchmark,8608,q6_products_by_seller,0.22040000000000001,2,True,
benchmark,8609,q7_products_join_sellers,0.34549999999999997,2,True,
benchmark,8610,q8_order_items_join_products,0.40289999999999998,2,True,
benchmark,8611,q9_orders_items_products_by_user,0.0843,0,True,
benchmark,8612,q10_top_sellers_qty,105.3634,20,True,
benchmark,8613,q11_top_categories,0.2072,0,True,
benchmark,8614,q1_user_by_id,0.25519999999999998,1,True,
benchmark,8615,q2_all_users,5.7549999999999999,200,True,
benchmark,8616,q3_user_by_login,0.2555,1,True,
benchmark,8617,q4_sellers_rating,41.899700000000003,100,True,
benchmark,8618,q5_orders_offset,15.808199999999999,50,True,
benchmark,8619,q6_products_by_seller,0.2223,4,True,
benchmark,8620,q7_products_join_sellers,0.35770000000000002,4,True,
benchmark,8621,q8_order_items_join_products,0.4007,5,True,
benchmark,8622,q9_orders_items_products_by_user,0.20849999999999999,0,True,
benchmark,8623,q10_top_sellers_qty,118.163,20,True,
benchmark,8624,q11_top_categories,0.2102,0,True,
benchmark,8625,q1_user_by_id,0.1802,1,True,
benchmark,8626,q2_all_users,6.0549999999999997,200,True,
benchmark,8627,q3_user_by_login,0.2802,1,True,
benchmark,8628,q4_sellers_rating,45.546199999999999,100,True,
benchmark,8629,q5_orders_offset,18.749400000000001,50,True,
benchmark,8630,q6_products_by_seller,0.23100000000000001,2,True,
benchmark,8631,q7_products_join_sellers,0.33279999999999998,2,True,
benchmark,8632,q8_order_items_join_products,0.38030000000000003,1,True,
benchmark,8633,q9_orders_items_products_by_user,0.076499999999999999,0,True,
benchmark,8634,q10_top_sellers_qty,109.94629999999999,20,True,
benchmark,8635,q11_top_categories,0.21460000000000001,0,True,
benchmark,8636,q1_user_by_id,0.251,1,True,
benchmark,8637,q2_all_users,8.6334999999999997,200,True,
benchmark,8638,q3_user_by_login,0.2218,1,True,
benchmark,8639,q4_sellers_rating,46.4514,100,True,
benchmark,8640,q5_orders_offset,15.578099999999999,50,True,
benchmark,8641,q6_products_by_seller,0.14130000000000001,0,True,
benchmark,8642,q7_products_join_sellers,0.20780000000000001,0,True,
benchmark,8643,q8_order_items_join_products,0.40749999999999997,5,True,
benchmark,8644,q9_orders_items_products_by_user,0.23169999999999999,0,True,
benchmark,8645,q10_top_sellers_qty,96.463899999999995,20,True,
benchmark,8646,q11_top_categories,0.24879999999999999,0,True,
benchmark,8647,q1_user_by_id,0.28320000000000001,1,True,
benchmark,8648,q2_all_users,10.343299999999999,200,True,
benchmark,8649,q3_user_by_login,0.2205,1,True,
benchmark,8650,q4_sellers_rating,41.169899999999998,100,True,
benchmark,8651,q5_orders_offset,16.220500000000001,50,True,
benchmark,8652,q6_products_by_seller,0.1517,0,True,
benchmark,8653,q7_products_join_sellers,0.20369999999999999,0,True,
benchmark,8654,q8_order_items_join_products,0.40029999999999999,4,True,
benchmark,8655,q9_orders_items_products_by_user,0.20499999999999999,0,True,
benchmark,8656,q10_top_sellers_qty,111.4802,20,True,
benchmark,8657,q11_top_categories,0.22009999999999999,0,True,
benchmark,8658,q1_user_by_id,0.19700000000000001,1,True,
benchmark,8659,q2_all_users,5.5949999999999998,200,True,
benchmark,8660,q3_user_by_login,0.24149999999999999,1,True,
benchmark,8661,q4_sellers_rating,40.859200000000001,100,True,
benchmark,8662,q5_orders_offset,15.700900000000001,50,True,
benchmark,8663,q6_products_by_seller,0.24099999999999999,2,True,
benchmark,8664,q7_products_join_sellers,0.35909999999999997,2,True,
benchmark,8665,q8_order_items_join_products,0.39400000000000002,4,True,
benchmark,8666,q9_orders_items_products_by_user,0.087300000000000003,0,True,
benchmark,8667,q10_top_sellers_qty,107.4096,20,True,
benchmark,8668,q11_top_categories,0.20169999999999999,0,True,
benchmark,8669,q1_user_by_id,0.23430000000000001,1,True,
benchmark,8670,q2_all_users,5.6912000000000003,200,True,
benchmark,8671,q3_user_by_login,0.33389999999999997,1,True,
benchmark,8672,q4_sellers_rating,44.049700000000001,100,True,
benchmark,8673,q5_orders_offset,22.7408,50,True,
benchmark,8674,q6_products_by_seller,0.24479999999999999,1,True,
benchmark,8675,q7_products_join_sellers,0.37940000000000002,1,True,
benchmark,8676,q8_order_items_join_products,0.39950000000000002,3,True,
benchmark,8677,q9_orders_items_products_by_user,0.24399999999999999,0,True,
benchmark,8678,q10_top_sellers_qty,91.886300000000006,20,True,
benchmark,8679,q11_top_categories,0.22370000000000001,0,True,
benchmark,8680,q1_user_by_id,0.21640000000000001,1,True,
benchmark,8681,q2_all_users,12.9438,200,True,
benchmark,8682,q3_user_by_login,0.24479999999999999,1,True,
benchmark,8683,q4_sellers_rating,43.027099999999997,100,True,
benchmark,8684,q5_orders_offset,16.0442,50,True,
benchmark,8685,q6_products_by_seller,0.22869999999999999,2,True,
benchmark,8686,q7_products_join_sellers,0.34429999999999999,2,True,
benchmark,8687,q8_order_items_join_products,0.38279999999999997,1,True,
benchmark,8688,q9_orders_items_products_by_user,0.079799999999999996,0,True,
benchmark,8689,q10_top_sellers_qty,97.201300000000003,20,True,
benchmark,8690,q11_top_categories,0.22819999999999999,0,True,
benchmark,8691,q1_user_by_id,0.19900000000000001,1,True,
benchmark,8692,q2_all_users,5.3799000000000001,200,True,
benchmark,8693,q3_user_by_login,0.23849999999999999,1,True,
benchmark,8694,q4_sellers_rating,37.795900000000003,100,True,
benchmark,8695,q5_orders_offset,16.032699999999998,50,True,
benchmark,8696,q6_products_by_seller,0.22589999999999999,2,True,
benchmark,8697,q7_products_join_sellers,0.33350000000000002,2,True,
benchmark,8698,q8_order_items_join_products,0.373,1,True,
benchmark,8699,q9_orders_items_products_by_user,0.54310000000000003,4,True,
benchmark,8700,q10_top_sellers_qty,117.20489999999999,20,True,
benchmark,8701,q11_top_categories,0.20100000000000001,0,True,
benchmark,8702,q1_user_by_id,0.26869999999999999,1,True,
benchmark,8703,q2_all_users,6.4036999999999997,200,True,
benchmark,8704,q3_user_by_login,0.29470000000000002,1,True,
benchmark,8705,q4_sellers_rating,41.2318,100,True,
benchmark,8706,q5_orders_offset,15.446099999999999,50,True,
benchmark,8707,q6_products_by_seller,0.1305,0,True,
benchmark,8708,q7_products_join_sellers,0.19570000000000001,0,True,
benchmark,8709,q8_order_items_join_products,0.45040000000000002,5,True,
benchmark,8710,q9_orders_items_products_by_user,0.35510000000000003,1,True,
benchmark,8711,q10_top_sellers_qty,106.00530000000001,20,True,
benchmark,8712,q11_top_categories,0.2114,0,True,
benchmark,8713,q1_user_by_id,0.2019,1,True,
benchmark,8714,q2_all_users,6.6612,200,True,
benchmark,8715,q3_user_by_login,0.25530000000000003,1,True,
benchmark,8716,q4_sellers_rating,42.6706,100,True,
benchmark,8717,q5_orders_offset,18.876300000000001,50,True,
benchmark,8718,q6_products_by_seller,0.22070000000000001,2,True,
benchmark,8719,q7_products_join_sellers,0.34499999999999997,2,True,
benchmark,8720,q8_order_items_join_products,0.39500000000000002,4,True,
benchmark,8721,q9_orders_items_products_by_user,0.64370000000000005,3,True,
benchmark,8722,q10_top_sellers_qty,100.64579999999999,20,True,
benchmark,8723,q11_top_categories,0.189,0,True,
benchmark,8724,q1_user_by_id,0.23080000000000001,1,True,
benchmark,8725,q2_all_users,5.4667000000000003,200,True,
benchmark,8726,q3_user_by_login,0.24399999999999999,1,True,
benchmark,8727,q4_sellers_rating,41.127400000000002,100,True,
benchmark,8728,q5_orders_offset,19.107700000000001,50,True,
benchmark,8729,q6_products_by_seller,0.21790000000000001,1,True,
benchmark,8730,q7_products_join_sellers,0.33500000000000002,1,True,
benchmark,8731,q8_order_items_join_products,0.37719999999999998,3,True,
benchmark,8732,q9_orders_items_products_by_user,0.074200000000000002,0,True,
benchmark,8733,q10_top_sellers_qty,99.846699999999998,20,True,
benchmark,8734,q11_top_categories,0.19819999999999999,0,True,
benchmark,8735,q1_user_by_id,0.19989999999999999,1,True,
benchmark,8736,q2_all_users,12.2659,200,True,
benchmark,8737,q3_user_by_login,0.28439999999999999,1,True,
benchmark,8738,q4_sellers_rating,44.278199999999998,100,True,
benchmark,8739,q5_orders_offset,15.614699999999999,50,True,
benchmark,8740,q6_products_by_seller,0.23880000000000001,2,True,
benchmark,8741,q7_products_join_sellers,0.34489999999999998,2,True,
benchmark,8742,q8_order_items_join_products,0.3977,5,True,
benchmark,8743,q9_orders_items_products_by_user,0.34989999999999999,1,True,
benchmark,8744,q10_top_sellers_qty,100.7672,20,True,
benchmark,8745,q11_top_categories,0.17119999999999999,0,True,
benchmark,8746,q1_user_by_id,0.26350000000000001,1,True,
benchmark,8747,q2_all_users,5.5805999999999996,200,True,
benchmark,8748,q3_user_by_login,0.29920000000000002,1,True,
benchmark,8749,q4_sellers_rating,43.601500000000001,100,True,
benchmark,8750,q5_orders_offset,15.5259,50,True,
benchmark,8751,q6_products_by_seller,0.13170000000000001,0,True,
benchmark,8752,q7_products_join_sellers,0.19769999999999999,0,True,
benchmark,8753,q8_order_items_join_products,0.43480000000000002,5,True,
benchmark,8754,q9_orders_items_products_by_user,0.64000000000000001,3,True,
benchmark,8755,q10_top_sellers_qty,117.3169,20,True,
benchmark,8756,q11_top_categories,0.20069999999999999,0,True,
benchmark,8757,q1_user_by_id,0.20499999999999999,1,True,
benchmark,8758,q2_all_users,5.8398000000000003,200,True,
benchmark,8759,q3_user_by_login,0.29630000000000001,1,True,
benchmark,8760,q4_sellers_rating,44.997100000000003,100,True,
benchmark,8761,q5_orders_offset,15.986700000000001,50,True,
benchmark,8762,q6_products_by_seller,0.1983,1,True,
benchmark,8763,q7_products_join_sellers,0.32629999999999998,1,True,
benchmark,8764,q8_order_items_join_products,0.37040000000000001,2,True,
benchmark,8765,q9_orders_items_products_by_user,0.075899999999999995,0,True,
benchmark,8766,q10_top_sellers_qty,125.3503,20,True,
benchmark,8767,q11_top_categories,0.1898,0,True,
benchmark,8768,q1_user_by_id,0.27339999999999998,1,True,
benchmark,8769,q2_all_users,5.8085000000000004,200,True,
benchmark,8770,q3_user_by_login,0.30709999999999998,1,True,
benchmark,8771,q4_sellers_rating,48.266199999999998,100,True,
benchmark,8772,q5_orders_offset,18.913699999999999,50,True,
benchmark,8773,q6_products_by_seller,0.14080000000000001,0,True,
benchmark,8774,q7_products_join_sellers,0.20319999999999999,0,True,
benchmark,8775,q8_order_items_join_products,0.41110000000000002,2,True,
benchmark,8776,q9_orders_items_products_by_user,1.3569,12,True,
benchmark,8777,q10_top_sellers_qty,111.02460000000001,20,True,
benchmark,8778,q11_top_categories,0.19689999999999999,0,True,
benchmark,8779,q1_user_by_id,0.31280000000000002,1,True,
benchmark,8780,q2_all_users,9.7652000000000001,200,True,
benchmark,8781,q3_user_by_login,0.19769999999999999,1,True,
benchmark,8782,q4_sellers_rating,46.115499999999997,100,True,
benchmark,8783,q5_orders_offset,16.189800000000002,50,True,
benchmark,8784,q6_products_by_seller,0.21959999999999999,2,True,
benchmark,8785,q7_products_join_sellers,0.32290000000000002,2,True,
benchmark,8786,q8_order_items_join_products,0.39479999999999998,5,True,
benchmark,8787,q9_orders_items_products_by_user,0.20069999999999999,0,True,
benchmark,8788,q10_top_sellers_qty,108.7186,20,True,
benchmark,8789,q11_top_categories,0.19400000000000001,0,True,
benchmark,8790,q1_user_by_id,0.2535,1,True,
benchmark,8791,q2_all_users,5.8310000000000004,200,True,
benchmark,8792,q3_user_by_login,0.26650000000000001,1,True,
benchmark,8793,q4_sellers_rating,45.282200000000003,100,True,
benchmark,8794,q5_orders_offset,15.7645,50,True,
benchmark,8795,q6_products_by_seller,0.14699999999999999,0,True,
benchmark,8796,q7_products_join_sellers,0.20680000000000001,0,True,
benchmark,8797,q8_order_items_join_products,0.41149999999999998,5,True,
benchmark,8798,q9_orders_items_products_by_user,0.20999999999999999,0,True,
benchmark,8799,q10_top_sellers_qty,109.1011,20,True,
benchmark,8800,q11_top_categories,0.19420000000000001,0,True,
benchmark,8801,q1_user_by_id,0.24979999999999999,1,True,
benchmark,8802,q2_all_users,5.7074999999999996,200,True,
benchmark,8803,q3_user_by_login,0.2356,1,True,
benchmark,8804,q4_sellers_rating,42.976700000000001,100,True,
benchmark,8805,q5_orders_offset,15.605700000000001,50,True,
benchmark,8806,q6_products_by_seller,0.22620000000000001,1,True,
benchmark,8807,q7_products_join_sellers,0.34999999999999998,1,True,
benchmark,8808,q8_order_items_join_products,0.41909999999999997,1,True,
benchmark,8809,q9_orders_items_products_by_user,0.44040000000000001,1,True,
benchmark,8810,q10_top_sellers_qty,111.6293,20,True,
benchmark,8811,q11_top_categories,0.38500000000000001,0,True,
benchmark,8812,q1_user_by_id,0.30659999999999998,1,True,
benchmark,8813,q2_all_users,5.9957000000000003,200,True,
benchmark,8814,q3_user_by_login,0.25879999999999997,1,True,
benchmark,8815,q4_sellers_rating,42.932400000000001,100,True,
benchmark,8816,q5_orders_offset,19.2044,50,True,
benchmark,8817,q6_products_by_seller,0.223,1,True,
benchmark,8818,q7_products_join_sellers,0.35589999999999999,1,True,
benchmark,8819,q8_order_items_join_products,0.40720000000000001,4,True,
benchmark,8820,q9_orders_items_products_by_user,0.32529999999999998,0,True,
benchmark,8821,q10_top_sellers_qty,95.884100000000004,20,True,
benchmark,8822,q11_top_categories,0.19409999999999999,0,True,
benchmark,8823,q1_user_by_id,0.20669999999999999,1,True,
benchmark,8824,q2_all_users,11.416499999999999,200,True,
benchmark,8825,q3_user_by_login,0.24740000000000001,1,True,
benchmark,8826,q4_sellers_rating,44.228700000000003,100,True,
benchmark,8827,q5_orders_offset,15.6326,50,True,
benchmark,8828,q6_products_by_seller,0.2069,1,True,
benchmark,8829,q7_products_join_sellers,0.34229999999999999,1,True,
benchmark,8830,q8_order_items_join_products,0.38019999999999998,1,True,
benchmark,8831,q9_orders_items_products_by_user,0.33050000000000002,1,True,
benchmark,8832,q10_top_sellers_qty,114.3522,20,True,
benchmark,8833,q11_top_categories,0.20069999999999999,0,True,
benchmark,8834,q1_user_by_id,0.20469999999999999,1,True,
benchmark,8835,q2_all_users,5.9212999999999996,200,True,
benchmark,8836,q3_user_by_login,0.2366,1,True,
benchmark,8837,q4_sellers_rating,41.939599999999999,100,True,
benchmark,8838,q5_orders_offset,16.362500000000001,50,True,
benchmark,8839,q6_products_by_seller,0.21160000000000001,2,True,
benchmark,8840,q7_products_join_sellers,0.32319999999999999,2,True,
benchmark,8841,q8_order_items_join_products,0.4007,4,True,
benchmark,8842,q9_orders_items_products_by_user,0.069699999999999998,0,True,
benchmark,8843,q10_top_sellers_qty,122.20950000000001,20,True,
benchmark,8844,q11_top_categories,0.2009,0,True,
benchmark,8845,q1_user_by_id,0.20319999999999999,1,True,
benchmark,8846,q2_all_users,6.4271000000000003,200,True,
benchmark,8847,q3_user_by_login,0.2064,1,True,
benchmark,8848,q4_sellers_rating,45.431600000000003,100,True,
benchmark,8849,q5_orders_offset,15.9621,50,True,
benchmark,8850,q6_products_by_seller,0.1236,0,True,
benchmark,8851,q7_products_join_sellers,0.18720000000000001,0,True,
benchmark,8852,q8_order_items_join_products,0.38119999999999998,2,True,
benchmark,8853,q9_orders_items_products_by_user,0.88349999999999995,7,True,
benchmark,8854,q10_top_sellers_qty,110.9806,20,True,
benchmark,8855,q11_top_categories,0.1883,0,True,
benchmark,8856,q1_user_by_id,0.24779999999999999,1,True,
benchmark,8857,q2_all_users,5.3872999999999998,200,True,
benchmark,8858,q3_user_by_login,0.2853,1,True,
benchmark,8859,q4_sellers_rating,45.339500000000001,100,True,
benchmark,8860,q5_orders_offset,15.799899999999999,50,True,
benchmark,8861,q6_products_by_seller,0.20599999999999999,1,True,
benchmark,8862,q7_products_join_sellers,0.33389999999999997,1,True,
benchmark,8863,q8_order_items_join_products,0.39879999999999999,4,True,
benchmark,8864,q9_orders_items_products_by_user,0.89419999999999999,7,True,
benchmark,8865,q10_top_sellers_qty,105.8691,20,True,
benchmark,8866,q11_top_categories,0.17680000000000001,0,True,
benchmark,8867,q1_user_by_id,0.23749999999999999,1,True,
benchmark,8868,q2_all_users,12.007899999999999,200,True,
benchmark,8869,q3_user_by_login,0.31919999999999998,1,True,
benchmark,8870,q4_sellers_rating,43.681699999999999,100,True,
benchmark,8871,q5_orders_offset,15.9787,50,True,
benchmark,8872,q6_products_by_seller,0.2152,1,True,
benchmark,8873,q7_products_join_sellers,0.36599999999999999,1,True,
benchmark,8874,q8_order_items_join_products,0.43130000000000002,4,True,
benchmark,8875,q9_orders_items_products_by_user,0.70499999999999996,4,True,
benchmark,8876,q10_top_sellers_qty,97.797600000000003,20,True,
benchmark,8877,q11_top_categories,0.25090000000000001,0,True,
benchmark,8878,q1_user_by_id,0.2157,1,True,
benchmark,8879,q2_all_users,8.0691000000000006,200,True,
benchmark,8880,q3_user_by_login,0.2195,1,True,
benchmark,8881,q4_sellers_rating,44.695399999999999,100,True,
benchmark,8882,q5_orders_offset,16.072600000000001,50,True,
benchmark,8883,q6_products_by_seller,0.21149999999999999,1,True,
benchmark,8884,q7_products_join_sellers,0.34910000000000002,1,True,
benchmark,8885,q8_order_items_join_products,0.36399999999999999,3,True,
benchmark,8886,q9_orders_items_products_by_user,0.084699999999999998,0,True,
benchmark,8887,q10_top_sellers_qty,113.7628,20,True,
benchmark,8888,q11_top_categories,0.2238,0,True,
benchmark,8889,q1_user_by_id,0.27600000000000002,1,True,
benchmark,8890,q2_all_users,5.6375999999999999,200,True,
benchmark,8891,q3_user_by_login,0.2631,1,True,
benchmark,8892,q4_sellers_rating,40.696199999999997,100,True,
benchmark,8893,q5_orders_offset,18.948699999999999,50,True,
benchmark,8894,q6_products_by_seller,0.15260000000000001,0,True,
benchmark,8895,q7_products_join_sellers,0.2016,0,True,
benchmark,8896,q8_order_items_join_products,0.40500000000000003,1,True,
benchmark,8897,q9_orders_items_products_by_user,0.52769999999999995,2,True,
benchmark,8898,q10_top_sellers_qty,100.9204,20,True,
benchmark,8899,q11_top_categories,0.22950000000000001,0,True,
benchmark,8900,q1_user_by_id,0.38390000000000002,1,True,
benchmark,8901,q2_all_users,9.1256000000000004,200,True,
benchmark,8902,q3_user_by_login,0.31269999999999998,1,True,
benchmark,8903,q4_sellers_rating,42.125500000000002,100,True,
benchmark,8904,q5_orders_offset,15.9245,50,True,
benchmark,8905,q6_products_by_seller,0.2225,1,True,
benchmark,8906,q7_products_join_sellers,0.3392,1,True,
benchmark,8907,q8_order_items_join_products,0.46329999999999999,3,True,
benchmark,8908,q9_orders_items_products_by_user,0.43309999999999998,1,True,
benchmark,8909,q10_top_sellers_qty,109.1395,20,True,
benchmark,8910,q11_top_categories,0.1966,0,True,
benchmark,8911,q1_user_by_id,0.222,1,True,
benchmark,8912,q2_all_users,7.6620999999999997,200,True,
benchmark,8913,q3_user_by_login,0.21920000000000001,1,True,
benchmark,8914,q4_sellers_rating,42.347000000000001,100,True,
benchmark,8915,q5_orders_offset,15.8299,50,True,
benchmark,8916,q6_products_by_seller,0.2208,1,True,
benchmark,8917,q7_products_join_sellers,0.3695,1,True,
benchmark,8918,q8_order_items_join_products,0.39689999999999998,4,True,
benchmark,8919,q9_orders_items_products_by_user,1.0142,5,True,
benchmark,8920,q10_top_sellers_qty,98.958100000000002,20,True,
benchmark,8921,q11_top_categories,0.20999999999999999,0,True,
benchmark,8922,q1_user_by_id,0.2334,1,True,
benchmark,8923,q2_all_users,5.9665999999999997,200,True,
benchmark,8924,q3_user_by_login,0.19839999999999999,1,True,
benchmark,8925,q4_sellers_rating,42.277999999999999,100,True,
benchmark,8926,q5_orders_offset,15.9321,50,True,
benchmark,8927,q6_products_by_seller,0.21990000000000001,4,True,
benchmark,8928,q7_products_join_sellers,0.3589,4,True,
benchmark,8929,q8_order_items_join_products,0.378,2,True,
benchmark,8930,q9_orders_items_products_by_user,0.077700000000000005,0,True,
benchmark,8931,q10_top_sellers_qty,112.01909999999999,20,True,
benchmark,8932,q11_top_categories,0.2135,0,True,
benchmark,8933,q1_user_by_id,0.2349,1,True,
benchmark,8934,q2_all_users,5.3940999999999999,200,True,
benchmark,8935,q3_user_by_login,0.2427,1,True,
benchmark,8936,q4_sellers_rating,43.007199999999997,100,True,
benchmark,8937,q5_orders_offset,19.0337,50,True,
benchmark,8938,q6_products_by_seller,0.23899999999999999,4,True,
benchmark,8939,q7_products_join_sellers,0.3533,4,True,
benchmark,8940,q8_order_items_join_products,0.3916,4,True,
benchmark,8941,q9_orders_items_products_by_user,0.077200000000000005,0,True,
benchmark,8942,q10_top_sellers_qty,112.2975,20,True,
benchmark,8943,q11_top_categories,0.22289999999999999,0,True,
benchmark,8944,q1_user_by_id,0.216,1,True,
benchmark,8945,q2_all_users,8.6395999999999997,200,True,
benchmark,8946,q3_user_by_login,0.30070000000000002,1,True,
benchmark,8947,q4_sellers_rating,43.326500000000003,100,True,
benchmark,8948,q5_orders_offset,15.9427,50,True,
benchmark,8949,q6_products_by_seller,0.21970000000000001,2,True,
benchmark,8950,q7_products_join_sellers,0.3468,2,True,
benchmark,8951,q8_order_items_join_products,0.4178,1,True,
benchmark,8952,q9_orders_items_products_by_user,0.67530000000000001,4,True,
benchmark,8953,q10_top_sellers_qty,107.8977,20,True,
benchmark,8954,q11_top_categories,0.19719999999999999,0,True,
benchmark,8955,q1_user_by_id,0.22059999999999999,1,True,
benchmark,8956,q2_all_users,7.9474,200,True,
benchmark,8957,q3_user_by_login,0.23710000000000001,1,True,
benchmark,8958,q4_sellers_rating,43.636899999999997,100,True,
benchmark,8959,q5_orders_offset,15.7448,50,True,
benchmark,8960,q6_products_by_seller,0.157,0,True,
benchmark,8961,q7_products_join_sellers,0.21490000000000001,0,True,
benchmark,8962,q8_order_items_join_products,0.43059999999999998,1,True,
benchmark,8963,q9_orders_items_products_by_user,0.2898,0,True,
benchmark,8964,q10_top_sellers_qty,103.88079999999999,20,True,
benchmark,8965,q11_top_categories,0.21440000000000001,0,True,
benchmark,8966,q1_user_by_id,0.2437,1,True,
benchmark,8967,q2_all_users,5.9499000000000004,200,True,
benchmark,8968,q3_user_by_login,2.4015,1,True,
benchmark,8969,q4_sellers_rating,46.171500000000002,100,True,
benchmark,8970,q5_orders_offset,15.9495,50,True,
benchmark,8971,q6_products_by_seller,0.13669999999999999,0,True,
benchmark,8972,q7_products_join_sellers,0.1993,0,True,
benchmark,8973,q8_order_items_join_products,0.40899999999999997,5,True,
benchmark,8974,q9_orders_items_products_by_user,0.82679999999999998,5,True,
benchmark,8975,q10_top_sellers_qty,108.63039999999999,20,True,
benchmark,8976,q11_top_categories,0.19550000000000001,0,True,
benchmark,8977,q1_user_by_id,0.192,1,True,
benchmark,8978,q2_all_users,5.4551999999999996,200,True,
benchmark,8979,q3_user_by_login,0.2099,1,True,
benchmark,8980,q4_sellers_rating,40.8078,100,True,
benchmark,8981,q5_orders_offset,19.0334,50,True,
benchmark,8982,q6_products_by_seller,0.19889999999999999,1,True,
benchmark,8983,q7_products_join_sellers,0.31390000000000001,1,True,
benchmark,8984,q8_order_items_join_products,0.35780000000000001,3,True,
benchmark,8985,q9_orders_items_products_by_user,0.077200000000000005,0,True,
benchmark,8986,q10_top_sellers_qty,100.32299999999999,20,True,
benchmark,8987,q11_top_categories,0.1903,0,True,
benchmark,8988,q1_user_by_id,0.2281,1,True,
benchmark,8989,q2_all_users,5.9692999999999996,200,True,
benchmark,8990,q3_user_by_login,0.21809999999999999,1,True,
benchmark,8991,q4_sellers_rating,40.020299999999999,100,True,
benchmark,8992,q5_orders_offset,19.052199999999999,50,True,
benchmark,8993,q6_products_by_seller,0.14119999999999999,0,True,
benchmark,8994,q7_products_join_sellers,0.19570000000000001,0,True,
benchmark,8995,q8_order_items_join_products,0.38140000000000002,5,True,
benchmark,8996,q9_orders_items_products_by_user,0.80589999999999995,5,True,
benchmark,8997,q10_top_sellers_qty,100.0025,20,True,
benchmark,8998,q11_top_categories,0.20319999999999999,0,True,
benchmark,8999,q1_user_by_id,0.2016,1,True,
benchmark,9000,q2_all_users,13.3317,200,True,
benchmark,9001,q3_user_by_login,0.28010000000000002,1,True,
benchmark,9002,q4_sellers_rating,41.7547,100,True,
benchmark,9003,q5_orders_offset,15.7005,50,True,
benchmark,9004,q6_products_by_seller,0.13950000000000001,0,True,
benchmark,9005,q7_products_join_sellers,0.21079999999999999,0,True,
benchmark,9006,q8_order_items_join_products,0.40150000000000002,2,True,
benchmark,9007,q9_orders_items_products_by_user,0.4667,3,True,
benchmark,9008,q10_top_sellers_qty,99.993799999999993,20,True,
benchmark,9009,q11_top_categories,0.20480000000000001,0,True,
benchmark,9010,q1_user_by_id,0.2167,1,True,
benchmark,9011,q2_all_users,5.6058000000000003,200,True,
benchmark,9012,q3_user_by_login,0.25700000000000001,1,True,
benchmark,9013,q4_sellers_rating,42.281700000000001,100,True,
benchmark,9014,q5_orders_offset,16.013300000000001,50,True,
benchmark,9015,q6_products_by_seller,0.22720000000000001,3,True,
benchmark,9016,q7_products_join_sellers,0.34050000000000002,3,True,
benchmark,9017,q8_order_items_join_products,0.37680000000000002,2,True,
benchmark,9018,q9_orders_items_products_by_user,0.076899999999999996,0,True,
benchmark,9019,q10_top_sellers_qty,116.21420000000001,20,True,
benchmark,9020,q11_top_categories,0.2079,0,True,
benchmark,9021,q1_user_by_id,0.22670000000000001,1,True,
benchmark,9022,q2_all_users,6.2465999999999999,200,True,
benchmark,9023,q3_user_by_login,0.29780000000000001,1,True,
benchmark,9024,q4_sellers_rating,43.590600000000002,100,True,
benchmark,9025,q5_orders_offset,15.892099999999999,50,True,
benchmark,9026,q6_products_by_seller,0.13969999999999999,0,True,
benchmark,9027,q7_products_join_sellers,0.19339999999999999,0,True,
benchmark,9028,q8_order_items_join_products,0.3594,1,True,
benchmark,9029,q9_orders_items_products_by_user,0.47899999999999998,3,True,
benchmark,9030,q10_top_sellers_qty,103.96599999999999,20,True,
benchmark,9031,q11_top_categories,0.21149999999999999,0,True,
benchmark,9032,q1_user_by_id,0.2427,1,True,
benchmark,9033,q2_all_users,5.8977000000000004,200,True,
benchmark,9034,q3_user_by_login,0.2271,1,True,
benchmark,9035,q4_sellers_rating,41.1798,100,True,
benchmark,9036,q5_orders_offset,18.6204,50,True,
benchmark,9037,q6_products_by_seller,0.25130000000000002,1,True,
benchmark,9038,q7_products_join_sellers,0.34100000000000003,1,True,
benchmark,9039,q8_order_items_join_products,0.42880000000000001,2,True,
benchmark,9040,q9_orders_items_products_by_user,0.080799999999999997,0,True,
benchmark,9041,q10_top_sellers_qty,106.7894,20,True,
benchmark,9042,q11_top_categories,0.19839999999999999,0,True,
benchmark,9043,q1_user_by_id,0.2828,1,True,
benchmark,9044,q2_all_users,5.8188000000000004,200,True,
benchmark,9045,q3_user_by_login,0.25369999999999998,1,True,
benchmark,9046,q4_sellers_rating,44.663600000000002,100,True,
benchmark,9047,q5_orders_offset,19.540900000000001,50,True,
benchmark,9048,q6_products_by_seller,0.1384,0,True,
benchmark,9049,q7_products_join_sellers,0.20050000000000001,0,True,
benchmark,9050,q8_order_items_join_products,0.39290000000000003,3,True,
benchmark,9051,q9_orders_items_products_by_user,0.22059999999999999,0,True,
benchmark,9052,q10_top_sellers_qty,106.32470000000001,20,True,
benchmark,9053,q11_top_categories,0.19889999999999999,0,True,
benchmark,9054,q1_user_by_id,0.23100000000000001,1,True,
benchmark,9055,q2_all_users,8.8221000000000007,200,True,
benchmark,9056,q3_user_by_login,0.27350000000000002,1,True,
benchmark,9057,q4_sellers_rating,46.293100000000003,100,True,
benchmark,9058,q5_orders_offset,15.899900000000001,50,True,
benchmark,9059,q6_products_by_seller,0.13289999999999999,0,True,
benchmark,9060,q7_products_join_sellers,0.19500000000000001,0,True,
benchmark,9061,q8_order_items_join_products,0.38619999999999999,1,True,
benchmark,9062,q9_orders_items_products_by_user,0.41449999999999998,2,True,
benchmark,9063,q10_top_sellers_qty,112.01090000000001,20,True,
benchmark,9064,q11_top_categories,0.20649999999999999,0,True,
benchmark,9065,q1_user_by_id,0.21290000000000001,1,True,
benchmark,9066,q2_all_users,10.3794,200,True,
benchmark,9067,q3_user_by_login,0.2104,1,True,
benchmark,9068,q4_sellers_rating,44.545000000000002,100,True,
benchmark,9069,q5_orders_offset,15.5909,50,True,
benchmark,9070,q6_products_by_seller,0.1321,0,True,
benchmark,9071,q7_products_join_sellers,0.1958,0,True,
benchmark,9072,q8_order_items_join_products,0.42909999999999998,3,True,
benchmark,9073,q9_orders_items_products_by_user,0.076100000000000001,0,True,
benchmark,9074,q10_top_sellers_qty,107.7221,20,True,
benchmark,9075,q11_top_categories,0.22389999999999999,0,True,
benchmark,9076,q1_user_by_id,0.2145,1,True,
benchmark,9077,q2_all_users,5.9275000000000002,200,True,
benchmark,9078,q3_user_by_login,1.25,1,True,
benchmark,9079,q4_sellers_rating,42.179200000000002,100,True,
benchmark,9080,q5_orders_offset,15.999000000000001,50,True,
benchmark,9081,q6_products_by_seller,0.15620000000000001,0,True,
benchmark,9082,q7_products_join_sellers,0.20930000000000001,0,True,
benchmark,9083,q8_order_items_join_products,0.4199,3,True,
benchmark,9084,q9_orders_items_products_by_user,0.20830000000000001,0,True,
benchmark,9085,q10_top_sellers_qty,119.39109999999999,20,True,
benchmark,9086,q11_top_categories,0.2172,0,True,
benchmark,9087,q1_user_by_id,0.19919999999999999,1,True,
benchmark,9088,q2_all_users,5.8117000000000001,200,True,
benchmark,9089,q3_user_by_login,0.20730000000000001,1,True,
benchmark,9090,q4_sellers_rating,43.614899999999999,100,True,
benchmark,9091,q5_orders_offset,18.624700000000001,50,True,
benchmark,9092,q6_products_by_seller,0.2407,1,True,
benchmark,9093,q7_products_join_sellers,0.39190000000000003,1,True,
benchmark,9094,q8_order_items_join_products,0.37169999999999997,4,True,
benchmark,9095,q9_orders_items_products_by_user,0.62129999999999996,4,True,
benchmark,9096,q10_top_sellers_qty,110.4945,20,True,
benchmark,9097,q11_top_categories,0.20480000000000001,0,True,
benchmark,9098,q1_user_by_id,0.3054,1,True,
benchmark,9099,q2_all_users,8.1896000000000004,200,True,
benchmark,9100,q3_user_by_login,2.5329999999999999,1,True,
benchmark,9101,q4_sellers_rating,44.123199999999997,100,True,
benchmark,9102,q5_orders_offset,15.946,50,True,
benchmark,9103,q6_products_by_seller,0.22420000000000001,1,True,
benchmark,9104,q7_products_join_sellers,0.33429999999999999,1,True,
benchmark,9105,q8_order_items_join_products,0.39429999999999998,3,True,
benchmark,9106,q9_orders_items_products_by_user,0.2102,0,True,
benchmark,9107,q10_top_sellers_qty,99.699700000000007,20,True,
benchmark,9108,q11_top_categories,0.21279999999999999,0,True,
benchmark,9109,q1_user_by_id,0.22009999999999999,1,True,
benchmark,9110,q2_all_users,8.2265999999999995,200,True,
benchmark,9111,q3_user_by_login,0.2515,1,True,
benchmark,9112,q4_sellers_rating,41.381100000000004,100,True,
benchmark,9113,q5_orders_offset,15.6029,50,True,
benchmark,9114,q6_products_by_seller,0.14000000000000001,0,True,
benchmark,9115,q7_products_join_sellers,0.1996,0,True,
benchmark,9116,q8_order_items_join_products,0.39850000000000002,2,True,
benchmark,9117,q9_orders_items_products_by_user,0.073800000000000004,0,True,
benchmark,9118,q10_top_sellers_qty,116.8913,20,True,
benchmark,9119,q11_top_categories,0.20069999999999999,0,True,
benchmark,9120,q1_user_by_id,0.25059999999999999,1,True,
benchmark,9121,q2_all_users,5.7068000000000003,200,True,
benchmark,9122,q3_user_by_login,0.31069999999999998,1,True,
benchmark,9123,q4_sellers_rating,42.397599999999997,100,True,
benchmark,9124,q5_orders_offset,15.6835,50,True,
benchmark,9125,q6_products_by_seller,0.22090000000000001,2,True,
benchmark,9126,q7_products_join_sellers,0.34810000000000002,2,True,
benchmark,9127,q8_order_items_join_products,0.38500000000000001,3,True,
benchmark,9128,q9_orders_items_products_by_user,0.074899999999999994,0,True,
benchmark,9129,q10_top_sellers_qty,108.0686,20,True,
benchmark,9130,q11_top_categories,0.22109999999999999,0,True,
benchmark,9131,q1_user_by_id,0.19739999999999999,1,True,
benchmark,9132,q2_all_users,6.1459000000000001,200,True,
benchmark,9133,q3_user_by_login,0.26569999999999999,1,True,
benchmark,9134,q4_sellers_rating,45.975099999999998,100,True,
benchmark,9135,q5_orders_offset,16.0076,50,True,
benchmark,9136,q6_products_by_seller,0.17119999999999999,0,True,
benchmark,9137,q7_products_join_sellers,0.21579999999999999,0,True,
benchmark,9138,q8_order_items_join_products,0.42370000000000002,1,True,
benchmark,9139,q9_orders_items_products_by_user,0.088300000000000003,0,True,
benchmark,9140,q10_top_sellers_qty,114.5998,20,True,
benchmark,9141,q11_top_categories,0.19969999999999999,0,True,
benchmark,9142,q1_user_by_id,0.29160000000000003,1,True,
benchmark,9143,q2_all_users,9.9648000000000003,200,True,
benchmark,9144,q3_user_by_login,0.28410000000000002,1,True,
benchmark,9145,q4_sellers_rating,44.635800000000003,100,True,
benchmark,9146,q5_orders_offset,15.878299999999999,50,True,
benchmark,9147,q6_products_by_seller,0.222,1,True,
benchmark,9148,q7_products_join_sellers,0.35630000000000001,1,True,
benchmark,9149,q8_order_items_join_products,0.40789999999999998,2,True,
benchmark,9150,q9_orders_items_products_by_user,0.55630000000000002,3,True,
benchmark,9151,q10_top_sellers_qty,122.3969,20,True,
benchmark,9152,q11_top_categories,0.2155,0,True,
benchmark,9153,q1_user_by_id,0.30270000000000002,1,True,
benchmark,9154,q2_all_users,6.4429999999999996,200,True,
benchmark,9155,q3_user_by_login,0.29070000000000001,1,True,
benchmark,9156,q4_sellers_rating,48.148499999999999,100,True,
benchmark,9157,q5_orders_offset,15.980399999999999,50,True,
benchmark,9158,q6_products_by_seller,0.24590000000000001,1,True,
benchmark,9159,q7_products_join_sellers,0.42720000000000002,1,True,
benchmark,9160,q8_order_items_join_products,0.40910000000000002,2,True,
benchmark,9161,q9_orders_items_products_by_user,1.0055000000000001,6,True,
benchmark,9162,q10_top_sellers_qty,119.81489999999999,20,True,
benchmark,9163,q11_top_categories,0.22650000000000001,0,True,
benchmark,9164,q1_user_by_id,0.22120000000000001,1,True,
benchmark,9165,q2_all_users,5.8722000000000003,200,True,
benchmark,9166,q3_user_by_login,0.27029999999999998,1,True,
benchmark,9167,q4_sellers_rating,47.0456,100,True,
benchmark,9168,q5_orders_offset,15.599299999999999,50,True,
benchmark,9169,q6_products_by_seller,0.20910000000000001,1,True,
benchmark,9170,q7_products_join_sellers,0.33079999999999998,1,True,
benchmark,9171,q8_order_items_join_products,0.41260000000000002,5,True,
benchmark,9172,q9_orders_items_products_by_user,0.081600000000000006,0,True,
benchmark,9173,q10_top_sellers_qty,119.5162,20,True,
benchmark,9174,q11_top_categories,0.20380000000000001,0,True,
benchmark,9175,q1_user_by_id,0.25990000000000002,1,True,
benchmark,9176,q2_all_users,9.5076000000000001,200,True,
benchmark,9177,q3_user_by_login,0.25969999999999999,1,True,
benchmark,9178,q4_sellers_rating,47.573700000000002,100,True,
benchmark,9179,q5_orders_offset,15.821,50,True,
benchmark,9180,q6_products_by_seller,0.217,1,True,
benchmark,9181,q7_products_join_sellers,0.33050000000000002,1,True,
benchmark,9182,q8_order_items_join_products,0.40429999999999999,1,True,
benchmark,9183,q9_orders_items_products_by_user,0.62470000000000003,5,True,
benchmark,9184,q10_top_sellers_qty,108.1883,20,True,
benchmark,9185,q11_top_categories,0.20230000000000001,0,True,
benchmark,9186,q1_user_by_id,0.22459999999999999,1,True,
benchmark,9187,q2_all_users,8.3789999999999996,200,True,
benchmark,9188,q3_user_by_login,0.34150000000000003,1,True,
benchmark,9189,q4_sellers_rating,45.542999999999999,100,True,
benchmark,9190,q5_orders_offset,15.6523,50,True,
benchmark,9191,q6_products_by_seller,0.20380000000000001,1,True,
benchmark,9192,q7_products_join_sellers,0.33350000000000002,1,True,
benchmark,9193,q8_order_items_join_products,0.37569999999999998,5,True,
benchmark,9194,q9_orders_items_products_by_user,0.40339999999999998,2,True,
benchmark,9195,q10_top_sellers_qty,100.7264,20,True,
benchmark,9196,q11_top_categories,0.1865,0,True,
benchmark,9197,q1_user_by_id,0.21149999999999999,1,True,
benchmark,9198,q2_all_users,5.5484,200,True,
benchmark,9199,q3_user_by_login,0.23960000000000001,1,True,
benchmark,9200,q4_sellers_rating,41.712800000000001,100,True,
benchmark,9201,q5_orders_offset,17.0502,50,True,
benchmark,9202,q6_products_by_seller,0.1386,0,True,
benchmark,9203,q7_products_join_sellers,0.18010000000000001,0,True,
benchmark,9204,q8_order_items_join_products,0.36969999999999997,3,True,
benchmark,9205,q9_orders_items_products_by_user,0.073400000000000007,0,True,
benchmark,9206,q10_top_sellers_qty,121.2016,20,True,
benchmark,9207,q11_top_categories,0.21340000000000001,0,True,
benchmark,9208,q1_user_by_id,0.22259999999999999,1,True,
benchmark,9209,q2_all_users,5.7145999999999999,200,True,
benchmark,9210,q3_user_by_login,0.2697,1,True,
benchmark,9211,q4_sellers_rating,44.725999999999999,100,True,
benchmark,9212,q5_orders_offset,20.1142,50,True,
benchmark,9213,q6_products_by_seller,0.1419,0,True,
benchmark,9214,q7_products_join_sellers,0.1986,0,True,
benchmark,9215,q8_order_items_join_products,0.39090000000000003,1,True,
benchmark,9216,q9_orders_items_products_by_user,0.89370000000000005,6,True,
benchmark,9217,q10_top_sellers_qty,101.4948,20,True,
benchmark,9218,q11_top_categories,0.21590000000000001,0,True,
benchmark,9219,q1_user_by_id,0.25600000000000001,1,True,
benchmark,9220,q2_all_users,12.6488,200,True,
benchmark,9221,q3_user_by_login,0.29620000000000002,1,True,
benchmark,9222,q4_sellers_rating,42.1462,100,True,
benchmark,9223,q5_orders_offset,15.723699999999999,50,True,
benchmark,9224,q6_products_by_seller,0.2442,3,True,
benchmark,9225,q7_products_join_sellers,0.35489999999999999,3,True,
benchmark,9226,q8_order_items_join_products,0.3972,1,True,
benchmark,9227,q9_orders_items_products_by_user,0.10780000000000001,0,True,
benchmark,9228,q10_top_sellers_qty,102.2487,20,True,
benchmark,9229,q11_top_categories,0.34039999999999998,0,True,
benchmark,9230,q1_user_by_id,0.32029999999999997,1,True,
benchmark,9231,q2_all_users,5.5449999999999999,200,True,
benchmark,9232,q3_user_by_login,0.23280000000000001,1,True,
benchmark,9233,q4_sellers_rating,42.415500000000002,100,True,
benchmark,9234,q5_orders_offset,15.6844,50,True,
benchmark,9235,q6_products_by_seller,0.2084,1,True,
benchmark,9236,q7_products_join_sellers,0.3468,1,True,
benchmark,9237,q8_order_items_join_products,0.3911,2,True,
benchmark,9238,q9_orders_items_products_by_user,0.6845,4,True,
benchmark,9239,q10_top_sellers_qty,113.8212,20,True,
benchmark,9240,q11_top_categories,0.20019999999999999,0,True,
benchmark,9241,q1_user_by_id,0.31019999999999998,1,True,
benchmark,9242,q2_all_users,6.4814999999999996,200,True,
benchmark,9243,q3_user_by_login,0.184,1,True,
benchmark,9244,q4_sellers_rating,44.926400000000001,100,True,
benchmark,9245,q5_orders_offset,15.9625,50,True,
benchmark,9246,q6_products_by_seller,0.21779999999999999,2,True,
benchmark,9247,q7_products_join_sellers,0.35610000000000003,2,True,
benchmark,9248,q8_order_items_join_products,0.41339999999999999,5,True,
benchmark,9249,q9_orders_items_products_by_user,0.27360000000000001,0,True,
benchmark,9250,q10_top_sellers_qty,104.78749999999999,20,True,
benchmark,9251,q11_top_categories,0.22539999999999999,0,True,
benchmark,9252,q1_user_by_id,0.25190000000000001,1,True,
benchmark,9253,q2_all_users,5.4851000000000001,200,True,
benchmark,9254,q3_user_by_login,0.24149999999999999,1,True,
benchmark,9255,q4_sellers_rating,40.7226,100,True,
benchmark,9256,q5_orders_offset,23.2209,50,True,
benchmark,9257,q6_products_by_seller,0.2167,1,True,
benchmark,9258,q7_products_join_sellers,0.32490000000000002,1,True,
benchmark,9259,q8_order_items_join_products,0.40339999999999998,1,True,
benchmark,9260,q9_orders_items_products_by_user,0.28260000000000002,0,True,
benchmark,9261,q10_top_sellers_qty,92.2256,20,True,
benchmark,9262,q11_top_categories,0.20419999999999999,0,True,
benchmark,9263,q1_user_by_id,0.20019999999999999,1,True,
benchmark,9264,q2_all_users,9.7316000000000003,200,True,
benchmark,9265,q3_user_by_login,0.29549999999999998,1,True,
benchmark,9266,q4_sellers_rating,40.613700000000001,100,True,
benchmark,9267,q5_orders_offset,15.8444,50,True,
benchmark,9268,q6_products_by_seller,0.14149999999999999,0,True,
benchmark,9269,q7_products_join_sellers,0.20169999999999999,0,True,
benchmark,9270,q8_order_items_join_products,0.41020000000000001,4,True,
benchmark,9271,q9_orders_items_products_by_user,0.082000000000000003,0,True,
benchmark,9272,q10_top_sellers_qty,100.84050000000001,20,True,
benchmark,9273,q11_top_categories,0.214,0,True,
benchmark,9274,q1_user_by_id,0.25850000000000001,1,True,
benchmark,9275,q2_all_users,5.5044000000000004,200,True,
benchmark,9276,q3_user_by_login,0.2475,1,True,
benchmark,9277,q4_sellers_rating,44.636000000000003,100,True,
benchmark,9278,q5_orders_offset,15.9427,50,True,
benchmark,9279,q6_products_by_seller,0.12820000000000001,0,True,
benchmark,9280,q7_products_join_sellers,0.1837,0,True,
benchmark,9281,q8_order_items_join_products,0.4173,5,True,
benchmark,9282,q9_orders_items_products_by_user,0.21579999999999999,0,True,
benchmark,9283,q10_top_sellers_qty,103.191,20,True,
benchmark,9284,q11_top_categories,0.20999999999999999,0,True,
benchmark,9285,q1_user_by_id,0.2175,1,True,
benchmark,9286,q2_all_users,8.1844999999999999,200,True,
benchmark,9287,q3_user_by_login,0.23169999999999999,1,True,
benchmark,9288,q4_sellers_rating,39.652900000000002,100,True,
benchmark,9289,q5_orders_offset,15.974,50,True,
benchmark,9290,q6_products_by_seller,0.224,1,True,
benchmark,9291,q7_products_join_sellers,0.34470000000000001,1,True,
benchmark,9292,q8_order_items_join_products,0.39550000000000002,1,True,
benchmark,9293,q9_orders_items_products_by_user,0.076700000000000004,0,True,
benchmark,9294,q10_top_sellers_qty,101.2962,20,True,
benchmark,9295,q11_top_categories,0.18690000000000001,0,True,
benchmark,9296,q1_user_by_id,0.2319,1,True,
benchmark,9297,q2_all_users,5.7803000000000004,200,True,
benchmark,9298,q3_user_by_login,0.27110000000000001,1,True,
benchmark,9299,q4_sellers_rating,43.3932,100,True,
benchmark,9300,q5_orders_offset,19.0184,50,True,
benchmark,9301,q6_products_by_seller,0.23999999999999999,3,True,
benchmark,9302,q7_products_join_sellers,0.3992,3,True,
benchmark,9303,q8_order_items_join_products,0.37330000000000002,2,True,
benchmark,9304,q9_orders_items_products_by_user,0.069699999999999998,0,True,
benchmark,9305,q10_top_sellers_qty,112.9611,20,True,
benchmark,9306,q11_top_categories,0.19400000000000001,0,True,
benchmark,9307,q1_user_by_id,0.18759999999999999,1,True,
benchmark,9308,q2_all_users,10.8963,200,True,
benchmark,9309,q3_user_by_login,0.30130000000000001,1,True,
benchmark,9310,q4_sellers_rating,46.075299999999999,100,True,
benchmark,9311,q5_orders_offset,15.620699999999999,50,True,
benchmark,9312,q6_products_by_seller,0.21740000000000001,1,True,
benchmark,9313,q7_products_join_sellers,0.3322,1,True,
benchmark,9314,q8_order_items_join_products,0.3921,3,True,
benchmark,9315,q9_orders_items_products_by_user,0.2203,0,True,
benchmark,9316,q10_top_sellers_qty,104.47239999999999,20,True,
benchmark,9317,q11_top_categories,0.26690000000000003,0,True,
benchmark,9318,q1_user_by_id,0.22989999999999999,1,True,
benchmark,9319,q2_all_users,12.911300000000001,200,True,
benchmark,9320,q3_user_by_login,0.3196,1,True,
benchmark,9321,q4_sellers_rating,54.1496,100,True,
benchmark,9322,q5_orders_offset,15.6462,50,True,
benchmark,9323,q6_products_by_seller,0.13500000000000001,0,True,
benchmark,9324,q7_products_join_sellers,0.193,0,True,
benchmark,9325,q8_order_items_join_products,0.3977,2,True,
benchmark,9326,q9_orders_items_products_by_user,0.089800000000000005,0,True,
benchmark,9327,q10_top_sellers_qty,100.9276,20,True,
benchmark,9328,q11_top_categories,0.1951,0,True,
benchmark,9329,q1_user_by_id,0.24279999999999999,1,True,
benchmark,9330,q2_all_users,6.5235000000000003,200,True,
benchmark,9331,q3_user_by_login,0.47249999999999998,1,True,
benchmark,9332,q4_sellers_rating,44.540799999999997,100,True,
benchmark,9333,q5_orders_offset,16.2758,50,True,
benchmark,9334,q6_products_by_seller,0.17030000000000001,0,True,
benchmark,9335,q7_products_join_sellers,0.20219999999999999,0,True,
benchmark,9336,q8_order_items_join_products,0.56069999999999998,3,True,
benchmark,9337,q9_orders_items_products_by_user,0.35820000000000002,0,True,
benchmark,9338,q10_top_sellers_qty,120.3091,20,True,
benchmark,9339,q11_top_categories,0.193,0,True,
benchmark,9340,q1_user_by_id,0.33169999999999999,1,True,
benchmark,9341,q2_all_users,5.8356000000000003,200,True,
benchmark,9342,q3_user_by_login,0.29339999999999999,1,True,
benchmark,9343,q4_sellers_rating,43.872700000000002,100,True,
benchmark,9344,q5_orders_offset,19.490400000000001,50,True,
benchmark,9345,q6_products_by_seller,0.2079,1,True,
benchmark,9346,q7_products_join_sellers,0.35249999999999998,1,True,
benchmark,9347,q8_order_items_join_products,0.36930000000000002,1,True,
benchmark,9348,q9_orders_items_products_by_user,0.086099999999999996,0,True,
benchmark,9349,q10_top_sellers_qty,121.2268,20,True,
benchmark,9350,q11_top_categories,0.19550000000000001,0,True,
benchmark,9351,q1_user_by_id,0.27679999999999999,1,True,
benchmark,9352,q2_all_users,10.7845,200,True,
benchmark,9353,q3_user_by_login,0.28960000000000002,1,True,
benchmark,9354,q4_sellers_rating,46.122900000000001,100,True,
benchmark,9355,q5_orders_offset,15.6701,50,True,
benchmark,9356,q6_products_by_seller,0.2175,2,True,
benchmark,9357,q7_products_join_sellers,0.3528,2,True,
benchmark,9358,q8_order_items_join_products,0.39660000000000001,5,True,
benchmark,9359,q9_orders_items_products_by_user,0.2099,0,True,
benchmark,9360,q10_top_sellers_qty,119.7916,20,True,
benchmark,9361,q11_top_categories,0.29709999999999998,0,True,
benchmark,9362,q1_user_by_id,0.28889999999999999,1,True,
benchmark,9363,q2_all_users,6.1669999999999998,200,True,
benchmark,9364,q3_user_by_login,0.30049999999999999,1,True,
benchmark,9365,q4_sellers_rating,46.220300000000002,100,True,
benchmark,9366,q5_orders_offset,15.793900000000001,50,True,
benchmark,9367,q6_products_by_seller,0.13900000000000001,0,True,
benchmark,9368,q7_products_join_sellers,0.18720000000000001,0,True,
benchmark,9369,q8_order_items_join_products,0.42059999999999997,5,True,
benchmark,9370,q9_orders_items_products_by_user,0.069699999999999998,0,True,
benchmark,9371,q10_top_sellers_qty,104.8967,20,True,
benchmark,9372,q11_top_categories,0.247,0,True,
benchmark,9373,q1_user_by_id,0.22819999999999999,1,True,
benchmark,9374,q2_all_users,5.7712000000000003,200,True,
benchmark,9375,q3_user_by_login,0.27600000000000002,1,True,
benchmark,9376,q4_sellers_rating,40.999899999999997,100,True,
benchmark,9377,q5_orders_offset,16.046800000000001,50,True,
benchmark,9378,q6_products_by_seller,0.13469999999999999,0,True,
benchmark,9379,q7_products_join_sellers,0.19400000000000001,0,True,
benchmark,9380,q8_order_items_join_products,0.4652,5,True,
benchmark,9381,q9_orders_items_products_by_user,0.56610000000000005,4,True,
benchmark,9382,q10_top_sellers_qty,96.693700000000007,20,True,
benchmark,9383,q11_top_categories,0.19550000000000001,0,True,
benchmark,9384,q1_user_by_id,0.23069999999999999,1,True,
benchmark,9385,q2_all_users,6.0735999999999999,200,True,
benchmark,9386,q3_user_by_login,0.2306,1,True,
benchmark,9387,q4_sellers_rating,41.409799999999997,100,True,
benchmark,9388,q5_orders_offset,18.3993,50,True,
benchmark,9389,q6_products_by_seller,0.2303,2,True,
benchmark,9390,q7_products_join_sellers,0.34200000000000003,2,True,
benchmark,9391,q8_order_items_join_products,0.40329999999999999,5,True,
benchmark,9392,q9_orders_items_products_by_user,0.47049999999999997,3,True,
benchmark,9393,q10_top_sellers_qty,112.5878,20,True,
benchmark,9394,q11_top_categories,0.22650000000000001,0,True,
benchmark,9395,q1_user_by_id,0.20749999999999999,1,True,
benchmark,9396,q2_all_users,8.7598000000000003,200,True,
benchmark,9397,q3_user_by_login,0.2233,1,True,
benchmark,9398,q4_sellers_rating,43.762700000000002,100,True,
benchmark,9399,q5_orders_offset,15.895,50,True,
benchmark,9400,q6_products_by_seller,0.25390000000000001,2,True,
benchmark,9401,q7_products_join_sellers,0.34399999999999997,2,True,
benchmark,9402,q8_order_items_join_products,0.38150000000000001,2,True,
benchmark,9403,q9_orders_items_products_by_user,0.076700000000000004,0,True,
benchmark,9404,q10_top_sellers_qty,100.4533,20,True,
benchmark,9405,q11_top_categories,0.2009,0,True,
benchmark,9406,q1_user_by_id,0.22409999999999999,1,True,
benchmark,9407,q2_all_users,10.2273,200,True,
benchmark,9408,q3_user_by_login,0.30790000000000001,1,True,
benchmark,9409,q4_sellers_rating,41.315600000000003,100,True,
benchmark,9410,q5_orders_offset,15.8314,50,True,
benchmark,9411,q6_products_by_seller,0.22969999999999999,1,True,
benchmark,9412,q7_products_join_sellers,0.34360000000000002,1,True,
benchmark,9413,q8_order_items_join_products,0.378,3,True,
benchmark,9414,q9_orders_items_products_by_user,0.082699999999999996,0,True,
benchmark,9415,q10_top_sellers_qty,108.5782,20,True,
benchmark,9416,q11_top_categories,0.2293,0,True,
benchmark,9417,q1_user_by_id,0.2011,1,True,
benchmark,9418,q2_all_users,5.6734,200,True,
benchmark,9419,q3_user_by_login,0.18970000000000001,1,True,
benchmark,9420,q4_sellers_rating,42.057699999999997,100,True,
benchmark,9421,q5_orders_offset,15.7408,50,True,
benchmark,9422,q6_products_by_seller,0.2145,1,True,
benchmark,9423,q7_products_join_sellers,0.34029999999999999,1,True,
benchmark,9424,q8_order_items_join_products,0.38300000000000001,2,True,
benchmark,9425,q9_orders_items_products_by_user,0.077799999999999994,0,True,
benchmark,9426,q10_top_sellers_qty,107.2916,20,True,
benchmark,9427,q11_top_categories,0.1857,0,True,
benchmark,9428,q1_user_by_id,0.25569999999999998,1,True,
benchmark,9429,q2_all_users,5.4748000000000001,200,True,
benchmark,9430,q3_user_by_login,0.20780000000000001,1,True,
benchmark,9431,q4_sellers_rating,45.214199999999998,100,True,
benchmark,9432,q5_orders_offset,22.534500000000001,50,True,
benchmark,9433,q6_products_by_seller,0.1424,0,True,
benchmark,9434,q7_products_join_sellers,0.20349999999999999,0,True,
benchmark,9435,q8_order_items_join_products,0.44990000000000002,5,True,
benchmark,9436,q9_orders_items_products_by_user,0.075999999999999998,0,True,
benchmark,9437,q10_top_sellers_qty,86.097499999999997,20,True,
benchmark,9438,q11_top_categories,0.20039999999999999,0,True,
benchmark,9439,q1_user_by_id,0.20300000000000001,1,True,
benchmark,9440,q2_all_users,12.0077,200,True,
benchmark,9441,q3_user_by_login,0.2137,1,True,
benchmark,9442,q4_sellers_rating,36.827500000000001,100,True,
benchmark,9443,q5_orders_offset,15.7301,50,True,
benchmark,9444,q6_products_by_seller,0.2208,2,True,
benchmark,9445,q7_products_join_sellers,0.32679999999999998,2,True,
benchmark,9446,q8_order_items_join_products,0.43469999999999998,3,True,
benchmark,9447,q9_orders_items_products_by_user,0.29980000000000001,0,True,
benchmark,9448,q10_top_sellers_qty,98.238399999999999,20,True,
benchmark,9449,q11_top_categories,0.22220000000000001,0,True,
benchmark,9450,q1_user_by_id,0.21790000000000001,1,True,
benchmark,9451,q2_all_users,6.0049000000000001,200,True,
benchmark,9452,q3_user_by_login,0.19639999999999999,1,True,
benchmark,9453,q4_sellers_rating,41.388199999999998,100,True,
benchmark,9454,q5_orders_offset,15.514900000000001,50,True,
benchmark,9455,q6_products_by_seller,0.22189999999999999,1,True,
benchmark,9456,q7_products_join_sellers,0.32940000000000003,1,True,
benchmark,9457,q8_order_items_join_products,0.39810000000000001,3,True,
benchmark,9458,q9_orders_items_products_by_user,0.21759999999999999,0,True,
benchmark,9459,q10_top_sellers_qty,113.91070000000001,20,True,
benchmark,9460,q11_top_categories,0.19439999999999999,0,True,
benchmark,9461,q1_user_by_id,0.24329999999999999,1,True,
benchmark,9462,q2_all_users,6.0636999999999999,200,True,
benchmark,9463,q3_user_by_login,0.3236,1,True,
benchmark,9464,q4_sellers_rating,45.722700000000003,100,True,
benchmark,9465,q5_orders_offset,16.598600000000001,50,True,
benchmark,9466,q6_products_by_seller,0.2409,1,True,
benchmark,9467,q7_products_join_sellers,0.41060000000000002,1,True,
benchmark,9468,q8_order_items_join_products,0.498,4,True,
benchmark,9469,q9_orders_items_products_by_user,0.29449999999999998,0,True,
benchmark,9470,q10_top_sellers_qty,104.30070000000001,20,True,
benchmark,9471,q11_top_categories,0.2077,0,True,
benchmark,9472,q1_user_by_id,0.25600000000000001,1,True,
benchmark,9473,q2_all_users,5.3799000000000001,200,True,
benchmark,9474,q3_user_by_login,0.2414,1,True,
benchmark,9475,q4_sellers_rating,40.652900000000002,100,True,
benchmark,9476,q5_orders_offset,23.284600000000001,50,True,
benchmark,9477,q6_products_by_seller,0.2278,3,True,
benchmark,9478,q7_products_join_sellers,0.35439999999999999,3,True,
benchmark,9479,q8_order_items_join_products,0.373,2,True,
benchmark,9480,q9_orders_items_products_by_user,1.0927,8,True,
benchmark,9481,q10_top_sellers_qty,91.492900000000006,20,True,
benchmark,9482,q11_top_categories,0.16070000000000001,0,True,
benchmark,9483,q1_user_by_id,0.2029,1,True,
benchmark,9484,q2_all_users,12.3794,200,True,
benchmark,9485,q3_user_by_login,0.2324,1,True,
benchmark,9486,q4_sellers_rating,39.698599999999999,100,True,
benchmark,9487,q5_orders_offset,16.260300000000001,50,True,
benchmark,9488,q6_products_by_seller,0.185,0,True,
benchmark,9489,q7_products_join_sellers,0.20949999999999999,0,True,
benchmark,9490,q8_order_items_join_products,0.49099999999999999,3,True,
benchmark,9491,q9_orders_items_products_by_user,0.11360000000000001,0,True,
benchmark,9492,q10_top_sellers_qty,105.4192,20,True,
benchmark,9493,q11_top_categories,0.16450000000000001,0,True,
benchmark,9494,q1_user_by_id,0.2591,1,True,
benchmark,9495,q2_all_users,5.5869,200,True,
benchmark,9496,q3_user_by_login,0.26169999999999999,1,True,
benchmark,9497,q4_sellers_rating,41.415999999999997,100,True,
benchmark,9498,q5_orders_offset,15.9839,50,True,
benchmark,9499,q6_products_by_seller,0.22750000000000001,3,True,
benchmark,9500,q7_products_join_sellers,0.35780000000000001,3,True,
benchmark,9501,q8_order_items_join_products,0.40179999999999999,5,True,
benchmark,9502,q9_orders_items_products_by_user,0.20269999999999999,0,True,
benchmark,9503,q10_top_sellers_qty,117.9024,20,True,
benchmark,9504,q11_top_categories,0.20430000000000001,0,True,
benchmark,9505,q1_user_by_id,0.2455,1,True,
benchmark,9506,q2_all_users,6.5292000000000003,200,True,
benchmark,9507,q3_user_by_login,0.20999999999999999,1,True,
benchmark,9508,q4_sellers_rating,48.625500000000002,100,True,
benchmark,9509,q5_orders_offset,15.867699999999999,50,True,
benchmark,9510,q6_products_by_seller,0.21360000000000001,1,True,
benchmark,9511,q7_products_join_sellers,0.33400000000000002,1,True,
benchmark,9512,q8_order_items_join_products,0.3911,4,True,
benchmark,9513,q9_orders_items_products_by_user,0.083799999999999999,0,True,
benchmark,9514,q10_top_sellers_qty,103.8982,20,True,
benchmark,9515,q11_top_categories,0.23050000000000001,0,True,
benchmark,9516,q1_user_by_id,0.2162,1,True,
benchmark,9517,q2_all_users,5.7729999999999997,200,True,
benchmark,9518,q3_user_by_login,0.24179999999999999,1,True,
benchmark,9519,q4_sellers_rating,41.115299999999998,100,True,
benchmark,9520,q5_orders_offset,18.924199999999999,50,True,
benchmark,9521,q6_products_by_seller,0.2278,2,True,
benchmark,9522,q7_products_join_sellers,0.33900000000000002,2,True,
benchmark,9523,q8_order_items_join_products,0.38319999999999999,3,True,
benchmark,9524,q9_orders_items_products_by_user,0.28100000000000003,0,True,
benchmark,9525,q10_top_sellers_qty,98.205200000000005,20,True,
benchmark,9526,q11_top_categories,0.19420000000000001,0,True,
benchmark,9527,q1_user_by_id,0.25509999999999999,1,True,
benchmark,9528,q2_all_users,5.3391000000000002,200,True,
benchmark,9529,q3_user_by_login,0.19320000000000001,1,True,
benchmark,9530,q4_sellers_rating,41.5672,100,True,
benchmark,9531,q5_orders_offset,18.5063,50,True,
benchmark,9532,q6_products_by_seller,0.15559999999999999,0,True,
benchmark,9533,q7_products_join_sellers,0.2135,0,True,
benchmark,9534,q8_order_items_join_products,0.44259999999999999,3,True,
benchmark,9535,q9_orders_items_products_by_user,0.50009999999999999,2,True,
benchmark,9536,q10_top_sellers_qty,108.2679,20,True,
benchmark,9537,q11_top_categories,0.22470000000000001,0,True,
benchmark,9538,q1_user_by_id,0.28029999999999999,1,True,
benchmark,9539,q2_all_users,15.103300000000001,200,True,
benchmark,9540,q3_user_by_login,0.33600000000000002,1,True,
benchmark,9541,q4_sellers_rating,41.834000000000003,100,True,
benchmark,9542,q5_orders_offset,16.455500000000001,50,True,
benchmark,9543,q6_products_by_seller,0.21429999999999999,2,True,
benchmark,9544,q7_products_join_sellers,0.34499999999999997,2,True,
benchmark,9545,q8_order_items_join_products,0.40410000000000001,2,True,
benchmark,9546,q9_orders_items_products_by_user,0.50449999999999995,3,True,
benchmark,9547,q10_top_sellers_qty,101.7779,20,True,
benchmark,9548,q11_top_categories,0.20349999999999999,0,True,
benchmark,9549,q1_user_by_id,0.24879999999999999,1,True,
benchmark,9550,q2_all_users,5.7565,200,True,
benchmark,9551,q3_user_by_login,0.23430000000000001,1,True,
benchmark,9552,q4_sellers_rating,48.412100000000002,100,True,
benchmark,9553,q5_orders_offset,16.1904,50,True,
benchmark,9554,q6_products_by_seller,0.20780000000000001,1,True,
benchmark,9555,q7_products_join_sellers,0.33350000000000002,1,True,
benchmark,9556,q8_order_items_join_products,0.40579999999999999,5,True,
benchmark,9557,q9_orders_items_products_by_user,0.63959999999999995,3,True,
benchmark,9558,q10_top_sellers_qty,115.5243,20,True,
benchmark,9559,q11_top_categories,0.192,0,True,
benchmark,9560,q1_user_by_id,0.25829999999999997,1,True,
benchmark,9561,q2_all_users,5.742,200,True,
benchmark,9562,q3_user_by_login,0.28310000000000002,1,True,
benchmark,9563,q4_sellers_rating,44.412300000000002,100,True,
benchmark,9564,q5_orders_offset,15.8155,50,True,
benchmark,9565,q6_products_by_seller,0.15040000000000001,0,True,
benchmark,9566,q7_products_join_sellers,0.19850000000000001,0,True,
benchmark,9567,q8_order_items_join_products,0.4073,4,True,
benchmark,9568,q9_orders_items_products_by_user,0.078200000000000006,0,True,
benchmark,9569,q10_top_sellers_qty,109.31489999999999,20,True,
benchmark,9570,q11_top_categories,0.20200000000000001,0,True,
benchmark,9571,q1_user_by_id,0.25219999999999998,1,True,
benchmark,9572,q2_all_users,5.7253999999999996,200,True,
benchmark,9573,q3_user_by_login,0.1915,1,True,
benchmark,9574,q4_sellers_rating,45.0991,100,True,
benchmark,9575,q5_orders_offset,18.947800000000001,50,True,
benchmark,9576,q6_products_by_seller,0.14610000000000001,0,True,
benchmark,9577,q7_products_join_sellers,0.2051,0,True,
benchmark,9578,q8_order_items_join_products,0.40489999999999998,3,True,
benchmark,9579,q9_orders_items_products_by_user,0.088599999999999998,0,True,
benchmark,9580,q10_top_sellers_qty,102.0231,20,True,
benchmark,9581,q11_top_categories,0.20760000000000001,0,True,
benchmark,9582,q1_user_by_id,0.1802,1,True,
benchmark,9583,q2_all_users,5.6413000000000002,200,True,
benchmark,9584,q3_user_by_login,0.24410000000000001,1,True,
benchmark,9585,q4_sellers_rating,41.025199999999998,100,True,
benchmark,9586,q5_orders_offset,18.410799999999998,50,True,
benchmark,9587,q6_products_by_seller,0.13769999999999999,0,True,
benchmark,9588,q7_products_join_sellers,0.19620000000000001,0,True,
benchmark,9589,q8_order_items_join_products,0.40649999999999997,1,True,
benchmark,9590,q9_orders_items_products_by_user,0.087499999999999994,0,True,
benchmark,9591,q10_top_sellers_qty,101.1776,20,True,
benchmark,9592,q11_top_categories,0.18429999999999999,0,True,
benchmark,9593,q1_user_by_id,0.23899999999999999,1,True,
benchmark,9594,q2_all_users,17.216100000000001,200,True,
benchmark,9595,q3_user_by_login,0.54400000000000004,1,True,
benchmark,9596,q4_sellers_rating,45.686199999999999,100,True,
benchmark,9597,q5_orders_offset,16.271899999999999,50,True,
benchmark,9598,q6_products_by_seller,0.218,2,True,
benchmark,9599,q7_products_join_sellers,0.35139999999999999,2,True,
benchmark,9600,q8_order_items_join_products,0.41660000000000003,5,True,
benchmark,9601,q9_orders_items_products_by_user,0.082100000000000006,0,True,
benchmark,9602,q10_top_sellers_qty,106.05710000000001,20,True,
benchmark,9603,q11_top_categories,0.21129999999999999,0,True,
benchmark,9604,q1_user_by_id,0.21759999999999999,1,True,
benchmark,9605,q2_all_users,5.7173999999999996,200,True,
benchmark,9606,q3_user_by_login,0.2397,1,True,
benchmark,9607,q4_sellers_rating,42.7453,100,True,
benchmark,9608,q5_orders_offset,16.138000000000002,50,True,
benchmark,9609,q6_products_by_seller,0.1525,0,True,
benchmark,9610,q7_products_join_sellers,0.2102,0,True,
benchmark,9611,q8_order_items_join_products,0.433,1,True,
benchmark,9612,q9_orders_items_products_by_user,0.79730000000000001,5,True,
benchmark,9613,q10_top_sellers_qty,118.6189,20,True,
benchmark,9614,q11_top_categories,0.2084,0,True,
benchmark,9615,q1_user_by_id,0.20000000000000001,1,True,
benchmark,9616,q2_all_users,5.8356000000000003,200,True,
benchmark,9617,q3_user_by_login,0.26069999999999999,1,True,
benchmark,9618,q4_sellers_rating,43.899299999999997,100,True,
benchmark,9619,q5_orders_offset,16.070499999999999,50,True,
benchmark,9620,q6_products_by_seller,0.21790000000000001,1,True,
benchmark,9621,q7_products_join_sellers,0.34489999999999998,1,True,
benchmark,9622,q8_order_items_join_products,0.39400000000000002,4,True,
benchmark,9623,q9_orders_items_products_by_user,0.62539999999999996,5,True,
benchmark,9624,q10_top_sellers_qty,107.6799,20,True,
benchmark,9625,q11_top_categories,0.2437,0,True,
benchmark,9626,q1_user_by_id,0.25309999999999999,1,True,
benchmark,9627,q2_all_users,5.8090999999999999,200,True,
benchmark,9628,q3_user_by_login,0.27679999999999999,1,True,
benchmark,9629,q4_sellers_rating,42.037300000000002,100,True,
benchmark,9630,q5_orders_offset,18.555199999999999,50,True,
benchmark,9631,q6_products_by_seller,0.2233,1,True,
benchmark,9632,q7_products_join_sellers,0.34100000000000003,1,True,
benchmark,9633,q8_order_items_join_products,0.4037,3,True,
benchmark,9634,q9_orders_items_products_by_user,1.5999000000000001,14,True,
benchmark,9635,q10_top_sellers_qty,100.7063,20,True,
benchmark,9636,q11_top_categories,0.19339999999999999,0,True,
benchmark,9637,q1_user_by_id,0.2646,1,True,
benchmark,9638,q2_all_users,6.0758000000000001,200,True,
benchmark,9639,q3_user_by_login,0.3029,1,True,
benchmark,9640,q4_sellers_rating,40.344900000000003,100,True,
benchmark,9641,q5_orders_offset,19.6462,50,True,
benchmark,9642,q6_products_by_seller,0.13669999999999999,0,True,
benchmark,9643,q7_products_join_sellers,0.20050000000000001,0,True,
benchmark,9644,q8_order_items_join_products,0.38929999999999998,3,True,
benchmark,9645,q9_orders_items_products_by_user,0.21429999999999999,0,True,
benchmark,9646,q10_top_sellers_qty,100.5163,20,True,
benchmark,9647,q11_top_categories,0.20230000000000001,0,True,
benchmark,9648,q1_user_by_id,0.23619999999999999,1,True,
benchmark,9649,q2_all_users,12.3673,200,True,
benchmark,9650,q3_user_by_login,1.1509,1,True,
benchmark,9651,q4_sellers_rating,42.493200000000002,100,True,
benchmark,9652,q5_orders_offset,15.9117,50,True,
benchmark,9653,q6_products_by_seller,0.2175,2,True,
benchmark,9654,q7_products_join_sellers,0.3458,2,True,
benchmark,9655,q8_order_items_join_products,0.38690000000000002,1,True,
benchmark,9656,q9_orders_items_products_by_user,0.59760000000000002,5,True,
benchmark,9657,q10_top_sellers_qty,100.7655,20,True,
benchmark,9658,q11_top_categories,0.19520000000000001,0,True,
benchmark,9659,q1_user_by_id,0.29509999999999997,1,True,
benchmark,9660,q2_all_users,6.1741000000000001,200,True,
benchmark,9661,q3_user_by_login,0.23669999999999999,1,True,
benchmark,9662,q4_sellers_rating,39.775599999999997,100,True,
benchmark,9663,q5_orders_offset,15.921200000000001,50,True,
benchmark,9664,q6_products_by_seller,0.14119999999999999,0,True,
benchmark,9665,q7_products_join_sellers,0.19670000000000001,0,True,
benchmark,9666,q8_order_items_join_products,0.40679999999999999,1,True,
benchmark,9667,q9_orders_items_products_by_user,0.22140000000000001,0,True,
benchmark,9668,q10_top_sellers_qty,122.4777,20,True,
benchmark,9669,q11_top_categories,0.1961,0,True,
benchmark,9670,q1_user_by_id,0.30549999999999999,1,True,
benchmark,9671,q2_all_users,5.8029000000000002,200,True,
benchmark,9672,q3_user_by_login,0.19819999999999999,1,True,
benchmark,9673,q4_sellers_rating,43.871899999999997,100,True,
benchmark,9674,q5_orders_offset,15.945,50,True,
benchmark,9675,q6_products_by_seller,0.22040000000000001,1,True,
benchmark,9676,q7_products_join_sellers,0.34050000000000002,1,True,
benchmark,9677,q8_order_items_join_products,0.43149999999999999,3,True,
benchmark,9678,q9_orders_items_products_by_user,0.20999999999999999,0,True,
benchmark,9679,q10_top_sellers_qty,107.081,20,True,
benchmark,9680,q11_top_categories,0.19639999999999999,0,True,
benchmark,9681,q1_user_by_id,0.21590000000000001,1,True,
benchmark,9682,q2_all_users,5.9654999999999996,200,True,
benchmark,9683,q3_user_by_login,0.25130000000000002,1,True,
benchmark,9684,q4_sellers_rating,41.779899999999998,100,True,
benchmark,9685,q5_orders_offset,18.5459,50,True,
benchmark,9686,q6_products_by_seller,0.20630000000000001,1,True,
benchmark,9687,q7_products_join_sellers,0.3362,1,True,
benchmark,9688,q8_order_items_join_products,0.41499999999999998,4,True,
benchmark,9689,q9_orders_items_products_by_user,0.63129999999999997,3,True,
benchmark,9690,q10_top_sellers_qty,103.2606,20,True,
benchmark,9691,q11_top_categories,0.19719999999999999,0,True,
benchmark,9692,q1_user_by_id,0.20669999999999999,1,True,
benchmark,9693,q2_all_users,5.9611000000000001,200,True,
benchmark,9694,q3_user_by_login,0.23669999999999999,1,True,
benchmark,9695,q4_sellers_rating,42.037199999999999,100,True,
benchmark,9696,q5_orders_offset,19.320399999999999,50,True,
benchmark,9697,q6_products_by_seller,0.2225,2,True,
benchmark,9698,q7_products_join_sellers,0.33129999999999998,2,True,
benchmark,9699,q8_order_items_join_products,0.40939999999999999,5,True,
benchmark,9700,q9_orders_items_products_by_user,0.8337,5,True,
benchmark,9701,q10_top_sellers_qty,100.72490000000001,20,True,
benchmark,9702,q11_top_categories,0.19389999999999999,0,True,
benchmark,9703,q1_user_by_id,0.21659999999999999,1,True,
benchmark,9704,q2_all_users,12.2125,200,True,
benchmark,9705,q3_user_by_login,0.29349999999999998,1,True,
benchmark,9706,q4_sellers_rating,43.197699999999998,100,True,
benchmark,9707,q5_orders_offset,16.597200000000001,50,True,
benchmark,9708,q6_products_by_seller,0.27079999999999999,2,True,
benchmark,9709,q7_products_join_sellers,0.34689999999999999,2,True,
benchmark,9710,q8_order_items_join_products,0.42620000000000002,5,True,
benchmark,9711,q9_orders_items_products_by_user,0.078799999999999995,0,True,
benchmark,9712,q10_top_sellers_qty,101.2547,20,True,
benchmark,9713,q11_top_categories,0.222,0,True,
benchmark,9714,q1_user_by_id,0.19239999999999999,1,True,
benchmark,9715,q2_all_users,5.4627999999999997,200,True,
benchmark,9716,q3_user_by_login,0.21129999999999999,1,True,
benchmark,9717,q4_sellers_rating,41.244999999999997,100,True,
benchmark,9718,q5_orders_offset,15.5245,50,True,
benchmark,9719,q6_products_by_seller,0.20610000000000001,4,True,
benchmark,9720,q7_products_join_sellers,0.34389999999999998,4,True,
benchmark,9721,q8_order_items_join_products,0.38450000000000001,1,True,
benchmark,9722,q9_orders_items_products_by_user,1.0081,7,True,
benchmark,9723,q10_top_sellers_qty,123.8359,20,True,
benchmark,9724,q11_top_categories,0.2326,0,True,
benchmark,9725,q1_user_by_id,0.25490000000000002,1,True,
benchmark,9726,q2_all_users,5.6341000000000001,200,True,
benchmark,9727,q3_user_by_login,0.24429999999999999,1,True,
benchmark,9728,q4_sellers_rating,45.915900000000001,100,True,
benchmark,9729,q5_orders_offset,15.82,50,True,
benchmark,9730,q6_products_by_seller,0.2414,2,True,
benchmark,9731,q7_products_join_sellers,0.32619999999999999,2,True,
benchmark,9732,q8_order_items_join_products,0.41220000000000001,4,True,
benchmark,9733,q9_orders_items_products_by_user,0.42559999999999998,1,True,
benchmark,9734,q10_top_sellers_qty,121.5635,20,True,
benchmark,9735,q11_top_categories,0.20710000000000001,0,True,
benchmark,9736,q1_user_by_id,0.35320000000000001,1,True,
benchmark,9737,q2_all_users,7.6829000000000001,200,True,
benchmark,9738,q3_user_by_login,0.23780000000000001,1,True,
benchmark,9739,q4_sellers_rating,47.191299999999998,100,True,
benchmark,9740,q5_orders_offset,16.294699999999999,50,True,
benchmark,9741,q6_products_by_seller,0.1646,0,True,
benchmark,9742,q7_products_join_sellers,0.1928,0,True,
benchmark,9743,q8_order_items_join_products,0.43969999999999998,5,True,
benchmark,9744,q9_orders_items_products_by_user,0.085099999999999995,0,True,
benchmark,9745,q10_top_sellers_qty,103.1352,20,True,
benchmark,9746,q11_top_categories,0.19719999999999999,0,True,
benchmark,9747,q1_user_by_id,0.2399,1,True,
benchmark,9748,q2_all_users,5.3899999999999997,200,True,
benchmark,9749,q3_user_by_login,0.26079999999999998,1,True,
benchmark,9750,q4_sellers_rating,40.516500000000001,100,True,
benchmark,9751,q5_orders_offset,18.926500000000001,50,True,
benchmark,9752,q6_products_by_seller,0.14219999999999999,0,True,
benchmark,9753,q7_products_join_sellers,0.19670000000000001,0,True,
benchmark,9754,q8_order_items_join_products,0.41520000000000001,3,True,
benchmark,9755,q9_orders_items_products_by_user,0.086900000000000005,0,True,
benchmark,9756,q10_top_sellers_qty,105.3396,20,True,
benchmark,9757,q11_top_categories,0.19670000000000001,0,True,
benchmark,9758,q1_user_by_id,0.2437,1,True,
benchmark,9759,q2_all_users,8.4032,200,True,
benchmark,9760,q3_user_by_login,0.24759999999999999,1,True,
benchmark,9761,q4_sellers_rating,39.945700000000002,100,True,
benchmark,9762,q5_orders_offset,15.865,50,True,
benchmark,9763,q6_products_by_seller,0.20419999999999999,2,True,
benchmark,9764,q7_products_join_sellers,0.3412,2,True,
benchmark,9765,q8_order_items_join_products,0.38379999999999997,1,True,
benchmark,9766,q9_orders_items_products_by_user,0.4632,2,True,
benchmark,9767,q10_top_sellers_qty,108.8163,20,True,
benchmark,9768,q11_top_categories,0.22020000000000001,0,True,
benchmark,9769,q1_user_by_id,0.2089,1,True,
benchmark,9770,q2_all_users,10.969200000000001,200,True,
benchmark,9771,q3_user_by_login,0.28489999999999999,1,True,
benchmark,9772,q4_sellers_rating,46.542299999999997,100,True,
benchmark,9773,q5_orders_offset,15.7592,50,True,
benchmark,9774,q6_products_by_seller,0.192,1,True,
benchmark,9775,q7_products_join_sellers,0.34989999999999999,1,True,
benchmark,9776,q8_order_items_join_products,0.38500000000000001,4,True,
benchmark,9777,q9_orders_items_products_by_user,0.42320000000000002,1,True,
benchmark,9778,q10_top_sellers_qty,104.9171,20,True,
benchmark,9779,q11_top_categories,0.31850000000000001,0,True,
benchmark,9780,q1_user_by_id,0.30149999999999999,1,True,
benchmark,9781,q2_all_users,6.9610000000000003,200,True,
benchmark,9782,q3_user_by_login,0.25059999999999999,1,True,
benchmark,9783,q4_sellers_rating,44.714199999999998,100,True,
benchmark,9784,q5_orders_offset,15.9495,50,True,
benchmark,9785,q6_products_by_seller,0.21190000000000001,2,True,
benchmark,9786,q7_products_join_sellers,0.33950000000000002,2,True,
benchmark,9787,q8_order_items_join_products,0.43080000000000002,5,True,
benchmark,9788,q9_orders_items_products_by_user,0.2198,0,True,
benchmark,9789,q10_top_sellers_qty,114.8609,20,True,
benchmark,9790,q11_top_categories,0.21540000000000001,0,True,
benchmark,9791,q1_user_by_id,0.37919999999999998,1,True,
benchmark,9792,q2_all_users,6.2363999999999997,200,True,
benchmark,9793,q3_user_by_login,0.2135,1,True,
benchmark,9794,q4_sellers_rating,46.034999999999997,100,True,
benchmark,9795,q5_orders_offset,19.1279,50,True,
benchmark,9796,q6_products_by_seller,0.23449999999999999,2,True,
benchmark,9797,q7_products_join_sellers,0.39040000000000002,2,True,
benchmark,9798,q8_order_items_join_products,0.3745,2,True,
benchmark,9799,q9_orders_items_products_by_user,0.077499999999999999,0,True,
benchmark,9800,q10_top_sellers_qty,99.705200000000005,20,True,
benchmark,9801,q11_top_categories,0.1971,0,True,
benchmark,9802,q1_user_by_id,0.26840000000000003,1,True,
benchmark,9803,q2_all_users,6.1952999999999996,200,True,
benchmark,9804,q3_user_by_login,0.26050000000000001,1,True,
benchmark,9805,q4_sellers_rating,40.604700000000001,100,True,
benchmark,9806,q5_orders_offset,18.658999999999999,50,True,
benchmark,9807,q6_products_by_seller,0.13320000000000001,0,True,
benchmark,9808,q7_products_join_sellers,0.2024,0,True,
benchmark,9809,q8_order_items_join_products,0.40129999999999999,4,True,
benchmark,9810,q9_orders_items_products_by_user,0.2596,0,True,
benchmark,9811,q10_top_sellers_qty,111.3553,20,True,
benchmark,9812,q11_top_categories,0.21010000000000001,0,True,
benchmark,9813,q1_user_by_id,0.25109999999999999,1,True,
benchmark,9814,q2_all_users,8.7032000000000007,200,True,
benchmark,9815,q3_user_by_login,0.28170000000000001,1,True,
benchmark,9816,q4_sellers_rating,43.781799999999997,100,True,
benchmark,9817,q5_orders_offset,15.9985,50,True,
benchmark,9818,q6_products_by_seller,0.2601,2,True,
benchmark,9819,q7_products_join_sellers,0.37719999999999998,2,True,
benchmark,9820,q8_order_items_join_products,0.3891,1,True,
benchmark,9821,q9_orders_items_products_by_user,0.2298,0,True,
benchmark,9822,q10_top_sellers_qty,111.5085,20,True,
benchmark,9823,q11_top_categories,0.1968,0,True,
benchmark,9824,q1_user_by_id,0.2336,1,True,
benchmark,9825,q2_all_users,11.571400000000001,200,True,
benchmark,9826,q3_user_by_login,0.31159999999999999,1,True,
benchmark,9827,q4_sellers_rating,41.406199999999998,100,True,
benchmark,9828,q5_orders_offset,15.9459,50,True,
benchmark,9829,q6_products_by_seller,0.22209999999999999,1,True,
benchmark,9830,q7_products_join_sellers,0.35880000000000001,1,True,
benchmark,9831,q8_order_items_join_products,0.42630000000000001,2,True,
benchmark,9832,q9_orders_items_products_by_user,0.085900000000000004,0,True,
benchmark,9833,q10_top_sellers_qty,101.7303,20,True,
benchmark,9834,q11_top_categories,0.22309999999999999,0,True,
benchmark,9835,q1_user_by_id,0.20810000000000001,1,True,
benchmark,9836,q2_all_users,5.4821999999999997,200,True,
benchmark,9837,q3_user_by_login,0.25290000000000001,1,True,
benchmark,9838,q4_sellers_rating,42.267200000000003,100,True,
benchmark,9839,q5_orders_offset,15.8355,50,True,
benchmark,9840,q6_products_by_seller,0.2137,2,True,
benchmark,9841,q7_products_join_sellers,0.33679999999999999,2,True,
benchmark,9842,q8_order_items_join_products,0.40279999999999999,5,True,
benchmark,9843,q9_orders_items_products_by_user,0.28060000000000002,0,True,
benchmark,9844,q10_top_sellers_qty,119.95999999999999,20,True,
benchmark,9845,q11_top_categories,0.18590000000000001,0,True,
benchmark,9846,q1_user_by_id,0.28949999999999998,1,True,
benchmark,9847,q2_all_users,7.2817999999999996,200,True,
benchmark,9848,q3_user_by_login,0.42680000000000001,1,True,
benchmark,9849,q4_sellers_rating,52.603999999999999,100,True,
benchmark,9850,q5_orders_offset,18.915800000000001,50,True,
benchmark,9851,q6_products_by_seller,0.13819999999999999,0,True,
benchmark,9852,q7_products_join_sellers,0.20319999999999999,0,True,
benchmark,9853,q8_order_items_join_products,0.40479999999999999,3,True,
benchmark,9854,q9_orders_items_products_by_user,0.080000000000000002,0,True,
benchmark,9855,q10_top_sellers_qty,107.2801,20,True,
benchmark,9856,q11_top_categories,0.18529999999999999,0,True,
benchmark,9857,q1_user_by_id,0.25779999999999997,1,True,
benchmark,9858,q2_all_users,8.2797000000000001,200,True,
benchmark,9859,q3_user_by_login,2.4882,1,True,
benchmark,9860,q4_sellers_rating,47.974200000000003,100,True,
benchmark,9861,q5_orders_offset,16.361899999999999,50,True,
benchmark,9862,q6_products_by_seller,0.2122,1,True,
benchmark,9863,q7_products_join_sellers,0.31319999999999998,1,True,
benchmark,9864,q8_order_items_join_products,0.42730000000000001,4,True,
benchmark,9865,q9_orders_items_products_by_user,0.094600000000000004,0,True,
benchmark,9866,q10_top_sellers_qty,96.672399999999996,20,True,
benchmark,9867,q11_top_categories,0.2016,0,True,
benchmark,9868,q1_user_by_id,0.2487,1,True,
benchmark,9869,q2_all_users,7.7544000000000004,200,True,
benchmark,9870,q3_user_by_login,0.26500000000000001,1,True,
benchmark,9871,q4_sellers_rating,39.107199999999999,100,True,
benchmark,9872,q5_orders_offset,15.8262,50,True,
benchmark,9873,q6_products_by_seller,0.15870000000000001,0,True,
benchmark,9874,q7_products_join_sellers,0.20780000000000001,0,True,
benchmark,9875,q8_order_items_join_products,0.43840000000000001,5,True,
benchmark,9876,q9_orders_items_products_by_user,0.78769999999999996,5,True,
benchmark,9877,q10_top_sellers_qty,123.1067,20,True,
benchmark,9878,q11_top_categories,0.2316,0,True,
benchmark,9879,q1_user_by_id,0.3075,1,True,
benchmark,9880,q2_all_users,7.1047000000000002,200,True,
benchmark,9881,q3_user_by_login,0.31419999999999998,1,True,
benchmark,9882,q4_sellers_rating,41.485399999999998,100,True,
benchmark,9883,q5_orders_offset,16.138300000000001,50,True,
benchmark,9884,q6_products_by_seller,0.23569999999999999,2,True,
benchmark,9885,q7_products_join_sellers,0.34279999999999999,2,True,
benchmark,9886,q8_order_items_join_products,0.4244,5,True,
benchmark,9887,q9_orders_items_products_by_user,0.54800000000000004,3,True,
benchmark,9888,q10_top_sellers_qty,126.4067,20,True,
benchmark,9889,q11_top_categories,0.2044,0,True,
benchmark,9890,q1_user_by_id,0.31069999999999998,1,True,
benchmark,9891,q2_all_users,6.0362,200,True,
benchmark,9892,q3_user_by_login,0.22070000000000001,1,True,
benchmark,9893,q4_sellers_rating,49.4681,100,True,
benchmark,9894,q5_orders_offset,15.6084,50,True,
benchmark,9895,q6_products_by_seller,0.12720000000000001,0,True,
benchmark,9896,q7_products_join_sellers,0.1827,0,True,
benchmark,9897,q8_order_items_join_products,0.4158,4,True,
benchmark,9898,q9_orders_items_products_by_user,0.0785,0,True,
benchmark,9899,q10_top_sellers_qty,111.6109,20,True,
benchmark,9900,q11_top_categories,0.24690000000000001,0,True,
benchmark,9901,q1_user_by_id,0.3352,1,True,
benchmark,9902,q2_all_users,9.5954999999999995,200,True,
benchmark,9903,q3_user_by_login,0.33460000000000001,1,True,
benchmark,9904,q4_sellers_rating,43.697699999999998,100,True,
benchmark,9905,q5_orders_offset,15.990500000000001,50,True,
benchmark,9906,q6_products_by_seller,0.2026,1,True,
benchmark,9907,q7_products_join_sellers,0.3407,1,True,
benchmark,9908,q8_order_items_join_products,0.3901,5,True,
benchmark,9909,q9_orders_items_products_by_user,0.62239999999999995,5,True,
benchmark,9910,q10_top_sellers_qty,104.48399999999999,20,True,
benchmark,9911,q11_top_categories,0.1865,0,True,
benchmark,9912,q1_user_by_id,0.19070000000000001,1,True,
benchmark,9913,q2_all_users,5.5155000000000003,200,True,
benchmark,9914,q3_user_by_login,0.27800000000000002,1,True,
benchmark,9915,q4_sellers_rating,44.779600000000002,100,True,
benchmark,9916,q5_orders_offset,15.9727,50,True,
benchmark,9917,q6_products_by_seller,0.216,1,True,
benchmark,9918,q7_products_join_sellers,0.3473,1,True,
benchmark,9919,q8_order_items_join_products,0.39090000000000003,3,True,
benchmark,9920,q9_orders_items_products_by_user,0.086900000000000005,0,True,
benchmark,9921,q10_top_sellers_qty,101.4598,20,True,
benchmark,9922,q11_top_categories,0.19270000000000001,0,True,
benchmark,9923,q1_user_by_id,0.21340000000000001,1,True,
benchmark,9924,q2_all_users,5.5896999999999997,200,True,
benchmark,9925,q3_user_by_login,0.2477,1,True,
benchmark,9926,q4_sellers_rating,38.104599999999998,100,True,
benchmark,9927,q5_orders_offset,16.066099999999999,50,True,
benchmark,9928,q6_products_by_seller,0.20669999999999999,1,True,
benchmark,9929,q7_products_join_sellers,0.32590000000000002,1,True,
benchmark,9930,q8_order_items_join_products,0.38640000000000002,4,True,
benchmark,9931,q9_orders_items_products_by_user,0.20069999999999999,0,True,
benchmark,9932,q10_top_sellers_qty,104.8963,20,True,
benchmark,9933,q11_top_categories,0.19489999999999999,0,True,
benchmark,9934,q1_user_by_id,0.2641,1,True,
benchmark,9935,q2_all_users,5.6802000000000001,200,True,
benchmark,9936,q3_user_by_login,0.2717,1,True,
benchmark,9937,q4_sellers_rating,43.846299999999999,100,True,
benchmark,9938,q5_orders_offset,15.8123,50,True,
benchmark,9939,q6_products_by_seller,0.2041,2,True,
benchmark,9940,q7_products_join_sellers,0.38740000000000002,2,True,
benchmark,9941,q8_order_items_join_products,0.43640000000000001,4,True,
benchmark,9942,q9_orders_items_products_by_user,0.72740000000000005,4,True,
benchmark,9943,q10_top_sellers_qty,96.351600000000005,20,True,
benchmark,9944,q11_top_categories,0.1948,0,True,
benchmark,9945,q1_user_by_id,0.2145,1,True,
benchmark,9946,q2_all_users,13.0633,200,True,
benchmark,9947,q3_user_by_login,0.31369999999999998,1,True,
benchmark,9948,q4_sellers_rating,42.255099999999999,100,True,
benchmark,9949,q5_orders_offset,16.355,50,True,
benchmark,9950,q6_products_by_seller,0.14399999999999999,0,True,
benchmark,9951,q7_products_join_sellers,0.2046,0,True,
benchmark,9952,q8_order_items_join_products,0.3614,1,True,
benchmark,9953,q9_orders_items_products_by_user,0.79290000000000005,5,True,
benchmark,9954,q10_top_sellers_qty,108.62730000000001,20,True,
benchmark,9955,q11_top_categories,0.23150000000000001,0,True,
benchmark,9956,q1_user_by_id,0.87170000000000003,1,True,
benchmark,9957,q2_all_users,7.7495000000000003,200,True,
benchmark,9958,q3_user_by_login,0.22570000000000001,1,True,
benchmark,9959,q4_sellers_rating,41.841000000000001,100,True,
benchmark,9960,q5_orders_offset,15.9862,50,True,
benchmark,9961,q6_products_by_seller,0.21290000000000001,1,True,
benchmark,9962,q7_products_join_sellers,0.32969999999999999,1,True,
benchmark,9963,q8_order_items_join_products,0.42409999999999998,3,True,
benchmark,9964,q9_orders_items_products_by_user,0.2293,0,True,
benchmark,9965,q10_top_sellers_qty,122.6759,20,True,
benchmark,9966,q11_top_categories,0.2177,0,True,
benchmark,9967,q1_user_by_id,0.251,1,True,
benchmark,9968,q2_all_users,6.4589999999999996,200,True,
benchmark,9969,q3_user_by_login,0.32729999999999998,1,True,
benchmark,9970,q4_sellers_rating,47.363100000000003,100,True,
benchmark,9971,q5_orders_offset,19.101800000000001,50,True,
benchmark,9972,q6_products_by_seller,0.28060000000000002,1,True,
benchmark,9973,q7_products_join_sellers,0.34570000000000001,1,True,
benchmark,9974,q8_order_items_join_products,0.39579999999999999,5,True,
benchmark,9975,q9_orders_items_products_by_user,0.079299999999999995,0,True,
benchmark,9976,q10_top_sellers_qty,107.6961,20,True,
benchmark,9977,q11_top_categories,0.19769999999999999,0,True,
benchmark,9978,q1_user_by_id,0.2535,1,True,
benchmark,9979,q2_all_users,8.5425000000000004,200,True,
benchmark,9980,q3_user_by_login,0.28420000000000001,1,True,
benchmark,9981,q4_sellers_rating,45.977899999999998,100,True,
benchmark,9982,q5_orders_offset,15.9109,50,True,
benchmark,9983,q6_products_by_seller,0.21390000000000001,1,True,
benchmark,9984,q7_products_join_sellers,0.34310000000000002,1,True,
benchmark,9985,q8_order_items_join_products,0.3926,5,True,
benchmark,9986,q9_orders_items_products_by_user,0.2235,0,True,
benchmark,9987,q10_top_sellers_qty,111.9585,20,True,
benchmark,9988,q11_top_categories,0.22220000000000001,0,True,
benchmark,9989,q1_user_by_id,0.22620000000000001,1,True,
benchmark,9990,q2_all_users,8.2385999999999999,200,True,
benchmark,9991,q3_user_by_login,0.2225,1,True,
benchmark,9992,q4_sellers_rating,45.114800000000002,100,True,
benchmark,9993,q5_orders_offset,16.0031,50,True,
benchmark,9994,q6_products_by_seller,0.20219999999999999,0,True,
benchmark,9995,q7_products_join_sellers,0.22270000000000001,0,True,
benchmark,9996,q8_order_items_join_products,0.47260000000000002,5,True,
benchmark,9997,q9_orders_items_products_by_user,0.097000000000000003,0,True,
benchmark,9998,q10_top_sellers_qty,97.444500000000005,20,True,
benchmark,9999,q11_top_categories,0.27950000000000003,0,True,
benchmark,10000,q1_user_by_id,0.2465,1,True,
benchmark,10001,q2_all_users,5.2664999999999997,200,True,
benchmark,10002,q3_user_by_login,0.20810000000000001,1,True,
benchmark,10003,q4_sellers_rating,41.038499999999999,100,True,
benchmark,10004,q5_orders_offset,15.855499999999999,50,True,
benchmark,10005,q6_products_by_seller,0.21360000000000001,1,True,
benchmark,10006,q7_products_join_sellers,0.34060000000000001,1,True,
benchmark,10007,q8_order_items_join_products,0.39269999999999999,3,True,
benchmark,10008,q9_orders_items_products_by_user,0.077499999999999999,0,True,
benchmark,10009,q10_top_sellers_qty,116.1674,20,True,
benchmark,10010,q11_top_categories,0.2722,0,True,
benchmark,10011,q1_user_by_id,0.32819999999999999,1,True,
benchmark,10012,q2_all_users,5.4676999999999998,200,True,
benchmark,10013,q3_user_by_login,0.31140000000000001,1,True,
benchmark,10014,q4_sellers_rating,48.289999999999999,100,True,
benchmark,10015,q5_orders_offset,18.871700000000001,50,True,
benchmark,10016,q6_products_by_seller,0.22570000000000001,1,True,
benchmark,10017,q7_products_join_sellers,0.33069999999999999,1,True,
benchmark,10018,q8_order_items_join_products,0.40600000000000003,5,True,
benchmark,10019,q9_orders_items_products_by_user,0.64600000000000002,5,True,
benchmark,10020,q10_top_sellers_qty,101.17449999999999,20,True,
benchmark,10021,q11_top_categories,0.20830000000000001,0,True,
benchmark,10022,q1_user_by_id,0.19670000000000001,1,True,
benchmark,10023,q2_all_users,8.4251000000000005,200,True,
benchmark,10024,q3_user_by_login,0.2039,1,True,
benchmark,10025,q4_sellers_rating,44.297699999999999,100,True,
benchmark,10026,q5_orders_offset,16.032699999999998,50,True,
benchmark,10027,q6_products_by_seller,0.24349999999999999,4,True,
benchmark,10028,q7_products_join_sellers,0.3629,4,True,
benchmark,10029,q8_order_items_join_products,0.45440000000000003,4,True,
benchmark,10030,q9_orders_items_products_by_user,0.54849999999999999,3,True,
benchmark,10031,q10_top_sellers_qty,106.0069,20,True,
benchmark,10032,q11_top_categories,0.2104,0,True,
benchmark,10033,q1_user_by_id,0.2127,1,True,
benchmark,10034,q2_all_users,8.8111999999999995,200,True,
benchmark,10035,q3_user_by_login,0.2271,1,True,
benchmark,10036,q4_sellers_rating,42.667900000000003,100,True,
benchmark,10037,q5_orders_offset,15.5654,50,True,
benchmark,10038,q6_products_by_seller,0.25719999999999998,4,True,
benchmark,10039,q7_products_join_sellers,0.41899999999999998,4,True,
benchmark,10040,q8_order_items_join_products,0.41880000000000001,4,True,
benchmark,10041,q9_orders_items_products_by_user,0.62509999999999999,3,True,
benchmark,10042,q10_top_sellers_qty,98.281099999999995,20,True,
benchmark,10043,q11_top_categories,0.2102,0,True,
benchmark,10044,q1_user_by_id,0.28299999999999997,1,True,
benchmark,10045,q2_all_users,5.5250000000000004,200,True,
benchmark,10046,q3_user_by_login,0.249,1,True,
benchmark,10047,q4_sellers_rating,41.594200000000001,100,True,
benchmark,10048,q5_orders_offset,16.037299999999998,50,True,
benchmark,10049,q6_products_by_seller,0.23319999999999999,2,True,
benchmark,10050,q7_products_join_sellers,0.35570000000000002,2,True,
benchmark,10051,q8_order_items_join_products,0.38569999999999999,2,True,
benchmark,10052,q9_orders_items_products_by_user,0.23580000000000001,0,True,
benchmark,10053,q10_top_sellers_qty,112.4622,20,True,
benchmark,10054,q11_top_categories,0.20100000000000001,0,True,
benchmark,10055,q1_user_by_id,0.21579999999999999,1,True,
benchmark,10056,q2_all_users,5.4039999999999999,200,True,
benchmark,10057,q3_user_by_login,0.2382,1,True,
benchmark,10058,q4_sellers_rating,42.388599999999997,100,True,
benchmark,10059,q5_orders_offset,18.266300000000001,50,True,
benchmark,10060,q6_products_by_seller,0.14510000000000001,0,True,
benchmark,10061,q7_products_join_sellers,0.2011,0,True,
benchmark,10062,q8_order_items_join_products,0.41149999999999998,5,True,
benchmark,10063,q9_orders_items_products_by_user,0.071199999999999999,0,True,
benchmark,10064,q10_top_sellers_qty,106.35429999999999,20,True,
benchmark,10065,q11_top_categories,0.2074,0,True,
benchmark,10066,q1_user_by_id,0.26419999999999999,1,True,
benchmark,10067,q2_all_users,9.5009999999999994,200,True,
benchmark,10068,q3_user_by_login,0.2094,1,True,
benchmark,10069,q4_sellers_rating,44.792900000000003,100,True,
benchmark,10070,q5_orders_offset,15.6282,50,True,
benchmark,10071,q6_products_by_seller,0.13800000000000001,0,True,
benchmark,10072,q7_products_join_sellers,0.2036,0,True,
benchmark,10073,q8_order_items_join_products,0.41839999999999999,3,True,
benchmark,10074,q9_orders_items_products_by_user,0.086199999999999999,0,True,
benchmark,10075,q10_top_sellers_qty,108.1628,20,True,
benchmark,10076,q11_top_categories,0.19600000000000001,0,True,
benchmark,10077,q1_user_by_id,0.24909999999999999,1,True,
benchmark,10078,q2_all_users,7.0193000000000003,200,True,
benchmark,10079,q3_user_by_login,0.2049,1,True,
benchmark,10080,q4_sellers_rating,44.200499999999998,100,True,
benchmark,10081,q5_orders_offset,15.708399999999999,50,True,
benchmark,10082,q6_products_by_seller,0.23960000000000001,1,True,
benchmark,10083,q7_products_join_sellers,0.34379999999999999,1,True,
benchmark,10084,q8_order_items_join_products,0.39889999999999998,2,True,
benchmark,10085,q9_orders_items_products_by_user,0.91100000000000003,5,True,
benchmark,10086,q10_top_sellers_qty,101.02849999999999,20,True,
benchmark,10087,q11_top_categories,0.2001,0,True,
benchmark,10088,q1_user_by_id,0.26050000000000001,1,True,
benchmark,10089,q2_all_users,5.5462999999999996,200,True,
benchmark,10090,q3_user_by_login,0.50960000000000005,1,True,
benchmark,10091,q4_sellers_rating,41.644799999999996,100,True,
benchmark,10092,q5_orders_offset,19.435700000000001,50,True,
benchmark,10093,q6_products_by_seller,0.1381,0,True,
benchmark,10094,q7_products_join_sellers,0.2051,0,True,
benchmark,10095,q8_order_items_join_products,0.4052,2,True,
benchmark,10096,q9_orders_items_products_by_user,0.076799999999999993,0,True,
benchmark,10097,q10_top_sellers_qty,108.82599999999999,20,True,
benchmark,10098,q11_top_categories,0.18959999999999999,0,True,
benchmark,10099,q1_user_by_id,0.25819999999999999,1,True,
benchmark,10100,q2_all_users,8.4841999999999995,200,True,
benchmark,10101,q3_user_by_login,0.29389999999999999,1,True,
benchmark,10102,q4_sellers_rating,48.377499999999998,100,True,
benchmark,10103,q5_orders_offset,16.0807,50,True,
benchmark,10104,q6_products_by_seller,0.1353,0,True,
benchmark,10105,q7_products_join_sellers,0.19750000000000001,0,True,
benchmark,10106,q8_order_items_join_products,0.3916,1,True,
benchmark,10107,q9_orders_items_products_by_user,0.076200000000000004,0,True,
benchmark,10108,q10_top_sellers_qty,106.4807,20,True,
benchmark,10109,q11_top_categories,0.19259999999999999,0,True,
benchmark,10110,q1_user_by_id,0.217,1,True,
benchmark,10111,q2_all_users,7.9165000000000001,200,True,
benchmark,10112,q3_user_by_login,0.2392,1,True,
benchmark,10113,q4_sellers_rating,42.260800000000003,100,True,
benchmark,10114,q5_orders_offset,16.0337,50,True,
benchmark,10115,q6_products_by_seller,0.22389999999999999,3,True,
benchmark,10116,q7_products_join_sellers,0.35439999999999999,3,True,
benchmark,10117,q8_order_items_join_products,0.39439999999999997,5,True,
benchmark,10118,q9_orders_items_products_by_user,0.20979999999999999,0,True,
benchmark,10119,q10_top_sellers_qty,100.39709999999999,20,True,
benchmark,10120,q11_top_categories,0.20219999999999999,0,True,
benchmark,10121,q1_user_by_id,0.20999999999999999,1,True,
benchmark,10122,q2_all_users,6.1536,200,True,
benchmark,10123,q3_user_by_login,0.246,1,True,
benchmark,10124,q4_sellers_rating,41.122199999999999,100,True,
benchmark,10125,q5_orders_offset,16.655899999999999,50,True,
benchmark,10126,q6_products_by_seller,0.1598,0,True,
benchmark,10127,q7_products_join_sellers,0.2024,0,True,
benchmark,10128,q8_order_items_join_products,0.4073,2,True,
benchmark,10129,q9_orders_items_products_by_user,0.082000000000000003,0,True,
benchmark,10130,q10_top_sellers_qty,118.42910000000001,20,True,
benchmark,10131,q11_top_categories,0.23619999999999999,0,True,
benchmark,10132,q1_user_by_id,0.2162,1,True,
benchmark,10133,q2_all_users,6.0068999999999999,200,True,
benchmark,10134,q3_user_by_login,0.21909999999999999,1,True,
benchmark,10135,q4_sellers_rating,46.528700000000001,100,True,
benchmark,10136,q5_orders_offset,19.1204,50,True,
benchmark,10137,q6_products_by_seller,0.24840000000000001,1,True,
benchmark,10138,q7_products_join_sellers,0.34110000000000001,1,True,
benchmark,10139,q8_order_items_join_products,0.38979999999999998,4,True,
benchmark,10140,q9_orders_items_products_by_user,0.076999999999999999,0,True,
benchmark,10141,q10_top_sellers_qty,111.5855,20,True,
benchmark,10142,q11_top_categories,0.19819999999999999,0,True,
benchmark,10143,q1_user_by_id,0.307,1,True,
benchmark,10144,q2_all_users,9.9816000000000003,200,True,
benchmark,10145,q3_user_by_login,2.5548000000000002,1,True,
benchmark,10146,q4_sellers_rating,46.849699999999999,100,True,
benchmark,10147,q5_orders_offset,15.5412,50,True,
benchmark,10148,q6_products_by_seller,0.15959999999999999,0,True,
benchmark,10149,q7_products_join_sellers,0.19750000000000001,0,True,
benchmark,10150,q8_order_items_join_products,0.38740000000000002,1,True,
benchmark,10151,q9_orders_items_products_by_user,0.077499999999999999,0,True,
benchmark,10152,q10_top_sellers_qty,101.3844,20,True,
benchmark,10153,q11_top_categories,0.20569999999999999,0,True,
benchmark,10154,q1_user_by_id,0.2364,1,True,
benchmark,10155,q2_all_users,5.8034999999999997,200,True,
benchmark,10156,q3_user_by_login,0.29039999999999999,1,True,
benchmark,10157,q4_sellers_rating,43.0426,100,True,
benchmark,10158,q5_orders_offset,16.075199999999999,50,True,
benchmark,10159,q6_products_by_seller,0.1454,0,True,
benchmark,10160,q7_products_join_sellers,0.19989999999999999,0,True,
benchmark,10161,q8_order_items_join_products,0.41299999999999998,3,True,
benchmark,10162,q9_orders_items_products_by_user,0.074999999999999997,0,True,
benchmark,10163,q10_top_sellers_qty,121.4037,20,True,
benchmark,10164,q11_top_categories,0.36120000000000002,0,True,
benchmark,10165,q1_user_by_id,0.35999999999999999,1,True,
benchmark,10166,q2_all_users,7.5103999999999997,200,True,
benchmark,10167,q3_user_by_login,0.29049999999999998,1,True,
benchmark,10168,q4_sellers_rating,43.155000000000001,100,True,
benchmark,10169,q5_orders_offset,16.040700000000001,50,True,
benchmark,10170,q6_products_by_seller,0.13489999999999999,0,True,
benchmark,10171,q7_products_join_sellers,0.19220000000000001,0,True,
benchmark,10172,q8_order_items_join_products,0.43369999999999997,5,True,
benchmark,10173,q9_orders_items_products_by_user,0.079600000000000004,0,True,
benchmark,10174,q10_top_sellers_qty,108.6249,20,True,
benchmark,10175,q11_top_categories,0.17449999999999999,0,True,
benchmark,10176,q1_user_by_id,0.25790000000000002,1,True,
benchmark,10177,q2_all_users,5.7243000000000004,200,True,
benchmark,10178,q3_user_by_login,0.23899999999999999,1,True,
benchmark,10179,q4_sellers_rating,43.310899999999997,100,True,
benchmark,10180,q5_orders_offset,15.6638,50,True,
benchmark,10181,q6_products_by_seller,0.14829999999999999,0,True,
benchmark,10182,q7_products_join_sellers,0.19719999999999999,0,True,
benchmark,10183,q8_order_items_join_products,0.40770000000000001,3,True,
benchmark,10184,q9_orders_items_products_by_user,0.64480000000000004,4,True,
benchmark,10185,q10_top_sellers_qty,106.4533,20,True,
benchmark,10186,q11_top_categories,0.30780000000000002,0,True,
benchmark,10187,q1_user_by_id,0.29270000000000002,1,True,
benchmark,10188,q2_all_users,11.737500000000001,200,True,
benchmark,10189,q3_user_by_login,0.28120000000000001,1,True,
benchmark,10190,q4_sellers_rating,43.892299999999999,100,True,
benchmark,10191,q5_orders_offset,15.785600000000001,50,True,
benchmark,10192,q6_products_by_seller,0.22520000000000001,1,True,
benchmark,10193,q7_products_join_sellers,0.32219999999999999,1,True,
benchmark,10194,q8_order_items_join_products,0.38600000000000001,1,True,
benchmark,10195,q9_orders_items_products_by_user,0.078700000000000006,0,True,
benchmark,10196,q10_top_sellers_qty,96.1892,20,True,
benchmark,10197,q11_top_categories,0.21640000000000001,0,True,
benchmark,10198,q1_user_by_id,0.2296,1,True,
benchmark,10199,q2_all_users,7.8710000000000004,200,True,
benchmark,10200,q3_user_by_login,0.26850000000000002,1,True,
benchmark,10201,q4_sellers_rating,41.558399999999999,100,True,
benchmark,10202,q5_orders_offset,15.8909,50,True,
benchmark,10203,q6_products_by_seller,0.2278,1,True,
benchmark,10204,q7_products_join_sellers,0.33950000000000002,1,True,
benchmark,10205,q8_order_items_join_products,0.41189999999999999,4,True,
benchmark,10206,q9_orders_items_products_by_user,0.34960000000000002,1,True,
benchmark,10207,q10_top_sellers_qty,118.64570000000001,20,True,
benchmark,10208,q11_top_categories,0.19220000000000001,0,True,
benchmark,10209,q1_user_by_id,0.23799999999999999,1,True,
benchmark,10210,q2_all_users,6.3217999999999996,200,True,
benchmark,10211,q3_user_by_login,0.23849999999999999,1,True,
benchmark,10212,q4_sellers_rating,44.293900000000001,100,True,
benchmark,10213,q5_orders_offset,19.620999999999999,50,True,
benchmark,10214,q6_products_by_seller,0.1779,0,True,
benchmark,10215,q7_products_join_sellers,0.19420000000000001,0,True,
benchmark,10216,q8_order_items_join_products,0.442,5,True,
benchmark,10217,q9_orders_items_products_by_user,0.67449999999999999,5,True,
benchmark,10218,q10_top_sellers_qty,102.06529999999999,20,True,
benchmark,10219,q11_top_categories,0.1565,0,True,
benchmark,10220,q1_user_by_id,0.2117,1,True,
benchmark,10221,q2_all_users,8.2710000000000008,200,True,
benchmark,10222,q3_user_by_login,0.29670000000000002,1,True,
benchmark,10223,q4_sellers_rating,39.598500000000001,100,True,
benchmark,10224,q5_orders_offset,16.0871,50,True,
benchmark,10225,q6_products_by_seller,0.21690000000000001,2,True,
benchmark,10226,q7_products_join_sellers,0.34749999999999998,2,True,
benchmark,10227,q8_order_items_join_products,0.42570000000000002,2,True,
benchmark,10228,q9_orders_items_products_by_user,0.079500000000000001,0,True,
benchmark,10229,q10_top_sellers_qty,113.1755,20,True,
benchmark,10230,q11_top_categories,0.19900000000000001,0,True,
benchmark,10231,q1_user_by_id,0.2112,1,True,
benchmark,10232,q2_all_users,8.7188999999999997,200,True,
benchmark,10233,q3_user_by_login,0.31209999999999999,1,True,
benchmark,10234,q4_sellers_rating,46.520600000000002,100,True,
benchmark,10235,q5_orders_offset,15.629,50,True,
benchmark,10236,q6_products_by_seller,0.13250000000000001,0,True,
benchmark,10237,q7_products_join_sellers,0.19819999999999999,0,True,
benchmark,10238,q8_order_items_join_products,0.40239999999999998,5,True,
benchmark,10239,q9_orders_items_products_by_user,0.0785,0,True,
benchmark,10240,q10_top_sellers_qty,101.0925,20,True,
benchmark,10241,q11_top_categories,0.24759999999999999,0,True,
benchmark,10242,q1_user_by_id,0.2397,1,True,
benchmark,10243,q2_all_users,5.7853000000000003,200,True,
benchmark,10244,q3_user_by_login,0.2477,1,True,
benchmark,10245,q4_sellers_rating,42.298900000000003,100,True,
benchmark,10246,q5_orders_offset,15.698499999999999,50,True,
benchmark,10247,q6_products_by_seller,0.2001,1,True,
benchmark,10248,q7_products_join_sellers,0.33389999999999997,1,True,
benchmark,10249,q8_order_items_join_products,0.38450000000000001,4,True,
benchmark,10250,q9_orders_items_products_by_user,0.4698,3,True,
benchmark,10251,q10_top_sellers_qty,115.3695,20,True,
benchmark,10252,q11_top_categories,0.1885,0,True,
benchmark,10253,q1_user_by_id,0.24490000000000001,1,True,
benchmark,10254,q2_all_users,5.6059999999999999,200,True,
benchmark,10255,q3_user_by_login,0.1943,1,True,
benchmark,10256,q4_sellers_rating,47.055,100,True,
benchmark,10257,q5_orders_offset,19.1951,50,True,
benchmark,10258,q6_products_by_seller,0.2369,1,True,
benchmark,10259,q7_products_join_sellers,0.3982,1,True,
benchmark,10260,q8_order_items_join_products,0.42370000000000002,3,True,
benchmark,10261,q9_orders_items_products_by_user,0.2432,0,True,
benchmark,10262,q10_top_sellers_qty,111.3552,20,True,
benchmark,10263,q11_top_categories,0.19750000000000001,0,True,
benchmark,10264,q1_user_by_id,0.19339999999999999,1,True,
benchmark,10265,q2_all_users,8.5282999999999998,200,True,
benchmark,10266,q3_user_by_login,0.2732,1,True,
benchmark,10267,q4_sellers_rating,41.364699999999999,100,True,
benchmark,10268,q5_orders_offset,15.814299999999999,50,True,
benchmark,10269,q6_products_by_seller,0.2145,1,True,
benchmark,10270,q7_products_join_sellers,0.33539999999999998,1,True,
benchmark,10271,q8_order_items_join_products,0.3957,2,True,
benchmark,10272,q9_orders_items_products_by_user,0.20910000000000001,0,True,
benchmark,10273,q10_top_sellers_qty,108.08320000000001,20,True,
benchmark,10274,q11_top_categories,0.20569999999999999,0,True,
benchmark,10275,q1_user_by_id,0.2077,1,True,
benchmark,10276,q2_all_users,8.5169999999999995,200,True,
benchmark,10277,q3_user_by_login,0.27110000000000001,1,True,
benchmark,10278,q4_sellers_rating,43.884700000000002,100,True,
benchmark,10279,q5_orders_offset,15.577999999999999,50,True,
benchmark,10280,q6_products_by_seller,0.23050000000000001,1,True,
benchmark,10281,q7_products_join_sellers,0.34250000000000003,1,True,
benchmark,10282,q8_order_items_join_products,0.38019999999999998,1,True,
benchmark,10283,q9_orders_items_products_by_user,0.57830000000000004,4,True,
benchmark,10284,q10_top_sellers_qty,98.279200000000003,20,True,
benchmark,10285,q11_top_categories,0.1807,0,True,
benchmark,10286,q1_user_by_id,0.2009,1,True,
benchmark,10287,q2_all_users,5.9824999999999999,200,True,
benchmark,10288,q3_user_by_login,0.27729999999999999,1,True,
benchmark,10289,q4_sellers_rating,42.196199999999997,100,True,
benchmark,10290,q5_orders_offset,15.7318,50,True,
benchmark,10291,q6_products_by_seller,0.21479999999999999,1,True,
benchmark,10292,q7_products_join_sellers,0.33600000000000002,1,True,
benchmark,10293,q8_order_items_join_products,0.37930000000000003,3,True,
benchmark,10294,q9_orders_items_products_by_user,0.22220000000000001,0,True,
benchmark,10295,q10_top_sellers_qty,114.0313,20,True,
benchmark,10296,q11_top_categories,0.1905,0,True,
benchmark,10297,q1_user_by_id,0.25580000000000003,1,True,
benchmark,10298,q2_all_users,6.1475999999999997,200,True,
benchmark,10299,q3_user_by_login,0.24859999999999999,1,True,
benchmark,10300,q4_sellers_rating,42.726399999999998,100,True,
benchmark,10301,q5_orders_offset,18.556699999999999,50,True,
benchmark,10302,q6_products_by_seller,0.1462,0,True,
benchmark,10303,q7_products_join_sellers,0.19670000000000001,0,True,
benchmark,10304,q8_order_items_join_products,0.4047,3,True,
benchmark,10305,q9_orders_items_products_by_user,0.51329999999999998,3,True,
benchmark,10306,q10_top_sellers_qty,106.5677,20,True,
benchmark,10307,q11_top_categories,0.19320000000000001,0,True,
benchmark,10308,q1_user_by_id,0.19800000000000001,1,True,
benchmark,10309,q2_all_users,8.1917000000000009,200,True,
benchmark,10310,q3_user_by_login,0.22700000000000001,1,True,
benchmark,10311,q4_sellers_rating,50.9816,100,True,
benchmark,10312,q5_orders_offset,15.868499999999999,50,True,
benchmark,10313,q6_products_by_seller,0.13789999999999999,0,True,
benchmark,10314,q7_products_join_sellers,0.2016,0,True,
benchmark,10315,q8_order_items_join_products,0.40010000000000001,3,True,
benchmark,10316,q9_orders_items_products_by_user,0.41880000000000001,2,True,
benchmark,10317,q10_top_sellers_qty,99.452500000000001,20,True,
benchmark,10318,q11_top_categories,0.20760000000000001,0,True,
benchmark,10319,q1_user_by_id,0.2145,1,True,
benchmark,10320,q2_all_users,5.6135999999999999,200,True,
benchmark,10321,q3_user_by_login,0.24429999999999999,1,True,
benchmark,10322,q4_sellers_rating,40.412999999999997,100,True,
benchmark,10323,q5_orders_offset,15.8682,50,True,
benchmark,10324,q6_products_by_seller,0.21079999999999999,3,True,
benchmark,10325,q7_products_join_sellers,0.34260000000000002,3,True,
benchmark,10326,q8_order_items_join_products,0.38719999999999999,1,True,
benchmark,10327,q9_orders_items_products_by_user,0.56159999999999999,4,True,
benchmark,10328,q10_top_sellers_qty,121.2761,20,True,
benchmark,10329,q11_top_categories,0.19739999999999999,0,True,
benchmark,10330,q1_user_by_id,0.26950000000000002,1,True,
benchmark,10331,q2_all_users,6.3117000000000001,200,True,
benchmark,10332,q3_user_by_login,0.20649999999999999,1,True,
benchmark,10333,q4_sellers_rating,44.369999999999997,100,True,
benchmark,10334,q5_orders_offset,16.0182,50,True,
benchmark,10335,q6_products_by_seller,0.20730000000000001,1,True,
benchmark,10336,q7_products_join_sellers,0.34260000000000002,1,True,
benchmark,10337,q8_order_items_join_products,0.40379999999999999,4,True,
benchmark,10338,q9_orders_items_products_by_user,0.93879999999999997,7,True,
benchmark,10339,q10_top_sellers_qty,110.43389999999999,20,True,
benchmark,10340,q11_top_categories,0.21129999999999999,0,True,
benchmark,10341,q1_user_by_id,0.2074,1,True,
benchmark,10342,q2_all_users,6.0853000000000002,200,True,
benchmark,10343,q3_user_by_login,0.28839999999999999,1,True,
benchmark,10344,q4_sellers_rating,49.173400000000001,100,True,
benchmark,10345,q5_orders_offset,15.9062,50,True,
benchmark,10346,q6_products_by_seller,0.2165,2,True,
benchmark,10347,q7_products_join_sellers,0.3528,2,True,
benchmark,10348,q8_order_items_join_products,0.38490000000000002,1,True,
benchmark,10349,q9_orders_items_products_by_user,0.68459999999999999,5,True,
benchmark,10350,q10_top_sellers_qty,108.0433,20,True,
benchmark,10351,q11_top_categories,0.20200000000000001,0,True,
benchmark,10352,q1_user_by_id,0.25740000000000002,1,True,
benchmark,10353,q2_all_users,11.4268,200,True,
benchmark,10354,q3_user_by_login,0.501,1,True,
benchmark,10355,q4_sellers_rating,47.776299999999999,100,True,
benchmark,10356,q5_orders_offset,15.9802,50,True,
benchmark,10357,q6_products_by_seller,0.21820000000000001,1,True,
benchmark,10358,q7_products_join_sellers,0.33500000000000002,1,True,
benchmark,10359,q8_order_items_join_products,0.3841,3,True,
benchmark,10360,q9_orders_items_products_by_user,0.080000000000000002,0,True,
benchmark,10361,q10_top_sellers_qty,101.21210000000001,20,True,
benchmark,10362,q11_top_categories,0.25269999999999998,0,True,
benchmark,10363,q1_user_by_id,0.2273,1,True,
benchmark,10364,q2_all_users,5.8345000000000002,200,True,
benchmark,10365,q3_user_by_login,0.2492,1,True,
benchmark,10366,q4_sellers_rating,42.258899999999997,100,True,
benchmark,10367,q5_orders_offset,15.620799999999999,50,True,
benchmark,10368,q6_products_by_seller,0.11940000000000001,0,True,
benchmark,10369,q7_products_join_sellers,0.18340000000000001,0,True,
benchmark,10370,q8_order_items_join_products,0.38269999999999998,1,True,
benchmark,10371,q9_orders_items_products_by_user,0.20000000000000001,0,True,
benchmark,10372,q10_top_sellers_qty,122.4842,20,True,
benchmark,10373,q11_top_categories,0.2177,0,True,
benchmark,10374,q1_user_by_id,0.19620000000000001,1,True,
benchmark,10375,q2_all_users,5.7300000000000004,200,True,
benchmark,10376,q3_user_by_login,0.32379999999999998,1,True,
benchmark,10377,q4_sellers_rating,41.923699999999997,100,True,
benchmark,10378,q5_orders_offset,15.712999999999999,50,True,
benchmark,10379,q6_products_by_seller,0.14019999999999999,0,True,
benchmark,10380,q7_products_join_sellers,0.20699999999999999,0,True,
benchmark,10381,q8_order_items_join_products,0.39700000000000002,3,True,
benchmark,10382,q9_orders_items_products_by_user,0.79649999999999999,6,True,
benchmark,10383,q10_top_sellers_qty,113.6853,20,True,
benchmark,10384,q11_top_categories,0.2137,0,True,
benchmark,10385,q1_user_by_id,0.24579999999999999,1,True,
benchmark,10386,q2_all_users,8.9071999999999996,200,True,
benchmark,10387,q3_user_by_login,0.30880000000000002,1,True,
benchmark,10388,q4_sellers_rating,44.532499999999999,100,True,
benchmark,10389,q5_orders_offset,16.117000000000001,50,True,
benchmark,10390,q6_products_by_seller,0.22589999999999999,1,True,
benchmark,10391,q7_products_join_sellers,0.34289999999999998,1,True,
benchmark,10392,q8_order_items_join_products,0.42170000000000002,4,True,
benchmark,10393,q9_orders_items_products_by_user,0.21249999999999999,0,True,
benchmark,10394,q10_top_sellers_qty,110.6079,20,True,
benchmark,10395,q11_top_categories,0.24840000000000001,0,True,
benchmark,10396,q1_user_by_id,0.2261,1,True,
benchmark,10397,q2_all_users,8.2570999999999994,200,True,
benchmark,10398,q3_user_by_login,0.22600000000000001,1,True,
benchmark,10399,q4_sellers_rating,47.283999999999999,100,True,
benchmark,10400,q5_orders_offset,16.053799999999999,50,True,
benchmark,10401,q6_products_by_seller,0.221,3,True,
benchmark,10402,q7_products_join_sellers,0.33789999999999998,3,True,
benchmark,10403,q8_order_items_join_products,0.40300000000000002,5,True,
benchmark,10404,q9_orders_items_products_by_user,0.23119999999999999,0,True,
benchmark,10405,q10_top_sellers_qty,98.929000000000002,20,True,
benchmark,10406,q11_top_categories,0.21299999999999999,0,True,
benchmark,10407,q1_user_by_id,0.1956,1,True,
benchmark,10408,q2_all_users,5.4005999999999998,200,True,
benchmark,10409,q3_user_by_login,0.2422,1,True,
benchmark,10410,q4_sellers_rating,43.750999999999998,100,True,
benchmark,10411,q5_orders_offset,15.706,50,True,
benchmark,10412,q6_products_by_seller,0.2356,1,True,
benchmark,10413,q7_products_join_sellers,0.3362,1,True,
benchmark,10414,q8_order_items_join_products,0.40970000000000001,3,True,
benchmark,10415,q9_orders_items_products_by_user,0.53190000000000004,3,True,
benchmark,10416,q10_top_sellers_qty,111.2042,20,True,
benchmark,10417,q11_top_categories,0.20369999999999999,0,True,
benchmark,10418,q1_user_by_id,0.24179999999999999,1,True,
benchmark,10419,q2_all_users,5.4166999999999996,200,True,
benchmark,10420,q3_user_by_login,0.19600000000000001,1,True,
benchmark,10421,q4_sellers_rating,41.364699999999999,100,True,
benchmark,10422,q5_orders_offset,24.939499999999999,50,True,
benchmark,10423,q6_products_by_seller,0.1487,0,True,
benchmark,10424,q7_products_join_sellers,0.20999999999999999,0,True,
benchmark,10425,q8_order_items_join_products,0.41010000000000002,1,True,
benchmark,10426,q9_orders_items_products_by_user,0.48159999999999997,2,True,
benchmark,10427,q10_top_sellers_qty,118.495,20,True,
benchmark,10428,q11_top_categories,0.19570000000000001,0,True,
benchmark,10429,q1_user_by_id,0.28539999999999999,1,True,
benchmark,10430,q2_all_users,9.6158999999999999,200,True,
benchmark,10431,q3_user_by_login,0.33229999999999998,1,True,
benchmark,10432,q4_sellers_rating,45.682000000000002,100,True,
benchmark,10433,q5_orders_offset,16.130199999999999,50,True,
benchmark,10434,q6_products_by_seller,0.1188,0,True,
benchmark,10435,q7_products_join_sellers,0.193,0,True,
benchmark,10436,q8_order_items_join_products,0.3997,4,True,
benchmark,10437,q9_orders_items_products_by_user,0.078100000000000003,0,True,
benchmark,10438,q10_top_sellers_qty,116.1347,20,True,
benchmark,10439,q11_top_categories,0.20169999999999999,0,True,
benchmark,10440,q1_user_by_id,0.2092,1,True,
benchmark,10441,q2_all_users,8.9471000000000007,200,True,
benchmark,10442,q3_user_by_login,0.24460000000000001,1,True,
benchmark,10443,q4_sellers_rating,44.456800000000001,100,True,
benchmark,10444,q5_orders_offset,15.8514,50,True,
benchmark,10445,q6_products_by_seller,0.22370000000000001,1,True,
benchmark,10446,q7_products_join_sellers,0.33510000000000001,1,True,
benchmark,10447,q8_order_items_join_products,0.3921,2,True,
benchmark,10448,q9_orders_items_products_by_user,0.20630000000000001,0,True,
benchmark,10449,q10_top_sellers_qty,99.379599999999996,20,True,
benchmark,10450,q11_top_categories,0.23449999999999999,0,True,
benchmark,10451,q1_user_by_id,0.2175,1,True,
benchmark,10452,q2_all_users,5.5861999999999998,200,True,
benchmark,10453,q3_user_by_login,0.23999999999999999,1,True,
benchmark,10454,q4_sellers_rating,40.842700000000001,100,True,
benchmark,10455,q5_orders_offset,15.639200000000001,50,True,
benchmark,10456,q6_products_by_seller,0.2147,2,True,
benchmark,10457,q7_products_join_sellers,0.37469999999999998,2,True,
benchmark,10458,q8_order_items_join_products,0.41639999999999999,1,True,
benchmark,10459,q9_orders_items_products_by_user,1.3394999999999999,9,True,
benchmark,10460,q10_top_sellers_qty,121.7405,20,True,
benchmark,10461,q11_top_categories,0.16350000000000001,0,True,
benchmark,10462,q1_user_by_id,0.2495,1,True,
benchmark,10463,q2_all_users,5.2545000000000002,200,True,
benchmark,10464,q3_user_by_login,0.21390000000000001,1,True,
benchmark,10465,q4_sellers_rating,44.177500000000002,100,True,
benchmark,10466,q5_orders_offset,19.727,50,True,
benchmark,10467,q6_products_by_seller,0.1452,0,True,
benchmark,10468,q7_products_join_sellers,0.19980000000000001,0,True,
benchmark,10469,q8_order_items_join_products,0.40620000000000001,4,True,
benchmark,10470,q9_orders_items_products_by_user,0.48570000000000002,2,True,
benchmark,10471,q10_top_sellers_qty,116.2465,20,True,
benchmark,10472,q11_top_categories,0.185,0,True,
benchmark,10473,q1_user_by_id,0.23680000000000001,1,True,
benchmark,10474,q2_all_users,9.5700000000000003,200,True,
benchmark,10475,q3_user_by_login,0.64229999999999998,1,True,
benchmark,10476,q4_sellers_rating,49.5745,100,True,
benchmark,10477,q5_orders_offset,16.124600000000001,50,True,
benchmark,10478,q6_products_by_seller,0.15590000000000001,0,True,
benchmark,10479,q7_products_join_sellers,0.2069,0,True,
benchmark,10480,q8_order_items_join_products,0.39829999999999999,1,True,
benchmark,10481,q9_orders_items_products_by_user,0.65469999999999995,3,True,
benchmark,10482,q10_top_sellers_qty,104.84869999999999,20,True,
benchmark,10483,q11_top_categories,0.1938,0,True,
benchmark,10484,q1_user_by_id,0.20000000000000001,1,True,
benchmark,10485,q2_all_users,7.8784999999999998,200,True,
benchmark,10486,q3_user_by_login,0.247,1,True,
benchmark,10487,q4_sellers_rating,41.982799999999997,100,True,
benchmark,10488,q5_orders_offset,15.701499999999999,50,True,
benchmark,10489,q6_products_by_seller,0.19450000000000001,2,True,
benchmark,10490,q7_products_join_sellers,0.33429999999999999,2,True,
benchmark,10491,q8_order_items_join_products,0.42159999999999997,5,True,
benchmark,10492,q9_orders_items_products_by_user,0.078100000000000003,0,True,
benchmark,10493,q10_top_sellers_qty,98.198999999999998,20,True,
benchmark,10494,q11_top_categories,0.20999999999999999,0,True,
benchmark,10495,q1_user_by_id,0.19109999999999999,1,True,
benchmark,10496,q2_all_users,5.5694999999999997,200,True,
benchmark,10497,q3_user_by_login,0.24049999999999999,1,True,
benchmark,10498,q4_sellers_rating,39.974699999999999,100,True,
benchmark,10499,q5_orders_offset,16.005299999999998,50,True,
benchmark,10500,q6_products_by_seller,0.2205,2,True,
benchmark,10501,q7_products_join_sellers,0.34300000000000003,2,True,
benchmark,10502,q8_order_items_join_products,0.38590000000000002,5,True,
benchmark,10503,q9_orders_items_products_by_user,0.087999999999999995,0,True,
benchmark,10504,q10_top_sellers_qty,116.7821,20,True,
benchmark,10505,q11_top_categories,0.1915,0,True,
benchmark,10506,q1_user_by_id,0.18590000000000001,1,True,
benchmark,10507,q2_all_users,6.1402999999999999,200,True,
benchmark,10508,q3_user_by_login,0.19470000000000001,1,True,
benchmark,10509,q4_sellers_rating,45.25,100,True,
benchmark,10510,q5_orders_offset,18.377500000000001,50,True,
benchmark,10511,q6_products_by_seller,0.2243,1,True,
benchmark,10512,q7_products_join_sellers,0.41110000000000002,1,True,
benchmark,10513,q8_order_items_join_products,0.4486,4,True,
benchmark,10514,q9_orders_items_products_by_user,0.73480000000000001,4,True,
benchmark,10515,q10_top_sellers_qty,114.54510000000001,20,True,
benchmark,10516,q11_top_categories,0.21340000000000001,0,True,
benchmark,10517,q1_user_by_id,0.31409999999999999,1,True,
benchmark,10518,q2_all_users,10.4321,200,True,
benchmark,10519,q3_user_by_login,0.33629999999999999,1,True,
benchmark,10520,q4_sellers_rating,44.025300000000001,100,True,
benchmark,10521,q5_orders_offset,15.8081,50,True,
benchmark,10522,q6_products_by_seller,0.22189999999999999,1,True,
benchmark,10523,q7_products_join_sellers,0.33600000000000002,1,True,
benchmark,10524,q8_order_items_join_products,0.41799999999999998,5,True,
benchmark,10525,q9_orders_items_products_by_user,0.40689999999999998,2,True,
benchmark,10526,q10_top_sellers_qty,105.5629,20,True,
benchmark,10527,q11_top_categories,0.18970000000000001,0,True,
benchmark,10528,q1_user_by_id,0.2102,1,True,
benchmark,10529,q2_all_users,6.1635999999999997,200,True,
benchmark,10530,q3_user_by_login,0.21299999999999999,1,True,
benchmark,10531,q4_sellers_rating,43.832299999999996,100,True,
benchmark,10532,q5_orders_offset,15.9063,50,True,
benchmark,10533,q6_products_by_seller,0.12139999999999999,0,True,
benchmark,10534,q7_products_join_sellers,0.18029999999999999,0,True,
benchmark,10535,q8_order_items_join_products,0.40150000000000002,4,True,
benchmark,10536,q9_orders_items_products_by_user,0.2114,0,True,
benchmark,10537,q10_top_sellers_qty,99.384600000000006,20,True,
benchmark,10538,q11_top_categories,0.20000000000000001,0,True,
benchmark,10539,q1_user_by_id,0.20580000000000001,1,True,
benchmark,10540,q2_all_users,5.7423999999999999,200,True,
benchmark,10541,q3_user_by_login,0.26050000000000001,1,True,
benchmark,10542,q4_sellers_rating,39.0336,100,True,
benchmark,10543,q5_orders_offset,16.5488,50,True,
benchmark,10544,q6_products_by_seller,0.24129999999999999,2,True,
benchmark,10545,q7_products_join_sellers,0.35699999999999998,2,True,
benchmark,10546,q8_order_items_join_products,0.50060000000000004,4,True,
benchmark,10547,q9_orders_items_products_by_user,0.30370000000000003,0,True,
benchmark,10548,q10_top_sellers_qty,110.31,20,True,
benchmark,10549,q11_top_categories,0.2122,0,True,
benchmark,10550,q1_user_by_id,0.26019999999999999,1,True,
benchmark,10551,q2_all_users,6.1357999999999997,200,True,
benchmark,10552,q3_user_by_login,0.2465,1,True,
benchmark,10553,q4_sellers_rating,41.033200000000001,100,True,
benchmark,10554,q5_orders_offset,18.66,50,True,
benchmark,10555,q6_products_by_seller,0.2069,1,True,
benchmark,10556,q7_products_join_sellers,0.33900000000000002,1,True,
benchmark,10557,q8_order_items_join_products,0.38290000000000002,3,True,
benchmark,10558,q9_orders_items_products_by_user,0.50049999999999994,2,True,
benchmark,10559,q10_top_sellers_qty,113.2988,20,True,
benchmark,10560,q11_top_categories,0.2039,0,True,
benchmark,10561,q1_user_by_id,0.20369999999999999,1,True,
benchmark,10562,q2_all_users,12.261699999999999,200,True,
benchmark,10563,q3_user_by_login,0.29699999999999999,1,True,
benchmark,10564,q4_sellers_rating,43.738700000000001,100,True,
benchmark,10565,q5_orders_offset,16.100100000000001,50,True,
benchmark,10566,q6_products_by_seller,0.21820000000000001,1,True,
benchmark,10567,q7_products_join_sellers,0.33410000000000001,1,True,
benchmark,10568,q8_order_items_join_products,0.3725,1,True,
benchmark,10569,q9_orders_items_products_by_user,0.075200000000000003,0,True,
benchmark,10570,q10_top_sellers_qty,102.374,20,True,
benchmark,10571,q11_top_categories,0.2009,0,True,
benchmark,10572,q1_user_by_id,0.21460000000000001,1,True,
benchmark,10573,q2_all_users,5.8140000000000001,200,True,
benchmark,10574,q3_user_by_login,0.2707,1,True,
benchmark,10575,q4_sellers_rating,40.359000000000002,100,True,
benchmark,10576,q5_orders_offset,15.7774,50,True,
benchmark,10577,q6_products_by_seller,0.2225,3,True,
benchmark,10578,q7_products_join_sellers,0.37119999999999997,3,True,
benchmark,10579,q8_order_items_join_products,0.41670000000000001,5,True,
benchmark,10580,q9_orders_items_products_by_user,0.21099999999999999,0,True,
benchmark,10581,q10_top_sellers_qty,121.99720000000001,20,True,
benchmark,10582,q11_top_categories,0.19750000000000001,0,True,
benchmark,10583,q1_user_by_id,0.19869999999999999,1,True,
benchmark,10584,q2_all_users,5.7234999999999996,200,True,
benchmark,10585,q3_user_by_login,0.2334,1,True,
benchmark,10586,q4_sellers_rating,44.154200000000003,100,True,
benchmark,10587,q5_orders_offset,15.7614,50,True,
benchmark,10588,q6_products_by_seller,0.13880000000000001,0,True,
benchmark,10589,q7_products_join_sellers,0.2014,0,True,
benchmark,10590,q8_order_items_join_products,0.42270000000000002,5,True,
benchmark,10591,q9_orders_items_products_by_user,0.074800000000000005,0,True,
benchmark,10592,q10_top_sellers_qty,110.7572,20,True,
benchmark,10593,q11_top_categories,0.1956,0,True,
benchmark,10594,q1_user_by_id,0.20419999999999999,1,True,
benchmark,10595,q2_all_users,6.3239000000000001,200,True,
benchmark,10596,q3_user_by_login,0.246,1,True,
benchmark,10597,q4_sellers_rating,48.640000000000001,100,True,
benchmark,10598,q5_orders_offset,15.833500000000001,50,True,
benchmark,10599,q6_products_by_seller,0.22689999999999999,3,True,
benchmark,10600,q7_products_join_sellers,0.4078,3,True,
benchmark,10601,q8_order_items_join_products,0.42620000000000002,4,True,
benchmark,10602,q9_orders_items_products_by_user,0.084000000000000005,0,True,
benchmark,10603,q10_top_sellers_qty,114.89870000000001,20,True,
benchmark,10604,q11_top_categories,0.19750000000000001,0,True,
benchmark,10605,q1_user_by_id,0.1908,1,True,
benchmark,10606,q2_all_users,10.1287,200,True,
benchmark,10607,q3_user_by_login,0.3009,1,True,
benchmark,10608,q4_sellers_rating,46.110199999999999,100,True,
benchmark,10609,q5_orders_offset,15.8079,50,True,
benchmark,10610,q6_products_by_seller,0.2218,1,True,
benchmark,10611,q7_products_join_sellers,0.37219999999999998,1,True,
benchmark,10612,q8_order_items_join_products,0.4496,1,True,
benchmark,10613,q9_orders_items_products_by_user,0.099000000000000005,0,True,
benchmark,10614,q10_top_sellers_qty,107.90949999999999,20,True,
benchmark,10615,q11_top_categories,0.31530000000000002,0,True,
benchmark,10616,q1_user_by_id,0.31969999999999998,1,True,
benchmark,10617,q2_all_users,6.5884999999999998,200,True,
benchmark,10618,q3_user_by_login,0.28189999999999998,1,True,
benchmark,10619,q4_sellers_rating,45.123100000000001,100,True,
benchmark,10620,q5_orders_offset,15.853999999999999,50,True,
benchmark,10621,q6_products_by_seller,0.2389,2,True,
benchmark,10622,q7_products_join_sellers,0.3347,2,True,
benchmark,10623,q8_order_items_join_products,0.3861,1,True,
benchmark,10624,q9_orders_items_products_by_user,0.073999999999999996,0,True,
benchmark,10625,q10_top_sellers_qty,101.1007,20,True,
benchmark,10626,q11_top_categories,0.20349999999999999,0,True,
benchmark,10627,q1_user_by_id,0.20810000000000001,1,True,
benchmark,10628,q2_all_users,5.7125000000000004,200,True,
benchmark,10629,q3_user_by_login,0.26119999999999999,1,True,
benchmark,10630,q4_sellers_rating,48.783700000000003,100,True,
benchmark,10631,q5_orders_offset,18.5334,50,True,
benchmark,10632,q6_products_by_seller,0.1389,0,True,
benchmark,10633,q7_products_join_sellers,0.1996,0,True,
benchmark,10634,q8_order_items_join_products,0.39860000000000001,3,True,
benchmark,10635,q9_orders_items_products_by_user,0.60329999999999995,5,True,
benchmark,10636,q10_top_sellers_qty,104.03570000000001,20,True,
benchmark,10637,q11_top_categories,0.19359999999999999,0,True,
benchmark,10638,q1_user_by_id,0.192,1,True,
benchmark,10639,q2_all_users,8.5230999999999995,200,True,
benchmark,10640,q3_user_by_login,0.21829999999999999,1,True,
benchmark,10641,q4_sellers_rating,45.6768,100,True,
benchmark,10642,q5_orders_offset,15.981199999999999,50,True,
benchmark,10643,q6_products_by_seller,0.20930000000000001,2,True,
benchmark,10644,q7_products_join_sellers,0.34649999999999997,2,True,
benchmark,10645,q8_order_items_join_products,0.40229999999999999,5,True,
benchmark,10646,q9_orders_items_products_by_user,0.21640000000000001,0,True,
benchmark,10647,q10_top_sellers_qty,104.67270000000001,20,True,
benchmark,10648,q11_top_categories,0.22439999999999999,0,True,
benchmark,10649,q1_user_by_id,0.27660000000000001,1,True,
benchmark,10650,q2_all_users,5.8863000000000003,200,True,
benchmark,10651,q3_user_by_login,0.23330000000000001,1,True,
benchmark,10652,q4_sellers_rating,41.6111,100,True,
benchmark,10653,q5_orders_offset,15.8247,50,True,
benchmark,10654,q6_products_by_seller,0.22550000000000001,1,True,
benchmark,10655,q7_products_join_sellers,0.34039999999999998,1,True,
benchmark,10656,q8_order_items_join_products,0.42649999999999999,1,True,
benchmark,10657,q9_orders_items_products_by_user,0.21079999999999999,0,True,
benchmark,10658,q10_top_sellers_qty,122.1703,20,True,
benchmark,10659,q11_top_categories,0.25990000000000002,0,True,
benchmark,10660,q1_user_by_id,0.31740000000000002,1,True,
benchmark,10661,q2_all_users,6.4457000000000004,200,True,
benchmark,10662,q3_user_by_login,0.50139999999999996,1,True,
benchmark,10663,q4_sellers_rating,48.203800000000001,100,True,
benchmark,10664,q5_orders_offset,16.077200000000001,50,True,
benchmark,10665,q6_products_by_seller,0.15870000000000001,0,True,
benchmark,10666,q7_products_join_sellers,0.2092,0,True,
benchmark,10667,q8_order_items_join_products,0.4632,2,True,
benchmark,10668,q9_orders_items_products_by_user,0.62219999999999998,5,True,
benchmark,10669,q10_top_sellers_qty,109.36020000000001,20,True,
benchmark,10670,q11_top_categories,0.19570000000000001,0,True,
benchmark,10671,q1_user_by_id,0.28070000000000001,1,True,
benchmark,10672,q2_all_users,5.8579999999999997,200,True,
benchmark,10673,q3_user_by_login,0.27239999999999998,1,True,
benchmark,10674,q4_sellers_rating,47.073,100,True,
benchmark,10675,q5_orders_offset,15.982200000000001,50,True,
benchmark,10676,q6_products_by_seller,0.14449999999999999,0,True,
benchmark,10677,q7_products_join_sellers,0.20699999999999999,0,True,
benchmark,10678,q8_order_items_join_products,0.3906,2,True,
benchmark,10679,q9_orders_items_products_by_user,0.079000000000000001,0,True,
benchmark,10680,q10_top_sellers_qty,111.7166,20,True,
benchmark,10681,q11_top_categories,0.19850000000000001,0,True,
benchmark,10682,q1_user_by_id,0.19950000000000001,1,True,
benchmark,10683,q2_all_users,11.810499999999999,200,True,
benchmark,10684,q3_user_by_login,0.2979,1,True,
benchmark,10685,q4_sellers_rating,42.717500000000001,100,True,
benchmark,10686,q5_orders_offset,15.8957,50,True,
benchmark,10687,q6_products_by_seller,0.13300000000000001,0,True,
benchmark,10688,q7_products_join_sellers,0.19059999999999999,0,True,
benchmark,10689,q8_order_items_join_products,0.39760000000000001,4,True,
benchmark,10690,q9_orders_items_products_by_user,0.27539999999999998,0,True,
benchmark,10691,q10_top_sellers_qty,100.48909999999999,20,True,
benchmark,10692,q11_top_categories,0.1951,0,True,
benchmark,10693,q1_user_by_id,0.20250000000000001,1,True,
benchmark,10694,q2_all_users,7.9263000000000003,200,True,
benchmark,10695,q3_user_by_login,0.23799999999999999,1,True,
benchmark,10696,q4_sellers_rating,42.6736,100,True,
benchmark,10697,q5_orders_offset,15.715,50,True,
benchmark,10698,q6_products_by_seller,0.23130000000000001,2,True,
benchmark,10699,q7_products_join_sellers,0.34110000000000001,2,True,
benchmark,10700,q8_order_items_join_products,0.41270000000000001,5,True,
benchmark,10701,q9_orders_items_products_by_user,0.084099999999999994,0,True,
benchmark,10702,q10_top_sellers_qty,124.2159,20,True,
benchmark,10703,q11_top_categories,0.22059999999999999,0,True,
benchmark,10704,q1_user_by_id,0.27050000000000002,1,True,
benchmark,10705,q2_all_users,6.1177999999999999,200,True,
benchmark,10706,q3_user_by_login,0.2757,1,True,
benchmark,10707,q4_sellers_rating,43.640099999999997,100,True,
benchmark,10708,q5_orders_offset,16.074000000000002,50,True,
benchmark,10709,q6_products_by_seller,0.1472,0,True,
benchmark,10710,q7_products_join_sellers,0.20269999999999999,0,True,
benchmark,10711,q8_order_items_join_products,0.40770000000000001,1,True,
benchmark,10712,q9_orders_items_products_by_user,0.077700000000000005,0,True,
benchmark,10713,q10_top_sellers_qty,114.2231,20,True,
benchmark,10714,q11_top_categories,0.19550000000000001,0,True,
benchmark,10715,q1_user_by_id,0.25540000000000002,1,True,
benchmark,10716,q2_all_users,5.5837000000000003,200,True,
benchmark,10717,q3_user_by_login,0.2429,1,True,
benchmark,10718,q4_sellers_rating,44.847200000000001,100,True,
benchmark,10719,q5_orders_offset,15.8498,50,True,
benchmark,10720,q6_products_by_seller,0.22020000000000001,1,True,
benchmark,10721,q7_products_join_sellers,0.34189999999999998,1,True,
benchmark,10722,q8_order_items_join_products,0.3947,4,True,
benchmark,10723,q9_orders_items_products_by_user,0.076499999999999999,0,True,
benchmark,10724,q10_top_sellers_qty,113.5757,20,True,
benchmark,10725,q11_top_categories,0.2029,0,True,
benchmark,10726,q1_user_by_id,0.19089999999999999,1,True,
benchmark,10727,q2_all_users,8.8794000000000004,200,True,
benchmark,10728,q3_user_by_login,0.2147,1,True,
benchmark,10729,q4_sellers_rating,44.846299999999999,100,True,
benchmark,10730,q5_orders_offset,15.6632,50,True,
benchmark,10731,q6_products_by_seller,0.21640000000000001,1,True,
benchmark,10732,q7_products_join_sellers,0.3377,1,True,
benchmark,10733,q8_order_items_join_products,0.4143,5,True,
benchmark,10734,q9_orders_items_products_by_user,0.2361,0,True,
benchmark,10735,q10_top_sellers_qty,119.7345,20,True,
benchmark,10736,q11_top_categories,0.22209999999999999,0,True,
benchmark,10737,q1_user_by_id,0.31590000000000001,1,True,
benchmark,10738,q2_all_users,8.4849999999999994,200,True,
benchmark,10739,q3_user_by_login,0.23810000000000001,1,True,
benchmark,10740,q4_sellers_rating,45.622,100,True,
benchmark,10741,q5_orders_offset,15.873100000000001,50,True,
benchmark,10742,q6_products_by_seller,0.13300000000000001,0,True,
benchmark,10743,q7_products_join_sellers,0.1986,0,True,
benchmark,10744,q8_order_items_join_products,0.39729999999999999,2,True,
benchmark,10745,q9_orders_items_products_by_user,0.074999999999999997,0,True,
benchmark,10746,q10_top_sellers_qty,115.4486,20,True,
benchmark,10747,q11_top_categories,0.29599999999999999,0,True,
benchmark,10748,q1_user_by_id,0.26040000000000002,1,True,
benchmark,10749,q2_all_users,6.3175999999999997,200,True,
benchmark,10750,q3_user_by_login,0.27760000000000001,1,True,
benchmark,10751,q4_sellers_rating,42.967500000000001,100,True,
benchmark,10752,q5_orders_offset,16.001000000000001,50,True,
benchmark,10753,q6_products_by_seller,0.2215,2,True,
benchmark,10754,q7_products_join_sellers,8.9184000000000001,2,True,
benchmark,10755,q8_order_items_join_products,0.4002,3,True,
benchmark,10756,q9_orders_items_products_by_user,0.41489999999999999,1,True,
benchmark,10757,q10_top_sellers_qty,104.35080000000001,20,True,
benchmark,10758,q11_top_categories,0.20499999999999999,0,True,
benchmark,10759,q1_user_by_id,0.20610000000000001,1,True,
benchmark,10760,q2_all_users,9.4229000000000003,200,True,
benchmark,10761,q3_user_by_login,0.28599999999999998,1,True,
benchmark,10762,q4_sellers_rating,47.890799999999999,100,True,
benchmark,10763,q5_orders_offset,15.669,50,True,
benchmark,10764,q6_products_by_seller,0.13289999999999999,0,True,
benchmark,10765,q7_products_join_sellers,0.19500000000000001,0,True,
benchmark,10766,q8_order_items_join_products,0.436,4,True,
benchmark,10767,q9_orders_items_products_by_user,0.2094,0,True,
benchmark,10768,q10_top_sellers_qty,103.5412,20,True,
benchmark,10769,q11_top_categories,0.18709999999999999,0,True,
benchmark,10770,q1_user_by_id,0.28029999999999999,1,True,
benchmark,10771,q2_all_users,5.5667,200,True,
benchmark,10772,q3_user_by_login,0.23430000000000001,1,True,
benchmark,10773,q4_sellers_rating,44.404400000000003,100,True,
benchmark,10774,q5_orders_offset,19.415600000000001,50,True,
benchmark,10775,q6_products_by_seller,0.26140000000000002,1,True,
benchmark,10776,q7_products_join_sellers,0.36359999999999998,1,True,
benchmark,10777,q8_order_items_join_products,0.40500000000000003,3,True,
benchmark,10778,q9_orders_items_products_by_user,0.080500000000000002,0,True,
benchmark,10779,q10_top_sellers_qty,96.727699999999999,20,True,
benchmark,10780,q11_top_categories,0.21310000000000001,0,True,
benchmark,10781,q1_user_by_id,0.22969999999999999,1,True,
benchmark,10782,q2_all_users,12.2889,200,True,
benchmark,10783,q3_user_by_login,0.26550000000000001,1,True,
benchmark,10784,q4_sellers_rating,37.411099999999998,100,True,
benchmark,10785,q5_orders_offset,15.9382,50,True,
benchmark,10786,q6_products_by_seller,0.21299999999999999,1,True,
benchmark,10787,q7_products_join_sellers,0.32719999999999999,1,True,
benchmark,10788,q8_order_items_join_products,0.37730000000000002,1,True,
benchmark,10789,q9_orders_items_products_by_user,0.080699999999999994,0,True,
benchmark,10790,q10_top_sellers_qty,100.01609999999999,20,True,
benchmark,10791,q11_top_categories,0.19400000000000001,0,True,
benchmark,10792,q1_user_by_id,0.21629999999999999,1,True,
benchmark,10793,q2_all_users,5.7385999999999999,200,True,
benchmark,10794,q3_user_by_login,0.31979999999999997,1,True,
benchmark,10795,q4_sellers_rating,38.272300000000001,100,True,
benchmark,10796,q5_orders_offset,15.931699999999999,50,True,
benchmark,10797,q6_products_by_seller,0.20949999999999999,2,True,
benchmark,10798,q7_products_join_sellers,0.3377,2,True,
benchmark,10799,q8_order_items_join_products,0.39450000000000002,3,True,
benchmark,10800,q9_orders_items_products_by_user,0.077200000000000005,0,True,
benchmark,10801,q10_top_sellers_qty,113.0095,20,True,
benchmark,10802,q11_top_categories,0.22370000000000001,0,True,
benchmark,10803,q1_user_by_id,0.2175,1,True,
benchmark,10804,q2_all_users,5.4691999999999998,200,True,
benchmark,10805,q3_user_by_login,0.2341,1,True,
benchmark,10806,q4_sellers_rating,46.996299999999998,100,True,
benchmark,10807,q5_orders_offset,15.6652,50,True,
benchmark,10808,q6_products_by_seller,0.20799999999999999,2,True,
benchmark,10809,q7_products_join_sellers,0.3251,2,True,
benchmark,10810,q8_order_items_join_products,0.39190000000000003,5,True,
benchmark,10811,q9_orders_items_products_by_user,0.28670000000000001,0,True,
benchmark,10812,q10_top_sellers_qty,106.35209999999999,20,True,
benchmark,10813,q11_top_categories,0.20699999999999999,0,True,
benchmark,10814,q1_user_by_id,0.27450000000000002,1,True,
benchmark,10815,q2_all_users,5.4893999999999998,200,True,
benchmark,10816,q3_user_by_login,0.23569999999999999,1,True,
benchmark,10817,q4_sellers_rating,42.474899999999998,100,True,
benchmark,10818,q5_orders_offset,15.5547,50,True,
benchmark,10819,q6_products_by_seller,0.21929999999999999,4,True,
benchmark,10820,q7_products_join_sellers,0.3422,4,True,
benchmark,10821,q8_order_items_join_products,0.40210000000000001,5,True,
benchmark,10822,q9_orders_items_products_by_user,0.082000000000000003,0,True,
benchmark,10823,q10_top_sellers_qty,101.9272,20,True,
benchmark,10824,q11_top_categories,0.1903,0,True,
benchmark,10825,q1_user_by_id,0.53890000000000005,1,True,
benchmark,10826,q2_all_users,6.2135999999999996,200,True,
benchmark,10827,q3_user_by_login,0.2286,1,True,
benchmark,10828,q4_sellers_rating,40.439500000000002,100,True,
benchmark,10829,q5_orders_offset,19.904199999999999,50,True,
benchmark,10830,q6_products_by_seller,0.27529999999999999,2,True,
benchmark,10831,q7_products_join_sellers,0.40860000000000002,2,True,
benchmark,10832,q8_order_items_join_products,0.44479999999999997,1,True,
benchmark,10833,q9_orders_items_products_by_user,0.68469999999999998,3,True,
benchmark,10834,q10_top_sellers_qty,111.8618,20,True,
benchmark,10835,q11_top_categories,0.18529999999999999,0,True,
benchmark,10836,q1_user_by_id,0.26840000000000003,1,True,
benchmark,10837,q2_all_users,9.5495000000000001,200,True,
benchmark,10838,q3_user_by_login,0.20580000000000001,1,True,
benchmark,10839,q4_sellers_rating,45.080199999999998,100,True,
benchmark,10840,q5_orders_offset,15.6662,50,True,
benchmark,10841,q6_products_by_seller,0.13619999999999999,0,True,
benchmark,10842,q7_products_join_sellers,0.1956,0,True,
benchmark,10843,q8_order_items_join_products,0.41049999999999998,2,True,
benchmark,10844,q9_orders_items_products_by_user,0.083000000000000004,0,True,
benchmark,10845,q10_top_sellers_qty,107.34059999999999,20,True,
benchmark,10846,q11_top_categories,0.1981,0,True,
benchmark,10847,q1_user_by_id,0.20119999999999999,1,True,
benchmark,10848,q2_all_users,10.542,200,True,
benchmark,10849,q3_user_by_login,0.2898,1,True,
benchmark,10850,q4_sellers_rating,45.974600000000002,100,True,
benchmark,10851,q5_orders_offset,16.266200000000001,50,True,
benchmark,10852,q6_products_by_seller,0.1321,0,True,
benchmark,10853,q7_products_join_sellers,0.19550000000000001,0,True,
benchmark,10854,q8_order_items_join_products,0.4224,2,True,
benchmark,10855,q9_orders_items_products_by_user,0.075800000000000006,0,True,
benchmark,10856,q10_top_sellers_qty,100.45050000000001,20,True,
benchmark,10857,q11_top_categories,0.20449999999999999,0,True,
benchmark,10858,q1_user_by_id,0.22420000000000001,1,True,
benchmark,10859,q2_all_users,5.4974999999999996,200,True,
benchmark,10860,q3_user_by_login,0.2392,1,True,
benchmark,10861,q4_sellers_rating,40.242199999999997,100,True,
benchmark,10862,q5_orders_offset,15.7958,50,True,
benchmark,10863,q6_products_by_seller,0.2147,2,True,
benchmark,10864,q7_products_join_sellers,0.34749999999999998,2,True,
benchmark,10865,q8_order_items_join_products,0.38919999999999999,3,True,
benchmark,10866,q9_orders_items_products_by_user,0.079500000000000001,0,True,
benchmark,10867,q10_top_sellers_qty,110.16030000000001,20,True,
benchmark,10868,q11_top_categories,0.2044,0,True,
benchmark,10869,q1_user_by_id,0.23319999999999999,1,True,
benchmark,10870,q2_all_users,5.8175999999999997,200,True,
benchmark,10871,q3_user_by_login,1.5089999999999999,1,True,
benchmark,10872,q4_sellers_rating,40.455500000000001,100,True,
benchmark,10873,q5_orders_offset,19.177600000000002,50,True,
benchmark,10874,q6_products_by_seller,0.22070000000000001,1,True,
benchmark,10875,q7_products_join_sellers,0.34360000000000002,1,True,
benchmark,10876,q8_order_items_join_products,0.40629999999999999,5,True,
benchmark,10877,q9_orders_items_products_by_user,0.20780000000000001,0,True,
benchmark,10878,q10_top_sellers_qty,101.1395,20,True,
benchmark,10879,q11_top_categories,0.21010000000000001,0,True,
benchmark,10880,q1_user_by_id,0.1983,1,True,
benchmark,10881,q2_all_users,5.5541,200,True,
benchmark,10882,q3_user_by_login,0.20069999999999999,1,True,
benchmark,10883,q4_sellers_rating,45.774500000000003,100,True,
benchmark,10884,q5_orders_offset,18.618200000000002,50,True,
benchmark,10885,q6_products_by_seller,0.2064,2,True,
benchmark,10886,q7_products_join_sellers,0.32700000000000001,2,True,
benchmark,10887,q8_order_items_join_products,0.3861,1,True,
benchmark,10888,q9_orders_items_products_by_user,0.090200000000000002,0,True,
benchmark,10889,q10_top_sellers_qty,113.645,20,True,
benchmark,10890,q11_top_categories,0.19769999999999999,0,True,
benchmark,10891,q1_user_by_id,0.35299999999999998,1,True,
benchmark,10892,q2_all_users,11.460699999999999,200,True,
benchmark,10893,q3_user_by_login,0.21310000000000001,1,True,
benchmark,10894,q4_sellers_rating,48.386499999999998,100,True,
benchmark,10895,q5_orders_offset,15.879899999999999,50,True,
benchmark,10896,q6_products_by_seller,0.24890000000000001,2,True,
benchmark,10897,q7_products_join_sellers,0.35999999999999999,2,True,
benchmark,10898,q8_order_items_join_products,0.36919999999999997,1,True,
benchmark,10899,q9_orders_items_products_by_user,0.072499999999999995,0,True,
benchmark,10900,q10_top_sellers_qty,105.79470000000001,20,True,
benchmark,10901,q11_top_categories,0.19070000000000001,0,True,
benchmark,10902,q1_user_by_id,0.2329,1,True,
benchmark,10903,q2_all_users,5.4892000000000003,200,True,
benchmark,10904,q3_user_by_login,0.2606,1,True,
benchmark,10905,q4_sellers_rating,49.879199999999997,100,True,
benchmark,10906,q5_orders_offset,17.189499999999999,50,True,
benchmark,10907,q6_products_by_seller,0.1794,0,True,
benchmark,10908,q7_products_join_sellers,0.2397,0,True,
benchmark,10909,q8_order_items_join_products,0.48580000000000001,2,True,
benchmark,10910,q9_orders_items_products_by_user,0.098900000000000002,0,True,
benchmark,10911,q10_top_sellers_qty,105.72320000000001,20,True,
benchmark,10912,q11_top_categories,0.2054,0,True,
benchmark,10913,q1_user_by_id,0.2223,1,True,
benchmark,10914,q2_all_users,5.6327999999999996,200,True,
benchmark,10915,q3_user_by_login,0.2515,1,True,
benchmark,10916,q4_sellers_rating,41.761600000000001,100,True,
benchmark,10917,q5_orders_offset,18.896000000000001,50,True,
benchmark,10918,q6_products_by_seller,0.2525,2,True,
benchmark,10919,q7_products_join_sellers,0.35770000000000002,2,True,
benchmark,10920,q8_order_items_join_products,0.39069999999999999,2,True,
benchmark,10921,q9_orders_items_products_by_user,0.077700000000000005,0,True,
benchmark,10922,q10_top_sellers_qty,110.93170000000001,20,True,
benchmark,10923,q11_top_categories,0.20319999999999999,0,True,
benchmark,10924,q1_user_by_id,0.247,1,True,
benchmark,10925,q2_all_users,8.5130999999999997,200,True,
benchmark,10926,q3_user_by_login,0.3241,1,True,
benchmark,10927,q4_sellers_rating,44.211599999999997,100,True,
benchmark,10928,q5_orders_offset,15.6236,50,True,
benchmark,10929,q6_products_by_seller,0.21490000000000001,1,True,
benchmark,10930,q7_products_join_sellers,0.34999999999999998,1,True,
benchmark,10931,q8_order_items_join_products,0.38169999999999998,1,True,
benchmark,10932,q9_orders_items_products_by_user,0.069400000000000003,0,True,
benchmark,10933,q10_top_sellers_qty,113.8532,20,True,
benchmark,10934,q11_top_categories,0.29110000000000003,0,True,
benchmark,10935,q1_user_by_id,0.24349999999999999,1,True,
benchmark,10936,q2_all_users,7.8377999999999997,200,True,
benchmark,10937,q3_user_by_login,0.3362,1,True,
benchmark,10938,q4_sellers_rating,44.829999999999998,100,True,
benchmark,10939,q5_orders_offset,15.5207,50,True,
benchmark,10940,q6_products_by_seller,0.23169999999999999,2,True,
benchmark,10941,q7_products_join_sellers,0.33450000000000002,2,True,
benchmark,10942,q8_order_items_join_products,0.39000000000000001,3,True,
benchmark,10943,q9_orders_items_products_by_user,0.57379999999999998,3,True,
benchmark,10944,q10_top_sellers_qty,98.731800000000007,20,True,
benchmark,10945,q11_top_categories,0.21149999999999999,0,True,
benchmark,10946,q1_user_by_id,0.19950000000000001,1,True,
benchmark,10947,q2_all_users,5.4699999999999998,200,True,
benchmark,10948,q3_user_by_login,0.2175,1,True,
benchmark,10949,q4_sellers_rating,37.698900000000002,100,True,
benchmark,10950,q5_orders_offset,15.677099999999999,50,True,
benchmark,10951,q6_products_by_seller,0.1371,0,True,
benchmark,10952,q7_products_join_sellers,0.18229999999999999,0,True,
benchmark,10953,q8_order_items_join_products,0.40160000000000001,1,True,
benchmark,10954,q9_orders_items_products_by_user,0.69810000000000005,4,True,
benchmark,10955,q10_top_sellers_qty,110.6204,20,True,
benchmark,10956,q11_top_categories,0.19370000000000001,0,True,
benchmark,10957,q1_user_by_id,0.24110000000000001,1,True,
benchmark,10958,q2_all_users,5.6515000000000004,200,True,
benchmark,10959,q3_user_by_login,0.24349999999999999,1,True,
benchmark,10960,q4_sellers_rating,40.342500000000001,100,True,
benchmark,10961,q5_orders_offset,18.989699999999999,50,True,
benchmark,10962,q6_products_by_seller,0.22639999999999999,1,True,
benchmark,10963,q7_products_join_sellers,0.34060000000000001,1,True,
benchmark,10964,q8_order_items_join_products,0.38179999999999997,1,True,
benchmark,10965,q9_orders_items_products_by_user,0.78320000000000001,5,True,
benchmark,10966,q10_top_sellers_qty,106.8374,20,True,
benchmark,10967,q11_top_categories,0.20580000000000001,0,True,
benchmark,10968,q1_user_by_id,0.2079,1,True,
benchmark,10969,q2_all_users,5.7842000000000002,200,True,
benchmark,10970,q3_user_by_login,0.25230000000000002,1,True,
benchmark,10971,q4_sellers_rating,42.542400000000001,100,True,
benchmark,10972,q5_orders_offset,20.0197,50,True,
benchmark,10973,q6_products_by_seller,0.14030000000000001,0,True,
benchmark,10974,q7_products_join_sellers,0.19989999999999999,0,True,
benchmark,10975,q8_order_items_join_products,0.40770000000000001,4,True,
benchmark,10976,q9_orders_items_products_by_user,1.2238,10,True,
benchmark,10977,q10_top_sellers_qty,101.4616,20,True,
benchmark,10978,q11_top_categories,0.18890000000000001,0,True,
benchmark,10979,q1_user_by_id,0.2379,1,True,
benchmark,10980,q2_all_users,13.1227,200,True,
benchmark,10981,q3_user_by_login,0.27160000000000001,1,True,
benchmark,10982,q4_sellers_rating,44.4617,100,True,
benchmark,10983,q5_orders_offset,15.8614,50,True,
benchmark,10984,q6_products_by_seller,0.215,2,True,
benchmark,10985,q7_products_join_sellers,0.32979999999999998,2,True,
benchmark,10986,q8_order_items_join_products,0.3957,3,True,
benchmark,10987,q9_orders_items_products_by_user,0.20430000000000001,0,True,
benchmark,10988,q10_top_sellers_qty,102.637,20,True,
benchmark,10989,q11_top_categories,0.19969999999999999,0,True,
benchmark,10990,q1_user_by_id,0.19420000000000001,1,True,
benchmark,10991,q2_all_users,5.5103,200,True,
benchmark,10992,q3_user_by_login,0.23449999999999999,1,True,
benchmark,10993,q4_sellers_rating,40.687399999999997,100,True,
benchmark,10994,q5_orders_offset,15.6607,50,True,
benchmark,10995,q6_products_by_seller,0.13980000000000001,0,True,
benchmark,10996,q7_products_join_sellers,0.19520000000000001,0,True,
benchmark,10997,q8_order_items_join_products,0.4133,5,True,
benchmark,10998,q9_orders_items_products_by_user,0.21790000000000001,0,True,
benchmark,10999,q10_top_sellers_qty,116.41630000000001,20,True,
benchmark,11000,q11_top_categories,0.19789999999999999,0,True,
