phase,request_index,query_name,latency_ms,rows_returned,ok,error
warmup,0,q1_user_by_id,7.1639999999999997,1,True,
warmup,1,q3_user_by_login,5.9352999999999998,1,True,
warmup,2,q1_user_by_id,0.85580000000000001,1,True,
warmup,3,q3_user_by_login,0.4884,1,True,
warmup,4,q1_user_by_id,0.42199999999999999,1,True,
warmup,5,q3_user_by_login,2.3323999999999998,1,True,
warmup,6,q1_user_by_id,0.62490000000000001,1,True,
warmup,7,q3_user_by_login,1.0327,1,True,
warmup,8,q1_user_by_id,0.53290000000000004,1,True,
warmup,9,q3_user_by_login,3.2288000000000001,1,True,
warmup,10,q1_user_by_id,0.58640000000000003,1,True,
warmup,11,q3_user_by_login,12.316700000000001,1,True,
warmup,12,q1_user_by_id,0.72870000000000001,1,True,
warmup,13,q3_user_by_login,1.1701999999999999,1,True,
warmup,14,q1_user_by_id,0.72729999999999995,1,True,
warmup,15,q3_user_by_login,0.80049999999999999,1,True,
warmup,16,q1_user_by_id,0.51900000000000002,1,True,
warmup,17,q3_user_by_login,19.813199999999998,1,True,
warmup,18,q1_user_by_id,0.50380000000000003,1,True,
warmup,19,q3_user_by_login,0.52410000000000001,1,True,
warmup,20,q1_user_by_id,0.50270000000000004,1,True,
warmup,21,q3_user_by_login,0.88839999999999997,1,True,
warmup,22,q1_user_by_id,0.49120000000000003,1,True,
warmup,23,q3_user_by_login,0.80659999999999998,1,True,
warmup,24,q1_user_by_id,0.46939999999999998,1,True,
warmup,25,q3_user_by_login,1.1383000000000001,1,True,
warmup,26,q1_user_by_id,0.48670000000000002,1,True,
warmup,27,q3_user_by_login,0.57930000000000004,1,True,
warmup,28,q1_user_by_id,0.56620000000000004,1,True,
warmup,29,q3_user_by_login,0.85209999999999997,1,True,
warmup,30,q1_user_by_id,0.69869999999999999,1,True,
warmup,31,q3_user_by_login,3.3668,1,True,
warmup,32,q1_user_by_id,0.69650000000000001,1,True,
warmup,33,q3_user_by_login,0.57530000000000003,1,True,
warmup,34,q1_user_by_id,0.54330000000000001,1,True,
warmup,35,q3_user_by_login,0.83450000000000002,1,True,
warmup,36,q1_user_by_id,0.4909,1,True,
warmup,37,q3_user_by_login,0.79059999999999997,1,True,
warmup,38,q1_user_by_id,0.46179999999999999,1,True,
warmup,39,q3_user_by_login,0.89449999999999996,1,True,
warmup,40,q1_user_by_id,0.79459999999999997,1,True,
warmup,41,q3_user_by_login,0.55459999999999998,1,True,
warmup,42,q1_user_by_id,0.59719999999999995,1,True,
warmup,43,q3_user_by_login,0.56120000000000003,1,True,
warmup,44,q1_user_by_id,0.52070000000000005,1,True,
warmup,45,q3_user_by_login,0.84109999999999996,1,True,
warmup,46,q1_user_by_id,0.43859999999999999,1,True,
warmup,47,q3_user_by_login,0.47039999999999998,1,True,
warmup,48,q1_user_by_id,0.44369999999999998,1,True,
warmup,49,q3_user_by_login,0.51380000000000003,1,True,
warmup,50,q1_user_by_id,0.84370000000000001,1,True,
warmup,51,q3_user_by_login,0.77700000000000002,1,True,
warmup,52,q1_user_by_id,0.45269999999999999,1,True,
warmup,53,q3_user_by_login,0.48130000000000001,1,True,
warmup,54,q1_user_by_id,0.39579999999999999,1,True,
warmup,55,q3_user_by_login,0.78769999999999996,1,True,
warmup,56,q1_user_by_id,0.41949999999999998,1,True,
warmup,57,q3_user_by_login,0.89349999999999996,1,True,
warmup,58,q1_user_by_id,0.4612,1,True,
warmup,59,q3_user_by_login,0.99560000000000004,1,True,
warmup,60,q1_user_by_id,0.57199999999999995,1,True,
warmup,61,q3_user_by_login,0.42720000000000002,1,True,
warmup,62,q1_user_by_id,0.39489999999999997,1,True,
warmup,63,q3_user_by_login,0.67689999999999995,1,True,
warmup,64,q1_user_by_id,0.50149999999999995,1,True,
warmup,65,q3_user_by_login,0.66120000000000001,1,True,
warmup,66,q1_user_by_id,0.38069999999999998,1,True,
warmup,67,q3_user_by_login,0.41970000000000002,1,True,
warmup,68,q1_user_by_id,0.38369999999999999,1,True,
warmup,69,q3_user_by_login,0.69210000000000005,1,True,
warmup,70,q1_user_by_id,0.38769999999999999,1,True,
warmup,71,q3_user_by_login,0.63649999999999995,1,True,
warmup,72,q1_user_by_id,0.45369999999999999,1,True,
warmup,73,q3_user_by_login,0.44379999999999997,1,True,
warmup,74,q1_user_by_id,0.40100000000000002,1,True,
warmup,75,q3_user_by_login,0.54369999999999996,1,True,
warmup,76,q1_user_by_id,0.38819999999999999,1,True,
warmup,77,q3_user_by_login,0.42020000000000002,1,True,
warmup,78,q1_user_by_id,0.4587,1,True,
warmup,79,q3_user_by_login,0.45440000000000003,1,True,
warmup,80,q1_user_by_id,0.4209,1,True,
warmup,81,q3_user_by_login,0.47660000000000002,1,True,
warmup,82,q1_user_by_id,0.68149999999999999,1,True,
warmup,83,q3_user_by_login,0.73929999999999996,1,True,
warmup,84,q1_user_by_id,0.44119999999999998,1,True,
warmup,85,q3_user_by_login,0.82079999999999997,1,True,
warmup,86,q1_user_by_id,0.38,1,True,
warmup,87,q3_user_by_login,0.65049999999999997,1,True,
warmup,88,q1_user_by_id,0.38269999999999998,1,True,
warmup,89,q3_user_by_login,0.39319999999999999,1,True,
warmup,90,q1_user_by_id,0.4088,1,True,
warmup,91,q3_user_by_login,0.48149999999999998,1,True,
warmup,92,q1_user_by_id,0.49120000000000003,1,True,
warmup,93,q3_user_by_login,0.66259999999999997,1,True,
warmup,94,q1_user_by_id,0.3579,1,True,
warmup,95,q3_user_by_login,0.42499999999999999,1,True,
warmup,96,q1_user_by_id,0.379,1,True,
warmup,97,q3_user_by_login,0.68069999999999997,1,True,
warmup,98,q1_user_by_id,0.38750000000000001,1,True,
warmup,99,q3_user_by_login,0.69730000000000003,1,True,
warmup,100,q1_user_by_id,0.86250000000000004,1,True,
warmup,101,q3_user_by_login,0.58160000000000001,1,True,
warmup,102,q1_user_by_id,0.43469999999999998,1,True,
warmup,103,q3_user_by_login,0.44190000000000002,1,True,
warmup,104,q1_user_by_id,0.46110000000000001,1,True,
warmup,105,q3_user_by_login,0.78959999999999997,1,True,
warmup,106,q1_user_by_id,0.5575,1,True,
warmup,107,q3_user_by_login,0.38190000000000002,1,True,
warmup,108,q1_user_by_id,0.27800000000000002,1,True,
warmup,109,q3_user_by_login,0.3569,1,True,
warmup,110,q1_user_by_id,0.2581,1,True,
warmup,111,q3_user_by_login,0.29360000000000003,1,True,
warmup,112,q1_user_by_id,23.328199999999999,1,True,
warmup,113,q3_user_by_login,0.44969999999999999,1,True,
warmup,114,q1_user_by_id,0.31690000000000002,1,True,
warmup,115,q3_user_by_login,0.61760000000000004,1,True,
warmup,116,q1_user_by_id,0.26450000000000001,1,True,
warmup,117,q3_user_by_login,0.29289999999999999,1,True,
warmup,118,q1_user_by_id,0.25919999999999999,1,True,
warmup,119,q3_user_by_login,0.2722,1,True,
warmup,120,q1_user_by_id,0.26479999999999998,1,True,
warmup,121,q3_user_by_login,0.26669999999999999,1,True,
warmup,122,q1_user_by_id,0.25340000000000001,1,True,
warmup,123,q3_user_by_login,0.27050000000000002,1,True,
warmup,124,q1_user_by_id,0.24349999999999999,1,True,
warmup,125,q3_user_by_login,0.35249999999999998,1,True,
warmup,126,q1_user_by_id,0.26519999999999999,1,True,
warmup,127,q3_user_by_login,0.26929999999999998,1,True,
warmup,128,q1_user_by_id,0.35959999999999998,1,True,
warmup,129,q3_user_by_login,0.32250000000000001,1,True,
warmup,130,q1_user_by_id,0.26079999999999998,1,True,
warmup,131,q3_user_by_login,0.29730000000000001,1,True,
warmup,132,q1_user_by_id,0.27110000000000001,1,True,
warmup,133,q3_user_by_login,0.30930000000000002,1,True,
warmup,134,q1_user_by_id,0.3125,1,True,
warmup,135,q3_user_by_login,0.62829999999999997,1,True,
warmup,136,q1_user_by_id,0.3322,1,True,
warmup,137,q3_user_by_login,0.31040000000000001,1,True,
warmup,138,q1_user_by_id,0.26769999999999999,1,True,
warmup,139,q3_user_by_login,0.26679999999999998,1,True,
warmup,140,q1_user_by_id,0.26019999999999999,1,True,
warmup,141,q3_user_by_login,0.29649999999999999,1,True,
warmup,142,q1_user_by_id,0.2452,1,True,
warmup,143,q3_user_by_login,0.51670000000000005,1,True,
warmup,144,q1_user_by_id,0.2676,1,True,
warmup,145,q3_user_by_login,0.29630000000000001,1,True,
warmup,146,q1_user_by_id,0.24790000000000001,1,True,
warmup,147,q3_user_by_login,0.5353,1,True,
warmup,148,q1_user_by_id,0.2576,1,True,
warmup,149,q3_user_by_login,0.25979999999999998,1,True,
warmup,150,q1_user_by_id,0.86240000000000006,1,True,
warmup,151,q3_user_by_login,0.3584,1,True,
warmup,152,q1_user_by_id,0.28220000000000001,1,True,
warmup,153,q3_user_by_login,0.28220000000000001,1,True,
warmup,154,q1_user_by_id,0.34300000000000003,1,True,
warmup,155,q3_user_by_login,0.30609999999999998,1,True,
warmup,156,q1_user_by_id,0.26269999999999999,1,True,
warmup,157,q3_user_by_login,0.56440000000000001,1,True,
warmup,158,q1_user_by_id,0.27479999999999999,1,True,
warmup,159,q3_user_by_login,0.53269999999999995,1,True,
warmup,160,q1_user_by_id,0.25359999999999999,1,True,
warmup,161,q3_user_by_login,0.28399999999999997,1,True,
warmup,162,q1_user_by_id,0.25779999999999997,1,True,
warmup,163,q3_user_by_login,0.27939999999999998,1,True,
warmup,164,q1_user_by_id,0.2492,1,True,
warmup,165,q3_user_by_login,0.26100000000000001,1,True,
warmup,166,q1_user_by_id,0.25009999999999999,1,True,
warmup,167,q3_user_by_login,0.27660000000000001,1,True,
warmup,168,q1_user_by_id,0.25869999999999999,1,True,
warmup,169,q3_user_by_login,0.87339999999999995,1,True,
warmup,170,q1_user_by_id,0.2752,1,True,
warmup,171,q3_user_by_login,0.2727,1,True,
warmup,172,q1_user_by_id,0.2697,1,True,
warmup,173,q3_user_by_login,0.26550000000000001,1,True,
warmup,174,q1_user_by_id,0.30349999999999999,1,True,
warmup,175,q3_user_by_login,0.70899999999999996,1,True,
warmup,176,q1_user_by_id,0.27789999999999998,1,True,
warmup,177,q3_user_by_login,0.29289999999999999,1,True,
warmup,178,q1_user_by_id,0.28000000000000003,1,True,
warmup,179,q3_user_by_login,0.2586,1,True,
warmup,180,q1_user_by_id,0.245,1,True,
warmup,181,q3_user_by_login,0.52010000000000001,1,True,
warmup,182,q1_user_by_id,0.2422,1,True,
warmup,183,q3_user_by_login,0.53790000000000004,1,True,
warmup,184,q1_user_by_id,0.2505,1,True,
warmup,185,q3_user_by_login,0.25600000000000001,1,True,
warmup,186,q1_user_by_id,0.26740000000000003,1,True,
warmup,187,q3_user_by_login,0.26879999999999998,1,True,
warmup,188,q1_user_by_id,0.25030000000000002,1,True,
warmup,189,q3_user_by_login,0.26640000000000003,1,True,
warmup,190,q1_user_by_id,0.246,1,True,
warmup,191,q3_user_by_login,0.24510000000000001,1,True,
warmup,192,q1_user_by_id,0.25819999999999999,1,True,
warmup,193,q3_user_by_login,0.25850000000000001,1,True,
warmup,194,q1_user_by_id,0.30259999999999998,1,True,
warmup,195,q3_user_by_login,0.2379,1,True,
warmup,196,q1_user_by_id,0.27900000000000003,1,True,
warmup,197,q3_user_by_login,0.24840000000000001,1,True,
warmup,198,q1_user_by_id,0.52649999999999997,1,True,
warmup,199,q3_user_by_login,0.54359999999999997,1,True,
benchmark,1,q1_user_by_id,0.8367,1,True,
benchmark,2,q1_user_by_id,0.35060000000000002,1,True,
benchmark,3,q1_user_by_id,0.27710000000000001,1,True,
benchmark,4,q1_user_by_id,0.28549999999999998,1,True,
benchmark,5,q1_user_by_id,0.3211,1,True,
benchmark,6,q1_user_by_id,0.32469999999999999,1,True,
benchmark,7,q1_user_by_id,0.22309999999999999,1,True,
benchmark,8,q1_user_by_id,0.29780000000000001,1,True,
benchmark,9,q1_user_by_id,0.22689999999999999,1,True,
benchmark,10,q1_user_by_id,0.2681,1,True,
benchmark,11,q1_user_by_id,0.22170000000000001,1,True,
benchmark,12,q1_user_by_id,0.25559999999999999,1,True,
benchmark,13,q1_user_by_id,0.21740000000000001,1,True,
benchmark,14,q1_user_by_id,0.2319,1,True,
benchmark,15,q1_user_by_id,0.2248,1,True,
benchmark,16,q1_user_by_id,0.2407,1,True,
benchmark,17,q1_user_by_id,0.31569999999999998,1,True,
benchmark,18,q1_user_by_id,0.29730000000000001,1,True,
benchmark,19,q1_user_by_id,0.20349999999999999,1,True,
benchmark,20,q1_user_by_id,0.2382,1,True,
benchmark,21,q1_user_by_id,0.24940000000000001,1,True,
benchmark,22,q1_user_by_id,0.25269999999999998,1,True,
benchmark,23,q1_user_by_id,0.20580000000000001,1,True,
benchmark,24,q1_user_by_id,0.21129999999999999,1,True,
benchmark,25,q1_user_by_id,0.21249999999999999,1,True,
benchmark,26,q1_user_by_id,0.26200000000000001,1,True,
benchmark,27,q1_user_by_id,0.2036,1,True,
benchmark,28,q1_user_by_id,0.22789999999999999,1,True,
benchmark,29,q1_user_by_id,0.21859999999999999,1,True,
benchmark,30,q1_user_by_id,0.249,1,True,
benchmark,31,q1_user_by_id,0.2117,1,True,
benchmark,32,q1_user_by_id,0.23949999999999999,1,True,
benchmark,33,q1_user_by_id,0.21829999999999999,1,True,
benchmark,34,q1_user_by_id,0.2024,1,True,
benchmark,35,q1_user_by_id,0.19639999999999999,1,True,
benchmark,36,q1_user_by_id,0.20130000000000001,1,True,
benchmark,37,q1_user_by_id,0.2046,1,True,
benchmark,38,q1_user_by_id,0.27079999999999999,1,True,
benchmark,39,q1_user_by_id,0.2525,1,True,
benchmark,40,q1_user_by_id,0.247,1,True,
benchmark,41,q1_user_by_id,0.2155,1,True,
benchmark,42,q1_user_by_id,0.2364,1,True,
benchmark,43,q1_user_by_id,0.19819999999999999,1,True,
benchmark,44,q1_user_by_id,0.25629999999999997,1,True,
benchmark,45,q1_user_by_id,0.28749999999999998,1,True,
benchmark,46,q1_user_by_id,0.23330000000000001,1,True,
benchmark,47,q1_user_by_id,0.2132,1,True,
benchmark,48,q1_user_by_id,0.2437,1,True,
benchmark,49,q1_user_by_id,0.21840000000000001,1,True,
benchmark,50,q1_user_by_id,0.20050000000000001,1,True,
benchmark,51,q1_user_by_id,0.28749999999999998,1,True,
benchmark,52,q1_user_by_id,0.21820000000000001,1,True,
benchmark,53,q1_user_by_id,0.21540000000000001,1,True,
benchmark,54,q1_user_by_id,0.2132,1,True,
benchmark,55,q1_user_by_id,0.18909999999999999,1,True,
benchmark,56,q1_user_by_id,0.20849999999999999,1,True,
benchmark,57,q1_user_by_id,0.25690000000000002,1,True,
benchmark,58,q1_user_by_id,0.26750000000000002,1,True,
benchmark,59,q1_user_by_id,0.215,1,True,
benchmark,60,q1_user_by_id,0.51600000000000001,1,True,
benchmark,61,q1_user_by_id,0.19869999999999999,1,True,
benchmark,62,q1_user_by_id,0.21870000000000001,1,True,
benchmark,63,q1_user_by_id,0.18890000000000001,1,True,
benchmark,64,q1_user_by_id,0.2132,1,True,
benchmark,65,q1_user_by_id,0.20860000000000001,1,True,
benchmark,66,q1_user_by_id,0.21079999999999999,1,True,
benchmark,67,q1_user_by_id,0.1968,1,True,
benchmark,68,q1_user_by_id,0.19750000000000001,1,True,
benchmark,69,q1_user_by_id,0.19950000000000001,1,True,
benchmark,70,q1_user_by_id,0.20499999999999999,1,True,
benchmark,71,q1_user_by_id,0.25900000000000001,1,True,
benchmark,72,q1_user_by_id,0.22189999999999999,1,True,
benchmark,73,q1_user_by_id,0.23630000000000001,1,True,
benchmark,74,q1_user_by_id,0.26379999999999998,1,True,
benchmark,75,q1_user_by_id,0.27939999999999998,1,True,
benchmark,76,q1_user_by_id,0.23760000000000001,1,True,
benchmark,77,q1_user_by_id,0.19189999999999999,1,True,
benchmark,78,q1_user_by_id,0.27550000000000002,1,True,
benchmark,79,q1_user_by_id,0.2369,1,True,
benchmark,80,q1_user_by_id,0.23649999999999999,1,True,
benchmark,81,q1_user_by_id,0.22900000000000001,1,True,
benchmark,82,q1_user_by_id,0.24959999999999999,1,True,
benchmark,83,q1_user_by_id,0.19969999999999999,1,True,
benchmark,84,q1_user_by_id,0.20979999999999999,1,True,
benchmark,85,q1_user_by_id,0.219,1,True,
benchmark,86,q1_user_by_id,0.2334,1,True,
benchmark,87,q1_user_by_id,0.19989999999999999,1,True,
benchmark,88,q1_user_by_id,0.19600000000000001,1,True,
benchmark,89,q1_user_by_id,0.19570000000000001,1,True,
benchmark,90,q1_user_by_id,0.21790000000000001,1,True,
benchmark,91,q1_user_by_id,0.20150000000000001,1,True,
benchmark,92,q1_user_by_id,0.19489999999999999,1,True,
benchmark,93,q1_user_by_id,0.2011,1,True,
benchmark,94,q1_user_by_id,0.20319999999999999,1,True,
benchmark,95,q1_user_by_id,0.21210000000000001,1,True,
benchmark,96,q1_user_by_id,0.24060000000000001,1,True,
benchmark,97,q1_user_by_id,0.193,1,True,
benchmark,98,q1_user_by_id,0.2077,1,True,
benchmark,99,q1_user_by_id,0.23580000000000001,1,True,
benchmark,100,q1_user_by_id,0.21310000000000001,1,True,
benchmark,101,q1_user_by_id,0.72989999999999999,1,True,
benchmark,102,q1_user_by_id,0.34670000000000001,1,True,
benchmark,103,q1_user_by_id,0.27439999999999998,1,True,
benchmark,104,q1_user_by_id,0.21190000000000001,1,True,
benchmark,105,q1_user_by_id,0.21959999999999999,1,True,
benchmark,106,q1_user_by_id,0.20949999999999999,1,True,
benchmark,107,q1_user_by_id,0.20330000000000001,1,True,
benchmark,108,q1_user_by_id,0.1971,1,True,
benchmark,109,q1_user_by_id,0.24049999999999999,1,True,
benchmark,110,q1_user_by_id,0.37440000000000001,1,True,
benchmark,111,q1_user_by_id,0.26600000000000001,1,True,
benchmark,112,q1_user_by_id,0.2344,1,True,
benchmark,113,q1_user_by_id,0.1968,1,True,
benchmark,114,q1_user_by_id,0.21440000000000001,1,True,
benchmark,115,q1_user_by_id,0.24929999999999999,1,True,
benchmark,116,q1_user_by_id,0.1951,1,True,
benchmark,117,q1_user_by_id,0.1971,1,True,
benchmark,118,q1_user_by_id,0.26329999999999998,1,True,
benchmark,119,q1_user_by_id,0.24510000000000001,1,True,
benchmark,120,q1_user_by_id,0.23169999999999999,1,True,
benchmark,121,q1_user_by_id,0.2422,1,True,
benchmark,122,q1_user_by_id,0.25219999999999998,1,True,
benchmark,123,q1_user_by_id,0.18279999999999999,1,True,
benchmark,124,q1_user_by_id,0.2586,1,True,
benchmark,125,q1_user_by_id,0.29999999999999999,1,True,
benchmark,126,q1_user_by_id,0.26800000000000002,1,True,
benchmark,127,q1_user_by_id,0.19670000000000001,1,True,
benchmark,128,q1_user_by_id,0.28999999999999998,1,True,
benchmark,129,q1_user_by_id,0.25919999999999999,1,True,
benchmark,130,q1_user_by_id,0.2324,1,True,
benchmark,131,q1_user_by_id,0.29070000000000001,1,True,
benchmark,132,q1_user_by_id,0.27800000000000002,1,True,
benchmark,133,q1_user_by_id,0.20580000000000001,1,True,
benchmark,134,q1_user_by_id,0.2142,1,True,
benchmark,135,q1_user_by_id,0.25490000000000002,1,True,
benchmark,136,q1_user_by_id,0.22470000000000001,1,True,
benchmark,137,q1_user_by_id,0.20349999999999999,1,True,
benchmark,138,q1_user_by_id,0.18809999999999999,1,True,
benchmark,139,q1_user_by_id,0.19670000000000001,1,True,
benchmark,140,q1_user_by_id,0.23649999999999999,1,True,
benchmark,141,q1_user_by_id,0.1953,1,True,
benchmark,142,q1_user_by_id,0.18820000000000001,1,True,
benchmark,143,q1_user_by_id,0.2051,1,True,
benchmark,144,q1_user_by_id,0.20599999999999999,1,True,
benchmark,145,q1_user_by_id,0.1837,1,True,
benchmark,146,q1_user_by_id,0.2271,1,True,
benchmark,147,q1_user_by_id,0.20699999999999999,1,True,
benchmark,148,q1_user_by_id,0.2092,1,True,
benchmark,149,q1_user_by_id,0.19670000000000001,1,True,
benchmark,150,q1_user_by_id,0.20469999999999999,1,True,
benchmark,151,q1_user_by_id,0.27910000000000001,1,True,
benchmark,152,q1_user_by_id,0.2059,1,True,
benchmark,153,q1_user_by_id,0.18509999999999999,1,True,
benchmark,154,q1_user_by_id,0.19350000000000001,1,True,
benchmark,155,q1_user_by_id,0.19700000000000001,1,True,
benchmark,156,q1_user_by_id,0.18909999999999999,1,True,
benchmark,157,q1_user_by_id,0.18609999999999999,1,True,
benchmark,158,q1_user_by_id,0.18940000000000001,1,True,
benchmark,159,q1_user_by_id,0.2198,1,True,
benchmark,160,q1_user_by_id,0.22320000000000001,1,True,
benchmark,161,q1_user_by_id,0.1827,1,True,
benchmark,162,q1_user_by_id,0.17899999999999999,1,True,
benchmark,163,q1_user_by_id,0.18260000000000001,1,True,
benchmark,164,q1_user_by_id,0.20730000000000001,1,True,
benchmark,165,q1_user_by_id,0.18759999999999999,1,True,
benchmark,166,q1_user_by_id,0.1825,1,True,
benchmark,167,q1_user_by_id,0.217,1,True,
benchmark,168,q1_user_by_id,0.23200000000000001,1,True,
benchmark,169,q1_user_by_id,0.1948,1,True,
benchmark,170,q1_user_by_id,0.2205,1,True,
benchmark,171,q1_user_by_id,0.2195,1,True,
benchmark,172,q1_user_by_id,0.24959999999999999,1,True,
benchmark,173,q1_user_by_id,0.20960000000000001,1,True,
benchmark,174,q1_user_by_id,0.20549999999999999,1,True,
benchmark,175,q1_user_by_id,0.19120000000000001,1,True,
benchmark,176,q1_user_by_id,0.23680000000000001,1,True,
benchmark,177,q1_user_by_id,0.20930000000000001,1,True,
benchmark,178,q1_user_by_id,0.52710000000000001,1,True,
benchmark,179,q1_user_by_id,0.2031,1,True,
benchmark,180,q1_user_by_id,0.21010000000000001,1,True,
benchmark,181,q1_user_by_id,0.20930000000000001,1,True,
benchmark,182,q1_user_by_id,0.19950000000000001,1,True,
benchmark,183,q1_user_by_id,0.20799999999999999,1,True,
benchmark,184,q1_user_by_id,0.19950000000000001,1,True,
benchmark,185,q1_user_by_id,0.19850000000000001,1,True,
benchmark,186,q1_user_by_id,0.21049999999999999,1,True,
benchmark,187,q1_user_by_id,0.1925,1,True,
benchmark,188,q1_user_by_id,0.20730000000000001,1,True,
benchmark,189,q1_user_by_id,0.19389999999999999,1,True,
benchmark,190,q1_user_by_id,0.1812,1,True,
benchmark,191,q1_user_by_id,0.19570000000000001,1,True,
benchmark,192,q1_user_by_id,0.2044,1,True,
benchmark,193,q1_user_by_id,0.2064,1,True,
benchmark,194,q1_user_by_id,0.20930000000000001,1,True,
benchmark,195,q1_user_by_id,0.20599999999999999,1,True,
benchmark,196,q1_user_by_id,0.19220000000000001,1,True,
benchmark,197,q1_user_by_id,0.20219999999999999,1,True,
benchmark,198,q1_user_by_id,0.19819999999999999,1,True,
benchmark,199,q1_user_by_id,0.189,1,True,
benchmark,200,q1_user_by_id,0.1875,1,True,
benchmark,201,q1_user_by_id,0.70240000000000002,1,True,
benchmark,202,q1_user_by_id,0.26400000000000001,1,True,
benchmark,203,q1_user_by_id,0.2571,1,True,
benchmark,204,q1_user_by_id,0.25319999999999998,1,True,
benchmark,205,q1_user_by_id,0.21290000000000001,1,True,
benchmark,206,q1_user_by_id,0.249,1,True,
benchmark,207,q1_user_by_id,0.27460000000000001,1,True,
benchmark,208,q1_user_by_id,0.2029,1,True,
benchmark,209,q1_user_by_id,0.21079999999999999,1,True,
benchmark,210,q1_user_by_id,0.223,1,True,
benchmark,211,q1_user_by_id,0.192,1,True,
benchmark,212,q1_user_by_id,0.20660000000000001,1,True,
benchmark,213,q1_user_by_id,0.22140000000000001,1,True,
benchmark,214,q1_user_by_id,0.2019,1,True,
benchmark,215,q1_user_by_id,0.2087,1,True,
benchmark,216,q1_user_by_id,0.21340000000000001,1,True,
benchmark,217,q1_user_by_id,0.1857,1,True,
benchmark,218,q1_user_by_id,0.191,1,True,
benchmark,219,q1_user_by_id,0.20399999999999999,1,True,
benchmark,220,q1_user_by_id,0.217,1,True,
benchmark,221,q1_user_by_id,0.19850000000000001,1,True,
benchmark,222,q1_user_by_id,0.2205,1,True,
benchmark,223,q1_user_by_id,0.27060000000000001,1,True,
benchmark,224,q1_user_by_id,0.185,1,True,
benchmark,225,q1_user_by_id,0.1956,1,True,
benchmark,226,q1_user_by_id,0.2611,1,True,
benchmark,227,q1_user_by_id,0.23089999999999999,1,True,
benchmark,228,q1_user_by_id,0.1893,1,True,
benchmark,229,q1_user_by_id,0.21629999999999999,1,True,
benchmark,230,q1_user_by_id,0.24260000000000001,1,True,
benchmark,231,q1_user_by_id,0.2152,1,True,
benchmark,232,q1_user_by_id,0.18609999999999999,1,True,
benchmark,233,q1_user_by_id,0.22470000000000001,1,True,
benchmark,234,q1_user_by_id,0.21790000000000001,1,True,
benchmark,235,q1_user_by_id,0.1835,1,True,
benchmark,236,q1_user_by_id,0.21260000000000001,1,True,
benchmark,237,q1_user_by_id,0.184,1,True,
benchmark,238,q1_user_by_id,0.1862,1,True,
benchmark,239,q1_user_by_id,0.20830000000000001,1,True,
benchmark,240,q1_user_by_id,0.2107,1,True,
benchmark,241,q1_user_by_id,0.20569999999999999,1,True,
benchmark,242,q1_user_by_id,0.22550000000000001,1,True,
benchmark,243,q1_user_by_id,0.20899999999999999,1,True,
benchmark,244,q1_user_by_id,0.19869999999999999,1,True,
benchmark,245,q1_user_by_id,0.1961,1,True,
benchmark,246,q1_user_by_id,0.19400000000000001,1,True,
benchmark,247,q1_user_by_id,0.18579999999999999,1,True,
benchmark,248,q1_user_by_id,0.21609999999999999,1,True,
benchmark,249,q1_user_by_id,0.18720000000000001,1,True,
benchmark,250,q1_user_by_id,0.2069,1,True,
benchmark,251,q1_user_by_id,0.25330000000000003,1,True,
benchmark,252,q1_user_by_id,0.2162,1,True,
benchmark,253,q1_user_by_id,0.20069999999999999,1,True,
benchmark,254,q1_user_by_id,0.192,1,True,
benchmark,255,q1_user_by_id,0.18629999999999999,1,True,
benchmark,256,q1_user_by_id,0.18770000000000001,1,True,
benchmark,257,q1_user_by_id,0.25629999999999997,1,True,
benchmark,258,q1_user_by_id,0.1845,1,True,
benchmark,259,q1_user_by_id,0.188,1,True,
benchmark,260,q1_user_by_id,0.20610000000000001,1,True,
benchmark,261,q1_user_by_id,0.18940000000000001,1,True,
benchmark,262,q1_user_by_id,0.2863,1,True,
benchmark,263,q1_user_by_id,0.23469999999999999,1,True,
benchmark,264,q1_user_by_id,0.20300000000000001,1,True,
benchmark,265,q1_user_by_id,0.221,1,True,
benchmark,266,q1_user_by_id,0.246,1,True,
benchmark,267,q1_user_by_id,0.22550000000000001,1,True,
benchmark,268,q1_user_by_id,0.2306,1,True,
benchmark,269,q1_user_by_id,0.55659999999999998,1,True,
benchmark,270,q1_user_by_id,0.20080000000000001,1,True,
benchmark,271,q1_user_by_id,0.20130000000000001,1,True,
benchmark,272,q1_user_by_id,0.2079,1,True,
benchmark,273,q1_user_by_id,0.18840000000000001,1,True,
benchmark,274,q1_user_by_id,0.188,1,True,
benchmark,275,q1_user_by_id,0.1933,1,True,
benchmark,276,q1_user_by_id,0.22170000000000001,1,True,
benchmark,277,q1_user_by_id,0.18890000000000001,1,True,
benchmark,278,q1_user_by_id,0.19889999999999999,1,True,
benchmark,279,q1_user_by_id,0.19620000000000001,1,True,
benchmark,280,q1_user_by_id,0.19520000000000001,1,True,
benchmark,281,q1_user_by_id,1.6845000000000001,1,True,
benchmark,282,q1_user_by_id,0.2132,1,True,
benchmark,283,q1_user_by_id,0.18970000000000001,1,True,
benchmark,284,q1_user_by_id,0.18340000000000001,1,True,
benchmark,285,q1_user_by_id,0.18060000000000001,1,True,
benchmark,286,q1_user_by_id,0.2099,1,True,
benchmark,287,q1_user_by_id,0.19120000000000001,1,True,
benchmark,288,q1_user_by_id,0.219,1,True,
benchmark,289,q1_user_by_id,0.23130000000000001,1,True,
benchmark,290,q1_user_by_id,0.19450000000000001,1,True,
benchmark,291,q1_user_by_id,0.18479999999999999,1,True,
benchmark,292,q1_user_by_id,0.2316,1,True,
benchmark,293,q1_user_by_id,0.184,1,True,
benchmark,294,q1_user_by_id,0.1827,1,True,
benchmark,295,q1_user_by_id,0.19550000000000001,1,True,
benchmark,296,q1_user_by_id,0.2107,1,True,
benchmark,297,q1_user_by_id,0.26960000000000001,1,True,
benchmark,298,q1_user_by_id,0.20150000000000001,1,True,
benchmark,299,q1_user_by_id,0.2092,1,True,
benchmark,300,q1_user_by_id,0.1948,1,True,
benchmark,301,q1_user_by_id,0.7127,1,True,
benchmark,302,q1_user_by_id,0.27400000000000002,1,True,
benchmark,303,q1_user_by_id,0.22800000000000001,1,True,
benchmark,304,q1_user_by_id,0.1923,1,True,
benchmark,305,q1_user_by_id,0.20000000000000001,1,True,
benchmark,306,q1_user_by_id,0.22420000000000001,1,True,
benchmark,307,q1_user_by_id,0.1981,1,True,
benchmark,308,q1_user_by_id,0.19969999999999999,1,True,
benchmark,309,q1_user_by_id,0.18690000000000001,1,True,
benchmark,310,q1_user_by_id,0.1996,1,True,
benchmark,311,q1_user_by_id,0.1845,1,True,
benchmark,312,q1_user_by_id,0.21310000000000001,1,True,
benchmark,313,q1_user_by_id,0.19070000000000001,1,True,
benchmark,314,q1_user_by_id,0.1726,1,True,
benchmark,315,q1_user_by_id,0.16919999999999999,1,True,
benchmark,316,q1_user_by_id,0.19209999999999999,1,True,
benchmark,317,q1_user_by_id,0.23150000000000001,1,True,
benchmark,318,q1_user_by_id,0.22939999999999999,1,True,
benchmark,319,q1_user_by_id,0.2253,1,True,
benchmark,320,q1_user_by_id,0.26500000000000001,1,True,
benchmark,321,q1_user_by_id,0.19470000000000001,1,True,
benchmark,322,q1_user_by_id,0.28029999999999999,1,True,
benchmark,323,q1_user_by_id,0.22500000000000001,1,True,
benchmark,324,q1_user_by_id,0.20780000000000001,1,True,
benchmark,325,q1_user_by_id,0.2092,1,True,
benchmark,326,q1_user_by_id,0.20810000000000001,1,True,
benchmark,327,q1_user_by_id,0.1835,1,True,
benchmark,328,q1_user_by_id,0.19159999999999999,1,True,
benchmark,329,q1_user_by_id,0.18859999999999999,1,True,
benchmark,330,q1_user_by_id,0.19819999999999999,1,True,
benchmark,331,q1_user_by_id,0.20760000000000001,1,True,
benchmark,332,q1_user_by_id,0.19839999999999999,1,True,
benchmark,333,q1_user_by_id,0.51349999999999996,1,True,
benchmark,334,q1_user_by_id,0.20749999999999999,1,True,
benchmark,335,q1_user_by_id,0.185,1,True,
benchmark,336,q1_user_by_id,0.18160000000000001,1,True,
benchmark,337,q1_user_by_id,0.19800000000000001,1,True,
benchmark,338,q1_user_by_id,0.2064,1,True,
benchmark,339,q1_user_by_id,0.20080000000000001,1,True,
benchmark,340,q1_user_by_id,0.2056,1,True,
benchmark,341,q1_user_by_id,0.1827,1,True,
benchmark,342,q1_user_by_id,0.2001,1,True,
benchmark,343,q1_user_by_id,0.19739999999999999,1,True,
benchmark,344,q1_user_by_id,0.18509999999999999,1,True,
benchmark,345,q1_user_by_id,0.1976,1,True,
benchmark,346,q1_user_by_id,0.20150000000000001,1,True,
benchmark,347,q1_user_by_id,0.45889999999999997,1,True,
benchmark,348,q1_user_by_id,0.1855,1,True,
benchmark,349,q1_user_by_id,0.183,1,True,
benchmark,350,q1_user_by_id,0.18099999999999999,1,True,
benchmark,351,q1_user_by_id,0.2697,1,True,
benchmark,352,q1_user_by_id,0.1888,1,True,
benchmark,353,q1_user_by_id,0.23180000000000001,1,True,
benchmark,354,q1_user_by_id,0.19950000000000001,1,True,
benchmark,355,q1_user_by_id,0.19769999999999999,1,True,
benchmark,356,q1_user_by_id,0.2334,1,True,
benchmark,357,q1_user_by_id,0.1981,1,True,
benchmark,358,q1_user_by_id,0.17649999999999999,1,True,
benchmark,359,q1_user_by_id,0.23080000000000001,1,True,
benchmark,360,q1_user_by_id,0.52790000000000004,1,True,
benchmark,361,q1_user_by_id,0.2006,1,True,
benchmark,362,q1_user_by_id,0.2175,1,True,
benchmark,363,q1_user_by_id,0.19769999999999999,1,True,
benchmark,364,q1_user_by_id,0.20150000000000001,1,True,
benchmark,365,q1_user_by_id,0.20499999999999999,1,True,
benchmark,366,q1_user_by_id,0.19370000000000001,1,True,
benchmark,367,q1_user_by_id,0.20200000000000001,1,True,
benchmark,368,q1_user_by_id,0.189,1,True,
benchmark,369,q1_user_by_id,0.17979999999999999,1,True,
benchmark,370,q1_user_by_id,0.20369999999999999,1,True,
benchmark,371,q1_user_by_id,0.1842,1,True,
benchmark,372,q1_user_by_id,0.19370000000000001,1,True,
benchmark,373,q1_user_by_id,0.1915,1,True,
benchmark,374,q1_user_by_id,0.20000000000000001,1,True,
benchmark,375,q1_user_by_id,0.18410000000000001,1,True,
benchmark,376,q1_user_by_id,0.18870000000000001,1,True,
benchmark,377,q1_user_by_id,0.19719999999999999,1,True,
benchmark,378,q1_user_by_id,0.1981,1,True,
benchmark,379,q1_user_by_id,0.18559999999999999,1,True,
benchmark,380,q1_user_by_id,0.18779999999999999,1,True,
benchmark,381,q1_user_by_id,0.18820000000000001,1,True,
benchmark,382,q1_user_by_id,0.19120000000000001,1,True,
benchmark,383,q1_user_by_id,0.222,1,True,
benchmark,384,q1_user_by_id,0.19020000000000001,1,True,
benchmark,385,q1_user_by_id,0.18690000000000001,1,True,
benchmark,386,q1_user_by_id,0.19670000000000001,1,True,
benchmark,387,q1_user_by_id,0.19589999999999999,1,True,
benchmark,388,q1_user_by_id,0.21190000000000001,1,True,
benchmark,389,q1_user_by_id,0.19620000000000001,1,True,
benchmark,390,q1_user_by_id,0.17999999999999999,1,True,
benchmark,391,q1_user_by_id,0.1865,1,True,
benchmark,392,q1_user_by_id,0.1938,1,True,
benchmark,393,q1_user_by_id,0.255,1,True,
benchmark,394,q1_user_by_id,0.26779999999999998,1,True,
benchmark,395,q1_user_by_id,0.19270000000000001,1,True,
benchmark,396,q1_user_by_id,0.24329999999999999,1,True,
benchmark,397,q1_user_by_id,0.19359999999999999,1,True,
benchmark,398,q1_user_by_id,0.1908,1,True,
benchmark,399,q1_user_by_id,0.1946,1,True,
benchmark,400,q1_user_by_id,0.30890000000000001,1,True,
benchmark,401,q1_user_by_id,0.60040000000000004,1,True,
benchmark,402,q1_user_by_id,0.24360000000000001,1,True,
benchmark,403,q1_user_by_id,0.23719999999999999,1,True,
benchmark,404,q1_user_by_id,0.23150000000000001,1,True,
benchmark,405,q1_user_by_id,0.2303,1,True,
benchmark,406,q1_user_by_id,0.21379999999999999,1,True,
benchmark,407,q1_user_by_id,0.18720000000000001,1,True,
benchmark,408,q1_user_by_id,0.2281,1,True,
benchmark,409,q1_user_by_id,0.52110000000000001,1,True,
benchmark,410,q1_user_by_id,0.19850000000000001,1,True,
benchmark,411,q1_user_by_id,0.2382,1,True,
benchmark,412,q1_user_by_id,0.18540000000000001,1,True,
benchmark,413,q1_user_by_id,0.2135,1,True,
benchmark,414,q1_user_by_id,0.20349999999999999,1,True,
benchmark,415,q1_user_by_id,0.18990000000000001,1,True,
benchmark,416,q1_user_by_id,0.4955,1,True,
benchmark,417,q1_user_by_id,0.22850000000000001,1,True,
benchmark,418,q1_user_by_id,0.20799999999999999,1,True,
benchmark,419,q1_user_by_id,0.23699999999999999,1,True,
benchmark,420,q1_user_by_id,0.19850000000000001,1,True,
benchmark,421,q1_user_by_id,0.2054,1,True,
benchmark,422,q1_user_by_id,0.22189999999999999,1,True,
benchmark,423,q1_user_by_id,0.25650000000000001,1,True,
benchmark,424,q1_user_by_id,0.23280000000000001,1,True,
benchmark,425,q1_user_by_id,0.31209999999999999,1,True,
benchmark,426,q1_user_by_id,0.22520000000000001,1,True,
benchmark,427,q1_user_by_id,0.19320000000000001,1,True,
benchmark,428,q1_user_by_id,0.18240000000000001,1,True,
benchmark,429,q1_user_by_id,0.20200000000000001,1,True,
benchmark,430,q1_user_by_id,0.19950000000000001,1,True,
benchmark,431,q1_user_by_id,0.20100000000000001,1,True,
benchmark,432,q1_user_by_id,0.1953,1,True,
benchmark,433,q1_user_by_id,0.19620000000000001,1,True,
benchmark,434,q1_user_by_id,0.21179999999999999,1,True,
benchmark,435,q1_user_by_id,0.193,1,True,
benchmark,436,q1_user_by_id,0.1888,1,True,
benchmark,437,q1_user_by_id,0.191,1,True,
benchmark,438,q1_user_by_id,0.18720000000000001,1,True,
benchmark,439,q1_user_by_id,0.18870000000000001,1,True,
benchmark,440,q1_user_by_id,0.23749999999999999,1,True,
benchmark,441,q1_user_by_id,0.19450000000000001,1,True,
benchmark,442,q1_user_by_id,0.191,1,True,
benchmark,443,q1_user_by_id,0.18779999999999999,1,True,
benchmark,444,q1_user_by_id,0.1928,1,True,
benchmark,445,q1_user_by_id,0.18779999999999999,1,True,
benchmark,446,q1_user_by_id,0.17680000000000001,1,True,
benchmark,447,q1_user_by_id,0.189,1,True,
benchmark,448,q1_user_by_id,0.2195,1,True,
benchmark,449,q1_user_by_id,0.18260000000000001,1,True,
benchmark,450,q1_user_by_id,0.19789999999999999,1,True,
benchmark,451,q1_user_by_id,0.2742,1,True,
benchmark,452,q1_user_by_id,0.20979999999999999,1,True,
benchmark,453,q1_user_by_id,0.19370000000000001,1,True,
benchmark,454,q1_user_by_id,0.22770000000000001,1,True,
benchmark,455,q1_user_by_id,0.20630000000000001,1,True,
benchmark,456,q1_user_by_id,0.1832,1,True,
benchmark,457,q1_user_by_id,0.22800000000000001,1,True,
benchmark,458,q1_user_by_id,0.19939999999999999,1,True,
benchmark,459,q1_user_by_id,0.20100000000000001,1,True,
benchmark,460,q1_user_by_id,0.22919999999999999,1,True,
benchmark,461,q1_user_by_id,0.191,1,True,
benchmark,462,q1_user_by_id,0.2273,1,True,
benchmark,463,q1_user_by_id,0.2049,1,True,
benchmark,464,q1_user_by_id,0.189,1,True,
benchmark,465,q1_user_by_id,0.23699999999999999,1,True,
benchmark,466,q1_user_by_id,0.19520000000000001,1,True,
benchmark,467,q1_user_by_id,0.20419999999999999,1,True,
benchmark,468,q1_user_by_id,0.19939999999999999,1,True,
benchmark,469,q1_user_by_id,0.18770000000000001,1,True,
benchmark,470,q1_user_by_id,0.49130000000000001,1,True,
benchmark,471,q1_user_by_id,0.1913,1,True,
benchmark,472,q1_user_by_id,0.2034,1,True,
benchmark,473,q1_user_by_id,0.19350000000000001,1,True,
benchmark,474,q1_user_by_id,0.18559999999999999,1,True,
benchmark,475,q1_user_by_id,0.1925,1,True,
benchmark,476,q1_user_by_id,0.18909999999999999,1,True,
benchmark,477,q1_user_by_id,0.19409999999999999,1,True,
benchmark,478,q1_user_by_id,0.19109999999999999,1,True,
benchmark,479,q1_user_by_id,0.2087,1,True,
benchmark,480,q1_user_by_id,0.184,1,True,
benchmark,481,q1_user_by_id,0.19270000000000001,1,True,
benchmark,482,q1_user_by_id,0.20399999999999999,1,True,
benchmark,483,q1_user_by_id,0.19819999999999999,1,True,
benchmark,484,q1_user_by_id,0.18770000000000001,1,True,
benchmark,485,q1_user_by_id,0.18679999999999999,1,True,
benchmark,486,q1_user_by_id,0.19320000000000001,1,True,
benchmark,487,q1_user_by_id,0.47239999999999999,1,True,
benchmark,488,q1_user_by_id,0.1842,1,True,
benchmark,489,q1_user_by_id,0.17899999999999999,1,True,
benchmark,490,q1_user_by_id,0.2087,1,True,
benchmark,491,q1_user_by_id,0.19520000000000001,1,True,
benchmark,492,q1_user_by_id,0.192,1,True,
benchmark,493,q1_user_by_id,0.18859999999999999,1,True,
benchmark,494,q1_user_by_id,0.2072,1,True,
benchmark,495,q1_user_by_id,0.2223,1,True,
benchmark,496,q1_user_by_id,0.18190000000000001,1,True,
benchmark,497,q1_user_by_id,0.1925,1,True,
benchmark,498,q1_user_by_id,0.20080000000000001,1,True,
benchmark,499,q1_user_by_id,0.23269999999999999,1,True,
benchmark,500,q1_user_by_id,0.22040000000000001,1,True,
benchmark,501,q1_user_by_id,0.6885,1,True,
benchmark,502,q1_user_by_id,0.29480000000000001,1,True,
benchmark,503,q1_user_by_id,0.2742,1,True,
benchmark,504,q1_user_by_id,0.26619999999999999,1,True,
benchmark,505,q1_user_by_id,0.27079999999999999,1,True,
benchmark,506,q1_user_by_id,0.36480000000000001,1,True,
benchmark,507,q1_user_by_id,0.30640000000000001,1,True,
benchmark,508,q1_user_by_id,0.30320000000000003,1,True,
benchmark,509,q1_user_by_id,0.25609999999999999,1,True,
benchmark,510,q1_user_by_id,0.19259999999999999,1,True,
benchmark,511,q1_user_by_id,0.19020000000000001,1,True,
benchmark,512,q1_user_by_id,2.0047000000000001,1,True,
benchmark,513,q1_user_by_id,0.28539999999999999,1,True,
benchmark,514,q1_user_by_id,0.2387,1,True,
benchmark,515,q1_user_by_id,0.224,1,True,
benchmark,516,q1_user_by_id,0.24510000000000001,1,True,
benchmark,517,q1_user_by_id,0.19450000000000001,1,True,
benchmark,518,q1_user_by_id,0.19539999999999999,1,True,
benchmark,519,q1_user_by_id,0.17810000000000001,1,True,
benchmark,520,q1_user_by_id,0.1862,1,True,
benchmark,521,q1_user_by_id,0.21690000000000001,1,True,
benchmark,522,q1_user_by_id,0.19919999999999999,1,True,
benchmark,523,q1_user_by_id,0.1802,1,True,
benchmark,524,q1_user_by_id,0.20910000000000001,1,True,
benchmark,525,q1_user_by_id,0.19159999999999999,1,True,
benchmark,526,q1_user_by_id,0.1905,1,True,
benchmark,527,q1_user_by_id,0.1845,1,True,
benchmark,528,q1_user_by_id,0.22450000000000001,1,True,
benchmark,529,q1_user_by_id,0.2036,1,True,
benchmark,530,q1_user_by_id,0.19800000000000001,1,True,
benchmark,531,q1_user_by_id,0.21790000000000001,1,True,
benchmark,532,q1_user_by_id,0.21199999999999999,1,True,
benchmark,533,q1_user_by_id,0.182,1,True,
benchmark,534,q1_user_by_id,0.2387,1,True,
benchmark,535,q1_user_by_id,0.2172,1,True,
benchmark,536,q1_user_by_id,0.20979999999999999,1,True,
benchmark,537,q1_user_by_id,0.21299999999999999,1,True,
benchmark,538,q1_user_by_id,0.21299999999999999,1,True,
benchmark,539,q1_user_by_id,0.19450000000000001,1,True,
benchmark,540,q1_user_by_id,0.2089,1,True,
benchmark,541,q1_user_by_id,0.20200000000000001,1,True,
benchmark,542,q1_user_by_id,0.23050000000000001,1,True,
benchmark,543,q1_user_by_id,0.20130000000000001,1,True,
benchmark,544,q1_user_by_id,0.1837,1,True,
benchmark,545,q1_user_by_id,0.19170000000000001,1,True,
benchmark,546,q1_user_by_id,0.251,1,True,
benchmark,547,q1_user_by_id,0.19370000000000001,1,True,
benchmark,548,q1_user_by_id,0.25209999999999999,1,True,
benchmark,549,q1_user_by_id,0.1933,1,True,
benchmark,550,q1_user_by_id,0.193,1,True,
benchmark,551,q1_user_by_id,0.27200000000000002,1,True,
benchmark,552,q1_user_by_id,0.1822,1,True,
benchmark,553,q1_user_by_id,0.1812,1,True,
benchmark,554,q1_user_by_id,0.22989999999999999,1,True,
benchmark,555,q1_user_by_id,0.19700000000000001,1,True,
benchmark,556,q1_user_by_id,0.1903,1,True,
benchmark,557,q1_user_by_id,0.19259999999999999,1,True,
benchmark,558,q1_user_by_id,0.17979999999999999,1,True,
benchmark,559,q1_user_by_id,0.1981,1,True,
benchmark,560,q1_user_by_id,0.1835,1,True,
benchmark,561,q1_user_by_id,0.17710000000000001,1,True,
benchmark,562,q1_user_by_id,0.17050000000000001,1,True,
benchmark,563,q1_user_by_id,0.18279999999999999,1,True,
benchmark,564,q1_user_by_id,0.2072,1,True,
benchmark,565,q1_user_by_id,0.1837,1,True,
benchmark,566,q1_user_by_id,0.20100000000000001,1,True,
benchmark,567,q1_user_by_id,0.18440000000000001,1,True,
benchmark,568,q1_user_by_id,0.1789,1,True,
benchmark,569,q1_user_by_id,0.17299999999999999,1,True,
benchmark,570,q1_user_by_id,0.1797,1,True,
benchmark,571,q1_user_by_id,0.19,1,True,
benchmark,572,q1_user_by_id,0.21590000000000001,1,True,
benchmark,573,q1_user_by_id,0.26379999999999998,1,True,
benchmark,574,q1_user_by_id,0.25309999999999999,1,True,
benchmark,575,q1_user_by_id,0.21740000000000001,1,True,
benchmark,576,q1_user_by_id,0.20949999999999999,1,True,
benchmark,577,q1_user_by_id,0.2576,1,True,
benchmark,578,q1_user_by_id,0.25,1,True,
benchmark,579,q1_user_by_id,0.24079999999999999,1,True,
benchmark,580,q1_user_by_id,0.1817,1,True,
benchmark,581,q1_user_by_id,0.19819999999999999,1,True,
benchmark,582,q1_user_by_id,0.184,1,True,
benchmark,583,q1_user_by_id,0.19270000000000001,1,True,
benchmark,584,q1_user_by_id,0.19639999999999999,1,True,
benchmark,585,q1_user_by_id,0.19650000000000001,1,True,
benchmark,586,q1_user_by_id,0.21759999999999999,1,True,
benchmark,587,q1_user_by_id,0.19120000000000001,1,True,
benchmark,588,q1_user_by_id,0.1991,1,True,
benchmark,589,q1_user_by_id,0.19239999999999999,1,True,
benchmark,590,q1_user_by_id,0.1842,1,True,
benchmark,591,q1_user_by_id,0.19620000000000001,1,True,
benchmark,592,q1_user_by_id,0.20619999999999999,1,True,
benchmark,593,q1_user_by_id,0.19220000000000001,1,True,
benchmark,594,q1_user_by_id,0.17899999999999999,1,True,
benchmark,595,q1_user_by_id,0.1822,1,True,
benchmark,596,q1_user_by_id,0.219,1,True,
benchmark,597,q1_user_by_id,0.1895,1,True,
benchmark,598,q1_user_by_id,0.1915,1,True,
benchmark,599,q1_user_by_id,0.17849999999999999,1,True,
benchmark,600,q1_user_by_id,0.18540000000000001,1,True,
benchmark,601,q1_user_by_id,0.57020000000000004,1,True,
benchmark,602,q1_user_by_id,0.26989999999999997,1,True,
benchmark,603,q1_user_by_id,0.23519999999999999,1,True,
benchmark,604,q1_user_by_id,0.2487,1,True,
benchmark,605,q1_user_by_id,0.19800000000000001,1,True,
benchmark,606,q1_user_by_id,0.20069999999999999,1,True,
benchmark,607,q1_user_by_id,0.2021,1,True,
benchmark,608,q1_user_by_id,0.23130000000000001,1,True,
benchmark,609,q1_user_by_id,0.19850000000000001,1,True,
benchmark,610,q1_user_by_id,0.2404,1,True,
benchmark,611,q1_user_by_id,0.1855,1,True,
benchmark,612,q1_user_by_id,0.18110000000000001,1,True,
benchmark,613,q1_user_by_id,0.20130000000000001,1,True,
benchmark,614,q1_user_by_id,0.20469999999999999,1,True,
benchmark,615,q1_user_by_id,0.184,1,True,
benchmark,616,q1_user_by_id,0.19769999999999999,1,True,
benchmark,617,q1_user_by_id,0.17560000000000001,1,True,
benchmark,618,q1_user_by_id,0.17219999999999999,1,True,
benchmark,619,q1_user_by_id,0.19359999999999999,1,True,
benchmark,620,q1_user_by_id,0.27250000000000002,1,True,
benchmark,621,q1_user_by_id,0.22239999999999999,1,True,
benchmark,622,q1_user_by_id,0.21199999999999999,1,True,
benchmark,623,q1_user_by_id,0.19089999999999999,1,True,
benchmark,624,q1_user_by_id,0.18129999999999999,1,True,
benchmark,625,q1_user_by_id,0.19989999999999999,1,True,
benchmark,626,q1_user_by_id,0.255,1,True,
benchmark,627,q1_user_by_id,0.19359999999999999,1,True,
benchmark,628,q1_user_by_id,0.2344,1,True,
benchmark,629,q1_user_by_id,0.22389999999999999,1,True,
benchmark,630,q1_user_by_id,0.31580000000000003,1,True,
benchmark,631,q1_user_by_id,0.2576,1,True,
benchmark,632,q1_user_by_id,0.2591,1,True,
benchmark,633,q1_user_by_id,0.33410000000000001,1,True,
benchmark,634,q1_user_by_id,0.25819999999999999,1,True,
benchmark,635,q1_user_by_id,0.18940000000000001,1,True,
benchmark,636,q1_user_by_id,0.1895,1,True,
benchmark,637,q1_user_by_id,0.1802,1,True,
benchmark,638,q1_user_by_id,0.18360000000000001,1,True,
benchmark,639,q1_user_by_id,0.192,1,True,
benchmark,640,q1_user_by_id,0.1961,1,True,
benchmark,641,q1_user_by_id,0.22170000000000001,1,True,
benchmark,642,q1_user_by_id,0.1933,1,True,
benchmark,643,q1_user_by_id,0.19040000000000001,1,True,
benchmark,644,q1_user_by_id,0.1865,1,True,
benchmark,645,q1_user_by_id,0.18820000000000001,1,True,
benchmark,646,q1_user_by_id,0.185,1,True,
benchmark,647,q1_user_by_id,0.18160000000000001,1,True,
benchmark,648,q1_user_by_id,0.1797,1,True,
benchmark,649,q1_user_by_id,0.1804,1,True,
benchmark,650,q1_user_by_id,0.18509999999999999,1,True,
benchmark,651,q1_user_by_id,0.29289999999999999,1,True,
benchmark,652,q1_user_by_id,0.20680000000000001,1,True,
benchmark,653,q1_user_by_id,0.20039999999999999,1,True,
benchmark,654,q1_user_by_id,0.22900000000000001,1,True,
benchmark,655,q1_user_by_id,0.22869999999999999,1,True,
benchmark,656,q1_user_by_id,0.20349999999999999,1,True,
benchmark,657,q1_user_by_id,0.1925,1,True,
benchmark,658,q1_user_by_id,0.19350000000000001,1,True,
benchmark,659,q1_user_by_id,0.2097,1,True,
benchmark,660,q1_user_by_id,0.18579999999999999,1,True,
benchmark,661,q1_user_by_id,0.18840000000000001,1,True,
benchmark,662,q1_user_by_id,0.20399999999999999,1,True,
benchmark,663,q1_user_by_id,0.22720000000000001,1,True,
benchmark,664,q1_user_by_id,0.21129999999999999,1,True,
benchmark,665,q1_user_by_id,0.19170000000000001,1,True,
benchmark,666,q1_user_by_id,0.2135,1,True,
benchmark,667,q1_user_by_id,0.21729999999999999,1,True,
benchmark,668,q1_user_by_id,0.18909999999999999,1,True,
benchmark,669,q1_user_by_id,0.23119999999999999,1,True,
benchmark,670,q1_user_by_id,0.24929999999999999,1,True,
benchmark,671,q1_user_by_id,0.20669999999999999,1,True,
benchmark,672,q1_user_by_id,0.22639999999999999,1,True,
benchmark,673,q1_user_by_id,0.2059,1,True,
benchmark,674,q1_user_by_id,0.19969999999999999,1,True,
benchmark,675,q1_user_by_id,0.22370000000000001,1,True,
benchmark,676,q1_user_by_id,0.2155,1,True,
benchmark,677,q1_user_by_id,0.221,1,True,
benchmark,678,q1_user_by_id,0.18770000000000001,1,True,
benchmark,679,q1_user_by_id,0.18360000000000001,1,True,
benchmark,680,q1_user_by_id,0.2014,1,True,
benchmark,681,q1_user_by_id,0.22239999999999999,1,True,
benchmark,682,q1_user_by_id,0.20949999999999999,1,True,
benchmark,683,q1_user_by_id,0.217,1,True,
benchmark,684,q1_user_by_id,0.18759999999999999,1,True,
benchmark,685,q1_user_by_id,0.21149999999999999,1,True,
benchmark,686,q1_user_by_id,0.18920000000000001,1,True,
benchmark,687,q1_user_by_id,0.19059999999999999,1,True,
benchmark,688,q1_user_by_id,0.1867,1,True,
benchmark,689,q1_user_by_id,0.1835,1,True,
benchmark,690,q1_user_by_id,0.20860000000000001,1,True,
benchmark,691,q1_user_by_id,0.17879999999999999,1,True,
benchmark,692,q1_user_by_id,0.1827,1,True,
benchmark,693,q1_user_by_id,0.1825,1,True,
benchmark,694,q1_user_by_id,0.18160000000000001,1,True,
benchmark,695,q1_user_by_id,0.17519999999999999,1,True,
benchmark,696,q1_user_by_id,0.19739999999999999,1,True,
benchmark,697,q1_user_by_id,0.17760000000000001,1,True,
benchmark,698,q1_user_by_id,0.17399999999999999,1,True,
benchmark,699,q1_user_by_id,0.18379999999999999,1,True,
benchmark,700,q1_user_by_id,0.17480000000000001,1,True,
benchmark,701,q1_user_by_id,0.72170000000000001,1,True,
benchmark,702,q1_user_by_id,0.24690000000000001,1,True,
benchmark,703,q1_user_by_id,0.1928,1,True,
benchmark,704,q1_user_by_id,0.18590000000000001,1,True,
benchmark,705,q1_user_by_id,0.19900000000000001,1,True,
benchmark,706,q1_user_by_id,0.189,1,True,
benchmark,707,q1_user_by_id,0.2132,1,True,
benchmark,708,q1_user_by_id,0.2417,1,True,
benchmark,709,q1_user_by_id,0.19500000000000001,1,True,
benchmark,710,q1_user_by_id,0.2117,1,True,
benchmark,711,q1_user_by_id,0.1857,1,True,
benchmark,712,q1_user_by_id,0.49490000000000001,1,True,
benchmark,713,q1_user_by_id,0.183,1,True,
benchmark,714,q1_user_by_id,0.20999999999999999,1,True,
benchmark,715,q1_user_by_id,0.1767,1,True,
benchmark,716,q1_user_by_id,0.223,1,True,
benchmark,717,q1_user_by_id,0.19869999999999999,1,True,
benchmark,718,q1_user_by_id,0.27410000000000001,1,True,
benchmark,719,q1_user_by_id,0.2467,1,True,
benchmark,720,q1_user_by_id,0.1862,1,True,
benchmark,721,q1_user_by_id,0.182,1,True,
benchmark,722,q1_user_by_id,0.17849999999999999,1,True,
benchmark,723,q1_user_by_id,0.18970000000000001,1,True,
benchmark,724,q1_user_by_id,0.17150000000000001,1,True,
benchmark,725,q1_user_by_id,0.2072,1,True,
benchmark,726,q1_user_by_id,0.18970000000000001,1,True,
benchmark,727,q1_user_by_id,0.183,1,True,
benchmark,728,q1_user_by_id,0.19950000000000001,1,True,
benchmark,729,q1_user_by_id,0.1976,1,True,
benchmark,730,q1_user_by_id,0.1845,1,True,
benchmark,731,q1_user_by_id,0.18629999999999999,1,True,
benchmark,732,q1_user_by_id,0.17399999999999999,1,True,
benchmark,733,q1_user_by_id,0.20230000000000001,1,True,
benchmark,734,q1_user_by_id,0.17399999999999999,1,True,
benchmark,735,q1_user_by_id,0.17999999999999999,1,True,
benchmark,736,q1_user_by_id,0.21010000000000001,1,True,
benchmark,737,q1_user_by_id,0.1711,1,True,
benchmark,738,q1_user_by_id,0.17319999999999999,1,True,
benchmark,739,q1_user_by_id,0.17069999999999999,1,True,
benchmark,740,q1_user_by_id,0.18629999999999999,1,True,
benchmark,741,q1_user_by_id,0.19550000000000001,1,True,
benchmark,742,q1_user_by_id,0.187,1,True,
benchmark,743,q1_user_by_id,0.16850000000000001,1,True,
benchmark,744,q1_user_by_id,0.18129999999999999,1,True,
benchmark,745,q1_user_by_id,0.19040000000000001,1,True,
benchmark,746,q1_user_by_id,0.17580000000000001,1,True,
benchmark,747,q1_user_by_id,0.2046,1,True,
benchmark,748,q1_user_by_id,0.17169999999999999,1,True,
benchmark,749,q1_user_by_id,0.18679999999999999,1,True,
benchmark,750,q1_user_by_id,0.2082,1,True,
benchmark,751,q1_user_by_id,0.2447,1,True,
benchmark,752,q1_user_by_id,0.18179999999999999,1,True,
benchmark,753,q1_user_by_id,0.1857,1,True,
benchmark,754,q1_user_by_id,0.23569999999999999,1,True,
benchmark,755,q1_user_by_id,0.2127,1,True,
benchmark,756,q1_user_by_id,0.28860000000000002,1,True,
benchmark,757,q1_user_by_id,0.25600000000000001,1,True,
benchmark,758,q1_user_by_id,0.2742,1,True,
benchmark,759,q1_user_by_id,0.22650000000000001,1,True,
benchmark,760,q1_user_by_id,0.24379999999999999,1,True,
benchmark,761,q1_user_by_id,0.2475,1,True,
benchmark,762,q1_user_by_id,0.22070000000000001,1,True,
benchmark,763,q1_user_by_id,0.1918,1,True,
benchmark,764,q1_user_by_id,0.19500000000000001,1,True,
benchmark,765,q1_user_by_id,0.17949999999999999,1,True,
benchmark,766,q1_user_by_id,0.1714,1,True,
benchmark,767,q1_user_by_id,0.1762,1,True,
benchmark,768,q1_user_by_id,0.17130000000000001,1,True,
benchmark,769,q1_user_by_id,0.1983,1,True,
benchmark,770,q1_user_by_id,0.191,1,True,
benchmark,771,q1_user_by_id,0.19769999999999999,1,True,
benchmark,772,q1_user_by_id,0.17649999999999999,1,True,
benchmark,773,q1_user_by_id,0.17469999999999999,1,True,
benchmark,774,q1_user_by_id,0.1666,1,True,
benchmark,775,q1_user_by_id,0.2235,1,True,
benchmark,776,q1_user_by_id,0.17510000000000001,1,True,
benchmark,777,q1_user_by_id,0.18090000000000001,1,True,
benchmark,778,q1_user_by_id,0.18790000000000001,1,True,
benchmark,779,q1_user_by_id,0.25530000000000003,1,True,
benchmark,780,q1_user_by_id,0.1741,1,True,
benchmark,781,q1_user_by_id,0.18640000000000001,1,True,
benchmark,782,q1_user_by_id,0.20610000000000001,1,True,
benchmark,783,q1_user_by_id,0.17150000000000001,1,True,
benchmark,784,q1_user_by_id,0.20569999999999999,1,True,
benchmark,785,q1_user_by_id,0.20119999999999999,1,True,
benchmark,786,q1_user_by_id,0.1726,1,True,
benchmark,787,q1_user_by_id,0.1923,1,True,
benchmark,788,q1_user_by_id,0.17380000000000001,1,True,
benchmark,789,q1_user_by_id,0.20100000000000001,1,True,
benchmark,790,q1_user_by_id,0.2084,1,True,
benchmark,791,q1_user_by_id,0.2155,1,True,
benchmark,792,q1_user_by_id,0.1724,1,True,
benchmark,793,q1_user_by_id,0.17080000000000001,1,True,
benchmark,794,q1_user_by_id,0.19800000000000001,1,True,
benchmark,795,q1_user_by_id,0.186,1,True,
benchmark,796,q1_user_by_id,0.21110000000000001,1,True,
benchmark,797,q1_user_by_id,0.23549999999999999,1,True,
benchmark,798,q1_user_by_id,0.20949999999999999,1,True,
benchmark,799,q1_user_by_id,0.2026,1,True,
benchmark,800,q1_user_by_id,0.22459999999999999,1,True,
benchmark,801,q1_user_by_id,0.74570000000000003,1,True,
benchmark,802,q1_user_by_id,0.25840000000000002,1,True,
benchmark,803,q1_user_by_id,0.24030000000000001,1,True,
benchmark,804,q1_user_by_id,0.19700000000000001,1,True,
benchmark,805,q1_user_by_id,0.1792,1,True,
benchmark,806,q1_user_by_id,0.1741,1,True,
benchmark,807,q1_user_by_id,0.20100000000000001,1,True,
benchmark,808,q1_user_by_id,0.17299999999999999,1,True,
benchmark,809,q1_user_by_id,0.1492,1,True,
benchmark,810,q1_user_by_id,0.14510000000000001,1,True,
benchmark,811,q1_user_by_id,0.15290000000000001,1,True,
benchmark,812,q1_user_by_id,0.17069999999999999,1,True,
benchmark,813,q1_user_by_id,0.17019999999999999,1,True,
benchmark,814,q1_user_by_id,0.16769999999999999,1,True,
benchmark,815,q1_user_by_id,0.14499999999999999,1,True,
benchmark,816,q1_user_by_id,0.1459,1,True,
benchmark,817,q1_user_by_id,0.15359999999999999,1,True,
benchmark,818,q1_user_by_id,0.15690000000000001,1,True,
benchmark,819,q1_user_by_id,0.20649999999999999,1,True,
benchmark,820,q1_user_by_id,0.1535,1,True,
benchmark,821,q1_user_by_id,0.1575,1,True,
benchmark,822,q1_user_by_id,0.1454,1,True,
benchmark,823,q1_user_by_id,0.15040000000000001,1,True,
benchmark,824,q1_user_by_id,0.21809999999999999,1,True,
benchmark,825,q1_user_by_id,0.23130000000000001,1,True,
benchmark,826,q1_user_by_id,0.1588,1,True,
benchmark,827,q1_user_by_id,0.1409,1,True,
benchmark,828,q1_user_by_id,0.1426,1,True,
benchmark,829,q1_user_by_id,0.1482,1,True,
benchmark,830,q1_user_by_id,0.15160000000000001,1,True,
benchmark,831,q1_user_by_id,0.16320000000000001,1,True,
benchmark,832,q1_user_by_id,0.17330000000000001,1,True,
benchmark,833,q1_user_by_id,0.15759999999999999,1,True,
benchmark,834,q1_user_by_id,0.19420000000000001,1,True,
benchmark,835,q1_user_by_id,0.2777,1,True,
benchmark,836,q1_user_by_id,0.1406,1,True,
benchmark,837,q1_user_by_id,0.1573,1,True,
benchmark,838,q1_user_by_id,0.159,1,True,
benchmark,839,q1_user_by_id,0.15240000000000001,1,True,
benchmark,840,q1_user_by_id,0.15260000000000001,1,True,
benchmark,841,q1_user_by_id,0.15559999999999999,1,True,
benchmark,842,q1_user_by_id,0.1457,1,True,
benchmark,843,q1_user_by_id,0.16300000000000001,1,True,
benchmark,844,q1_user_by_id,0.14219999999999999,1,True,
benchmark,845,q1_user_by_id,0.14299999999999999,1,True,
benchmark,846,q1_user_by_id,0.14949999999999999,1,True,
benchmark,847,q1_user_by_id,0.14050000000000001,1,True,
benchmark,848,q1_user_by_id,0.1547,1,True,
benchmark,849,q1_user_by_id,0.14269999999999999,1,True,
benchmark,850,q1_user_by_id,0.14360000000000001,1,True,
benchmark,851,q1_user_by_id,0.25469999999999998,1,True,
benchmark,852,q1_user_by_id,0.1933,1,True,
benchmark,853,q1_user_by_id,0.1789,1,True,
benchmark,854,q1_user_by_id,0.1701,1,True,
benchmark,855,q1_user_by_id,0.1799,1,True,
benchmark,856,q1_user_by_id,0.19120000000000001,1,True,
benchmark,857,q1_user_by_id,0.1764,1,True,
benchmark,858,q1_user_by_id,0.184,1,True,
benchmark,859,q1_user_by_id,0.17730000000000001,1,True,
benchmark,860,q1_user_by_id,0.18540000000000001,1,True,
benchmark,861,q1_user_by_id,0.18410000000000001,1,True,
benchmark,862,q1_user_by_id,0.1726,1,True,
benchmark,863,q1_user_by_id,0.19089999999999999,1,True,
benchmark,864,q1_user_by_id,0.17799999999999999,1,True,
benchmark,865,q1_user_by_id,0.18290000000000001,1,True,
benchmark,866,q1_user_by_id,0.1749,1,True,
benchmark,867,q1_user_by_id,0.17799999999999999,1,True,
benchmark,868,q1_user_by_id,0.22850000000000001,1,True,
benchmark,869,q1_user_by_id,0.19189999999999999,1,True,
benchmark,870,q1_user_by_id,0.18340000000000001,1,True,
benchmark,871,q1_user_by_id,0.19919999999999999,1,True,
benchmark,872,q1_user_by_id,0.2167,1,True,
benchmark,873,q1_user_by_id,0.24160000000000001,1,True,
benchmark,874,q1_user_by_id,0.1736,1,True,
benchmark,875,q1_user_by_id,0.27739999999999998,1,True,
benchmark,876,q1_user_by_id,0.22950000000000001,1,True,
benchmark,877,q1_user_by_id,0.1757,1,True,
benchmark,878,q1_user_by_id,0.18010000000000001,1,True,
benchmark,879,q1_user_by_id,0.17480000000000001,1,True,
benchmark,880,q1_user_by_id,0.18140000000000001,1,True,
benchmark,881,q1_user_by_id,0.74329999999999996,1,True,
benchmark,882,q1_user_by_id,0.20150000000000001,1,True,
benchmark,883,q1_user_by_id,0.1883,1,True,
benchmark,884,q1_user_by_id,0.17780000000000001,1,True,
benchmark,885,q1_user_by_id,0.18290000000000001,1,True,
benchmark,886,q1_user_by_id,0.1787,1,True,
benchmark,887,q1_user_by_id,0.1789,1,True,
benchmark,888,q1_user_by_id,0.18140000000000001,1,True,
benchmark,889,q1_user_by_id,0.1767,1,True,
benchmark,890,q1_user_by_id,0.17610000000000001,1,True,
benchmark,891,q1_user_by_id,0.19070000000000001,1,True,
benchmark,892,q1_user_by_id,0.17419999999999999,1,True,
benchmark,893,q1_user_by_id,0.18079999999999999,1,True,
benchmark,894,q1_user_by_id,0.1764,1,True,
benchmark,895,q1_user_by_id,0.18149999999999999,1,True,
benchmark,896,q1_user_by_id,0.1754,1,True,
benchmark,897,q1_user_by_id,0.17419999999999999,1,True,
benchmark,898,q1_user_by_id,0.1953,1,True,
benchmark,899,q1_user_by_id,0.19109999999999999,1,True,
benchmark,900,q1_user_by_id,0.17829999999999999,1,True,
benchmark,901,q1_user_by_id,0.71450000000000002,1,True,
benchmark,902,q1_user_by_id,0.55469999999999997,1,True,
benchmark,903,q1_user_by_id,0.24829999999999999,1,True,
benchmark,904,q1_user_by_id,0.28520000000000001,1,True,
benchmark,905,q1_user_by_id,0.2152,1,True,
benchmark,906,q1_user_by_id,0.22220000000000001,1,True,
benchmark,907,q1_user_by_id,0.22040000000000001,1,True,
benchmark,908,q1_user_by_id,0.22009999999999999,1,True,
benchmark,909,q1_user_by_id,0.31859999999999999,1,True,
benchmark,910,q1_user_by_id,0.27500000000000002,1,True,
benchmark,911,q1_user_by_id,0.18310000000000001,1,True,
benchmark,912,q1_user_by_id,0.19719999999999999,1,True,
benchmark,913,q1_user_by_id,0.2707,1,True,
benchmark,914,q1_user_by_id,0.35360000000000003,1,True,
benchmark,915,q1_user_by_id,0.20799999999999999,1,True,
benchmark,916,q1_user_by_id,0.2165,1,True,
benchmark,917,q1_user_by_id,0.25390000000000001,1,True,
benchmark,918,q1_user_by_id,0.254,1,True,
benchmark,919,q1_user_by_id,0.19800000000000001,1,True,
benchmark,920,q1_user_by_id,0.22950000000000001,1,True,
benchmark,921,q1_user_by_id,0.2394,1,True,
benchmark,922,q1_user_by_id,0.2893,1,True,
benchmark,923,q1_user_by_id,0.30520000000000003,1,True,
benchmark,924,q1_user_by_id,0.21329999999999999,1,True,
benchmark,925,q1_user_by_id,0.29620000000000002,1,True,
benchmark,926,q1_user_by_id,0.30840000000000001,1,True,
benchmark,927,q1_user_by_id,0.2414,1,True,
benchmark,928,q1_user_by_id,0.68110000000000004,1,True,
benchmark,929,q1_user_by_id,0.214,1,True,
benchmark,930,q1_user_by_id,0.2036,1,True,
benchmark,931,q1_user_by_id,0.30099999999999999,1,True,
benchmark,932,q1_user_by_id,0.214,1,True,
benchmark,933,q1_user_by_id,0.1797,1,True,
benchmark,934,q1_user_by_id,0.17330000000000001,1,True,
benchmark,935,q1_user_by_id,0.2142,1,True,
benchmark,936,q1_user_by_id,0.33179999999999998,1,True,
benchmark,937,q1_user_by_id,0.24049999999999999,1,True,
benchmark,938,q1_user_by_id,0.25519999999999998,1,True,
benchmark,939,q1_user_by_id,0.32890000000000003,1,True,
benchmark,940,q1_user_by_id,0.25509999999999999,1,True,
benchmark,941,q1_user_by_id,0.1847,1,True,
benchmark,942,q1_user_by_id,0.23130000000000001,1,True,
benchmark,943,q1_user_by_id,0.18149999999999999,1,True,
benchmark,944,q1_user_by_id,0.2631,1,True,
benchmark,945,q1_user_by_id,0.20399999999999999,1,True,
benchmark,946,q1_user_by_id,0.2122,1,True,
benchmark,947,q1_user_by_id,0.1555,1,True,
benchmark,948,q1_user_by_id,0.17580000000000001,1,True,
benchmark,949,q1_user_by_id,0.18429999999999999,1,True,
benchmark,950,q1_user_by_id,0.1981,1,True,
benchmark,951,q1_user_by_id,0.27989999999999998,1,True,
benchmark,952,q1_user_by_id,0.16700000000000001,1,True,
benchmark,953,q1_user_by_id,0.1875,1,True,
benchmark,954,q1_user_by_id,0.27550000000000002,1,True,
benchmark,955,q1_user_by_id,0.21909999999999999,1,True,
benchmark,956,q1_user_by_id,0.2009,1,True,
benchmark,957,q1_user_by_id,0.20119999999999999,1,True,
benchmark,958,q1_user_by_id,0.29699999999999999,1,True,
benchmark,959,q1_user_by_id,0.26069999999999999,1,True,
benchmark,960,q1_user_by_id,0.1956,1,True,
benchmark,961,q1_user_by_id,0.19950000000000001,1,True,
benchmark,962,q1_user_by_id,0.30959999999999999,1,True,
benchmark,963,q1_user_by_id,0.22819999999999999,1,True,
benchmark,964,q1_user_by_id,0.2046,1,True,
benchmark,965,q1_user_by_id,0.19120000000000001,1,True,
benchmark,966,q1_user_by_id,0.21929999999999999,1,True,
benchmark,967,q1_user_by_id,0.25769999999999998,1,True,
benchmark,968,q1_user_by_id,0.23499999999999999,1,True,
benchmark,969,q1_user_by_id,0.2069,1,True,
benchmark,970,q1_user_by_id,0.22109999999999999,1,True,
benchmark,971,q1_user_by_id,0.26100000000000001,1,True,
benchmark,972,q1_user_by_id,0.23749999999999999,1,True,
benchmark,973,q1_user_by_id,0.188,1,True,
benchmark,974,q1_user_by_id,0.19750000000000001,1,True,
benchmark,975,q1_user_by_id,0.2036,1,True,
benchmark,976,q1_user_by_id,0.24879999999999999,1,True,
benchmark,977,q1_user_by_id,0.1875,1,True,
benchmark,978,q1_user_by_id,0.19550000000000001,1,True,
benchmark,979,q1_user_by_id,0.17899999999999999,1,True,
benchmark,980,q1_user_by_id,0.22170000000000001,1,True,
benchmark,981,q1_user_by_id,0.2505,1,True,
benchmark,982,q1_user_by_id,0.23730000000000001,1,True,
benchmark,983,q1_user_by_id,0.21790000000000001,1,True,
benchmark,984,q1_user_by_id,0.20419999999999999,1,True,
benchmark,985,q1_user_by_id,0.22720000000000001,1,True,
benchmark,986,q1_user_by_id,0.2505,1,True,
benchmark,987,q1_user_by_id,0.22800000000000001,1,True,
benchmark,988,q1_user_by_id,0.2024,1,True,
benchmark,989,q1_user_by_id,0.28749999999999998,1,True,
benchmark,990,q1_user_by_id,0.19009999999999999,1,True,
benchmark,991,q1_user_by_id,0.22109999999999999,1,True,
benchmark,992,q1_user_by_id,0.23730000000000001,1,True,
benchmark,993,q1_user_by_id,0.22869999999999999,1,True,
benchmark,994,q1_user_by_id,0.27779999999999999,1,True,
benchmark,995,q1_user_by_id,0.28499999999999998,1,True,
benchmark,996,q1_user_by_id,0.2329,1,True,
benchmark,997,q1_user_by_id,0.2626,1,True,
benchmark,998,q1_user_by_id,0.23169999999999999,1,True,
benchmark,999,q1_user_by_id,0.32229999999999998,1,True,
benchmark,1000,q1_user_by_id,0.22770000000000001,1,True,
benchmark,1,q3_user_by_login,0.66820000000000002,1,True,
benchmark,2,q3_user_by_login,0.26469999999999999,1,True,
benchmark,3,q3_user_by_login,0.55279999999999996,1,True,
benchmark,4,q3_user_by_login,0.20330000000000001,1,True,
benchmark,5,q3_user_by_login,0.20039999999999999,1,True,
benchmark,6,q3_user_by_login,0.20130000000000001,1,True,
benchmark,7,q3_user_by_login,0.2031,1,True,
benchmark,8,q3_user_by_login,0.1976,1,True,
benchmark,9,q3_user_by_login,0.47510000000000002,1,True,
benchmark,10,q3_user_by_login,0.18959999999999999,1,True,
benchmark,11,q3_user_by_login,0.20899999999999999,1,True,
benchmark,12,q3_user_by_login,0.18640000000000001,1,True,
benchmark,13,q3_user_by_login,0.5151,1,True,
benchmark,14,q3_user_by_login,0.1716,1,True,
benchmark,15,q3_user_by_login,0.44990000000000002,1,True,
benchmark,16,q3_user_by_login,0.18160000000000001,1,True,
benchmark,17,q3_user_by_login,0.1925,1,True,
benchmark,18,q3_user_by_login,0.18920000000000001,1,True,
benchmark,19,q3_user_by_login,0.1943,1,True,
benchmark,20,q3_user_by_login,0.1827,1,True,
benchmark,21,q3_user_by_login,0.20630000000000001,1,True,
benchmark,22,q3_user_by_login,0.19900000000000001,1,True,
benchmark,23,q3_user_by_login,0.1961,1,True,
benchmark,24,q3_user_by_login,0.18260000000000001,1,True,
benchmark,25,q3_user_by_login,0.20649999999999999,1,True,
benchmark,26,q3_user_by_login,0.19850000000000001,1,True,
benchmark,27,q3_user_by_login,0.17949999999999999,1,True,
benchmark,28,q3_user_by_login,0.18920000000000001,1,True,
benchmark,29,q3_user_by_login,0.18090000000000001,1,True,
benchmark,30,q3_user_by_login,0.20599999999999999,1,True,
benchmark,31,q3_user_by_login,0.1832,1,True,
benchmark,32,q3_user_by_login,0.186,1,True,
benchmark,33,q3_user_by_login,0.4647,1,True,
benchmark,34,q3_user_by_login,0.183,1,True,
benchmark,35,q3_user_by_login,0.18129999999999999,1,True,
benchmark,36,q3_user_by_login,0.1973,1,True,
benchmark,37,q3_user_by_login,0.48420000000000002,1,True,
benchmark,38,q3_user_by_login,0.18010000000000001,1,True,
benchmark,39,q3_user_by_login,0.1772,1,True,
benchmark,40,q3_user_by_login,0.1779,1,True,
benchmark,41,q3_user_by_login,0.19550000000000001,1,True,
benchmark,42,q3_user_by_login,0.1767,1,True,
benchmark,43,q3_user_by_login,0.193,1,True,
benchmark,44,q3_user_by_login,0.17730000000000001,1,True,
benchmark,45,q3_user_by_login,0.17369999999999999,1,True,
benchmark,46,q3_user_by_login,0.17999999999999999,1,True,
benchmark,47,q3_user_by_login,0.17630000000000001,1,True,
benchmark,48,q3_user_by_login,0.18029999999999999,1,True,
benchmark,49,q3_user_by_login,0.18210000000000001,1,True,
benchmark,50,q3_user_by_login,0.2339,1,True,
benchmark,51,q3_user_by_login,0.26450000000000001,1,True,
benchmark,52,q3_user_by_login,0.2039,1,True,
benchmark,53,q3_user_by_login,0.1797,1,True,
benchmark,54,q3_user_by_login,0.24279999999999999,1,True,
benchmark,55,q3_user_by_login,0.18490000000000001,1,True,
benchmark,56,q3_user_by_login,0.22720000000000001,1,True,
benchmark,57,q3_user_by_login,0.20300000000000001,1,True,
benchmark,58,q3_user_by_login,0.28670000000000001,1,True,
benchmark,59,q3_user_by_login,0.218,1,True,
benchmark,60,q3_user_by_login,0.19980000000000001,1,True,
benchmark,61,q3_user_by_login,0.1792,1,True,
benchmark,62,q3_user_by_login,0.184,1,True,
benchmark,63,q3_user_by_login,0.192,1,True,
benchmark,64,q3_user_by_login,0.18149999999999999,1,True,
benchmark,65,q3_user_by_login,0.1822,1,True,
benchmark,66,q3_user_by_login,0.1827,1,True,
benchmark,67,q3_user_by_login,0.19109999999999999,1,True,
benchmark,68,q3_user_by_login,0.184,1,True,
benchmark,69,q3_user_by_login,0.18870000000000001,1,True,
benchmark,70,q3_user_by_login,0.18099999999999999,1,True,
benchmark,71,q3_user_by_login,0.18790000000000001,1,True,
benchmark,72,q3_user_by_login,0.182,1,True,
benchmark,73,q3_user_by_login,0.18529999999999999,1,True,
benchmark,74,q3_user_by_login,0.1847,1,True,
benchmark,75,q3_user_by_login,0.19170000000000001,1,True,
benchmark,76,q3_user_by_login,0.17710000000000001,1,True,
benchmark,77,q3_user_by_login,0.1807,1,True,
benchmark,78,q3_user_by_login,0.1857,1,True,
benchmark,79,q3_user_by_login,0.1792,1,True,
benchmark,80,q3_user_by_login,0.1777,1,True,
benchmark,81,q3_user_by_login,0.45610000000000001,1,True,
benchmark,82,q3_user_by_login,0.17849999999999999,1,True,
benchmark,83,q3_user_by_login,0.43359999999999999,1,True,
benchmark,84,q3_user_by_login,0.1807,1,True,
benchmark,85,q3_user_by_login,0.1759,1,True,
benchmark,86,q3_user_by_login,0.1641,1,True,
benchmark,87,q3_user_by_login,0.183,1,True,
benchmark,88,q3_user_by_login,0.17419999999999999,1,True,
benchmark,89,q3_user_by_login,0.17280000000000001,1,True,
benchmark,90,q3_user_by_login,0.18360000000000001,1,True,
benchmark,91,q3_user_by_login,0.18529999999999999,1,True,
benchmark,92,q3_user_by_login,0.1741,1,True,
benchmark,93,q3_user_by_login,0.2087,1,True,
benchmark,94,q3_user_by_login,0.1777,1,True,
benchmark,95,q3_user_by_login,0.19,1,True,
benchmark,96,q3_user_by_login,0.193,1,True,
benchmark,97,q3_user_by_login,0.1804,1,True,
benchmark,98,q3_user_by_login,0.2177,1,True,
benchmark,99,q3_user_by_login,0.25130000000000002,1,True,
benchmark,100,q3_user_by_login,0.1915,1,True,
benchmark,101,q3_user_by_login,0.67669999999999997,1,True,
benchmark,102,q3_user_by_login,0.23999999999999999,1,True,
benchmark,103,q3_user_by_login,0.55410000000000004,1,True,
benchmark,104,q3_user_by_login,0.20849999999999999,1,True,
benchmark,105,q3_user_by_login,0.20150000000000001,1,True,
benchmark,106,q3_user_by_login,0.17269999999999999,1,True,
benchmark,107,q3_user_by_login,0.19570000000000001,1,True,
benchmark,108,q3_user_by_login,0.1852,1,True,
benchmark,109,q3_user_by_login,0.17780000000000001,1,True,
benchmark,110,q3_user_by_login,0.2094,1,True,
benchmark,111,q3_user_by_login,0.2069,1,True,
benchmark,112,q3_user_by_login,0.19550000000000001,1,True,
benchmark,113,q3_user_by_login,0.1918,1,True,
benchmark,114,q3_user_by_login,0.18709999999999999,1,True,
benchmark,115,q3_user_by_login,0.22800000000000001,1,True,
benchmark,116,q3_user_by_login,0.18970000000000001,1,True,
benchmark,117,q3_user_by_login,0.53190000000000004,1,True,
benchmark,118,q3_user_by_login,0.18740000000000001,1,True,
benchmark,119,q3_user_by_login,0.19450000000000001,1,True,
benchmark,120,q3_user_by_login,0.19040000000000001,1,True,
benchmark,121,q3_user_by_login,1.8795999999999999,1,True,
benchmark,122,q3_user_by_login,0.22309999999999999,1,True,
benchmark,123,q3_user_by_login,0.32200000000000001,1,True,
benchmark,124,q3_user_by_login,0.3377,1,True,
benchmark,125,q3_user_by_login,0.309,1,True,
benchmark,126,q3_user_by_login,0.23999999999999999,1,True,
benchmark,127,q3_user_by_login,0.2535,1,True,
benchmark,128,q3_user_by_login,0.19420000000000001,1,True,
benchmark,129,q3_user_by_login,0.2102,1,True,
benchmark,130,q3_user_by_login,0.25319999999999998,1,True,
benchmark,131,q3_user_by_login,1.7635000000000001,1,True,
benchmark,132,q3_user_by_login,0.1789,1,True,
benchmark,133,q3_user_by_login,0.1893,1,True,
benchmark,134,q3_user_by_login,0.17349999999999999,1,True,
benchmark,135,q3_user_by_login,0.48330000000000001,1,True,
benchmark,136,q3_user_by_login,0.22320000000000001,1,True,
benchmark,137,q3_user_by_login,0.2177,1,True,
benchmark,138,q3_user_by_login,5.6106999999999996,1,True,
benchmark,139,q3_user_by_login,0.2525,1,True,
benchmark,140,q3_user_by_login,0.18840000000000001,1,True,
benchmark,141,q3_user_by_login,0.20180000000000001,1,True,
benchmark,142,q3_user_by_login,0.1898,1,True,
benchmark,143,q3_user_by_login,0.2424,1,True,
benchmark,144,q3_user_by_login,0.19750000000000001,1,True,
benchmark,145,q3_user_by_login,0.21590000000000001,1,True,
benchmark,146,q3_user_by_login,0.1787,1,True,
benchmark,147,q3_user_by_login,0.20319999999999999,1,True,
benchmark,148,q3_user_by_login,0.18920000000000001,1,True,
benchmark,149,q3_user_by_login,0.18329999999999999,1,True,
benchmark,150,q3_user_by_login,0.1716,1,True,
benchmark,151,q3_user_by_login,0.28610000000000002,1,True,
benchmark,152,q3_user_by_login,0.1671,1,True,
benchmark,153,q3_user_by_login,0.19070000000000001,1,True,
benchmark,154,q3_user_by_login,0.17349999999999999,1,True,
benchmark,155,q3_user_by_login,0.1883,1,True,
benchmark,156,q3_user_by_login,0.18049999999999999,1,True,
benchmark,157,q3_user_by_login,0.19500000000000001,1,True,
benchmark,158,q3_user_by_login,0.1915,1,True,
benchmark,159,q3_user_by_login,0.21629999999999999,1,True,
benchmark,160,q3_user_by_login,0.1832,1,True,
benchmark,161,q3_user_by_login,0.2296,1,True,
benchmark,162,q3_user_by_login,0.18529999999999999,1,True,
benchmark,163,q3_user_by_login,0.1726,1,True,
benchmark,164,q3_user_by_login,0.20280000000000001,1,True,
benchmark,165,q3_user_by_login,0.20549999999999999,1,True,
benchmark,166,q3_user_by_login,0.1832,1,True,
benchmark,167,q3_user_by_login,0.19239999999999999,1,True,
benchmark,168,q3_user_by_login,0.1835,1,True,
benchmark,169,q3_user_by_login,0.1777,1,True,
benchmark,170,q3_user_by_login,0.18049999999999999,1,True,
benchmark,171,q3_user_by_login,0.49859999999999999,1,True,
benchmark,172,q3_user_by_login,0.18310000000000001,1,True,
benchmark,173,q3_user_by_login,0.1817,1,True,
benchmark,174,q3_user_by_login,0.17699999999999999,1,True,
benchmark,175,q3_user_by_login,0.17749999999999999,1,True,
benchmark,176,q3_user_by_login,0.1802,1,True,
benchmark,177,q3_user_by_login,0.17530000000000001,1,True,
benchmark,178,q3_user_by_login,0.188,1,True,
benchmark,179,q3_user_by_login,0.1767,1,True,
benchmark,180,q3_user_by_login,0.1802,1,True,
benchmark,181,q3_user_by_login,0.44429999999999997,1,True,
benchmark,182,q3_user_by_login,0.17369999999999999,1,True,
benchmark,183,q3_user_by_login,0.18579999999999999,1,True,
benchmark,184,q3_user_by_login,0.1782,1,True,
benchmark,185,q3_user_by_login,0.1898,1,True,
benchmark,186,q3_user_by_login,0.1842,1,True,
benchmark,187,q3_user_by_login,0.17519999999999999,1,True,
benchmark,188,q3_user_by_login,0.17249999999999999,1,True,
benchmark,189,q3_user_by_login,0.2162,1,True,
benchmark,190,q3_user_by_login,0.1983,1,True,
benchmark,191,q3_user_by_login,0.1961,1,True,
benchmark,192,q3_user_by_login,0.1799,1,True,
benchmark,193,q3_user_by_login,0.1903,1,True,
benchmark,194,q3_user_by_login,0.1915,1,True,
benchmark,195,q3_user_by_login,0.4486,1,True,
benchmark,196,q3_user_by_login,0.1706,1,True,
benchmark,197,q3_user_by_login,0.16669999999999999,1,True,
benchmark,198,q3_user_by_login,0.19350000000000001,1,True,
benchmark,199,q3_user_by_login,0.16789999999999999,1,True,
benchmark,200,q3_user_by_login,0.22520000000000001,1,True,
benchmark,201,q3_user_by_login,0.54159999999999997,1,True,
benchmark,202,q3_user_by_login,0.78190000000000004,1,True,
benchmark,203,q3_user_by_login,0.20480000000000001,1,True,
benchmark,204,q3_user_by_login,0.2031,1,True,
benchmark,205,q3_user_by_login,0.23319999999999999,1,True,
benchmark,206,q3_user_by_login,0.19980000000000001,1,True,
benchmark,207,q3_user_by_login,0.18390000000000001,1,True,
benchmark,208,q3_user_by_login,0.18140000000000001,1,True,
benchmark,209,q3_user_by_login,0.2036,1,True,
benchmark,210,q3_user_by_login,0.56720000000000004,1,True,
benchmark,211,q3_user_by_login,0.189,1,True,
benchmark,212,q3_user_by_login,0.21190000000000001,1,True,
benchmark,213,q3_user_by_login,0.2152,1,True,
benchmark,214,q3_user_by_login,0.17169999999999999,1,True,
benchmark,215,q3_user_by_login,0.22689999999999999,1,True,
benchmark,216,q3_user_by_login,0.5161,1,True,
benchmark,217,q3_user_by_login,0.20930000000000001,1,True,
benchmark,218,q3_user_by_login,0.18440000000000001,1,True,
benchmark,219,q3_user_by_login,0.1885,1,True,
benchmark,220,q3_user_by_login,0.2198,1,True,
benchmark,221,q3_user_by_login,0.19120000000000001,1,True,
benchmark,222,q3_user_by_login,0.251,1,True,
benchmark,223,q3_user_by_login,0.2056,1,True,
benchmark,224,q3_user_by_login,0.33250000000000002,1,True,
benchmark,225,q3_user_by_login,0.25750000000000001,1,True,
benchmark,226,q3_user_by_login,0.2054,1,True,
benchmark,227,q3_user_by_login,0.1958,1,True,
benchmark,228,q3_user_by_login,0.18140000000000001,1,True,
benchmark,229,q3_user_by_login,0.1865,1,True,
benchmark,230,q3_user_by_login,0.17829999999999999,1,True,
benchmark,231,q3_user_by_login,0.17119999999999999,1,True,
benchmark,232,q3_user_by_login,0.17380000000000001,1,True,
benchmark,233,q3_user_by_login,0.1749,1,True,
benchmark,234,q3_user_by_login,0.17510000000000001,1,True,
benchmark,235,q3_user_by_login,0.18229999999999999,1,True,
benchmark,236,q3_user_by_login,0.6673,1,True,
benchmark,237,q3_user_by_login,0.17760000000000001,1,True,
benchmark,238,q3_user_by_login,0.18729999999999999,1,True,
benchmark,239,q3_user_by_login,0.2049,1,True,
benchmark,240,q3_user_by_login,0.18429999999999999,1,True,
benchmark,241,q3_user_by_login,0.17249999999999999,1,True,
benchmark,242,q3_user_by_login,0.187,1,True,
benchmark,243,q3_user_by_login,0.1734,1,True,
benchmark,244,q3_user_by_login,0.18029999999999999,1,True,
benchmark,245,q3_user_by_login,0.19570000000000001,1,True,
benchmark,246,q3_user_by_login,0.183,1,True,
benchmark,247,q3_user_by_login,0.17610000000000001,1,True,
benchmark,248,q3_user_by_login,0.1905,1,True,
benchmark,249,q3_user_by_login,0.1787,1,True,
benchmark,250,q3_user_by_login,0.19089999999999999,1,True,
benchmark,251,q3_user_by_login,0.25790000000000002,1,True,
benchmark,252,q3_user_by_login,0.18160000000000001,1,True,
benchmark,253,q3_user_by_login,0.23430000000000001,1,True,
benchmark,254,q3_user_by_login,0.1762,1,True,
benchmark,255,q3_user_by_login,0.18540000000000001,1,True,
benchmark,256,q3_user_by_login,0.17169999999999999,1,True,
benchmark,257,q3_user_by_login,0.2016,1,True,
benchmark,258,q3_user_by_login,0.186,1,True,
benchmark,259,q3_user_by_login,0.2361,1,True,
benchmark,260,q3_user_by_login,0.4667,1,True,
benchmark,261,q3_user_by_login,0.22489999999999999,1,True,
benchmark,262,q3_user_by_login,0.20200000000000001,1,True,
benchmark,263,q3_user_by_login,0.4501,1,True,
benchmark,264,q3_user_by_login,0.19750000000000001,1,True,
benchmark,265,q3_user_by_login,0.17419999999999999,1,True,
benchmark,266,q3_user_by_login,0.1608,1,True,
benchmark,267,q3_user_by_login,0.18049999999999999,1,True,
benchmark,268,q3_user_by_login,0.46079999999999999,1,True,
benchmark,269,q3_user_by_login,0.47120000000000001,1,True,
benchmark,270,q3_user_by_login,0.18509999999999999,1,True,
benchmark,271,q3_user_by_login,0.19520000000000001,1,True,
benchmark,272,q3_user_by_login,0.1764,1,True,
benchmark,273,q3_user_by_login,0.182,1,True,
benchmark,274,q3_user_by_login,0.1852,1,True,
benchmark,275,q3_user_by_login,0.18410000000000001,1,True,
benchmark,276,q3_user_by_login,0.17419999999999999,1,True,
benchmark,277,q3_user_by_login,0.1777,1,True,
benchmark,278,q3_user_by_login,0.19400000000000001,1,True,
benchmark,279,q3_user_by_login,0.18029999999999999,1,True,
benchmark,280,q3_user_by_login,0.47070000000000001,1,True,
benchmark,281,q3_user_by_login,0.1817,1,True,
benchmark,282,q3_user_by_login,0.44550000000000001,1,True,
benchmark,283,q3_user_by_login,0.18160000000000001,1,True,
benchmark,284,q3_user_by_login,0.47460000000000002,1,True,
benchmark,285,q3_user_by_login,0.44879999999999998,1,True,
benchmark,286,q3_user_by_login,0.19420000000000001,1,True,
benchmark,287,q3_user_by_login,0.22389999999999999,1,True,
benchmark,288,q3_user_by_login,0.1986,1,True,
benchmark,289,q3_user_by_login,0.4556,1,True,
benchmark,290,q3_user_by_login,0.2092,1,True,
benchmark,291,q3_user_by_login,0.4768,1,True,
benchmark,292,q3_user_by_login,0.22270000000000001,1,True,
benchmark,293,q3_user_by_login,0.18529999999999999,1,True,
benchmark,294,q3_user_by_login,0.16750000000000001,1,True,
benchmark,295,q3_user_by_login,0.18609999999999999,1,True,
benchmark,296,q3_user_by_login,0.189,1,True,
benchmark,297,q3_user_by_login,0.1862,1,True,
benchmark,298,q3_user_by_login,0.1774,1,True,
benchmark,299,q3_user_by_login,0.18340000000000001,1,True,
benchmark,300,q3_user_by_login,0.18529999999999999,1,True,
benchmark,301,q3_user_by_login,2.7378,1,True,
benchmark,302,q3_user_by_login,0.26069999999999999,1,True,
benchmark,303,q3_user_by_login,0.21010000000000001,1,True,
benchmark,304,q3_user_by_login,0.25030000000000002,1,True,
benchmark,305,q3_user_by_login,0.19489999999999999,1,True,
benchmark,306,q3_user_by_login,0.19450000000000001,1,True,
benchmark,307,q3_user_by_login,0.19350000000000001,1,True,
benchmark,308,q3_user_by_login,0.20799999999999999,1,True,
benchmark,309,q3_user_by_login,0.19919999999999999,1,True,
benchmark,310,q3_user_by_login,0.18479999999999999,1,True,
benchmark,311,q3_user_by_login,0.2102,1,True,
benchmark,312,q3_user_by_login,0.51549999999999996,1,True,
benchmark,313,q3_user_by_login,0.45419999999999999,1,True,
benchmark,314,q3_user_by_login,0.17929999999999999,1,True,
benchmark,315,q3_user_by_login,0.20250000000000001,1,True,
benchmark,316,q3_user_by_login,0.16869999999999999,1,True,
benchmark,317,q3_user_by_login,0.18090000000000001,1,True,
benchmark,318,q3_user_by_login,0.1797,1,True,
benchmark,319,q3_user_by_login,0.47549999999999998,1,True,
benchmark,320,q3_user_by_login,0.62870000000000004,1,True,
benchmark,321,q3_user_by_login,0.18509999999999999,1,True,
benchmark,322,q3_user_by_login,0.17699999999999999,1,True,
benchmark,323,q3_user_by_login,0.1817,1,True,
benchmark,324,q3_user_by_login,0.17519999999999999,1,True,
benchmark,325,q3_user_by_login,0.1757,1,True,
benchmark,326,q3_user_by_login,0.18290000000000001,1,True,
benchmark,327,q3_user_by_login,0.1787,1,True,
benchmark,328,q3_user_by_login,0.17799999999999999,1,True,
benchmark,329,q3_user_by_login,0.1772,1,True,
benchmark,330,q3_user_by_login,0.21590000000000001,1,True,
benchmark,331,q3_user_by_login,0.19209999999999999,1,True,
benchmark,332,q3_user_by_login,0.18229999999999999,1,True,
benchmark,333,q3_user_by_login,0.2203,1,True,
benchmark,334,q3_user_by_login,0.183,1,True,
benchmark,335,q3_user_by_login,0.19040000000000001,1,True,
benchmark,336,q3_user_by_login,0.25080000000000002,1,True,
benchmark,337,q3_user_by_login,0.2303,1,True,
benchmark,338,q3_user_by_login,0.30320000000000003,1,True,
benchmark,339,q3_user_by_login,0.2492,1,True,
benchmark,340,q3_user_by_login,0.19520000000000001,1,True,
benchmark,341,q3_user_by_login,0.192,1,True,
benchmark,342,q3_user_by_login,0.45750000000000002,1,True,
benchmark,343,q3_user_by_login,0.18260000000000001,1,True,
benchmark,344,q3_user_by_login,0.17860000000000001,1,True,
benchmark,345,q3_user_by_login,0.2147,1,True,
benchmark,346,q3_user_by_login,0.4753,1,True,
benchmark,347,q3_user_by_login,0.20150000000000001,1,True,
benchmark,348,q3_user_by_login,0.1774,1,True,
benchmark,349,q3_user_by_login,0.1895,1,True,
benchmark,350,q3_user_by_login,0.19409999999999999,1,True,
benchmark,351,q3_user_by_login,0.48859999999999998,1,True,
benchmark,352,q3_user_by_login,0.188,1,True,
benchmark,353,q3_user_by_login,0.1802,1,True,
benchmark,354,q3_user_by_login,0.18079999999999999,1,True,
benchmark,355,q3_user_by_login,0.19539999999999999,1,True,
benchmark,356,q3_user_by_login,0.45319999999999999,1,True,
benchmark,357,q3_user_by_login,0.18160000000000001,1,True,
benchmark,358,q3_user_by_login,0.17150000000000001,1,True,
benchmark,359,q3_user_by_login,0.18840000000000001,1,True,
benchmark,360,q3_user_by_login,0.1852,1,True,
benchmark,361,q3_user_by_login,0.1762,1,True,
benchmark,362,q3_user_by_login,0.1807,1,True,
benchmark,363,q3_user_by_login,0.18410000000000001,1,True,
benchmark,364,q3_user_by_login,0.1895,1,True,
benchmark,365,q3_user_by_login,0.215,1,True,
benchmark,366,q3_user_by_login,0.1946,1,True,
benchmark,367,q3_user_by_login,0.30559999999999998,1,True,
benchmark,368,q3_user_by_login,0.22969999999999999,1,True,
benchmark,369,q3_user_by_login,0.20799999999999999,1,True,
benchmark,370,q3_user_by_login,0.2087,1,True,
benchmark,371,q3_user_by_login,0.23200000000000001,1,True,
benchmark,372,q3_user_by_login,0.23219999999999999,1,True,
benchmark,373,q3_user_by_login,0.21859999999999999,1,True,
benchmark,374,q3_user_by_login,0.20069999999999999,1,True,
benchmark,375,q3_user_by_login,0.17580000000000001,1,True,
benchmark,376,q3_user_by_login,0.1646,1,True,
benchmark,377,q3_user_by_login,0.17780000000000001,1,True,
benchmark,378,q3_user_by_login,0.17399999999999999,1,True,
benchmark,379,q3_user_by_login,0.19120000000000001,1,True,
benchmark,380,q3_user_by_login,0.48309999999999997,1,True,
benchmark,381,q3_user_by_login,0.18690000000000001,1,True,
benchmark,382,q3_user_by_login,0.192,1,True,
benchmark,383,q3_user_by_login,0.17960000000000001,1,True,
benchmark,384,q3_user_by_login,0.17399999999999999,1,True,
benchmark,385,q3_user_by_login,0.17929999999999999,1,True,
benchmark,386,q3_user_by_login,0.18629999999999999,1,True,
benchmark,387,q3_user_by_login,0.19850000000000001,1,True,
benchmark,388,q3_user_by_login,0.18010000000000001,1,True,
benchmark,389,q3_user_by_login,0.1847,1,True,
benchmark,390,q3_user_by_login,0.43080000000000002,1,True,
benchmark,391,q3_user_by_login,0.17910000000000001,1,True,
benchmark,392,q3_user_by_login,0.18190000000000001,1,True,
benchmark,393,q3_user_by_login,0.1797,1,True,
benchmark,394,q3_user_by_login,0.17549999999999999,1,True,
benchmark,395,q3_user_by_login,0.1777,1,True,
benchmark,396,q3_user_by_login,0.19370000000000001,1,True,
benchmark,397,q3_user_by_login,0.1807,1,True,
benchmark,398,q3_user_by_login,0.18099999999999999,1,True,
benchmark,399,q3_user_by_login,0.18149999999999999,1,True,
benchmark,400,q3_user_by_login,0.1855,1,True,
benchmark,401,q3_user_by_login,0.65159999999999996,1,True,
benchmark,402,q3_user_by_login,0.2535,1,True,
benchmark,403,q3_user_by_login,0.20660000000000001,1,True,
benchmark,404,q3_user_by_login,0.21179999999999999,1,True,
benchmark,405,q3_user_by_login,0.20610000000000001,1,True,
benchmark,406,q3_user_by_login,0.20519999999999999,1,True,
benchmark,407,q3_user_by_login,0.20419999999999999,1,True,
benchmark,408,q3_user_by_login,0.51239999999999997,1,True,
benchmark,409,q3_user_by_login,0.19670000000000001,1,True,
benchmark,410,q3_user_by_login,0.18909999999999999,1,True,
benchmark,411,q3_user_by_login,0.20269999999999999,1,True,
benchmark,412,q3_user_by_login,0.17949999999999999,1,True,
benchmark,413,q3_user_by_login,0.1706,1,True,
benchmark,414,q3_user_by_login,0.17849999999999999,1,True,
benchmark,415,q3_user_by_login,0.17929999999999999,1,True,
benchmark,416,q3_user_by_login,0.2238,1,True,
benchmark,417,q3_user_by_login,0.17510000000000001,1,True,
benchmark,418,q3_user_by_login,0.1845,1,True,
benchmark,419,q3_user_by_login,0.17810000000000001,1,True,
benchmark,420,q3_user_by_login,0.45200000000000001,1,True,
benchmark,421,q3_user_by_login,0.1767,1,True,
benchmark,422,q3_user_by_login,0.19120000000000001,1,True,
benchmark,423,q3_user_by_login,0.5181,1,True,
benchmark,424,q3_user_by_login,0.1893,1,True,
benchmark,425,q3_user_by_login,0.51219999999999999,1,True,
benchmark,426,q3_user_by_login,0.17480000000000001,1,True,
benchmark,427,q3_user_by_login,0.20999999999999999,1,True,
benchmark,428,q3_user_by_login,0.17610000000000001,1,True,
benchmark,429,q3_user_by_login,0.19009999999999999,1,True,
benchmark,430,q3_user_by_login,0.2011,1,True,
benchmark,431,q3_user_by_login,0.2147,1,True,
benchmark,432,q3_user_by_login,0.1782,1,True,
benchmark,433,q3_user_by_login,0.1885,1,True,
benchmark,434,q3_user_by_login,0.17929999999999999,1,True,
benchmark,435,q3_user_by_login,0.1923,1,True,
benchmark,436,q3_user_by_login,0.1852,1,True,
benchmark,437,q3_user_by_login,0.48139999999999999,1,True,
benchmark,438,q3_user_by_login,0.20300000000000001,1,True,
benchmark,439,q3_user_by_login,0.1782,1,True,
benchmark,440,q3_user_by_login,0.45519999999999999,1,True,
benchmark,441,q3_user_by_login,0.17019999999999999,1,True,
benchmark,442,q3_user_by_login,0.1719,1,True,
benchmark,443,q3_user_by_login,0.18540000000000001,1,True,
benchmark,444,q3_user_by_login,0.18090000000000001,1,True,
benchmark,445,q3_user_by_login,0.17469999999999999,1,True,
benchmark,446,q3_user_by_login,0.44719999999999999,1,True,
benchmark,447,q3_user_by_login,0.1857,1,True,
benchmark,448,q3_user_by_login,0.17399999999999999,1,True,
benchmark,449,q3_user_by_login,0.17150000000000001,1,True,
benchmark,450,q3_user_by_login,0.1678,1,True,
benchmark,451,q3_user_by_login,0.23350000000000001,1,True,
benchmark,452,q3_user_by_login,0.17519999999999999,1,True,
benchmark,453,q3_user_by_login,0.18049999999999999,1,True,
benchmark,454,q3_user_by_login,0.18679999999999999,1,True,
benchmark,455,q3_user_by_login,0.17380000000000001,1,True,
benchmark,456,q3_user_by_login,0.1807,1,True,
benchmark,457,q3_user_by_login,0.19389999999999999,1,True,
benchmark,458,q3_user_by_login,0.20269999999999999,1,True,
benchmark,459,q3_user_by_login,0.42859999999999998,1,True,
benchmark,460,q3_user_by_login,0.1908,1,True,
benchmark,461,q3_user_by_login,0.16189999999999999,1,True,
benchmark,462,q3_user_by_login,0.2137,1,True,
benchmark,463,q3_user_by_login,0.18210000000000001,1,True,
benchmark,464,q3_user_by_login,0.19120000000000001,1,True,
benchmark,465,q3_user_by_login,0.1973,1,True,
benchmark,466,q3_user_by_login,0.18509999999999999,1,True,
benchmark,467,q3_user_by_login,0.19120000000000001,1,True,
benchmark,468,q3_user_by_login,0.20280000000000001,1,True,
benchmark,469,q3_user_by_login,0.22559999999999999,1,True,
benchmark,470,q3_user_by_login,0.19500000000000001,1,True,
benchmark,471,q3_user_by_login,0.20349999999999999,1,True,
benchmark,472,q3_user_by_login,0.49609999999999999,1,True,
benchmark,473,q3_user_by_login,0.17999999999999999,1,True,
benchmark,474,q3_user_by_login,0.193,1,True,
benchmark,475,q3_user_by_login,0.17599999999999999,1,True,
benchmark,476,q3_user_by_login,0.18360000000000001,1,True,
benchmark,477,q3_user_by_login,0.18260000000000001,1,True,
benchmark,478,q3_user_by_login,0.18290000000000001,1,True,
benchmark,479,q3_user_by_login,0.21729999999999999,1,True,
benchmark,480,q3_user_by_login,0.1915,1,True,
benchmark,481,q3_user_by_login,1.8258000000000001,1,True,
benchmark,482,q3_user_by_login,0.1797,1,True,
benchmark,483,q3_user_by_login,0.1787,1,True,
benchmark,484,q3_user_by_login,0.18129999999999999,1,True,
benchmark,485,q3_user_by_login,0.19120000000000001,1,True,
benchmark,486,q3_user_by_login,0.17749999999999999,1,True,
benchmark,487,q3_user_by_login,0.1757,1,True,
benchmark,488,q3_user_by_login,0.18060000000000001,1,True,
benchmark,489,q3_user_by_login,0.1822,1,True,
benchmark,490,q3_user_by_login,0.17549999999999999,1,True,
benchmark,491,q3_user_by_login,0.17180000000000001,1,True,
benchmark,492,q3_user_by_login,0.1807,1,True,
benchmark,493,q3_user_by_login,0.45540000000000003,1,True,
benchmark,494,q3_user_by_login,0.17899999999999999,1,True,
benchmark,495,q3_user_by_login,0.1754,1,True,
benchmark,496,q3_user_by_login,0.1817,1,True,
benchmark,497,q3_user_by_login,0.19409999999999999,1,True,
benchmark,498,q3_user_by_login,0.20880000000000001,1,True,
benchmark,499,q3_user_by_login,0.19719999999999999,1,True,
benchmark,500,q3_user_by_login,0.2132,1,True,
benchmark,501,q3_user_by_login,0.62770000000000004,1,True,
benchmark,502,q3_user_by_login,0.22239999999999999,1,True,
benchmark,503,q3_user_by_login,0.2233,1,True,
benchmark,504,q3_user_by_login,0.2354,1,True,
benchmark,505,q3_user_by_login,0.2172,1,True,
benchmark,506,q3_user_by_login,0.18740000000000001,1,True,
benchmark,507,q3_user_by_login,0.1827,1,True,
benchmark,508,q3_user_by_login,0.1888,1,True,
benchmark,509,q3_user_by_login,0.18759999999999999,1,True,
benchmark,510,q3_user_by_login,0.2097,1,True,
benchmark,511,q3_user_by_login,0.18840000000000001,1,True,
benchmark,512,q3_user_by_login,0.19270000000000001,1,True,
benchmark,513,q3_user_by_login,0.18770000000000001,1,True,
benchmark,514,q3_user_by_login,0.19270000000000001,1,True,
benchmark,515,q3_user_by_login,0.185,1,True,
benchmark,516,q3_user_by_login,0.1812,1,True,
benchmark,517,q3_user_by_login,0.16550000000000001,1,True,
benchmark,518,q3_user_by_login,0.21340000000000001,1,True,
benchmark,519,q3_user_by_login,0.19,1,True,
benchmark,520,q3_user_by_login,0.17610000000000001,1,True,
benchmark,521,q3_user_by_login,0.20880000000000001,1,True,
benchmark,522,q3_user_by_login,0.2117,1,True,
benchmark,523,q3_user_by_login,0.19500000000000001,1,True,
benchmark,524,q3_user_by_login,0.20760000000000001,1,True,
benchmark,525,q3_user_by_login,0.21490000000000001,1,True,
benchmark,526,q3_user_by_login,0.19450000000000001,1,True,
benchmark,527,q3_user_by_login,0.1895,1,True,
benchmark,528,q3_user_by_login,0.1774,1,True,
benchmark,529,q3_user_by_login,0.24279999999999999,1,True,
benchmark,530,q3_user_by_login,0.17710000000000001,1,True,
benchmark,531,q3_user_by_login,0.18129999999999999,1,True,
benchmark,532,q3_user_by_login,0.189,1,True,
benchmark,533,q3_user_by_login,0.19009999999999999,1,True,
benchmark,534,q3_user_by_login,0.18329999999999999,1,True,
benchmark,535,q3_user_by_login,0.18010000000000001,1,True,
benchmark,536,q3_user_by_login,0.16669999999999999,1,True,
benchmark,537,q3_user_by_login,0.18559999999999999,1,True,
benchmark,538,q3_user_by_login,0.1741,1,True,
benchmark,539,q3_user_by_login,0.18379999999999999,1,True,
benchmark,540,q3_user_by_login,0.1749,1,True,
benchmark,541,q3_user_by_login,0.18179999999999999,1,True,
benchmark,542,q3_user_by_login,0.17699999999999999,1,True,
benchmark,543,q3_user_by_login,0.17530000000000001,1,True,
benchmark,544,q3_user_by_login,0.2155,1,True,
benchmark,545,q3_user_by_login,0.1893,1,True,
benchmark,546,q3_user_by_login,0.17519999999999999,1,True,
benchmark,547,q3_user_by_login,0.17249999999999999,1,True,
benchmark,548,q3_user_by_login,0.1759,1,True,
benchmark,549,q3_user_by_login,0.18010000000000001,1,True,
benchmark,550,q3_user_by_login,0.19650000000000001,1,True,
benchmark,551,q3_user_by_login,0.2311,1,True,
benchmark,552,q3_user_by_login,0.18090000000000001,1,True,
benchmark,553,q3_user_by_login,0.19470000000000001,1,True,
benchmark,554,q3_user_by_login,0.1709,1,True,
benchmark,555,q3_user_by_login,0.1817,1,True,
benchmark,556,q3_user_by_login,0.19819999999999999,1,True,
benchmark,557,q3_user_by_login,0.18110000000000001,1,True,
benchmark,558,q3_user_by_login,0.18099999999999999,1,True,
benchmark,559,q3_user_by_login,0.1787,1,True,
benchmark,560,q3_user_by_login,0.1908,1,True,
benchmark,561,q3_user_by_login,0.18160000000000001,1,True,
benchmark,562,q3_user_by_login,0.17810000000000001,1,True,
benchmark,563,q3_user_by_login,0.16900000000000001,1,True,
benchmark,564,q3_user_by_login,0.17480000000000001,1,True,
benchmark,565,q3_user_by_login,0.16969999999999999,1,True,
benchmark,566,q3_user_by_login,0.17019999999999999,1,True,
benchmark,567,q3_user_by_login,0.2049,1,True,
benchmark,568,q3_user_by_login,0.20280000000000001,1,True,
benchmark,569,q3_user_by_login,0.19550000000000001,1,True,
benchmark,570,q3_user_by_login,0.20530000000000001,1,True,
benchmark,571,q3_user_by_login,0.23999999999999999,1,True,
benchmark,572,q3_user_by_login,0.17499999999999999,1,True,
benchmark,573,q3_user_by_login,0.19550000000000001,1,True,
benchmark,574,q3_user_by_login,0.17249999999999999,1,True,
benchmark,575,q3_user_by_login,0.17730000000000001,1,True,
benchmark,576,q3_user_by_login,0.17680000000000001,1,True,
benchmark,577,q3_user_by_login,0.17449999999999999,1,True,
benchmark,578,q3_user_by_login,0.17949999999999999,1,True,
benchmark,579,q3_user_by_login,0.18060000000000001,1,True,
benchmark,580,q3_user_by_login,0.1804,1,True,
benchmark,581,q3_user_by_login,0.18079999999999999,1,True,
benchmark,582,q3_user_by_login,0.17879999999999999,1,True,
benchmark,583,q3_user_by_login,0.183,1,True,
benchmark,584,q3_user_by_login,0.1789,1,True,
benchmark,585,q3_user_by_login,0.17549999999999999,1,True,
benchmark,586,q3_user_by_login,0.18890000000000001,1,True,
benchmark,587,q3_user_by_login,0.19339999999999999,1,True,
benchmark,588,q3_user_by_login,0.1827,1,True,
benchmark,589,q3_user_by_login,0.1918,1,True,
benchmark,590,q3_user_by_login,0.18149999999999999,1,True,
benchmark,591,q3_user_by_login,0.16350000000000001,1,True,
benchmark,592,q3_user_by_login,0.1754,1,True,
benchmark,593,q3_user_by_login,0.1772,1,True,
benchmark,594,q3_user_by_login,0.1797,1,True,
benchmark,595,q3_user_by_login,0.17199999999999999,1,True,
benchmark,596,q3_user_by_login,0.1769,1,True,
benchmark,597,q3_user_by_login,0.18060000000000001,1,True,
benchmark,598,q3_user_by_login,0.1749,1,True,
benchmark,599,q3_user_by_login,0.22020000000000001,1,True,
benchmark,600,q3_user_by_login,0.17100000000000001,1,True,
benchmark,601,q3_user_by_login,0.62980000000000003,1,True,
benchmark,602,q3_user_by_login,0.26229999999999998,1,True,
benchmark,603,q3_user_by_login,0.2117,1,True,
benchmark,604,q3_user_by_login,0.2233,1,True,
benchmark,605,q3_user_by_login,0.1983,1,True,
benchmark,606,q3_user_by_login,0.19420000000000001,1,True,
benchmark,607,q3_user_by_login,0.1875,1,True,
benchmark,608,q3_user_by_login,0.18890000000000001,1,True,
benchmark,609,q3_user_by_login,0.17560000000000001,1,True,
benchmark,610,q3_user_by_login,0.1842,1,True,
benchmark,611,q3_user_by_login,0.19270000000000001,1,True,
benchmark,612,q3_user_by_login,0.18629999999999999,1,True,
benchmark,613,q3_user_by_login,0.18340000000000001,1,True,
benchmark,614,q3_user_by_login,0.18890000000000001,1,True,
benchmark,615,q3_user_by_login,0.1731,1,True,
benchmark,616,q3_user_by_login,0.1792,1,True,
benchmark,617,q3_user_by_login,0.1845,1,True,
benchmark,618,q3_user_by_login,0.19009999999999999,1,True,
benchmark,619,q3_user_by_login,0.17710000000000001,1,True,
benchmark,620,q3_user_by_login,0.18659999999999999,1,True,
benchmark,621,q3_user_by_login,0.1648,1,True,
benchmark,622,q3_user_by_login,0.1875,1,True,
benchmark,623,q3_user_by_login,0.19489999999999999,1,True,
benchmark,624,q3_user_by_login,0.17269999999999999,1,True,
benchmark,625,q3_user_by_login,0.1832,1,True,
benchmark,626,q3_user_by_login,0.18029999999999999,1,True,
benchmark,627,q3_user_by_login,0.17119999999999999,1,True,
benchmark,628,q3_user_by_login,0.19620000000000001,1,True,
benchmark,629,q3_user_by_login,0.18390000000000001,1,True,
benchmark,630,q3_user_by_login,0.1595,1,True,
benchmark,631,q3_user_by_login,0.24610000000000001,1,True,
benchmark,632,q3_user_by_login,0.16669999999999999,1,True,
benchmark,633,q3_user_by_login,0.22420000000000001,1,True,
benchmark,634,q3_user_by_login,0.193,1,True,
benchmark,635,q3_user_by_login,0.20749999999999999,1,True,
benchmark,636,q3_user_by_login,0.2135,1,True,
benchmark,637,q3_user_by_login,0.1764,1,True,
benchmark,638,q3_user_by_login,0.2009,1,True,
benchmark,639,q3_user_by_login,0.192,1,True,
benchmark,640,q3_user_by_login,0.1792,1,True,
benchmark,641,q3_user_by_login,0.21379999999999999,1,True,
benchmark,642,q3_user_by_login,0.17069999999999999,1,True,
benchmark,643,q3_user_by_login,0.17169999999999999,1,True,
benchmark,644,q3_user_by_login,0.18490000000000001,1,True,
benchmark,645,q3_user_by_login,0.17910000000000001,1,True,
benchmark,646,q3_user_by_login,0.17630000000000001,1,True,
benchmark,647,q3_user_by_login,0.18090000000000001,1,True,
benchmark,648,q3_user_by_login,0.188,1,True,
benchmark,649,q3_user_by_login,0.187,1,True,
benchmark,650,q3_user_by_login,0.16400000000000001,1,True,
benchmark,651,q3_user_by_login,0.24610000000000001,1,True,
benchmark,652,q3_user_by_login,0.18149999999999999,1,True,
benchmark,653,q3_user_by_login,0.1807,1,True,
benchmark,654,q3_user_by_login,0.17799999999999999,1,True,
benchmark,655,q3_user_by_login,0.1991,1,True,
benchmark,656,q3_user_by_login,0.18090000000000001,1,True,
benchmark,657,q3_user_by_login,0.1787,1,True,
benchmark,658,q3_user_by_login,0.21199999999999999,1,True,
benchmark,659,q3_user_by_login,0.18149999999999999,1,True,
benchmark,660,q3_user_by_login,0.17299999999999999,1,True,
benchmark,661,q3_user_by_login,0.17150000000000001,1,True,
benchmark,662,q3_user_by_login,0.1883,1,True,
benchmark,663,q3_user_by_login,0.18959999999999999,1,True,
benchmark,664,q3_user_by_login,0.1943,1,True,
benchmark,665,q3_user_by_login,0.1802,1,True,
benchmark,666,q3_user_by_login,0.1792,1,True,
benchmark,667,q3_user_by_login,0.19220000000000001,1,True,
benchmark,668,q3_user_by_login,0.17299999999999999,1,True,
benchmark,669,q3_user_by_login,0.18079999999999999,1,True,
benchmark,670,q3_user_by_login,0.17949999999999999,1,True,
benchmark,671,q3_user_by_login,0.183,1,True,
benchmark,672,q3_user_by_login,0.18099999999999999,1,True,
benchmark,673,q3_user_by_login,0.19289999999999999,1,True,
benchmark,674,q3_user_by_login,0.1789,1,True,
benchmark,675,q3_user_by_login,0.1832,1,True,
benchmark,676,q3_user_by_login,0.18390000000000001,1,True,
benchmark,677,q3_user_by_login,0.25600000000000001,1,True,
benchmark,678,q3_user_by_login,0.22570000000000001,1,True,
benchmark,679,q3_user_by_login,0.21529999999999999,1,True,
benchmark,680,q3_user_by_login,0.1978,1,True,
benchmark,681,q3_user_by_login,0.20799999999999999,1,True,
benchmark,682,q3_user_by_login,0.17430000000000001,1,True,
benchmark,683,q3_user_by_login,6.0267999999999997,1,True,
benchmark,684,q3_user_by_login,0.26579999999999998,1,True,
benchmark,685,q3_user_by_login,0.23930000000000001,1,True,
benchmark,686,q3_user_by_login,0.20760000000000001,1,True,
benchmark,687,q3_user_by_login,0.20319999999999999,1,True,
benchmark,688,q3_user_by_login,0.26400000000000001,1,True,
benchmark,689,q3_user_by_login,0.17899999999999999,1,True,
benchmark,690,q3_user_by_login,0.1656,1,True,
benchmark,691,q3_user_by_login,0.19270000000000001,1,True,
benchmark,692,q3_user_by_login,0.20069999999999999,1,True,
benchmark,693,q3_user_by_login,0.20200000000000001,1,True,
benchmark,694,q3_user_by_login,0.19409999999999999,1,True,
benchmark,695,q3_user_by_login,0.19209999999999999,1,True,
benchmark,696,q3_user_by_login,0.17349999999999999,1,True,
benchmark,697,q3_user_by_login,0.19089999999999999,1,True,
benchmark,698,q3_user_by_login,0.17369999999999999,1,True,
benchmark,699,q3_user_by_login,0.18229999999999999,1,True,
benchmark,700,q3_user_by_login,0.1943,1,True,
benchmark,701,q3_user_by_login,0.6431,1,True,
benchmark,702,q3_user_by_login,0.23089999999999999,1,True,
benchmark,703,q3_user_by_login,0.2157,1,True,
benchmark,704,q3_user_by_login,0.2591,1,True,
benchmark,705,q3_user_by_login,0.23949999999999999,1,True,
benchmark,706,q3_user_by_login,0.2402,1,True,
benchmark,707,q3_user_by_login,0.26100000000000001,1,True,
benchmark,708,q3_user_by_login,0.22900000000000001,1,True,
benchmark,709,q3_user_by_login,0.1996,1,True,
benchmark,710,q3_user_by_login,0.21210000000000001,1,True,
benchmark,711,q3_user_by_login,0.1908,1,True,
benchmark,712,q3_user_by_login,0.1827,1,True,
benchmark,713,q3_user_by_login,0.18029999999999999,1,True,
benchmark,714,q3_user_by_login,0.18029999999999999,1,True,
benchmark,715,q3_user_by_login,0.1749,1,True,
benchmark,716,q3_user_by_login,0.1681,1,True,
benchmark,717,q3_user_by_login,0.1787,1,True,
benchmark,718,q3_user_by_login,0.19520000000000001,1,True,
benchmark,719,q3_user_by_login,0.1787,1,True,
benchmark,720,q3_user_by_login,0.1812,1,True,
benchmark,721,q3_user_by_login,0.18310000000000001,1,True,
benchmark,722,q3_user_by_login,0.1779,1,True,
benchmark,723,q3_user_by_login,0.1671,1,True,
benchmark,724,q3_user_by_login,0.1807,1,True,
benchmark,725,q3_user_by_login,0.1825,1,True,
benchmark,726,q3_user_by_login,0.17480000000000001,1,True,
benchmark,727,q3_user_by_login,0.19520000000000001,1,True,
benchmark,728,q3_user_by_login,0.18129999999999999,1,True,
benchmark,729,q3_user_by_login,0.1888,1,True,
benchmark,730,q3_user_by_login,0.18959999999999999,1,True,
benchmark,731,q3_user_by_login,0.20630000000000001,1,True,
benchmark,732,q3_user_by_login,0.1825,1,True,
benchmark,733,q3_user_by_login,0.18079999999999999,1,True,
benchmark,734,q3_user_by_login,0.17519999999999999,1,True,
benchmark,735,q3_user_by_login,0.18029999999999999,1,True,
benchmark,736,q3_user_by_login,0.18090000000000001,1,True,
benchmark,737,q3_user_by_login,0.1804,1,True,
benchmark,738,q3_user_by_login,0.1867,1,True,
benchmark,739,q3_user_by_login,0.1777,1,True,
benchmark,740,q3_user_by_login,0.17649999999999999,1,True,
benchmark,741,q3_user_by_login,0.1774,1,True,
benchmark,742,q3_user_by_login,0.18240000000000001,1,True,
benchmark,743,q3_user_by_login,0.19719999999999999,1,True,
benchmark,744,q3_user_by_login,0.17249999999999999,1,True,
benchmark,745,q3_user_by_login,0.18360000000000001,1,True,
benchmark,746,q3_user_by_login,0.183,1,True,
benchmark,747,q3_user_by_login,0.17480000000000001,1,True,
benchmark,748,q3_user_by_login,0.20230000000000001,1,True,
benchmark,749,q3_user_by_login,0.19059999999999999,1,True,
benchmark,750,q3_user_by_login,0.18140000000000001,1,True,
benchmark,751,q3_user_by_login,0.245,1,True,
benchmark,752,q3_user_by_login,0.1847,1,True,
benchmark,753,q3_user_by_login,0.22220000000000001,1,True,
benchmark,754,q3_user_by_login,0.21029999999999999,1,True,
benchmark,755,q3_user_by_login,0.19670000000000001,1,True,
benchmark,756,q3_user_by_login,0.20380000000000001,1,True,
benchmark,757,q3_user_by_login,0.17280000000000001,1,True,
benchmark,758,q3_user_by_login,0.19739999999999999,1,True,
benchmark,759,q3_user_by_login,0.17469999999999999,1,True,
benchmark,760,q3_user_by_login,0.18049999999999999,1,True,
benchmark,761,q3_user_by_login,0.19969999999999999,1,True,
benchmark,762,q3_user_by_login,0.17510000000000001,1,True,
benchmark,763,q3_user_by_login,0.18440000000000001,1,True,
benchmark,764,q3_user_by_login,0.1767,1,True,
benchmark,765,q3_user_by_login,0.17419999999999999,1,True,
benchmark,766,q3_user_by_login,0.1852,1,True,
benchmark,767,q3_user_by_login,0.17549999999999999,1,True,
benchmark,768,q3_user_by_login,0.18140000000000001,1,True,
benchmark,769,q3_user_by_login,0.18940000000000001,1,True,
benchmark,770,q3_user_by_login,0.1855,1,True,
benchmark,771,q3_user_by_login,0.16619999999999999,1,True,
benchmark,772,q3_user_by_login,0.17469999999999999,1,True,
benchmark,773,q3_user_by_login,0.16930000000000001,1,True,
benchmark,774,q3_user_by_login,0.1736,1,True,
benchmark,775,q3_user_by_login,0.1867,1,True,
benchmark,776,q3_user_by_login,0.16669999999999999,1,True,
benchmark,777,q3_user_by_login,0.17879999999999999,1,True,
benchmark,778,q3_user_by_login,0.182,1,True,
benchmark,779,q3_user_by_login,0.1802,1,True,
benchmark,780,q3_user_by_login,0.17730000000000001,1,True,
benchmark,781,q3_user_by_login,0.1757,1,True,
benchmark,782,q3_user_by_login,0.17419999999999999,1,True,
benchmark,783,q3_user_by_login,0.17080000000000001,1,True,
benchmark,784,q3_user_by_login,0.17469999999999999,1,True,
benchmark,785,q3_user_by_login,0.18190000000000001,1,True,
benchmark,786,q3_user_by_login,0.18540000000000001,1,True,
benchmark,787,q3_user_by_login,0.1656,1,True,
benchmark,788,q3_user_by_login,0.16880000000000001,1,True,
benchmark,789,q3_user_by_login,0.16439999999999999,1,True,
benchmark,790,q3_user_by_login,0.18090000000000001,1,True,
benchmark,791,q3_user_by_login,0.17810000000000001,1,True,
benchmark,792,q3_user_by_login,0.1825,1,True,
benchmark,793,q3_user_by_login,0.18149999999999999,1,True,
benchmark,794,q3_user_by_login,0.17499999999999999,1,True,
benchmark,795,q3_user_by_login,0.19800000000000001,1,True,
benchmark,796,q3_user_by_login,0.17219999999999999,1,True,
benchmark,797,q3_user_by_login,0.20610000000000001,1,True,
benchmark,798,q3_user_by_login,0.20599999999999999,1,True,
benchmark,799,q3_user_by_login,0.2147,1,True,
benchmark,800,q3_user_by_login,0.1895,1,True,
benchmark,801,q3_user_by_login,0.67130000000000001,1,True,
benchmark,802,q3_user_by_login,0.24229999999999999,1,True,
benchmark,803,q3_user_by_login,0.2215,1,True,
benchmark,804,q3_user_by_login,0.1915,1,True,
benchmark,805,q3_user_by_login,0.19819999999999999,1,True,
benchmark,806,q3_user_by_login,0.1875,1,True,
benchmark,807,q3_user_by_login,0.20069999999999999,1,True,
benchmark,808,q3_user_by_login,0.1845,1,True,
benchmark,809,q3_user_by_login,0.19500000000000001,1,True,
benchmark,810,q3_user_by_login,0.1769,1,True,
benchmark,811,q3_user_by_login,0.18540000000000001,1,True,
benchmark,812,q3_user_by_login,0.18190000000000001,1,True,
benchmark,813,q3_user_by_login,0.1817,1,True,
benchmark,814,q3_user_by_login,0.18099999999999999,1,True,
benchmark,815,q3_user_by_login,0.17269999999999999,1,True,
benchmark,816,q3_user_by_login,0.16819999999999999,1,True,
benchmark,817,q3_user_by_login,0.18590000000000001,1,True,
benchmark,818,q3_user_by_login,0.182,1,True,
benchmark,819,q3_user_by_login,0.17799999999999999,1,True,
benchmark,820,q3_user_by_login,0.17949999999999999,1,True,
benchmark,821,q3_user_by_login,0.186,1,True,
benchmark,822,q3_user_by_login,0.18229999999999999,1,True,
benchmark,823,q3_user_by_login,0.1797,1,True,
benchmark,824,q3_user_by_login,0.18590000000000001,1,True,
benchmark,825,q3_user_by_login,0.17399999999999999,1,True,
benchmark,826,q3_user_by_login,0.1857,1,True,
benchmark,827,q3_user_by_login,0.17530000000000001,1,True,
benchmark,828,q3_user_by_login,0.18479999999999999,1,True,
benchmark,829,q3_user_by_login,0.17649999999999999,1,True,
benchmark,830,q3_user_by_login,0.18509999999999999,1,True,
benchmark,831,q3_user_by_login,0.18149999999999999,1,True,
benchmark,832,q3_user_by_login,0.1777,1,True,
benchmark,833,q3_user_by_login,0.18049999999999999,1,True,
benchmark,834,q3_user_by_login,0.17019999999999999,1,True,
benchmark,835,q3_user_by_login,0.16850000000000001,1,True,
benchmark,836,q3_user_by_login,0.17119999999999999,1,True,
benchmark,837,q3_user_by_login,0.17860000000000001,1,True,
benchmark,838,q3_user_by_login,0.1714,1,True,
benchmark,839,q3_user_by_login,0.18379999999999999,1,True,
benchmark,840,q3_user_by_login,0.1845,1,True,
benchmark,841,q3_user_by_login,0.1789,1,True,
benchmark,842,q3_user_by_login,0.1759,1,True,
benchmark,843,q3_user_by_login,0.18890000000000001,1,True,
benchmark,844,q3_user_by_login,0.18110000000000001,1,True,
benchmark,845,q3_user_by_login,0.17710000000000001,1,True,
benchmark,846,q3_user_by_login,0.1741,1,True,
benchmark,847,q3_user_by_login,0.16669999999999999,1,True,
benchmark,848,q3_user_by_login,0.20030000000000001,1,True,
benchmark,849,q3_user_by_login,0.1933,1,True,
benchmark,850,q3_user_by_login,0.23050000000000001,1,True,
benchmark,851,q3_user_by_login,0.29899999999999999,1,True,
benchmark,852,q3_user_by_login,0.2142,1,True,
benchmark,853,q3_user_by_login,0.21490000000000001,1,True,
benchmark,854,q3_user_by_login,0.22500000000000001,1,True,
benchmark,855,q3_user_by_login,0.18609999999999999,1,True,
benchmark,856,q3_user_by_login,0.18679999999999999,1,True,
benchmark,857,q3_user_by_login,0.1744,1,True,
benchmark,858,q3_user_by_login,0.17630000000000001,1,True,
benchmark,859,q3_user_by_login,0.17069999999999999,1,True,
benchmark,860,q3_user_by_login,0.17960000000000001,1,True,
benchmark,861,q3_user_by_login,0.17460000000000001,1,True,
benchmark,862,q3_user_by_login,0.18060000000000001,1,True,
benchmark,863,q3_user_by_login,0.1721,1,True,
benchmark,864,q3_user_by_login,0.17710000000000001,1,True,
benchmark,865,q3_user_by_login,0.17630000000000001,1,True,
benchmark,866,q3_user_by_login,0.19120000000000001,1,True,
benchmark,867,q3_user_by_login,0.17299999999999999,1,True,
benchmark,868,q3_user_by_login,0.1832,1,True,
benchmark,869,q3_user_by_login,0.17080000000000001,1,True,
benchmark,870,q3_user_by_login,0.1807,1,True,
benchmark,871,q3_user_by_login,0.189,1,True,
benchmark,872,q3_user_by_login,0.1736,1,True,
benchmark,873,q3_user_by_login,0.18340000000000001,1,True,
benchmark,874,q3_user_by_login,0.18129999999999999,1,True,
benchmark,875,q3_user_by_login,0.1772,1,True,
benchmark,876,q3_user_by_login,0.1784,1,True,
benchmark,877,q3_user_by_login,0.22750000000000001,1,True,
benchmark,878,q3_user_by_login,0.17319999999999999,1,True,
benchmark,879,q3_user_by_login,0.1905,1,True,
benchmark,880,q3_user_by_login,0.1772,1,True,
benchmark,881,q3_user_by_login,0.17949999999999999,1,True,
benchmark,882,q3_user_by_login,0.1671,1,True,
benchmark,883,q3_user_by_login,0.18060000000000001,1,True,
benchmark,884,q3_user_by_login,0.1802,1,True,
benchmark,885,q3_user_by_login,0.16750000000000001,1,True,
benchmark,886,q3_user_by_login,0.17380000000000001,1,True,
benchmark,887,q3_user_by_login,0.1699,1,True,
benchmark,888,q3_user_by_login,0.22650000000000001,1,True,
benchmark,889,q3_user_by_login,0.18340000000000001,1,True,
benchmark,890,q3_user_by_login,0.1777,1,True,
benchmark,891,q3_user_by_login,0.21229999999999999,1,True,
benchmark,892,q3_user_by_login,0.19889999999999999,1,True,
benchmark,893,q3_user_by_login,0.16800000000000001,1,True,
benchmark,894,q3_user_by_login,0.20810000000000001,1,True,
benchmark,895,q3_user_by_login,0.19400000000000001,1,True,
benchmark,896,q3_user_by_login,0.1767,1,True,
benchmark,897,q3_user_by_login,0.1678,1,True,
benchmark,898,q3_user_by_login,0.17810000000000001,1,True,
benchmark,899,q3_user_by_login,0.17080000000000001,1,True,
benchmark,900,q3_user_by_login,0.1736,1,True,
benchmark,901,q3_user_by_login,0.62849999999999995,1,True,
benchmark,902,q3_user_by_login,0.25409999999999999,1,True,
benchmark,903,q3_user_by_login,0.20780000000000001,1,True,
benchmark,904,q3_user_by_login,0.20430000000000001,1,True,
benchmark,905,q3_user_by_login,0.18859999999999999,1,True,
benchmark,906,q3_user_by_login,0.20219999999999999,1,True,
benchmark,907,q3_user_by_login,0.21279999999999999,1,True,
benchmark,908,q3_user_by_login,0.19539999999999999,1,True,
benchmark,909,q3_user_by_login,0.19819999999999999,1,True,
benchmark,910,q3_user_by_login,0.19109999999999999,1,True,
benchmark,911,q3_user_by_login,0.17780000000000001,1,True,
benchmark,912,q3_user_by_login,0.1799,1,True,
benchmark,913,q3_user_by_login,0.2132,1,True,
benchmark,914,q3_user_by_login,0.17510000000000001,1,True,
benchmark,915,q3_user_by_login,0.21870000000000001,1,True,
benchmark,916,q3_user_by_login,0.191,1,True,
benchmark,917,q3_user_by_login,0.22570000000000001,1,True,
benchmark,918,q3_user_by_login,0.1943,1,True,
benchmark,919,q3_user_by_login,0.23100000000000001,1,True,
benchmark,920,q3_user_by_login,0.2072,1,True,
benchmark,921,q3_user_by_login,0.18229999999999999,1,True,
benchmark,922,q3_user_by_login,0.18629999999999999,1,True,
benchmark,923,q3_user_by_login,0.1789,1,True,
benchmark,924,q3_user_by_login,0.18010000000000001,1,True,
benchmark,925,q3_user_by_login,0.18160000000000001,1,True,
benchmark,926,q3_user_by_login,0.17119999999999999,1,True,
benchmark,927,q3_user_by_login,0.18720000000000001,1,True,
benchmark,928,q3_user_by_login,0.17280000000000001,1,True,
benchmark,929,q3_user_by_login,0.1789,1,True,
benchmark,930,q3_user_by_login,0.17929999999999999,1,True,
benchmark,931,q3_user_by_login,0.1792,1,True,
benchmark,932,q3_user_by_login,0.16539999999999999,1,True,
benchmark,933,q3_user_by_login,0.187,1,True,
benchmark,934,q3_user_by_login,0.17510000000000001,1,True,
benchmark,935,q3_user_by_login,0.1807,1,True,
benchmark,936,q3_user_by_login,0.18790000000000001,1,True,
benchmark,937,q3_user_by_login,0.17710000000000001,1,True,
benchmark,938,q3_user_by_login,0.17810000000000001,1,True,
benchmark,939,q3_user_by_login,0.18160000000000001,1,True,
benchmark,940,q3_user_by_login,0.17960000000000001,1,True,
benchmark,941,q3_user_by_login,0.18079999999999999,1,True,
benchmark,942,q3_user_by_login,0.1837,1,True,
benchmark,943,q3_user_by_login,0.18090000000000001,1,True,
benchmark,944,q3_user_by_login,0.1772,1,True,
benchmark,945,q3_user_by_login,0.18329999999999999,1,True,
benchmark,946,q3_user_by_login,0.1749,1,True,
benchmark,947,q3_user_by_login,0.18820000000000001,1,True,
benchmark,948,q3_user_by_login,0.17649999999999999,1,True,
benchmark,949,q3_user_by_login,0.18240000000000001,1,True,
benchmark,950,q3_user_by_login,0.17319999999999999,1,True,
benchmark,951,q3_user_by_login,0.251,1,True,
benchmark,952,q3_user_by_login,0.19159999999999999,1,True,
benchmark,953,q3_user_by_login,0.1643,1,True,
benchmark,954,q3_user_by_login,0.16719999999999999,1,True,
benchmark,955,q3_user_by_login,0.16750000000000001,1,True,
benchmark,956,q3_user_by_login,0.17710000000000001,1,True,
benchmark,957,q3_user_by_login,0.18529999999999999,1,True,
benchmark,958,q3_user_by_login,0.18970000000000001,1,True,
benchmark,959,q3_user_by_login,0.17660000000000001,1,True,
benchmark,960,q3_user_by_login,0.19089999999999999,1,True,
benchmark,961,q3_user_by_login,0.19309999999999999,1,True,
benchmark,962,q3_user_by_login,0.19059999999999999,1,True,
benchmark,963,q3_user_by_login,0.1757,1,True,
benchmark,964,q3_user_by_login,0.17929999999999999,1,True,
benchmark,965,q3_user_by_login,0.1719,1,True,
benchmark,966,q3_user_by_login,0.2079,1,True,
benchmark,967,q3_user_by_login,0.17230000000000001,1,True,
benchmark,968,q3_user_by_login,0.17829999999999999,1,True,
benchmark,969,q3_user_by_login,0.18609999999999999,1,True,
benchmark,970,q3_user_by_login,0.1797,1,True,
benchmark,971,q3_user_by_login,0.17499999999999999,1,True,
benchmark,972,q3_user_by_login,0.1925,1,True,
benchmark,973,q3_user_by_login,0.20899999999999999,1,True,
benchmark,974,q3_user_by_login,0.18049999999999999,1,True,
benchmark,975,q3_user_by_login,0.17749999999999999,1,True,
benchmark,976,q3_user_by_login,0.1797,1,True,
benchmark,977,q3_user_by_login,0.17949999999999999,1,True,
benchmark,978,q3_user_by_login,0.18099999999999999,1,True,
benchmark,979,q3_user_by_login,0.1832,1,True,
benchmark,980,q3_user_by_login,0.1787,1,True,
benchmark,981,q3_user_by_login,0.18260000000000001,1,True,
benchmark,982,q3_user_by_login,0.17680000000000001,1,True,
benchmark,983,q3_user_by_login,0.1835,1,True,
benchmark,984,q3_user_by_login,0.19040000000000001,1,True,
benchmark,985,q3_user_by_login,0.17829999999999999,1,True,
benchmark,986,q3_user_by_login,0.1802,1,True,
benchmark,987,q3_user_by_login,0.17560000000000001,1,True,
benchmark,988,q3_user_by_login,0.19370000000000001,1,True,
benchmark,989,q3_user_by_login,0.17999999999999999,1,True,
benchmark,990,q3_user_by_login,0.182,1,True,
benchmark,991,q3_user_by_login,0.1721,1,True,
benchmark,992,q3_user_by_login,0.18590000000000001,1,True,
benchmark,993,q3_user_by_login,0.1799,1,True,
benchmark,994,q3_user_by_login,0.1666,1,True,
benchmark,995,q3_user_by_login,0.1812,1,True,
benchmark,996,q3_user_by_login,0.17860000000000001,1,True,
benchmark,997,q3_user_by_login,0.18029999999999999,1,True,
benchmark,998,q3_user_by_login,0.1784,1,True,
benchmark,999,q3_user_by_login,0.17130000000000001,1,True,
benchmark,1000,q3_user_by_login,0.1749,1,True,
